{
  "priority" : "NORMAL",
  "jobID" : "job_201407031547_1675",
  "user" : "itri-hadoop",
  "jobName" : "TeraSort",
  "mapTasks" : [ {
    "startTime" : 1405259424332,
    "attempts" : [ {
      "result" : "SUCCESS",
      "location" : {
        "layers" : [ "default-rack", "Slave12" ]
      },
      "hostName" : "/default-rack/Slave12",
      "startTime" : 1405259416458,
      "finishTime" : 1405259422207,
      "attemptID" : "attempt_201407031547_1675_m_000036_0",
      "shuffleFinished" : -1,
      "sortFinished" : -1,
      "hdfsBytesRead" : 168161886,
      "hdfsBytesWritten" : -1,
      "fileBytesRead" : 171578445,
      "fileBytesWritten" : 343110545,
      "mapInputRecords" : 1681617,
      "mapOutputBytes" : 168161700,
      "mapOutputRecords" : 1681617,
      "combineInputRecords" : 0,
      "reduceInputGroups" : -1,
      "reduceInputRecords" : -1,
      "reduceShuffleBytes" : -1,
      "reduceOutputRecords" : -1,
      "spilledRecords" : 3363234,
      "mapInputBytes" : 168161700,
      "resourceUsageMetrics" : {
        "cumulativeCpuUsage" : 5560,
        "virtualMemoryUsage" : 724148224,
        "physicalMemoryUsage" : 167124992,
        "heapUsage" : 177471488
      }
    } ],
    "finishTime" : 1405259430141,
    "preferredLocations" : [ {
      "layers" : [ "default-rack", "Master1" ]
    }, {
      "layers" : [ "default-rack", "Slave13" ]
    }, {
      "layers" : [ "default-rack", "Slave12" ]
    } ],
    "taskType" : "MAP",
    "taskStatus" : "SUCCESS",
    "taskID" : "task_201407031547_1675_m_000036",
    "inputBytes" : 168161886,
    "inputRecords" : 1681617,
    "outputBytes" : 343110545,
    "outputRecords" : 1681617
  }, {
    "startTime" : 1405259424332,
    "attempts" : [ {
      "result" : "SUCCESS",
      "location" : {
        "layers" : [ "default-rack", "Slave12" ]
      },
      "hostName" : "/default-rack/Slave12",
      "startTime" : 1405259416458,
      "finishTime" : 1405259430828,
      "attemptID" : "attempt_201407031547_1675_m_000000_0",
      "shuffleFinished" : -1,
      "sortFinished" : -1,
      "hdfsBytesRead" : 268439646,
      "hdfsBytesWritten" : -1,
      "fileBytesRead" : 273919397,
      "fileBytesWritten" : 547669222,
      "mapInputRecords" : 2684355,
      "mapOutputBytes" : 268435500,
      "mapOutputRecords" : 2684355,
      "combineInputRecords" : 0,
      "reduceInputGroups" : -1,
      "reduceInputRecords" : -1,
      "reduceShuffleBytes" : -1,
      "reduceOutputRecords" : -1,
      "spilledRecords" : 5368710,
      "mapInputBytes" : 268435500,
      "resourceUsageMetrics" : {
        "cumulativeCpuUsage" : 9120,
        "virtualMemoryUsage" : 725704704,
        "physicalMemoryUsage" : 179400704,
        "heapUsage" : 193462272
      }
    } ],
    "finishTime" : 1405259438803,
    "preferredLocations" : [ {
      "layers" : [ "default-rack", "192\\.168\\.1\\.101" ]
    }, {
      "layers" : [ "default-rack", "192\\.168\\.1\\.100" ]
    }, {
      "layers" : [ "default-rack", "192\\.168\\.1\\.103" ]
    } ],
    "taskType" : "MAP",
    "taskStatus" : "SUCCESS",
    "taskID" : "task_201407031547_1675_m_000000",
    "inputBytes" : 268439646,
    "inputRecords" : 2684355,
    "outputBytes" : 547669222,
    "outputRecords" : 2684355
  }, {
    "startTime" : 1405259424352,
    "attempts" : [ {
      "result" : "SUCCESS",
      "location" : {
        "layers" : [ "default-rack", "Slave13" ]
      },
      "hostName" : "/default-rack/Slave13",
      "startTime" : 1405259420776,
      "finishTime" : 1405259428306,
      "attemptID" : "attempt_201407031547_1675_m_000037_0",
      "shuffleFinished" : -1,
      "sortFinished" : -1,
      "hdfsBytesRead" : 168161886,
      "hdfsBytesWritten" : -1,
      "fileBytesRead" : 171587043,
      "fileBytesWritten" : 343110545,
      "mapInputRecords" : 1681617,
      "mapOutputBytes" : 168161700,
      "mapOutputRecords" : 1681617,
      "combineInputRecords" : 0,
      "reduceInputGroups" : -1,
      "reduceInputRecords" : -1,
      "reduceShuffleBytes" : -1,
      "reduceOutputRecords" : -1,
      "spilledRecords" : 3363234,
      "mapInputBytes" : 168161700,
      "resourceUsageMetrics" : {
        "cumulativeCpuUsage" : 6230,
        "virtualMemoryUsage" : 723636224,
        "physicalMemoryUsage" : 174415872,
        "heapUsage" : 177471488
      }
    } ],
    "finishTime" : 1405259432047,
    "preferredLocations" : [ {
      "layers" : [ "default-rack", "Master1" ]
    }, {
      "layers" : [ "default-rack", "Slave11" ]
    }, {
      "layers" : [ "default-rack", "Slave13" ]
    } ],
    "taskType" : "MAP",
    "taskStatus" : "SUCCESS",
    "taskID" : "task_201407031547_1675_m_000037",
    "inputBytes" : 168161886,
    "inputRecords" : 1681617,
    "outputBytes" : 343110545,
    "outputRecords" : 1681617
  }, {
    "startTime" : 1405259424352,
    "attempts" : [ {
      "result" : "SUCCESS",
      "location" : {
        "layers" : [ "default-rack", "Slave13" ]
      },
      "hostName" : "/default-rack/Slave13",
      "startTime" : 1405259420776,
      "finishTime" : 1405259440573,
      "attemptID" : "attempt_201407031547_1675_m_000001_0",
      "shuffleFinished" : -1,
      "sortFinished" : -1,
      "hdfsBytesRead" : 268439646,
      "hdfsBytesWritten" : -1,
      "fileBytesRead" : 273910035,
      "fileBytesWritten" : 547669222,
      "mapInputRecords" : 2684355,
      "mapOutputBytes" : 268435500,
      "mapOutputRecords" : 2684355,
      "combineInputRecords" : 0,
      "reduceInputGroups" : -1,
      "reduceInputRecords" : -1,
      "reduceShuffleBytes" : -1,
      "reduceOutputRecords" : -1,
      "spilledRecords" : 5368710,
      "mapInputBytes" : 268435500,
      "resourceUsageMetrics" : {
        "cumulativeCpuUsage" : 9170,
        "virtualMemoryUsage" : 725737472,
        "physicalMemoryUsage" : 196739072,
        "heapUsage" : 202375168
      }
    } ],
    "finishTime" : 1405259444236,
    "preferredLocations" : [ {
      "layers" : [ "default-rack", "192\\.168\\.1\\.100" ]
    }, {
      "layers" : [ "default-rack", "192\\.168\\.1\\.102" ]
    }, {
      "layers" : [ "default-rack", "192\\.168\\.1\\.103" ]
    } ],
    "taskType" : "MAP",
    "taskStatus" : "SUCCESS",
    "taskID" : "task_201407031547_1675_m_000001",
    "inputBytes" : 268439646,
    "inputRecords" : 2684355,
    "outputBytes" : 547669222,
    "outputRecords" : 2684355
  }, {
    "startTime" : 1405259424377,
    "attempts" : [ {
      "result" : "SUCCESS",
      "location" : {
        "layers" : [ "default-rack", "Slave11" ]
      },
      "hostName" : "/default-rack/Slave11",
      "startTime" : 1405259432309,
      "finishTime" : 1405259472730,
      "attemptID" : "attempt_201407031547_1675_m_000002_0",
      "shuffleFinished" : -1,
      "sortFinished" : -1,
      "hdfsBytesRead" : 268439646,
      "hdfsBytesWritten" : -1,
      "fileBytesRead" : 273908225,
      "fileBytesWritten" : 547669017,
      "mapInputRecords" : 2684354,
      "mapOutputBytes" : 268435400,
      "mapOutputRecords" : 2684354,
      "combineInputRecords" : 0,
      "reduceInputGroups" : -1,
      "reduceInputRecords" : -1,
      "reduceShuffleBytes" : -1,
      "reduceOutputRecords" : -1,
      "spilledRecords" : 5368708,
      "mapInputBytes" : 268435400,
      "resourceUsageMetrics" : {
        "cumulativeCpuUsage" : 9720,
        "virtualMemoryUsage" : 723853312,
        "physicalMemoryUsage" : 195051520,
        "heapUsage" : 220987392
      }
    } ],
    "finishTime" : 1405259465247,
    "preferredLocations" : [ {
      "layers" : [ "default-rack", "192\\.168\\.1\\.100" ]
    }, {
      "layers" : [ "default-rack", "192\\.168\\.1\\.103" ]
    }, {
      "layers" : [ "default-rack", "192\\.168\\.1\\.102" ]
    } ],
    "taskType" : "MAP",
    "taskStatus" : "SUCCESS",
    "taskID" : "task_201407031547_1675_m_000002",
    "inputBytes" : 268439646,
    "inputRecords" : 2684354,
    "outputBytes" : 547669017,
    "outputRecords" : 2684354
  }, {
    "startTime" : 1405259424378,
    "attempts" : [ {
      "result" : "SUCCESS",
      "location" : {
        "layers" : [ "default-rack", "Slave11" ]
      },
      "hostName" : "/default-rack/Slave11",
      "startTime" : 1405259432309,
      "finishTime" : 1405259448488,
      "attemptID" : "attempt_201407031547_1675_m_000003_0",
      "shuffleFinished" : -1,
      "sortFinished" : -1,
      "hdfsBytesRead" : 268439646,
      "hdfsBytesWritten" : -1,
      "fileBytesRead" : 273906579,
      "fileBytesWritten" : 547669221,
      "mapInputRecords" : 2684355,
      "mapOutputBytes" : 268435500,
      "mapOutputRecords" : 2684355,
      "combineInputRecords" : 0,
      "reduceInputGroups" : -1,
      "reduceInputRecords" : -1,
      "reduceShuffleBytes" : -1,
      "reduceOutputRecords" : -1,
      "spilledRecords" : 5368710,
      "mapInputBytes" : 268435500,
      "resourceUsageMetrics" : {
        "cumulativeCpuUsage" : 9100,
        "virtualMemoryUsage" : 723304448,
        "physicalMemoryUsage" : 193482752,
        "heapUsage" : 204210176
      }
    } ],
    "finishTime" : 1405259440652,
    "preferredLocations" : [ {
      "layers" : [ "default-rack", "192\\.168\\.1\\.102" ]
    }, {
      "layers" : [ "default-rack", "192\\.168\\.1\\.100" ]
    }, {
      "layers" : [ "default-rack", "192\\.168\\.1\\.101" ]
    } ],
    "taskType" : "MAP",
    "taskStatus" : "SUCCESS",
    "taskID" : "task_201407031547_1675_m_000003",
    "inputBytes" : 268439646,
    "inputRecords" : 2684355,
    "outputBytes" : 547669221,
    "outputRecords" : 2684355
  }, {
    "startTime" : 1405259424552,
    "attempts" : [ {
      "result" : "SUCCESS",
      "location" : {
        "layers" : [ "default-rack", "Master1" ]
      },
      "hostName" : "/default-rack/Master1",
      "startTime" : 1405259424669,
      "finishTime" : 1405259441954,
      "attemptID" : "attempt_201407031547_1675_m_000004_0",
      "shuffleFinished" : -1,
      "sortFinished" : -1,
      "hdfsBytesRead" : 268439646,
      "hdfsBytesWritten" : -1,
      "fileBytesRead" : 273898377,
      "fileBytesWritten" : 547669018,
      "mapInputRecords" : 2684354,
      "mapOutputBytes" : 268435400,
      "mapOutputRecords" : 2684354,
      "combineInputRecords" : 0,
      "reduceInputGroups" : -1,
      "reduceInputRecords" : -1,
      "reduceShuffleBytes" : -1,
      "reduceOutputRecords" : -1,
      "spilledRecords" : 5368708,
      "mapInputBytes" : 268435400,
      "resourceUsageMetrics" : {
        "cumulativeCpuUsage" : 9360,
        "virtualMemoryUsage" : 723791872,
        "physicalMemoryUsage" : 194019328,
        "heapUsage" : 203685888
      }
    } ],
    "finishTime" : 1405259442229,
    "preferredLocations" : [ {
      "layers" : [ "default-rack", "192\\.168\\.1\\.100" ]
    }, {
      "layers" : [ "default-rack", "192\\.168\\.1\\.102" ]
    }, {
      "layers" : [ "default-rack", "192\\.168\\.1\\.103" ]
    } ],
    "taskType" : "MAP",
    "taskStatus" : "SUCCESS",
    "taskID" : "task_201407031547_1675_m_000004",
    "inputBytes" : 268439646,
    "inputRecords" : 2684354,
    "outputBytes" : 547669018,
    "outputRecords" : 2684354
  }, {
    "startTime" : 1405259424553,
    "attempts" : [ {
      "result" : "SUCCESS",
      "location" : {
        "layers" : [ "default-rack", "Master1" ]
      },
      "hostName" : "/default-rack/Master1",
      "startTime" : 1405259424669,
      "finishTime" : 1405259443649,
      "attemptID" : "attempt_201407031547_1675_m_000005_0",
      "shuffleFinished" : -1,
      "sortFinished" : -1,
      "hdfsBytesRead" : 268439646,
      "hdfsBytesWritten" : -1,
      "fileBytesRead" : 273910619,
      "fileBytesWritten" : 547669222,
      "mapInputRecords" : 2684355,
      "mapOutputBytes" : 268435500,
      "mapOutputRecords" : 2684355,
      "combineInputRecords" : 0,
      "reduceInputGroups" : -1,
      "reduceInputRecords" : -1,
      "reduceShuffleBytes" : -1,
      "reduceOutputRecords" : -1,
      "spilledRecords" : 5368710,
      "mapInputBytes" : 268435500,
      "resourceUsageMetrics" : {
        "cumulativeCpuUsage" : 9350,
        "virtualMemoryUsage" : 723808256,
        "physicalMemoryUsage" : 193888256,
        "heapUsage" : 203948032
      }
    } ],
    "finishTime" : 1405259443763,
    "preferredLocations" : [ {
      "layers" : [ "default-rack", "192\\.168\\.1\\.100" ]
    }, {
      "layers" : [ "default-rack", "192\\.168\\.1\\.103" ]
    }, {
      "layers" : [ "default-rack", "192\\.168\\.1\\.102" ]
    } ],
    "taskType" : "MAP",
    "taskStatus" : "SUCCESS",
    "taskID" : "task_201407031547_1675_m_000005",
    "inputBytes" : 268439646,
    "inputRecords" : 2684355,
    "outputBytes" : 547669222,
    "outputRecords" : 2684355
  }, {
    "startTime" : 1405259430141,
    "attempts" : [ {
      "result" : "SUCCESS",
      "location" : {
        "layers" : [ "default-rack", "Slave12" ]
      },
      "hostName" : "/default-rack/Slave12",
      "startTime" : 1405259422266,
      "finishTime" : 1405259437816,
      "attemptID" : "attempt_201407031547_1675_m_000006_0",
      "shuffleFinished" : -1,
      "sortFinished" : -1,
      "hdfsBytesRead" : 268439646,
      "hdfsBytesWritten" : -1,
      "fileBytesRead" : 273911641,
      "fileBytesWritten" : 547669018,
      "mapInputRecords" : 2684354,
      "mapOutputBytes" : 268435400,
      "mapOutputRecords" : 2684354,
      "combineInputRecords" : 0,
      "reduceInputGroups" : -1,
      "reduceInputRecords" : -1,
      "reduceShuffleBytes" : -1,
      "reduceOutputRecords" : -1,
      "spilledRecords" : 5368708,
      "mapInputBytes" : 268435400,
      "resourceUsageMetrics" : {
        "cumulativeCpuUsage" : 7090,
        "virtualMemoryUsage" : 724811776,
        "physicalMemoryUsage" : 283369472,
        "heapUsage" : 272367616
      }
    } ],
    "finishTime" : 1405259445840,
    "preferredLocations" : [ {
      "layers" : [ "default-rack", "192\\.168\\.1\\.100" ]
    }, {
      "layers" : [ "default-rack", "192\\.168\\.1\\.101" ]
    }, {
      "layers" : [ "default-rack", "192\\.168\\.1\\.102" ]
    } ],
    "taskType" : "MAP",
    "taskStatus" : "SUCCESS",
    "taskID" : "task_201407031547_1675_m_000006",
    "inputBytes" : 268439646,
    "inputRecords" : 2684354,
    "outputBytes" : 547669018,
    "outputRecords" : 2684354
  }, {
    "startTime" : 1405259432047,
    "attempts" : [ {
      "result" : "SUCCESS",
      "location" : {
        "layers" : [ "default-rack", "Slave13" ]
      },
      "hostName" : "/default-rack/Slave13",
      "startTime" : 1405259428387,
      "finishTime" : 1405259451882,
      "attemptID" : "attempt_201407031547_1675_m_000007_0",
      "shuffleFinished" : -1,
      "sortFinished" : -1,
      "hdfsBytesRead" : 268439646,
      "hdfsBytesWritten" : -1,
      "fileBytesRead" : 273908271,
      "fileBytesWritten" : 547669222,
      "mapInputRecords" : 2684355,
      "mapOutputBytes" : 268435500,
      "mapOutputRecords" : 2684355,
      "combineInputRecords" : 0,
      "reduceInputGroups" : -1,
      "reduceInputRecords" : -1,
      "reduceShuffleBytes" : -1,
      "reduceOutputRecords" : -1,
      "spilledRecords" : 5368710,
      "mapInputBytes" : 268435500,
      "resourceUsageMetrics" : {
        "cumulativeCpuUsage" : 7660,
        "virtualMemoryUsage" : 724299776,
        "physicalMemoryUsage" : 256913408,
        "heapUsage" : 203685888
      }
    } ],
    "finishTime" : 1405259455758,
    "preferredLocations" : [ {
      "layers" : [ "default-rack", "192\\.168\\.1\\.100" ]
    }, {
      "layers" : [ "default-rack", "192\\.168\\.1\\.102" ]
    }, {
      "layers" : [ "default-rack", "192\\.168\\.1\\.101" ]
    } ],
    "taskType" : "MAP",
    "taskStatus" : "SUCCESS",
    "taskID" : "task_201407031547_1675_m_000007",
    "inputBytes" : 268439646,
    "inputRecords" : 2684355,
    "outputBytes" : 547669222,
    "outputRecords" : 2684355
  }, {
    "startTime" : 1405259438804,
    "attempts" : [ {
      "result" : "SUCCESS",
      "location" : {
        "layers" : [ "default-rack", "Slave12" ]
      },
      "hostName" : "/default-rack/Slave12",
      "startTime" : 1405259430951,
      "finishTime" : 1405259460354,
      "attemptID" : "attempt_201407031547_1675_m_000008_0",
      "shuffleFinished" : -1,
      "sortFinished" : -1,
      "hdfsBytesRead" : 268439646,
      "hdfsBytesWritten" : -1,
      "fileBytesRead" : 273915149,
      "fileBytesWritten" : 547669222,
      "mapInputRecords" : 2684355,
      "mapOutputBytes" : 268435500,
      "mapOutputRecords" : 2684355,
      "combineInputRecords" : 0,
      "reduceInputGroups" : -1,
      "reduceInputRecords" : -1,
      "reduceShuffleBytes" : -1,
      "reduceOutputRecords" : -1,
      "spilledRecords" : 5368710,
      "mapInputBytes" : 268435500,
      "resourceUsageMetrics" : {
        "cumulativeCpuUsage" : 7550,
        "virtualMemoryUsage" : 726700032,
        "physicalMemoryUsage" : 296812544,
        "heapUsage" : 305397760
      }
    } ],
    "finishTime" : 1405259468467,
    "preferredLocations" : [ {
      "layers" : [ "default-rack", "192\\.168\\.1\\.100" ]
    }, {
      "layers" : [ "default-rack", "192\\.168\\.1\\.103" ]
    }, {
      "layers" : [ "default-rack", "192\\.168\\.1\\.101" ]
    } ],
    "taskType" : "MAP",
    "taskStatus" : "SUCCESS",
    "taskID" : "task_201407031547_1675_m_000008",
    "inputBytes" : 268439646,
    "inputRecords" : 2684355,
    "outputBytes" : 547669222,
    "outputRecords" : 2684355
  }, {
    "startTime" : 1405259440653,
    "attempts" : [ {
      "result" : "SUCCESS",
      "location" : {
        "layers" : [ "default-rack", "Slave11" ]
      },
      "hostName" : "/default-rack/Slave11",
      "startTime" : 1405259448492,
      "finishTime" : 1405259477450,
      "attemptID" : "attempt_201407031547_1675_m_000009_0",
      "shuffleFinished" : -1,
      "sortFinished" : -1,
      "hdfsBytesRead" : 268439646,
      "hdfsBytesWritten" : -1,
      "fileBytesRead" : 273905011,
      "fileBytesWritten" : 547669017,
      "mapInputRecords" : 2684354,
      "mapOutputBytes" : 268435400,
      "mapOutputRecords" : 2684354,
      "combineInputRecords" : 0,
      "reduceInputGroups" : -1,
      "reduceInputRecords" : -1,
      "reduceShuffleBytes" : -1,
      "reduceOutputRecords" : -1,
      "spilledRecords" : 5368708,
      "mapInputBytes" : 268435400,
      "resourceUsageMetrics" : {
        "cumulativeCpuUsage" : 7460,
        "virtualMemoryUsage" : 724299776,
        "physicalMemoryUsage" : 297672704,
        "heapUsage" : 299892736
      }
    } ],
    "finishTime" : 1405259469615,
    "preferredLocations" : [ {
      "layers" : [ "default-rack", "192\\.168\\.1\\.103" ]
    }, {
      "layers" : [ "default-rack", "192\\.168\\.1\\.100" ]
    }, {
      "layers" : [ "default-rack", "192\\.168\\.1\\.101" ]
    } ],
    "taskType" : "MAP",
    "taskStatus" : "SUCCESS",
    "taskID" : "task_201407031547_1675_m_000009",
    "inputBytes" : 268439646,
    "inputRecords" : 2684354,
    "outputBytes" : 547669017,
    "outputRecords" : 2684354
  }, {
    "startTime" : 1405259442229,
    "attempts" : [ {
      "result" : "SUCCESS",
      "location" : {
        "layers" : [ "default-rack", "Master1" ]
      },
      "hostName" : "/default-rack/Master1",
      "startTime" : 1405259442230,
      "finishTime" : 1405259470299,
      "attemptID" : "attempt_201407031547_1675_m_000010_0",
      "shuffleFinished" : -1,
      "sortFinished" : -1,
      "hdfsBytesRead" : 268439646,
      "hdfsBytesWritten" : -1,
      "fileBytesRead" : 273896283,
      "fileBytesWritten" : 547669223,
      "mapInputRecords" : 2684355,
      "mapOutputBytes" : 268435500,
      "mapOutputRecords" : 2684355,
      "combineInputRecords" : 0,
      "reduceInputGroups" : -1,
      "reduceInputRecords" : -1,
      "reduceShuffleBytes" : -1,
      "reduceOutputRecords" : -1,
      "spilledRecords" : 5368710,
      "mapInputBytes" : 268435500,
      "resourceUsageMetrics" : {
        "cumulativeCpuUsage" : 6970,
        "virtualMemoryUsage" : 724787200,
        "physicalMemoryUsage" : 314601472,
        "heapUsage" : 332398592
      }
    } ],
    "finishTime" : 1405259470682,
    "preferredLocations" : [ {
      "layers" : [ "default-rack", "192\\.168\\.1\\.100" ]
    }, {
      "layers" : [ "default-rack", "192\\.168\\.1\\.103" ]
    }, {
      "layers" : [ "default-rack", "192\\.168\\.1\\.101" ]
    } ],
    "taskType" : "MAP",
    "taskStatus" : "SUCCESS",
    "taskID" : "task_201407031547_1675_m_000010",
    "inputBytes" : 268439646,
    "inputRecords" : 2684355,
    "outputBytes" : 547669223,
    "outputRecords" : 2684355
  }, {
    "startTime" : 1405259443763,
    "attempts" : [ {
      "result" : "SUCCESS",
      "location" : {
        "layers" : [ "default-rack", "Master1" ]
      },
      "hostName" : "/default-rack/Master1",
      "startTime" : 1405259443764,
      "finishTime" : 1405259468031,
      "attemptID" : "attempt_201407031547_1675_m_000011_0",
      "shuffleFinished" : -1,
      "sortFinished" : -1,
      "hdfsBytesRead" : 268439646,
      "hdfsBytesWritten" : -1,
      "fileBytesRead" : 273899057,
      "fileBytesWritten" : 547669019,
      "mapInputRecords" : 2684354,
      "mapOutputBytes" : 268435400,
      "mapOutputRecords" : 2684354,
      "combineInputRecords" : 0,
      "reduceInputGroups" : -1,
      "reduceInputRecords" : -1,
      "reduceShuffleBytes" : -1,
      "reduceOutputRecords" : -1,
      "spilledRecords" : 5368708,
      "mapInputBytes" : 268435400,
      "resourceUsageMetrics" : {
        "cumulativeCpuUsage" : 7210,
        "virtualMemoryUsage" : 724803584,
        "physicalMemoryUsage" : 304066560,
        "heapUsage" : 316145664
      }
    } ],
    "finishTime" : 1405259468547,
    "preferredLocations" : [ {
      "layers" : [ "default-rack", "192\\.168\\.1\\.100" ]
    }, {
      "layers" : [ "default-rack", "192\\.168\\.1\\.102" ]
    }, {
      "layers" : [ "default-rack", "192\\.168\\.1\\.101" ]
    } ],
    "taskType" : "MAP",
    "taskStatus" : "SUCCESS",
    "taskID" : "task_201407031547_1675_m_000011",
    "inputBytes" : 268439646,
    "inputRecords" : 2684354,
    "outputBytes" : 547669019,
    "outputRecords" : 2684354
  }, {
    "startTime" : 1405259444236,
    "attempts" : [ {
      "result" : "SUCCESS",
      "location" : {
        "layers" : [ "default-rack", "Slave13" ]
      },
      "hostName" : "/default-rack/Slave13",
      "startTime" : 1405259440577,
      "finishTime" : 1405259465879,
      "attemptID" : "attempt_201407031547_1675_m_000012_0",
      "shuffleFinished" : -1,
      "sortFinished" : -1,
      "hdfsBytesRead" : 268439646,
      "hdfsBytesWritten" : -1,
      "fileBytesRead" : 273916779,
      "fileBytesWritten" : 547669223,
      "mapInputRecords" : 2684355,
      "mapOutputBytes" : 268435500,
      "mapOutputRecords" : 2684355,
      "combineInputRecords" : 0,
      "reduceInputGroups" : -1,
      "reduceInputRecords" : -1,
      "reduceShuffleBytes" : -1,
      "reduceOutputRecords" : -1,
      "spilledRecords" : 5368710,
      "mapInputBytes" : 268435500,
      "resourceUsageMetrics" : {
        "cumulativeCpuUsage" : 7030,
        "virtualMemoryUsage" : 726732800,
        "physicalMemoryUsage" : 299687936,
        "heapUsage" : 297271296
      }
    } ],
    "finishTime" : 1405259470282,
    "preferredLocations" : [ {
      "layers" : [ "default-rack", "192\\.168\\.1\\.103" ]
    }, {
      "layers" : [ "default-rack", "192\\.168\\.1\\.100" ]
    }, {
      "layers" : [ "default-rack", "192\\.168\\.1\\.101" ]
    } ],
    "taskType" : "MAP",
    "taskStatus" : "SUCCESS",
    "taskID" : "task_201407031547_1675_m_000012",
    "inputBytes" : 268439646,
    "inputRecords" : 2684355,
    "outputBytes" : 547669223,
    "outputRecords" : 2684355
  }, {
    "startTime" : 1405259445840,
    "attempts" : [ {
      "result" : "SUCCESS",
      "location" : {
        "layers" : [ "default-rack", "Slave12" ]
      },
      "hostName" : "/default-rack/Slave12",
      "startTime" : 1405259437966,
      "finishTime" : 1405259457632,
      "attemptID" : "attempt_201407031547_1675_m_000013_0",
      "shuffleFinished" : -1,
      "sortFinished" : -1,
      "hdfsBytesRead" : 268439646,
      "hdfsBytesWritten" : -1,
      "fileBytesRead" : 273900943,
      "fileBytesWritten" : 547669019,
      "mapInputRecords" : 2684354,
      "mapOutputBytes" : 268435400,
      "mapOutputRecords" : 2684354,
      "combineInputRecords" : 0,
      "reduceInputGroups" : -1,
      "reduceInputRecords" : -1,
      "reduceShuffleBytes" : -1,
      "reduceOutputRecords" : -1,
      "spilledRecords" : 5368708,
      "mapInputBytes" : 268435400,
      "resourceUsageMetrics" : {
        "cumulativeCpuUsage" : 7670,
        "virtualMemoryUsage" : 724811776,
        "physicalMemoryUsage" : 266182656,
        "heapUsage" : 204472320
      }
    } ],
    "finishTime" : 1405259465560,
    "preferredLocations" : [ {
      "layers" : [ "default-rack", "192\\.168\\.1\\.100" ]
    }, {
      "layers" : [ "default-rack", "192\\.168\\.1\\.101" ]
    }, {
      "layers" : [ "default-rack", "192\\.168\\.1\\.102" ]
    } ],
    "taskType" : "MAP",
    "taskStatus" : "SUCCESS",
    "taskID" : "task_201407031547_1675_m_000013",
    "inputBytes" : 268439646,
    "inputRecords" : 2684354,
    "outputBytes" : 547669019,
    "outputRecords" : 2684354
  }, {
    "startTime" : 1405259455758,
    "attempts" : [ {
      "result" : "SUCCESS",
      "location" : {
        "layers" : [ "default-rack", "Slave13" ]
      },
      "hostName" : "/default-rack/Slave13",
      "startTime" : 1405259452544,
      "finishTime" : 1405259478462,
      "attemptID" : "attempt_201407031547_1675_m_000014_0",
      "shuffleFinished" : -1,
      "sortFinished" : -1,
      "hdfsBytesRead" : 268439646,
      "hdfsBytesWritten" : -1,
      "fileBytesRead" : 273889809,
      "fileBytesWritten" : 547669223,
      "mapInputRecords" : 2684355,
      "mapOutputBytes" : 268435500,
      "mapOutputRecords" : 2684355,
      "combineInputRecords" : 0,
      "reduceInputGroups" : -1,
      "reduceInputRecords" : -1,
      "reduceShuffleBytes" : -1,
      "reduceOutputRecords" : -1,
      "spilledRecords" : 5368710,
      "mapInputBytes" : 268435500,
      "resourceUsageMetrics" : {
        "cumulativeCpuUsage" : 7540,
        "virtualMemoryUsage" : 724299776,
        "physicalMemoryUsage" : 304001024,
        "heapUsage" : 293601280
      }
    } ],
    "finishTime" : 1405259482140,
    "preferredLocations" : [ {
      "layers" : [ "default-rack", "192\\.168\\.1\\.100" ]
    }, {
      "layers" : [ "default-rack", "192\\.168\\.1\\.101" ]
    }, {
      "layers" : [ "default-rack", "192\\.168\\.1\\.103" ]
    } ],
    "taskType" : "MAP",
    "taskStatus" : "SUCCESS",
    "taskID" : "task_201407031547_1675_m_000014",
    "inputBytes" : 268439646,
    "inputRecords" : 2684355,
    "outputBytes" : 547669223,
    "outputRecords" : 2684355
  }, {
    "startTime" : 1405259465247,
    "attempts" : [ {
      "result" : "SUCCESS",
      "location" : {
        "layers" : [ "default-rack", "Slave11" ]
      },
      "hostName" : "/default-rack/Slave11",
      "startTime" : 1405259473087,
      "finishTime" : 1405259502288,
      "attemptID" : "attempt_201407031547_1675_m_000015_0",
      "shuffleFinished" : -1,
      "sortFinished" : -1,
      "hdfsBytesRead" : 268439646,
      "hdfsBytesWritten" : -1,
      "fileBytesRead" : 273892203,
      "fileBytesWritten" : 547669018,
      "mapInputRecords" : 2684354,
      "mapOutputBytes" : 268435400,
      "mapOutputRecords" : 2684354,
      "combineInputRecords" : 0,
      "reduceInputGroups" : -1,
      "reduceInputRecords" : -1,
      "reduceShuffleBytes" : -1,
      "reduceOutputRecords" : -1,
      "spilledRecords" : 5368708,
      "mapInputBytes" : 268435400,
      "resourceUsageMetrics" : {
        "cumulativeCpuUsage" : 7150,
        "virtualMemoryUsage" : 724848640,
        "physicalMemoryUsage" : 318517248,
        "heapUsage" : 331350016
      }
    } ],
    "finishTime" : 1405259494505,
    "preferredLocations" : [ {
      "layers" : [ "default-rack", "192\\.168\\.1\\.100" ]
    }, {
      "layers" : [ "default-rack", "192\\.168\\.1\\.103" ]
    }, {
      "layers" : [ "default-rack", "192\\.168\\.1\\.101" ]
    } ],
    "taskType" : "MAP",
    "taskStatus" : "SUCCESS",
    "taskID" : "task_201407031547_1675_m_000015",
    "inputBytes" : 268439646,
    "inputRecords" : 2684354,
    "outputBytes" : 547669018,
    "outputRecords" : 2684354
  }, {
    "startTime" : 1405259465560,
    "attempts" : [ {
      "result" : "SUCCESS",
      "location" : {
        "layers" : [ "default-rack", "Slave12" ]
      },
      "hostName" : "/default-rack/Slave12",
      "startTime" : 1405259457684,
      "finishTime" : 1405259476305,
      "attemptID" : "attempt_201407031547_1675_m_000016_0",
      "shuffleFinished" : -1,
      "sortFinished" : -1,
      "hdfsBytesRead" : 268439646,
      "hdfsBytesWritten" : -1,
      "fileBytesRead" : 273889845,
      "fileBytesWritten" : 547669223,
      "mapInputRecords" : 2684355,
      "mapOutputBytes" : 268435500,
      "mapOutputRecords" : 2684355,
      "combineInputRecords" : 0,
      "reduceInputGroups" : -1,
      "reduceInputRecords" : -1,
      "reduceShuffleBytes" : -1,
      "reduceOutputRecords" : -1,
      "spilledRecords" : 5368710,
      "mapInputBytes" : 268435500,
      "resourceUsageMetrics" : {
        "cumulativeCpuUsage" : 7030,
        "virtualMemoryUsage" : 724811776,
        "physicalMemoryUsage" : 308006912,
        "heapUsage" : 301203456
      }
    } ],
    "finishTime" : 1405259484305,
    "preferredLocations" : [ {
      "layers" : [ "default-rack", "192\\.168\\.1\\.100" ]
    }, {
      "layers" : [ "default-rack", "192\\.168\\.1\\.103" ]
    }, {
      "layers" : [ "default-rack", "192\\.168\\.1\\.101" ]
    } ],
    "taskType" : "MAP",
    "taskStatus" : "SUCCESS",
    "taskID" : "task_201407031547_1675_m_000016",
    "inputBytes" : 268439646,
    "inputRecords" : 2684355,
    "outputBytes" : 547669223,
    "outputRecords" : 2684355
  }, {
    "startTime" : 1405259468467,
    "attempts" : [ {
      "result" : "SUCCESS",
      "location" : {
        "layers" : [ "default-rack", "Slave12" ]
      },
      "hostName" : "/default-rack/Slave12",
      "startTime" : 1405259460591,
      "finishTime" : 1405259486760,
      "attemptID" : "attempt_201407031547_1675_m_000017_0",
      "shuffleFinished" : -1,
      "sortFinished" : -1,
      "hdfsBytesRead" : 268439646,
      "hdfsBytesWritten" : -1,
      "fileBytesRead" : 273898183,
      "fileBytesWritten" : 547669223,
      "mapInputRecords" : 2684355,
      "mapOutputBytes" : 268435500,
      "mapOutputRecords" : 2684355,
      "combineInputRecords" : 0,
      "reduceInputGroups" : -1,
      "reduceInputRecords" : -1,
      "reduceShuffleBytes" : -1,
      "reduceOutputRecords" : -1,
      "spilledRecords" : 5368710,
      "mapInputBytes" : 268435500,
      "resourceUsageMetrics" : {
        "cumulativeCpuUsage" : 7130,
        "virtualMemoryUsage" : 726700032,
        "physicalMemoryUsage" : 400773120,
        "heapUsage" : 392953856
      }
    } ],
    "finishTime" : 1405259494713,
    "preferredLocations" : [ {
      "layers" : [ "default-rack", "192\\.168\\.1\\.100" ]
    }, {
      "layers" : [ "default-rack", "192\\.168\\.1\\.101" ]
    }, {
      "layers" : [ "default-rack", "192\\.168\\.1\\.102" ]
    } ],
    "taskType" : "MAP",
    "taskStatus" : "SUCCESS",
    "taskID" : "task_201407031547_1675_m_000017",
    "inputBytes" : 268439646,
    "inputRecords" : 2684355,
    "outputBytes" : 547669223,
    "outputRecords" : 2684355
  }, {
    "startTime" : 1405259468547,
    "attempts" : [ {
      "result" : "SUCCESS",
      "location" : {
        "layers" : [ "default-rack", "Master1" ]
      },
      "hostName" : "/default-rack/Master1",
      "startTime" : 1405259469163,
      "finishTime" : 1405259505838,
      "attemptID" : "attempt_201407031547_1675_m_000018_0",
      "shuffleFinished" : -1,
      "sortFinished" : -1,
      "hdfsBytesRead" : 268439646,
      "hdfsBytesWritten" : -1,
      "fileBytesRead" : 273909011,
      "fileBytesWritten" : 547669223,
      "mapInputRecords" : 2684355,
      "mapOutputBytes" : 268435500,
      "mapOutputRecords" : 2684355,
      "combineInputRecords" : 0,
      "reduceInputGroups" : -1,
      "reduceInputRecords" : -1,
      "reduceShuffleBytes" : -1,
      "reduceOutputRecords" : -1,
      "spilledRecords" : 5368710,
      "mapInputBytes" : 268435500,
      "resourceUsageMetrics" : {
        "cumulativeCpuUsage" : 7080,
        "virtualMemoryUsage" : 724803584,
        "physicalMemoryUsage" : 425619456,
        "heapUsage" : 436731904
      }
    } ],
    "finishTime" : 1405259506131,
    "preferredLocations" : [ {
      "layers" : [ "default-rack", "192\\.168\\.1\\.103" ]
    }, {
      "layers" : [ "default-rack", "192\\.168\\.1\\.101" ]
    }, {
      "layers" : [ "default-rack", "192\\.168\\.1\\.100" ]
    } ],
    "taskType" : "MAP",
    "taskStatus" : "SUCCESS",
    "taskID" : "task_201407031547_1675_m_000018",
    "inputBytes" : 268439646,
    "inputRecords" : 2684355,
    "outputBytes" : 547669223,
    "outputRecords" : 2684355
  }, {
    "startTime" : 1405259469615,
    "attempts" : [ {
      "result" : "SUCCESS",
      "location" : {
        "layers" : [ "default-rack", "Slave11" ]
      },
      "hostName" : "/default-rack/Slave11",
      "startTime" : 1405259477455,
      "finishTime" : 1405259493705,
      "attemptID" : "attempt_201407031547_1675_m_000019_0",
      "shuffleFinished" : -1,
      "sortFinished" : -1,
      "hdfsBytesRead" : 268439646,
      "hdfsBytesWritten" : -1,
      "fileBytesRead" : 273896689,
      "fileBytesWritten" : 547669222,
      "mapInputRecords" : 2684355,
      "mapOutputBytes" : 268435500,
      "mapOutputRecords" : 2684355,
      "combineInputRecords" : 0,
      "reduceInputGroups" : -1,
      "reduceInputRecords" : -1,
      "reduceShuffleBytes" : -1,
      "reduceOutputRecords" : -1,
      "spilledRecords" : 5368710,
      "mapInputBytes" : 268435500,
      "resourceUsageMetrics" : {
        "cumulativeCpuUsage" : 6970,
        "virtualMemoryUsage" : 724299776,
        "physicalMemoryUsage" : 174542848,
        "heapUsage" : 409731072
      }
    } ],
    "finishTime" : 1405259486124,
    "preferredLocations" : [ {
      "layers" : [ "default-rack", "192\\.168\\.1\\.103" ]
    }, {
      "layers" : [ "default-rack", "192\\.168\\.1\\.102" ]
    }, {
      "layers" : [ "default-rack", "192\\.168\\.1\\.101" ]
    } ],
    "taskType" : "MAP",
    "taskStatus" : "SUCCESS",
    "taskID" : "task_201407031547_1675_m_000019",
    "inputBytes" : 268439646,
    "inputRecords" : 2684355,
    "outputBytes" : 547669222,
    "outputRecords" : 2684355
  }, {
    "startTime" : 1405259470381,
    "attempts" : [ {
      "result" : "SUCCESS",
      "location" : {
        "layers" : [ "default-rack", "Slave13" ]
      },
      "hostName" : "/default-rack/Slave13",
      "startTime" : 1405259466917,
      "finishTime" : 1405259489073,
      "attemptID" : "attempt_201407031547_1675_m_000020_0",
      "shuffleFinished" : -1,
      "sortFinished" : -1,
      "hdfsBytesRead" : 268439646,
      "hdfsBytesWritten" : -1,
      "fileBytesRead" : 273898461,
      "fileBytesWritten" : 547669019,
      "mapInputRecords" : 2684354,
      "mapOutputBytes" : 268435400,
      "mapOutputRecords" : 2684354,
      "combineInputRecords" : 0,
      "reduceInputGroups" : -1,
      "reduceInputRecords" : -1,
      "reduceShuffleBytes" : -1,
      "reduceOutputRecords" : -1,
      "spilledRecords" : 5368708,
      "mapInputBytes" : 268435400,
      "resourceUsageMetrics" : {
        "cumulativeCpuUsage" : 6850,
        "virtualMemoryUsage" : 726732800,
        "physicalMemoryUsage" : 399454208,
        "heapUsage" : 396361728
      }
    } ],
    "finishTime" : 1405259492778,
    "preferredLocations" : [ {
      "layers" : [ "default-rack", "192\\.168\\.1\\.103" ]
    }, {
      "layers" : [ "default-rack", "192\\.168\\.1\\.100" ]
    }, {
      "layers" : [ "default-rack", "192\\.168\\.1\\.101" ]
    } ],
    "taskType" : "MAP",
    "taskStatus" : "SUCCESS",
    "taskID" : "task_201407031547_1675_m_000020",
    "inputBytes" : 268439646,
    "inputRecords" : 2684354,
    "outputBytes" : 547669019,
    "outputRecords" : 2684354
  }, {
    "startTime" : 1405259470683,
    "attempts" : [ {
      "result" : "SUCCESS",
      "location" : {
        "layers" : [ "default-rack", "Master1" ]
      },
      "hostName" : "/default-rack/Master1",
      "startTime" : 1405259470683,
      "finishTime" : 1405259493577,
      "attemptID" : "attempt_201407031547_1675_m_000021_0",
      "shuffleFinished" : -1,
      "sortFinished" : -1,
      "hdfsBytesRead" : 268439646,
      "hdfsBytesWritten" : -1,
      "fileBytesRead" : 273886391,
      "fileBytesWritten" : 547669223,
      "mapInputRecords" : 2684355,
      "mapOutputBytes" : 268435500,
      "mapOutputRecords" : 2684355,
      "combineInputRecords" : 0,
      "reduceInputGroups" : -1,
      "reduceInputRecords" : -1,
      "reduceShuffleBytes" : -1,
      "reduceOutputRecords" : -1,
      "spilledRecords" : 5368710,
      "mapInputBytes" : 268435500,
      "resourceUsageMetrics" : {
        "cumulativeCpuUsage" : 6880,
        "virtualMemoryUsage" : 724787200,
        "physicalMemoryUsage" : 216944640,
        "heapUsage" : 162791424
      }
    } ],
    "finishTime" : 1405259493637,
    "preferredLocations" : [ {
      "layers" : [ "default-rack", "192\\.168\\.1\\.103" ]
    }, {
      "layers" : [ "default-rack", "192\\.168\\.1\\.100" ]
    }, {
      "layers" : [ "default-rack", "192\\.168\\.1\\.102" ]
    } ],
    "taskType" : "MAP",
    "taskStatus" : "SUCCESS",
    "taskID" : "task_201407031547_1675_m_000021",
    "inputBytes" : 268439646,
    "inputRecords" : 2684355,
    "outputBytes" : 547669223,
    "outputRecords" : 2684355
  }, {
    "startTime" : 1405259482142,
    "attempts" : [ {
      "result" : "SUCCESS",
      "location" : {
        "layers" : [ "default-rack", "Slave13" ]
      },
      "hostName" : "/default-rack/Slave13",
      "startTime" : 1405259478481,
      "finishTime" : 1405259500527,
      "attemptID" : "attempt_201407031547_1675_m_000022_0",
      "shuffleFinished" : -1,
      "sortFinished" : -1,
      "hdfsBytesRead" : 268439646,
      "hdfsBytesWritten" : -1,
      "fileBytesRead" : 273903769,
      "fileBytesWritten" : 547669019,
      "mapInputRecords" : 2684354,
      "mapOutputBytes" : 268435400,
      "mapOutputRecords" : 2684354,
      "combineInputRecords" : 0,
      "reduceInputGroups" : -1,
      "reduceInputRecords" : -1,
      "reduceShuffleBytes" : -1,
      "reduceOutputRecords" : -1,
      "spilledRecords" : 5368708,
      "mapInputBytes" : 268435400,
      "resourceUsageMetrics" : {
        "cumulativeCpuUsage" : 6790,
        "virtualMemoryUsage" : 724299776,
        "physicalMemoryUsage" : 400670720,
        "heapUsage" : 392953856
      }
    } ],
    "finishTime" : 1405259504397,
    "preferredLocations" : [ {
      "layers" : [ "default-rack", "192\\.168\\.1\\.101" ]
    }, {
      "layers" : [ "default-rack", "192\\.168\\.1\\.103" ]
    }, {
      "layers" : [ "default-rack", "192\\.168\\.1\\.102" ]
    } ],
    "taskType" : "MAP",
    "taskStatus" : "SUCCESS",
    "taskID" : "task_201407031547_1675_m_000022",
    "inputBytes" : 268439646,
    "inputRecords" : 2684354,
    "outputBytes" : 547669019,
    "outputRecords" : 2684354
  }, {
    "startTime" : 1405259484305,
    "attempts" : [ {
      "result" : "SUCCESS",
      "location" : {
        "layers" : [ "default-rack", "Slave12" ]
      },
      "hostName" : "/default-rack/Slave12",
      "startTime" : 1405259476429,
      "finishTime" : 1405259509682,
      "attemptID" : "attempt_201407031547_1675_m_000023_0",
      "shuffleFinished" : -1,
      "sortFinished" : -1,
      "hdfsBytesRead" : 268439646,
      "hdfsBytesWritten" : -1,
      "fileBytesRead" : 273889271,
      "fileBytesWritten" : 547669223,
      "mapInputRecords" : 2684355,
      "mapOutputBytes" : 268435500,
      "mapOutputRecords" : 2684355,
      "combineInputRecords" : 0,
      "reduceInputGroups" : -1,
      "reduceInputRecords" : -1,
      "reduceShuffleBytes" : -1,
      "reduceOutputRecords" : -1,
      "spilledRecords" : 5368710,
      "mapInputBytes" : 268435500,
      "resourceUsageMetrics" : {
        "cumulativeCpuUsage" : 7800,
        "virtualMemoryUsage" : 724811776,
        "physicalMemoryUsage" : 270364672,
        "heapUsage" : 201326592
      }
    } ],
    "finishTime" : 1405259517744,
    "preferredLocations" : [ {
      "layers" : [ "default-rack", "192\\.168\\.1\\.103" ]
    }, {
      "layers" : [ "default-rack", "192\\.168\\.1\\.100" ]
    }, {
      "layers" : [ "default-rack", "192\\.168\\.1\\.101" ]
    } ],
    "taskType" : "MAP",
    "taskStatus" : "SUCCESS",
    "taskID" : "task_201407031547_1675_m_000023",
    "inputBytes" : 268439646,
    "inputRecords" : 2684355,
    "outputBytes" : 547669223,
    "outputRecords" : 2684355
  }, {
    "startTime" : 1405259486124,
    "attempts" : [ {
      "result" : "SUCCESS",
      "location" : {
        "layers" : [ "default-rack", "Slave11" ]
      },
      "hostName" : "/default-rack/Slave11",
      "startTime" : 1405259493964,
      "finishTime" : 1405259512861,
      "attemptID" : "attempt_201407031547_1675_m_000024_0",
      "shuffleFinished" : -1,
      "sortFinished" : -1,
      "hdfsBytesRead" : 268439646,
      "hdfsBytesWritten" : -1,
      "fileBytesRead" : 273914585,
      "fileBytesWritten" : 547669018,
      "mapInputRecords" : 2684354,
      "mapOutputBytes" : 268435400,
      "mapOutputRecords" : 2684354,
      "combineInputRecords" : 0,
      "reduceInputGroups" : -1,
      "reduceInputRecords" : -1,
      "reduceShuffleBytes" : -1,
      "reduceOutputRecords" : -1,
      "spilledRecords" : 5368708,
      "mapInputBytes" : 268435400,
      "resourceUsageMetrics" : {
        "cumulativeCpuUsage" : 6890,
        "virtualMemoryUsage" : 724299776,
        "physicalMemoryUsage" : 212267008,
        "heapUsage" : 223608832
      }
    } ],
    "finishTime" : 1405259505321,
    "preferredLocations" : [ {
      "layers" : [ "default-rack", "192\\.168\\.1\\.103" ]
    }, {
      "layers" : [ "default-rack", "192\\.168\\.1\\.101" ]
    }, {
      "layers" : [ "default-rack", "192\\.168\\.1\\.102" ]
    } ],
    "taskType" : "MAP",
    "taskStatus" : "SUCCESS",
    "taskID" : "task_201407031547_1675_m_000024",
    "inputBytes" : 268439646,
    "inputRecords" : 2684354,
    "outputBytes" : 547669018,
    "outputRecords" : 2684354
  }, {
    "startTime" : 1405259492778,
    "attempts" : [ {
      "result" : "SUCCESS",
      "location" : {
        "layers" : [ "default-rack", "Slave13" ]
      },
      "hostName" : "/default-rack/Slave13",
      "startTime" : 1405259489118,
      "finishTime" : 1405259519407,
      "attemptID" : "attempt_201407031547_1675_m_000025_0",
      "shuffleFinished" : -1,
      "sortFinished" : -1,
      "hdfsBytesRead" : 268439646,
      "hdfsBytesWritten" : -1,
      "fileBytesRead" : 273902327,
      "fileBytesWritten" : 547669223,
      "mapInputRecords" : 2684355,
      "mapOutputBytes" : 268435500,
      "mapOutputRecords" : 2684355,
      "combineInputRecords" : 0,
      "reduceInputGroups" : -1,
      "reduceInputRecords" : -1,
      "reduceShuffleBytes" : -1,
      "reduceOutputRecords" : -1,
      "spilledRecords" : 5368710,
      "mapInputBytes" : 268435500,
      "resourceUsageMetrics" : {
        "cumulativeCpuUsage" : 6840,
        "virtualMemoryUsage" : 726732800,
        "physicalMemoryUsage" : 208818176,
        "heapUsage" : 221773824
      }
    } ],
    "finishTime" : 1405259523424,
    "preferredLocations" : [ {
      "layers" : [ "default-rack", "192\\.168\\.1\\.103" ]
    }, {
      "layers" : [ "default-rack", "192\\.168\\.1\\.100" ]
    }, {
      "layers" : [ "default-rack", "192\\.168\\.1\\.102" ]
    } ],
    "taskType" : "MAP",
    "taskStatus" : "SUCCESS",
    "taskID" : "task_201407031547_1675_m_000025",
    "inputBytes" : 268439646,
    "inputRecords" : 2684355,
    "outputBytes" : 547669223,
    "outputRecords" : 2684355
  }, {
    "startTime" : 1405259493637,
    "attempts" : [ {
      "result" : "SUCCESS",
      "location" : {
        "layers" : [ "default-rack", "Master1" ]
      },
      "hostName" : "/default-rack/Master1",
      "startTime" : 1405259493638,
      "finishTime" : 1405259525065,
      "attemptID" : "attempt_201407031547_1675_m_000026_0",
      "shuffleFinished" : -1,
      "sortFinished" : -1,
      "hdfsBytesRead" : 268439646,
      "hdfsBytesWritten" : -1,
      "fileBytesRead" : 273893019,
      "fileBytesWritten" : 547669223,
      "mapInputRecords" : 2684355,
      "mapOutputBytes" : 268435500,
      "mapOutputRecords" : 2684355,
      "combineInputRecords" : 0,
      "reduceInputGroups" : -1,
      "reduceInputRecords" : -1,
      "reduceShuffleBytes" : -1,
      "reduceOutputRecords" : -1,
      "spilledRecords" : 5368710,
      "mapInputBytes" : 268435500,
      "resourceUsageMetrics" : {
        "cumulativeCpuUsage" : 7310,
        "virtualMemoryUsage" : 724787200,
        "physicalMemoryUsage" : 244072448,
        "heapUsage" : 263979008
      }
    } ],
    "finishTime" : 1405259525293,
    "preferredLocations" : [ {
      "layers" : [ "default-rack", "192\\.168\\.1\\.103" ]
    }, {
      "layers" : [ "default-rack", "192\\.168\\.1\\.102" ]
    }, {
      "layers" : [ "default-rack", "192\\.168\\.1\\.101" ]
    } ],
    "taskType" : "MAP",
    "taskStatus" : "SUCCESS",
    "taskID" : "task_201407031547_1675_m_000026",
    "inputBytes" : 268439646,
    "inputRecords" : 2684355,
    "outputBytes" : 547669223,
    "outputRecords" : 2684355
  }, {
    "startTime" : 1405259494505,
    "attempts" : [ {
      "result" : "SUCCESS",
      "location" : {
        "layers" : [ "default-rack", "Slave11" ]
      },
      "hostName" : "/default-rack/Slave11",
      "startTime" : 1405259502345,
      "finishTime" : 1405259546963,
      "attemptID" : "attempt_201407031547_1675_m_000027_0",
      "shuffleFinished" : -1,
      "sortFinished" : -1,
      "hdfsBytesRead" : 268439646,
      "hdfsBytesWritten" : -1,
      "fileBytesRead" : 273909521,
      "fileBytesWritten" : 547669018,
      "mapInputRecords" : 2684354,
      "mapOutputBytes" : 268435400,
      "mapOutputRecords" : 2684354,
      "combineInputRecords" : 0,
      "reduceInputGroups" : -1,
      "reduceInputRecords" : -1,
      "reduceShuffleBytes" : -1,
      "reduceOutputRecords" : -1,
      "spilledRecords" : 5368708,
      "mapInputBytes" : 268435400,
      "resourceUsageMetrics" : {
        "cumulativeCpuUsage" : 7550,
        "virtualMemoryUsage" : 724848640,
        "physicalMemoryUsage" : 440020992,
        "heapUsage" : 443809792
      }
    } ],
    "finishTime" : 1405259539356,
    "preferredLocations" : [ {
      "layers" : [ "default-rack", "192\\.168\\.1\\.100" ]
    }, {
      "layers" : [ "default-rack", "192\\.168\\.1\\.103" ]
    }, {
      "layers" : [ "default-rack", "192\\.168\\.1\\.102" ]
    } ],
    "taskType" : "MAP",
    "taskStatus" : "SUCCESS",
    "taskID" : "task_201407031547_1675_m_000027",
    "inputBytes" : 268439646,
    "inputRecords" : 2684354,
    "outputBytes" : 547669018,
    "outputRecords" : 2684354
  }, {
    "startTime" : 1405259494713,
    "attempts" : [ {
      "result" : "SUCCESS",
      "location" : {
        "layers" : [ "default-rack", "Slave12" ]
      },
      "hostName" : "/default-rack/Slave12",
      "startTime" : 1405259486837,
      "finishTime" : 1405259520869,
      "attemptID" : "attempt_201407031547_1675_m_000028_0",
      "shuffleFinished" : -1,
      "sortFinished" : -1,
      "hdfsBytesRead" : 268439646,
      "hdfsBytesWritten" : -1,
      "fileBytesRead" : 273899587,
      "fileBytesWritten" : 547669223,
      "mapInputRecords" : 2684355,
      "mapOutputBytes" : 268435500,
      "mapOutputRecords" : 2684355,
      "combineInputRecords" : 0,
      "reduceInputGroups" : -1,
      "reduceInputRecords" : -1,
      "reduceShuffleBytes" : -1,
      "reduceOutputRecords" : -1,
      "spilledRecords" : 5368710,
      "mapInputBytes" : 268435500,
      "resourceUsageMetrics" : {
        "cumulativeCpuUsage" : 7490,
        "virtualMemoryUsage" : 726700032,
        "physicalMemoryUsage" : 218349568,
        "heapUsage" : 225443840
      }
    } ],
    "finishTime" : 1405259528875,
    "preferredLocations" : [ {
      "layers" : [ "default-rack", "192\\.168\\.1\\.100" ]
    }, {
      "layers" : [ "default-rack", "192\\.168\\.1\\.103" ]
    }, {
      "layers" : [ "default-rack", "192\\.168\\.1\\.101" ]
    } ],
    "taskType" : "MAP",
    "taskStatus" : "SUCCESS",
    "taskID" : "task_201407031547_1675_m_000028",
    "inputBytes" : 268439646,
    "inputRecords" : 2684355,
    "outputBytes" : 547669223,
    "outputRecords" : 2684355
  }, {
    "startTime" : 1405259504397,
    "attempts" : [ {
      "result" : "SUCCESS",
      "location" : {
        "layers" : [ "default-rack", "Slave13" ]
      },
      "hostName" : "/default-rack/Slave13",
      "startTime" : 1405259500736,
      "finishTime" : 1405259529812,
      "attemptID" : "attempt_201407031547_1675_m_000029_0",
      "shuffleFinished" : -1,
      "sortFinished" : -1,
      "hdfsBytesRead" : 268439646,
      "hdfsBytesWritten" : -1,
      "fileBytesRead" : 273885847,
      "fileBytesWritten" : 547669019,
      "mapInputRecords" : 2684354,
      "mapOutputBytes" : 268435400,
      "mapOutputRecords" : 2684354,
      "combineInputRecords" : 0,
      "reduceInputGroups" : -1,
      "reduceInputRecords" : -1,
      "reduceShuffleBytes" : -1,
      "reduceOutputRecords" : -1,
      "spilledRecords" : 5368708,
      "mapInputBytes" : 268435400,
      "resourceUsageMetrics" : {
        "cumulativeCpuUsage" : 6910,
        "virtualMemoryUsage" : 724299776,
        "physicalMemoryUsage" : 213065728,
        "heapUsage" : 215482368
      }
    } ],
    "finishTime" : 1405259533829,
    "preferredLocations" : [ {
      "layers" : [ "default-rack", "192\\.168\\.1\\.103" ]
    }, {
      "layers" : [ "default-rack", "192\\.168\\.1\\.101" ]
    }, {
      "layers" : [ "default-rack", "192\\.168\\.1\\.102" ]
    } ],
    "taskType" : "MAP",
    "taskStatus" : "SUCCESS",
    "taskID" : "task_201407031547_1675_m_000029",
    "inputBytes" : 268439646,
    "inputRecords" : 2684354,
    "outputBytes" : 547669019,
    "outputRecords" : 2684354
  }, {
    "startTime" : 1405259505321,
    "attempts" : [ {
      "result" : "SUCCESS",
      "location" : {
        "layers" : [ "default-rack", "Slave11" ]
      },
      "hostName" : "/default-rack/Slave11",
      "startTime" : 1405259513161,
      "finishTime" : 1405259529643,
      "attemptID" : "attempt_201407031547_1675_m_000030_0",
      "shuffleFinished" : -1,
      "sortFinished" : -1,
      "hdfsBytesRead" : 268439646,
      "hdfsBytesWritten" : -1,
      "fileBytesRead" : 273892663,
      "fileBytesWritten" : 547669222,
      "mapInputRecords" : 2684355,
      "mapOutputBytes" : 268435500,
      "mapOutputRecords" : 2684355,
      "combineInputRecords" : 0,
      "reduceInputGroups" : -1,
      "reduceInputRecords" : -1,
      "reduceShuffleBytes" : -1,
      "reduceOutputRecords" : -1,
      "spilledRecords" : 5368710,
      "mapInputBytes" : 268435500,
      "resourceUsageMetrics" : {
        "cumulativeCpuUsage" : 6660,
        "virtualMemoryUsage" : 724299776,
        "physicalMemoryUsage" : 317984768,
        "heapUsage" : 323747840
      }
    } ],
    "finishTime" : 1405259521990,
    "preferredLocations" : [ {
      "layers" : [ "default-rack", "192\\.168\\.1\\.103" ]
    }, {
      "layers" : [ "default-rack", "192\\.168\\.1\\.101" ]
    }, {
      "layers" : [ "default-rack", "192\\.168\\.1\\.102" ]
    } ],
    "taskType" : "MAP",
    "taskStatus" : "SUCCESS",
    "taskID" : "task_201407031547_1675_m_000030",
    "inputBytes" : 268439646,
    "inputRecords" : 2684355,
    "outputBytes" : 547669222,
    "outputRecords" : 2684355
  }, {
    "startTime" : 1405259506131,
    "attempts" : [ {
      "result" : "SUCCESS",
      "location" : {
        "layers" : [ "default-rack", "Master1" ]
      },
      "hostName" : "/default-rack/Master1",
      "startTime" : 1405259506132,
      "finishTime" : 1405259521276,
      "attemptID" : "attempt_201407031547_1675_m_000031_0",
      "shuffleFinished" : -1,
      "sortFinished" : -1,
      "hdfsBytesRead" : 268439646,
      "hdfsBytesWritten" : -1,
      "fileBytesRead" : 273898903,
      "fileBytesWritten" : 547669019,
      "mapInputRecords" : 2684354,
      "mapOutputBytes" : 268435400,
      "mapOutputRecords" : 2684354,
      "combineInputRecords" : 0,
      "reduceInputGroups" : -1,
      "reduceInputRecords" : -1,
      "reduceShuffleBytes" : -1,
      "reduceOutputRecords" : -1,
      "spilledRecords" : 5368708,
      "mapInputBytes" : 268435400,
      "resourceUsageMetrics" : {
        "cumulativeCpuUsage" : 7030,
        "virtualMemoryUsage" : 724803584,
        "physicalMemoryUsage" : 256577536,
        "heapUsage" : 321912832
      }
    } ],
    "finishTime" : 1405259521549,
    "preferredLocations" : [ {
      "layers" : [ "default-rack", "192\\.168\\.1\\.103" ]
    }, {
      "layers" : [ "default-rack", "192\\.168\\.1\\.100" ]
    }, {
      "layers" : [ "default-rack", "192\\.168\\.1\\.101" ]
    } ],
    "taskType" : "MAP",
    "taskStatus" : "SUCCESS",
    "taskID" : "task_201407031547_1675_m_000031",
    "inputBytes" : 268439646,
    "inputRecords" : 2684354,
    "outputBytes" : 547669019,
    "outputRecords" : 2684354
  }, {
    "startTime" : 1405259517744,
    "attempts" : [ {
      "result" : "SUCCESS",
      "location" : {
        "layers" : [ "default-rack", "Slave12" ]
      },
      "hostName" : "/default-rack/Slave12",
      "startTime" : 1405259509868,
      "finishTime" : 1405259521957,
      "attemptID" : "attempt_201407031547_1675_m_000032_0",
      "shuffleFinished" : -1,
      "sortFinished" : -1,
      "hdfsBytesRead" : 268439646,
      "hdfsBytesWritten" : -1,
      "fileBytesRead" : 273893277,
      "fileBytesWritten" : 547669223,
      "mapInputRecords" : 2684355,
      "mapOutputBytes" : 268435500,
      "mapOutputRecords" : 2684355,
      "combineInputRecords" : 0,
      "reduceInputGroups" : -1,
      "reduceInputRecords" : -1,
      "reduceShuffleBytes" : -1,
      "reduceOutputRecords" : -1,
      "spilledRecords" : 5368710,
      "mapInputBytes" : 268435500,
      "resourceUsageMetrics" : {
        "cumulativeCpuUsage" : 6560,
        "virtualMemoryUsage" : 724811776,
        "physicalMemoryUsage" : 308936704,
        "heapUsage" : 298057728
      }
    } ],
    "finishTime" : 1405259530110,
    "preferredLocations" : [ {
      "layers" : [ "default-rack", "192\\.168\\.1\\.103" ]
    }, {
      "layers" : [ "default-rack", "192\\.168\\.1\\.102" ]
    }, {
      "layers" : [ "default-rack", "192\\.168\\.1\\.100" ]
    } ],
    "taskType" : "MAP",
    "taskStatus" : "SUCCESS",
    "taskID" : "task_201407031547_1675_m_000032",
    "inputBytes" : 268439646,
    "inputRecords" : 2684355,
    "outputBytes" : 547669223,
    "outputRecords" : 2684355
  }, {
    "startTime" : 1405259521549,
    "attempts" : [ {
      "result" : "SUCCESS",
      "location" : {
        "layers" : [ "default-rack", "Master1" ]
      },
      "hostName" : "/default-rack/Master1",
      "startTime" : 1405259521552,
      "finishTime" : 1405259544342,
      "attemptID" : "attempt_201407031547_1675_m_000033_0",
      "shuffleFinished" : -1,
      "sortFinished" : -1,
      "hdfsBytesRead" : 268439646,
      "hdfsBytesWritten" : -1,
      "fileBytesRead" : 273906301,
      "fileBytesWritten" : 547669019,
      "mapInputRecords" : 2684354,
      "mapOutputBytes" : 268435400,
      "mapOutputRecords" : 2684354,
      "combineInputRecords" : 0,
      "reduceInputGroups" : -1,
      "reduceInputRecords" : -1,
      "reduceShuffleBytes" : -1,
      "reduceOutputRecords" : -1,
      "spilledRecords" : 5368708,
      "mapInputBytes" : 268435400,
      "resourceUsageMetrics" : {
        "cumulativeCpuUsage" : 7090,
        "virtualMemoryUsage" : 724803584,
        "physicalMemoryUsage" : 286015488,
        "heapUsage" : 239599616
      }
    }, {
      "result" : "KILLED",
      "location" : null,
      "hostName" : null,
      "startTime" : 1405259521250,
      "finishTime" : 1405259540992,
      "attemptID" : "attempt_201407031547_1675_m_000033_1",
      "shuffleFinished" : -1,
      "sortFinished" : -1,
      "hdfsBytesRead" : -1,
      "hdfsBytesWritten" : -1,
      "fileBytesRead" : -1,
      "fileBytesWritten" : -1,
      "mapInputRecords" : -1,
      "mapOutputBytes" : -1,
      "mapOutputRecords" : -1,
      "combineInputRecords" : -1,
      "reduceInputGroups" : -1,
      "reduceInputRecords" : -1,
      "reduceShuffleBytes" : -1,
      "reduceOutputRecords" : -1,
      "spilledRecords" : -1,
      "mapInputBytes" : -1,
      "resourceUsageMetrics" : {
        "cumulativeCpuUsage" : 0,
        "virtualMemoryUsage" : 0,
        "physicalMemoryUsage" : 0,
        "heapUsage" : 0
      }
    } ],
    "finishTime" : 1405259544501,
    "preferredLocations" : [ {
      "layers" : [ "default-rack", "192\\.168\\.1\\.103" ]
    }, {
      "layers" : [ "default-rack", "192\\.168\\.1\\.102" ]
    }, {
      "layers" : [ "default-rack", "192\\.168\\.1\\.101" ]
    } ],
    "taskType" : "MAP",
    "taskStatus" : "SUCCESS",
    "taskID" : "task_201407031547_1675_m_000033",
    "inputBytes" : 268439646,
    "inputRecords" : 2684354,
    "outputBytes" : 547669019,
    "outputRecords" : 2684354
  }, {
    "startTime" : 1405259521990,
    "attempts" : [ {
      "result" : "SUCCESS",
      "location" : {
        "layers" : [ "default-rack", "Master1" ]
      },
      "hostName" : "/default-rack/Master1",
      "startTime" : 1405259525296,
      "finishTime" : 1405259541085,
      "attemptID" : "attempt_201407031547_1675_m_000034_1",
      "shuffleFinished" : -1,
      "sortFinished" : -1,
      "hdfsBytesRead" : 268439646,
      "hdfsBytesWritten" : -1,
      "fileBytesRead" : 273891911,
      "fileBytesWritten" : 547669223,
      "mapInputRecords" : 2684355,
      "mapOutputBytes" : 268435500,
      "mapOutputRecords" : 2684355,
      "combineInputRecords" : 0,
      "reduceInputGroups" : -1,
      "reduceInputRecords" : -1,
      "reduceShuffleBytes" : -1,
      "reduceOutputRecords" : -1,
      "spilledRecords" : 5368710,
      "mapInputBytes" : 268435500,
      "resourceUsageMetrics" : {
        "cumulativeCpuUsage" : 6750,
        "virtualMemoryUsage" : 724787200,
        "physicalMemoryUsage" : 343244800,
        "heapUsage" : 357826560
      }
    }, {
      "result" : "KILLED",
      "location" : null,
      "hostName" : null,
      "startTime" : 1405259529830,
      "finishTime" : 1405259551362,
      "attemptID" : "attempt_201407031547_1675_m_000034_0",
      "shuffleFinished" : -1,
      "sortFinished" : -1,
      "hdfsBytesRead" : -1,
      "hdfsBytesWritten" : -1,
      "fileBytesRead" : -1,
      "fileBytesWritten" : -1,
      "mapInputRecords" : -1,
      "mapOutputBytes" : -1,
      "mapOutputRecords" : -1,
      "combineInputRecords" : -1,
      "reduceInputGroups" : -1,
      "reduceInputRecords" : -1,
      "reduceShuffleBytes" : -1,
      "reduceOutputRecords" : -1,
      "spilledRecords" : -1,
      "mapInputBytes" : -1,
      "resourceUsageMetrics" : {
        "cumulativeCpuUsage" : 0,
        "virtualMemoryUsage" : 0,
        "physicalMemoryUsage" : 0,
        "heapUsage" : 0
      }
    } ],
    "finishTime" : 1405259541317,
    "preferredLocations" : [ {
      "layers" : [ "default-rack", "192\\.168\\.1\\.100" ]
    }, {
      "layers" : [ "default-rack", "192\\.168\\.1\\.103" ]
    }, {
      "layers" : [ "default-rack", "192\\.168\\.1\\.102" ]
    } ],
    "taskType" : "MAP",
    "taskStatus" : "SUCCESS",
    "taskID" : "task_201407031547_1675_m_000034",
    "inputBytes" : 268439646,
    "inputRecords" : 2684355,
    "outputBytes" : 547669223,
    "outputRecords" : 2684355
  }, {
    "startTime" : 1405259523424,
    "attempts" : [ {
      "result" : "SUCCESS",
      "location" : {
        "layers" : [ "default-rack", "Slave13" ]
      },
      "hostName" : "/default-rack/Slave13",
      "startTime" : 1405259519763,
      "finishTime" : 1405259542410,
      "attemptID" : "attempt_201407031547_1675_m_000035_0",
      "shuffleFinished" : -1,
      "sortFinished" : -1,
      "hdfsBytesRead" : 268439646,
      "hdfsBytesWritten" : -1,
      "fileBytesRead" : 273898219,
      "fileBytesWritten" : 547669223,
      "mapInputRecords" : 2684355,
      "mapOutputBytes" : 268435500,
      "mapOutputRecords" : 2684355,
      "combineInputRecords" : 0,
      "reduceInputGroups" : -1,
      "reduceInputRecords" : -1,
      "reduceShuffleBytes" : -1,
      "reduceOutputRecords" : -1,
      "spilledRecords" : 5368710,
      "mapInputBytes" : 268435500,
      "resourceUsageMetrics" : {
        "cumulativeCpuUsage" : 6550,
        "virtualMemoryUsage" : 726732800,
        "physicalMemoryUsage" : 324280320,
        "heapUsage" : 342884352
      }
    }, {
      "result" : "KILLED",
      "location" : null,
      "hostName" : null,
      "startTime" : 1405259522234,
      "finishTime" : 1405259538739,
      "attemptID" : "attempt_201407031547_1675_m_000035_1",
      "shuffleFinished" : -1,
      "sortFinished" : -1,
      "hdfsBytesRead" : -1,
      "hdfsBytesWritten" : -1,
      "fileBytesRead" : -1,
      "fileBytesWritten" : -1,
      "mapInputRecords" : -1,
      "mapOutputBytes" : -1,
      "mapOutputRecords" : -1,
      "combineInputRecords" : -1,
      "reduceInputGroups" : -1,
      "reduceInputRecords" : -1,
      "reduceShuffleBytes" : -1,
      "reduceOutputRecords" : -1,
      "spilledRecords" : -1,
      "mapInputBytes" : -1,
      "resourceUsageMetrics" : {
        "cumulativeCpuUsage" : 0,
        "virtualMemoryUsage" : 0,
        "physicalMemoryUsage" : 0,
        "heapUsage" : 0
      }
    } ],
    "finishTime" : 1405259546451,
    "preferredLocations" : [ {
      "layers" : [ "default-rack", "192\\.168\\.1\\.103" ]
    }, {
      "layers" : [ "default-rack", "192\\.168\\.1\\.102" ]
    }, {
      "layers" : [ "default-rack", "192\\.168\\.1\\.101" ]
    } ],
    "taskType" : "MAP",
    "taskStatus" : "SUCCESS",
    "taskID" : "task_201407031547_1675_m_000035",
    "inputBytes" : 268439646,
    "inputRecords" : 2684355,
    "outputBytes" : 547669223,
    "outputRecords" : 2684355
  } ],
  "finishTime" : 1405259648466,
  "reduceTasks" : [ {
    "startTime" : 1405259438804,
    "attempts" : [ {
      "result" : "SUCCESS",
      "location" : {
        "layers" : [ "default-rack", "Slave12" ]
      },
      "hostName" : "/default-rack/Slave12",
      "startTime" : 1405259430951,
      "finishTime" : 1405259613376,
      "attemptID" : "attempt_201407031547_1675_r_000000_0",
      "shuffleFinished" : 1405259541821,
      "sortFinished" : 1405259541880,
      "hdfsBytesRead" : -1,
      "hdfsBytesWritten" : 1442642000,
      "fileBytesRead" : 1392441612,
      "fileBytesWritten" : 1392501769,
      "mapInputRecords" : -1,
      "mapOutputBytes" : -1,
      "mapOutputRecords" : -1,
      "combineInputRecords" : 0,
      "reduceInputGroups" : 14426420,
      "reduceInputRecords" : 14426420,
      "reduceShuffleBytes" : 1471495068,
      "reduceOutputRecords" : 14426420,
      "spilledRecords" : 13651388,
      "mapInputBytes" : -1,
      "resourceUsageMetrics" : {
        "cumulativeCpuUsage" : 30370,
        "virtualMemoryUsage" : 1053863936,
        "physicalMemoryUsage" : 493203456,
        "heapUsage" : 403177472
      }
    } ],
    "finishTime" : 1405259621407,
    "preferredLocations" : [ ],
    "taskType" : "REDUCE",
    "taskStatus" : "SUCCESS",
    "taskID" : "task_201407031547_1675_r_000000",
    "inputBytes" : 1471495068,
    "inputRecords" : 14426420,
    "outputBytes" : 1442642000,
    "outputRecords" : 14426420
  }, {
    "startTime" : 1405259438897,
    "attempts" : [ {
      "result" : "SUCCESS",
      "location" : {
        "layers" : [ "default-rack", "Slave11" ]
      },
      "hostName" : "/default-rack/Slave11",
      "startTime" : 1405259447099,
      "finishTime" : 1405259641015,
      "attemptID" : "attempt_201407031547_1675_r_000001_0",
      "shuffleFinished" : 1405259560756,
      "sortFinished" : 1405259560772,
      "hdfsBytesRead" : -1,
      "hdfsBytesWritten" : 1427773200,
      "fileBytesRead" : 1417194462,
      "fileBytesWritten" : 1417254618,
      "mapInputRecords" : -1,
      "mapOutputBytes" : -1,
      "mapOutputRecords" : -1,
      "combineInputRecords" : 0,
      "reduceInputGroups" : 14277732,
      "reduceInputRecords" : 14277732,
      "reduceShuffleBytes" : 1456328892,
      "reduceOutputRecords" : 14277732,
      "spilledRecords" : 13894063,
      "mapInputBytes" : -1,
      "resourceUsageMetrics" : {
        "cumulativeCpuUsage" : 28790,
        "virtualMemoryUsage" : 1054896128,
        "physicalMemoryUsage" : 360415232,
        "heapUsage" : 329252864
      }
    } ],
    "finishTime" : 1405259633331,
    "preferredLocations" : [ ],
    "taskType" : "REDUCE",
    "taskStatus" : "SUCCESS",
    "taskID" : "task_201407031547_1675_r_000001",
    "inputBytes" : 1456328892,
    "inputRecords" : 14277732,
    "outputBytes" : 1427773200,
    "outputRecords" : 14277732
  }, {
    "startTime" : 1405259439007,
    "attempts" : [ {
      "result" : "SUCCESS",
      "location" : {
        "layers" : [ "default-rack", "Slave11" ]
      },
      "hostName" : "/default-rack/Slave11",
      "startTime" : 1405259560757,
      "finishTime" : 1405259632607,
      "attemptID" : "attempt_201407031547_1675_r_000002_1",
      "shuffleFinished" : 1405259587332,
      "sortFinished" : 1405259587438,
      "hdfsBytesRead" : -1,
      "hdfsBytesWritten" : 1430977100,
      "fileBytesRead" : 1263667014,
      "fileBytesWritten" : 1263727170,
      "mapInputRecords" : -1,
      "mapOutputBytes" : -1,
      "mapOutputRecords" : -1,
      "combineInputRecords" : 0,
      "reduceInputGroups" : 14309771,
      "reduceInputRecords" : 14309771,
      "reduceShuffleBytes" : 1459596870,
      "reduceOutputRecords" : 14309771,
      "spilledRecords" : 12388892,
      "mapInputBytes" : -1,
      "resourceUsageMetrics" : {
        "cumulativeCpuUsage" : 27970,
        "virtualMemoryUsage" : 1053855744,
        "physicalMemoryUsage" : 485646336,
        "heapUsage" : 431226880
      }
    }, {
      "result" : "KILLED",
      "location" : null,
      "hostName" : null,
      "startTime" : 1405259439008,
      "finishTime" : 1405259638866,
      "attemptID" : "attempt_201407031547_1675_r_000002_0",
      "shuffleFinished" : -1,
      "sortFinished" : -1,
      "hdfsBytesRead" : -1,
      "hdfsBytesWritten" : -1,
      "fileBytesRead" : -1,
      "fileBytesWritten" : -1,
      "mapInputRecords" : -1,
      "mapOutputBytes" : -1,
      "mapOutputRecords" : -1,
      "combineInputRecords" : -1,
      "reduceInputGroups" : -1,
      "reduceInputRecords" : -1,
      "reduceShuffleBytes" : -1,
      "reduceOutputRecords" : -1,
      "spilledRecords" : -1,
      "mapInputBytes" : -1,
      "resourceUsageMetrics" : {
        "cumulativeCpuUsage" : 0,
        "virtualMemoryUsage" : 0,
        "physicalMemoryUsage" : 0,
        "heapUsage" : 0
      }
    } ],
    "finishTime" : 1405259625033,
    "preferredLocations" : [ ],
    "taskType" : "REDUCE",
    "taskStatus" : "SUCCESS",
    "taskID" : "task_201407031547_1675_r_000002",
    "inputBytes" : 1459596870,
    "inputRecords" : 14309771,
    "outputBytes" : 1430977100,
    "outputRecords" : 14309771
  }, {
    "startTime" : 1405259439064,
    "attempts" : [ {
      "result" : "SUCCESS",
      "location" : {
        "layers" : [ "default-rack", "Slave13" ]
      },
      "hostName" : "/default-rack/Slave13",
      "startTime" : 1405259435404,
      "finishTime" : 1405259643756,
      "attemptID" : "attempt_201407031547_1675_r_000003_0",
      "shuffleFinished" : 1405259549084,
      "sortFinished" : 1405259549255,
      "hdfsBytesRead" : -1,
      "hdfsBytesWritten" : 1421968300,
      "fileBytesRead" : 1372509384,
      "fileBytesWritten" : 1372569541,
      "mapInputRecords" : -1,
      "mapOutputBytes" : -1,
      "mapOutputRecords" : -1,
      "combineInputRecords" : 0,
      "reduceInputGroups" : 14219683,
      "reduceInputRecords" : 14219683,
      "reduceShuffleBytes" : 1450407894,
      "reduceOutputRecords" : 14219683,
      "spilledRecords" : 13455974,
      "mapInputBytes" : -1,
      "resourceUsageMetrics" : {
        "cumulativeCpuUsage" : 27940,
        "virtualMemoryUsage" : 1055604736,
        "physicalMemoryUsage" : 395792384,
        "heapUsage" : 315621376
      }
    } ],
    "finishTime" : 1405259647557,
    "preferredLocations" : [ ],
    "taskType" : "REDUCE",
    "taskStatus" : "SUCCESS",
    "taskID" : "task_201407031547_1675_r_000003",
    "inputBytes" : 1450407894,
    "inputRecords" : 14219683,
    "outputBytes" : 1421968300,
    "outputRecords" : 14219683
  }, {
    "startTime" : 1405259439106,
    "attempts" : [ {
      "result" : "SUCCESS",
      "location" : {
        "layers" : [ "default-rack", "Slave12" ]
      },
      "hostName" : "/default-rack/Slave12",
      "startTime" : 1405259431503,
      "finishTime" : 1405259617687,
      "attemptID" : "attempt_201407031547_1675_r_000004_0",
      "shuffleFinished" : 1405259544212,
      "sortFinished" : 1405259544529,
      "hdfsBytesRead" : -1,
      "hdfsBytesWritten" : 1434775800,
      "fileBytesRead" : 1345667574,
      "fileBytesWritten" : 1345727731,
      "mapInputRecords" : -1,
      "mapOutputBytes" : -1,
      "mapOutputRecords" : -1,
      "combineInputRecords" : 0,
      "reduceInputGroups" : 14347758,
      "reduceInputRecords" : 14347758,
      "reduceShuffleBytes" : 1463471544,
      "reduceOutputRecords" : 14347758,
      "spilledRecords" : 13192819,
      "mapInputBytes" : -1,
      "resourceUsageMetrics" : {
        "cumulativeCpuUsage" : 29560,
        "virtualMemoryUsage" : 1054707712,
        "physicalMemoryUsage" : 498462720,
        "heapUsage" : 449314816
      }
    } ],
    "finishTime" : 1405259625625,
    "preferredLocations" : [ ],
    "taskType" : "REDUCE",
    "taskStatus" : "SUCCESS",
    "taskID" : "task_201407031547_1675_r_000004",
    "inputBytes" : 1463471544,
    "inputRecords" : 14347758,
    "outputBytes" : 1434775800,
    "outputRecords" : 14347758
  }, {
    "startTime" : 1405259439376,
    "attempts" : [ {
      "result" : "SUCCESS",
      "location" : {
        "layers" : [ "default-rack", "Master1" ]
      },
      "hostName" : "/default-rack/Master1",
      "startTime" : 1405259439377,
      "finishTime" : 1405259637331,
      "attemptID" : "attempt_201407031547_1675_r_000005_0",
      "shuffleFinished" : 1405259551708,
      "sortFinished" : 1405259551794,
      "hdfsBytesRead" : -1,
      "hdfsBytesWritten" : 1401902800,
      "fileBytesRead" : 1353237912,
      "fileBytesWritten" : 1353298069,
      "mapInputRecords" : -1,
      "mapOutputBytes" : -1,
      "mapOutputRecords" : -1,
      "combineInputRecords" : 0,
      "reduceInputGroups" : 14019028,
      "reduceInputRecords" : 14019028,
      "reduceShuffleBytes" : 1429941084,
      "reduceOutputRecords" : 14019028,
      "spilledRecords" : 13267038,
      "mapInputBytes" : -1,
      "resourceUsageMetrics" : {
        "cumulativeCpuUsage" : 28330,
        "virtualMemoryUsage" : 1056788480,
        "physicalMemoryUsage" : 571015168,
        "heapUsage" : 518782976
      }
    } ],
    "finishTime" : 1405259637588,
    "preferredLocations" : [ ],
    "taskType" : "REDUCE",
    "taskStatus" : "SUCCESS",
    "taskID" : "task_201407031547_1675_r_000005",
    "inputBytes" : 1429941084,
    "inputRecords" : 14019028,
    "outputBytes" : 1401902800,
    "outputRecords" : 14019028
  }, {
    "startTime" : 1405259439376,
    "attempts" : [ {
      "result" : "SUCCESS",
      "location" : {
        "layers" : [ "default-rack", "Slave13" ]
      },
      "hostName" : "/default-rack/Slave13",
      "startTime" : 1405259435716,
      "finishTime" : 1405259641945,
      "attemptID" : "attempt_201407031547_1675_r_000006_0",
      "shuffleFinished" : 1405259547663,
      "sortFinished" : 1405259547798,
      "hdfsBytesRead" : -1,
      "hdfsBytesWritten" : 1439960800,
      "fileBytesRead" : 1389909462,
      "fileBytesWritten" : 1389969619,
      "mapInputRecords" : -1,
      "mapOutputBytes" : -1,
      "mapOutputRecords" : -1,
      "combineInputRecords" : 0,
      "reduceInputGroups" : 14399608,
      "reduceInputRecords" : 14399608,
      "reduceShuffleBytes" : 1468760244,
      "reduceOutputRecords" : 14399608,
      "spilledRecords" : 13626563,
      "mapInputBytes" : -1,
      "resourceUsageMetrics" : {
        "cumulativeCpuUsage" : 28730,
        "virtualMemoryUsage" : 1053671424,
        "physicalMemoryUsage" : 309407744,
        "heapUsage" : 200015872
      }
    } ],
    "finishTime" : 1405259645747,
    "preferredLocations" : [ ],
    "taskType" : "REDUCE",
    "taskStatus" : "SUCCESS",
    "taskID" : "task_201407031547_1675_r_000006",
    "inputBytes" : 1468760244,
    "inputRecords" : 14399608,
    "outputBytes" : 1439960800,
    "outputRecords" : 14399608
  } ],
  "submitTime" : 1405259423295,
  "launchTime" : 1405259423364,
  "totalMaps" : 38,
  "totalReduces" : 7,
  "otherTasks" : [ {
    "startTime" : 1405259423421,
    "attempts" : [ {
      "result" : "SUCCESS",
      "location" : {
        "layers" : [ "default-rack", "Slave12" ]
      },
      "hostName" : "/default-rack/Slave12",
      "startTime" : 1405259415694,
      "finishTime" : 1405259416308,
      "attemptID" : "attempt_201407031547_1675_m_000039_0",
      "shuffleFinished" : -1,
      "sortFinished" : -1,
      "hdfsBytesRead" : -1,
      "hdfsBytesWritten" : -1,
      "fileBytesRead" : -1,
      "fileBytesWritten" : 60249,
      "mapInputRecords" : -1,
      "mapOutputBytes" : -1,
      "mapOutputRecords" : -1,
      "combineInputRecords" : -1,
      "reduceInputGroups" : -1,
      "reduceInputRecords" : -1,
      "reduceShuffleBytes" : -1,
      "reduceOutputRecords" : -1,
      "spilledRecords" : 0,
      "mapInputBytes" : -1,
      "resourceUsageMetrics" : {
        "cumulativeCpuUsage" : 50,
        "virtualMemoryUsage" : 720633856,
        "physicalMemoryUsage" : 62124032,
        "heapUsage" : 64487424
      }
    } ],
    "finishTime" : 1405259424329,
    "preferredLocations" : [ ],
    "taskType" : "SETUP",
    "taskStatus" : "SUCCESS",
    "taskID" : "task_201407031547_1675_m_000039",
    "inputBytes" : -1,
    "inputRecords" : -1,
    "outputBytes" : -1,
    "outputRecords" : -1
  }, {
    "startTime" : 1405259647559,
    "attempts" : [ {
      "result" : "SUCCESS",
      "location" : {
        "layers" : [ "default-rack", "Slave13" ]
      },
      "hostName" : "/default-rack/Slave13",
      "startTime" : 1405259643909,
      "finishTime" : 1405259644566,
      "attemptID" : "attempt_201407031547_1675_m_000038_0",
      "shuffleFinished" : -1,
      "sortFinished" : -1,
      "hdfsBytesRead" : -1,
      "hdfsBytesWritten" : -1,
      "fileBytesRead" : -1,
      "fileBytesWritten" : 60249,
      "mapInputRecords" : -1,
      "mapOutputBytes" : -1,
      "mapOutputRecords" : -1,
      "combineInputRecords" : -1,
      "reduceInputGroups" : -1,
      "reduceInputRecords" : -1,
      "reduceShuffleBytes" : -1,
      "reduceOutputRecords" : -1,
      "spilledRecords" : 0,
      "mapInputBytes" : -1,
      "resourceUsageMetrics" : {
        "cumulativeCpuUsage" : 20,
        "virtualMemoryUsage" : 724299776,
        "physicalMemoryUsage" : 212987904,
        "heapUsage" : 215482368
      }
    } ],
    "finishTime" : 1405259648465,
    "preferredLocations" : [ ],
    "taskType" : "CLEANUP",
    "taskStatus" : "SUCCESS",
    "taskID" : "task_201407031547_1675_m_000038",
    "inputBytes" : -1,
    "inputRecords" : -1,
    "outputBytes" : -1,
    "outputRecords" : -1
  } ],
  "queue" : "default",
  "jobProperties" : {
    "fs.s3n.impl" : "org.apache.hadoop.fs.s3native.NativeS3FileSystem",
    "mapred.task.cache.levels" : "2",
    "mapreduce.job.restart.recover" : "true",
    "mapreduce.job.counters.max" : "120",
    "dfs.client.use.datanode.hostname" : "false",
    "hadoop.tmp.dir" : "/tmp/hadoop-${user.name}",
    "hadoop.native.lib" : "true",
    "map.sort.class" : "org.apache.hadoop.util.QuickSort",
    "dfs.namenode.decommission.nodes.per.interval" : "5",
    "dfs.https.need.client.auth" : "false",
    "dfs.datanode.drop.cache.behind.writes" : "false",
    "ipc.client.idlethreshold" : "4000",
    "mapred.system.dir" : "${hadoop.tmp.dir}/mapred/system",
    "dfs.datanode.data.dir.perm" : "755",
    "mapred.job.tracker.persist.jobstatus.hours" : "0",
    "dfs.namenode.logging.level" : "info",
    "dfs.datanode.address" : "0.0.0.0:50010",
    "io.skip.checksum.errors" : "false",
    "dfs.block.access.token.enable" : "false",
    "fs.default.name" : "hdfs://Master1:9000",
    "mapred.cluster.reduce.memory.mb" : "-1",
    "mapred.child.tmp" : "./tmp",
    "fs.har.impl.disable.cache" : "true",
    "dfs.safemode.threshold.pct" : "0.999f",
    "mapred.skip.reduce.max.skip.groups" : "0",
    "mapred.heartbeats.in.second" : "100",
    "dfs.namenode.handler.count" : "10",
    "dfs.blockreport.initialDelay" : "0",
    "mapred.tasktracker.dns.nameserver" : "default",
    "io.sort.factor" : "10",
    "dfs.datanode.drop.cache.behind.reads" : "false",
    "mapred.task.timeout" : "600000",
    "mapred.max.tracker.failures" : "4",
    "hadoop.rpc.socket.factory.class.default" : "org.apache.hadoop.net.StandardSocketFactory",
    "mapred.job.tracker.jobhistory.lru.cache.size" : "5",
    "fs.hdfs.impl" : "org.apache.hadoop.hdfs.DistributedFileSystem",
    "mapred.queue.default.acl-administer-jobs" : "*",
    "dfs.namenode.stale.datanode.interval" : "30000",
    "mapred.output.key.class" : "org.apache.hadoop.io.Text",
    "dfs.block.access.key.update.interval" : "600",
    "mapred.skip.map.auto.incr.proc.count" : "true",
    "mapreduce.job.complete.cancel.delegation.tokens" : "true",
    "io.mapfile.bloom.size" : "1048576",
    "mapreduce.reduce.shuffle.connect.timeout" : "180000",
    "dfs.safemode.extension" : "30000",
    "mapred.jobtracker.blacklist.fault-timeout-window" : "180",
    "dfs.namenode.write.stale.datanode.ratio" : "0.5f",
    "hadoop.skip.worker.version.check" : "false",
    "tasktracker.http.threads" : "40",
    "net.topology.impl" : "org.apache.hadoop.net.NetworkTopology",
    "mapred.job.shuffle.merge.percent" : "0.4",
    "fs.ftp.impl" : "org.apache.hadoop.fs.ftp.FTPFileSystem",
    "user.name" : "itri-hadoop",
    "dfs.namenode.kerberos.internal.spnego.principal" : "${dfs.web.authentication.kerberos.principal}",
    "mapred.output.compress" : "false",
    "io.bytes.per.checksum" : "512",
    "mapred.combine.recordsBeforeProgress" : "10000",
    "mapred.healthChecker.script.timeout" : "600000",
    "mapred.cache.files.filesizes" : "291",
    "topology.node.switch.mapping.impl" : "org.apache.hadoop.net.ScriptBasedMapping",
    "dfs.https.server.keystore.resource" : "ssl-server.xml",
    "mapred.reduce.slowstart.completed.maps" : "0.07",
    "mapred.reduce.max.attempts" : "4",
    "dfs.namenode.safemode.min.datanodes" : "0",
    "mapreduce.ifile.readahead.bytes" : "4194304",
    "fs.ramfs.impl" : "org.apache.hadoop.fs.InMemoryFileSystem",
    "dfs.block.access.token.lifetime" : "600",
    "mapred.skip.map.max.skip.records" : "0",
    "dfs.name.edits.dir" : "${dfs.name.dir}",
    "mapred.cluster.map.memory.mb" : "-1",
    "hadoop.security.group.mapping" : "org.apache.hadoop.security.ShellBasedUnixGroupsMapping",
    "mapred.job.tracker.persist.jobstatus.dir" : "/jobtracker/jobsInfo",
    "mapred.jar" : "hdfs://Master1:9000/tmp/hadoop-itri-hadoop/mapred/staging/itri-hadoop/.staging/job_201407031547_1675/job.jar",
    "fs.s3.buffer.dir" : "${hadoop.tmp.dir}/s3",
    "dfs.block.size" : "67108864",
    "job.end.retry.attempts" : "0",
    "fs.file.impl" : "org.apache.hadoop.fs.LocalFileSystem",
    "dfs.namenode.avoid.write.stale.datanode" : "false",
    "dfs.datanode.max.xcievers" : "4096",
    "mapred.local.dir.minspacestart" : "0",
    "mapred.output.compression.type" : "RECORD",
    "dfs.datanode.ipc.address" : "0.0.0.0:50020",
    "dfs.permissions" : "true",
    "topology.script.number.args" : "100",
    "mapreduce.job.counters.groups.max" : "50",
    "io.mapfile.bloom.error.rate" : "0.005",
    "mapred.cluster.max.reduce.memory.mb" : "-1",
    "mapred.max.tracker.blacklists" : "4",
    "mapred.task.profile.maps" : "0-2",
    "mapred.jobtracker.jobSchedulable" : "org.apache.hadoop.mapred.JobSchedulable",
    "dfs.datanode.https.address" : "0.0.0.0:50475",
    "mapred.userlog.retain.hours" : "24",
    "dfs.secondary.http.address" : "0.0.0.0:50090",
    "dfs.namenode.replication.work.multiplier.per.iteration" : "2",
    "dfs.replication.max" : "512",
    "mapred.job.tracker.persist.jobstatus.active" : "false",
    "hadoop.security.authorization" : "false",
    "local.cache.size" : "10737418240",
    "mapred.min.split.size" : "268435456",
    "dfs.namenode.delegation.token.renew-interval" : "86400000",
    "mapred.map.tasks" : "38",
    "mapred.child.java.opts" : "-Xmx200m",
    "mapred.partitioner.class" : "org.apache.hadoop.examples.terasort.TeraSort$TotalOrderPartitioner",
    "mapred.output.value.class" : "org.apache.hadoop.io.Text",
    "dfs.https.client.keystore.resource" : "ssl-client.xml",
    "ipc.client.fallback-to-simple-auth-allowed" : "false",
    "mapred.job.queue.name" : "default",
    "mapred.job.tracker.retiredjobs.cache.size" : "1000",
    "dfs.https.address" : "0.0.0.0:50470",
    "dfs.balance.bandwidthPerSec" : "1048576",
    "ipc.server.listen.queue.size" : "128",
    "dfs.namenode.invalidate.work.pct.per.iteration" : "0.32f",
    "mapred.inmem.merge.threshold" : "900",
    "job.end.retry.interval" : "30000",
    "mapred.skip.attempts.to.start.skipping" : "2",
    "mapreduce.tasktracker.outofband.heartbeat.damper" : "1000000",
    "hadoop.security.use-weak-http-crypto" : "false",
    "fs.checkpoint.dir" : "${hadoop.tmp.dir}/dfs/namesecondary",
    "dfs.namenode.avoid.read.stale.datanode" : "false",
    "mapred.reduce.tasks" : "7",
    "mapred.merge.recordsBeforeProgress" : "10000",
    "mapred.userlog.limit.kb" : "0",
    "mapred.job.reduce.memory.mb" : "-1",
    "webinterface.private.actions" : "false",
    "dfs.max.objects" : "0",
    "hadoop.security.token.service.use_ip" : "true",
    "io.sort.spill.percent" : "0.6",
    "mapred.job.shuffle.input.buffer.percent" : "0.7",
    "mapred.map.tasks.speculative.execution" : "true",
    "hadoop.http.authentication.type" : "simple",
    "mapred.job.name" : "TeraSort",
    "hadoop.util.hash.type" : "murmur",
    "dfs.datanode.dns.nameserver" : "default",
    "hadoop.security.instrumentation.requires.admin" : "false",
    "dfs.blockreport.intervalMsec" : "3600000",
    "dfs.datanode.readahead.bytes" : "4193404",
    "mapred.map.max.attempts" : "4",
    "mapreduce.job.acl-view-job" : " ",
    "mapreduce.ifile.readahead" : "true",
    "mapred.jobtracker.nodegroup.aware" : "false",
    "mapred.job.tracker.handler.count" : "10",
    "dfs.client.block.write.retries" : "3",
    "mapred.input.format.class" : "org.apache.hadoop.examples.terasort.TeraInputFormat",
    "mapreduce.reduce.shuffle.read.timeout" : "180000",
    "mapred.tasktracker.expiry.interval" : "600000",
    "dfs.secondary.namenode.kerberos.internal.spnego.principal" : "${dfs.web.authentication.kerberos.principal}",
    "dfs.https.enable" : "false",
    "mapred.jobtracker.job.history.block.size" : "3145728",
    "mapred.jobtracker.maxtasks.per.job" : "-1",
    "keep.failed.task.files" : "false",
    "dfs.datanode.use.datanode.hostname" : "false",
    "mapred.output.format.class" : "org.apache.hadoop.examples.terasort.TeraOutputFormat",
    "dfs.datanode.failed.volumes.tolerated" : "0",
    "ipc.client.tcpnodelay" : "false",
    "mapred.task.profile.reduces" : "0-2",
    "io.map.index.skip" : "0",
    "mapred.output.compression.codec" : "org.apache.hadoop.io.compress.DefaultCodec",
    "hadoop.http.authentication.token.validity" : "36000",
    "ipc.server.tcpnodelay" : "false",
    "hadoop.jetty.logs.serve.aliases" : "true",
    "mapred.working.dir" : "hdfs://Master1:9000/user/itri-hadoop",
    "mapred.jobtracker.blacklist.fault-bucket-width" : "15",
    "dfs.namenode.delegation.key.update-interval" : "86400000",
    "mapred.used.genericoptionsparser" : "true",
    "mapred.job.map.memory.mb" : "-1",
    "dfs.default.chunk.view.size" : "32768",
    "hadoop.logfile.size" : "10000000",
    "mapred.cache.files.timestamps" : "1405259422524",
    "mapred.reduce.tasks.speculative.execution" : "true",
    "mapreduce.tasktracker.outofband.heartbeat" : "false",
    "mapreduce.job.dir" : "hdfs://Master1:9000/tmp/hadoop-itri-hadoop/mapred/staging/itri-hadoop/.staging/job_201407031547_1675",
    "mapreduce.reduce.input.limit" : "-1",
    "dfs.datanode.du.reserved" : "0",
    "dfs.datanode.sync.behind.writes" : "false",
    "hadoop.security.authentication" : "simple",
    "fs.checkpoint.period" : "3600",
    "mapred.job.reuse.jvm.num.tasks" : "16",
    "dfs.web.ugi" : "webuser,webgroup",
    "mapred.jobtracker.completeuserjobs.maximum" : "100",
    "dfs.df.interval" : "60000",
    "mapred.task.tracker.task-controller" : "org.apache.hadoop.mapred.DefaultTaskController",
    "dfs.data.dir" : "${hadoop.tmp.dir}/dfs/data",
    "fs.s3.maxRetries" : "4",
    "dfs.datanode.dns.interface" : "default",
    "mapred.cluster.max.map.memory.mb" : "-1",
    "mapreduce.reduce.shuffle.maxfetchfailures" : "10",
    "mapred.map.child.java.opts" : "-Xmx500M",
    "mapreduce.job.acl-modify-job" : " ",
    "fs.hftp.impl" : "org.apache.hadoop.hdfs.HftpFileSystem",
    "mapred.local.dir" : "${hadoop.tmp.dir}/mapred/local",
    "dfs.permissions.supergroup" : "supergroup",
    "fs.s3.sleepTimeSeconds" : "10",
    "fs.trash.interval" : "0",
    "mapred.submit.replication" : "10",
    "dfs.replication.min" : "1",
    "fs.har.impl" : "org.apache.hadoop.fs.HarFileSystem",
    "hadoop.relaxed.worker.version.check" : "false",
    "mapred.map.output.compression.codec" : "org.apache.hadoop.io.compress.DefaultCodec",
    "mapreduce.job.cache.files.visibilities" : "true",
    "mapred.tasktracker.dns.interface" : "default",
    "dfs.http.address" : "0.0.0.0:50070",
    "dfs.namenode.decommission.interval" : "30",
    "mapred.cache.files" : "hdfs://Master1:9000/tera-in10G/_partition.lst#_partition.lst",
    "mapred.job.tracker" : "Master1:9001",
    "dfs.heartbeat.interval" : "3",
    "hadoop.http.authentication.signature.secret.file" : "${user.home}/hadoop-http-auth-signature-secret",
    "io.seqfile.sorter.recordlimit" : "1000000",
    "mapreduce.job.submithost" : "Master1",
    "dfs.name.dir" : "${hadoop.tmp.dir}/dfs/name",
    "mapred.jobtracker.taskScheduler" : "org.apache.hadoop.mapred.JobQueueTaskScheduler",
    "mapred.line.input.format.linespermap" : "1",
    "mapred.create.symlink" : "yes",
    "dfs.datanode.http.address" : "0.0.0.0:50075",
    "fs.webhdfs.impl" : "org.apache.hadoop.hdfs.web.WebHdfsFileSystem",
    "mapred.local.dir.minspacekill" : "0",
    "dfs.image.transfer.bandwidthPerSec" : "0",
    "dfs.replication.interval" : "3",
    "io.sort.record.percent" : "0.09",
    "hadoop.http.authentication.kerberos.principal" : "HTTP/localhost@LOCALHOST",
    "fs.kfs.impl" : "org.apache.hadoop.fs.kfs.KosmosFileSystem",
    "mapred.tasktracker.reduce.tasks.maximum" : "2",
    "mapred.temp.dir" : "${hadoop.tmp.dir}/mapred/temp",
    "dfs.replication" : "1",
    "fs.checkpoint.edits.dir" : "${fs.checkpoint.dir}",
    "mapreduce.jobhistory.max-age-ms" : "2592000000",
    "mapred.tasktracker.tasks.sleeptime-before-sigkill" : "5000",
    "mapred.job.reduce.input.buffer.percent" : "0.5",
    "mapred.tasktracker.indexcache.mb" : "10",
    "dfs.webhdfs.enabled" : "false",
    "mapreduce.job.split.metainfo.maxsize" : "10000000",
    "hadoop.logfile.count" : "10",
    "mapred.skip.reduce.auto.incr.proc.count" : "true",
    "mapreduce.job.submithostaddress" : "192.168.1.100",
    "terasort.final.sync" : "true",
    "io.seqfile.compress.blocksize" : "1000000",
    "fs.s3.block.size" : "67108864",
    "mapred.tasktracker.taskmemorymanager.monitoring-interval" : "5000",
    "hadoop.http.authentication.simple.anonymous.allowed" : "true",
    "mapreduce.jobtracker.staging.root.dir" : "${hadoop.tmp.dir}/mapred/staging",
    "mapred.acls.enabled" : "false",
    "mapred.queue.default.state" : "RUNNING",
    "mapred.queue.names" : "default",
    "fs.hsftp.impl" : "org.apache.hadoop.hdfs.HsftpFileSystem",
    "dfs.access.time.precision" : "3600000",
    "mapred.task.tracker.http.address" : "0.0.0.0:50060",
    "io.seqfile.lazydecompress" : "true",
    "mapred.reduce.parallel.copies" : "5",
    "mapred.disk.healthChecker.interval" : "60000",
    "mapred.output.dir" : "hdfs://Master1:9000/tera-out",
    "ipc.client.connection.maxidletime" : "10000",
    "io.sort.mb" : "100",
    "mapred.reduce.child.java.opts" : "-Xmx800M",
    "mapred.task.tracker.report.address" : "127.0.0.1:0",
    "hadoop.security.uid.cache.secs" : "14400",
    "mapred.compress.map.output" : "false",
    "ipc.client.kill.max" : "10",
    "mapred.healthChecker.interval" : "60000",
    "ipc.client.connect.max.retries" : "10",
    "fs.s3.impl" : "org.apache.hadoop.fs.s3.S3FileSystem",
    "mapred.user.jobconf.limit" : "5242880",
    "mapreduce.job.counters.group.name.max" : "128",
    "mapred.job.tracker.http.address" : "0.0.0.0:50030",
    "mapred.input.dir" : "hdfs://Master1:9000/tera-in10G",
    "io.file.buffer.size" : "4096",
    "mapred.jobtracker.restart.recover" : "false",
    "io.serializations" : "org.apache.hadoop.io.serializer.WritableSerialization",
    "mapred.task.profile" : "false",
    "dfs.datanode.handler.count" : "3",
    "mapreduce.input.num.files" : "2",
    "mapreduce.jobhistory.cleaner.interval-ms" : "86400000",
    "dfs.replication.considerLoad" : "true",
    "jobclient.output.filter" : "FAILED",
    "dfs.namenode.edits.toleration.length" : "0",
    "hadoop.http.authentication.kerberos.keytab" : "${user.home}/hadoop.keytab",
    "dfs.namenode.delegation.token.max-lifetime" : "604800000",
    "mapred.tasktracker.map.tasks.maximum" : "1",
    "fs.checkpoint.size" : "67108864",
    "io.compression.codecs" : "org.apache.hadoop.io.compress.DefaultCodec,org.apache.hadoop.io.compress.GzipCodec,org.apache.hadoop.io.compress.BZip2Codec,org.apache.hadoop.io.compress.SnappyCodec",
    "mapreduce.job.counters.counter.name.max" : "64"
  },
  "computonsPerMapInputByte" : -1,
  "computonsPerMapOutputByte" : -1,
  "computonsPerReduceInputByte" : -1,
  "computonsPerReduceOutputByte" : -1,
  "heapMegabytes" : 200,
  "outcome" : "SUCCESS",
  "jobtype" : "JAVA",
  "directDependantJobs" : [ ],
  "successfulMapAttemptCDFs" : [ {
    "minimum" : 5749,
    "maximum" : 7530,
    "rankings" : [ {
      "relativeRanking" : 0.05,
      "datum" : 5749
    }, {
      "relativeRanking" : 0.1,
      "datum" : 5749
    }, {
      "relativeRanking" : 0.15,
      "datum" : 5749
    }, {
      "relativeRanking" : 0.2,
      "datum" : 5749
    }, {
      "relativeRanking" : 0.25,
      "datum" : 5749
    }, {
      "relativeRanking" : 0.3,
      "datum" : 5749
    }, {
      "relativeRanking" : 0.35,
      "datum" : 5749
    }, {
      "relativeRanking" : 0.4,
      "datum" : 5749
    }, {
      "relativeRanking" : 0.45,
      "datum" : 5749
    }, {
      "relativeRanking" : 0.5,
      "datum" : 5749
    }, {
      "relativeRanking" : 0.55,
      "datum" : 5749
    }, {
      "relativeRanking" : 0.6,
      "datum" : 5749
    }, {
      "relativeRanking" : 0.65,
      "datum" : 5749
    }, {
      "relativeRanking" : 0.7,
      "datum" : 5749
    }, {
      "relativeRanking" : 0.75,
      "datum" : 5749
    }, {
      "relativeRanking" : 0.8,
      "datum" : 5749
    }, {
      "relativeRanking" : 0.85,
      "datum" : 5749
    }, {
      "relativeRanking" : 0.9,
      "datum" : 5749
    }, {
      "relativeRanking" : 0.95,
      "datum" : 5749
    } ],
    "numberValues" : 2
  }, {
    "minimum" : 12089,
    "maximum" : 44618,
    "rankings" : [ {
      "relativeRanking" : 0.05,
      "datum" : 12089
    }, {
      "relativeRanking" : 0.1,
      "datum" : 15144
    }, {
      "relativeRanking" : 0.15,
      "datum" : 15789
    }, {
      "relativeRanking" : 0.2,
      "datum" : 16250
    }, {
      "relativeRanking" : 0.25,
      "datum" : 17285
    }, {
      "relativeRanking" : 0.3,
      "datum" : 18621
    }, {
      "relativeRanking" : 0.35,
      "datum" : 18980
    }, {
      "relativeRanking" : 0.4,
      "datum" : 19797
    }, {
      "relativeRanking" : 0.45,
      "datum" : 22156
    }, {
      "relativeRanking" : 0.5,
      "datum" : 22790
    }, {
      "relativeRanking" : 0.55,
      "datum" : 22894
    }, {
      "relativeRanking" : 0.6,
      "datum" : 24267
    }, {
      "relativeRanking" : 0.65,
      "datum" : 25918
    }, {
      "relativeRanking" : 0.7,
      "datum" : 28069
    }, {
      "relativeRanking" : 0.75,
      "datum" : 29076
    }, {
      "relativeRanking" : 0.8,
      "datum" : 29201
    }, {
      "relativeRanking" : 0.85,
      "datum" : 30289
    }, {
      "relativeRanking" : 0.9,
      "datum" : 33253
    }, {
      "relativeRanking" : 0.95,
      "datum" : 36675
    } ],
    "numberValues" : 36
  }, {
    "minimum" : -9223372036854775808,
    "maximum" : 9223372036854775807,
    "rankings" : [ ],
    "numberValues" : 0
  }, {
    "minimum" : -9223372036854775808,
    "maximum" : 9223372036854775807,
    "rankings" : [ ],
    "numberValues" : 0
  } ],
  "failedMapAttemptCDFs" : [ {
    "minimum" : -9223372036854775808,
    "maximum" : 9223372036854775807,
    "rankings" : [ ],
    "numberValues" : 0
  }, {
    "minimum" : -9223372036854775808,
    "maximum" : 9223372036854775807,
    "rankings" : [ ],
    "numberValues" : 0
  }, {
    "minimum" : -9223372036854775808,
    "maximum" : 9223372036854775807,
    "rankings" : [ ],
    "numberValues" : 0
  }, {
    "minimum" : -9223372036854775808,
    "maximum" : 9223372036854775807,
    "rankings" : [ ],
    "numberValues" : 0
  } ],
  "successfulReduceAttemptCDF" : {
    "minimum" : 71850,
    "maximum" : 208352,
    "rankings" : [ {
      "relativeRanking" : 0.05,
      "datum" : 71850
    }, {
      "relativeRanking" : 0.1,
      "datum" : 71850
    }, {
      "relativeRanking" : 0.15,
      "datum" : 71850
    }, {
      "relativeRanking" : 0.2,
      "datum" : 71850
    }, {
      "relativeRanking" : 0.25,
      "datum" : 71850
    }, {
      "relativeRanking" : 0.3,
      "datum" : 182425
    }, {
      "relativeRanking" : 0.35,
      "datum" : 182425
    }, {
      "relativeRanking" : 0.4,
      "datum" : 182425
    }, {
      "relativeRanking" : 0.45,
      "datum" : 186184
    }, {
      "relativeRanking" : 0.5,
      "datum" : 186184
    }, {
      "relativeRanking" : 0.55,
      "datum" : 186184
    }, {
      "relativeRanking" : 0.6,
      "datum" : 193916
    }, {
      "relativeRanking" : 0.65,
      "datum" : 193916
    }, {
      "relativeRanking" : 0.7,
      "datum" : 193916
    }, {
      "relativeRanking" : 0.75,
      "datum" : 197954
    }, {
      "relativeRanking" : 0.8,
      "datum" : 197954
    }, {
      "relativeRanking" : 0.85,
      "datum" : 197954
    }, {
      "relativeRanking" : 0.9,
      "datum" : 206229
    }, {
      "relativeRanking" : 0.95,
      "datum" : 206229
    } ],
    "numberValues" : 7
  },
  "failedReduceAttemptCDF" : {
    "minimum" : -9223372036854775808,
    "maximum" : 9223372036854775807,
    "rankings" : [ ],
    "numberValues" : 0
  },
  "mapperTriesToSucceed" : [ 0.9736842105263158, 0.02631578947368421 ],
  "failedMapperFraction" : 0.0,
  "relativeTime" : 0,
  "clusterMapMB" : -1,
  "clusterReduceMB" : -1,
  "jobMapMB" : 200,
  "jobReduceMB" : 200
}