{
  "jobID" : "job_201407031547_1473",
  "user" : "itri-hadoop",
  "jobName" : "TeraSort",
  "mapTasks" : [ {
    "startTime" : 1405157101948,
    "attempts" : [ {
      "result" : "SUCCESS",
      "startTime" : 1405157094897,
      "finishTime" : 1405157100646,
      "attemptID" : "attempt_201407031547_1473_m_000024_0",
      "shuffleFinished" : -1,
      "sortFinished" : -1,
      "hdfsBytesRead" : 84080989,
      "hdfsBytesWritten" : -1,
      "fileBytesRead" : 85798292,
      "fileBytesWritten" : 171585301,
      "mapInputRecords" : 840808,
      "mapOutputBytes" : 84080800,
      "mapOutputRecords" : 840808,
      "combineInputRecords" : 0,
      "reduceInputGroups" : -1,
      "reduceInputRecords" : -1,
      "reduceShuffleBytes" : -1,
      "reduceOutputRecords" : -1,
      "spilledRecords" : 1681616,
      "mapInputBytes" : 84080800,
      "resourceUsageMetrics" : {
        "cumulativeCpuUsage" : 3900,
        "virtualMemoryUsage" : 1161154560,
        "physicalMemoryUsage" : 274907136,
        "heapUsage" : 283377664
      },
      "location" : {
        "layers" : [ "default-rack", "Slave12" ]
      },
      "hostName" : "/default-rack/Slave12"
    } ],
    "finishTime" : 1405157108174,
    "preferredLocations" : [ {
      "layers" : [ "default-rack", "Master1" ]
    }, {
      "layers" : [ "default-rack", "Slave12" ]
    }, {
      "layers" : [ "default-rack", "Slave11" ]
    } ],
    "taskType" : "MAP",
    "taskStatus" : "SUCCESS",
    "taskID" : "task_201407031547_1473_m_000024",
    "inputBytes" : 84080989,
    "inputRecords" : 840808,
    "outputBytes" : 171585301,
    "outputRecords" : 840808
  }, {
    "startTime" : 1405157101949,
    "attempts" : [ {
      "result" : "SUCCESS",
      "startTime" : 1405157094897,
      "finishTime" : 1405157099830,
      "attemptID" : "attempt_201407031547_1473_m_000025_0",
      "shuffleFinished" : -1,
      "sortFinished" : -1,
      "hdfsBytesRead" : 84080989,
      "hdfsBytesWritten" : -1,
      "fileBytesRead" : 85780362,
      "fileBytesWritten" : 171585301,
      "mapInputRecords" : 840808,
      "mapOutputBytes" : 84080800,
      "mapOutputRecords" : 840808,
      "combineInputRecords" : 0,
      "reduceInputGroups" : -1,
      "reduceInputRecords" : -1,
      "reduceShuffleBytes" : -1,
      "reduceOutputRecords" : -1,
      "spilledRecords" : 1681616,
      "mapInputBytes" : 84080800,
      "resourceUsageMetrics" : {
        "cumulativeCpuUsage" : 3720,
        "virtualMemoryUsage" : 1160040448,
        "physicalMemoryUsage" : 283373568,
        "heapUsage" : 317980672
      },
      "location" : {
        "layers" : [ "default-rack", "Slave12" ]
      },
      "hostName" : "/default-rack/Slave12"
    } ],
    "finishTime" : 1405157107089,
    "preferredLocations" : [ {
      "layers" : [ "default-rack", "Slave12" ]
    }, {
      "layers" : [ "default-rack", "Slave11" ]
    }, {
      "layers" : [ "default-rack", "Slave13" ]
    } ],
    "taskType" : "MAP",
    "taskStatus" : "SUCCESS",
    "taskID" : "task_201407031547_1473_m_000025",
    "inputBytes" : 84080989,
    "inputRecords" : 840808,
    "outputBytes" : 171585301,
    "outputRecords" : 840808
  }, {
    "startTime" : 1405157101950,
    "attempts" : [ {
      "result" : "SUCCESS",
      "startTime" : 1405157098846,
      "finishTime" : 1405157118099,
      "attemptID" : "attempt_201407031547_1473_m_000000_0",
      "shuffleFinished" : -1,
      "sortFinished" : -1,
      "hdfsBytesRead" : 201330781,
      "hdfsBytesWritten" : -1,
      "fileBytesRead" : 205395274,
      "fileBytesWritten" : 410766828,
      "mapInputRecords" : 2013266,
      "mapOutputBytes" : 201326600,
      "mapOutputRecords" : 2013266,
      "combineInputRecords" : 0,
      "reduceInputGroups" : -1,
      "reduceInputRecords" : -1,
      "reduceShuffleBytes" : -1,
      "reduceOutputRecords" : -1,
      "spilledRecords" : 4026532,
      "mapInputBytes" : 201326600,
      "resourceUsageMetrics" : {
        "cumulativeCpuUsage" : 7460,
        "virtualMemoryUsage" : 1159581696,
        "physicalMemoryUsage" : 303075328,
        "heapUsage" : 331087872
      },
      "location" : {
        "layers" : [ "default-rack", "Slave13" ]
      },
      "hostName" : "/default-rack/Slave13"
    } ],
    "finishTime" : 1405157121761,
    "preferredLocations" : [ {
      "layers" : [ "default-rack", "192\\.168\\.1\\.102" ]
    }, {
      "layers" : [ "default-rack", "192\\.168\\.1\\.100" ]
    }, {
      "layers" : [ "default-rack", "192\\.168\\.1\\.103" ]
    } ],
    "taskType" : "MAP",
    "taskStatus" : "SUCCESS",
    "taskID" : "task_201407031547_1473_m_000000",
    "inputBytes" : 201330781,
    "inputRecords" : 2013266,
    "outputBytes" : 410766828,
    "outputRecords" : 2013266
  }, {
    "startTime" : 1405157101951,
    "attempts" : [ {
      "result" : "SUCCESS",
      "startTime" : 1405157098846,
      "finishTime" : 1405157116265,
      "attemptID" : "attempt_201407031547_1473_m_000001_0",
      "shuffleFinished" : -1,
      "sortFinished" : -1,
      "hdfsBytesRead" : 201330781,
      "hdfsBytesWritten" : -1,
      "fileBytesRead" : 205402490,
      "fileBytesWritten" : 410766828,
      "mapInputRecords" : 2013266,
      "mapOutputBytes" : 201326600,
      "mapOutputRecords" : 2013266,
      "combineInputRecords" : 0,
      "reduceInputGroups" : -1,
      "reduceInputRecords" : -1,
      "reduceShuffleBytes" : -1,
      "reduceOutputRecords" : -1,
      "spilledRecords" : 4026532,
      "mapInputBytes" : 201326600,
      "resourceUsageMetrics" : {
        "cumulativeCpuUsage" : 7670,
        "virtualMemoryUsage" : 1158160384,
        "physicalMemoryUsage" : 302374912,
        "heapUsage" : 332136448
      },
      "location" : {
        "layers" : [ "default-rack", "Slave13" ]
      },
      "hostName" : "/default-rack/Slave13"
    } ],
    "finishTime" : 1405157119632,
    "preferredLocations" : [ {
      "layers" : [ "default-rack", "192\\.168\\.1\\.100" ]
    }, {
      "layers" : [ "default-rack", "192\\.168\\.1\\.102" ]
    }, {
      "layers" : [ "default-rack", "192\\.168\\.1\\.103" ]
    } ],
    "taskType" : "MAP",
    "taskStatus" : "SUCCESS",
    "taskID" : "task_201407031547_1473_m_000001",
    "inputBytes" : 201330781,
    "inputRecords" : 2013266,
    "outputBytes" : 410766828,
    "outputRecords" : 2013266
  }, {
    "startTime" : 1405157101951,
    "attempts" : [ {
      "result" : "SUCCESS",
      "startTime" : 1405157102118,
      "finishTime" : 1405157118974,
      "attemptID" : "attempt_201407031547_1473_m_000002_0",
      "shuffleFinished" : -1,
      "sortFinished" : -1,
      "hdfsBytesRead" : 201330781,
      "hdfsBytesWritten" : -1,
      "fileBytesRead" : 205409450,
      "fileBytesWritten" : 410766829,
      "mapInputRecords" : 2013266,
      "mapOutputBytes" : 201326600,
      "mapOutputRecords" : 2013266,
      "combineInputRecords" : 0,
      "reduceInputGroups" : -1,
      "reduceInputRecords" : -1,
      "reduceShuffleBytes" : -1,
      "reduceOutputRecords" : -1,
      "spilledRecords" : 4026532,
      "mapInputBytes" : 201326600,
      "resourceUsageMetrics" : {
        "cumulativeCpuUsage" : 7220,
        "virtualMemoryUsage" : 1157832704,
        "physicalMemoryUsage" : 302292992,
        "heapUsage" : 334233600
      },
      "location" : {
        "layers" : [ "default-rack", "Master1" ]
      },
      "hostName" : "/default-rack/Master1"
    } ],
    "finishTime" : 1405157119350,
    "preferredLocations" : [ {
      "layers" : [ "default-rack", "192\\.168\\.1\\.102" ]
    }, {
      "layers" : [ "default-rack", "192\\.168\\.1\\.100" ]
    }, {
      "layers" : [ "default-rack", "192\\.168\\.1\\.101" ]
    } ],
    "taskType" : "MAP",
    "taskStatus" : "SUCCESS",
    "taskID" : "task_201407031547_1473_m_000002",
    "inputBytes" : 201330781,
    "inputRecords" : 2013266,
    "outputBytes" : 410766829,
    "outputRecords" : 2013266
  }, {
    "startTime" : 1405157101952,
    "attempts" : [ {
      "result" : "SUCCESS",
      "startTime" : 1405157102119,
      "finishTime" : 1405157115631,
      "attemptID" : "attempt_201407031547_1473_m_000003_0",
      "shuffleFinished" : -1,
      "sortFinished" : -1,
      "hdfsBytesRead" : 201330781,
      "hdfsBytesWritten" : -1,
      "fileBytesRead" : 205404954,
      "fileBytesWritten" : 410766829,
      "mapInputRecords" : 2013266,
      "mapOutputBytes" : 201326600,
      "mapOutputRecords" : 2013266,
      "combineInputRecords" : 0,
      "reduceInputGroups" : -1,
      "reduceInputRecords" : -1,
      "reduceShuffleBytes" : -1,
      "reduceOutputRecords" : -1,
      "spilledRecords" : 4026532,
      "mapInputBytes" : 201326600,
      "resourceUsageMetrics" : {
        "cumulativeCpuUsage" : 7240,
        "virtualMemoryUsage" : 1161310208,
        "physicalMemoryUsage" : 303882240,
        "heapUsage" : 335020032
      },
      "location" : {
        "layers" : [ "default-rack", "Master1" ]
      },
      "hostName" : "/default-rack/Master1"
    } ],
    "finishTime" : 1405157115835,
    "preferredLocations" : [ {
      "layers" : [ "default-rack", "192\\.168\\.1\\.100" ]
    }, {
      "layers" : [ "default-rack", "192\\.168\\.1\\.102" ]
    }, {
      "layers" : [ "default-rack", "192\\.168\\.1\\.103" ]
    } ],
    "taskType" : "MAP",
    "taskStatus" : "SUCCESS",
    "taskID" : "task_201407031547_1473_m_000003",
    "inputBytes" : 201330781,
    "inputRecords" : 2013266,
    "outputBytes" : 410766829,
    "outputRecords" : 2013266
  }, {
    "startTime" : 1405157102069,
    "attempts" : [ {
      "result" : "SUCCESS",
      "startTime" : 1405157109304,
      "finishTime" : 1405157124531,
      "attemptID" : "attempt_201407031547_1473_m_000004_0",
      "shuffleFinished" : -1,
      "sortFinished" : -1,
      "hdfsBytesRead" : 201330781,
      "hdfsBytesWritten" : -1,
      "fileBytesRead" : 205406940,
      "fileBytesWritten" : 410766828,
      "mapInputRecords" : 2013266,
      "mapOutputBytes" : 201326600,
      "mapOutputRecords" : 2013266,
      "combineInputRecords" : 0,
      "reduceInputGroups" : -1,
      "reduceInputRecords" : -1,
      "reduceShuffleBytes" : -1,
      "reduceOutputRecords" : -1,
      "spilledRecords" : 4026532,
      "mapInputBytes" : 201326600,
      "resourceUsageMetrics" : {
        "cumulativeCpuUsage" : 7220,
        "virtualMemoryUsage" : 1159929856,
        "physicalMemoryUsage" : 286998528,
        "heapUsage" : 321650688
      },
      "location" : {
        "layers" : [ "default-rack", "Slave11" ]
      },
      "hostName" : "/default-rack/Slave11"
    } ],
    "finishTime" : 1405157117785,
    "preferredLocations" : [ {
      "layers" : [ "default-rack", "192\\.168\\.1\\.102" ]
    }, {
      "layers" : [ "default-rack", "192\\.168\\.1\\.100" ]
    }, {
      "layers" : [ "default-rack", "192\\.168\\.1\\.101" ]
    } ],
    "taskType" : "MAP",
    "taskStatus" : "SUCCESS",
    "taskID" : "task_201407031547_1473_m_000004",
    "inputBytes" : 201330781,
    "inputRecords" : 2013266,
    "outputBytes" : 410766828,
    "outputRecords" : 2013266
  }, {
    "startTime" : 1405157102069,
    "attempts" : [ {
      "result" : "SUCCESS",
      "startTime" : 1405157109311,
      "finishTime" : 1405157121625,
      "attemptID" : "attempt_201407031547_1473_m_000005_0",
      "shuffleFinished" : -1,
      "sortFinished" : -1,
      "hdfsBytesRead" : 201330781,
      "hdfsBytesWritten" : -1,
      "fileBytesRead" : 205406984,
      "fileBytesWritten" : 410766828,
      "mapInputRecords" : 2013266,
      "mapOutputBytes" : 201326600,
      "mapOutputRecords" : 2013266,
      "combineInputRecords" : 0,
      "reduceInputGroups" : -1,
      "reduceInputRecords" : -1,
      "reduceShuffleBytes" : -1,
      "reduceOutputRecords" : -1,
      "spilledRecords" : 4026532,
      "mapInputBytes" : 201326600,
      "resourceUsageMetrics" : {
        "cumulativeCpuUsage" : 7330,
        "virtualMemoryUsage" : 1161797632,
        "physicalMemoryUsage" : 287854592,
        "heapUsage" : 322437120
      },
      "location" : {
        "layers" : [ "default-rack", "Slave11" ]
      },
      "hostName" : "/default-rack/Slave11"
    } ],
    "finishTime" : 1405157114957,
    "preferredLocations" : [ {
      "layers" : [ "default-rack", "192\\.168\\.1\\.100" ]
    }, {
      "layers" : [ "default-rack", "192\\.168\\.1\\.101" ]
    }, {
      "layers" : [ "default-rack", "192\\.168\\.1\\.102" ]
    } ],
    "taskType" : "MAP",
    "taskStatus" : "SUCCESS",
    "taskID" : "task_201407031547_1473_m_000005",
    "inputBytes" : 201330781,
    "inputRecords" : 2013266,
    "outputBytes" : 410766828,
    "outputRecords" : 2013266
  }, {
    "startTime" : 1405157107089,
    "attempts" : [ {
      "result" : "SUCCESS",
      "startTime" : 1405157100036,
      "finishTime" : 1405157107264,
      "attemptID" : "attempt_201407031547_1473_m_000006_0",
      "shuffleFinished" : -1,
      "sortFinished" : -1,
      "hdfsBytesRead" : 201330781,
      "hdfsBytesWritten" : -1,
      "fileBytesRead" : 205402590,
      "fileBytesWritten" : 410766828,
      "mapInputRecords" : 2013266,
      "mapOutputBytes" : 201326600,
      "mapOutputRecords" : 2013266,
      "combineInputRecords" : 0,
      "reduceInputGroups" : -1,
      "reduceInputRecords" : -1,
      "reduceShuffleBytes" : -1,
      "reduceOutputRecords" : -1,
      "spilledRecords" : 4026532,
      "mapInputBytes" : 201326600,
      "resourceUsageMetrics" : {
        "cumulativeCpuUsage" : 5330,
        "virtualMemoryUsage" : 1160704000,
        "physicalMemoryUsage" : 501899264,
        "heapUsage" : 519569408
      },
      "location" : {
        "layers" : [ "default-rack", "Slave12" ]
      },
      "hostName" : "/default-rack/Slave12"
    } ],
    "finishTime" : 1405157114325,
    "preferredLocations" : [ {
      "layers" : [ "default-rack", "192\\.168\\.1\\.100" ]
    }, {
      "layers" : [ "default-rack", "192\\.168\\.1\\.101" ]
    }, {
      "layers" : [ "default-rack", "192\\.168\\.1\\.103" ]
    } ],
    "taskType" : "MAP",
    "taskStatus" : "SUCCESS",
    "taskID" : "task_201407031547_1473_m_000006",
    "inputBytes" : 201330781,
    "inputRecords" : 2013266,
    "outputBytes" : 410766828,
    "outputRecords" : 2013266
  }, {
    "startTime" : 1405157108175,
    "attempts" : [ {
      "result" : "SUCCESS",
      "startTime" : 1405157101146,
      "finishTime" : 1405157111841,
      "attemptID" : "attempt_201407031547_1473_m_000007_0",
      "shuffleFinished" : -1,
      "sortFinished" : -1,
      "hdfsBytesRead" : 201330781,
      "hdfsBytesWritten" : -1,
      "fileBytesRead" : 205404084,
      "fileBytesWritten" : 410766828,
      "mapInputRecords" : 2013266,
      "mapOutputBytes" : 201326600,
      "mapOutputRecords" : 2013266,
      "combineInputRecords" : 0,
      "reduceInputGroups" : -1,
      "reduceInputRecords" : -1,
      "reduceShuffleBytes" : -1,
      "reduceOutputRecords" : -1,
      "spilledRecords" : 4026532,
      "mapInputBytes" : 201326600,
      "resourceUsageMetrics" : {
        "cumulativeCpuUsage" : 5090,
        "virtualMemoryUsage" : 1160925184,
        "physicalMemoryUsage" : 296235008,
        "heapUsage" : 317980672
      },
      "location" : {
        "layers" : [ "default-rack", "Slave12" ]
      },
      "hostName" : "/default-rack/Slave12"
    } ],
    "finishTime" : 1405157119053,
    "preferredLocations" : [ {
      "layers" : [ "default-rack", "192\\.168\\.1\\.102" ]
    }, {
      "layers" : [ "default-rack", "192\\.168\\.1\\.101" ]
    }, {
      "layers" : [ "default-rack", "192\\.168\\.1\\.100" ]
    } ],
    "taskType" : "MAP",
    "taskStatus" : "SUCCESS",
    "taskID" : "task_201407031547_1473_m_000007",
    "inputBytes" : 201330781,
    "inputRecords" : 2013266,
    "outputBytes" : 410766828,
    "outputRecords" : 2013266
  }, {
    "startTime" : 1405157114325,
    "attempts" : [ {
      "result" : "SUCCESS",
      "startTime" : 1405157107272,
      "finishTime" : 1405157123306,
      "attemptID" : "attempt_201407031547_1473_m_000008_0",
      "shuffleFinished" : -1,
      "sortFinished" : -1,
      "hdfsBytesRead" : 201330781,
      "hdfsBytesWritten" : -1,
      "fileBytesRead" : 205404416,
      "fileBytesWritten" : 410766828,
      "mapInputRecords" : 2013266,
      "mapOutputBytes" : 201326600,
      "mapOutputRecords" : 2013266,
      "combineInputRecords" : 0,
      "reduceInputGroups" : -1,
      "reduceInputRecords" : -1,
      "reduceShuffleBytes" : -1,
      "reduceOutputRecords" : -1,
      "spilledRecords" : 4026532,
      "mapInputBytes" : 201326600,
      "resourceUsageMetrics" : {
        "cumulativeCpuUsage" : 5780,
        "virtualMemoryUsage" : 1160704000,
        "physicalMemoryUsage" : 441511936,
        "heapUsage" : 372768768
      },
      "location" : {
        "layers" : [ "default-rack", "Slave12" ]
      },
      "hostName" : "/default-rack/Slave12"
    } ],
    "finishTime" : 1405157130417,
    "preferredLocations" : [ {
      "layers" : [ "default-rack", "192\\.168\\.1\\.100" ]
    }, {
      "layers" : [ "default-rack", "192\\.168\\.1\\.102" ]
    }, {
      "layers" : [ "default-rack", "192\\.168\\.1\\.103" ]
    } ],
    "taskType" : "MAP",
    "taskStatus" : "SUCCESS",
    "taskID" : "task_201407031547_1473_m_000008",
    "inputBytes" : 201330781,
    "inputRecords" : 2013266,
    "outputBytes" : 410766828,
    "outputRecords" : 2013266
  }, {
    "startTime" : 1405157114957,
    "attempts" : [ {
      "result" : "SUCCESS",
      "startTime" : 1405157121850,
      "finishTime" : 1405157153099,
      "attemptID" : "attempt_201407031547_1473_m_000009_0",
      "shuffleFinished" : -1,
      "sortFinished" : -1,
      "hdfsBytesRead" : 201330781,
      "hdfsBytesWritten" : -1,
      "fileBytesRead" : 205393186,
      "fileBytesWritten" : 410766828,
      "mapInputRecords" : 2013266,
      "mapOutputBytes" : 201326600,
      "mapOutputRecords" : 2013266,
      "combineInputRecords" : 0,
      "reduceInputGroups" : -1,
      "reduceInputRecords" : -1,
      "reduceShuffleBytes" : -1,
      "reduceOutputRecords" : -1,
      "spilledRecords" : 4026532,
      "mapInputBytes" : 201326600,
      "resourceUsageMetrics" : {
        "cumulativeCpuUsage" : 5810,
        "virtualMemoryUsage" : 1162461184,
        "physicalMemoryUsage" : 507088896,
        "heapUsage" : 538705920
      },
      "location" : {
        "layers" : [ "default-rack", "Slave11" ]
      },
      "hostName" : "/default-rack/Slave11"
    } ],
    "finishTime" : 1405157146336,
    "preferredLocations" : [ {
      "layers" : [ "default-rack", "192\\.168\\.1\\.100" ]
    }, {
      "layers" : [ "default-rack", "192\\.168\\.1\\.102" ]
    }, {
      "layers" : [ "default-rack", "192\\.168\\.1\\.101" ]
    } ],
    "taskType" : "MAP",
    "taskStatus" : "SUCCESS",
    "taskID" : "task_201407031547_1473_m_000009",
    "inputBytes" : 201330781,
    "inputRecords" : 2013266,
    "outputBytes" : 410766828,
    "outputRecords" : 2013266
  }, {
    "startTime" : 1405157115837,
    "attempts" : [ {
      "result" : "SUCCESS",
      "startTime" : 1405157115837,
      "finishTime" : 1405157131797,
      "attemptID" : "attempt_201407031547_1473_m_000010_0",
      "shuffleFinished" : -1,
      "sortFinished" : -1,
      "hdfsBytesRead" : 201330781,
      "hdfsBytesWritten" : -1,
      "fileBytesRead" : 205394876,
      "fileBytesWritten" : 410766830,
      "mapInputRecords" : 2013266,
      "mapOutputBytes" : 201326600,
      "mapOutputRecords" : 2013266,
      "combineInputRecords" : 0,
      "reduceInputGroups" : -1,
      "reduceInputRecords" : -1,
      "reduceShuffleBytes" : -1,
      "reduceOutputRecords" : -1,
      "spilledRecords" : 4026532,
      "mapInputBytes" : 201326600,
      "resourceUsageMetrics" : {
        "cumulativeCpuUsage" : 4930,
        "virtualMemoryUsage" : 1161973760,
        "physicalMemoryUsage" : 507568128,
        "heapUsage" : 536608768
      },
      "location" : {
        "layers" : [ "default-rack", "Master1" ]
      },
      "hostName" : "/default-rack/Master1"
    } ],
    "finishTime" : 1405157132098,
    "preferredLocations" : [ {
      "layers" : [ "default-rack", "192\\.168\\.1\\.100" ]
    }, {
      "layers" : [ "default-rack", "192\\.168\\.1\\.103" ]
    }, {
      "layers" : [ "default-rack", "192\\.168\\.1\\.101" ]
    } ],
    "taskType" : "MAP",
    "taskStatus" : "SUCCESS",
    "taskID" : "task_201407031547_1473_m_000010",
    "inputBytes" : 201330781,
    "inputRecords" : 2013266,
    "outputBytes" : 410766830,
    "outputRecords" : 2013266
  }, {
    "startTime" : 1405157117785,
    "attempts" : [ {
      "result" : "SUCCESS",
      "startTime" : 1405157124678,
      "finishTime" : 1405157150273,
      "attemptID" : "attempt_201407031547_1473_m_000011_0",
      "shuffleFinished" : -1,
      "sortFinished" : -1,
      "hdfsBytesRead" : 201330781,
      "hdfsBytesWritten" : -1,
      "fileBytesRead" : 205405536,
      "fileBytesWritten" : 410766829,
      "mapInputRecords" : 2013266,
      "mapOutputBytes" : 201326600,
      "mapOutputRecords" : 2013266,
      "combineInputRecords" : 0,
      "reduceInputGroups" : -1,
      "reduceInputRecords" : -1,
      "reduceShuffleBytes" : -1,
      "reduceOutputRecords" : -1,
      "spilledRecords" : 4026532,
      "mapInputBytes" : 201326600,
      "resourceUsageMetrics" : {
        "cumulativeCpuUsage" : 6060,
        "virtualMemoryUsage" : 1160925184,
        "physicalMemoryUsage" : 506150912,
        "heapUsage" : 538181632
      },
      "location" : {
        "layers" : [ "default-rack", "Slave11" ]
      },
      "hostName" : "/default-rack/Slave11"
    } ],
    "finishTime" : 1405157143465,
    "preferredLocations" : [ {
      "layers" : [ "default-rack", "192\\.168\\.1\\.100" ]
    }, {
      "layers" : [ "default-rack", "192\\.168\\.1\\.102" ]
    }, {
      "layers" : [ "default-rack", "192\\.168\\.1\\.103" ]
    } ],
    "taskType" : "MAP",
    "taskStatus" : "SUCCESS",
    "taskID" : "task_201407031547_1473_m_000011",
    "inputBytes" : 201330781,
    "inputRecords" : 2013266,
    "outputBytes" : 410766829,
    "outputRecords" : 2013266
  }, {
    "startTime" : 1405157119054,
    "attempts" : [ {
      "result" : "SUCCESS",
      "startTime" : 1405157112087,
      "finishTime" : 1405157129467,
      "attemptID" : "attempt_201407031547_1473_m_000012_0",
      "shuffleFinished" : -1,
      "sortFinished" : -1,
      "hdfsBytesRead" : 201330781,
      "hdfsBytesWritten" : -1,
      "fileBytesRead" : 205403858,
      "fileBytesWritten" : 410766829,
      "mapInputRecords" : 2013266,
      "mapOutputBytes" : 201326600,
      "mapOutputRecords" : 2013266,
      "combineInputRecords" : 0,
      "reduceInputGroups" : -1,
      "reduceInputRecords" : -1,
      "reduceShuffleBytes" : -1,
      "reduceOutputRecords" : -1,
      "spilledRecords" : 4026532,
      "mapInputBytes" : 201326600,
      "resourceUsageMetrics" : {
        "cumulativeCpuUsage" : 5810,
        "virtualMemoryUsage" : 1161064448,
        "physicalMemoryUsage" : 418537472,
        "heapUsage" : 355729408
      },
      "location" : {
        "layers" : [ "default-rack", "Slave12" ]
      },
      "hostName" : "/default-rack/Slave12"
    } ],
    "finishTime" : 1405157136639,
    "preferredLocations" : [ {
      "layers" : [ "default-rack", "192\\.168\\.1\\.103" ]
    }, {
      "layers" : [ "default-rack", "192\\.168\\.1\\.100" ]
    }, {
      "layers" : [ "default-rack", "192\\.168\\.1\\.101" ]
    } ],
    "taskType" : "MAP",
    "taskStatus" : "SUCCESS",
    "taskID" : "task_201407031547_1473_m_000012",
    "inputBytes" : 201330781,
    "inputRecords" : 2013266,
    "outputBytes" : 410766829,
    "outputRecords" : 2013266
  }, {
    "startTime" : 1405157119350,
    "attempts" : [ {
      "result" : "SUCCESS",
      "startTime" : 1405157119351,
      "finishTime" : 1405157135770,
      "attemptID" : "attempt_201407031547_1473_m_000013_0",
      "shuffleFinished" : -1,
      "sortFinished" : -1,
      "hdfsBytesRead" : 201330781,
      "hdfsBytesWritten" : -1,
      "fileBytesRead" : 205394176,
      "fileBytesWritten" : 410766830,
      "mapInputRecords" : 2013266,
      "mapOutputBytes" : 201326600,
      "mapOutputRecords" : 2013266,
      "combineInputRecords" : 0,
      "reduceInputGroups" : -1,
      "reduceInputRecords" : -1,
      "reduceShuffleBytes" : -1,
      "reduceOutputRecords" : -1,
      "spilledRecords" : 4026532,
      "mapInputBytes" : 201326600,
      "resourceUsageMetrics" : {
        "cumulativeCpuUsage" : 4940,
        "virtualMemoryUsage" : 1158828032,
        "physicalMemoryUsage" : 505221120,
        "heapUsage" : 535822336
      },
      "location" : {
        "layers" : [ "default-rack", "Master1" ]
      },
      "hostName" : "/default-rack/Master1"
    } ],
    "finishTime" : 1405157136326,
    "preferredLocations" : [ {
      "layers" : [ "default-rack", "192\\.168\\.1\\.100" ]
    }, {
      "layers" : [ "default-rack", "192\\.168\\.1\\.103" ]
    }, {
      "layers" : [ "default-rack", "192\\.168\\.1\\.102" ]
    } ],
    "taskType" : "MAP",
    "taskStatus" : "SUCCESS",
    "taskID" : "task_201407031547_1473_m_000013",
    "inputBytes" : 201330781,
    "inputRecords" : 2013266,
    "outputBytes" : 410766830,
    "outputRecords" : 2013266
  }, {
    "startTime" : 1405157119632,
    "attempts" : [ {
      "result" : "SUCCESS",
      "startTime" : 1405157116457,
      "finishTime" : 1405157143196,
      "attemptID" : "attempt_201407031547_1473_m_000014_0",
      "shuffleFinished" : -1,
      "sortFinished" : -1,
      "hdfsBytesRead" : 201330781,
      "hdfsBytesWritten" : -1,
      "fileBytesRead" : 205393614,
      "fileBytesWritten" : 410766829,
      "mapInputRecords" : 2013266,
      "mapOutputBytes" : 201326600,
      "mapOutputRecords" : 2013266,
      "combineInputRecords" : 0,
      "reduceInputGroups" : -1,
      "reduceInputRecords" : -1,
      "reduceShuffleBytes" : -1,
      "reduceOutputRecords" : -1,
      "spilledRecords" : 4026532,
      "mapInputBytes" : 201326600,
      "resourceUsageMetrics" : {
        "cumulativeCpuUsage" : 5060,
        "virtualMemoryUsage" : 1159155712,
        "physicalMemoryUsage" : 514789376,
        "heapUsage" : 555483136
      },
      "location" : {
        "layers" : [ "default-rack", "Slave13" ]
      },
      "hostName" : "/default-rack/Slave13"
    } ],
    "finishTime" : 1405157146599,
    "preferredLocations" : [ {
      "layers" : [ "default-rack", "192\\.168\\.1\\.103" ]
    }, {
      "layers" : [ "default-rack", "192\\.168\\.1\\.101" ]
    }, {
      "layers" : [ "default-rack", "192\\.168\\.1\\.100" ]
    } ],
    "taskType" : "MAP",
    "taskStatus" : "SUCCESS",
    "taskID" : "task_201407031547_1473_m_000014",
    "inputBytes" : 201330781,
    "inputRecords" : 2013266,
    "outputBytes" : 410766829,
    "outputRecords" : 2013266
  }, {
    "startTime" : 1405157121761,
    "attempts" : [ {
      "result" : "SUCCESS",
      "startTime" : 1405157118478,
      "finishTime" : 1405157136629,
      "attemptID" : "attempt_201407031547_1473_m_000015_0",
      "shuffleFinished" : -1,
      "sortFinished" : -1,
      "hdfsBytesRead" : 201330781,
      "hdfsBytesWritten" : -1,
      "fileBytesRead" : 205407686,
      "fileBytesWritten" : 410766829,
      "mapInputRecords" : 2013266,
      "mapOutputBytes" : 201326600,
      "mapOutputRecords" : 2013266,
      "combineInputRecords" : 0,
      "reduceInputGroups" : -1,
      "reduceInputRecords" : -1,
      "reduceShuffleBytes" : -1,
      "reduceOutputRecords" : -1,
      "spilledRecords" : 4026532,
      "mapInputBytes" : 201326600,
      "resourceUsageMetrics" : {
        "cumulativeCpuUsage" : 4910,
        "virtualMemoryUsage" : 1160245248,
        "physicalMemoryUsage" : 506499072,
        "heapUsage" : 554958848
      },
      "location" : {
        "layers" : [ "default-rack", "Slave13" ]
      },
      "hostName" : "/default-rack/Slave13"
    } ],
    "finishTime" : 1405157140724,
    "preferredLocations" : [ {
      "layers" : [ "default-rack", "192\\.168\\.1\\.103" ]
    }, {
      "layers" : [ "default-rack", "192\\.168\\.1\\.101" ]
    }, {
      "layers" : [ "default-rack", "192\\.168\\.1\\.100" ]
    } ],
    "taskType" : "MAP",
    "taskStatus" : "SUCCESS",
    "taskID" : "task_201407031547_1473_m_000015",
    "inputBytes" : 201330781,
    "inputRecords" : 2013266,
    "outputBytes" : 410766829,
    "outputRecords" : 2013266
  }, {
    "startTime" : 1405157130417,
    "attempts" : [ {
      "result" : "SUCCESS",
      "startTime" : 1405157123365,
      "finishTime" : 1405157155121,
      "attemptID" : "attempt_201407031547_1473_m_000016_0",
      "shuffleFinished" : -1,
      "sortFinished" : -1,
      "hdfsBytesRead" : 201330781,
      "hdfsBytesWritten" : -1,
      "fileBytesRead" : 205408708,
      "fileBytesWritten" : 410766829,
      "mapInputRecords" : 2013266,
      "mapOutputBytes" : 201326600,
      "mapOutputRecords" : 2013266,
      "combineInputRecords" : 0,
      "reduceInputGroups" : -1,
      "reduceInputRecords" : -1,
      "reduceShuffleBytes" : -1,
      "reduceOutputRecords" : -1,
      "spilledRecords" : 4026532,
      "mapInputBytes" : 201326600,
      "resourceUsageMetrics" : {
        "cumulativeCpuUsage" : 7900,
        "virtualMemoryUsage" : 1157832704,
        "physicalMemoryUsage" : 302157824,
        "heapUsage" : 333185024
      },
      "location" : {
        "layers" : [ "default-rack", "Slave12" ]
      },
      "hostName" : "/default-rack/Slave12"
    } ],
    "finishTime" : 1405157162406,
    "preferredLocations" : [ {
      "layers" : [ "default-rack", "192\\.168\\.1\\.101" ]
    }, {
      "layers" : [ "default-rack", "192\\.168\\.1\\.103" ]
    }, {
      "layers" : [ "default-rack", "192\\.168\\.1\\.100" ]
    } ],
    "taskType" : "MAP",
    "taskStatus" : "SUCCESS",
    "taskID" : "task_201407031547_1473_m_000016",
    "inputBytes" : 201330781,
    "inputRecords" : 2013266,
    "outputBytes" : 410766829,
    "outputRecords" : 2013266
  }, {
    "startTime" : 1405157132098,
    "attempts" : [ {
      "result" : "SUCCESS",
      "startTime" : 1405157132099,
      "finishTime" : 1405157147752,
      "attemptID" : "attempt_201407031547_1473_m_000017_0",
      "shuffleFinished" : -1,
      "sortFinished" : -1,
      "hdfsBytesRead" : 201330781,
      "hdfsBytesWritten" : -1,
      "fileBytesRead" : 205405754,
      "fileBytesWritten" : 410766830,
      "mapInputRecords" : 2013266,
      "mapOutputBytes" : 201326600,
      "mapOutputRecords" : 2013266,
      "combineInputRecords" : 0,
      "reduceInputGroups" : -1,
      "reduceInputRecords" : -1,
      "reduceShuffleBytes" : -1,
      "reduceOutputRecords" : -1,
      "spilledRecords" : 4026532,
      "mapInputBytes" : 201326600,
      "resourceUsageMetrics" : {
        "cumulativeCpuUsage" : 5340,
        "virtualMemoryUsage" : 1161973760,
        "physicalMemoryUsage" : 426254336,
        "heapUsage" : 355467264
      },
      "location" : {
        "layers" : [ "default-rack", "Master1" ]
      },
      "hostName" : "/default-rack/Master1"
    } ],
    "finishTime" : 1405157147998,
    "preferredLocations" : [ {
      "layers" : [ "default-rack", "192\\.168\\.1\\.103" ]
    }, {
      "layers" : [ "default-rack", "192\\.168\\.1\\.100" ]
    }, {
      "layers" : [ "default-rack", "192\\.168\\.1\\.101" ]
    } ],
    "taskType" : "MAP",
    "taskStatus" : "SUCCESS",
    "taskID" : "task_201407031547_1473_m_000017",
    "inputBytes" : 201330781,
    "inputRecords" : 2013266,
    "outputBytes" : 410766830,
    "outputRecords" : 2013266
  }, {
    "startTime" : 1405157136326,
    "attempts" : [ {
      "result" : "SUCCESS",
      "startTime" : 1405157136327,
      "finishTime" : 1405157172769,
      "attemptID" : "attempt_201407031547_1473_m_000018_0",
      "shuffleFinished" : -1,
      "sortFinished" : -1,
      "hdfsBytesRead" : 201330781,
      "hdfsBytesWritten" : -1,
      "fileBytesRead" : 205412376,
      "fileBytesWritten" : 410766830,
      "mapInputRecords" : 2013266,
      "mapOutputBytes" : 201326600,
      "mapOutputRecords" : 2013266,
      "combineInputRecords" : 0,
      "reduceInputGroups" : -1,
      "reduceInputRecords" : -1,
      "reduceShuffleBytes" : -1,
      "reduceOutputRecords" : -1,
      "spilledRecords" : 4026532,
      "mapInputBytes" : 201326600,
      "resourceUsageMetrics" : {
        "cumulativeCpuUsage" : 6730,
        "virtualMemoryUsage" : 1158828032,
        "physicalMemoryUsage" : 424448000,
        "heapUsage" : 360710144
      },
      "location" : {
        "layers" : [ "default-rack", "Master1" ]
      },
      "hostName" : "/default-rack/Master1"
    }, {
      "result" : "KILLED",
      "startTime" : 1405157167847,
      "finishTime" : 1405157181235,
      "attemptID" : "attempt_201407031547_1473_m_000018_1",
      "shuffleFinished" : -1,
      "sortFinished" : -1,
      "hdfsBytesRead" : -1,
      "hdfsBytesWritten" : -1,
      "fileBytesRead" : -1,
      "fileBytesWritten" : -1,
      "mapInputRecords" : -1,
      "mapOutputBytes" : -1,
      "mapOutputRecords" : -1,
      "combineInputRecords" : -1,
      "reduceInputGroups" : -1,
      "reduceInputRecords" : -1,
      "reduceShuffleBytes" : -1,
      "reduceOutputRecords" : -1,
      "spilledRecords" : -1,
      "mapInputBytes" : -1,
      "resourceUsageMetrics" : {
        "cumulativeCpuUsage" : 0,
        "virtualMemoryUsage" : 0,
        "physicalMemoryUsage" : 0,
        "heapUsage" : 0
      },
      "location" : null,
      "hostName" : null
    } ],
    "finishTime" : 1405157173070,
    "preferredLocations" : [ {
      "layers" : [ "default-rack", "192\\.168\\.1\\.102" ]
    }, {
      "layers" : [ "default-rack", "192\\.168\\.1\\.101" ]
    }, {
      "layers" : [ "default-rack", "192\\.168\\.1\\.103" ]
    } ],
    "taskType" : "MAP",
    "taskStatus" : "SUCCESS",
    "taskID" : "task_201407031547_1473_m_000018",
    "inputBytes" : 201330781,
    "inputRecords" : 2013266,
    "outputBytes" : 410766830,
    "outputRecords" : 2013266
  }, {
    "startTime" : 1405157136639,
    "attempts" : [ {
      "result" : "SUCCESS",
      "startTime" : 1405157129586,
      "finishTime" : 1405157151104,
      "attemptID" : "attempt_201407031547_1473_m_000019_0",
      "shuffleFinished" : -1,
      "sortFinished" : -1,
      "hdfsBytesRead" : 201330781,
      "hdfsBytesWritten" : -1,
      "fileBytesRead" : 205401856,
      "fileBytesWritten" : 410766829,
      "mapInputRecords" : 2013266,
      "mapOutputBytes" : 201326600,
      "mapOutputRecords" : 2013266,
      "combineInputRecords" : 0,
      "reduceInputGroups" : -1,
      "reduceInputRecords" : -1,
      "reduceShuffleBytes" : -1,
      "reduceOutputRecords" : -1,
      "spilledRecords" : 4026532,
      "mapInputBytes" : 201326600,
      "resourceUsageMetrics" : {
        "cumulativeCpuUsage" : 5130,
        "virtualMemoryUsage" : 1161064448,
        "physicalMemoryUsage" : 523239424,
        "heapUsage" : 560201728
      },
      "location" : {
        "layers" : [ "default-rack", "Slave12" ]
      },
      "hostName" : "/default-rack/Slave12"
    } ],
    "finishTime" : 1405157158280,
    "preferredLocations" : [ {
      "layers" : [ "default-rack", "192\\.168\\.1\\.103" ]
    }, {
      "layers" : [ "default-rack", "192\\.168\\.1\\.102" ]
    }, {
      "layers" : [ "default-rack", "192\\.168\\.1\\.100" ]
    } ],
    "taskType" : "MAP",
    "taskStatus" : "SUCCESS",
    "taskID" : "task_201407031547_1473_m_000019",
    "inputBytes" : 201330781,
    "inputRecords" : 2013266,
    "outputBytes" : 410766829,
    "outputRecords" : 2013266
  }, {
    "startTime" : 1405157140725,
    "attempts" : [ {
      "result" : "SUCCESS",
      "startTime" : 1405157137540,
      "finishTime" : 1405157159299,
      "attemptID" : "attempt_201407031547_1473_m_000020_0",
      "shuffleFinished" : -1,
      "sortFinished" : -1,
      "hdfsBytesRead" : 201330781,
      "hdfsBytesWritten" : -1,
      "fileBytesRead" : 205394974,
      "fileBytesWritten" : 410766829,
      "mapInputRecords" : 2013266,
      "mapOutputBytes" : 201326600,
      "mapOutputRecords" : 2013266,
      "combineInputRecords" : 0,
      "reduceInputGroups" : -1,
      "reduceInputRecords" : -1,
      "reduceShuffleBytes" : -1,
      "reduceOutputRecords" : -1,
      "spilledRecords" : 4026532,
      "mapInputBytes" : 201326600,
      "resourceUsageMetrics" : {
        "cumulativeCpuUsage" : 5150,
        "virtualMemoryUsage" : 1160245248,
        "physicalMemoryUsage" : 430891008,
        "heapUsage" : 367525888
      },
      "location" : {
        "layers" : [ "default-rack", "Slave13" ]
      },
      "hostName" : "/default-rack/Slave13"
    } ],
    "finishTime" : 1405157162615,
    "preferredLocations" : [ {
      "layers" : [ "default-rack", "192\\.168\\.1\\.103" ]
    }, {
      "layers" : [ "default-rack", "192\\.168\\.1\\.102" ]
    }, {
      "layers" : [ "default-rack", "192\\.168\\.1\\.101" ]
    } ],
    "taskType" : "MAP",
    "taskStatus" : "SUCCESS",
    "taskID" : "task_201407031547_1473_m_000020",
    "inputBytes" : 201330781,
    "inputRecords" : 2013266,
    "outputBytes" : 410766829,
    "outputRecords" : 2013266
  }, {
    "startTime" : 1405157143465,
    "attempts" : [ {
      "result" : "SUCCESS",
      "startTime" : 1405157150369,
      "finishTime" : 1405157164631,
      "attemptID" : "attempt_201407031547_1473_m_000021_0",
      "shuffleFinished" : -1,
      "sortFinished" : -1,
      "hdfsBytesRead" : 201330781,
      "hdfsBytesWritten" : -1,
      "fileBytesRead" : 205410806,
      "fileBytesWritten" : 410766829,
      "mapInputRecords" : 2013266,
      "mapOutputBytes" : 201326600,
      "mapOutputRecords" : 2013266,
      "combineInputRecords" : 0,
      "reduceInputGroups" : -1,
      "reduceInputRecords" : -1,
      "reduceShuffleBytes" : -1,
      "reduceOutputRecords" : -1,
      "spilledRecords" : 4026532,
      "mapInputBytes" : 201326600,
      "resourceUsageMetrics" : {
        "cumulativeCpuUsage" : 4960,
        "virtualMemoryUsage" : 1161084928,
        "physicalMemoryUsage" : 459350016,
        "heapUsage" : 387448832
      },
      "location" : {
        "layers" : [ "default-rack", "Slave11" ]
      },
      "hostName" : "/default-rack/Slave11"
    } ],
    "finishTime" : 1405157158025,
    "preferredLocations" : [ {
      "layers" : [ "default-rack", "192\\.168\\.1\\.101" ]
    }, {
      "layers" : [ "default-rack", "192\\.168\\.1\\.103" ]
    }, {
      "layers" : [ "default-rack", "192\\.168\\.1\\.102" ]
    } ],
    "taskType" : "MAP",
    "taskStatus" : "SUCCESS",
    "taskID" : "task_201407031547_1473_m_000021",
    "inputBytes" : 201330781,
    "inputRecords" : 2013266,
    "outputBytes" : 410766829,
    "outputRecords" : 2013266
  }, {
    "startTime" : 1405157146336,
    "attempts" : [ {
      "result" : "SUCCESS",
      "startTime" : 1405157153229,
      "finishTime" : 1405157167112,
      "attemptID" : "attempt_201407031547_1473_m_000022_0",
      "shuffleFinished" : -1,
      "sortFinished" : -1,
      "hdfsBytesRead" : 201330781,
      "hdfsBytesWritten" : -1,
      "fileBytesRead" : 205399528,
      "fileBytesWritten" : 410766829,
      "mapInputRecords" : 2013266,
      "mapOutputBytes" : 201326600,
      "mapOutputRecords" : 2013266,
      "combineInputRecords" : 0,
      "reduceInputGroups" : -1,
      "reduceInputRecords" : -1,
      "reduceShuffleBytes" : -1,
      "reduceOutputRecords" : -1,
      "spilledRecords" : 4026532,
      "mapInputBytes" : 201326600,
      "resourceUsageMetrics" : {
        "cumulativeCpuUsage" : 5440,
        "virtualMemoryUsage" : 1162461184,
        "physicalMemoryUsage" : 259084288,
        "heapUsage" : 187432960
      },
      "location" : {
        "layers" : [ "default-rack", "Slave11" ]
      },
      "hostName" : "/default-rack/Slave11"
    } ],
    "finishTime" : 1405157160523,
    "preferredLocations" : [ {
      "layers" : [ "default-rack", "192\\.168\\.1\\.103" ]
    }, {
      "layers" : [ "default-rack", "192\\.168\\.1\\.102" ]
    }, {
      "layers" : [ "default-rack", "192\\.168\\.1\\.100" ]
    } ],
    "taskType" : "MAP",
    "taskStatus" : "SUCCESS",
    "taskID" : "task_201407031547_1473_m_000022",
    "inputBytes" : 201330781,
    "inputRecords" : 2013266,
    "outputBytes" : 410766829,
    "outputRecords" : 2013266
  }, {
    "startTime" : 1405157146599,
    "attempts" : [ {
      "result" : "SUCCESS",
      "startTime" : 1405157143316,
      "finishTime" : 1405157171175,
      "attemptID" : "attempt_201407031547_1473_m_000023_0",
      "shuffleFinished" : -1,
      "sortFinished" : -1,
      "hdfsBytesRead" : 201330781,
      "hdfsBytesWritten" : -1,
      "fileBytesRead" : 205404658,
      "fileBytesWritten" : 410766829,
      "mapInputRecords" : 2013266,
      "mapOutputBytes" : 201326600,
      "mapOutputRecords" : 2013266,
      "combineInputRecords" : 0,
      "reduceInputGroups" : -1,
      "reduceInputRecords" : -1,
      "reduceShuffleBytes" : -1,
      "reduceOutputRecords" : -1,
      "spilledRecords" : 4026532,
      "mapInputBytes" : 201326600,
      "resourceUsageMetrics" : {
        "cumulativeCpuUsage" : 4940,
        "virtualMemoryUsage" : 1159155712,
        "physicalMemoryUsage" : 729145344,
        "heapUsage" : 700973056
      },
      "location" : {
        "layers" : [ "default-rack", "Slave13" ]
      },
      "hostName" : "/default-rack/Slave13"
    }, {
      "result" : "KILLED",
      "startTime" : 1405157155355,
      "finishTime" : 1405157169793,
      "attemptID" : "attempt_201407031547_1473_m_000023_1",
      "shuffleFinished" : -1,
      "sortFinished" : -1,
      "hdfsBytesRead" : -1,
      "hdfsBytesWritten" : -1,
      "fileBytesRead" : -1,
      "fileBytesWritten" : -1,
      "mapInputRecords" : -1,
      "mapOutputBytes" : -1,
      "mapOutputRecords" : -1,
      "combineInputRecords" : -1,
      "reduceInputGroups" : -1,
      "reduceInputRecords" : -1,
      "reduceShuffleBytes" : -1,
      "reduceOutputRecords" : -1,
      "spilledRecords" : -1,
      "mapInputBytes" : -1,
      "resourceUsageMetrics" : {
        "cumulativeCpuUsage" : 0,
        "virtualMemoryUsage" : 0,
        "physicalMemoryUsage" : 0,
        "heapUsage" : 0
      },
      "location" : null,
      "hostName" : null
    } ],
    "finishTime" : 1405157174473,
    "preferredLocations" : [ {
      "layers" : [ "default-rack", "192\\.168\\.1\\.103" ]
    }, {
      "layers" : [ "default-rack", "192\\.168\\.1\\.102" ]
    }, {
      "layers" : [ "default-rack", "192\\.168\\.1\\.100" ]
    } ],
    "taskType" : "MAP",
    "taskStatus" : "SUCCESS",
    "taskID" : "task_201407031547_1473_m_000023",
    "inputBytes" : 201330781,
    "inputRecords" : 2013266,
    "outputBytes" : 410766829,
    "outputRecords" : 2013266
  } ],
  "finishTime" : 1405157201287,
  "reduceTasks" : [ {
    "startTime" : 1405157108175,
    "attempts" : [ {
      "result" : "SUCCESS",
      "startTime" : 1405157101146,
      "finishTime" : 1405157193027,
      "attemptID" : "attempt_201407031547_1473_r_000000_0",
      "shuffleFinished" : 1405157169929,
      "sortFinished" : 1405157172320,
      "hdfsBytesRead" : -1,
      "hdfsBytesWritten" : 1255909800,
      "fileBytesRead" : 2062621716,
      "fileBytesWritten" : 2062681869,
      "mapInputRecords" : -1,
      "mapOutputBytes" : -1,
      "mapOutputRecords" : -1,
      "combineInputRecords" : 0,
      "reduceInputGroups" : 12559098,
      "reduceInputRecords" : 12559098,
      "reduceShuffleBytes" : 1281028152,
      "reduceOutputRecords" : 12559098,
      "spilledRecords" : 20221780,
      "mapInputBytes" : -1,
      "resourceUsageMetrics" : {
        "cumulativeCpuUsage" : 21460,
        "virtualMemoryUsage" : 402882560,
        "physicalMemoryUsage" : 108466176,
        "heapUsage" : 78905344
      },
      "location" : {
        "layers" : [ "default-rack", "Slave12" ]
      },
      "hostName" : "/default-rack/Slave12"
    } ],
    "finishTime" : 1405157200276,
    "preferredLocations" : [ ],
    "taskType" : "REDUCE",
    "taskStatus" : "SUCCESS",
    "taskID" : "task_201407031547_1473_r_000000",
    "inputBytes" : 1281028152,
    "inputRecords" : 12559098,
    "outputBytes" : 1255909800,
    "outputRecords" : 12559098
  }, {
    "startTime" : 1405157108175,
    "attempts" : [ {
      "result" : "SUCCESS",
      "startTime" : 1405157108176,
      "finishTime" : 1405157200532,
      "attemptID" : "attempt_201407031547_1473_r_000001_0",
      "shuffleFinished" : 1405157180526,
      "sortFinished" : 1405157183182,
      "hdfsBytesRead" : -1,
      "hdfsBytesWritten" : 1238761000,
      "fileBytesRead" : 2034616902,
      "fileBytesWritten" : 2034677056,
      "mapInputRecords" : -1,
      "mapOutputBytes" : -1,
      "mapOutputRecords" : -1,
      "combineInputRecords" : 0,
      "reduceInputGroups" : 12387610,
      "reduceInputRecords" : 12387610,
      "reduceShuffleBytes" : 1263536376,
      "reduceOutputRecords" : 12387610,
      "spilledRecords" : 19947223,
      "mapInputBytes" : -1,
      "resourceUsageMetrics" : {
        "cumulativeCpuUsage" : 22130,
        "virtualMemoryUsage" : 402534400,
        "physicalMemoryUsage" : 108081152,
        "heapUsage" : 78643200
      },
      "location" : {
        "layers" : [ "default-rack", "Master1" ]
      },
      "hostName" : "/default-rack/Master1"
    } ],
    "finishTime" : 1405157200682,
    "preferredLocations" : [ ],
    "taskType" : "REDUCE",
    "taskStatus" : "SUCCESS",
    "taskID" : "task_201407031547_1473_r_000001",
    "inputBytes" : 1263536376,
    "inputRecords" : 12387610,
    "outputBytes" : 1238761000,
    "outputRecords" : 12387610
  }, {
    "startTime" : 1405157108175,
    "attempts" : [ {
      "result" : "SUCCESS",
      "startTime" : 1405157115068,
      "finishTime" : 1405157206958,
      "attemptID" : "attempt_201407031547_1473_r_000002_0",
      "shuffleFinished" : 1405157184390,
      "sortFinished" : 1405157187396,
      "hdfsBytesRead" : -1,
      "hdfsBytesWritten" : 1252884400,
      "fileBytesRead" : 2057897586,
      "fileBytesWritten" : 2057957739,
      "mapInputRecords" : -1,
      "mapOutputBytes" : -1,
      "mapOutputRecords" : -1,
      "combineInputRecords" : 0,
      "reduceInputGroups" : 12528844,
      "reduceInputRecords" : 12528844,
      "reduceShuffleBytes" : 1277942244,
      "reduceOutputRecords" : 12528844,
      "spilledRecords" : 20175465,
      "mapInputBytes" : -1,
      "resourceUsageMetrics" : {
        "cumulativeCpuUsage" : 21000,
        "virtualMemoryUsage" : 404951040,
        "physicalMemoryUsage" : 109887488,
        "heapUsage" : 78643200
      },
      "location" : {
        "layers" : [ "default-rack", "Slave11" ]
      },
      "hostName" : "/default-rack/Slave11"
    } ],
    "finishTime" : 1405157200160,
    "preferredLocations" : [ ],
    "taskType" : "REDUCE",
    "taskStatus" : "SUCCESS",
    "taskID" : "task_201407031547_1473_r_000002",
    "inputBytes" : 1277942244,
    "inputRecords" : 12528844,
    "outputBytes" : 1252884400,
    "outputRecords" : 12528844
  }, {
    "startTime" : 1405157108175,
    "attempts" : [ {
      "result" : "SUCCESS",
      "startTime" : 1405157104893,
      "finishTime" : 1405157196537,
      "attemptID" : "attempt_201407031547_1473_r_000003_0",
      "shuffleFinished" : 1405157173680,
      "sortFinished" : 1405157176811,
      "hdfsBytesRead" : -1,
      "hdfsBytesWritten" : 1252444800,
      "fileBytesRead" : 2057069856,
      "fileBytesWritten" : 2057130009,
      "mapInputRecords" : -1,
      "mapOutputBytes" : -1,
      "mapOutputRecords" : -1,
      "combineInputRecords" : 0,
      "reduceInputGroups" : 12524448,
      "reduceInputRecords" : 12524448,
      "reduceShuffleBytes" : 1277493852,
      "reduceOutputRecords" : 12524448,
      "spilledRecords" : 20167350,
      "mapInputBytes" : -1,
      "resourceUsageMetrics" : {
        "cumulativeCpuUsage" : 20720,
        "virtualMemoryUsage" : 404873216,
        "physicalMemoryUsage" : 109862912,
        "heapUsage" : 78905344
      },
      "location" : {
        "layers" : [ "default-rack", "Slave13" ]
      },
      "hostName" : "/default-rack/Slave13"
    } ],
    "finishTime" : 1405157200020,
    "preferredLocations" : [ ],
    "taskType" : "REDUCE",
    "taskStatus" : "SUCCESS",
    "taskID" : "task_201407031547_1473_r_000003",
    "inputBytes" : 1277493852,
    "inputRecords" : 12524448,
    "outputBytes" : 1252444800,
    "outputRecords" : 12524448
  } ],
  "submitTime" : 1405157100524,
  "launchTime" : 1405157100627,
  "totalMaps" : 26,
  "totalReduces" : 4,
  "otherTasks" : [ {
    "startTime" : 1405157100737,
    "attempts" : [ {
      "result" : "SUCCESS",
      "startTime" : 1405157094057,
      "finishTime" : 1405157094690,
      "attemptID" : "attempt_201407031547_1473_m_000027_0",
      "shuffleFinished" : -1,
      "sortFinished" : -1,
      "hdfsBytesRead" : -1,
      "hdfsBytesWritten" : -1,
      "fileBytesRead" : -1,
      "fileBytesWritten" : 60245,
      "mapInputRecords" : -1,
      "mapOutputBytes" : -1,
      "mapOutputRecords" : -1,
      "combineInputRecords" : -1,
      "reduceInputGroups" : -1,
      "reduceInputRecords" : -1,
      "reduceShuffleBytes" : -1,
      "reduceOutputRecords" : -1,
      "spilledRecords" : 0,
      "mapInputBytes" : -1,
      "resourceUsageMetrics" : {
        "cumulativeCpuUsage" : 50,
        "virtualMemoryUsage" : 1157079040,
        "physicalMemoryUsage" : 62246912,
        "heapUsage" : 64487424
      },
      "location" : {
        "layers" : [ "default-rack", "Slave12" ]
      },
      "hostName" : "/default-rack/Slave12"
    } ],
    "finishTime" : 1405157101946,
    "preferredLocations" : [ ],
    "taskType" : "SETUP",
    "taskStatus" : "SUCCESS",
    "taskID" : "task_201407031547_1473_m_000027",
    "inputBytes" : -1,
    "inputRecords" : -1,
    "outputBytes" : -1,
    "outputRecords" : -1
  }, {
    "startTime" : 1405157200683,
    "attempts" : [ {
      "result" : "SUCCESS",
      "startTime" : 1405157200686,
      "finishTime" : 1405157201198,
      "attemptID" : "attempt_201407031547_1473_m_000026_0",
      "shuffleFinished" : -1,
      "sortFinished" : -1,
      "hdfsBytesRead" : -1,
      "hdfsBytesWritten" : -1,
      "fileBytesRead" : -1,
      "fileBytesWritten" : 60246,
      "mapInputRecords" : -1,
      "mapOutputBytes" : -1,
      "mapOutputRecords" : -1,
      "combineInputRecords" : -1,
      "reduceInputGroups" : -1,
      "reduceInputRecords" : -1,
      "reduceShuffleBytes" : -1,
      "reduceOutputRecords" : -1,
      "spilledRecords" : 0,
      "mapInputBytes" : -1,
      "resourceUsageMetrics" : {
        "cumulativeCpuUsage" : 20,
        "virtualMemoryUsage" : 1161973760,
        "physicalMemoryUsage" : 426344448,
        "heapUsage" : 355467264
      },
      "location" : {
        "layers" : [ "default-rack", "Master1" ]
      },
      "hostName" : "/default-rack/Master1"
    } ],
    "finishTime" : 1405157201287,
    "preferredLocations" : [ ],
    "taskType" : "CLEANUP",
    "taskStatus" : "SUCCESS",
    "taskID" : "task_201407031547_1473_m_000026",
    "inputBytes" : -1,
    "inputRecords" : -1,
    "outputBytes" : -1,
    "outputRecords" : -1
  } ],
  "relativeTime" : 0,
  "clusterMapMB" : -1,
  "clusterReduceMB" : -1,
  "jobMapMB" : 200,
  "jobReduceMB" : 200,
  "queue" : "default",
  "jobProperties" : {
    "fs.s3n.impl" : "org.apache.hadoop.fs.s3native.NativeS3FileSystem",
    "mapred.task.cache.levels" : "2",
    "mapreduce.job.restart.recover" : "true",
    "mapreduce.job.counters.max" : "120",
    "dfs.client.use.datanode.hostname" : "false",
    "hadoop.tmp.dir" : "/tmp/hadoop-${user.name}",
    "hadoop.native.lib" : "true",
    "map.sort.class" : "org.apache.hadoop.util.QuickSort",
    "dfs.namenode.decommission.nodes.per.interval" : "5",
    "dfs.https.need.client.auth" : "false",
    "dfs.datanode.drop.cache.behind.writes" : "false",
    "ipc.client.idlethreshold" : "4000",
    "mapred.system.dir" : "${hadoop.tmp.dir}/mapred/system",
    "dfs.datanode.data.dir.perm" : "755",
    "mapred.job.tracker.persist.jobstatus.hours" : "0",
    "dfs.namenode.logging.level" : "info",
    "dfs.datanode.address" : "0.0.0.0:50010",
    "io.skip.checksum.errors" : "false",
    "dfs.block.access.token.enable" : "false",
    "fs.default.name" : "hdfs://Master1:9000",
    "mapred.cluster.reduce.memory.mb" : "-1",
    "mapred.child.tmp" : "./tmp",
    "fs.har.impl.disable.cache" : "true",
    "dfs.safemode.threshold.pct" : "0.999f",
    "mapred.skip.reduce.max.skip.groups" : "0",
    "mapred.heartbeats.in.second" : "100",
    "dfs.namenode.handler.count" : "10",
    "dfs.blockreport.initialDelay" : "0",
    "mapred.tasktracker.dns.nameserver" : "default",
    "io.sort.factor" : "10",
    "dfs.datanode.drop.cache.behind.reads" : "false",
    "mapred.task.timeout" : "600000",
    "mapred.max.tracker.failures" : "4",
    "hadoop.rpc.socket.factory.class.default" : "org.apache.hadoop.net.StandardSocketFactory",
    "mapred.job.tracker.jobhistory.lru.cache.size" : "5",
    "fs.hdfs.impl" : "org.apache.hadoop.hdfs.DistributedFileSystem",
    "mapred.queue.default.acl-administer-jobs" : "*",
    "dfs.namenode.stale.datanode.interval" : "30000",
    "mapred.output.key.class" : "org.apache.hadoop.io.Text",
    "dfs.block.access.key.update.interval" : "600",
    "mapred.skip.map.auto.incr.proc.count" : "true",
    "mapreduce.job.complete.cancel.delegation.tokens" : "true",
    "io.mapfile.bloom.size" : "1048576",
    "mapreduce.reduce.shuffle.connect.timeout" : "180000",
    "dfs.safemode.extension" : "30000",
    "mapred.jobtracker.blacklist.fault-timeout-window" : "180",
    "dfs.namenode.write.stale.datanode.ratio" : "0.5f",
    "hadoop.skip.worker.version.check" : "false",
    "tasktracker.http.threads" : "40",
    "net.topology.impl" : "org.apache.hadoop.net.NetworkTopology",
    "mapred.job.shuffle.merge.percent" : "0.5",
    "fs.ftp.impl" : "org.apache.hadoop.fs.ftp.FTPFileSystem",
    "user.name" : "itri-hadoop",
    "dfs.namenode.kerberos.internal.spnego.principal" : "${dfs.web.authentication.kerberos.principal}",
    "mapred.output.compress" : "true",
    "io.bytes.per.checksum" : "512",
    "mapred.combine.recordsBeforeProgress" : "10000",
    "mapred.healthChecker.script.timeout" : "600000",
    "mapred.cache.files.filesizes" : "210",
    "topology.node.switch.mapping.impl" : "org.apache.hadoop.net.ScriptBasedMapping",
    "dfs.https.server.keystore.resource" : "ssl-server.xml",
    "mapred.reduce.slowstart.completed.maps" : "0.07",
    "mapred.reduce.max.attempts" : "4",
    "dfs.namenode.safemode.min.datanodes" : "0",
    "mapreduce.ifile.readahead.bytes" : "4194304",
    "fs.ramfs.impl" : "org.apache.hadoop.fs.InMemoryFileSystem",
    "dfs.block.access.token.lifetime" : "600",
    "mapred.skip.map.max.skip.records" : "0",
    "dfs.name.edits.dir" : "${dfs.name.dir}",
    "mapred.cluster.map.memory.mb" : "-1",
    "hadoop.security.group.mapping" : "org.apache.hadoop.security.ShellBasedUnixGroupsMapping",
    "mapred.job.tracker.persist.jobstatus.dir" : "/jobtracker/jobsInfo",
    "mapred.jar" : "hdfs://Master1:9000/tmp/hadoop-itri-hadoop/mapred/staging/itri-hadoop/.staging/job_201407031547_1473/job.jar",
    "fs.s3.buffer.dir" : "${hadoop.tmp.dir}/s3",
    "dfs.block.size" : "67108864",
    "job.end.retry.attempts" : "0",
    "fs.file.impl" : "org.apache.hadoop.fs.LocalFileSystem",
    "dfs.namenode.avoid.write.stale.datanode" : "false",
    "dfs.datanode.max.xcievers" : "4096",
    "mapred.local.dir.minspacestart" : "0",
    "mapred.output.compression.type" : "RECORD",
    "dfs.datanode.ipc.address" : "0.0.0.0:50020",
    "dfs.permissions" : "true",
    "topology.script.number.args" : "100",
    "mapreduce.job.counters.groups.max" : "50",
    "io.mapfile.bloom.error.rate" : "0.005",
    "mapred.cluster.max.reduce.memory.mb" : "-1",
    "mapred.max.tracker.blacklists" : "4",
    "mapred.task.profile.maps" : "0-2",
    "mapred.jobtracker.jobSchedulable" : "org.apache.hadoop.mapred.JobSchedulable",
    "dfs.datanode.https.address" : "0.0.0.0:50475",
    "mapred.userlog.retain.hours" : "24",
    "dfs.secondary.http.address" : "0.0.0.0:50090",
    "dfs.namenode.replication.work.multiplier.per.iteration" : "2",
    "dfs.replication.max" : "512",
    "mapred.job.tracker.persist.jobstatus.active" : "false",
    "hadoop.security.authorization" : "false",
    "local.cache.size" : "10737418240",
    "mapred.min.split.size" : "201326592",
    "dfs.namenode.delegation.token.renew-interval" : "86400000",
    "mapred.map.tasks" : "26",
    "mapred.child.java.opts" : "-Xmx200m",
    "mapred.partitioner.class" : "org.apache.hadoop.examples.terasort.TeraSort$TotalOrderPartitioner",
    "mapred.output.value.class" : "org.apache.hadoop.io.Text",
    "dfs.https.client.keystore.resource" : "ssl-client.xml",
    "ipc.client.fallback-to-simple-auth-allowed" : "false",
    "mapred.job.queue.name" : "default",
    "mapred.job.tracker.retiredjobs.cache.size" : "1000",
    "dfs.https.address" : "0.0.0.0:50470",
    "dfs.balance.bandwidthPerSec" : "1048576",
    "ipc.server.listen.queue.size" : "128",
    "dfs.namenode.invalidate.work.pct.per.iteration" : "0.32f",
    "mapred.inmem.merge.threshold" : "1200",
    "job.end.retry.interval" : "30000",
    "mapred.skip.attempts.to.start.skipping" : "2",
    "mapreduce.tasktracker.outofband.heartbeat.damper" : "1000000",
    "hadoop.security.use-weak-http-crypto" : "false",
    "fs.checkpoint.dir" : "${hadoop.tmp.dir}/dfs/namesecondary",
    "dfs.namenode.avoid.read.stale.datanode" : "false",
    "mapred.reduce.tasks" : "4",
    "mapred.merge.recordsBeforeProgress" : "10000",
    "mapred.userlog.limit.kb" : "0",
    "mapred.job.reduce.memory.mb" : "-1",
    "webinterface.private.actions" : "false",
    "dfs.max.objects" : "0",
    "hadoop.security.token.service.use_ip" : "true",
    "io.sort.spill.percent" : "0.5",
    "mapred.job.shuffle.input.buffer.percent" : "0.9",
    "mapred.map.tasks.speculative.execution" : "true",
    "hadoop.http.authentication.type" : "simple",
    "mapred.job.name" : "TeraSort",
    "hadoop.util.hash.type" : "murmur",
    "dfs.datanode.dns.nameserver" : "default",
    "hadoop.security.instrumentation.requires.admin" : "false",
    "dfs.blockreport.intervalMsec" : "3600000",
    "dfs.datanode.readahead.bytes" : "4193404",
    "mapred.map.max.attempts" : "4",
    "mapreduce.job.acl-view-job" : " ",
    "mapreduce.ifile.readahead" : "true",
    "mapred.jobtracker.nodegroup.aware" : "false",
    "mapred.job.tracker.handler.count" : "10",
    "dfs.client.block.write.retries" : "3",
    "mapred.input.format.class" : "org.apache.hadoop.examples.terasort.TeraInputFormat",
    "mapreduce.reduce.shuffle.read.timeout" : "180000",
    "mapred.tasktracker.expiry.interval" : "600000",
    "dfs.secondary.namenode.kerberos.internal.spnego.principal" : "${dfs.web.authentication.kerberos.principal}",
    "dfs.https.enable" : "false",
    "mapred.jobtracker.job.history.block.size" : "3145728",
    "mapred.jobtracker.maxtasks.per.job" : "-1",
    "keep.failed.task.files" : "false",
    "dfs.datanode.use.datanode.hostname" : "false",
    "mapred.output.format.class" : "org.apache.hadoop.examples.terasort.TeraOutputFormat",
    "dfs.datanode.failed.volumes.tolerated" : "0",
    "ipc.client.tcpnodelay" : "false",
    "mapred.task.profile.reduces" : "0-2",
    "io.map.index.skip" : "0",
    "mapred.output.compression.codec" : "org.apache.hadoop.io.compress.DefaultCodec",
    "hadoop.http.authentication.token.validity" : "36000",
    "ipc.server.tcpnodelay" : "false",
    "hadoop.jetty.logs.serve.aliases" : "true",
    "mapred.working.dir" : "hdfs://Master1:9000/user/itri-hadoop",
    "mapred.jobtracker.blacklist.fault-bucket-width" : "15",
    "dfs.namenode.delegation.key.update-interval" : "86400000",
    "mapred.used.genericoptionsparser" : "true",
    "mapred.job.map.memory.mb" : "-1",
    "dfs.default.chunk.view.size" : "32768",
    "hadoop.logfile.size" : "10000000",
    "mapred.cache.files.timestamps" : "1405157099406",
    "mapred.reduce.tasks.speculative.execution" : "true",
    "mapreduce.tasktracker.outofband.heartbeat" : "false",
    "mapreduce.job.dir" : "hdfs://Master1:9000/tmp/hadoop-itri-hadoop/mapred/staging/itri-hadoop/.staging/job_201407031547_1473",
    "mapreduce.reduce.input.limit" : "-1",
    "dfs.datanode.du.reserved" : "0",
    "dfs.datanode.sync.behind.writes" : "false",
    "hadoop.security.authentication" : "simple",
    "fs.checkpoint.period" : "3600",
    "mapred.job.reuse.jvm.num.tasks" : "4",
    "dfs.web.ugi" : "webuser,webgroup",
    "mapred.jobtracker.completeuserjobs.maximum" : "100",
    "dfs.df.interval" : "60000",
    "mapred.task.tracker.task-controller" : "org.apache.hadoop.mapred.DefaultTaskController",
    "dfs.data.dir" : "${hadoop.tmp.dir}/dfs/data",
    "fs.s3.maxRetries" : "4",
    "dfs.datanode.dns.interface" : "default",
    "mapred.cluster.max.map.memory.mb" : "-1",
    "mapreduce.reduce.shuffle.maxfetchfailures" : "10",
    "mapred.map.child.java.opts" : "-Xmx900M",
    "mapreduce.job.acl-modify-job" : " ",
    "fs.hftp.impl" : "org.apache.hadoop.hdfs.HftpFileSystem",
    "mapred.local.dir" : "${hadoop.tmp.dir}/mapred/local",
    "dfs.permissions.supergroup" : "supergroup",
    "fs.s3.sleepTimeSeconds" : "10",
    "fs.trash.interval" : "0",
    "mapred.submit.replication" : "10",
    "dfs.replication.min" : "1",
    "fs.har.impl" : "org.apache.hadoop.fs.HarFileSystem",
    "hadoop.relaxed.worker.version.check" : "false",
    "mapred.map.output.compression.codec" : "org.apache.hadoop.io.compress.DefaultCodec",
    "mapreduce.job.cache.files.visibilities" : "true",
    "mapred.tasktracker.dns.interface" : "default",
    "dfs.http.address" : "0.0.0.0:50070",
    "dfs.namenode.decommission.interval" : "30",
    "mapred.cache.files" : "hdfs://Master1:9000/tera-in5G/_partition.lst#_partition.lst",
    "mapred.job.tracker" : "Master1:9001",
    "dfs.heartbeat.interval" : "3",
    "hadoop.http.authentication.signature.secret.file" : "${user.home}/hadoop-http-auth-signature-secret",
    "io.seqfile.sorter.recordlimit" : "1000000",
    "mapreduce.job.submithost" : "Master1",
    "dfs.name.dir" : "${hadoop.tmp.dir}/dfs/name",
    "mapred.jobtracker.taskScheduler" : "org.apache.hadoop.mapred.JobQueueTaskScheduler",
    "mapred.line.input.format.linespermap" : "1",
    "mapred.create.symlink" : "yes",
    "dfs.datanode.http.address" : "0.0.0.0:50075",
    "fs.webhdfs.impl" : "org.apache.hadoop.hdfs.web.WebHdfsFileSystem",
    "mapred.local.dir.minspacekill" : "0",
    "dfs.image.transfer.bandwidthPerSec" : "0",
    "dfs.replication.interval" : "3",
    "io.sort.record.percent" : "0.04",
    "hadoop.http.authentication.kerberos.principal" : "HTTP/localhost@LOCALHOST",
    "fs.kfs.impl" : "org.apache.hadoop.fs.kfs.KosmosFileSystem",
    "mapred.tasktracker.reduce.tasks.maximum" : "1",
    "mapred.temp.dir" : "${hadoop.tmp.dir}/mapred/temp",
    "dfs.replication" : "1",
    "fs.checkpoint.edits.dir" : "${fs.checkpoint.dir}",
    "mapreduce.jobhistory.max-age-ms" : "2592000000",
    "mapred.tasktracker.tasks.sleeptime-before-sigkill" : "5000",
    "mapred.job.reduce.input.buffer.percent" : "0.8",
    "mapred.tasktracker.indexcache.mb" : "10",
    "dfs.webhdfs.enabled" : "false",
    "mapreduce.job.split.metainfo.maxsize" : "10000000",
    "hadoop.logfile.count" : "10",
    "mapred.skip.reduce.auto.incr.proc.count" : "true",
    "mapreduce.job.submithostaddress" : "192.168.1.100",
    "terasort.final.sync" : "true",
    "io.seqfile.compress.blocksize" : "1000000",
    "fs.s3.block.size" : "67108864",
    "mapred.tasktracker.taskmemorymanager.monitoring-interval" : "5000",
    "hadoop.http.authentication.simple.anonymous.allowed" : "true",
    "mapreduce.jobtracker.staging.root.dir" : "${hadoop.tmp.dir}/mapred/staging",
    "mapred.acls.enabled" : "false",
    "mapred.queue.default.state" : "RUNNING",
    "mapred.queue.names" : "default",
    "fs.hsftp.impl" : "org.apache.hadoop.hdfs.HsftpFileSystem",
    "dfs.access.time.precision" : "3600000",
    "mapred.task.tracker.http.address" : "0.0.0.0:50060",
    "io.seqfile.lazydecompress" : "true",
    "mapred.reduce.parallel.copies" : "5",
    "mapred.disk.healthChecker.interval" : "60000",
    "mapred.output.dir" : "hdfs://Master1:9000/tera-out",
    "ipc.client.connection.maxidletime" : "10000",
    "io.sort.mb" : "200",
    "mapred.reduce.child.java.opts" : "-Xmx200M",
    "mapred.task.tracker.report.address" : "127.0.0.1:0",
    "hadoop.security.uid.cache.secs" : "14400",
    "mapred.compress.map.output" : "false",
    "ipc.client.kill.max" : "10",
    "mapred.healthChecker.interval" : "60000",
    "ipc.client.connect.max.retries" : "10",
    "fs.s3.impl" : "org.apache.hadoop.fs.s3.S3FileSystem",
    "mapred.user.jobconf.limit" : "5242880",
    "mapreduce.job.counters.group.name.max" : "128",
    "mapred.job.tracker.http.address" : "0.0.0.0:50030",
    "mapred.input.dir" : "hdfs://Master1:9000/tera-in5G",
    "io.file.buffer.size" : "4096",
    "mapred.jobtracker.restart.recover" : "false",
    "io.serializations" : "org.apache.hadoop.io.serializer.WritableSerialization",
    "mapred.task.profile" : "false",
    "dfs.datanode.handler.count" : "3",
    "mapreduce.input.num.files" : "2",
    "mapreduce.jobhistory.cleaner.interval-ms" : "86400000",
    "dfs.replication.considerLoad" : "true",
    "jobclient.output.filter" : "FAILED",
    "dfs.namenode.edits.toleration.length" : "0",
    "hadoop.http.authentication.kerberos.keytab" : "${user.home}/hadoop.keytab",
    "dfs.namenode.delegation.token.max-lifetime" : "604800000",
    "mapred.tasktracker.map.tasks.maximum" : "1",
    "fs.checkpoint.size" : "67108864",
    "io.compression.codecs" : "org.apache.hadoop.io.compress.DefaultCodec,org.apache.hadoop.io.compress.GzipCodec,org.apache.hadoop.io.compress.BZip2Codec,org.apache.hadoop.io.compress.SnappyCodec",
    "mapreduce.job.counters.counter.name.max" : "64"
  },
  "computonsPerMapInputByte" : -1,
  "computonsPerMapOutputByte" : -1,
  "computonsPerReduceInputByte" : -1,
  "computonsPerReduceOutputByte" : -1,
  "heapMegabytes" : 200,
  "outcome" : "SUCCESS",
  "jobtype" : "JAVA",
  "directDependantJobs" : [ ],
  "successfulMapAttemptCDFs" : [ {
    "maximum" : 5749,
    "minimum" : 4933,
    "rankings" : [ {
      "datum" : 4933,
      "relativeRanking" : 0.05
    }, {
      "datum" : 4933,
      "relativeRanking" : 0.1
    }, {
      "datum" : 4933,
      "relativeRanking" : 0.15
    }, {
      "datum" : 4933,
      "relativeRanking" : 0.2
    }, {
      "datum" : 4933,
      "relativeRanking" : 0.25
    }, {
      "datum" : 4933,
      "relativeRanking" : 0.3
    }, {
      "datum" : 4933,
      "relativeRanking" : 0.35
    }, {
      "datum" : 4933,
      "relativeRanking" : 0.4
    }, {
      "datum" : 4933,
      "relativeRanking" : 0.45
    }, {
      "datum" : 4933,
      "relativeRanking" : 0.5
    }, {
      "datum" : 4933,
      "relativeRanking" : 0.55
    }, {
      "datum" : 4933,
      "relativeRanking" : 0.6
    }, {
      "datum" : 4933,
      "relativeRanking" : 0.65
    }, {
      "datum" : 4933,
      "relativeRanking" : 0.7
    }, {
      "datum" : 4933,
      "relativeRanking" : 0.75
    }, {
      "datum" : 4933,
      "relativeRanking" : 0.8
    }, {
      "datum" : 4933,
      "relativeRanking" : 0.85
    }, {
      "datum" : 4933,
      "relativeRanking" : 0.9
    }, {
      "datum" : 4933,
      "relativeRanking" : 0.95
    } ],
    "numberValues" : 2
  }, {
    "maximum" : 36442,
    "minimum" : 7228,
    "rankings" : [ {
      "datum" : 7228,
      "relativeRanking" : 0.05
    }, {
      "datum" : 10695,
      "relativeRanking" : 0.1
    }, {
      "datum" : 12314,
      "relativeRanking" : 0.15
    }, {
      "datum" : 13512,
      "relativeRanking" : 0.2
    }, {
      "datum" : 14262,
      "relativeRanking" : 0.25
    }, {
      "datum" : 15227,
      "relativeRanking" : 0.3
    }, {
      "datum" : 15653,
      "relativeRanking" : 0.35
    }, {
      "datum" : 15960,
      "relativeRanking" : 0.4
    }, {
      "datum" : 16034,
      "relativeRanking" : 0.45
    }, {
      "datum" : 16856,
      "relativeRanking" : 0.5
    }, {
      "datum" : 17380,
      "relativeRanking" : 0.55
    }, {
      "datum" : 17419,
      "relativeRanking" : 0.6
    }, {
      "datum" : 18151,
      "relativeRanking" : 0.65
    }, {
      "datum" : 19253,
      "relativeRanking" : 0.7
    }, {
      "datum" : 21759,
      "relativeRanking" : 0.75
    }, {
      "datum" : 25595,
      "relativeRanking" : 0.8
    }, {
      "datum" : 26739,
      "relativeRanking" : 0.85
    }, {
      "datum" : 27859,
      "relativeRanking" : 0.9
    }, {
      "datum" : 31249,
      "relativeRanking" : 0.95
    } ],
    "numberValues" : 24
  }, {
    "maximum" : 9223372036854775807,
    "minimum" : -9223372036854775808,
    "rankings" : [ ],
    "numberValues" : 0
  }, {
    "maximum" : 9223372036854775807,
    "minimum" : -9223372036854775808,
    "rankings" : [ ],
    "numberValues" : 0
  } ],
  "failedMapAttemptCDFs" : [ {
    "maximum" : 9223372036854775807,
    "minimum" : -9223372036854775808,
    "rankings" : [ ],
    "numberValues" : 0
  }, {
    "maximum" : 9223372036854775807,
    "minimum" : -9223372036854775808,
    "rankings" : [ ],
    "numberValues" : 0
  }, {
    "maximum" : 9223372036854775807,
    "minimum" : -9223372036854775808,
    "rankings" : [ ],
    "numberValues" : 0
  }, {
    "maximum" : 9223372036854775807,
    "minimum" : -9223372036854775808,
    "rankings" : [ ],
    "numberValues" : 0
  } ],
  "successfulReduceAttemptCDF" : {
    "maximum" : 92356,
    "minimum" : 91644,
    "rankings" : [ {
      "datum" : 91644,
      "relativeRanking" : 0.05
    }, {
      "datum" : 91644,
      "relativeRanking" : 0.1
    }, {
      "datum" : 91644,
      "relativeRanking" : 0.15
    }, {
      "datum" : 91644,
      "relativeRanking" : 0.2
    }, {
      "datum" : 91644,
      "relativeRanking" : 0.25
    }, {
      "datum" : 91644,
      "relativeRanking" : 0.3
    }, {
      "datum" : 91644,
      "relativeRanking" : 0.35
    }, {
      "datum" : 91644,
      "relativeRanking" : 0.4
    }, {
      "datum" : 91644,
      "relativeRanking" : 0.45
    }, {
      "datum" : 91881,
      "relativeRanking" : 0.5
    }, {
      "datum" : 91881,
      "relativeRanking" : 0.55
    }, {
      "datum" : 91881,
      "relativeRanking" : 0.6
    }, {
      "datum" : 91881,
      "relativeRanking" : 0.65
    }, {
      "datum" : 91881,
      "relativeRanking" : 0.7
    }, {
      "datum" : 91890,
      "relativeRanking" : 0.75
    }, {
      "datum" : 91890,
      "relativeRanking" : 0.8
    }, {
      "datum" : 91890,
      "relativeRanking" : 0.85
    }, {
      "datum" : 91890,
      "relativeRanking" : 0.9
    }, {
      "datum" : 91890,
      "relativeRanking" : 0.95
    } ],
    "numberValues" : 4
  },
  "failedReduceAttemptCDF" : {
    "maximum" : 9223372036854775807,
    "minimum" : -9223372036854775808,
    "rankings" : [ ],
    "numberValues" : 0
  },
  "mapperTriesToSucceed" : [ 1.0 ],
  "failedMapperFraction" : 0.0,
  "priority" : "NORMAL"
}