{
  "jobID" : "job_201407031547_1967",
  "user" : "itri-hadoop",
  "jobName" : "TeraSort",
  "mapTasks" : [ {
    "startTime" : 1405397947672,
    "attempts" : [ {
      "result" : "SUCCESS",
      "startTime" : 1405397956785,
      "finishTime" : 1405397962250,
      "attemptID" : "attempt_201407031547_1967_m_000024_0",
      "shuffleFinished" : -1,
      "sortFinished" : -1,
      "hdfsBytesRead" : 84080989,
      "hdfsBytesWritten" : -1,
      "fileBytesRead" : 85857870,
      "fileBytesWritten" : 171585663,
      "mapInputRecords" : 840808,
      "mapOutputBytes" : 84080800,
      "mapOutputRecords" : 840808,
      "combineInputRecords" : 0,
      "reduceInputGroups" : -1,
      "reduceInputRecords" : -1,
      "reduceShuffleBytes" : -1,
      "reduceOutputRecords" : -1,
      "spilledRecords" : 1681616,
      "mapInputBytes" : 84080800,
      "resourceUsageMetrics" : {
        "cumulativeCpuUsage" : 3430,
        "virtualMemoryUsage" : 398000128,
        "physicalMemoryUsage" : 166637568,
        "heapUsage" : 159645696
      },
      "location" : {
        "layers" : [ "default-rack", "Slave11" ]
      },
      "hostName" : "/default-rack/Slave11"
    } ],
    "finishTime" : 1405397953441,
    "preferredLocations" : [ {
      "layers" : [ "default-rack", "Master1" ]
    }, {
      "layers" : [ "default-rack", "Slave12" ]
    }, {
      "layers" : [ "default-rack", "Slave11" ]
    } ],
    "taskType" : "MAP",
    "taskStatus" : "SUCCESS",
    "taskID" : "task_201407031547_1967_m_000024",
    "inputBytes" : 84080989,
    "inputRecords" : 840808,
    "outputBytes" : 171585663,
    "outputRecords" : 840808
  }, {
    "startTime" : 1405397947673,
    "attempts" : [ {
      "result" : "SUCCESS",
      "startTime" : 1405397956785,
      "finishTime" : 1405397961490,
      "attemptID" : "attempt_201407031547_1967_m_000025_0",
      "shuffleFinished" : -1,
      "sortFinished" : -1,
      "hdfsBytesRead" : 84080989,
      "hdfsBytesWritten" : -1,
      "fileBytesRead" : 85861386,
      "fileBytesWritten" : 171585663,
      "mapInputRecords" : 840808,
      "mapOutputBytes" : 84080800,
      "mapOutputRecords" : 840808,
      "combineInputRecords" : 0,
      "reduceInputGroups" : -1,
      "reduceInputRecords" : -1,
      "reduceShuffleBytes" : -1,
      "reduceOutputRecords" : -1,
      "spilledRecords" : 1681616,
      "mapInputBytes" : 84080800,
      "resourceUsageMetrics" : {
        "cumulativeCpuUsage" : 3480,
        "virtualMemoryUsage" : 396443648,
        "physicalMemoryUsage" : 173887488,
        "heapUsage" : 159645696
      },
      "location" : {
        "layers" : [ "default-rack", "Slave11" ]
      },
      "hostName" : "/default-rack/Slave11"
    } ],
    "finishTime" : 1405397952739,
    "preferredLocations" : [ {
      "layers" : [ "default-rack", "Slave11" ]
    }, {
      "layers" : [ "default-rack", "Slave12" ]
    }, {
      "layers" : [ "default-rack", "Slave13" ]
    } ],
    "taskType" : "MAP",
    "taskStatus" : "SUCCESS",
    "taskID" : "task_201407031547_1967_m_000025",
    "inputBytes" : 84080989,
    "inputRecords" : 840808,
    "outputBytes" : 171585663,
    "outputRecords" : 840808
  }, {
    "startTime" : 1405397947685,
    "attempts" : [ {
      "result" : "SUCCESS",
      "startTime" : 1405397943664,
      "finishTime" : 1405397957812,
      "attemptID" : "attempt_201407031547_1967_m_000000_0",
      "shuffleFinished" : -1,
      "sortFinished" : -1,
      "hdfsBytesRead" : 201330781,
      "hdfsBytesWritten" : -1,
      "fileBytesRead" : 299163306,
      "fileBytesWritten" : 504352574,
      "mapInputRecords" : 2013266,
      "mapOutputBytes" : 201326600,
      "mapOutputRecords" : 2013266,
      "combineInputRecords" : 0,
      "reduceInputGroups" : -1,
      "reduceInputRecords" : -1,
      "reduceShuffleBytes" : -1,
      "reduceOutputRecords" : -1,
      "spilledRecords" : 4944032,
      "mapInputBytes" : 201326600,
      "resourceUsageMetrics" : {
        "cumulativeCpuUsage" : 7770,
        "virtualMemoryUsage" : 399249408,
        "physicalMemoryUsage" : 190459904,
        "heapUsage" : 176947200
      },
      "location" : {
        "layers" : [ "default-rack", "Slave13" ]
      },
      "hostName" : "/default-rack/Slave13"
    } ],
    "finishTime" : 1405397962363,
    "preferredLocations" : [ {
      "layers" : [ "default-rack", "192\\.168\\.1\\.102" ]
    }, {
      "layers" : [ "default-rack", "192\\.168\\.1\\.100" ]
    }, {
      "layers" : [ "default-rack", "192\\.168\\.1\\.103" ]
    } ],
    "taskType" : "MAP",
    "taskStatus" : "SUCCESS",
    "taskID" : "task_201407031547_1967_m_000000",
    "inputBytes" : 201330781,
    "inputRecords" : 2013266,
    "outputBytes" : 504352574,
    "outputRecords" : 2013266
  }, {
    "startTime" : 1405397947686,
    "attempts" : [ {
      "result" : "SUCCESS",
      "startTime" : 1405397943665,
      "finishTime" : 1405397961412,
      "attemptID" : "attempt_201407031547_1967_m_000001_0",
      "shuffleFinished" : -1,
      "sortFinished" : -1,
      "hdfsBytesRead" : 201330781,
      "hdfsBytesWritten" : -1,
      "fileBytesRead" : 299158518,
      "fileBytesWritten" : 504352574,
      "mapInputRecords" : 2013266,
      "mapOutputBytes" : 201326600,
      "mapOutputRecords" : 2013266,
      "combineInputRecords" : 0,
      "reduceInputGroups" : -1,
      "reduceInputRecords" : -1,
      "reduceShuffleBytes" : -1,
      "reduceOutputRecords" : -1,
      "spilledRecords" : 4944032,
      "mapInputBytes" : 201326600,
      "resourceUsageMetrics" : {
        "cumulativeCpuUsage" : 7620,
        "virtualMemoryUsage" : 397127680,
        "physicalMemoryUsage" : 187645952,
        "heapUsage" : 176947200
      },
      "location" : {
        "layers" : [ "default-rack", "Slave13" ]
      },
      "hostName" : "/default-rack/Slave13"
    } ],
    "finishTime" : 1405397965738,
    "preferredLocations" : [ {
      "layers" : [ "default-rack", "192\\.168\\.1\\.102" ]
    }, {
      "layers" : [ "default-rack", "192\\.168\\.1\\.100" ]
    }, {
      "layers" : [ "default-rack", "192\\.168\\.1\\.103" ]
    } ],
    "taskType" : "MAP",
    "taskStatus" : "SUCCESS",
    "taskID" : "task_201407031547_1967_m_000001",
    "inputBytes" : 201330781,
    "inputRecords" : 2013266,
    "outputBytes" : 504352574,
    "outputRecords" : 2013266
  }, {
    "startTime" : 1405397947697,
    "attempts" : [ {
      "result" : "SUCCESS",
      "startTime" : 1405397947821,
      "finishTime" : 1405397966674,
      "attemptID" : "attempt_201407031547_1967_m_000002_0",
      "shuffleFinished" : -1,
      "sortFinished" : -1,
      "hdfsBytesRead" : 201330781,
      "hdfsBytesWritten" : -1,
      "fileBytesRead" : 299152360,
      "fileBytesWritten" : 504352676,
      "mapInputRecords" : 2013266,
      "mapOutputBytes" : 201326600,
      "mapOutputRecords" : 2013266,
      "combineInputRecords" : 0,
      "reduceInputGroups" : -1,
      "reduceInputRecords" : -1,
      "reduceShuffleBytes" : -1,
      "reduceOutputRecords" : -1,
      "spilledRecords" : 4944033,
      "mapInputBytes" : 201326600,
      "resourceUsageMetrics" : {
        "cumulativeCpuUsage" : 7150,
        "virtualMemoryUsage" : 397488128,
        "physicalMemoryUsage" : 190169088,
        "heapUsage" : 176947200
      },
      "location" : {
        "layers" : [ "default-rack", "Master1" ]
      },
      "hostName" : "/default-rack/Master1"
    } ],
    "finishTime" : 1405397966880,
    "preferredLocations" : [ {
      "layers" : [ "default-rack", "192\\.168\\.1\\.102" ]
    }, {
      "layers" : [ "default-rack", "192\\.168\\.1\\.100" ]
    }, {
      "layers" : [ "default-rack", "192\\.168\\.1\\.101" ]
    } ],
    "taskType" : "MAP",
    "taskStatus" : "SUCCESS",
    "taskID" : "task_201407031547_1967_m_000002",
    "inputBytes" : 201330781,
    "inputRecords" : 2013266,
    "outputBytes" : 504352676,
    "outputRecords" : 2013266
  }, {
    "startTime" : 1405397947697,
    "attempts" : [ {
      "result" : "SUCCESS",
      "startTime" : 1405397947821,
      "finishTime" : 1405397961814,
      "attemptID" : "attempt_201407031547_1967_m_000003_0",
      "shuffleFinished" : -1,
      "sortFinished" : -1,
      "hdfsBytesRead" : 201330781,
      "hdfsBytesWritten" : -1,
      "fileBytesRead" : 299164798,
      "fileBytesWritten" : 504352574,
      "mapInputRecords" : 2013266,
      "mapOutputBytes" : 201326600,
      "mapOutputRecords" : 2013266,
      "combineInputRecords" : 0,
      "reduceInputGroups" : -1,
      "reduceInputRecords" : -1,
      "reduceShuffleBytes" : -1,
      "reduceOutputRecords" : -1,
      "spilledRecords" : 4944032,
      "mapInputBytes" : 201326600,
      "resourceUsageMetrics" : {
        "cumulativeCpuUsage" : 7170,
        "virtualMemoryUsage" : 395264000,
        "physicalMemoryUsage" : 187883520,
        "heapUsage" : 176947200
      },
      "location" : {
        "layers" : [ "default-rack", "Master1" ]
      },
      "hostName" : "/default-rack/Master1"
    } ],
    "finishTime" : 1405397961961,
    "preferredLocations" : [ {
      "layers" : [ "default-rack", "192\\.168\\.1\\.100" ]
    }, {
      "layers" : [ "default-rack", "192\\.168\\.1\\.103" ]
    }, {
      "layers" : [ "default-rack", "192\\.168\\.1\\.101" ]
    } ],
    "taskType" : "MAP",
    "taskStatus" : "SUCCESS",
    "taskID" : "task_201407031547_1967_m_000003",
    "inputBytes" : 201330781,
    "inputRecords" : 2013266,
    "outputBytes" : 504352574,
    "outputRecords" : 2013266
  }, {
    "startTime" : 1405397947941,
    "attempts" : [ {
      "result" : "SUCCESS",
      "startTime" : 1405397939145,
      "finishTime" : 1405397950778,
      "attemptID" : "attempt_201407031547_1967_m_000004_0",
      "shuffleFinished" : -1,
      "sortFinished" : -1,
      "hdfsBytesRead" : 201330781,
      "hdfsBytesWritten" : -1,
      "fileBytesRead" : 299167978,
      "fileBytesWritten" : 504352575,
      "mapInputRecords" : 2013266,
      "mapOutputBytes" : 201326600,
      "mapOutputRecords" : 2013266,
      "combineInputRecords" : 0,
      "reduceInputGroups" : -1,
      "reduceInputRecords" : -1,
      "reduceShuffleBytes" : -1,
      "reduceOutputRecords" : -1,
      "spilledRecords" : 4944032,
      "mapInputBytes" : 201326600,
      "resourceUsageMetrics" : {
        "cumulativeCpuUsage" : 7830,
        "virtualMemoryUsage" : 399273984,
        "physicalMemoryUsage" : 184741888,
        "heapUsage" : 176947200
      },
      "location" : {
        "layers" : [ "default-rack", "Slave12" ]
      },
      "hostName" : "/default-rack/Slave12"
    } ],
    "finishTime" : 1405397959976,
    "preferredLocations" : [ {
      "layers" : [ "default-rack", "192\\.168\\.1\\.100" ]
    }, {
      "layers" : [ "default-rack", "192\\.168\\.1\\.102" ]
    }, {
      "layers" : [ "default-rack", "192\\.168\\.1\\.101" ]
    } ],
    "taskType" : "MAP",
    "taskStatus" : "SUCCESS",
    "taskID" : "task_201407031547_1967_m_000004",
    "inputBytes" : 201330781,
    "inputRecords" : 2013266,
    "outputBytes" : 504352575,
    "outputRecords" : 2013266
  }, {
    "startTime" : 1405397947941,
    "attempts" : [ {
      "result" : "SUCCESS",
      "startTime" : 1405397939145,
      "finishTime" : 1405397954521,
      "attemptID" : "attempt_201407031547_1967_m_000005_0",
      "shuffleFinished" : -1,
      "sortFinished" : -1,
      "hdfsBytesRead" : 201330781,
      "hdfsBytesWritten" : -1,
      "fileBytesRead" : 299185688,
      "fileBytesWritten" : 504352575,
      "mapInputRecords" : 2013266,
      "mapOutputBytes" : 201326600,
      "mapOutputRecords" : 2013266,
      "combineInputRecords" : 0,
      "reduceInputGroups" : -1,
      "reduceInputRecords" : -1,
      "reduceShuffleBytes" : -1,
      "reduceOutputRecords" : -1,
      "spilledRecords" : 4944032,
      "mapInputBytes" : 201326600,
      "resourceUsageMetrics" : {
        "cumulativeCpuUsage" : 7770,
        "virtualMemoryUsage" : 395915264,
        "physicalMemoryUsage" : 188420096,
        "heapUsage" : 176947200
      },
      "location" : {
        "layers" : [ "default-rack", "Slave12" ]
      },
      "hostName" : "/default-rack/Slave12"
    } ],
    "finishTime" : 1405397963778,
    "preferredLocations" : [ {
      "layers" : [ "default-rack", "192\\.168\\.1\\.100" ]
    }, {
      "layers" : [ "default-rack", "192\\.168\\.1\\.101" ]
    }, {
      "layers" : [ "default-rack", "192\\.168\\.1\\.102" ]
    } ],
    "taskType" : "MAP",
    "taskStatus" : "SUCCESS",
    "taskID" : "task_201407031547_1967_m_000005",
    "inputBytes" : 201330781,
    "inputRecords" : 2013266,
    "outputBytes" : 504352575,
    "outputRecords" : 2013266
  }, {
    "startTime" : 1405397952739,
    "attempts" : [ {
      "result" : "SUCCESS",
      "startTime" : 1405397961866,
      "finishTime" : 1405397976996,
      "attemptID" : "attempt_201407031547_1967_m_000006_0",
      "shuffleFinished" : -1,
      "sortFinished" : -1,
      "hdfsBytesRead" : 201330781,
      "hdfsBytesWritten" : -1,
      "fileBytesRead" : 299149714,
      "fileBytesWritten" : 504352574,
      "mapInputRecords" : 2013266,
      "mapOutputBytes" : 201326600,
      "mapOutputRecords" : 2013266,
      "combineInputRecords" : 0,
      "reduceInputGroups" : -1,
      "reduceInputRecords" : -1,
      "reduceShuffleBytes" : -1,
      "reduceOutputRecords" : -1,
      "spilledRecords" : 4944032,
      "mapInputBytes" : 201326600,
      "resourceUsageMetrics" : {
        "cumulativeCpuUsage" : 5610,
        "virtualMemoryUsage" : 397107200,
        "physicalMemoryUsage" : 180158464,
        "heapUsage" : 161218560
      },
      "location" : {
        "layers" : [ "default-rack", "Slave11" ]
      },
      "hostName" : "/default-rack/Slave11"
    } ],
    "finishTime" : 1405397967899,
    "preferredLocations" : [ {
      "layers" : [ "default-rack", "192\\.168\\.1\\.103" ]
    }, {
      "layers" : [ "default-rack", "192\\.168\\.1\\.100" ]
    }, {
      "layers" : [ "default-rack", "192\\.168\\.1\\.101" ]
    } ],
    "taskType" : "MAP",
    "taskStatus" : "SUCCESS",
    "taskID" : "task_201407031547_1967_m_000006",
    "inputBytes" : 201330781,
    "inputRecords" : 2013266,
    "outputBytes" : 504352574,
    "outputRecords" : 2013266
  }, {
    "startTime" : 1405397953442,
    "attempts" : [ {
      "result" : "SUCCESS",
      "startTime" : 1405397962554,
      "finishTime" : 1405397977379,
      "attemptID" : "attempt_201407031547_1967_m_000007_0",
      "shuffleFinished" : -1,
      "sortFinished" : -1,
      "hdfsBytesRead" : 201330781,
      "hdfsBytesWritten" : -1,
      "fileBytesRead" : 299143862,
      "fileBytesWritten" : 504352574,
      "mapInputRecords" : 2013266,
      "mapOutputBytes" : 201326600,
      "mapOutputRecords" : 2013266,
      "combineInputRecords" : 0,
      "reduceInputGroups" : -1,
      "reduceInputRecords" : -1,
      "reduceShuffleBytes" : -1,
      "reduceOutputRecords" : -1,
      "spilledRecords" : 4944032,
      "mapInputBytes" : 201326600,
      "resourceUsageMetrics" : {
        "cumulativeCpuUsage" : 5440,
        "virtualMemoryUsage" : 399712256,
        "physicalMemoryUsage" : 153829376,
        "heapUsage" : 111411200
      },
      "location" : {
        "layers" : [ "default-rack", "Slave11" ]
      },
      "hostName" : "/default-rack/Slave11"
    } ],
    "finishTime" : 1405397968505,
    "preferredLocations" : [ {
      "layers" : [ "default-rack", "192\\.168\\.1\\.100" ]
    }, {
      "layers" : [ "default-rack", "192\\.168\\.1\\.101" ]
    }, {
      "layers" : [ "default-rack", "192\\.168\\.1\\.102" ]
    } ],
    "taskType" : "MAP",
    "taskStatus" : "SUCCESS",
    "taskID" : "task_201407031547_1967_m_000007",
    "inputBytes" : 201330781,
    "inputRecords" : 2013266,
    "outputBytes" : 504352574,
    "outputRecords" : 2013266
  }, {
    "startTime" : 1405397959976,
    "attempts" : [ {
      "result" : "SUCCESS",
      "startTime" : 1405397950988,
      "finishTime" : 1405397972036,
      "attemptID" : "attempt_201407031547_1967_m_000008_0",
      "shuffleFinished" : -1,
      "sortFinished" : -1,
      "hdfsBytesRead" : 201330781,
      "hdfsBytesWritten" : -1,
      "fileBytesRead" : 299181506,
      "fileBytesWritten" : 504352575,
      "mapInputRecords" : 2013266,
      "mapOutputBytes" : 201326600,
      "mapOutputRecords" : 2013266,
      "combineInputRecords" : 0,
      "reduceInputGroups" : -1,
      "reduceInputRecords" : -1,
      "reduceShuffleBytes" : -1,
      "reduceOutputRecords" : -1,
      "spilledRecords" : 4944032,
      "mapInputBytes" : 201326600,
      "resourceUsageMetrics" : {
        "cumulativeCpuUsage" : 5970,
        "virtualMemoryUsage" : 399937536,
        "physicalMemoryUsage" : 158171136,
        "heapUsage" : 133169152
      },
      "location" : {
        "layers" : [ "default-rack", "Slave12" ]
      },
      "hostName" : "/default-rack/Slave12"
    } ],
    "finishTime" : 1405397981353,
    "preferredLocations" : [ {
      "layers" : [ "default-rack", "192\\.168\\.1\\.100" ]
    }, {
      "layers" : [ "default-rack", "192\\.168\\.1\\.102" ]
    }, {
      "layers" : [ "default-rack", "192\\.168\\.1\\.103" ]
    } ],
    "taskType" : "MAP",
    "taskStatus" : "SUCCESS",
    "taskID" : "task_201407031547_1967_m_000008",
    "inputBytes" : 201330781,
    "inputRecords" : 2013266,
    "outputBytes" : 504352575,
    "outputRecords" : 2013266
  }, {
    "startTime" : 1405397961961,
    "attempts" : [ {
      "result" : "SUCCESS",
      "startTime" : 1405397961962,
      "finishTime" : 1405397979986,
      "attemptID" : "attempt_201407031547_1967_m_000009_0",
      "shuffleFinished" : -1,
      "sortFinished" : -1,
      "hdfsBytesRead" : 201330781,
      "hdfsBytesWritten" : -1,
      "fileBytesRead" : 299167254,
      "fileBytesWritten" : 504352574,
      "mapInputRecords" : 2013266,
      "mapOutputBytes" : 201326600,
      "mapOutputRecords" : 2013266,
      "combineInputRecords" : 0,
      "reduceInputGroups" : -1,
      "reduceInputRecords" : -1,
      "reduceShuffleBytes" : -1,
      "reduceOutputRecords" : -1,
      "spilledRecords" : 4944032,
      "mapInputBytes" : 201326600,
      "resourceUsageMetrics" : {
        "cumulativeCpuUsage" : 5380,
        "virtualMemoryUsage" : 395927552,
        "physicalMemoryUsage" : 193847296,
        "heapUsage" : 207093760
      },
      "location" : {
        "layers" : [ "default-rack", "Master1" ]
      },
      "hostName" : "/default-rack/Master1"
    } ],
    "finishTime" : 1405397981023,
    "preferredLocations" : [ {
      "layers" : [ "default-rack", "192\\.168\\.1\\.102" ]
    }, {
      "layers" : [ "default-rack", "192\\.168\\.1\\.100" ]
    }, {
      "layers" : [ "default-rack", "192\\.168\\.1\\.101" ]
    } ],
    "taskType" : "MAP",
    "taskStatus" : "SUCCESS",
    "taskID" : "task_201407031547_1967_m_000009",
    "inputBytes" : 201330781,
    "inputRecords" : 2013266,
    "outputBytes" : 504352574,
    "outputRecords" : 2013266
  }, {
    "startTime" : 1405397962363,
    "attempts" : [ {
      "result" : "SUCCESS",
      "startTime" : 1405397958192,
      "finishTime" : 1405397981241,
      "attemptID" : "attempt_201407031547_1967_m_000010_0",
      "shuffleFinished" : -1,
      "sortFinished" : -1,
      "hdfsBytesRead" : 201330781,
      "hdfsBytesWritten" : -1,
      "fileBytesRead" : 299173564,
      "fileBytesWritten" : 504352677,
      "mapInputRecords" : 2013266,
      "mapOutputBytes" : 201326600,
      "mapOutputRecords" : 2013266,
      "combineInputRecords" : 0,
      "reduceInputGroups" : -1,
      "reduceInputRecords" : -1,
      "reduceShuffleBytes" : -1,
      "reduceOutputRecords" : -1,
      "spilledRecords" : 4944033,
      "mapInputBytes" : 201326600,
      "resourceUsageMetrics" : {
        "cumulativeCpuUsage" : 5490,
        "virtualMemoryUsage" : 399912960,
        "physicalMemoryUsage" : 158507008,
        "heapUsage" : 106692608
      },
      "location" : {
        "layers" : [ "default-rack", "Slave13" ]
      },
      "hostName" : "/default-rack/Slave13"
    } ],
    "finishTime" : 1405397985668,
    "preferredLocations" : [ {
      "layers" : [ "default-rack", "192\\.168\\.1\\.103" ]
    }, {
      "layers" : [ "default-rack", "192\\.168\\.1\\.100" ]
    }, {
      "layers" : [ "default-rack", "192\\.168\\.1\\.101" ]
    } ],
    "taskType" : "MAP",
    "taskStatus" : "SUCCESS",
    "taskID" : "task_201407031547_1967_m_000010",
    "inputBytes" : 201330781,
    "inputRecords" : 2013266,
    "outputBytes" : 504352677,
    "outputRecords" : 2013266
  }, {
    "startTime" : 1405397963778,
    "attempts" : [ {
      "result" : "SUCCESS",
      "startTime" : 1405397954790,
      "finishTime" : 1405397964945,
      "attemptID" : "attempt_201407031547_1967_m_000011_0",
      "shuffleFinished" : -1,
      "sortFinished" : -1,
      "hdfsBytesRead" : 201330781,
      "hdfsBytesWritten" : -1,
      "fileBytesRead" : 299179754,
      "fileBytesWritten" : 504352678,
      "mapInputRecords" : 2013266,
      "mapOutputBytes" : 201326600,
      "mapOutputRecords" : 2013266,
      "combineInputRecords" : 0,
      "reduceInputGroups" : -1,
      "reduceInputRecords" : -1,
      "reduceShuffleBytes" : -1,
      "reduceOutputRecords" : -1,
      "spilledRecords" : 4944033,
      "mapInputBytes" : 201326600,
      "resourceUsageMetrics" : {
        "cumulativeCpuUsage" : 5290,
        "virtualMemoryUsage" : 395862016,
        "physicalMemoryUsage" : 190955520,
        "heapUsage" : 176685056
      },
      "location" : {
        "layers" : [ "default-rack", "Slave12" ]
      },
      "hostName" : "/default-rack/Slave12"
    } ],
    "finishTime" : 1405397974201,
    "preferredLocations" : [ {
      "layers" : [ "default-rack", "192\\.168\\.1\\.103" ]
    }, {
      "layers" : [ "default-rack", "192\\.168\\.1\\.102" ]
    }, {
      "layers" : [ "default-rack", "192\\.168\\.1\\.100" ]
    } ],
    "taskType" : "MAP",
    "taskStatus" : "SUCCESS",
    "taskID" : "task_201407031547_1967_m_000011",
    "inputBytes" : 201330781,
    "inputRecords" : 2013266,
    "outputBytes" : 504352678,
    "outputRecords" : 2013266
  }, {
    "startTime" : 1405397965738,
    "attempts" : [ {
      "result" : "SUCCESS",
      "startTime" : 1405397961567,
      "finishTime" : 1405397991430,
      "attemptID" : "attempt_201407031547_1967_m_000012_0",
      "shuffleFinished" : -1,
      "sortFinished" : -1,
      "hdfsBytesRead" : 201330781,
      "hdfsBytesWritten" : -1,
      "fileBytesRead" : 299181452,
      "fileBytesWritten" : 504352575,
      "mapInputRecords" : 2013266,
      "mapOutputBytes" : 201326600,
      "mapOutputRecords" : 2013266,
      "combineInputRecords" : 0,
      "reduceInputGroups" : -1,
      "reduceInputRecords" : -1,
      "reduceShuffleBytes" : -1,
      "reduceOutputRecords" : -1,
      "spilledRecords" : 4944032,
      "mapInputBytes" : 201326600,
      "resourceUsageMetrics" : {
        "cumulativeCpuUsage" : 5730,
        "virtualMemoryUsage" : 398123008,
        "physicalMemoryUsage" : 195215360,
        "heapUsage" : 174850048
      },
      "location" : {
        "layers" : [ "default-rack", "Slave13" ]
      },
      "hostName" : "/default-rack/Slave13"
    } ],
    "finishTime" : 1405397995605,
    "preferredLocations" : [ {
      "layers" : [ "default-rack", "192\\.168\\.1\\.103" ]
    }, {
      "layers" : [ "default-rack", "192\\.168\\.1\\.102" ]
    }, {
      "layers" : [ "default-rack", "192\\.168\\.1\\.101" ]
    } ],
    "taskType" : "MAP",
    "taskStatus" : "SUCCESS",
    "taskID" : "task_201407031547_1967_m_000012",
    "inputBytes" : 201330781,
    "inputRecords" : 2013266,
    "outputBytes" : 504352575,
    "outputRecords" : 2013266
  }, {
    "startTime" : 1405397966880,
    "attempts" : [ {
      "result" : "SUCCESS",
      "startTime" : 1405397966881,
      "finishTime" : 1405397987098,
      "attemptID" : "attempt_201407031547_1967_m_000013_0",
      "shuffleFinished" : -1,
      "sortFinished" : -1,
      "hdfsBytesRead" : 201330781,
      "hdfsBytesWritten" : -1,
      "fileBytesRead" : 299185124,
      "fileBytesWritten" : 504352575,
      "mapInputRecords" : 2013266,
      "mapOutputBytes" : 201326600,
      "mapOutputRecords" : 2013266,
      "combineInputRecords" : 0,
      "reduceInputGroups" : -1,
      "reduceInputRecords" : -1,
      "reduceShuffleBytes" : -1,
      "reduceOutputRecords" : -1,
      "spilledRecords" : 4944032,
      "mapInputBytes" : 201326600,
      "resourceUsageMetrics" : {
        "cumulativeCpuUsage" : 5270,
        "virtualMemoryUsage" : 398151680,
        "physicalMemoryUsage" : 204636160,
        "heapUsage" : 207093760
      },
      "location" : {
        "layers" : [ "default-rack", "Master1" ]
      },
      "hostName" : "/default-rack/Master1"
    } ],
    "finishTime" : 1405397987349,
    "preferredLocations" : [ {
      "layers" : [ "default-rack", "192\\.168\\.1\\.103" ]
    }, {
      "layers" : [ "default-rack", "192\\.168\\.1\\.100" ]
    }, {
      "layers" : [ "default-rack", "192\\.168\\.1\\.102" ]
    } ],
    "taskType" : "MAP",
    "taskStatus" : "SUCCESS",
    "taskID" : "task_201407031547_1967_m_000013",
    "inputBytes" : 201330781,
    "inputRecords" : 2013266,
    "outputBytes" : 504352575,
    "outputRecords" : 2013266
  }, {
    "startTime" : 1405397967900,
    "attempts" : [ {
      "result" : "SUCCESS",
      "startTime" : 1405397977011,
      "finishTime" : 1405397994084,
      "attemptID" : "attempt_201407031547_1967_m_000014_0",
      "shuffleFinished" : -1,
      "sortFinished" : -1,
      "hdfsBytesRead" : 201330781,
      "hdfsBytesWritten" : -1,
      "fileBytesRead" : 299166704,
      "fileBytesWritten" : 504352677,
      "mapInputRecords" : 2013266,
      "mapOutputBytes" : 201326600,
      "mapOutputRecords" : 2013266,
      "combineInputRecords" : 0,
      "reduceInputGroups" : -1,
      "reduceInputRecords" : -1,
      "reduceShuffleBytes" : -1,
      "reduceOutputRecords" : -1,
      "spilledRecords" : 4944033,
      "mapInputBytes" : 201326600,
      "resourceUsageMetrics" : {
        "cumulativeCpuUsage" : 5600,
        "virtualMemoryUsage" : 397107200,
        "physicalMemoryUsage" : 145100800,
        "heapUsage" : 94896128
      },
      "location" : {
        "layers" : [ "default-rack", "Slave11" ]
      },
      "hostName" : "/default-rack/Slave11"
    } ],
    "finishTime" : 1405397984994,
    "preferredLocations" : [ {
      "layers" : [ "default-rack", "192\\.168\\.1\\.103" ]
    }, {
      "layers" : [ "default-rack", "192\\.168\\.1\\.101" ]
    }, {
      "layers" : [ "default-rack", "192\\.168\\.1\\.100" ]
    } ],
    "taskType" : "MAP",
    "taskStatus" : "SUCCESS",
    "taskID" : "task_201407031547_1967_m_000014",
    "inputBytes" : 201330781,
    "inputRecords" : 2013266,
    "outputBytes" : 504352677,
    "outputRecords" : 2013266
  }, {
    "startTime" : 1405397968505,
    "attempts" : [ {
      "result" : "SUCCESS",
      "startTime" : 1405397977617,
      "finishTime" : 1405397994990,
      "attemptID" : "attempt_201407031547_1967_m_000015_0",
      "shuffleFinished" : -1,
      "sortFinished" : -1,
      "hdfsBytesRead" : 201330781,
      "hdfsBytesWritten" : -1,
      "fileBytesRead" : 299183750,
      "fileBytesWritten" : 504352677,
      "mapInputRecords" : 2013266,
      "mapOutputBytes" : 201326600,
      "mapOutputRecords" : 2013266,
      "combineInputRecords" : 0,
      "reduceInputGroups" : -1,
      "reduceInputRecords" : -1,
      "reduceShuffleBytes" : -1,
      "reduceOutputRecords" : -1,
      "spilledRecords" : 4944033,
      "mapInputBytes" : 201326600,
      "resourceUsageMetrics" : {
        "cumulativeCpuUsage" : 5400,
        "virtualMemoryUsage" : 399855616,
        "physicalMemoryUsage" : 163233792,
        "heapUsage" : 177995776
      },
      "location" : {
        "layers" : [ "default-rack", "Slave11" ]
      },
      "hostName" : "/default-rack/Slave11"
    } ],
    "finishTime" : 1405397986183,
    "preferredLocations" : [ {
      "layers" : [ "default-rack", "192\\.168\\.1\\.103" ]
    }, {
      "layers" : [ "default-rack", "192\\.168\\.1\\.101" ]
    }, {
      "layers" : [ "default-rack", "192\\.168\\.1\\.100" ]
    } ],
    "taskType" : "MAP",
    "taskStatus" : "SUCCESS",
    "taskID" : "task_201407031547_1967_m_000015",
    "inputBytes" : 201330781,
    "inputRecords" : 2013266,
    "outputBytes" : 504352677,
    "outputRecords" : 2013266
  }, {
    "startTime" : 1405397974201,
    "attempts" : [ {
      "result" : "SUCCESS",
      "startTime" : 1405397965213,
      "finishTime" : 1405397998974,
      "attemptID" : "attempt_201407031547_1967_m_000016_0",
      "shuffleFinished" : -1,
      "sortFinished" : -1,
      "hdfsBytesRead" : 201330781,
      "hdfsBytesWritten" : -1,
      "fileBytesRead" : 299185694,
      "fileBytesWritten" : 504352576,
      "mapInputRecords" : 2013266,
      "mapOutputBytes" : 201326600,
      "mapOutputRecords" : 2013266,
      "combineInputRecords" : 0,
      "reduceInputGroups" : -1,
      "reduceInputRecords" : -1,
      "reduceShuffleBytes" : -1,
      "reduceOutputRecords" : -1,
      "spilledRecords" : 4944032,
      "mapInputBytes" : 201326600,
      "resourceUsageMetrics" : {
        "cumulativeCpuUsage" : 6350,
        "virtualMemoryUsage" : 395862016,
        "physicalMemoryUsage" : 160935936,
        "heapUsage" : 105381888
      },
      "location" : {
        "layers" : [ "default-rack", "Slave12" ]
      },
      "hostName" : "/default-rack/Slave12"
    } ],
    "finishTime" : 1405398008255,
    "preferredLocations" : [ {
      "layers" : [ "default-rack", "192\\.168\\.1\\.103" ]
    }, {
      "layers" : [ "default-rack", "192\\.168\\.1\\.100" ]
    }, {
      "layers" : [ "default-rack", "192\\.168\\.1\\.101" ]
    } ],
    "taskType" : "MAP",
    "taskStatus" : "SUCCESS",
    "taskID" : "task_201407031547_1967_m_000016",
    "inputBytes" : 201330781,
    "inputRecords" : 2013266,
    "outputBytes" : 504352576,
    "outputRecords" : 2013266
  }, {
    "startTime" : 1405397981023,
    "attempts" : [ {
      "result" : "SUCCESS",
      "startTime" : 1405397981064,
      "finishTime" : 1405398000265,
      "attemptID" : "attempt_201407031547_1967_m_000017_0",
      "shuffleFinished" : -1,
      "sortFinished" : -1,
      "hdfsBytesRead" : 201330781,
      "hdfsBytesWritten" : -1,
      "fileBytesRead" : 299190788,
      "fileBytesWritten" : 504352575,
      "mapInputRecords" : 2013266,
      "mapOutputBytes" : 201326600,
      "mapOutputRecords" : 2013266,
      "combineInputRecords" : 0,
      "reduceInputGroups" : -1,
      "reduceInputRecords" : -1,
      "reduceShuffleBytes" : -1,
      "reduceOutputRecords" : -1,
      "spilledRecords" : 4944032,
      "mapInputBytes" : 201326600,
      "resourceUsageMetrics" : {
        "cumulativeCpuUsage" : 5300,
        "virtualMemoryUsage" : 395927552,
        "physicalMemoryUsage" : 208625664,
        "heapUsage" : 207093760
      },
      "location" : {
        "layers" : [ "default-rack", "Master1" ]
      },
      "hostName" : "/default-rack/Master1"
    } ],
    "finishTime" : 1405398000582,
    "preferredLocations" : [ {
      "layers" : [ "default-rack", "192\\.168\\.1\\.100" ]
    }, {
      "layers" : [ "default-rack", "192\\.168\\.1\\.103" ]
    }, {
      "layers" : [ "default-rack", "192\\.168\\.1\\.101" ]
    } ],
    "taskType" : "MAP",
    "taskStatus" : "SUCCESS",
    "taskID" : "task_201407031547_1967_m_000017",
    "inputBytes" : 201330781,
    "inputRecords" : 2013266,
    "outputBytes" : 504352575,
    "outputRecords" : 2013266
  }, {
    "startTime" : 1405397981353,
    "attempts" : [ {
      "result" : "SUCCESS",
      "startTime" : 1405397972366,
      "finishTime" : 1405397979471,
      "attemptID" : "attempt_201407031547_1967_m_000018_0",
      "shuffleFinished" : -1,
      "sortFinished" : -1,
      "hdfsBytesRead" : 201330781,
      "hdfsBytesWritten" : -1,
      "fileBytesRead" : 299182376,
      "fileBytesWritten" : 504352576,
      "mapInputRecords" : 2013266,
      "mapOutputBytes" : 201326600,
      "mapOutputRecords" : 2013266,
      "combineInputRecords" : 0,
      "reduceInputGroups" : -1,
      "reduceInputRecords" : -1,
      "reduceShuffleBytes" : -1,
      "reduceOutputRecords" : -1,
      "spilledRecords" : 4944032,
      "mapInputBytes" : 201326600,
      "resourceUsageMetrics" : {
        "cumulativeCpuUsage" : 4960,
        "virtualMemoryUsage" : 399937536,
        "physicalMemoryUsage" : 205844480,
        "heapUsage" : 205520896
      },
      "location" : {
        "layers" : [ "default-rack", "Slave12" ]
      },
      "hostName" : "/default-rack/Slave12"
    } ],
    "finishTime" : 1405397988725,
    "preferredLocations" : [ {
      "layers" : [ "default-rack", "192\\.168\\.1\\.103" ]
    }, {
      "layers" : [ "default-rack", "192\\.168\\.1\\.102" ]
    }, {
      "layers" : [ "default-rack", "192\\.168\\.1\\.101" ]
    } ],
    "taskType" : "MAP",
    "taskStatus" : "SUCCESS",
    "taskID" : "task_201407031547_1967_m_000018",
    "inputBytes" : 201330781,
    "inputRecords" : 2013266,
    "outputBytes" : 504352576,
    "outputRecords" : 2013266
  }, {
    "startTime" : 1405397984994,
    "attempts" : [ {
      "result" : "SUCCESS",
      "startTime" : 1405397994106,
      "finishTime" : 1405398009486,
      "attemptID" : "attempt_201407031547_1967_m_000019_0",
      "shuffleFinished" : -1,
      "sortFinished" : -1,
      "hdfsBytesRead" : 201330781,
      "hdfsBytesWritten" : -1,
      "fileBytesRead" : 299162164,
      "fileBytesWritten" : 504352677,
      "mapInputRecords" : 2013266,
      "mapOutputBytes" : 201326600,
      "mapOutputRecords" : 2013266,
      "combineInputRecords" : 0,
      "reduceInputGroups" : -1,
      "reduceInputRecords" : -1,
      "reduceShuffleBytes" : -1,
      "reduceOutputRecords" : -1,
      "spilledRecords" : 4944033,
      "mapInputBytes" : 201326600,
      "resourceUsageMetrics" : {
        "cumulativeCpuUsage" : 5410,
        "virtualMemoryUsage" : 397107200,
        "physicalMemoryUsage" : 145190912,
        "heapUsage" : 93585408
      },
      "location" : {
        "layers" : [ "default-rack", "Slave11" ]
      },
      "hostName" : "/default-rack/Slave11"
    } ],
    "finishTime" : 1405398000600,
    "preferredLocations" : [ {
      "layers" : [ "default-rack", "192\\.168\\.1\\.103" ]
    }, {
      "layers" : [ "default-rack", "192\\.168\\.1\\.102" ]
    }, {
      "layers" : [ "default-rack", "192\\.168\\.1\\.101" ]
    } ],
    "taskType" : "MAP",
    "taskStatus" : "SUCCESS",
    "taskID" : "task_201407031547_1967_m_000019",
    "inputBytes" : 201330781,
    "inputRecords" : 2013266,
    "outputBytes" : 504352677,
    "outputRecords" : 2013266
  }, {
    "startTime" : 1405397985669,
    "attempts" : [ {
      "result" : "SUCCESS",
      "startTime" : 1405397981497,
      "finishTime" : 1405398001149,
      "attemptID" : "attempt_201407031547_1967_m_000020_0",
      "shuffleFinished" : -1,
      "sortFinished" : -1,
      "hdfsBytesRead" : 201330781,
      "hdfsBytesWritten" : -1,
      "fileBytesRead" : 299171806,
      "fileBytesWritten" : 504352677,
      "mapInputRecords" : 2013266,
      "mapOutputBytes" : 201326600,
      "mapOutputRecords" : 2013266,
      "combineInputRecords" : 0,
      "reduceInputGroups" : -1,
      "reduceInputRecords" : -1,
      "reduceShuffleBytes" : -1,
      "reduceOutputRecords" : -1,
      "spilledRecords" : 4944033,
      "mapInputBytes" : 201326600,
      "resourceUsageMetrics" : {
        "cumulativeCpuUsage" : 5480,
        "virtualMemoryUsage" : 399912960,
        "physicalMemoryUsage" : 154402816,
        "heapUsage" : 175898624
      },
      "location" : {
        "layers" : [ "default-rack", "Slave13" ]
      },
      "hostName" : "/default-rack/Slave13"
    } ],
    "finishTime" : 1405398005594,
    "preferredLocations" : [ {
      "layers" : [ "default-rack", "192\\.168\\.1\\.103" ]
    }, {
      "layers" : [ "default-rack", "192\\.168\\.1\\.100" ]
    }, {
      "layers" : [ "default-rack", "192\\.168\\.1\\.101" ]
    } ],
    "taskType" : "MAP",
    "taskStatus" : "SUCCESS",
    "taskID" : "task_201407031547_1967_m_000020",
    "inputBytes" : 201330781,
    "inputRecords" : 2013266,
    "outputBytes" : 504352677,
    "outputRecords" : 2013266
  }, {
    "startTime" : 1405397986183,
    "attempts" : [ {
      "result" : "SUCCESS",
      "startTime" : 1405397995295,
      "finishTime" : 1405398008115,
      "attemptID" : "attempt_201407031547_1967_m_000021_0",
      "shuffleFinished" : -1,
      "sortFinished" : -1,
      "hdfsBytesRead" : 201330781,
      "hdfsBytesWritten" : -1,
      "fileBytesRead" : 299155146,
      "fileBytesWritten" : 504352575,
      "mapInputRecords" : 2013266,
      "mapOutputBytes" : 201326600,
      "mapOutputRecords" : 2013266,
      "combineInputRecords" : 0,
      "reduceInputGroups" : -1,
      "reduceInputRecords" : -1,
      "reduceShuffleBytes" : -1,
      "reduceOutputRecords" : -1,
      "spilledRecords" : 4944032,
      "mapInputBytes" : 201326600,
      "resourceUsageMetrics" : {
        "cumulativeCpuUsage" : 5170,
        "virtualMemoryUsage" : 399855616,
        "physicalMemoryUsage" : 171511808,
        "heapUsage" : 118226944
      },
      "location" : {
        "layers" : [ "default-rack", "Slave11" ]
      },
      "hostName" : "/default-rack/Slave11"
    } ],
    "finishTime" : 1405397999096,
    "preferredLocations" : [ {
      "layers" : [ "default-rack", "192\\.168\\.1\\.103" ]
    }, {
      "layers" : [ "default-rack", "192\\.168\\.1\\.101" ]
    }, {
      "layers" : [ "default-rack", "192\\.168\\.1\\.102" ]
    } ],
    "taskType" : "MAP",
    "taskStatus" : "SUCCESS",
    "taskID" : "task_201407031547_1967_m_000021",
    "inputBytes" : 201330781,
    "inputRecords" : 2013266,
    "outputBytes" : 504352575,
    "outputRecords" : 2013266
  }, {
    "startTime" : 1405397987349,
    "attempts" : [ {
      "result" : "SUCCESS",
      "startTime" : 1405397987350,
      "finishTime" : 1405398004896,
      "attemptID" : "attempt_201407031547_1967_m_000022_0",
      "shuffleFinished" : -1,
      "sortFinished" : -1,
      "hdfsBytesRead" : 201330781,
      "hdfsBytesWritten" : -1,
      "fileBytesRead" : 299174076,
      "fileBytesWritten" : 504352575,
      "mapInputRecords" : 2013266,
      "mapOutputBytes" : 201326600,
      "mapOutputRecords" : 2013266,
      "combineInputRecords" : 0,
      "reduceInputGroups" : -1,
      "reduceInputRecords" : -1,
      "reduceShuffleBytes" : -1,
      "reduceOutputRecords" : -1,
      "spilledRecords" : 4944032,
      "mapInputBytes" : 201326600,
      "resourceUsageMetrics" : {
        "cumulativeCpuUsage" : 5230,
        "virtualMemoryUsage" : 398151680,
        "physicalMemoryUsage" : 218476544,
        "heapUsage" : 207093760
      },
      "location" : {
        "layers" : [ "default-rack", "Master1" ]
      },
      "hostName" : "/default-rack/Master1"
    } ],
    "finishTime" : 1405398005040,
    "preferredLocations" : [ {
      "layers" : [ "default-rack", "192\\.168\\.1\\.103" ]
    }, {
      "layers" : [ "default-rack", "192\\.168\\.1\\.102" ]
    }, {
      "layers" : [ "default-rack", "192\\.168\\.1\\.100" ]
    } ],
    "taskType" : "MAP",
    "taskStatus" : "SUCCESS",
    "taskID" : "task_201407031547_1967_m_000022",
    "inputBytes" : 201330781,
    "inputRecords" : 2013266,
    "outputBytes" : 504352575,
    "outputRecords" : 2013266
  }, {
    "startTime" : 1405397988726,
    "attempts" : [ {
      "result" : "SUCCESS",
      "startTime" : 1405397979738,
      "finishTime" : 1405397995366,
      "attemptID" : "attempt_201407031547_1967_m_000023_0",
      "shuffleFinished" : -1,
      "sortFinished" : -1,
      "hdfsBytesRead" : 201330781,
      "hdfsBytesWritten" : -1,
      "fileBytesRead" : 299176610,
      "fileBytesWritten" : 504352678,
      "mapInputRecords" : 2013266,
      "mapOutputBytes" : 201326600,
      "mapOutputRecords" : 2013266,
      "combineInputRecords" : 0,
      "reduceInputGroups" : -1,
      "reduceInputRecords" : -1,
      "reduceShuffleBytes" : -1,
      "reduceOutputRecords" : -1,
      "spilledRecords" : 4944033,
      "mapInputBytes" : 201326600,
      "resourceUsageMetrics" : {
        "cumulativeCpuUsage" : 5380,
        "virtualMemoryUsage" : 400269312,
        "physicalMemoryUsage" : 213372928,
        "heapUsage" : 205520896
      },
      "location" : {
        "layers" : [ "default-rack", "Slave12" ]
      },
      "hostName" : "/default-rack/Slave12"
    } ],
    "finishTime" : 1405398004805,
    "preferredLocations" : [ {
      "layers" : [ "default-rack", "192\\.168\\.1\\.103" ]
    }, {
      "layers" : [ "default-rack", "192\\.168\\.1\\.102" ]
    }, {
      "layers" : [ "default-rack", "192\\.168\\.1\\.100" ]
    } ],
    "taskType" : "MAP",
    "taskStatus" : "SUCCESS",
    "taskID" : "task_201407031547_1967_m_000023",
    "inputBytes" : 201330781,
    "inputRecords" : 2013266,
    "outputBytes" : 504352678,
    "outputRecords" : 2013266
  } ],
  "finishTime" : 1405398030369,
  "reduceTasks" : [ {
    "startTime" : 1405397953442,
    "attempts" : [ {
      "result" : "SUCCESS",
      "startTime" : 1405397962554,
      "finishTime" : 1405398034327,
      "attemptID" : "attempt_201407031547_1967_r_000000_0",
      "shuffleFinished" : 1405398022267,
      "sortFinished" : 1405398022294,
      "hdfsBytesRead" : -1,
      "hdfsBytesWritten" : 630522700,
      "fileBytesRead" : 617241708,
      "fileBytesWritten" : 617301863,
      "mapInputRecords" : -1,
      "mapOutputBytes" : -1,
      "mapOutputRecords" : -1,
      "combineInputRecords" : 0,
      "reduceInputGroups" : 6305227,
      "reduceInputRecords" : 6305227,
      "reduceShuffleBytes" : 643133310,
      "reduceOutputRecords" : 6305227,
      "spilledRecords" : 6051389,
      "mapInputBytes" : -1,
      "resourceUsageMetrics" : {
        "cumulativeCpuUsage" : 14340,
        "virtualMemoryUsage" : 509382656,
        "physicalMemoryUsage" : 307949568,
        "heapUsage" : 275775488
      },
      "location" : {
        "layers" : [ "default-rack", "Slave11" ]
      },
      "hostName" : "/default-rack/Slave11"
    } ],
    "finishTime" : 1405398025478,
    "preferredLocations" : [ ],
    "taskType" : "REDUCE",
    "taskStatus" : "SUCCESS",
    "taskID" : "task_201407031547_1967_r_000000",
    "inputBytes" : 643133310,
    "inputRecords" : 6305227,
    "outputBytes" : 630522700,
    "outputRecords" : 6305227
  }, {
    "startTime" : 1405397953473,
    "attempts" : [ {
      "result" : "SUCCESS",
      "startTime" : 1405397953475,
      "finishTime" : 1405398026126,
      "attemptID" : "attempt_201407031547_1967_r_000001_0",
      "shuffleFinished" : 1405398013545,
      "sortFinished" : 1405398013549,
      "hdfsBytesRead" : -1,
      "hdfsBytesWritten" : 625387100,
      "fileBytesRead" : 637894872,
      "fileBytesWritten" : 637955027,
      "mapInputRecords" : -1,
      "mapOutputBytes" : -1,
      "mapOutputRecords" : -1,
      "combineInputRecords" : 0,
      "reduceInputGroups" : 6253871,
      "reduceInputRecords" : 6253871,
      "reduceShuffleBytes" : 637894998,
      "reduceOutputRecords" : 6253871,
      "spilledRecords" : 6253871,
      "mapInputBytes" : -1,
      "resourceUsageMetrics" : {
        "cumulativeCpuUsage" : 13960,
        "virtualMemoryUsage" : 508329984,
        "physicalMemoryUsage" : 208723968,
        "heapUsage" : 193462272
      },
      "location" : {
        "layers" : [ "default-rack", "Master1" ]
      },
      "hostName" : "/default-rack/Master1"
    } ],
    "finishTime" : 1405398026293,
    "preferredLocations" : [ ],
    "taskType" : "REDUCE",
    "taskStatus" : "SUCCESS",
    "taskID" : "task_201407031547_1967_r_000001",
    "inputBytes" : 637894998,
    "inputRecords" : 6253871,
    "outputBytes" : 625387100,
    "outputRecords" : 6253871
  }, {
    "startTime" : 1405397953474,
    "attempts" : [ {
      "result" : "SUCCESS",
      "startTime" : 1405397944486,
      "finishTime" : 1405398015203,
      "attemptID" : "attempt_201407031547_1967_r_000002_0",
      "shuffleFinished" : 1405398002500,
      "sortFinished" : 1405398002743,
      "hdfsBytesRead" : -1,
      "hdfsBytesWritten" : 623879400,
      "fileBytesRead" : 636357018,
      "fileBytesWritten" : 636417174,
      "mapInputRecords" : -1,
      "mapOutputBytes" : -1,
      "mapOutputRecords" : -1,
      "combineInputRecords" : 0,
      "reduceInputGroups" : 6238794,
      "reduceInputRecords" : 6238794,
      "reduceShuffleBytes" : 636357144,
      "reduceOutputRecords" : 6238794,
      "spilledRecords" : 6238794,
      "mapInputBytes" : -1,
      "resourceUsageMetrics" : {
        "cumulativeCpuUsage" : 13850,
        "virtualMemoryUsage" : 508256256,
        "physicalMemoryUsage" : 332083200,
        "heapUsage" : 287047680
      },
      "location" : {
        "layers" : [ "default-rack", "Slave12" ]
      },
      "hostName" : "/default-rack/Slave12"
    } ],
    "finishTime" : 1405398024418,
    "preferredLocations" : [ ],
    "taskType" : "REDUCE",
    "taskStatus" : "SUCCESS",
    "taskID" : "task_201407031547_1967_r_000002",
    "inputBytes" : 636357144,
    "inputRecords" : 6238794,
    "outputBytes" : 623879400,
    "outputRecords" : 6238794
  }, {
    "startTime" : 1405397953476,
    "attempts" : [ {
      "result" : "SUCCESS",
      "startTime" : 1405397949305,
      "finishTime" : 1405398025571,
      "attemptID" : "attempt_201407031547_1967_r_000003_0",
      "shuffleFinished" : 1405398008560,
      "sortFinished" : 1405398008564,
      "hdfsBytesRead" : -1,
      "hdfsBytesWritten" : 614881600,
      "fileBytesRead" : 627179262,
      "fileBytesWritten" : 627239417,
      "mapInputRecords" : -1,
      "mapOutputBytes" : -1,
      "mapOutputRecords" : -1,
      "combineInputRecords" : 0,
      "reduceInputGroups" : 6148816,
      "reduceInputRecords" : 6148816,
      "reduceShuffleBytes" : 627179388,
      "reduceOutputRecords" : 6148816,
      "spilledRecords" : 6148816,
      "mapInputBytes" : -1,
      "resourceUsageMetrics" : {
        "cumulativeCpuUsage" : 13710,
        "virtualMemoryUsage" : 509411328,
        "physicalMemoryUsage" : 142151680,
        "heapUsage" : 86507520
      },
      "location" : {
        "layers" : [ "default-rack", "Slave13" ]
      },
      "hostName" : "/default-rack/Slave13"
    } ],
    "finishTime" : 1405398029761,
    "preferredLocations" : [ ],
    "taskType" : "REDUCE",
    "taskStatus" : "SUCCESS",
    "taskID" : "task_201407031547_1967_r_000003",
    "inputBytes" : 627179388,
    "inputRecords" : 6148816,
    "outputBytes" : 614881600,
    "outputRecords" : 6148816
  }, {
    "startTime" : 1405397953775,
    "attempts" : [ {
      "result" : "SUCCESS",
      "startTime" : 1405397954504,
      "finishTime" : 1405398025007,
      "attemptID" : "attempt_201407031547_1967_r_000004_0",
      "shuffleFinished" : 1405398011183,
      "sortFinished" : 1405398011188,
      "hdfsBytesRead" : -1,
      "hdfsBytesWritten" : 631814400,
      "fileBytesRead" : 644450718,
      "fileBytesWritten" : 644510873,
      "mapInputRecords" : -1,
      "mapOutputBytes" : -1,
      "mapOutputRecords" : -1,
      "combineInputRecords" : 0,
      "reduceInputGroups" : 6318144,
      "reduceInputRecords" : 6318144,
      "reduceShuffleBytes" : 644450844,
      "reduceOutputRecords" : 6318144,
      "spilledRecords" : 6318144,
      "mapInputBytes" : -1,
      "resourceUsageMetrics" : {
        "cumulativeCpuUsage" : 13970,
        "virtualMemoryUsage" : 507379712,
        "physicalMemoryUsage" : 328482816,
        "heapUsage" : 279707648
      },
      "location" : {
        "layers" : [ "default-rack", "Master1" ]
      },
      "hostName" : "/default-rack/Master1"
    } ],
    "finishTime" : 1405398025086,
    "preferredLocations" : [ ],
    "taskType" : "REDUCE",
    "taskStatus" : "SUCCESS",
    "taskID" : "task_201407031547_1967_r_000004",
    "inputBytes" : 644450844,
    "inputRecords" : 6318144,
    "outputBytes" : 631814400,
    "outputRecords" : 6318144
  }, {
    "startTime" : 1405397954501,
    "attempts" : [ {
      "result" : "SUCCESS",
      "startTime" : 1405397950329,
      "finishTime" : 1405398025796,
      "attemptID" : "attempt_201407031547_1967_r_000005_0",
      "shuffleFinished" : 1405398010063,
      "sortFinished" : 1405398010113,
      "hdfsBytesRead" : -1,
      "hdfsBytesWritten" : 621070000,
      "fileBytesRead" : 608002854,
      "fileBytesWritten" : 608063009,
      "mapInputRecords" : -1,
      "mapOutputBytes" : -1,
      "mapOutputRecords" : -1,
      "combineInputRecords" : 0,
      "reduceInputGroups" : 6210700,
      "reduceInputRecords" : 6210700,
      "reduceShuffleBytes" : 633491556,
      "reduceOutputRecords" : 6210700,
      "spilledRecords" : 5960812,
      "mapInputBytes" : -1,
      "resourceUsageMetrics" : {
        "cumulativeCpuUsage" : 14290,
        "virtualMemoryUsage" : 513413120,
        "physicalMemoryUsage" : 315854848,
        "heapUsage" : 305397760
      },
      "location" : {
        "layers" : [ "default-rack", "Slave13" ]
      },
      "hostName" : "/default-rack/Slave13"
    } ],
    "finishTime" : 1405398030064,
    "preferredLocations" : [ ],
    "taskType" : "REDUCE",
    "taskStatus" : "SUCCESS",
    "taskID" : "task_201407031547_1967_r_000005",
    "inputBytes" : 633491556,
    "inputRecords" : 6210700,
    "outputBytes" : 621070000,
    "outputRecords" : 6210700
  }, {
    "startTime" : 1405397954501,
    "attempts" : [ {
      "result" : "SUCCESS",
      "startTime" : 1405397963613,
      "finishTime" : 1405398034335,
      "attemptID" : "attempt_201407031547_1967_r_000006_0",
      "shuffleFinished" : 1405398022124,
      "sortFinished" : 1405398022128,
      "hdfsBytesRead" : -1,
      "hdfsBytesWritten" : 624764800,
      "fileBytesRead" : 637260126,
      "fileBytesWritten" : 637320281,
      "mapInputRecords" : -1,
      "mapOutputBytes" : -1,
      "mapOutputRecords" : -1,
      "combineInputRecords" : 0,
      "reduceInputGroups" : 6247648,
      "reduceInputRecords" : 6247648,
      "reduceShuffleBytes" : 637260252,
      "reduceOutputRecords" : 6247648,
      "spilledRecords" : 6247648,
      "mapInputBytes" : -1,
      "resourceUsageMetrics" : {
        "cumulativeCpuUsage" : 13630,
        "virtualMemoryUsage" : 511283200,
        "physicalMemoryUsage" : 144953344,
        "heapUsage" : 88866816
      },
      "location" : {
        "layers" : [ "default-rack", "Slave11" ]
      },
      "hostName" : "/default-rack/Slave11"
    } ],
    "finishTime" : 1405398025479,
    "preferredLocations" : [ ],
    "taskType" : "REDUCE",
    "taskStatus" : "SUCCESS",
    "taskID" : "task_201407031547_1967_r_000006",
    "inputBytes" : 637260252,
    "inputRecords" : 6247648,
    "outputBytes" : 624764800,
    "outputRecords" : 6247648
  }, {
    "startTime" : 1405397954501,
    "attempts" : [ {
      "result" : "SUCCESS",
      "startTime" : 1405397945513,
      "finishTime" : 1405398015100,
      "attemptID" : "attempt_201407031547_1967_r_000007_0",
      "shuffleFinished" : 1405398002496,
      "sortFinished" : 1405398002501,
      "hdfsBytesRead" : -1,
      "hdfsBytesWritten" : 627680000,
      "fileBytesRead" : 640233630,
      "fileBytesWritten" : 640293786,
      "mapInputRecords" : -1,
      "mapOutputBytes" : -1,
      "mapOutputRecords" : -1,
      "combineInputRecords" : 0,
      "reduceInputGroups" : 6276800,
      "reduceInputRecords" : 6276800,
      "reduceShuffleBytes" : 640233756,
      "reduceOutputRecords" : 6276800,
      "spilledRecords" : 6276800,
      "mapInputBytes" : -1,
      "resourceUsageMetrics" : {
        "cumulativeCpuUsage" : 13610,
        "virtualMemoryUsage" : 508248064,
        "physicalMemoryUsage" : 244543488,
        "heapUsage" : 194248704
      },
      "location" : {
        "layers" : [ "default-rack", "Slave12" ]
      },
      "hostName" : "/default-rack/Slave12"
    } ],
    "finishTime" : 1405398024116,
    "preferredLocations" : [ ],
    "taskType" : "REDUCE",
    "taskStatus" : "SUCCESS",
    "taskID" : "task_201407031547_1967_r_000007",
    "inputBytes" : 640233756,
    "inputRecords" : 6276800,
    "outputBytes" : 627680000,
    "outputRecords" : 6276800
  } ],
  "submitTime" : 1405397946363,
  "launchTime" : 1405397946445,
  "totalMaps" : 26,
  "totalReduces" : 8,
  "otherTasks" : [ {
    "startTime" : 1405397946461,
    "attempts" : [ {
      "result" : "SUCCESS",
      "startTime" : 1405397955798,
      "finishTime" : 1405397956612,
      "attemptID" : "attempt_201407031547_1967_m_000027_0",
      "shuffleFinished" : -1,
      "sortFinished" : -1,
      "hdfsBytesRead" : -1,
      "hdfsBytesWritten" : -1,
      "fileBytesRead" : -1,
      "fileBytesWritten" : 60247,
      "mapInputRecords" : -1,
      "mapOutputBytes" : -1,
      "mapOutputRecords" : -1,
      "combineInputRecords" : -1,
      "reduceInputGroups" : -1,
      "reduceInputRecords" : -1,
      "reduceShuffleBytes" : -1,
      "reduceOutputRecords" : -1,
      "spilledRecords" : 0,
      "mapInputBytes" : -1,
      "resourceUsageMetrics" : {
        "cumulativeCpuUsage" : 50,
        "virtualMemoryUsage" : 393768960,
        "physicalMemoryUsage" : 62611456,
        "heapUsage" : 64487424
      },
      "location" : {
        "layers" : [ "default-rack", "Slave11" ]
      },
      "hostName" : "/default-rack/Slave11"
    } ],
    "finishTime" : 1405397947669,
    "preferredLocations" : [ ],
    "taskType" : "SETUP",
    "taskStatus" : "SUCCESS",
    "taskID" : "task_201407031547_1967_m_000027",
    "inputBytes" : -1,
    "inputRecords" : -1,
    "outputBytes" : -1,
    "outputRecords" : -1
  }, {
    "startTime" : 1405398030066,
    "attempts" : [ {
      "result" : "SUCCESS",
      "startTime" : 1405398025896,
      "finishTime" : 1405398026086,
      "attemptID" : "attempt_201407031547_1967_m_000026_0",
      "shuffleFinished" : -1,
      "sortFinished" : -1,
      "hdfsBytesRead" : -1,
      "hdfsBytesWritten" : -1,
      "fileBytesRead" : -1,
      "fileBytesWritten" : 60247,
      "mapInputRecords" : -1,
      "mapOutputBytes" : -1,
      "mapOutputRecords" : -1,
      "combineInputRecords" : -1,
      "reduceInputGroups" : -1,
      "reduceInputRecords" : -1,
      "reduceShuffleBytes" : -1,
      "reduceOutputRecords" : -1,
      "spilledRecords" : 0,
      "mapInputBytes" : -1,
      "resourceUsageMetrics" : {
        "cumulativeCpuUsage" : 30,
        "virtualMemoryUsage" : 399912960,
        "physicalMemoryUsage" : 154529792,
        "heapUsage" : 101187584
      },
      "location" : {
        "layers" : [ "default-rack", "Slave13" ]
      },
      "hostName" : "/default-rack/Slave13"
    } ],
    "finishTime" : 1405398030368,
    "preferredLocations" : [ ],
    "taskType" : "CLEANUP",
    "taskStatus" : "SUCCESS",
    "taskID" : "task_201407031547_1967_m_000026",
    "inputBytes" : -1,
    "inputRecords" : -1,
    "outputBytes" : -1,
    "outputRecords" : -1
  } ],
  "jobProperties" : {
    "fs.s3n.impl" : "org.apache.hadoop.fs.s3native.NativeS3FileSystem",
    "mapred.task.cache.levels" : "2",
    "mapreduce.job.restart.recover" : "true",
    "mapreduce.job.counters.max" : "120",
    "dfs.client.use.datanode.hostname" : "false",
    "hadoop.tmp.dir" : "/tmp/hadoop-${user.name}",
    "hadoop.native.lib" : "true",
    "map.sort.class" : "org.apache.hadoop.util.QuickSort",
    "dfs.namenode.decommission.nodes.per.interval" : "5",
    "dfs.https.need.client.auth" : "false",
    "dfs.datanode.drop.cache.behind.writes" : "false",
    "ipc.client.idlethreshold" : "4000",
    "mapred.system.dir" : "${hadoop.tmp.dir}/mapred/system",
    "dfs.datanode.data.dir.perm" : "755",
    "mapred.job.tracker.persist.jobstatus.hours" : "0",
    "dfs.namenode.logging.level" : "info",
    "dfs.datanode.address" : "0.0.0.0:50010",
    "io.skip.checksum.errors" : "false",
    "dfs.block.access.token.enable" : "false",
    "fs.default.name" : "hdfs://Master1:9000",
    "mapred.cluster.reduce.memory.mb" : "-1",
    "mapred.child.tmp" : "./tmp",
    "fs.har.impl.disable.cache" : "true",
    "dfs.safemode.threshold.pct" : "0.999f",
    "mapred.skip.reduce.max.skip.groups" : "0",
    "mapred.heartbeats.in.second" : "100",
    "dfs.namenode.handler.count" : "10",
    "dfs.blockreport.initialDelay" : "0",
    "mapred.tasktracker.dns.nameserver" : "default",
    "io.sort.factor" : "10",
    "dfs.datanode.drop.cache.behind.reads" : "false",
    "mapred.task.timeout" : "600000",
    "mapred.max.tracker.failures" : "4",
    "hadoop.rpc.socket.factory.class.default" : "org.apache.hadoop.net.StandardSocketFactory",
    "mapred.job.tracker.jobhistory.lru.cache.size" : "5",
    "fs.hdfs.impl" : "org.apache.hadoop.hdfs.DistributedFileSystem",
    "mapred.queue.default.acl-administer-jobs" : "*",
    "dfs.namenode.stale.datanode.interval" : "30000",
    "mapred.output.key.class" : "org.apache.hadoop.io.Text",
    "dfs.block.access.key.update.interval" : "600",
    "mapred.skip.map.auto.incr.proc.count" : "true",
    "mapreduce.job.complete.cancel.delegation.tokens" : "true",
    "io.mapfile.bloom.size" : "1048576",
    "mapreduce.reduce.shuffle.connect.timeout" : "180000",
    "dfs.safemode.extension" : "30000",
    "mapred.jobtracker.blacklist.fault-timeout-window" : "180",
    "dfs.namenode.write.stale.datanode.ratio" : "0.5f",
    "hadoop.skip.worker.version.check" : "false",
    "tasktracker.http.threads" : "40",
    "net.topology.impl" : "org.apache.hadoop.net.NetworkTopology",
    "mapred.job.shuffle.merge.percent" : "0.8",
    "fs.ftp.impl" : "org.apache.hadoop.fs.ftp.FTPFileSystem",
    "user.name" : "itri-hadoop",
    "dfs.namenode.kerberos.internal.spnego.principal" : "${dfs.web.authentication.kerberos.principal}",
    "mapred.output.compress" : "false",
    "io.bytes.per.checksum" : "512",
    "mapred.combine.recordsBeforeProgress" : "10000",
    "mapred.healthChecker.script.timeout" : "600000",
    "mapred.cache.files.filesizes" : "318",
    "topology.node.switch.mapping.impl" : "org.apache.hadoop.net.ScriptBasedMapping",
    "dfs.https.server.keystore.resource" : "ssl-server.xml",
    "mapred.reduce.slowstart.completed.maps" : "0.05",
    "mapred.reduce.max.attempts" : "4",
    "dfs.namenode.safemode.min.datanodes" : "0",
    "mapreduce.ifile.readahead.bytes" : "4194304",
    "fs.ramfs.impl" : "org.apache.hadoop.fs.InMemoryFileSystem",
    "dfs.block.access.token.lifetime" : "600",
    "mapred.skip.map.max.skip.records" : "0",
    "dfs.name.edits.dir" : "${dfs.name.dir}",
    "mapred.cluster.map.memory.mb" : "-1",
    "hadoop.security.group.mapping" : "org.apache.hadoop.security.ShellBasedUnixGroupsMapping",
    "mapred.job.tracker.persist.jobstatus.dir" : "/jobtracker/jobsInfo",
    "mapred.jar" : "hdfs://Master1:9000/tmp/hadoop-itri-hadoop/mapred/staging/itri-hadoop/.staging/job_201407031547_1967/job.jar",
    "fs.s3.buffer.dir" : "${hadoop.tmp.dir}/s3",
    "dfs.block.size" : "67108864",
    "job.end.retry.attempts" : "0",
    "fs.file.impl" : "org.apache.hadoop.fs.LocalFileSystem",
    "dfs.namenode.avoid.write.stale.datanode" : "false",
    "dfs.datanode.max.xcievers" : "4096",
    "mapred.local.dir.minspacestart" : "0",
    "mapred.output.compression.type" : "RECORD",
    "dfs.datanode.ipc.address" : "0.0.0.0:50020",
    "dfs.permissions" : "true",
    "topology.script.number.args" : "100",
    "mapreduce.job.counters.groups.max" : "50",
    "io.mapfile.bloom.error.rate" : "0.005",
    "mapred.cluster.max.reduce.memory.mb" : "-1",
    "mapred.max.tracker.blacklists" : "4",
    "mapred.task.profile.maps" : "0-2",
    "mapred.jobtracker.jobSchedulable" : "org.apache.hadoop.mapred.JobSchedulable",
    "dfs.datanode.https.address" : "0.0.0.0:50475",
    "mapred.userlog.retain.hours" : "24",
    "dfs.secondary.http.address" : "0.0.0.0:50090",
    "dfs.namenode.replication.work.multiplier.per.iteration" : "2",
    "dfs.replication.max" : "512",
    "mapred.job.tracker.persist.jobstatus.active" : "false",
    "hadoop.security.authorization" : "false",
    "local.cache.size" : "10737418240",
    "mapred.min.split.size" : "201326592",
    "dfs.namenode.delegation.token.renew-interval" : "86400000",
    "mapred.map.tasks" : "26",
    "mapred.child.java.opts" : "-Xmx200m",
    "mapred.partitioner.class" : "org.apache.hadoop.examples.terasort.TeraSort$TotalOrderPartitioner",
    "mapred.output.value.class" : "org.apache.hadoop.io.Text",
    "dfs.https.client.keystore.resource" : "ssl-client.xml",
    "ipc.client.fallback-to-simple-auth-allowed" : "false",
    "mapred.job.queue.name" : "default",
    "mapred.job.tracker.retiredjobs.cache.size" : "1000",
    "dfs.https.address" : "0.0.0.0:50470",
    "dfs.balance.bandwidthPerSec" : "1048576",
    "ipc.server.listen.queue.size" : "128",
    "dfs.namenode.invalidate.work.pct.per.iteration" : "0.32f",
    "mapred.inmem.merge.threshold" : "1000",
    "job.end.retry.interval" : "30000",
    "mapred.skip.attempts.to.start.skipping" : "2",
    "mapreduce.tasktracker.outofband.heartbeat.damper" : "1000000",
    "hadoop.security.use-weak-http-crypto" : "false",
    "fs.checkpoint.dir" : "${hadoop.tmp.dir}/dfs/namesecondary",
    "dfs.namenode.avoid.read.stale.datanode" : "false",
    "mapred.reduce.tasks" : "8",
    "mapred.merge.recordsBeforeProgress" : "10000",
    "mapred.userlog.limit.kb" : "0",
    "mapred.job.reduce.memory.mb" : "-1",
    "webinterface.private.actions" : "false",
    "dfs.max.objects" : "0",
    "hadoop.security.token.service.use_ip" : "true",
    "io.sort.spill.percent" : "0.5",
    "mapred.job.shuffle.input.buffer.percent" : "0.5",
    "mapred.map.tasks.speculative.execution" : "true",
    "hadoop.http.authentication.type" : "simple",
    "mapred.job.name" : "TeraSort",
    "hadoop.util.hash.type" : "murmur",
    "dfs.datanode.dns.nameserver" : "default",
    "hadoop.security.instrumentation.requires.admin" : "false",
    "dfs.blockreport.intervalMsec" : "3600000",
    "dfs.datanode.readahead.bytes" : "4193404",
    "mapred.map.max.attempts" : "4",
    "mapreduce.job.acl-view-job" : " ",
    "mapreduce.ifile.readahead" : "true",
    "mapred.jobtracker.nodegroup.aware" : "false",
    "mapred.job.tracker.handler.count" : "10",
    "dfs.client.block.write.retries" : "3",
    "mapred.input.format.class" : "org.apache.hadoop.examples.terasort.TeraInputFormat",
    "mapreduce.reduce.shuffle.read.timeout" : "180000",
    "mapred.tasktracker.expiry.interval" : "600000",
    "dfs.secondary.namenode.kerberos.internal.spnego.principal" : "${dfs.web.authentication.kerberos.principal}",
    "dfs.https.enable" : "false",
    "mapred.jobtracker.job.history.block.size" : "3145728",
    "mapred.jobtracker.maxtasks.per.job" : "-1",
    "keep.failed.task.files" : "false",
    "dfs.datanode.use.datanode.hostname" : "false",
    "mapred.output.format.class" : "org.apache.hadoop.examples.terasort.TeraOutputFormat",
    "dfs.datanode.failed.volumes.tolerated" : "0",
    "ipc.client.tcpnodelay" : "false",
    "mapred.task.profile.reduces" : "0-2",
    "io.map.index.skip" : "0",
    "mapred.output.compression.codec" : "org.apache.hadoop.io.compress.DefaultCodec",
    "hadoop.http.authentication.token.validity" : "36000",
    "ipc.server.tcpnodelay" : "false",
    "hadoop.jetty.logs.serve.aliases" : "true",
    "mapred.working.dir" : "hdfs://Master1:9000/user/itri-hadoop",
    "mapred.jobtracker.blacklist.fault-bucket-width" : "15",
    "dfs.namenode.delegation.key.update-interval" : "86400000",
    "mapred.used.genericoptionsparser" : "true",
    "mapred.job.map.memory.mb" : "-1",
    "dfs.default.chunk.view.size" : "32768",
    "hadoop.logfile.size" : "10000000",
    "mapred.cache.files.timestamps" : "1405397945660",
    "mapred.reduce.tasks.speculative.execution" : "true",
    "mapreduce.tasktracker.outofband.heartbeat" : "false",
    "mapreduce.job.dir" : "hdfs://Master1:9000/tmp/hadoop-itri-hadoop/mapred/staging/itri-hadoop/.staging/job_201407031547_1967",
    "mapreduce.reduce.input.limit" : "-1",
    "dfs.datanode.du.reserved" : "0",
    "dfs.datanode.sync.behind.writes" : "false",
    "hadoop.security.authentication" : "simple",
    "fs.checkpoint.period" : "3600",
    "mapred.job.reuse.jvm.num.tasks" : "-1",
    "dfs.web.ugi" : "webuser,webgroup",
    "mapred.jobtracker.completeuserjobs.maximum" : "100",
    "dfs.df.interval" : "60000",
    "mapred.task.tracker.task-controller" : "org.apache.hadoop.mapred.DefaultTaskController",
    "dfs.data.dir" : "${hadoop.tmp.dir}/dfs/data",
    "fs.s3.maxRetries" : "4",
    "dfs.datanode.dns.interface" : "default",
    "mapred.cluster.max.map.memory.mb" : "-1",
    "mapreduce.reduce.shuffle.maxfetchfailures" : "10",
    "mapred.map.child.java.opts" : "-Xmx200M",
    "mapreduce.job.acl-modify-job" : " ",
    "fs.hftp.impl" : "org.apache.hadoop.hdfs.HftpFileSystem",
    "mapred.local.dir" : "${hadoop.tmp.dir}/mapred/local",
    "dfs.permissions.supergroup" : "supergroup",
    "fs.s3.sleepTimeSeconds" : "10",
    "fs.trash.interval" : "0",
    "mapred.submit.replication" : "10",
    "dfs.replication.min" : "1",
    "fs.har.impl" : "org.apache.hadoop.fs.HarFileSystem",
    "hadoop.relaxed.worker.version.check" : "false",
    "mapred.map.output.compression.codec" : "org.apache.hadoop.io.compress.DefaultCodec",
    "mapreduce.job.cache.files.visibilities" : "true",
    "mapred.tasktracker.dns.interface" : "default",
    "dfs.http.address" : "0.0.0.0:50070",
    "dfs.namenode.decommission.interval" : "30",
    "mapred.cache.files" : "hdfs://Master1:9000/tera-in5G/_partition.lst#_partition.lst",
    "mapred.job.tracker" : "Master1:9001",
    "dfs.heartbeat.interval" : "3",
    "hadoop.http.authentication.signature.secret.file" : "${user.home}/hadoop-http-auth-signature-secret",
    "io.seqfile.sorter.recordlimit" : "1000000",
    "mapreduce.job.submithost" : "Master1",
    "dfs.name.dir" : "${hadoop.tmp.dir}/dfs/name",
    "mapred.jobtracker.taskScheduler" : "org.apache.hadoop.mapred.JobQueueTaskScheduler",
    "mapred.line.input.format.linespermap" : "1",
    "mapred.create.symlink" : "yes",
    "dfs.datanode.http.address" : "0.0.0.0:50075",
    "fs.webhdfs.impl" : "org.apache.hadoop.hdfs.web.WebHdfsFileSystem",
    "mapred.local.dir.minspacekill" : "0",
    "dfs.image.transfer.bandwidthPerSec" : "0",
    "dfs.replication.interval" : "3",
    "io.sort.record.percent" : "0.04",
    "hadoop.http.authentication.kerberos.principal" : "HTTP/localhost@LOCALHOST",
    "fs.kfs.impl" : "org.apache.hadoop.fs.kfs.KosmosFileSystem",
    "mapred.tasktracker.reduce.tasks.maximum" : "4",
    "mapred.temp.dir" : "${hadoop.tmp.dir}/mapred/temp",
    "dfs.replication" : "1",
    "fs.checkpoint.edits.dir" : "${fs.checkpoint.dir}",
    "mapreduce.jobhistory.max-age-ms" : "2592000000",
    "mapred.tasktracker.tasks.sleeptime-before-sigkill" : "5000",
    "mapred.job.reduce.input.buffer.percent" : "0.6",
    "mapred.tasktracker.indexcache.mb" : "10",
    "dfs.webhdfs.enabled" : "false",
    "mapreduce.job.split.metainfo.maxsize" : "10000000",
    "hadoop.logfile.count" : "10",
    "mapred.skip.reduce.auto.incr.proc.count" : "true",
    "mapreduce.job.submithostaddress" : "192.168.1.100",
    "terasort.final.sync" : "true",
    "io.seqfile.compress.blocksize" : "1000000",
    "fs.s3.block.size" : "67108864",
    "mapred.tasktracker.taskmemorymanager.monitoring-interval" : "5000",
    "hadoop.http.authentication.simple.anonymous.allowed" : "true",
    "mapreduce.jobtracker.staging.root.dir" : "${hadoop.tmp.dir}/mapred/staging",
    "mapred.acls.enabled" : "false",
    "mapred.queue.default.state" : "RUNNING",
    "mapred.queue.names" : "default",
    "fs.hsftp.impl" : "org.apache.hadoop.hdfs.HsftpFileSystem",
    "dfs.access.time.precision" : "3600000",
    "mapred.task.tracker.http.address" : "0.0.0.0:50060",
    "io.seqfile.lazydecompress" : "true",
    "mapred.reduce.parallel.copies" : "5",
    "mapred.disk.healthChecker.interval" : "60000",
    "mapred.output.dir" : "hdfs://Master1:9000/tera-out",
    "ipc.client.connection.maxidletime" : "10000",
    "io.sort.mb" : "100",
    "mapred.reduce.child.java.opts" : "-Xmx300M",
    "mapred.task.tracker.report.address" : "127.0.0.1:0",
    "hadoop.security.uid.cache.secs" : "14400",
    "mapred.compress.map.output" : "false",
    "ipc.client.kill.max" : "10",
    "mapred.healthChecker.interval" : "60000",
    "ipc.client.connect.max.retries" : "10",
    "fs.s3.impl" : "org.apache.hadoop.fs.s3.S3FileSystem",
    "mapred.user.jobconf.limit" : "5242880",
    "mapreduce.job.counters.group.name.max" : "128",
    "mapred.job.tracker.http.address" : "0.0.0.0:50030",
    "mapred.input.dir" : "hdfs://Master1:9000/tera-in5G",
    "io.file.buffer.size" : "4096",
    "mapred.jobtracker.restart.recover" : "false",
    "io.serializations" : "org.apache.hadoop.io.serializer.WritableSerialization",
    "mapred.task.profile" : "false",
    "dfs.datanode.handler.count" : "3",
    "mapreduce.input.num.files" : "2",
    "mapreduce.jobhistory.cleaner.interval-ms" : "86400000",
    "dfs.replication.considerLoad" : "true",
    "jobclient.output.filter" : "FAILED",
    "dfs.namenode.edits.toleration.length" : "0",
    "hadoop.http.authentication.kerberos.keytab" : "${user.home}/hadoop.keytab",
    "dfs.namenode.delegation.token.max-lifetime" : "604800000",
    "mapred.tasktracker.map.tasks.maximum" : "2",
    "fs.checkpoint.size" : "67108864",
    "io.compression.codecs" : "org.apache.hadoop.io.compress.DefaultCodec,org.apache.hadoop.io.compress.GzipCodec,org.apache.hadoop.io.compress.BZip2Codec,org.apache.hadoop.io.compress.SnappyCodec",
    "mapreduce.job.counters.counter.name.max" : "64"
  },
  "computonsPerMapInputByte" : -1,
  "computonsPerMapOutputByte" : -1,
  "computonsPerReduceInputByte" : -1,
  "computonsPerReduceOutputByte" : -1,
  "heapMegabytes" : 200,
  "outcome" : "SUCCESS",
  "jobtype" : "JAVA",
  "directDependantJobs" : [ ],
  "successfulMapAttemptCDFs" : [ {
    "maximum" : 5465,
    "minimum" : 4705,
    "rankings" : [ {
      "relativeRanking" : 0.05,
      "datum" : 4705
    }, {
      "relativeRanking" : 0.1,
      "datum" : 4705
    }, {
      "relativeRanking" : 0.15,
      "datum" : 4705
    }, {
      "relativeRanking" : 0.2,
      "datum" : 4705
    }, {
      "relativeRanking" : 0.25,
      "datum" : 4705
    }, {
      "relativeRanking" : 0.3,
      "datum" : 4705
    }, {
      "relativeRanking" : 0.35,
      "datum" : 4705
    }, {
      "relativeRanking" : 0.4,
      "datum" : 4705
    }, {
      "relativeRanking" : 0.45,
      "datum" : 4705
    }, {
      "relativeRanking" : 0.5,
      "datum" : 4705
    }, {
      "relativeRanking" : 0.55,
      "datum" : 4705
    }, {
      "relativeRanking" : 0.6,
      "datum" : 4705
    }, {
      "relativeRanking" : 0.65,
      "datum" : 4705
    }, {
      "relativeRanking" : 0.7,
      "datum" : 4705
    }, {
      "relativeRanking" : 0.75,
      "datum" : 4705
    }, {
      "relativeRanking" : 0.8,
      "datum" : 4705
    }, {
      "relativeRanking" : 0.85,
      "datum" : 4705
    }, {
      "relativeRanking" : 0.9,
      "datum" : 4705
    }, {
      "relativeRanking" : 0.95,
      "datum" : 4705
    } ],
    "numberValues" : 2
  }, {
    "maximum" : 33761,
    "minimum" : 7105,
    "rankings" : [ {
      "relativeRanking" : 0.05,
      "datum" : 7105
    }, {
      "relativeRanking" : 0.1,
      "datum" : 10155
    }, {
      "relativeRanking" : 0.15,
      "datum" : 11633
    }, {
      "relativeRanking" : 0.2,
      "datum" : 12820
    }, {
      "relativeRanking" : 0.25,
      "datum" : 14148
    }, {
      "relativeRanking" : 0.3,
      "datum" : 14825
    }, {
      "relativeRanking" : 0.35,
      "datum" : 15130
    }, {
      "relativeRanking" : 0.4,
      "datum" : 15376
    }, {
      "relativeRanking" : 0.45,
      "datum" : 15380
    }, {
      "relativeRanking" : 0.5,
      "datum" : 17073
    }, {
      "relativeRanking" : 0.55,
      "datum" : 17373
    }, {
      "relativeRanking" : 0.6,
      "datum" : 17546
    }, {
      "relativeRanking" : 0.65,
      "datum" : 17747
    }, {
      "relativeRanking" : 0.7,
      "datum" : 18024
    }, {
      "relativeRanking" : 0.75,
      "datum" : 19201
    }, {
      "relativeRanking" : 0.8,
      "datum" : 19652
    }, {
      "relativeRanking" : 0.85,
      "datum" : 20217
    }, {
      "relativeRanking" : 0.9,
      "datum" : 21048
    }, {
      "relativeRanking" : 0.95,
      "datum" : 23049
    } ],
    "numberValues" : 24
  }, {
    "maximum" : 9223372036854775807,
    "minimum" : -9223372036854775808,
    "rankings" : [ ],
    "numberValues" : 0
  }, {
    "maximum" : 9223372036854775807,
    "minimum" : -9223372036854775808,
    "rankings" : [ ],
    "numberValues" : 0
  } ],
  "failedMapAttemptCDFs" : [ {
    "maximum" : 9223372036854775807,
    "minimum" : -9223372036854775808,
    "rankings" : [ ],
    "numberValues" : 0
  }, {
    "maximum" : 9223372036854775807,
    "minimum" : -9223372036854775808,
    "rankings" : [ ],
    "numberValues" : 0
  }, {
    "maximum" : 9223372036854775807,
    "minimum" : -9223372036854775808,
    "rankings" : [ ],
    "numberValues" : 0
  }, {
    "maximum" : 9223372036854775807,
    "minimum" : -9223372036854775808,
    "rankings" : [ ],
    "numberValues" : 0
  } ],
  "successfulReduceAttemptCDF" : {
    "maximum" : 76266,
    "minimum" : 69587,
    "rankings" : [ {
      "relativeRanking" : 0.05,
      "datum" : 69587
    }, {
      "relativeRanking" : 0.1,
      "datum" : 69587
    }, {
      "relativeRanking" : 0.15,
      "datum" : 69587
    }, {
      "relativeRanking" : 0.2,
      "datum" : 69587
    }, {
      "relativeRanking" : 0.25,
      "datum" : 70503
    }, {
      "relativeRanking" : 0.3,
      "datum" : 70503
    }, {
      "relativeRanking" : 0.35,
      "datum" : 70503
    }, {
      "relativeRanking" : 0.4,
      "datum" : 70717
    }, {
      "relativeRanking" : 0.45,
      "datum" : 70717
    }, {
      "relativeRanking" : 0.5,
      "datum" : 70722
    }, {
      "relativeRanking" : 0.55,
      "datum" : 70722
    }, {
      "relativeRanking" : 0.6,
      "datum" : 70722
    }, {
      "relativeRanking" : 0.65,
      "datum" : 71773
    }, {
      "relativeRanking" : 0.7,
      "datum" : 71773
    }, {
      "relativeRanking" : 0.75,
      "datum" : 72651
    }, {
      "relativeRanking" : 0.8,
      "datum" : 72651
    }, {
      "relativeRanking" : 0.85,
      "datum" : 72651
    }, {
      "relativeRanking" : 0.9,
      "datum" : 75467
    }, {
      "relativeRanking" : 0.95,
      "datum" : 75467
    } ],
    "numberValues" : 8
  },
  "failedReduceAttemptCDF" : {
    "maximum" : 9223372036854775807,
    "minimum" : -9223372036854775808,
    "rankings" : [ ],
    "numberValues" : 0
  },
  "mapperTriesToSucceed" : [ 1.0 ],
  "failedMapperFraction" : 0.0,
  "relativeTime" : 0,
  "clusterMapMB" : -1,
  "clusterReduceMB" : -1,
  "jobMapMB" : 200,
  "jobReduceMB" : 200,
  "queue" : "default",
  "priority" : "NORMAL"
}