{
  "jobID" : "job_201407031547_2023",
  "user" : "itri-hadoop",
  "jobName" : "TeraSort",
  "mapperTriesToSucceed" : [ 0.9736842105263158, 0.02631578947368421 ],
  "failedMapperFraction" : 0.0,
  "relativeTime" : 0,
  "clusterMapMB" : -1,
  "clusterReduceMB" : -1,
  "jobMapMB" : 200,
  "jobReduceMB" : 200,
  "mapTasks" : [ {
    "startTime" : 1405430991544,
    "attempts" : [ {
      "result" : "SUCCESS",
      "startTime" : 1405430991545,
      "finishTime" : 1405431003091,
      "attemptID" : "attempt_201407031547_2023_m_000036_0",
      "shuffleFinished" : -1,
      "sortFinished" : -1,
      "hdfsBytesRead" : 168161886,
      "hdfsBytesWritten" : -1,
      "fileBytesRead" : 171615333,
      "fileBytesWritten" : 343110711,
      "mapInputRecords" : 1681617,
      "mapOutputBytes" : 168161700,
      "mapOutputRecords" : 1681617,
      "combineInputRecords" : 0,
      "reduceInputGroups" : -1,
      "reduceInputRecords" : -1,
      "reduceShuffleBytes" : -1,
      "reduceOutputRecords" : -1,
      "spilledRecords" : 3363234,
      "mapInputBytes" : 168161700,
      "resourceUsageMetrics" : {
        "cumulativeCpuUsage" : 5930,
        "virtualMemoryUsage" : 614739968,
        "physicalMemoryUsage" : 172863488,
        "heapUsage" : 164364288
      },
      "location" : {
        "layers" : [ "default-rack", "Master1" ]
      },
      "hostName" : "/default-rack/Master1"
    } ],
    "finishTime" : 1405431003364,
    "preferredLocations" : [ {
      "layers" : [ "default-rack", "Master1" ]
    }, {
      "layers" : [ "default-rack", "Slave13" ]
    }, {
      "layers" : [ "default-rack", "Slave12" ]
    } ],
    "taskType" : "MAP",
    "taskStatus" : "SUCCESS",
    "taskID" : "task_201407031547_2023_m_000036",
    "inputBytes" : 168161886,
    "inputRecords" : 1681617,
    "outputBytes" : 343110711,
    "outputRecords" : 1681617
  }, {
    "startTime" : 1405430991544,
    "attempts" : [ {
      "result" : "SUCCESS",
      "startTime" : 1405430991545,
      "finishTime" : 1405431001591,
      "attemptID" : "attempt_201407031547_2023_m_000037_0",
      "shuffleFinished" : -1,
      "sortFinished" : -1,
      "hdfsBytesRead" : 168161886,
      "hdfsBytesWritten" : -1,
      "fileBytesRead" : 171640315,
      "fileBytesWritten" : 343110711,
      "mapInputRecords" : 1681617,
      "mapOutputBytes" : 168161700,
      "mapOutputRecords" : 1681617,
      "combineInputRecords" : 0,
      "reduceInputGroups" : -1,
      "reduceInputRecords" : -1,
      "reduceShuffleBytes" : -1,
      "reduceOutputRecords" : -1,
      "spilledRecords" : 3363234,
      "mapInputBytes" : 168161700,
      "resourceUsageMetrics" : {
        "cumulativeCpuUsage" : 5620,
        "virtualMemoryUsage" : 620314624,
        "physicalMemoryUsage" : 174317568,
        "heapUsage" : 164364288
      },
      "location" : {
        "layers" : [ "default-rack", "Master1" ]
      },
      "hostName" : "/default-rack/Master1"
    } ],
    "finishTime" : 1405431002156,
    "preferredLocations" : [ {
      "layers" : [ "default-rack", "Master1" ]
    }, {
      "layers" : [ "default-rack", "Slave11" ]
    }, {
      "layers" : [ "default-rack", "Slave13" ]
    } ],
    "taskType" : "MAP",
    "taskStatus" : "SUCCESS",
    "taskID" : "task_201407031547_2023_m_000037",
    "inputBytes" : 168161886,
    "inputRecords" : 1681617,
    "outputBytes" : 343110711,
    "outputRecords" : 1681617
  }, {
    "startTime" : 1405430991604,
    "attempts" : [ {
      "result" : "SUCCESS",
      "startTime" : 1405431001323,
      "finishTime" : 1405431017429,
      "attemptID" : "attempt_201407031547_2023_m_000000_0",
      "shuffleFinished" : -1,
      "sortFinished" : -1,
      "hdfsBytesRead" : 268439646,
      "hdfsBytesWritten" : -1,
      "fileBytesRead" : 374242599,
      "fileBytesWritten" : 647939390,
      "mapInputRecords" : 2684355,
      "mapOutputBytes" : 268435500,
      "mapOutputRecords" : 2684355,
      "combineInputRecords" : 0,
      "reduceInputGroups" : -1,
      "reduceInputRecords" : -1,
      "reduceShuffleBytes" : -1,
      "reduceOutputRecords" : -1,
      "spilledRecords" : 6351748,
      "mapInputBytes" : 268435500,
      "resourceUsageMetrics" : {
        "cumulativeCpuUsage" : 8750,
        "virtualMemoryUsage" : 614764544,
        "physicalMemoryUsage" : 170618880,
        "heapUsage" : 164364288
      },
      "location" : {
        "layers" : [ "default-rack", "Slave11" ]
      },
      "hostName" : "/default-rack/Slave11"
    } ],
    "finishTime" : 1405431008121,
    "preferredLocations" : [ {
      "layers" : [ "default-rack", "192\\.168\\.1\\.100" ]
    }, {
      "layers" : [ "default-rack", "192\\.168\\.1\\.101" ]
    }, {
      "layers" : [ "default-rack", "192\\.168\\.1\\.103" ]
    } ],
    "taskType" : "MAP",
    "taskStatus" : "SUCCESS",
    "taskID" : "task_201407031547_2023_m_000000",
    "inputBytes" : 268439646,
    "inputRecords" : 2684355,
    "outputBytes" : 647939390,
    "outputRecords" : 2684355
  }, {
    "startTime" : 1405430991604,
    "attempts" : [ {
      "result" : "SUCCESS",
      "startTime" : 1405431001323,
      "finishTime" : 1405431036924,
      "attemptID" : "attempt_201407031547_2023_m_000001_0",
      "shuffleFinished" : -1,
      "sortFinished" : -1,
      "hdfsBytesRead" : 268439646,
      "hdfsBytesWritten" : -1,
      "fileBytesRead" : 374233237,
      "fileBytesWritten" : 647939390,
      "mapInputRecords" : 2684355,
      "mapOutputBytes" : 268435500,
      "mapOutputRecords" : 2684355,
      "combineInputRecords" : 0,
      "reduceInputGroups" : -1,
      "reduceInputRecords" : -1,
      "reduceShuffleBytes" : -1,
      "reduceOutputRecords" : -1,
      "spilledRecords" : 6351748,
      "mapInputBytes" : 268435500,
      "resourceUsageMetrics" : {
        "cumulativeCpuUsage" : 10000,
        "virtualMemoryUsage" : 613359616,
        "physicalMemoryUsage" : 176181248,
        "heapUsage" : 187957248
      },
      "location" : {
        "layers" : [ "default-rack", "Slave11" ]
      },
      "hostName" : "/default-rack/Slave11"
    } ],
    "finishTime" : 1405431028246,
    "preferredLocations" : [ {
      "layers" : [ "default-rack", "192\\.168\\.1\\.100" ]
    }, {
      "layers" : [ "default-rack", "192\\.168\\.1\\.102" ]
    }, {
      "layers" : [ "default-rack", "192\\.168\\.1\\.103" ]
    } ],
    "taskType" : "MAP",
    "taskStatus" : "SUCCESS",
    "taskID" : "task_201407031547_2023_m_000001",
    "inputBytes" : 268439646,
    "inputRecords" : 2684355,
    "outputBytes" : 647939390,
    "outputRecords" : 2684355
  }, {
    "startTime" : 1405430991825,
    "attempts" : [ {
      "result" : "SUCCESS",
      "startTime" : 1405430988083,
      "finishTime" : 1405431005759,
      "attemptID" : "attempt_201407031547_2023_m_000002_0",
      "shuffleFinished" : -1,
      "sortFinished" : -1,
      "hdfsBytesRead" : 268439646,
      "hdfsBytesWritten" : -1,
      "fileBytesRead" : 374268291,
      "fileBytesWritten" : 647939186,
      "mapInputRecords" : 2684354,
      "mapOutputBytes" : 268435400,
      "mapOutputRecords" : 2684354,
      "combineInputRecords" : 0,
      "reduceInputGroups" : -1,
      "reduceInputRecords" : -1,
      "reduceShuffleBytes" : -1,
      "reduceOutputRecords" : -1,
      "spilledRecords" : 6351746,
      "mapInputBytes" : 268435400,
      "resourceUsageMetrics" : {
        "cumulativeCpuUsage" : 9200,
        "virtualMemoryUsage" : 615788544,
        "physicalMemoryUsage" : 132964352,
        "heapUsage" : 84148224
      },
      "location" : {
        "layers" : [ "default-rack", "Slave13" ]
      },
      "hostName" : "/default-rack/Slave13"
    } ],
    "finishTime" : 1405431010314,
    "preferredLocations" : [ {
      "layers" : [ "default-rack", "192\\.168\\.1\\.103" ]
    }, {
      "layers" : [ "default-rack", "192\\.168\\.1\\.100" ]
    }, {
      "layers" : [ "default-rack", "192\\.168\\.1\\.102" ]
    } ],
    "taskType" : "MAP",
    "taskStatus" : "SUCCESS",
    "taskID" : "task_201407031547_2023_m_000002",
    "inputBytes" : 268439646,
    "inputRecords" : 2684354,
    "outputBytes" : 647939186,
    "outputRecords" : 2684354
  }, {
    "startTime" : 1405430991825,
    "attempts" : [ {
      "result" : "SUCCESS",
      "startTime" : 1405430988083,
      "finishTime" : 1405431015816,
      "attemptID" : "attempt_201407031547_2023_m_000003_0",
      "shuffleFinished" : -1,
      "sortFinished" : -1,
      "hdfsBytesRead" : 268439646,
      "hdfsBytesWritten" : -1,
      "fileBytesRead" : 374229781,
      "fileBytesWritten" : 647939390,
      "mapInputRecords" : 2684355,
      "mapOutputBytes" : 268435500,
      "mapOutputRecords" : 2684355,
      "combineInputRecords" : 0,
      "reduceInputGroups" : -1,
      "reduceInputRecords" : -1,
      "reduceShuffleBytes" : -1,
      "reduceOutputRecords" : -1,
      "spilledRecords" : 6351748,
      "mapInputBytes" : 268435500,
      "resourceUsageMetrics" : {
        "cumulativeCpuUsage" : 9510,
        "virtualMemoryUsage" : 613863424,
        "physicalMemoryUsage" : 176758784,
        "heapUsage" : 182190080
      },
      "location" : {
        "layers" : [ "default-rack", "Slave13" ]
      },
      "hostName" : "/default-rack/Slave13"
    } ],
    "finishTime" : 1405431020389,
    "preferredLocations" : [ {
      "layers" : [ "default-rack", "192\\.168\\.1\\.102" ]
    }, {
      "layers" : [ "default-rack", "192\\.168\\.1\\.100" ]
    }, {
      "layers" : [ "default-rack", "192\\.168\\.1\\.101" ]
    } ],
    "taskType" : "MAP",
    "taskStatus" : "SUCCESS",
    "taskID" : "task_201407031547_2023_m_000003",
    "inputBytes" : 268439646,
    "inputRecords" : 2684355,
    "outputBytes" : 647939390,
    "outputRecords" : 2684355
  }, {
    "startTime" : 1405430991830,
    "attempts" : [ {
      "result" : "SUCCESS",
      "startTime" : 1405430982788,
      "finishTime" : 1405431005390,
      "attemptID" : "attempt_201407031547_2023_m_000004_0",
      "shuffleFinished" : -1,
      "sortFinished" : -1,
      "hdfsBytesRead" : 268439646,
      "hdfsBytesWritten" : -1,
      "fileBytesRead" : 374258443,
      "fileBytesWritten" : 647939187,
      "mapInputRecords" : 2684354,
      "mapOutputBytes" : 268435400,
      "mapOutputRecords" : 2684354,
      "combineInputRecords" : 0,
      "reduceInputGroups" : -1,
      "reduceInputRecords" : -1,
      "reduceShuffleBytes" : -1,
      "reduceOutputRecords" : -1,
      "spilledRecords" : 6351746,
      "mapInputBytes" : 268435400,
      "resourceUsageMetrics" : {
        "cumulativeCpuUsage" : 9170,
        "virtualMemoryUsage" : 616505344,
        "physicalMemoryUsage" : 178696192,
        "heapUsage" : 182452224
      },
      "location" : {
        "layers" : [ "default-rack", "Slave12" ]
      },
      "hostName" : "/default-rack/Slave12"
    } ],
    "finishTime" : 1405431014879,
    "preferredLocations" : [ {
      "layers" : [ "default-rack", "192\\.168\\.1\\.100" ]
    }, {
      "layers" : [ "default-rack", "192\\.168\\.1\\.102" ]
    }, {
      "layers" : [ "default-rack", "192\\.168\\.1\\.103" ]
    } ],
    "taskType" : "MAP",
    "taskStatus" : "SUCCESS",
    "taskID" : "task_201407031547_2023_m_000004",
    "inputBytes" : 268439646,
    "inputRecords" : 2684354,
    "outputBytes" : 647939187,
    "outputRecords" : 2684354
  }, {
    "startTime" : 1405430991830,
    "attempts" : [ {
      "result" : "SUCCESS",
      "startTime" : 1405430982788,
      "finishTime" : 1405430999687,
      "attemptID" : "attempt_201407031547_2023_m_000005_0",
      "shuffleFinished" : -1,
      "sortFinished" : -1,
      "hdfsBytesRead" : 268439646,
      "hdfsBytesWritten" : -1,
      "fileBytesRead" : 374246109,
      "fileBytesWritten" : 647939391,
      "mapInputRecords" : 2684355,
      "mapOutputBytes" : 268435500,
      "mapOutputRecords" : 2684355,
      "combineInputRecords" : 0,
      "reduceInputGroups" : -1,
      "reduceInputRecords" : -1,
      "reduceShuffleBytes" : -1,
      "reduceOutputRecords" : -1,
      "spilledRecords" : 6351748,
      "mapInputBytes" : 268435500,
      "resourceUsageMetrics" : {
        "cumulativeCpuUsage" : 9340,
        "virtualMemoryUsage" : 613982208,
        "physicalMemoryUsage" : 131252224,
        "heapUsage" : 83099648
      },
      "location" : {
        "layers" : [ "default-rack", "Slave12" ]
      },
      "hostName" : "/default-rack/Slave12"
    } ],
    "finishTime" : 1405431009059,
    "preferredLocations" : [ {
      "layers" : [ "default-rack", "192\\.168\\.1\\.100" ]
    }, {
      "layers" : [ "default-rack", "192\\.168\\.1\\.103" ]
    }, {
      "layers" : [ "default-rack", "192\\.168\\.1\\.102" ]
    } ],
    "taskType" : "MAP",
    "taskStatus" : "SUCCESS",
    "taskID" : "task_201407031547_2023_m_000005",
    "inputBytes" : 268439646,
    "inputRecords" : 2684355,
    "outputBytes" : 647939391,
    "outputRecords" : 2684355
  }, {
    "startTime" : 1405431002156,
    "attempts" : [ {
      "result" : "SUCCESS",
      "startTime" : 1405431002185,
      "finishTime" : 1405431023845,
      "attemptID" : "attempt_201407031547_2023_m_000006_0",
      "shuffleFinished" : -1,
      "sortFinished" : -1,
      "hdfsBytesRead" : 268439646,
      "hdfsBytesWritten" : -1,
      "fileBytesRead" : 374255323,
      "fileBytesWritten" : 647939186,
      "mapInputRecords" : 2684354,
      "mapOutputBytes" : 268435400,
      "mapOutputRecords" : 2684354,
      "combineInputRecords" : 0,
      "reduceInputGroups" : -1,
      "reduceInputRecords" : -1,
      "reduceShuffleBytes" : -1,
      "reduceOutputRecords" : -1,
      "spilledRecords" : 6351746,
      "mapInputBytes" : 268435400,
      "resourceUsageMetrics" : {
        "cumulativeCpuUsage" : 7640,
        "virtualMemoryUsage" : 620646400,
        "physicalMemoryUsage" : 240709632,
        "heapUsage" : 181927936
      },
      "location" : {
        "layers" : [ "default-rack", "Master1" ]
      },
      "hostName" : "/default-rack/Master1"
    } ],
    "finishTime" : 1405431024161,
    "preferredLocations" : [ {
      "layers" : [ "default-rack", "192\\.168\\.1\\.100" ]
    }, {
      "layers" : [ "default-rack", "192\\.168\\.1\\.101" ]
    }, {
      "layers" : [ "default-rack", "192\\.168\\.1\\.102" ]
    } ],
    "taskType" : "MAP",
    "taskStatus" : "SUCCESS",
    "taskID" : "task_201407031547_2023_m_000006",
    "inputBytes" : 268439646,
    "inputRecords" : 2684354,
    "outputBytes" : 647939186,
    "outputRecords" : 2684354
  }, {
    "startTime" : 1405431003364,
    "attempts" : [ {
      "result" : "SUCCESS",
      "startTime" : 1405431003365,
      "finishTime" : 1405431027867,
      "attemptID" : "attempt_201407031547_2023_m_000007_0",
      "shuffleFinished" : -1,
      "sortFinished" : -1,
      "hdfsBytesRead" : 268439646,
      "hdfsBytesWritten" : -1,
      "fileBytesRead" : 374243761,
      "fileBytesWritten" : 647939390,
      "mapInputRecords" : 2684355,
      "mapOutputBytes" : 268435500,
      "mapOutputRecords" : 2684355,
      "combineInputRecords" : 0,
      "reduceInputGroups" : -1,
      "reduceInputRecords" : -1,
      "reduceShuffleBytes" : -1,
      "reduceOutputRecords" : -1,
      "spilledRecords" : 6351748,
      "mapInputBytes" : 268435500,
      "resourceUsageMetrics" : {
        "cumulativeCpuUsage" : 7280,
        "virtualMemoryUsage" : 615403520,
        "physicalMemoryUsage" : 261496832,
        "heapUsage" : 208404480
      },
      "location" : {
        "layers" : [ "default-rack", "Master1" ]
      },
      "hostName" : "/default-rack/Master1"
    } ],
    "finishTime" : 1405431028276,
    "preferredLocations" : [ {
      "layers" : [ "default-rack", "192\\.168\\.1\\.100" ]
    }, {
      "layers" : [ "default-rack", "192\\.168\\.1\\.101" ]
    }, {
      "layers" : [ "default-rack", "192\\.168\\.1\\.102" ]
    } ],
    "taskType" : "MAP",
    "taskStatus" : "SUCCESS",
    "taskID" : "task_201407031547_2023_m_000007",
    "inputBytes" : 268439646,
    "inputRecords" : 2684355,
    "outputBytes" : 647939390,
    "outputRecords" : 2684355
  }, {
    "startTime" : 1405431008121,
    "attempts" : [ {
      "result" : "SUCCESS",
      "startTime" : 1405431017536,
      "finishTime" : 1405431048030,
      "attemptID" : "attempt_201407031547_2023_m_000008_0",
      "shuffleFinished" : -1,
      "sortFinished" : -1,
      "hdfsBytesRead" : 268439646,
      "hdfsBytesWritten" : -1,
      "fileBytesRead" : 374258831,
      "fileBytesWritten" : 647939390,
      "mapInputRecords" : 2684355,
      "mapOutputBytes" : 268435500,
      "mapOutputRecords" : 2684355,
      "combineInputRecords" : 0,
      "reduceInputGroups" : -1,
      "reduceInputRecords" : -1,
      "reduceShuffleBytes" : -1,
      "reduceOutputRecords" : -1,
      "spilledRecords" : 6351748,
      "mapInputBytes" : 268435500,
      "resourceUsageMetrics" : {
        "cumulativeCpuUsage" : 7780,
        "virtualMemoryUsage" : 615428096,
        "physicalMemoryUsage" : 176726016,
        "heapUsage" : 185335808
      },
      "location" : {
        "layers" : [ "default-rack", "Slave11" ]
      },
      "hostName" : "/default-rack/Slave11"
    } ],
    "finishTime" : 1405431038773,
    "preferredLocations" : [ {
      "layers" : [ "default-rack", "192\\.168\\.1\\.100" ]
    }, {
      "layers" : [ "default-rack", "192\\.168\\.1\\.101" ]
    }, {
      "layers" : [ "default-rack", "192\\.168\\.1\\.103" ]
    } ],
    "taskType" : "MAP",
    "taskStatus" : "SUCCESS",
    "taskID" : "task_201407031547_2023_m_000008",
    "inputBytes" : 268439646,
    "inputRecords" : 2684355,
    "outputBytes" : 647939390,
    "outputRecords" : 2684355
  }, {
    "startTime" : 1405431009059,
    "attempts" : [ {
      "result" : "SUCCESS",
      "startTime" : 1405430999802,
      "finishTime" : 1405431027475,
      "attemptID" : "attempt_201407031547_2023_m_000009_0",
      "shuffleFinished" : -1,
      "sortFinished" : -1,
      "hdfsBytesRead" : 268439646,
      "hdfsBytesWritten" : -1,
      "fileBytesRead" : 374252789,
      "fileBytesWritten" : 647939187,
      "mapInputRecords" : 2684354,
      "mapOutputBytes" : 268435400,
      "mapOutputRecords" : 2684354,
      "combineInputRecords" : 0,
      "reduceInputGroups" : -1,
      "reduceInputRecords" : -1,
      "reduceShuffleBytes" : -1,
      "reduceOutputRecords" : -1,
      "spilledRecords" : 6351746,
      "mapInputBytes" : 268435400,
      "resourceUsageMetrics" : {
        "cumulativeCpuUsage" : 8300,
        "virtualMemoryUsage" : 614813696,
        "physicalMemoryUsage" : 182837248,
        "heapUsage" : 188481536
      },
      "location" : {
        "layers" : [ "default-rack", "Slave12" ]
      },
      "hostName" : "/default-rack/Slave12"
    } ],
    "finishTime" : 1405431036972,
    "preferredLocations" : [ {
      "layers" : [ "default-rack", "192\\.168\\.1\\.100" ]
    }, {
      "layers" : [ "default-rack", "192\\.168\\.1\\.103" ]
    }, {
      "layers" : [ "default-rack", "192\\.168\\.1\\.101" ]
    } ],
    "taskType" : "MAP",
    "taskStatus" : "SUCCESS",
    "taskID" : "task_201407031547_2023_m_000009",
    "inputBytes" : 268439646,
    "inputRecords" : 2684354,
    "outputBytes" : 647939187,
    "outputRecords" : 2684354
  }, {
    "startTime" : 1405431010314,
    "attempts" : [ {
      "result" : "SUCCESS",
      "startTime" : 1405431006036,
      "finishTime" : 1405431031250,
      "attemptID" : "attempt_201407031547_2023_m_000010_0",
      "shuffleFinished" : -1,
      "sortFinished" : -1,
      "hdfsBytesRead" : 268439646,
      "hdfsBytesWritten" : -1,
      "fileBytesRead" : 374248157,
      "fileBytesWritten" : 647939391,
      "mapInputRecords" : 2684355,
      "mapOutputBytes" : 268435500,
      "mapOutputRecords" : 2684355,
      "combineInputRecords" : 0,
      "reduceInputGroups" : -1,
      "reduceInputRecords" : -1,
      "reduceShuffleBytes" : -1,
      "reduceOutputRecords" : -1,
      "spilledRecords" : 6351748,
      "mapInputBytes" : 268435500,
      "resourceUsageMetrics" : {
        "cumulativeCpuUsage" : 7210,
        "virtualMemoryUsage" : 616452096,
        "physicalMemoryUsage" : 183500800,
        "heapUsage" : 189530112
      },
      "location" : {
        "layers" : [ "default-rack", "Slave13" ]
      },
      "hostName" : "/default-rack/Slave13"
    } ],
    "finishTime" : 1405431035803,
    "preferredLocations" : [ {
      "layers" : [ "default-rack", "192\\.168\\.1\\.100" ]
    }, {
      "layers" : [ "default-rack", "192\\.168\\.1\\.101" ]
    }, {
      "layers" : [ "default-rack", "192\\.168\\.1\\.103" ]
    } ],
    "taskType" : "MAP",
    "taskStatus" : "SUCCESS",
    "taskID" : "task_201407031547_2023_m_000010",
    "inputBytes" : 268439646,
    "inputRecords" : 2684355,
    "outputBytes" : 647939391,
    "outputRecords" : 2684355
  }, {
    "startTime" : 1405431014893,
    "attempts" : [ {
      "result" : "SUCCESS",
      "startTime" : 1405431005636,
      "finishTime" : 1405431036268,
      "attemptID" : "attempt_201407031547_2023_m_000011_0",
      "shuffleFinished" : -1,
      "sortFinished" : -1,
      "hdfsBytesRead" : 268439646,
      "hdfsBytesWritten" : -1,
      "fileBytesRead" : 374242739,
      "fileBytesWritten" : 647939188,
      "mapInputRecords" : 2684354,
      "mapOutputBytes" : 268435400,
      "mapOutputRecords" : 2684354,
      "combineInputRecords" : 0,
      "reduceInputGroups" : -1,
      "reduceInputRecords" : -1,
      "reduceShuffleBytes" : -1,
      "reduceOutputRecords" : -1,
      "spilledRecords" : 6351746,
      "mapInputBytes" : 268435400,
      "resourceUsageMetrics" : {
        "cumulativeCpuUsage" : 7930,
        "virtualMemoryUsage" : 617500672,
        "physicalMemoryUsage" : 284549120,
        "heapUsage" : 288358400
      },
      "location" : {
        "layers" : [ "default-rack", "Slave12" ]
      },
      "hostName" : "/default-rack/Slave12"
    } ],
    "finishTime" : 1405431046071,
    "preferredLocations" : [ {
      "layers" : [ "default-rack", "192\\.168\\.1\\.100" ]
    }, {
      "layers" : [ "default-rack", "192\\.168\\.1\\.102" ]
    }, {
      "layers" : [ "default-rack", "192\\.168\\.1\\.101" ]
    } ],
    "taskType" : "MAP",
    "taskStatus" : "SUCCESS",
    "taskID" : "task_201407031547_2023_m_000011",
    "inputBytes" : 268439646,
    "inputRecords" : 2684354,
    "outputBytes" : 647939188,
    "outputRecords" : 2684354
  }, {
    "startTime" : 1405431020389,
    "attempts" : [ {
      "result" : "SUCCESS",
      "startTime" : 1405431016094,
      "finishTime" : 1405431036954,
      "attemptID" : "attempt_201407031547_2023_m_000012_0",
      "shuffleFinished" : -1,
      "sortFinished" : -1,
      "hdfsBytesRead" : 268439646,
      "hdfsBytesWritten" : -1,
      "fileBytesRead" : 374244077,
      "fileBytesWritten" : 647939391,
      "mapInputRecords" : 2684355,
      "mapOutputBytes" : 268435500,
      "mapOutputRecords" : 2684355,
      "combineInputRecords" : 0,
      "reduceInputGroups" : -1,
      "reduceInputRecords" : -1,
      "reduceShuffleBytes" : -1,
      "reduceOutputRecords" : -1,
      "spilledRecords" : 6351748,
      "mapInputBytes" : 268435500,
      "resourceUsageMetrics" : {
        "cumulativeCpuUsage" : 7310,
        "virtualMemoryUsage" : 614858752,
        "physicalMemoryUsage" : 282116096,
        "heapUsage" : 288096256
      },
      "location" : {
        "layers" : [ "default-rack", "Slave13" ]
      },
      "hostName" : "/default-rack/Slave13"
    } ],
    "finishTime" : 1405431041895,
    "preferredLocations" : [ {
      "layers" : [ "default-rack", "192\\.168\\.1\\.103" ]
    }, {
      "layers" : [ "default-rack", "192\\.168\\.1\\.100" ]
    }, {
      "layers" : [ "default-rack", "192\\.168\\.1\\.101" ]
    } ],
    "taskType" : "MAP",
    "taskStatus" : "SUCCESS",
    "taskID" : "task_201407031547_2023_m_000012",
    "inputBytes" : 268439646,
    "inputRecords" : 2684355,
    "outputBytes" : 647939391,
    "outputRecords" : 2684355
  }, {
    "startTime" : 1405431024162,
    "attempts" : [ {
      "result" : "SUCCESS",
      "startTime" : 1405431024163,
      "finishTime" : 1405431057855,
      "attemptID" : "attempt_201407031547_2023_m_000013_0",
      "shuffleFinished" : -1,
      "sortFinished" : -1,
      "hdfsBytesRead" : 268439646,
      "hdfsBytesWritten" : -1,
      "fileBytesRead" : 374228241,
      "fileBytesWritten" : 647939187,
      "mapInputRecords" : 2684354,
      "mapOutputBytes" : 268435400,
      "mapOutputRecords" : 2684354,
      "combineInputRecords" : 0,
      "reduceInputGroups" : -1,
      "reduceInputRecords" : -1,
      "reduceShuffleBytes" : -1,
      "reduceOutputRecords" : -1,
      "spilledRecords" : 6351746,
      "mapInputBytes" : 268435400,
      "resourceUsageMetrics" : {
        "cumulativeCpuUsage" : 7170,
        "virtualMemoryUsage" : 620646400,
        "physicalMemoryUsage" : 291119104,
        "heapUsage" : 280756224
      },
      "location" : {
        "layers" : [ "default-rack", "Master1" ]
      },
      "hostName" : "/default-rack/Master1"
    } ],
    "finishTime" : 1405431057856,
    "preferredLocations" : [ {
      "layers" : [ "default-rack", "192\\.168\\.1\\.100" ]
    }, {
      "layers" : [ "default-rack", "192\\.168\\.1\\.101" ]
    }, {
      "layers" : [ "default-rack", "192\\.168\\.1\\.102" ]
    } ],
    "taskType" : "MAP",
    "taskStatus" : "SUCCESS",
    "taskID" : "task_201407031547_2023_m_000013",
    "inputBytes" : 268439646,
    "inputRecords" : 2684354,
    "outputBytes" : 647939187,
    "outputRecords" : 2684354
  }, {
    "startTime" : 1405431028246,
    "attempts" : [ {
      "result" : "SUCCESS",
      "startTime" : 1405431037659,
      "finishTime" : 1405431060174,
      "attemptID" : "attempt_201407031547_2023_m_000014_0",
      "shuffleFinished" : -1,
      "sortFinished" : -1,
      "hdfsBytesRead" : 268439646,
      "hdfsBytesWritten" : -1,
      "fileBytesRead" : 374258067,
      "fileBytesWritten" : 647939391,
      "mapInputRecords" : 2684355,
      "mapOutputBytes" : 268435500,
      "mapOutputRecords" : 2684355,
      "combineInputRecords" : 0,
      "reduceInputGroups" : -1,
      "reduceInputRecords" : -1,
      "reduceShuffleBytes" : -1,
      "reduceOutputRecords" : -1,
      "spilledRecords" : 6351748,
      "mapInputBytes" : 268435500,
      "resourceUsageMetrics" : {
        "cumulativeCpuUsage" : 7290,
        "virtualMemoryUsage" : 614354944,
        "physicalMemoryUsage" : 281575424,
        "heapUsage" : 287309824
      },
      "location" : {
        "layers" : [ "default-rack", "Slave11" ]
      },
      "hostName" : "/default-rack/Slave11"
    } ],
    "finishTime" : 1405431051232,
    "preferredLocations" : [ {
      "layers" : [ "default-rack", "192\\.168\\.1\\.100" ]
    }, {
      "layers" : [ "default-rack", "192\\.168\\.1\\.101" ]
    }, {
      "layers" : [ "default-rack", "192\\.168\\.1\\.102" ]
    } ],
    "taskType" : "MAP",
    "taskStatus" : "SUCCESS",
    "taskID" : "task_201407031547_2023_m_000014",
    "inputBytes" : 268439646,
    "inputRecords" : 2684355,
    "outputBytes" : 647939391,
    "outputRecords" : 2684355
  }, {
    "startTime" : 1405431028276,
    "attempts" : [ {
      "result" : "SUCCESS",
      "startTime" : 1405431028277,
      "finishTime" : 1405431053307,
      "attemptID" : "attempt_201407031547_2023_m_000015_0",
      "shuffleFinished" : -1,
      "sortFinished" : -1,
      "hdfsBytesRead" : 268439646,
      "hdfsBytesWritten" : -1,
      "fileBytesRead" : 374264557,
      "fileBytesWritten" : 647939187,
      "mapInputRecords" : 2684354,
      "mapOutputBytes" : 268435400,
      "mapOutputRecords" : 2684354,
      "combineInputRecords" : 0,
      "reduceInputGroups" : -1,
      "reduceInputRecords" : -1,
      "reduceShuffleBytes" : -1,
      "reduceOutputRecords" : -1,
      "spilledRecords" : 6351746,
      "mapInputBytes" : 268435400,
      "resourceUsageMetrics" : {
        "cumulativeCpuUsage" : 6880,
        "virtualMemoryUsage" : 615403520,
        "physicalMemoryUsage" : 302710784,
        "heapUsage" : 312999936
      },
      "location" : {
        "layers" : [ "default-rack", "Master1" ]
      },
      "hostName" : "/default-rack/Master1"
    } ],
    "finishTime" : 1405431053350,
    "preferredLocations" : [ {
      "layers" : [ "default-rack", "192\\.168\\.1\\.103" ]
    }, {
      "layers" : [ "default-rack", "192\\.168\\.1\\.100" ]
    }, {
      "layers" : [ "default-rack", "192\\.168\\.1\\.101" ]
    } ],
    "taskType" : "MAP",
    "taskStatus" : "SUCCESS",
    "taskID" : "task_201407031547_2023_m_000015",
    "inputBytes" : 268439646,
    "inputRecords" : 2684354,
    "outputBytes" : 647939187,
    "outputRecords" : 2684354
  }, {
    "startTime" : 1405431035803,
    "attempts" : [ {
      "result" : "SUCCESS",
      "startTime" : 1405431031507,
      "finishTime" : 1405431061639,
      "attemptID" : "attempt_201407031547_2023_m_000016_0",
      "shuffleFinished" : -1,
      "sortFinished" : -1,
      "hdfsBytesRead" : 268439646,
      "hdfsBytesWritten" : -1,
      "fileBytesRead" : 374266295,
      "fileBytesWritten" : 647939391,
      "mapInputRecords" : 2684355,
      "mapOutputBytes" : 268435500,
      "mapOutputRecords" : 2684355,
      "combineInputRecords" : 0,
      "reduceInputGroups" : -1,
      "reduceInputRecords" : -1,
      "reduceShuffleBytes" : -1,
      "reduceOutputRecords" : -1,
      "spilledRecords" : 6351748,
      "mapInputBytes" : 268435500,
      "resourceUsageMetrics" : {
        "cumulativeCpuUsage" : 7040,
        "virtualMemoryUsage" : 616452096,
        "physicalMemoryUsage" : 284344320,
        "heapUsage" : 284950528
      },
      "location" : {
        "layers" : [ "default-rack", "Slave13" ]
      },
      "hostName" : "/default-rack/Slave13"
    } ],
    "finishTime" : 1405431066359,
    "preferredLocations" : [ {
      "layers" : [ "default-rack", "192\\.168\\.1\\.100" ]
    }, {
      "layers" : [ "default-rack", "192\\.168\\.1\\.103" ]
    }, {
      "layers" : [ "default-rack", "192\\.168\\.1\\.101" ]
    } ],
    "taskType" : "MAP",
    "taskStatus" : "SUCCESS",
    "taskID" : "task_201407031547_2023_m_000016",
    "inputBytes" : 268439646,
    "inputRecords" : 2684355,
    "outputBytes" : 647939391,
    "outputRecords" : 2684355
  }, {
    "startTime" : 1405431036972,
    "attempts" : [ {
      "result" : "SUCCESS",
      "startTime" : 1405431027716,
      "finishTime" : 1405431056203,
      "attemptID" : "attempt_201407031547_2023_m_000017_0",
      "shuffleFinished" : -1,
      "sortFinished" : -1,
      "hdfsBytesRead" : 268439646,
      "hdfsBytesWritten" : -1,
      "fileBytesRead" : 374233673,
      "fileBytesWritten" : 647939392,
      "mapInputRecords" : 2684355,
      "mapOutputBytes" : 268435500,
      "mapOutputRecords" : 2684355,
      "combineInputRecords" : 0,
      "reduceInputGroups" : -1,
      "reduceInputRecords" : -1,
      "reduceShuffleBytes" : -1,
      "reduceOutputRecords" : -1,
      "spilledRecords" : 6351748,
      "mapInputBytes" : 268435500,
      "resourceUsageMetrics" : {
        "cumulativeCpuUsage" : 7250,
        "virtualMemoryUsage" : 614813696,
        "physicalMemoryUsage" : 283836416,
        "heapUsage" : 283639808
      },
      "location" : {
        "layers" : [ "default-rack", "Slave12" ]
      },
      "hostName" : "/default-rack/Slave12"
    } ],
    "finishTime" : 1405431065717,
    "preferredLocations" : [ {
      "layers" : [ "default-rack", "192\\.168\\.1\\.101" ]
    }, {
      "layers" : [ "default-rack", "192\\.168\\.1\\.100" ]
    }, {
      "layers" : [ "default-rack", "192\\.168\\.1\\.102" ]
    } ],
    "taskType" : "MAP",
    "taskStatus" : "SUCCESS",
    "taskID" : "task_201407031547_2023_m_000017",
    "inputBytes" : 268439646,
    "inputRecords" : 2684355,
    "outputBytes" : 647939392,
    "outputRecords" : 2684355
  }, {
    "startTime" : 1405431038774,
    "attempts" : [ {
      "result" : "SUCCESS",
      "startTime" : 1405431048187,
      "finishTime" : 1405431073727,
      "attemptID" : "attempt_201407031547_2023_m_000018_0",
      "shuffleFinished" : -1,
      "sortFinished" : -1,
      "hdfsBytesRead" : 268439646,
      "hdfsBytesWritten" : -1,
      "fileBytesRead" : 374240405,
      "fileBytesWritten" : 647939391,
      "mapInputRecords" : 2684355,
      "mapOutputBytes" : 268435500,
      "mapOutputRecords" : 2684355,
      "combineInputRecords" : 0,
      "reduceInputGroups" : -1,
      "reduceInputRecords" : -1,
      "reduceShuffleBytes" : -1,
      "reduceOutputRecords" : -1,
      "spilledRecords" : 6351748,
      "mapInputBytes" : 268435500,
      "resourceUsageMetrics" : {
        "cumulativeCpuUsage" : 7490,
        "virtualMemoryUsage" : 615428096,
        "physicalMemoryUsage" : 277745664,
        "heapUsage" : 281018368
      },
      "location" : {
        "layers" : [ "default-rack", "Slave11" ]
      },
      "hostName" : "/default-rack/Slave11"
    } ],
    "finishTime" : 1405431064325,
    "preferredLocations" : [ {
      "layers" : [ "default-rack", "192\\.168\\.1\\.103" ]
    }, {
      "layers" : [ "default-rack", "192\\.168\\.1\\.100" ]
    }, {
      "layers" : [ "default-rack", "192\\.168\\.1\\.101" ]
    } ],
    "taskType" : "MAP",
    "taskStatus" : "SUCCESS",
    "taskID" : "task_201407031547_2023_m_000018",
    "inputBytes" : 268439646,
    "inputRecords" : 2684355,
    "outputBytes" : 647939391,
    "outputRecords" : 2684355
  }, {
    "startTime" : 1405431041895,
    "attempts" : [ {
      "result" : "SUCCESS",
      "startTime" : 1405431037640,
      "finishTime" : 1405431070122,
      "attemptID" : "attempt_201407031547_2023_m_000019_0",
      "shuffleFinished" : -1,
      "sortFinished" : -1,
      "hdfsBytesRead" : 268439646,
      "hdfsBytesWritten" : -1,
      "fileBytesRead" : 374256755,
      "fileBytesWritten" : 647939391,
      "mapInputRecords" : 2684355,
      "mapOutputBytes" : 268435500,
      "mapOutputRecords" : 2684355,
      "combineInputRecords" : 0,
      "reduceInputGroups" : -1,
      "reduceInputRecords" : -1,
      "reduceShuffleBytes" : -1,
      "reduceOutputRecords" : -1,
      "spilledRecords" : 6351748,
      "mapInputBytes" : 268435500,
      "resourceUsageMetrics" : {
        "cumulativeCpuUsage" : 7070,
        "virtualMemoryUsage" : 614858752,
        "physicalMemoryUsage" : 195055616,
        "heapUsage" : 195821568
      },
      "location" : {
        "layers" : [ "default-rack", "Slave13" ]
      },
      "hostName" : "/default-rack/Slave13"
    } ],
    "finishTime" : 1405431074514,
    "preferredLocations" : [ {
      "layers" : [ "default-rack", "192\\.168\\.1\\.103" ]
    }, {
      "layers" : [ "default-rack", "192\\.168\\.1\\.102" ]
    }, {
      "layers" : [ "default-rack", "192\\.168\\.1\\.101" ]
    } ],
    "taskType" : "MAP",
    "taskStatus" : "SUCCESS",
    "taskID" : "task_201407031547_2023_m_000019",
    "inputBytes" : 268439646,
    "inputRecords" : 2684355,
    "outputBytes" : 647939391,
    "outputRecords" : 2684355
  }, {
    "startTime" : 1405431046071,
    "attempts" : [ {
      "result" : "SUCCESS",
      "startTime" : 1405431036930,
      "finishTime" : 1405431076709,
      "attemptID" : "attempt_201407031547_2023_m_000020_0",
      "shuffleFinished" : -1,
      "sortFinished" : -1,
      "hdfsBytesRead" : 268439646,
      "hdfsBytesWritten" : -1,
      "fileBytesRead" : 374250335,
      "fileBytesWritten" : 647939188,
      "mapInputRecords" : 2684354,
      "mapOutputBytes" : 268435400,
      "mapOutputRecords" : 2684354,
      "combineInputRecords" : 0,
      "reduceInputGroups" : -1,
      "reduceInputRecords" : -1,
      "reduceShuffleBytes" : -1,
      "reduceOutputRecords" : -1,
      "spilledRecords" : 6351746,
      "mapInputBytes" : 268435400,
      "resourceUsageMetrics" : {
        "cumulativeCpuUsage" : 7730,
        "virtualMemoryUsage" : 617500672,
        "physicalMemoryUsage" : 191647744,
        "heapUsage" : 195821568
      },
      "location" : {
        "layers" : [ "default-rack", "Slave12" ]
      },
      "hostName" : "/default-rack/Slave12"
    } ],
    "finishTime" : 1405431086194,
    "preferredLocations" : [ {
      "layers" : [ "default-rack", "192\\.168\\.1\\.100" ]
    }, {
      "layers" : [ "default-rack", "192\\.168\\.1\\.103" ]
    }, {
      "layers" : [ "default-rack", "192\\.168\\.1\\.101" ]
    } ],
    "taskType" : "MAP",
    "taskStatus" : "SUCCESS",
    "taskID" : "task_201407031547_2023_m_000020",
    "inputBytes" : 268439646,
    "inputRecords" : 2684354,
    "outputBytes" : 647939188,
    "outputRecords" : 2684354
  }, {
    "startTime" : 1405431051232,
    "attempts" : [ {
      "result" : "SUCCESS",
      "startTime" : 1405431060646,
      "finishTime" : 1405431094514,
      "attemptID" : "attempt_201407031547_2023_m_000021_0",
      "shuffleFinished" : -1,
      "sortFinished" : -1,
      "hdfsBytesRead" : 268439646,
      "hdfsBytesWritten" : -1,
      "fileBytesRead" : 374250553,
      "fileBytesWritten" : 647939391,
      "mapInputRecords" : 2684355,
      "mapOutputBytes" : 268435500,
      "mapOutputRecords" : 2684355,
      "combineInputRecords" : 0,
      "reduceInputGroups" : -1,
      "reduceInputRecords" : -1,
      "reduceShuffleBytes" : -1,
      "reduceOutputRecords" : -1,
      "spilledRecords" : 6351748,
      "mapInputBytes" : 268435500,
      "resourceUsageMetrics" : {
        "cumulativeCpuUsage" : 7950,
        "virtualMemoryUsage" : 614354944,
        "physicalMemoryUsage" : 193167360,
        "heapUsage" : 208404480
      },
      "location" : {
        "layers" : [ "default-rack", "Slave11" ]
      },
      "hostName" : "/default-rack/Slave11"
    } ],
    "finishTime" : 1405431085417,
    "preferredLocations" : [ {
      "layers" : [ "default-rack", "192\\.168\\.1\\.103" ]
    }, {
      "layers" : [ "default-rack", "192\\.168\\.1\\.100" ]
    }, {
      "layers" : [ "default-rack", "192\\.168\\.1\\.102" ]
    } ],
    "taskType" : "MAP",
    "taskStatus" : "SUCCESS",
    "taskID" : "task_201407031547_2023_m_000021",
    "inputBytes" : 268439646,
    "inputRecords" : 2684355,
    "outputBytes" : 647939391,
    "outputRecords" : 2684355
  }, {
    "startTime" : 1405431053350,
    "attempts" : [ {
      "result" : "SUCCESS",
      "startTime" : 1405431053351,
      "finishTime" : 1405431099082,
      "attemptID" : "attempt_201407031547_2023_m_000022_0",
      "shuffleFinished" : -1,
      "sortFinished" : -1,
      "hdfsBytesRead" : 268439646,
      "hdfsBytesWritten" : -1,
      "fileBytesRead" : 374255643,
      "fileBytesWritten" : 647939187,
      "mapInputRecords" : 2684354,
      "mapOutputBytes" : 268435400,
      "mapOutputRecords" : 2684354,
      "combineInputRecords" : 0,
      "reduceInputGroups" : -1,
      "reduceInputRecords" : -1,
      "reduceShuffleBytes" : -1,
      "reduceOutputRecords" : -1,
      "spilledRecords" : 6351746,
      "mapInputBytes" : 268435400,
      "resourceUsageMetrics" : {
        "cumulativeCpuUsage" : 7840,
        "virtualMemoryUsage" : 615403520,
        "physicalMemoryUsage" : 203833344,
        "heapUsage" : 225181696
      },
      "location" : {
        "layers" : [ "default-rack", "Master1" ]
      },
      "hostName" : "/default-rack/Master1"
    } ],
    "finishTime" : 1405431099236,
    "preferredLocations" : [ {
      "layers" : [ "default-rack", "192\\.168\\.1\\.101" ]
    }, {
      "layers" : [ "default-rack", "192\\.168\\.1\\.103" ]
    }, {
      "layers" : [ "default-rack", "192\\.168\\.1\\.102" ]
    } ],
    "taskType" : "MAP",
    "taskStatus" : "SUCCESS",
    "taskID" : "task_201407031547_2023_m_000022",
    "inputBytes" : 268439646,
    "inputRecords" : 2684354,
    "outputBytes" : 647939187,
    "outputRecords" : 2684354
  }, {
    "startTime" : 1405431057856,
    "attempts" : [ {
      "result" : "SUCCESS",
      "startTime" : 1405431057863,
      "finishTime" : 1405431072177,
      "attemptID" : "attempt_201407031547_2023_m_000023_0",
      "shuffleFinished" : -1,
      "sortFinished" : -1,
      "hdfsBytesRead" : 268439646,
      "hdfsBytesWritten" : -1,
      "fileBytesRead" : 374228857,
      "fileBytesWritten" : 647939391,
      "mapInputRecords" : 2684355,
      "mapOutputBytes" : 268435500,
      "mapOutputRecords" : 2684355,
      "combineInputRecords" : 0,
      "reduceInputGroups" : -1,
      "reduceInputRecords" : -1,
      "reduceShuffleBytes" : -1,
      "reduceOutputRecords" : -1,
      "spilledRecords" : 6351748,
      "mapInputBytes" : 268435500,
      "resourceUsageMetrics" : {
        "cumulativeCpuUsage" : 9000,
        "virtualMemoryUsage" : 617017344,
        "physicalMemoryUsage" : 133672960,
        "heapUsage" : 83099648
      },
      "location" : {
        "layers" : [ "default-rack", "Master1" ]
      },
      "hostName" : "/default-rack/Master1"
    } ],
    "finishTime" : 1405431072682,
    "preferredLocations" : [ {
      "layers" : [ "default-rack", "192\\.168\\.1\\.103" ]
    }, {
      "layers" : [ "default-rack", "192\\.168\\.1\\.100" ]
    }, {
      "layers" : [ "default-rack", "192\\.168\\.1\\.101" ]
    } ],
    "taskType" : "MAP",
    "taskStatus" : "SUCCESS",
    "taskID" : "task_201407031547_2023_m_000023",
    "inputBytes" : 268439646,
    "inputRecords" : 2684355,
    "outputBytes" : 647939391,
    "outputRecords" : 2684355
  }, {
    "startTime" : 1405431064325,
    "attempts" : [ {
      "result" : "SUCCESS",
      "startTime" : 1405431073739,
      "finishTime" : 1405431095596,
      "attemptID" : "attempt_201407031547_2023_m_000024_0",
      "shuffleFinished" : -1,
      "sortFinished" : -1,
      "hdfsBytesRead" : 268439646,
      "hdfsBytesWritten" : -1,
      "fileBytesRead" : 374229595,
      "fileBytesWritten" : 647939187,
      "mapInputRecords" : 2684354,
      "mapOutputBytes" : 268435400,
      "mapOutputRecords" : 2684354,
      "combineInputRecords" : 0,
      "reduceInputGroups" : -1,
      "reduceInputRecords" : -1,
      "reduceShuffleBytes" : -1,
      "reduceOutputRecords" : -1,
      "spilledRecords" : 6351746,
      "mapInputBytes" : 268435400,
      "resourceUsageMetrics" : {
        "cumulativeCpuUsage" : 7460,
        "virtualMemoryUsage" : 615428096,
        "physicalMemoryUsage" : 189685760,
        "heapUsage" : 190316544
      },
      "location" : {
        "layers" : [ "default-rack", "Slave11" ]
      },
      "hostName" : "/default-rack/Slave11"
    } ],
    "finishTime" : 1405431086184,
    "preferredLocations" : [ {
      "layers" : [ "default-rack", "192\\.168\\.1\\.103" ]
    }, {
      "layers" : [ "default-rack", "192\\.168\\.1\\.102" ]
    }, {
      "layers" : [ "default-rack", "192\\.168\\.1\\.101" ]
    } ],
    "taskType" : "MAP",
    "taskStatus" : "SUCCESS",
    "taskID" : "task_201407031547_2023_m_000024",
    "inputBytes" : 268439646,
    "inputRecords" : 2684354,
    "outputBytes" : 647939187,
    "outputRecords" : 2684354
  }, {
    "startTime" : 1405431065717,
    "attempts" : [ {
      "result" : "SUCCESS",
      "startTime" : 1405431056460,
      "finishTime" : 1405431072418,
      "attemptID" : "attempt_201407031547_2023_m_000025_0",
      "shuffleFinished" : -1,
      "sortFinished" : -1,
      "hdfsBytesRead" : 268439646,
      "hdfsBytesWritten" : -1,
      "fileBytesRead" : 374241913,
      "fileBytesWritten" : 647939392,
      "mapInputRecords" : 2684355,
      "mapOutputBytes" : 268435500,
      "mapOutputRecords" : 2684355,
      "combineInputRecords" : 0,
      "reduceInputGroups" : -1,
      "reduceInputRecords" : -1,
      "reduceShuffleBytes" : -1,
      "reduceOutputRecords" : -1,
      "spilledRecords" : 6351748,
      "mapInputBytes" : 268435500,
      "resourceUsageMetrics" : {
        "cumulativeCpuUsage" : 7090,
        "virtualMemoryUsage" : 614813696,
        "physicalMemoryUsage" : 187236352,
        "heapUsage" : 189267968
      },
      "location" : {
        "layers" : [ "default-rack", "Slave12" ]
      },
      "hostName" : "/default-rack/Slave12"
    } ],
    "finishTime" : 1405431081929,
    "preferredLocations" : [ {
      "layers" : [ "default-rack", "192\\.168\\.1\\.103" ]
    }, {
      "layers" : [ "default-rack", "192\\.168\\.1\\.102" ]
    }, {
      "layers" : [ "default-rack", "192\\.168\\.1\\.100" ]
    } ],
    "taskType" : "MAP",
    "taskStatus" : "SUCCESS",
    "taskID" : "task_201407031547_2023_m_000025",
    "inputBytes" : 268439646,
    "inputRecords" : 2684355,
    "outputBytes" : 647939392,
    "outputRecords" : 2684355
  }, {
    "startTime" : 1405431066359,
    "attempts" : [ {
      "result" : "SUCCESS",
      "startTime" : 1405431062064,
      "finishTime" : 1405431083497,
      "attemptID" : "attempt_201407031547_2023_m_000026_0",
      "shuffleFinished" : -1,
      "sortFinished" : -1,
      "hdfsBytesRead" : 268439646,
      "hdfsBytesWritten" : -1,
      "fileBytesRead" : 374261277,
      "fileBytesWritten" : 647939391,
      "mapInputRecords" : 2684355,
      "mapOutputBytes" : 268435500,
      "mapOutputRecords" : 2684355,
      "combineInputRecords" : 0,
      "reduceInputGroups" : -1,
      "reduceInputRecords" : -1,
      "reduceShuffleBytes" : -1,
      "reduceOutputRecords" : -1,
      "spilledRecords" : 6351748,
      "mapInputBytes" : 268435500,
      "resourceUsageMetrics" : {
        "cumulativeCpuUsage" : 7000,
        "virtualMemoryUsage" : 616452096,
        "physicalMemoryUsage" : 187240448,
        "heapUsage" : 188481536
      },
      "location" : {
        "layers" : [ "default-rack", "Slave13" ]
      },
      "hostName" : "/default-rack/Slave13"
    } ],
    "finishTime" : 1405431088085,
    "preferredLocations" : [ {
      "layers" : [ "default-rack", "192\\.168\\.1\\.103" ]
    }, {
      "layers" : [ "default-rack", "192\\.168\\.1\\.102" ]
    }, {
      "layers" : [ "default-rack", "192\\.168\\.1\\.101" ]
    } ],
    "taskType" : "MAP",
    "taskStatus" : "SUCCESS",
    "taskID" : "task_201407031547_2023_m_000026",
    "inputBytes" : 268439646,
    "inputRecords" : 2684355,
    "outputBytes" : 647939391,
    "outputRecords" : 2684355
  }, {
    "startTime" : 1405431072682,
    "attempts" : [ {
      "result" : "SUCCESS",
      "startTime" : 1405431072691,
      "finishTime" : 1405431084989,
      "attemptID" : "attempt_201407031547_2023_m_000027_0",
      "shuffleFinished" : -1,
      "sortFinished" : -1,
      "hdfsBytesRead" : 268439646,
      "hdfsBytesWritten" : -1,
      "fileBytesRead" : 374257299,
      "fileBytesWritten" : 647939187,
      "mapInputRecords" : 2684354,
      "mapOutputBytes" : 268435400,
      "mapOutputRecords" : 2684354,
      "combineInputRecords" : 0,
      "reduceInputGroups" : -1,
      "reduceInputRecords" : -1,
      "reduceShuffleBytes" : -1,
      "reduceOutputRecords" : -1,
      "spilledRecords" : 6351746,
      "mapInputBytes" : 268435400,
      "resourceUsageMetrics" : {
        "cumulativeCpuUsage" : 6940,
        "virtualMemoryUsage" : 617680896,
        "physicalMemoryUsage" : 184729600,
        "heapUsage" : 188743680
      },
      "location" : {
        "layers" : [ "default-rack", "Master1" ]
      },
      "hostName" : "/default-rack/Master1"
    } ],
    "finishTime" : 1405431085127,
    "preferredLocations" : [ {
      "layers" : [ "default-rack", "192\\.168\\.1\\.103" ]
    }, {
      "layers" : [ "default-rack", "192\\.168\\.1\\.100" ]
    }, {
      "layers" : [ "default-rack", "192\\.168\\.1\\.102" ]
    } ],
    "taskType" : "MAP",
    "taskStatus" : "SUCCESS",
    "taskID" : "task_201407031547_2023_m_000027",
    "inputBytes" : 268439646,
    "inputRecords" : 2684354,
    "outputBytes" : 647939187,
    "outputRecords" : 2684354
  }, {
    "startTime" : 1405431074514,
    "attempts" : [ {
      "result" : "SUCCESS",
      "startTime" : 1405431070218,
      "finishTime" : 1405431090202,
      "attemptID" : "attempt_201407031547_2023_m_000028_0",
      "shuffleFinished" : -1,
      "sortFinished" : -1,
      "hdfsBytesRead" : 268439646,
      "hdfsBytesWritten" : -1,
      "fileBytesRead" : 374243269,
      "fileBytesWritten" : 647939391,
      "mapInputRecords" : 2684355,
      "mapOutputBytes" : 268435500,
      "mapOutputRecords" : 2684355,
      "combineInputRecords" : 0,
      "reduceInputGroups" : -1,
      "reduceInputRecords" : -1,
      "reduceShuffleBytes" : -1,
      "reduceOutputRecords" : -1,
      "spilledRecords" : 6351748,
      "mapInputBytes" : 268435500,
      "resourceUsageMetrics" : {
        "cumulativeCpuUsage" : 6900,
        "virtualMemoryUsage" : 614858752,
        "physicalMemoryUsage" : 308543488,
        "heapUsage" : 310640640
      },
      "location" : {
        "layers" : [ "default-rack", "Slave13" ]
      },
      "hostName" : "/default-rack/Slave13"
    } ],
    "finishTime" : 1405431094565,
    "preferredLocations" : [ {
      "layers" : [ "default-rack", "192\\.168\\.1\\.103" ]
    }, {
      "layers" : [ "default-rack", "192\\.168\\.1\\.100" ]
    }, {
      "layers" : [ "default-rack", "192\\.168\\.1\\.101" ]
    } ],
    "taskType" : "MAP",
    "taskStatus" : "SUCCESS",
    "taskID" : "task_201407031547_2023_m_000028",
    "inputBytes" : 268439646,
    "inputRecords" : 2684355,
    "outputBytes" : 647939391,
    "outputRecords" : 2684355
  }, {
    "startTime" : 1405431082007,
    "attempts" : [ {
      "result" : "SUCCESS",
      "startTime" : 1405431072798,
      "finishTime" : 1405431108886,
      "attemptID" : "attempt_201407031547_2023_m_000029_0",
      "shuffleFinished" : -1,
      "sortFinished" : -1,
      "hdfsBytesRead" : 268439646,
      "hdfsBytesWritten" : -1,
      "fileBytesRead" : 374241817,
      "fileBytesWritten" : 647939188,
      "mapInputRecords" : 2684354,
      "mapOutputBytes" : 268435400,
      "mapOutputRecords" : 2684354,
      "combineInputRecords" : 0,
      "reduceInputGroups" : -1,
      "reduceInputRecords" : -1,
      "reduceShuffleBytes" : -1,
      "reduceOutputRecords" : -1,
      "spilledRecords" : 6351746,
      "mapInputBytes" : 268435400,
      "resourceUsageMetrics" : {
        "cumulativeCpuUsage" : 9560,
        "virtualMemoryUsage" : 614408192,
        "physicalMemoryUsage" : 176762880,
        "heapUsage" : 187957248
      },
      "location" : {
        "layers" : [ "default-rack", "Slave12" ]
      },
      "hostName" : "/default-rack/Slave12"
    }, {
      "result" : "KILLED",
      "startTime" : 1405431099320,
      "finishTime" : 1405431120586,
      "attemptID" : "attempt_201407031547_2023_m_000029_1",
      "shuffleFinished" : -1,
      "sortFinished" : -1,
      "hdfsBytesRead" : -1,
      "hdfsBytesWritten" : -1,
      "fileBytesRead" : -1,
      "fileBytesWritten" : -1,
      "mapInputRecords" : -1,
      "mapOutputBytes" : -1,
      "mapOutputRecords" : -1,
      "combineInputRecords" : -1,
      "reduceInputGroups" : -1,
      "reduceInputRecords" : -1,
      "reduceShuffleBytes" : -1,
      "reduceOutputRecords" : -1,
      "spilledRecords" : -1,
      "mapInputBytes" : -1,
      "resourceUsageMetrics" : {
        "cumulativeCpuUsage" : 0,
        "virtualMemoryUsage" : 0,
        "physicalMemoryUsage" : 0,
        "heapUsage" : 0
      },
      "location" : null,
      "hostName" : null
    } ],
    "finishTime" : 1405431118446,
    "preferredLocations" : [ {
      "layers" : [ "default-rack", "192\\.168\\.1\\.101" ]
    }, {
      "layers" : [ "default-rack", "192\\.168\\.1\\.103" ]
    }, {
      "layers" : [ "default-rack", "192\\.168\\.1\\.102" ]
    } ],
    "taskType" : "MAP",
    "taskStatus" : "SUCCESS",
    "taskID" : "task_201407031547_2023_m_000029",
    "inputBytes" : 268439646,
    "inputRecords" : 2684354,
    "outputBytes" : 647939188,
    "outputRecords" : 2684354
  }, {
    "startTime" : 1405431085127,
    "attempts" : [ {
      "result" : "SUCCESS",
      "startTime" : 1405431085128,
      "finishTime" : 1405431111729,
      "attemptID" : "attempt_201407031547_2023_m_000030_0",
      "shuffleFinished" : -1,
      "sortFinished" : -1,
      "hdfsBytesRead" : 268439646,
      "hdfsBytesWritten" : -1,
      "fileBytesRead" : 374236345,
      "fileBytesWritten" : 647939391,
      "mapInputRecords" : 2684355,
      "mapOutputBytes" : 268435500,
      "mapOutputRecords" : 2684355,
      "combineInputRecords" : 0,
      "reduceInputGroups" : -1,
      "reduceInputRecords" : -1,
      "reduceShuffleBytes" : -1,
      "reduceOutputRecords" : -1,
      "spilledRecords" : 6351748,
      "mapInputBytes" : 268435500,
      "resourceUsageMetrics" : {
        "cumulativeCpuUsage" : 7350,
        "virtualMemoryUsage" : 617680896,
        "physicalMemoryUsage" : 285106176,
        "heapUsage" : 288096256
      },
      "location" : {
        "layers" : [ "default-rack", "Master1" ]
      },
      "hostName" : "/default-rack/Master1"
    } ],
    "finishTime" : 1405431111770,
    "preferredLocations" : [ {
      "layers" : [ "default-rack", "192\\.168\\.1\\.101" ]
    }, {
      "layers" : [ "default-rack", "192\\.168\\.1\\.103" ]
    }, {
      "layers" : [ "default-rack", "192\\.168\\.1\\.102" ]
    } ],
    "taskType" : "MAP",
    "taskStatus" : "SUCCESS",
    "taskID" : "task_201407031547_2023_m_000030",
    "inputBytes" : 268439646,
    "inputRecords" : 2684355,
    "outputBytes" : 647939391,
    "outputRecords" : 2684355
  }, {
    "startTime" : 1405431085418,
    "attempts" : [ {
      "result" : "SUCCESS",
      "startTime" : 1405431105598,
      "finishTime" : 1405431118911,
      "attemptID" : "attempt_201407031547_2023_m_000031_1",
      "shuffleFinished" : -1,
      "sortFinished" : -1,
      "hdfsBytesRead" : 268439646,
      "hdfsBytesWritten" : -1,
      "fileBytesRead" : 374258969,
      "fileBytesWritten" : 647939187,
      "mapInputRecords" : 2684354,
      "mapOutputBytes" : 268435400,
      "mapOutputRecords" : 2684354,
      "combineInputRecords" : 0,
      "reduceInputGroups" : -1,
      "reduceInputRecords" : -1,
      "reduceShuffleBytes" : -1,
      "reduceOutputRecords" : -1,
      "spilledRecords" : 6351746,
      "mapInputBytes" : 268435400,
      "resourceUsageMetrics" : {
        "cumulativeCpuUsage" : 7040,
        "virtualMemoryUsage" : 615145472,
        "physicalMemoryUsage" : 290848768,
        "heapUsage" : 301203456
      },
      "location" : {
        "layers" : [ "default-rack", "Slave13" ]
      },
      "hostName" : "/default-rack/Slave13"
    }, {
      "result" : "KILLED",
      "startTime" : 1405431094859,
      "finishTime" : 1405431136643,
      "attemptID" : "attempt_201407031547_2023_m_000031_0",
      "shuffleFinished" : -1,
      "sortFinished" : -1,
      "hdfsBytesRead" : -1,
      "hdfsBytesWritten" : -1,
      "fileBytesRead" : -1,
      "fileBytesWritten" : -1,
      "mapInputRecords" : -1,
      "mapOutputBytes" : -1,
      "mapOutputRecords" : -1,
      "combineInputRecords" : -1,
      "reduceInputGroups" : -1,
      "reduceInputRecords" : -1,
      "reduceShuffleBytes" : -1,
      "reduceOutputRecords" : -1,
      "spilledRecords" : -1,
      "mapInputBytes" : -1,
      "resourceUsageMetrics" : {
        "cumulativeCpuUsage" : 0,
        "virtualMemoryUsage" : 0,
        "physicalMemoryUsage" : 0,
        "heapUsage" : 0
      },
      "location" : null,
      "hostName" : null
    } ],
    "finishTime" : 1405431123412,
    "preferredLocations" : [ {
      "layers" : [ "default-rack", "192\\.168\\.1\\.103" ]
    }, {
      "layers" : [ "default-rack", "192\\.168\\.1\\.100" ]
    }, {
      "layers" : [ "default-rack", "192\\.168\\.1\\.101" ]
    } ],
    "taskType" : "MAP",
    "taskStatus" : "SUCCESS",
    "taskID" : "task_201407031547_2023_m_000031",
    "inputBytes" : 268439646,
    "inputRecords" : 2684354,
    "outputBytes" : 647939187,
    "outputRecords" : 2684354
  }, {
    "startTime" : 1405431086184,
    "attempts" : [ {
      "result" : "SUCCESS",
      "startTime" : 1405431095604,
      "finishTime" : 1405431138885,
      "attemptID" : "attempt_201407031547_2023_m_000032_0",
      "shuffleFinished" : -1,
      "sortFinished" : -1,
      "hdfsBytesRead" : 268439646,
      "hdfsBytesWritten" : -1,
      "fileBytesRead" : 374265631,
      "fileBytesWritten" : 647939391,
      "mapInputRecords" : 2684355,
      "mapOutputBytes" : 268435500,
      "mapOutputRecords" : 2684355,
      "combineInputRecords" : 0,
      "reduceInputGroups" : -1,
      "reduceInputRecords" : -1,
      "reduceShuffleBytes" : -1,
      "reduceOutputRecords" : -1,
      "spilledRecords" : 6351748,
      "mapInputBytes" : 268435500,
      "resourceUsageMetrics" : {
        "cumulativeCpuUsage" : 10350,
        "virtualMemoryUsage" : 615456768,
        "physicalMemoryUsage" : 178343936,
        "heapUsage" : 179306496
      },
      "location" : {
        "layers" : [ "default-rack", "Slave11" ]
      },
      "hostName" : "/default-rack/Slave11"
    }, {
      "result" : "KILLED",
      "startTime" : 1405431111771,
      "finishTime" : 1405431130210,
      "attemptID" : "attempt_201407031547_2023_m_000032_1",
      "shuffleFinished" : -1,
      "sortFinished" : -1,
      "hdfsBytesRead" : -1,
      "hdfsBytesWritten" : -1,
      "fileBytesRead" : -1,
      "fileBytesWritten" : -1,
      "mapInputRecords" : -1,
      "mapOutputBytes" : -1,
      "mapOutputRecords" : -1,
      "combineInputRecords" : -1,
      "reduceInputGroups" : -1,
      "reduceInputRecords" : -1,
      "reduceShuffleBytes" : -1,
      "reduceOutputRecords" : -1,
      "spilledRecords" : -1,
      "mapInputBytes" : -1,
      "resourceUsageMetrics" : {
        "cumulativeCpuUsage" : 0,
        "virtualMemoryUsage" : 0,
        "physicalMemoryUsage" : 0,
        "heapUsage" : 0
      },
      "location" : null,
      "hostName" : null
    } ],
    "finishTime" : 1405431129473,
    "preferredLocations" : [ {
      "layers" : [ "default-rack", "192\\.168\\.1\\.103" ]
    }, {
      "layers" : [ "default-rack", "192\\.168\\.1\\.102" ]
    }, {
      "layers" : [ "default-rack", "192\\.168\\.1\\.100" ]
    } ],
    "taskType" : "MAP",
    "taskStatus" : "SUCCESS",
    "taskID" : "task_201407031547_2023_m_000032",
    "inputBytes" : 268439646,
    "inputRecords" : 2684355,
    "outputBytes" : 647939391,
    "outputRecords" : 2684355
  }, {
    "startTime" : 1405431086194,
    "attempts" : [ {
      "result" : "SUCCESS",
      "startTime" : 1405431076937,
      "finishTime" : 1405431107646,
      "attemptID" : "attempt_201407031547_2023_m_000033_0",
      "shuffleFinished" : -1,
      "sortFinished" : -1,
      "hdfsBytesRead" : 268439646,
      "hdfsBytesWritten" : -1,
      "fileBytesRead" : 374262271,
      "fileBytesWritten" : 647939188,
      "mapInputRecords" : 2684354,
      "mapOutputBytes" : 268435400,
      "mapOutputRecords" : 2684354,
      "combineInputRecords" : 0,
      "reduceInputGroups" : -1,
      "reduceInputRecords" : -1,
      "reduceShuffleBytes" : -1,
      "reduceOutputRecords" : -1,
      "spilledRecords" : 6351746,
      "mapInputBytes" : 268435400,
      "resourceUsageMetrics" : {
        "cumulativeCpuUsage" : 7150,
        "virtualMemoryUsage" : 617500672,
        "physicalMemoryUsage" : 311160832,
        "heapUsage" : 310902784
      },
      "location" : {
        "layers" : [ "default-rack", "Slave12" ]
      },
      "hostName" : "/default-rack/Slave12"
    } ],
    "finishTime" : 1405431116988,
    "preferredLocations" : [ {
      "layers" : [ "default-rack", "192\\.168\\.1\\.103" ]
    }, {
      "layers" : [ "default-rack", "192\\.168\\.1\\.101" ]
    }, {
      "layers" : [ "default-rack", "192\\.168\\.1\\.102" ]
    } ],
    "taskType" : "MAP",
    "taskStatus" : "SUCCESS",
    "taskID" : "task_201407031547_2023_m_000033",
    "inputBytes" : 268439646,
    "inputRecords" : 2684354,
    "outputBytes" : 647939188,
    "outputRecords" : 2684354
  }, {
    "startTime" : 1405431088085,
    "attempts" : [ {
      "result" : "SUCCESS",
      "startTime" : 1405431083790,
      "finishTime" : 1405431105354,
      "attemptID" : "attempt_201407031547_2023_m_000034_0",
      "shuffleFinished" : -1,
      "sortFinished" : -1,
      "hdfsBytesRead" : 268439646,
      "hdfsBytesWritten" : -1,
      "fileBytesRead" : 374251977,
      "fileBytesWritten" : 647939391,
      "mapInputRecords" : 2684355,
      "mapOutputBytes" : 268435500,
      "mapOutputRecords" : 2684355,
      "combineInputRecords" : 0,
      "reduceInputGroups" : -1,
      "reduceInputRecords" : -1,
      "reduceShuffleBytes" : -1,
      "reduceOutputRecords" : -1,
      "spilledRecords" : 6351748,
      "mapInputBytes" : 268435500,
      "resourceUsageMetrics" : {
        "cumulativeCpuUsage" : 9310,
        "virtualMemoryUsage" : 613548032,
        "physicalMemoryUsage" : 179441664,
        "heapUsage" : 187432960
      },
      "location" : {
        "layers" : [ "default-rack", "Slave13" ]
      },
      "hostName" : "/default-rack/Slave13"
    } ],
    "finishTime" : 1405431109894,
    "preferredLocations" : [ {
      "layers" : [ "default-rack", "192\\.168\\.1\\.100" ]
    }, {
      "layers" : [ "default-rack", "192\\.168\\.1\\.103" ]
    }, {
      "layers" : [ "default-rack", "192\\.168\\.1\\.102" ]
    } ],
    "taskType" : "MAP",
    "taskStatus" : "SUCCESS",
    "taskID" : "task_201407031547_2023_m_000034",
    "inputBytes" : 268439646,
    "inputRecords" : 2684355,
    "outputBytes" : 647939391,
    "outputRecords" : 2684355
  }, {
    "startTime" : 1405431094565,
    "attempts" : [ {
      "result" : "SUCCESS",
      "startTime" : 1405431090269,
      "finishTime" : 1405431111164,
      "attemptID" : "attempt_201407031547_2023_m_000035_0",
      "shuffleFinished" : -1,
      "sortFinished" : -1,
      "hdfsBytesRead" : 268439646,
      "hdfsBytesWritten" : -1,
      "fileBytesRead" : 374245997,
      "fileBytesWritten" : 647939391,
      "mapInputRecords" : 2684355,
      "mapOutputBytes" : 268435500,
      "mapOutputRecords" : 2684355,
      "combineInputRecords" : 0,
      "reduceInputGroups" : -1,
      "reduceInputRecords" : -1,
      "reduceShuffleBytes" : -1,
      "reduceOutputRecords" : -1,
      "spilledRecords" : 6351748,
      "mapInputBytes" : 268435500,
      "resourceUsageMetrics" : {
        "cumulativeCpuUsage" : 8980,
        "virtualMemoryUsage" : 616275968,
        "physicalMemoryUsage" : 178761728,
        "heapUsage" : 182452224
      },
      "location" : {
        "layers" : [ "default-rack", "Slave13" ]
      },
      "hostName" : "/default-rack/Slave13"
    } ],
    "finishTime" : 1405431115570,
    "preferredLocations" : [ {
      "layers" : [ "default-rack", "192\\.168\\.1\\.102" ]
    }, {
      "layers" : [ "default-rack", "192\\.168\\.1\\.103" ]
    }, {
      "layers" : [ "default-rack", "192\\.168\\.1\\.101" ]
    } ],
    "taskType" : "MAP",
    "taskStatus" : "SUCCESS",
    "taskID" : "task_201407031547_2023_m_000035",
    "inputBytes" : 268439646,
    "inputRecords" : 2684355,
    "outputBytes" : 647939391,
    "outputRecords" : 2684355
  } ],
  "finishTime" : 1405431222404,
  "reduceTasks" : [ {
    "startTime" : 1405431003364,
    "attempts" : [ {
      "result" : "SUCCESS",
      "startTime" : 1405431003365,
      "finishTime" : 1405431216990,
      "attemptID" : "attempt_201407031547_2023_r_000000_0",
      "shuffleFinished" : 1405431134937,
      "sortFinished" : 1405431134985,
      "hdfsBytesRead" : -1,
      "hdfsBytesWritten" : 1442642000,
      "fileBytesRead" : 1431992724,
      "fileBytesWritten" : 1432052879,
      "mapInputRecords" : -1,
      "mapOutputBytes" : -1,
      "mapOutputRecords" : -1,
      "combineInputRecords" : 0,
      "reduceInputGroups" : 14426420,
      "reduceInputRecords" : 14426420,
      "reduceShuffleBytes" : 1471495068,
      "reduceOutputRecords" : 14426420,
      "spilledRecords" : 14039144,
      "mapInputBytes" : -1,
      "resourceUsageMetrics" : {
        "cumulativeCpuUsage" : 29040,
        "virtualMemoryUsage" : 1054621696,
        "physicalMemoryUsage" : 186490880,
        "heapUsage" : 104595456
      },
      "location" : {
        "layers" : [ "default-rack", "Master1" ]
      },
      "hostName" : "/default-rack/Master1"
    } ],
    "finishTime" : 1405431217133,
    "preferredLocations" : [ ],
    "taskType" : "REDUCE",
    "taskStatus" : "SUCCESS",
    "taskID" : "task_201407031547_2023_r_000000",
    "inputBytes" : 1471495068,
    "inputRecords" : 14426420,
    "outputBytes" : 1442642000,
    "outputRecords" : 14426420
  }, {
    "startTime" : 1405431003550,
    "attempts" : [ {
      "result" : "SUCCESS",
      "startTime" : 1405431132920,
      "finishTime" : 1405431196930,
      "attemptID" : "attempt_201407031547_2023_r_000001_1",
      "shuffleFinished" : 1405431163121,
      "sortFinished" : 1405431163125,
      "hdfsBytesRead" : -1,
      "hdfsBytesWritten" : 1427773200,
      "fileBytesRead" : 1456328700,
      "fileBytesWritten" : 1456388855,
      "mapInputRecords" : -1,
      "mapOutputBytes" : -1,
      "mapOutputRecords" : -1,
      "combineInputRecords" : 0,
      "reduceInputGroups" : 14277732,
      "reduceInputRecords" : 14277732,
      "reduceShuffleBytes" : 1456328892,
      "reduceOutputRecords" : 14277732,
      "spilledRecords" : 14277732,
      "mapInputBytes" : -1,
      "resourceUsageMetrics" : {
        "cumulativeCpuUsage" : 27170,
        "virtualMemoryUsage" : 1054101504,
        "physicalMemoryUsage" : 267673600,
        "heapUsage" : 206569472
      },
      "location" : {
        "layers" : [ "default-rack", "Slave13" ]
      },
      "hostName" : "/default-rack/Slave13"
    }, {
      "result" : "KILLED",
      "startTime" : 1405430994294,
      "finishTime" : 1405431198656,
      "attemptID" : "attempt_201407031547_2023_r_000001_0",
      "shuffleFinished" : -1,
      "sortFinished" : -1,
      "hdfsBytesRead" : -1,
      "hdfsBytesWritten" : -1,
      "fileBytesRead" : -1,
      "fileBytesWritten" : -1,
      "mapInputRecords" : -1,
      "mapOutputBytes" : -1,
      "mapOutputRecords" : -1,
      "combineInputRecords" : -1,
      "reduceInputGroups" : -1,
      "reduceInputRecords" : -1,
      "reduceShuffleBytes" : -1,
      "reduceOutputRecords" : -1,
      "spilledRecords" : -1,
      "mapInputBytes" : -1,
      "resourceUsageMetrics" : {
        "cumulativeCpuUsage" : 0,
        "virtualMemoryUsage" : 0,
        "physicalMemoryUsage" : 0,
        "heapUsage" : 0
      },
      "location" : null,
      "hostName" : null
    } ],
    "finishTime" : 1405431201538,
    "preferredLocations" : [ ],
    "taskType" : "REDUCE",
    "taskStatus" : "SUCCESS",
    "taskID" : "task_201407031547_2023_r_000001",
    "inputBytes" : 1456328892,
    "inputRecords" : 14277732,
    "outputBytes" : 1427773200,
    "outputRecords" : 14277732
  }, {
    "startTime" : 1405431003563,
    "attempts" : [ {
      "result" : "SUCCESS",
      "startTime" : 1405430999914,
      "finishTime" : 1405431204974,
      "attemptID" : "attempt_201407031547_2023_r_000002_0",
      "shuffleFinished" : 1405431126449,
      "sortFinished" : 1405431126515,
      "hdfsBytesRead" : -1,
      "hdfsBytesWritten" : 1430977100,
      "fileBytesRead" : 1420422048,
      "fileBytesWritten" : 1420482203,
      "mapInputRecords" : -1,
      "mapOutputBytes" : -1,
      "mapOutputRecords" : -1,
      "combineInputRecords" : 0,
      "reduceInputGroups" : 14309771,
      "reduceInputRecords" : 14309771,
      "reduceShuffleBytes" : 1459596870,
      "reduceOutputRecords" : 14309771,
      "spilledRecords" : 13925706,
      "mapInputBytes" : -1,
      "resourceUsageMetrics" : {
        "cumulativeCpuUsage" : 29420,
        "virtualMemoryUsage" : 1053786112,
        "physicalMemoryUsage" : 351637504,
        "heapUsage" : 273678336
      },
      "location" : {
        "layers" : [ "default-rack", "Slave13" ]
      },
      "hostName" : "/default-rack/Slave13"
    } ],
    "finishTime" : 1405431209526,
    "preferredLocations" : [ ],
    "taskType" : "REDUCE",
    "taskStatus" : "SUCCESS",
    "taskID" : "task_201407031547_2023_r_000002",
    "inputBytes" : 1459596870,
    "inputRecords" : 14309771,
    "outputBytes" : 1430977100,
    "outputRecords" : 14309771
  }, {
    "startTime" : 1405431003632,
    "attempts" : [ {
      "result" : "SUCCESS",
      "startTime" : 1405431013106,
      "finishTime" : 1405431212112,
      "attemptID" : "attempt_201407031547_2023_r_000003_0",
      "shuffleFinished" : 1405431143326,
      "sortFinished" : 1405431143358,
      "hdfsBytesRead" : -1,
      "hdfsBytesWritten" : 1421968300,
      "fileBytesRead" : 1411399536,
      "fileBytesWritten" : 1411459691,
      "mapInputRecords" : -1,
      "mapOutputBytes" : -1,
      "mapOutputRecords" : -1,
      "combineInputRecords" : 0,
      "reduceInputGroups" : 14219683,
      "reduceInputRecords" : 14219683,
      "reduceShuffleBytes" : 1450407894,
      "reduceOutputRecords" : 14219683,
      "spilledRecords" : 13837250,
      "mapInputBytes" : -1,
      "resourceUsageMetrics" : {
        "cumulativeCpuUsage" : 30020,
        "virtualMemoryUsage" : 1057083392,
        "physicalMemoryUsage" : 746422272,
        "heapUsage" : 643039232
      },
      "location" : {
        "layers" : [ "default-rack", "Slave11" ]
      },
      "hostName" : "/default-rack/Slave11"
    } ],
    "finishTime" : 1405431202773,
    "preferredLocations" : [ ],
    "taskType" : "REDUCE",
    "taskStatus" : "SUCCESS",
    "taskID" : "task_201407031547_2023_r_000003",
    "inputBytes" : 1450407894,
    "inputRecords" : 14219683,
    "outputBytes" : 1421968300,
    "outputRecords" : 14219683
  }, {
    "startTime" : 1405431003692,
    "attempts" : [ {
      "result" : "SUCCESS",
      "startTime" : 1405431003693,
      "finishTime" : 1405431219331,
      "attemptID" : "attempt_201407031547_2023_r_000004_0",
      "shuffleFinished" : 1405431136003,
      "sortFinished" : 1405431136469,
      "hdfsBytesRead" : -1,
      "hdfsBytesWritten" : 1434775800,
      "fileBytesRead" : 1384948794,
      "fileBytesWritten" : 1385008949,
      "mapInputRecords" : -1,
      "mapOutputBytes" : -1,
      "mapOutputRecords" : -1,
      "combineInputRecords" : 0,
      "reduceInputGroups" : 14347758,
      "reduceInputRecords" : 14347758,
      "reduceShuffleBytes" : 1463471544,
      "reduceOutputRecords" : 14347758,
      "spilledRecords" : 13577929,
      "mapInputBytes" : -1,
      "resourceUsageMetrics" : {
        "cumulativeCpuUsage" : 28910,
        "virtualMemoryUsage" : 1053671424,
        "physicalMemoryUsage" : 444022784,
        "heapUsage" : 349700096
      },
      "location" : {
        "layers" : [ "default-rack", "Master1" ]
      },
      "hostName" : "/default-rack/Master1"
    } ],
    "finishTime" : 1405431219396,
    "preferredLocations" : [ ],
    "taskType" : "REDUCE",
    "taskStatus" : "SUCCESS",
    "taskID" : "task_201407031547_2023_r_000004",
    "inputBytes" : 1463471544,
    "inputRecords" : 14347758,
    "outputBytes" : 1434775800,
    "outputRecords" : 14347758
  }, {
    "startTime" : 1405431003937,
    "attempts" : [ {
      "result" : "SUCCESS",
      "startTime" : 1405430995504,
      "finishTime" : 1405431195552,
      "attemptID" : "attempt_201407031547_2023_r_000005_0",
      "shuffleFinished" : 1405431122556,
      "sortFinished" : 1405431122598,
      "hdfsBytesRead" : -1,
      "hdfsBytesWritten" : 1401902800,
      "fileBytesRead" : 1391630814,
      "fileBytesWritten" : 1391690970,
      "mapInputRecords" : -1,
      "mapOutputBytes" : -1,
      "mapOutputRecords" : -1,
      "combineInputRecords" : 0,
      "reduceInputGroups" : 14019028,
      "reduceInputRecords" : 14019028,
      "reduceShuffleBytes" : 1429941084,
      "reduceOutputRecords" : 14019028,
      "spilledRecords" : 13643439,
      "mapInputBytes" : -1,
      "resourceUsageMetrics" : {
        "cumulativeCpuUsage" : 27820,
        "virtualMemoryUsage" : 1055186944,
        "physicalMemoryUsage" : 518549504,
        "heapUsage" : 474742784
      },
      "location" : {
        "layers" : [ "default-rack", "Slave12" ]
      },
      "hostName" : "/default-rack/Slave12"
    } ],
    "finishTime" : 1405431205041,
    "preferredLocations" : [ ],
    "taskType" : "REDUCE",
    "taskStatus" : "SUCCESS",
    "taskID" : "task_201407031547_2023_r_000005",
    "inputBytes" : 1429941084,
    "inputRecords" : 14019028,
    "outputBytes" : 1401902800,
    "outputRecords" : 14019028
  }, {
    "startTime" : 1405431003994,
    "attempts" : [ {
      "result" : "SUCCESS",
      "startTime" : 1405431013408,
      "finishTime" : 1405431212208,
      "attemptID" : "attempt_201407031547_2023_r_000006_0",
      "shuffleFinished" : 1405431143889,
      "sortFinished" : 1405431144281,
      "hdfsBytesRead" : -1,
      "hdfsBytesWritten" : 1439960800,
      "fileBytesRead" : 1350382626,
      "fileBytesWritten" : 1350442781,
      "mapInputRecords" : -1,
      "mapOutputBytes" : -1,
      "mapOutputRecords" : -1,
      "combineInputRecords" : 0,
      "reduceInputGroups" : 14399608,
      "reduceInputRecords" : 14399608,
      "reduceShuffleBytes" : 1468760244,
      "reduceOutputRecords" : 14399608,
      "spilledRecords" : 13239045,
      "mapInputBytes" : -1,
      "resourceUsageMetrics" : {
        "cumulativeCpuUsage" : 30070,
        "virtualMemoryUsage" : 1055608832,
        "physicalMemoryUsage" : 358674432,
        "heapUsage" : 313786368
      },
      "location" : {
        "layers" : [ "default-rack", "Slave11" ]
      },
      "hostName" : "/default-rack/Slave11"
    } ],
    "finishTime" : 1405431203087,
    "preferredLocations" : [ ],
    "taskType" : "REDUCE",
    "taskStatus" : "SUCCESS",
    "taskID" : "task_201407031547_2023_r_000006",
    "inputBytes" : 1468760244,
    "inputRecords" : 14399608,
    "outputBytes" : 1439960800,
    "outputRecords" : 14399608
  } ],
  "submitTime" : 1405430989666,
  "launchTime" : 1405430989827,
  "totalMaps" : 38,
  "totalReduces" : 7,
  "otherTasks" : [ {
    "startTime" : 1405430989907,
    "attempts" : [ {
      "result" : "SUCCESS",
      "startTime" : 1405430990346,
      "finishTime" : 1405430991262,
      "attemptID" : "attempt_201407031547_2023_m_000039_0",
      "shuffleFinished" : -1,
      "sortFinished" : -1,
      "hdfsBytesRead" : -1,
      "hdfsBytesWritten" : -1,
      "fileBytesRead" : -1,
      "fileBytesWritten" : 60247,
      "mapInputRecords" : -1,
      "mapOutputBytes" : -1,
      "mapOutputRecords" : -1,
      "combineInputRecords" : -1,
      "reduceInputGroups" : -1,
      "reduceInputRecords" : -1,
      "reduceShuffleBytes" : -1,
      "reduceOutputRecords" : -1,
      "spilledRecords" : 0,
      "mapInputBytes" : -1,
      "resourceUsageMetrics" : {
        "cumulativeCpuUsage" : 100,
        "virtualMemoryUsage" : 612474880,
        "physicalMemoryUsage" : 62976000,
        "heapUsage" : 64487424
      },
      "location" : {
        "layers" : [ "default-rack", "Master1" ]
      },
      "hostName" : "/default-rack/Master1"
    } ],
    "finishTime" : 1405430991543,
    "preferredLocations" : [ ],
    "taskType" : "SETUP",
    "taskStatus" : "SUCCESS",
    "taskID" : "task_201407031547_2023_m_000039",
    "inputBytes" : -1,
    "inputRecords" : -1,
    "outputBytes" : -1,
    "outputRecords" : -1
  }, {
    "startTime" : 1405431219397,
    "attempts" : [ {
      "result" : "SUCCESS",
      "startTime" : 1405431219398,
      "finishTime" : 1405431222208,
      "attemptID" : "attempt_201407031547_2023_m_000038_0",
      "shuffleFinished" : -1,
      "sortFinished" : -1,
      "hdfsBytesRead" : -1,
      "hdfsBytesWritten" : -1,
      "fileBytesRead" : -1,
      "fileBytesWritten" : 60247,
      "mapInputRecords" : -1,
      "mapOutputBytes" : -1,
      "mapOutputRecords" : -1,
      "combineInputRecords" : -1,
      "reduceInputGroups" : -1,
      "reduceInputRecords" : -1,
      "reduceShuffleBytes" : -1,
      "reduceOutputRecords" : -1,
      "spilledRecords" : 0,
      "mapInputBytes" : -1,
      "resourceUsageMetrics" : {
        "cumulativeCpuUsage" : 130,
        "virtualMemoryUsage" : 612806656,
        "physicalMemoryUsage" : 62517248,
        "heapUsage" : 64487424
      },
      "location" : {
        "layers" : [ "default-rack", "Master1" ]
      },
      "hostName" : "/default-rack/Master1"
    } ],
    "finishTime" : 1405431222403,
    "preferredLocations" : [ ],
    "taskType" : "CLEANUP",
    "taskStatus" : "SUCCESS",
    "taskID" : "task_201407031547_2023_m_000038",
    "inputBytes" : -1,
    "inputRecords" : -1,
    "outputBytes" : -1,
    "outputRecords" : -1
  } ],
  "queue" : "default",
  "jobProperties" : {
    "fs.s3n.impl" : "org.apache.hadoop.fs.s3native.NativeS3FileSystem",
    "mapred.task.cache.levels" : "2",
    "mapreduce.job.restart.recover" : "true",
    "mapreduce.job.counters.max" : "120",
    "dfs.client.use.datanode.hostname" : "false",
    "hadoop.tmp.dir" : "/tmp/hadoop-${user.name}",
    "hadoop.native.lib" : "true",
    "map.sort.class" : "org.apache.hadoop.util.QuickSort",
    "dfs.namenode.decommission.nodes.per.interval" : "5",
    "dfs.https.need.client.auth" : "false",
    "dfs.datanode.drop.cache.behind.writes" : "false",
    "ipc.client.idlethreshold" : "4000",
    "mapred.system.dir" : "${hadoop.tmp.dir}/mapred/system",
    "dfs.datanode.data.dir.perm" : "755",
    "mapred.job.tracker.persist.jobstatus.hours" : "0",
    "dfs.namenode.logging.level" : "info",
    "dfs.datanode.address" : "0.0.0.0:50010",
    "io.skip.checksum.errors" : "false",
    "dfs.block.access.token.enable" : "false",
    "fs.default.name" : "hdfs://Master1:9000",
    "mapred.cluster.reduce.memory.mb" : "-1",
    "mapred.child.tmp" : "./tmp",
    "fs.har.impl.disable.cache" : "true",
    "dfs.safemode.threshold.pct" : "0.999f",
    "mapred.skip.reduce.max.skip.groups" : "0",
    "mapred.heartbeats.in.second" : "100",
    "dfs.namenode.handler.count" : "10",
    "dfs.blockreport.initialDelay" : "0",
    "mapred.tasktracker.dns.nameserver" : "default",
    "io.sort.factor" : "10",
    "dfs.datanode.drop.cache.behind.reads" : "false",
    "mapred.task.timeout" : "600000",
    "mapred.max.tracker.failures" : "4",
    "hadoop.rpc.socket.factory.class.default" : "org.apache.hadoop.net.StandardSocketFactory",
    "mapred.job.tracker.jobhistory.lru.cache.size" : "5",
    "fs.hdfs.impl" : "org.apache.hadoop.hdfs.DistributedFileSystem",
    "mapred.queue.default.acl-administer-jobs" : "*",
    "dfs.namenode.stale.datanode.interval" : "30000",
    "mapred.output.key.class" : "org.apache.hadoop.io.Text",
    "dfs.block.access.key.update.interval" : "600",
    "mapred.skip.map.auto.incr.proc.count" : "true",
    "mapreduce.job.complete.cancel.delegation.tokens" : "true",
    "io.mapfile.bloom.size" : "1048576",
    "mapreduce.reduce.shuffle.connect.timeout" : "180000",
    "dfs.safemode.extension" : "30000",
    "mapred.jobtracker.blacklist.fault-timeout-window" : "180",
    "dfs.namenode.write.stale.datanode.ratio" : "0.5f",
    "hadoop.skip.worker.version.check" : "false",
    "tasktracker.http.threads" : "40",
    "net.topology.impl" : "org.apache.hadoop.net.NetworkTopology",
    "mapred.job.shuffle.merge.percent" : "0.5",
    "fs.ftp.impl" : "org.apache.hadoop.fs.ftp.FTPFileSystem",
    "user.name" : "itri-hadoop",
    "dfs.namenode.kerberos.internal.spnego.principal" : "${dfs.web.authentication.kerberos.principal}",
    "mapred.output.compress" : "false",
    "io.bytes.per.checksum" : "512",
    "mapred.combine.recordsBeforeProgress" : "10000",
    "mapred.healthChecker.script.timeout" : "600000",
    "mapred.cache.files.filesizes" : "291",
    "topology.node.switch.mapping.impl" : "org.apache.hadoop.net.ScriptBasedMapping",
    "dfs.https.server.keystore.resource" : "ssl-server.xml",
    "mapred.reduce.slowstart.completed.maps" : "0.05",
    "mapred.reduce.max.attempts" : "4",
    "dfs.namenode.safemode.min.datanodes" : "0",
    "mapreduce.ifile.readahead.bytes" : "4194304",
    "fs.ramfs.impl" : "org.apache.hadoop.fs.InMemoryFileSystem",
    "dfs.block.access.token.lifetime" : "600",
    "mapred.skip.map.max.skip.records" : "0",
    "dfs.name.edits.dir" : "${dfs.name.dir}",
    "mapred.cluster.map.memory.mb" : "-1",
    "hadoop.security.group.mapping" : "org.apache.hadoop.security.ShellBasedUnixGroupsMapping",
    "mapred.job.tracker.persist.jobstatus.dir" : "/jobtracker/jobsInfo",
    "mapred.jar" : "hdfs://Master1:9000/tmp/hadoop-itri-hadoop/mapred/staging/itri-hadoop/.staging/job_201407031547_2023/job.jar",
    "fs.s3.buffer.dir" : "${hadoop.tmp.dir}/s3",
    "dfs.block.size" : "67108864",
    "job.end.retry.attempts" : "0",
    "fs.file.impl" : "org.apache.hadoop.fs.LocalFileSystem",
    "dfs.namenode.avoid.write.stale.datanode" : "false",
    "dfs.datanode.max.xcievers" : "4096",
    "mapred.local.dir.minspacestart" : "0",
    "mapred.output.compression.type" : "RECORD",
    "dfs.datanode.ipc.address" : "0.0.0.0:50020",
    "dfs.permissions" : "true",
    "topology.script.number.args" : "100",
    "mapreduce.job.counters.groups.max" : "50",
    "io.mapfile.bloom.error.rate" : "0.005",
    "mapred.cluster.max.reduce.memory.mb" : "-1",
    "mapred.max.tracker.blacklists" : "4",
    "mapred.task.profile.maps" : "0-2",
    "mapred.jobtracker.jobSchedulable" : "org.apache.hadoop.mapred.JobSchedulable",
    "dfs.datanode.https.address" : "0.0.0.0:50475",
    "mapred.userlog.retain.hours" : "24",
    "dfs.secondary.http.address" : "0.0.0.0:50090",
    "dfs.namenode.replication.work.multiplier.per.iteration" : "2",
    "dfs.replication.max" : "512",
    "mapred.job.tracker.persist.jobstatus.active" : "false",
    "hadoop.security.authorization" : "false",
    "local.cache.size" : "10737418240",
    "mapred.min.split.size" : "268435456",
    "dfs.namenode.delegation.token.renew-interval" : "86400000",
    "mapred.map.tasks" : "38",
    "mapred.child.java.opts" : "-Xmx200m",
    "mapred.partitioner.class" : "org.apache.hadoop.examples.terasort.TeraSort$TotalOrderPartitioner",
    "mapred.output.value.class" : "org.apache.hadoop.io.Text",
    "dfs.https.client.keystore.resource" : "ssl-client.xml",
    "ipc.client.fallback-to-simple-auth-allowed" : "false",
    "mapred.job.queue.name" : "default",
    "mapred.job.tracker.retiredjobs.cache.size" : "1000",
    "dfs.https.address" : "0.0.0.0:50470",
    "dfs.balance.bandwidthPerSec" : "1048576",
    "ipc.server.listen.queue.size" : "128",
    "dfs.namenode.invalidate.work.pct.per.iteration" : "0.32f",
    "mapred.inmem.merge.threshold" : "800",
    "job.end.retry.interval" : "30000",
    "mapred.skip.attempts.to.start.skipping" : "2",
    "mapreduce.tasktracker.outofband.heartbeat.damper" : "1000000",
    "hadoop.security.use-weak-http-crypto" : "false",
    "fs.checkpoint.dir" : "${hadoop.tmp.dir}/dfs/namesecondary",
    "dfs.namenode.avoid.read.stale.datanode" : "false",
    "mapred.reduce.tasks" : "7",
    "mapred.merge.recordsBeforeProgress" : "10000",
    "mapred.userlog.limit.kb" : "0",
    "mapred.job.reduce.memory.mb" : "-1",
    "webinterface.private.actions" : "false",
    "dfs.max.objects" : "0",
    "hadoop.security.token.service.use_ip" : "true",
    "io.sort.spill.percent" : "0.6",
    "mapred.job.shuffle.input.buffer.percent" : "0.6",
    "mapred.map.tasks.speculative.execution" : "true",
    "hadoop.http.authentication.type" : "simple",
    "mapred.job.name" : "TeraSort",
    "hadoop.util.hash.type" : "murmur",
    "dfs.datanode.dns.nameserver" : "default",
    "hadoop.security.instrumentation.requires.admin" : "false",
    "dfs.blockreport.intervalMsec" : "3600000",
    "dfs.datanode.readahead.bytes" : "4193404",
    "mapred.map.max.attempts" : "4",
    "mapreduce.job.acl-view-job" : " ",
    "mapreduce.ifile.readahead" : "true",
    "mapred.jobtracker.nodegroup.aware" : "false",
    "mapred.job.tracker.handler.count" : "10",
    "dfs.client.block.write.retries" : "3",
    "mapred.input.format.class" : "org.apache.hadoop.examples.terasort.TeraInputFormat",
    "mapreduce.reduce.shuffle.read.timeout" : "180000",
    "mapred.tasktracker.expiry.interval" : "600000",
    "dfs.secondary.namenode.kerberos.internal.spnego.principal" : "${dfs.web.authentication.kerberos.principal}",
    "dfs.https.enable" : "false",
    "mapred.jobtracker.job.history.block.size" : "3145728",
    "mapred.jobtracker.maxtasks.per.job" : "-1",
    "keep.failed.task.files" : "false",
    "dfs.datanode.use.datanode.hostname" : "false",
    "mapred.output.format.class" : "org.apache.hadoop.examples.terasort.TeraOutputFormat",
    "dfs.datanode.failed.volumes.tolerated" : "0",
    "ipc.client.tcpnodelay" : "false",
    "mapred.task.profile.reduces" : "0-2",
    "io.map.index.skip" : "0",
    "mapred.output.compression.codec" : "org.apache.hadoop.io.compress.DefaultCodec",
    "hadoop.http.authentication.token.validity" : "36000",
    "ipc.server.tcpnodelay" : "false",
    "hadoop.jetty.logs.serve.aliases" : "true",
    "mapred.working.dir" : "hdfs://Master1:9000/user/itri-hadoop",
    "mapred.jobtracker.blacklist.fault-bucket-width" : "15",
    "dfs.namenode.delegation.key.update-interval" : "86400000",
    "mapred.used.genericoptionsparser" : "true",
    "mapred.job.map.memory.mb" : "-1",
    "dfs.default.chunk.view.size" : "32768",
    "hadoop.logfile.size" : "10000000",
    "mapred.cache.files.timestamps" : "1405430988734",
    "mapred.reduce.tasks.speculative.execution" : "true",
    "mapreduce.tasktracker.outofband.heartbeat" : "false",
    "mapreduce.job.dir" : "hdfs://Master1:9000/tmp/hadoop-itri-hadoop/mapred/staging/itri-hadoop/.staging/job_201407031547_2023",
    "mapreduce.reduce.input.limit" : "-1",
    "dfs.datanode.du.reserved" : "0",
    "dfs.datanode.sync.behind.writes" : "false",
    "hadoop.security.authentication" : "simple",
    "fs.checkpoint.period" : "3600",
    "mapred.job.reuse.jvm.num.tasks" : "4",
    "dfs.web.ugi" : "webuser,webgroup",
    "mapred.jobtracker.completeuserjobs.maximum" : "100",
    "dfs.df.interval" : "60000",
    "mapred.task.tracker.task-controller" : "org.apache.hadoop.mapred.DefaultTaskController",
    "dfs.data.dir" : "${hadoop.tmp.dir}/dfs/data",
    "fs.s3.maxRetries" : "4",
    "dfs.datanode.dns.interface" : "default",
    "mapred.cluster.max.map.memory.mb" : "-1",
    "mapreduce.reduce.shuffle.maxfetchfailures" : "10",
    "mapred.map.child.java.opts" : "-Xmx400M",
    "mapreduce.job.acl-modify-job" : " ",
    "fs.hftp.impl" : "org.apache.hadoop.hdfs.HftpFileSystem",
    "mapred.local.dir" : "${hadoop.tmp.dir}/mapred/local",
    "dfs.permissions.supergroup" : "supergroup",
    "fs.s3.sleepTimeSeconds" : "10",
    "fs.trash.interval" : "0",
    "mapred.submit.replication" : "10",
    "dfs.replication.min" : "1",
    "fs.har.impl" : "org.apache.hadoop.fs.HarFileSystem",
    "hadoop.relaxed.worker.version.check" : "false",
    "mapred.map.output.compression.codec" : "org.apache.hadoop.io.compress.DefaultCodec",
    "mapreduce.job.cache.files.visibilities" : "true",
    "mapred.tasktracker.dns.interface" : "default",
    "dfs.http.address" : "0.0.0.0:50070",
    "dfs.namenode.decommission.interval" : "30",
    "mapred.cache.files" : "hdfs://Master1:9000/tera-in10G/_partition.lst#_partition.lst",
    "mapred.job.tracker" : "Master1:9001",
    "dfs.heartbeat.interval" : "3",
    "hadoop.http.authentication.signature.secret.file" : "${user.home}/hadoop-http-auth-signature-secret",
    "io.seqfile.sorter.recordlimit" : "1000000",
    "mapreduce.job.submithost" : "Master1",
    "dfs.name.dir" : "${hadoop.tmp.dir}/dfs/name",
    "mapred.jobtracker.taskScheduler" : "org.apache.hadoop.mapred.JobQueueTaskScheduler",
    "mapred.line.input.format.linespermap" : "1",
    "mapred.create.symlink" : "yes",
    "dfs.datanode.http.address" : "0.0.0.0:50075",
    "fs.webhdfs.impl" : "org.apache.hadoop.hdfs.web.WebHdfsFileSystem",
    "mapred.local.dir.minspacekill" : "0",
    "dfs.image.transfer.bandwidthPerSec" : "0",
    "dfs.replication.interval" : "3",
    "io.sort.record.percent" : "0.05",
    "hadoop.http.authentication.kerberos.principal" : "HTTP/localhost@LOCALHOST",
    "fs.kfs.impl" : "org.apache.hadoop.fs.kfs.KosmosFileSystem",
    "mapred.tasktracker.reduce.tasks.maximum" : "3",
    "mapred.temp.dir" : "${hadoop.tmp.dir}/mapred/temp",
    "dfs.replication" : "1",
    "fs.checkpoint.edits.dir" : "${fs.checkpoint.dir}",
    "mapreduce.jobhistory.max-age-ms" : "2592000000",
    "mapred.tasktracker.tasks.sleeptime-before-sigkill" : "5000",
    "mapred.job.reduce.input.buffer.percent" : "0.7",
    "mapred.tasktracker.indexcache.mb" : "10",
    "dfs.webhdfs.enabled" : "false",
    "mapreduce.job.split.metainfo.maxsize" : "10000000",
    "hadoop.logfile.count" : "10",
    "mapred.skip.reduce.auto.incr.proc.count" : "true",
    "mapreduce.job.submithostaddress" : "192.168.1.100",
    "terasort.final.sync" : "true",
    "io.seqfile.compress.blocksize" : "1000000",
    "fs.s3.block.size" : "67108864",
    "mapred.tasktracker.taskmemorymanager.monitoring-interval" : "5000",
    "hadoop.http.authentication.simple.anonymous.allowed" : "true",
    "mapreduce.jobtracker.staging.root.dir" : "${hadoop.tmp.dir}/mapred/staging",
    "mapred.acls.enabled" : "false",
    "mapred.queue.default.state" : "RUNNING",
    "mapred.queue.names" : "default",
    "fs.hsftp.impl" : "org.apache.hadoop.hdfs.HsftpFileSystem",
    "dfs.access.time.precision" : "3600000",
    "mapred.task.tracker.http.address" : "0.0.0.0:50060",
    "io.seqfile.lazydecompress" : "true",
    "mapred.reduce.parallel.copies" : "5",
    "mapred.disk.healthChecker.interval" : "60000",
    "mapred.output.dir" : "hdfs://Master1:9000/tera-out",
    "ipc.client.connection.maxidletime" : "10000",
    "io.sort.mb" : "100",
    "mapred.reduce.child.java.opts" : "-Xmx800M",
    "mapred.task.tracker.report.address" : "127.0.0.1:0",
    "hadoop.security.uid.cache.secs" : "14400",
    "mapred.compress.map.output" : "false",
    "ipc.client.kill.max" : "10",
    "mapred.healthChecker.interval" : "60000",
    "ipc.client.connect.max.retries" : "10",
    "fs.s3.impl" : "org.apache.hadoop.fs.s3.S3FileSystem",
    "mapred.user.jobconf.limit" : "5242880",
    "mapreduce.job.counters.group.name.max" : "128",
    "mapred.job.tracker.http.address" : "0.0.0.0:50030",
    "mapred.input.dir" : "hdfs://Master1:9000/tera-in10G",
    "io.file.buffer.size" : "4096",
    "mapred.jobtracker.restart.recover" : "false",
    "io.serializations" : "org.apache.hadoop.io.serializer.WritableSerialization",
    "mapred.task.profile" : "false",
    "dfs.datanode.handler.count" : "3",
    "mapreduce.input.num.files" : "2",
    "mapreduce.jobhistory.cleaner.interval-ms" : "86400000",
    "dfs.replication.considerLoad" : "true",
    "jobclient.output.filter" : "FAILED",
    "dfs.namenode.edits.toleration.length" : "0",
    "hadoop.http.authentication.kerberos.keytab" : "${user.home}/hadoop.keytab",
    "dfs.namenode.delegation.token.max-lifetime" : "604800000",
    "mapred.tasktracker.map.tasks.maximum" : "1",
    "fs.checkpoint.size" : "67108864",
    "io.compression.codecs" : "org.apache.hadoop.io.compress.DefaultCodec,org.apache.hadoop.io.compress.GzipCodec,org.apache.hadoop.io.compress.BZip2Codec,org.apache.hadoop.io.compress.SnappyCodec",
    "mapreduce.job.counters.counter.name.max" : "64"
  },
  "computonsPerMapInputByte" : -1,
  "computonsPerMapOutputByte" : -1,
  "computonsPerReduceInputByte" : -1,
  "computonsPerReduceOutputByte" : -1,
  "heapMegabytes" : 200,
  "outcome" : "SUCCESS",
  "jobtype" : "JAVA",
  "directDependantJobs" : [ ],
  "successfulMapAttemptCDFs" : [ {
    "maximum" : 11546,
    "minimum" : 10046,
    "rankings" : [ {
      "relativeRanking" : 0.05,
      "datum" : 10046
    }, {
      "relativeRanking" : 0.1,
      "datum" : 10046
    }, {
      "relativeRanking" : 0.15,
      "datum" : 10046
    }, {
      "relativeRanking" : 0.2,
      "datum" : 10046
    }, {
      "relativeRanking" : 0.25,
      "datum" : 10046
    }, {
      "relativeRanking" : 0.3,
      "datum" : 10046
    }, {
      "relativeRanking" : 0.35,
      "datum" : 10046
    }, {
      "relativeRanking" : 0.4,
      "datum" : 10046
    }, {
      "relativeRanking" : 0.45,
      "datum" : 10046
    }, {
      "relativeRanking" : 0.5,
      "datum" : 10046
    }, {
      "relativeRanking" : 0.55,
      "datum" : 10046
    }, {
      "relativeRanking" : 0.6,
      "datum" : 10046
    }, {
      "relativeRanking" : 0.65,
      "datum" : 10046
    }, {
      "relativeRanking" : 0.7,
      "datum" : 10046
    }, {
      "relativeRanking" : 0.75,
      "datum" : 10046
    }, {
      "relativeRanking" : 0.8,
      "datum" : 10046
    }, {
      "relativeRanking" : 0.85,
      "datum" : 10046
    }, {
      "relativeRanking" : 0.9,
      "datum" : 10046
    }, {
      "relativeRanking" : 0.95,
      "datum" : 10046
    } ],
    "numberValues" : 2
  }, {
    "maximum" : 45731,
    "minimum" : 12298,
    "rankings" : [ {
      "relativeRanking" : 0.05,
      "datum" : 12298
    }, {
      "relativeRanking" : 0.1,
      "datum" : 14314
    }, {
      "relativeRanking" : 0.15,
      "datum" : 16106
    }, {
      "relativeRanking" : 0.2,
      "datum" : 17676
    }, {
      "relativeRanking" : 0.25,
      "datum" : 20860
    }, {
      "relativeRanking" : 0.3,
      "datum" : 20895
    }, {
      "relativeRanking" : 0.35,
      "datum" : 21564
    }, {
      "relativeRanking" : 0.4,
      "datum" : 21857
    }, {
      "relativeRanking" : 0.45,
      "datum" : 22602
    }, {
      "relativeRanking" : 0.5,
      "datum" : 25030
    }, {
      "relativeRanking" : 0.55,
      "datum" : 25214
    }, {
      "relativeRanking" : 0.6,
      "datum" : 26601
    }, {
      "relativeRanking" : 0.65,
      "datum" : 27733
    }, {
      "relativeRanking" : 0.7,
      "datum" : 30132
    }, {
      "relativeRanking" : 0.75,
      "datum" : 30632
    }, {
      "relativeRanking" : 0.8,
      "datum" : 30709
    }, {
      "relativeRanking" : 0.85,
      "datum" : 33692
    }, {
      "relativeRanking" : 0.9,
      "datum" : 35601
    }, {
      "relativeRanking" : 0.95,
      "datum" : 39779
    } ],
    "numberValues" : 36
  }, {
    "maximum" : 9223372036854775807,
    "minimum" : -9223372036854775808,
    "rankings" : [ ],
    "numberValues" : 0
  }, {
    "maximum" : 9223372036854775807,
    "minimum" : -9223372036854775808,
    "rankings" : [ ],
    "numberValues" : 0
  } ],
  "failedMapAttemptCDFs" : [ {
    "maximum" : 9223372036854775807,
    "minimum" : -9223372036854775808,
    "rankings" : [ ],
    "numberValues" : 0
  }, {
    "maximum" : 9223372036854775807,
    "minimum" : -9223372036854775808,
    "rankings" : [ ],
    "numberValues" : 0
  }, {
    "maximum" : 9223372036854775807,
    "minimum" : -9223372036854775808,
    "rankings" : [ ],
    "numberValues" : 0
  }, {
    "maximum" : 9223372036854775807,
    "minimum" : -9223372036854775808,
    "rankings" : [ ],
    "numberValues" : 0
  } ],
  "successfulReduceAttemptCDF" : {
    "maximum" : 215638,
    "minimum" : 64010,
    "rankings" : [ {
      "relativeRanking" : 0.05,
      "datum" : 64010
    }, {
      "relativeRanking" : 0.1,
      "datum" : 64010
    }, {
      "relativeRanking" : 0.15,
      "datum" : 64010
    }, {
      "relativeRanking" : 0.2,
      "datum" : 64010
    }, {
      "relativeRanking" : 0.25,
      "datum" : 64010
    }, {
      "relativeRanking" : 0.3,
      "datum" : 198800
    }, {
      "relativeRanking" : 0.35,
      "datum" : 198800
    }, {
      "relativeRanking" : 0.4,
      "datum" : 198800
    }, {
      "relativeRanking" : 0.45,
      "datum" : 199006
    }, {
      "relativeRanking" : 0.5,
      "datum" : 199006
    }, {
      "relativeRanking" : 0.55,
      "datum" : 199006
    }, {
      "relativeRanking" : 0.6,
      "datum" : 200048
    }, {
      "relativeRanking" : 0.65,
      "datum" : 200048
    }, {
      "relativeRanking" : 0.7,
      "datum" : 200048
    }, {
      "relativeRanking" : 0.75,
      "datum" : 205060
    }, {
      "relativeRanking" : 0.8,
      "datum" : 205060
    }, {
      "relativeRanking" : 0.85,
      "datum" : 205060
    }, {
      "relativeRanking" : 0.9,
      "datum" : 213625
    }, {
      "relativeRanking" : 0.95,
      "datum" : 213625
    } ],
    "numberValues" : 7
  },
  "failedReduceAttemptCDF" : {
    "maximum" : 9223372036854775807,
    "minimum" : -9223372036854775808,
    "rankings" : [ ],
    "numberValues" : 0
  },
  "priority" : "NORMAL"
}