{
  "priority" : "NORMAL",
  "jobID" : "job_201407031547_1932",
  "user" : "itri-hadoop",
  "jobName" : "TeraSort",
  "launchTime" : 1405382008159,
  "totalMaps" : 20,
  "totalReduces" : 8,
  "otherTasks" : [ {
    "startTime" : 1405382008259,
    "attempts" : [ {
      "result" : "SUCCESS",
      "location" : {
        "layers" : [ "default-rack", "Slave12" ]
      },
      "hostName" : "/default-rack/Slave12",
      "startTime" : 1405381999545,
      "finishTime" : 1405382000184,
      "attemptID" : "attempt_201407031547_1932_m_000021_0",
      "shuffleFinished" : -1,
      "sortFinished" : -1,
      "hdfsBytesRead" : -1,
      "hdfsBytesWritten" : -1,
      "fileBytesRead" : -1,
      "fileBytesWritten" : 60245,
      "mapInputRecords" : -1,
      "mapOutputBytes" : -1,
      "mapOutputRecords" : -1,
      "combineInputRecords" : -1,
      "reduceInputGroups" : -1,
      "reduceInputRecords" : -1,
      "reduceShuffleBytes" : -1,
      "reduceOutputRecords" : -1,
      "spilledRecords" : 0,
      "mapInputBytes" : -1,
      "resourceUsageMetrics" : {
        "cumulativeCpuUsage" : 40,
        "virtualMemoryUsage" : 610508800,
        "physicalMemoryUsage" : 61259776,
        "heapUsage" : 64487424
      }
    } ],
    "finishTime" : 1405382009167,
    "preferredLocations" : [ ],
    "taskType" : "SETUP",
    "taskStatus" : "SUCCESS",
    "taskID" : "task_201407031547_1932_m_000021",
    "inputBytes" : -1,
    "inputRecords" : -1,
    "outputBytes" : -1,
    "outputRecords" : -1
  }, {
    "startTime" : 1405382096445,
    "attempts" : [ {
      "result" : "SUCCESS",
      "location" : {
        "layers" : [ "default-rack", "Slave13" ]
      },
      "hostName" : "/default-rack/Slave13",
      "startTime" : 1405382092333,
      "finishTime" : 1405382092568,
      "attemptID" : "attempt_201407031547_1932_m_000020_0",
      "shuffleFinished" : -1,
      "sortFinished" : -1,
      "hdfsBytesRead" : -1,
      "hdfsBytesWritten" : -1,
      "fileBytesRead" : -1,
      "fileBytesWritten" : 60245,
      "mapInputRecords" : -1,
      "mapOutputBytes" : -1,
      "mapOutputRecords" : -1,
      "combineInputRecords" : -1,
      "reduceInputGroups" : -1,
      "reduceInputRecords" : -1,
      "reduceShuffleBytes" : -1,
      "reduceOutputRecords" : -1,
      "spilledRecords" : 0,
      "mapInputBytes" : -1,
      "resourceUsageMetrics" : {
        "cumulativeCpuUsage" : 20,
        "virtualMemoryUsage" : 616607744,
        "physicalMemoryUsage" : 294002688,
        "heapUsage" : 284164096
      }
    } ],
    "finishTime" : 1405382096748,
    "preferredLocations" : [ ],
    "taskType" : "CLEANUP",
    "taskStatus" : "SUCCESS",
    "taskID" : "task_201407031547_1932_m_000020",
    "inputBytes" : -1,
    "inputRecords" : -1,
    "outputBytes" : -1,
    "outputRecords" : -1
  } ],
  "queue" : "default",
  "jobProperties" : {
    "fs.s3n.impl" : "org.apache.hadoop.fs.s3native.NativeS3FileSystem",
    "mapred.task.cache.levels" : "2",
    "mapreduce.job.restart.recover" : "true",
    "mapreduce.job.counters.max" : "120",
    "dfs.client.use.datanode.hostname" : "false",
    "hadoop.tmp.dir" : "/tmp/hadoop-${user.name}",
    "hadoop.native.lib" : "true",
    "map.sort.class" : "org.apache.hadoop.util.QuickSort",
    "dfs.namenode.decommission.nodes.per.interval" : "5",
    "dfs.https.need.client.auth" : "false",
    "dfs.datanode.drop.cache.behind.writes" : "false",
    "ipc.client.idlethreshold" : "4000",
    "mapred.system.dir" : "${hadoop.tmp.dir}/mapred/system",
    "dfs.datanode.data.dir.perm" : "755",
    "mapred.job.tracker.persist.jobstatus.hours" : "0",
    "dfs.namenode.logging.level" : "info",
    "dfs.datanode.address" : "0.0.0.0:50010",
    "io.skip.checksum.errors" : "false",
    "dfs.block.access.token.enable" : "false",
    "fs.default.name" : "hdfs://Master1:9000",
    "mapred.cluster.reduce.memory.mb" : "-1",
    "mapred.child.tmp" : "./tmp",
    "fs.har.impl.disable.cache" : "true",
    "dfs.safemode.threshold.pct" : "0.999f",
    "mapred.skip.reduce.max.skip.groups" : "0",
    "mapred.heartbeats.in.second" : "100",
    "dfs.namenode.handler.count" : "10",
    "dfs.blockreport.initialDelay" : "0",
    "mapred.tasktracker.dns.nameserver" : "default",
    "io.sort.factor" : "10",
    "dfs.datanode.drop.cache.behind.reads" : "false",
    "mapred.task.timeout" : "600000",
    "mapred.max.tracker.failures" : "4",
    "hadoop.rpc.socket.factory.class.default" : "org.apache.hadoop.net.StandardSocketFactory",
    "mapred.job.tracker.jobhistory.lru.cache.size" : "5",
    "fs.hdfs.impl" : "org.apache.hadoop.hdfs.DistributedFileSystem",
    "mapred.queue.default.acl-administer-jobs" : "*",
    "dfs.namenode.stale.datanode.interval" : "30000",
    "mapred.output.key.class" : "org.apache.hadoop.io.Text",
    "dfs.block.access.key.update.interval" : "600",
    "mapred.skip.map.auto.incr.proc.count" : "true",
    "mapreduce.job.complete.cancel.delegation.tokens" : "true",
    "io.mapfile.bloom.size" : "1048576",
    "mapreduce.reduce.shuffle.connect.timeout" : "180000",
    "dfs.safemode.extension" : "30000",
    "mapred.jobtracker.blacklist.fault-timeout-window" : "180",
    "dfs.namenode.write.stale.datanode.ratio" : "0.5f",
    "hadoop.skip.worker.version.check" : "false",
    "tasktracker.http.threads" : "40",
    "net.topology.impl" : "org.apache.hadoop.net.NetworkTopology",
    "mapred.job.shuffle.merge.percent" : "0.7",
    "fs.ftp.impl" : "org.apache.hadoop.fs.ftp.FTPFileSystem",
    "user.name" : "itri-hadoop",
    "dfs.namenode.kerberos.internal.spnego.principal" : "${dfs.web.authentication.kerberos.principal}",
    "mapred.output.compress" : "true",
    "io.bytes.per.checksum" : "512",
    "mapred.combine.recordsBeforeProgress" : "10000",
    "mapred.healthChecker.script.timeout" : "600000",
    "mapred.cache.files.filesizes" : "318",
    "topology.node.switch.mapping.impl" : "org.apache.hadoop.net.ScriptBasedMapping",
    "dfs.https.server.keystore.resource" : "ssl-server.xml",
    "mapred.reduce.slowstart.completed.maps" : "0.05",
    "mapred.reduce.max.attempts" : "4",
    "dfs.namenode.safemode.min.datanodes" : "0",
    "mapreduce.ifile.readahead.bytes" : "4194304",
    "fs.ramfs.impl" : "org.apache.hadoop.fs.InMemoryFileSystem",
    "dfs.block.access.token.lifetime" : "600",
    "mapred.skip.map.max.skip.records" : "0",
    "dfs.name.edits.dir" : "${dfs.name.dir}",
    "mapred.cluster.map.memory.mb" : "-1",
    "hadoop.security.group.mapping" : "org.apache.hadoop.security.ShellBasedUnixGroupsMapping",
    "mapred.job.tracker.persist.jobstatus.dir" : "/jobtracker/jobsInfo",
    "mapred.jar" : "hdfs://Master1:9000/tmp/hadoop-itri-hadoop/mapred/staging/itri-hadoop/.staging/job_201407031547_1932/job.jar",
    "fs.s3.buffer.dir" : "${hadoop.tmp.dir}/s3",
    "dfs.block.size" : "67108864",
    "job.end.retry.attempts" : "0",
    "fs.file.impl" : "org.apache.hadoop.fs.LocalFileSystem",
    "dfs.namenode.avoid.write.stale.datanode" : "false",
    "dfs.datanode.max.xcievers" : "4096",
    "mapred.local.dir.minspacestart" : "0",
    "mapred.output.compression.type" : "RECORD",
    "dfs.datanode.ipc.address" : "0.0.0.0:50020",
    "dfs.permissions" : "true",
    "topology.script.number.args" : "100",
    "mapreduce.job.counters.groups.max" : "50",
    "io.mapfile.bloom.error.rate" : "0.005",
    "mapred.cluster.max.reduce.memory.mb" : "-1",
    "mapred.max.tracker.blacklists" : "4",
    "mapred.task.profile.maps" : "0-2",
    "mapred.jobtracker.jobSchedulable" : "org.apache.hadoop.mapred.JobSchedulable",
    "dfs.datanode.https.address" : "0.0.0.0:50475",
    "mapred.userlog.retain.hours" : "24",
    "dfs.secondary.http.address" : "0.0.0.0:50090",
    "dfs.namenode.replication.work.multiplier.per.iteration" : "2",
    "dfs.replication.max" : "512",
    "mapred.job.tracker.persist.jobstatus.active" : "false",
    "hadoop.security.authorization" : "false",
    "local.cache.size" : "10737418240",
    "mapred.min.split.size" : "268435456",
    "dfs.namenode.delegation.token.renew-interval" : "86400000",
    "mapred.map.tasks" : "20",
    "mapred.child.java.opts" : "-Xmx200m",
    "mapred.partitioner.class" : "org.apache.hadoop.examples.terasort.TeraSort$TotalOrderPartitioner",
    "mapred.output.value.class" : "org.apache.hadoop.io.Text",
    "dfs.https.client.keystore.resource" : "ssl-client.xml",
    "ipc.client.fallback-to-simple-auth-allowed" : "false",
    "mapred.job.queue.name" : "default",
    "mapred.job.tracker.retiredjobs.cache.size" : "1000",
    "dfs.https.address" : "0.0.0.0:50470",
    "dfs.balance.bandwidthPerSec" : "1048576",
    "ipc.server.listen.queue.size" : "128",
    "dfs.namenode.invalidate.work.pct.per.iteration" : "0.32f",
    "mapred.inmem.merge.threshold" : "900",
    "job.end.retry.interval" : "30000",
    "mapred.skip.attempts.to.start.skipping" : "2",
    "mapreduce.tasktracker.outofband.heartbeat.damper" : "1000000",
    "hadoop.security.use-weak-http-crypto" : "false",
    "fs.checkpoint.dir" : "${hadoop.tmp.dir}/dfs/namesecondary",
    "dfs.namenode.avoid.read.stale.datanode" : "false",
    "mapred.reduce.tasks" : "8",
    "mapred.merge.recordsBeforeProgress" : "10000",
    "mapred.userlog.limit.kb" : "0",
    "mapred.job.reduce.memory.mb" : "-1",
    "webinterface.private.actions" : "false",
    "dfs.max.objects" : "0",
    "hadoop.security.token.service.use_ip" : "true",
    "io.sort.spill.percent" : "0.7",
    "mapred.job.shuffle.input.buffer.percent" : "0.5",
    "mapred.map.tasks.speculative.execution" : "true",
    "hadoop.http.authentication.type" : "simple",
    "mapred.job.name" : "TeraSort",
    "hadoop.util.hash.type" : "murmur",
    "dfs.datanode.dns.nameserver" : "default",
    "hadoop.security.instrumentation.requires.admin" : "false",
    "dfs.blockreport.intervalMsec" : "3600000",
    "dfs.datanode.readahead.bytes" : "4193404",
    "mapred.map.max.attempts" : "4",
    "mapreduce.job.acl-view-job" : " ",
    "mapreduce.ifile.readahead" : "true",
    "mapred.jobtracker.nodegroup.aware" : "false",
    "mapred.job.tracker.handler.count" : "10",
    "dfs.client.block.write.retries" : "3",
    "mapred.input.format.class" : "org.apache.hadoop.examples.terasort.TeraInputFormat",
    "mapreduce.reduce.shuffle.read.timeout" : "180000",
    "mapred.tasktracker.expiry.interval" : "600000",
    "dfs.secondary.namenode.kerberos.internal.spnego.principal" : "${dfs.web.authentication.kerberos.principal}",
    "dfs.https.enable" : "false",
    "mapred.jobtracker.job.history.block.size" : "3145728",
    "mapred.jobtracker.maxtasks.per.job" : "-1",
    "keep.failed.task.files" : "false",
    "dfs.datanode.use.datanode.hostname" : "false",
    "mapred.output.format.class" : "org.apache.hadoop.examples.terasort.TeraOutputFormat",
    "dfs.datanode.failed.volumes.tolerated" : "0",
    "ipc.client.tcpnodelay" : "false",
    "mapred.task.profile.reduces" : "0-2",
    "io.map.index.skip" : "0",
    "mapred.output.compression.codec" : "org.apache.hadoop.io.compress.DefaultCodec",
    "hadoop.http.authentication.token.validity" : "36000",
    "ipc.server.tcpnodelay" : "false",
    "hadoop.jetty.logs.serve.aliases" : "true",
    "mapred.working.dir" : "hdfs://Master1:9000/user/itri-hadoop",
    "mapred.jobtracker.blacklist.fault-bucket-width" : "15",
    "dfs.namenode.delegation.key.update-interval" : "86400000",
    "mapred.used.genericoptionsparser" : "true",
    "mapred.job.map.memory.mb" : "-1",
    "dfs.default.chunk.view.size" : "32768",
    "hadoop.logfile.size" : "10000000",
    "mapred.cache.files.timestamps" : "1405382007226",
    "mapred.reduce.tasks.speculative.execution" : "true",
    "mapreduce.tasktracker.outofband.heartbeat" : "false",
    "mapreduce.job.dir" : "hdfs://Master1:9000/tmp/hadoop-itri-hadoop/mapred/staging/itri-hadoop/.staging/job_201407031547_1932",
    "mapreduce.reduce.input.limit" : "-1",
    "dfs.datanode.du.reserved" : "0",
    "dfs.datanode.sync.behind.writes" : "false",
    "hadoop.security.authentication" : "simple",
    "fs.checkpoint.period" : "3600",
    "mapred.job.reuse.jvm.num.tasks" : "16",
    "dfs.web.ugi" : "webuser,webgroup",
    "mapred.jobtracker.completeuserjobs.maximum" : "100",
    "dfs.df.interval" : "60000",
    "mapred.task.tracker.task-controller" : "org.apache.hadoop.mapred.DefaultTaskController",
    "dfs.data.dir" : "${hadoop.tmp.dir}/dfs/data",
    "fs.s3.maxRetries" : "4",
    "dfs.datanode.dns.interface" : "default",
    "mapred.cluster.max.map.memory.mb" : "-1",
    "mapreduce.reduce.shuffle.maxfetchfailures" : "10",
    "mapred.map.child.java.opts" : "-Xmx400M",
    "mapreduce.job.acl-modify-job" : " ",
    "fs.hftp.impl" : "org.apache.hadoop.hdfs.HftpFileSystem",
    "mapred.local.dir" : "${hadoop.tmp.dir}/mapred/local",
    "dfs.permissions.supergroup" : "supergroup",
    "fs.s3.sleepTimeSeconds" : "10",
    "fs.trash.interval" : "0",
    "mapred.submit.replication" : "10",
    "dfs.replication.min" : "1",
    "fs.har.impl" : "org.apache.hadoop.fs.HarFileSystem",
    "hadoop.relaxed.worker.version.check" : "false",
    "mapred.map.output.compression.codec" : "org.apache.hadoop.io.compress.DefaultCodec",
    "mapreduce.job.cache.files.visibilities" : "true",
    "mapred.tasktracker.dns.interface" : "default",
    "dfs.http.address" : "0.0.0.0:50070",
    "dfs.namenode.decommission.interval" : "30",
    "mapred.cache.files" : "hdfs://Master1:9000/tera-in5G/_partition.lst#_partition.lst",
    "mapred.job.tracker" : "Master1:9001",
    "dfs.heartbeat.interval" : "3",
    "hadoop.http.authentication.signature.secret.file" : "${user.home}/hadoop-http-auth-signature-secret",
    "io.seqfile.sorter.recordlimit" : "1000000",
    "mapreduce.job.submithost" : "Master1",
    "dfs.name.dir" : "${hadoop.tmp.dir}/dfs/name",
    "mapred.jobtracker.taskScheduler" : "org.apache.hadoop.mapred.JobQueueTaskScheduler",
    "mapred.line.input.format.linespermap" : "1",
    "mapred.create.symlink" : "yes",
    "dfs.datanode.http.address" : "0.0.0.0:50075",
    "fs.webhdfs.impl" : "org.apache.hadoop.hdfs.web.WebHdfsFileSystem",
    "mapred.local.dir.minspacekill" : "0",
    "dfs.image.transfer.bandwidthPerSec" : "0",
    "dfs.replication.interval" : "3",
    "io.sort.record.percent" : "0.09",
    "hadoop.http.authentication.kerberos.principal" : "HTTP/localhost@LOCALHOST",
    "fs.kfs.impl" : "org.apache.hadoop.fs.kfs.KosmosFileSystem",
    "mapred.tasktracker.reduce.tasks.maximum" : "2",
    "mapred.temp.dir" : "${hadoop.tmp.dir}/mapred/temp",
    "dfs.replication" : "1",
    "fs.checkpoint.edits.dir" : "${fs.checkpoint.dir}",
    "mapreduce.jobhistory.max-age-ms" : "2592000000",
    "mapred.tasktracker.tasks.sleeptime-before-sigkill" : "5000",
    "mapred.job.reduce.input.buffer.percent" : "0.9",
    "mapred.tasktracker.indexcache.mb" : "10",
    "dfs.webhdfs.enabled" : "false",
    "mapreduce.job.split.metainfo.maxsize" : "10000000",
    "hadoop.logfile.count" : "10",
    "mapred.skip.reduce.auto.incr.proc.count" : "true",
    "mapreduce.job.submithostaddress" : "192.168.1.100",
    "terasort.final.sync" : "true",
    "io.seqfile.compress.blocksize" : "1000000",
    "fs.s3.block.size" : "67108864",
    "mapred.tasktracker.taskmemorymanager.monitoring-interval" : "5000",
    "hadoop.http.authentication.simple.anonymous.allowed" : "true",
    "mapreduce.jobtracker.staging.root.dir" : "${hadoop.tmp.dir}/mapred/staging",
    "mapred.acls.enabled" : "false",
    "mapred.queue.default.state" : "RUNNING",
    "mapred.queue.names" : "default",
    "fs.hsftp.impl" : "org.apache.hadoop.hdfs.HsftpFileSystem",
    "dfs.access.time.precision" : "3600000",
    "mapred.task.tracker.http.address" : "0.0.0.0:50060",
    "io.seqfile.lazydecompress" : "true",
    "mapred.reduce.parallel.copies" : "5",
    "mapred.disk.healthChecker.interval" : "60000",
    "mapred.output.dir" : "hdfs://Master1:9000/tera-out",
    "ipc.client.connection.maxidletime" : "10000",
    "io.sort.mb" : "200",
    "mapred.reduce.child.java.opts" : "-Xmx200M",
    "mapred.task.tracker.report.address" : "127.0.0.1:0",
    "hadoop.security.uid.cache.secs" : "14400",
    "mapred.compress.map.output" : "false",
    "ipc.client.kill.max" : "10",
    "mapred.healthChecker.interval" : "60000",
    "ipc.client.connect.max.retries" : "10",
    "fs.s3.impl" : "org.apache.hadoop.fs.s3.S3FileSystem",
    "mapred.user.jobconf.limit" : "5242880",
    "mapreduce.job.counters.group.name.max" : "128",
    "mapred.job.tracker.http.address" : "0.0.0.0:50030",
    "mapred.input.dir" : "hdfs://Master1:9000/tera-in5G",
    "io.file.buffer.size" : "4096",
    "mapred.jobtracker.restart.recover" : "false",
    "io.serializations" : "org.apache.hadoop.io.serializer.WritableSerialization",
    "mapred.task.profile" : "false",
    "dfs.datanode.handler.count" : "3",
    "mapreduce.input.num.files" : "2",
    "mapreduce.jobhistory.cleaner.interval-ms" : "86400000",
    "dfs.replication.considerLoad" : "true",
    "jobclient.output.filter" : "FAILED",
    "dfs.namenode.edits.toleration.length" : "0",
    "hadoop.http.authentication.kerberos.keytab" : "${user.home}/hadoop.keytab",
    "dfs.namenode.delegation.token.max-lifetime" : "604800000",
    "mapred.tasktracker.map.tasks.maximum" : "4",
    "fs.checkpoint.size" : "67108864",
    "io.compression.codecs" : "org.apache.hadoop.io.compress.DefaultCodec,org.apache.hadoop.io.compress.GzipCodec,org.apache.hadoop.io.compress.BZip2Codec,org.apache.hadoop.io.compress.SnappyCodec",
    "mapreduce.job.counters.counter.name.max" : "64"
  },
  "computonsPerMapInputByte" : -1,
  "computonsPerMapOutputByte" : -1,
  "computonsPerReduceInputByte" : -1,
  "computonsPerReduceOutputByte" : -1,
  "heapMegabytes" : 200,
  "outcome" : "SUCCESS",
  "jobtype" : "JAVA",
  "mapTasks" : [ {
    "startTime" : 1405382009170,
    "attempts" : [ {
      "result" : "SUCCESS",
      "location" : {
        "layers" : [ "default-rack", "Slave12" ]
      },
      "hostName" : "/default-rack/Slave12",
      "startTime" : 1405382000338,
      "finishTime" : 1405382005705,
      "attemptID" : "attempt_201407031547_1932_m_000018_0",
      "shuffleFinished" : -1,
      "sortFinished" : -1,
      "hdfsBytesRead" : 84080989,
      "hdfsBytesWritten" : -1,
      "fileBytesRead" : 85787208,
      "fileBytesWritten" : 171585421,
      "mapInputRecords" : 840808,
      "mapOutputBytes" : 84080800,
      "mapOutputRecords" : 840808,
      "combineInputRecords" : 0,
      "reduceInputGroups" : -1,
      "reduceInputRecords" : -1,
      "reduceShuffleBytes" : -1,
      "reduceOutputRecords" : -1,
      "spilledRecords" : 1681616,
      "mapInputBytes" : 84080800,
      "resourceUsageMetrics" : {
        "cumulativeCpuUsage" : 3430,
        "virtualMemoryUsage" : 614240256,
        "physicalMemoryUsage" : 156872704,
        "heapUsage" : 255590400
      }
    } ],
    "finishTime" : 1405382014867,
    "preferredLocations" : [ {
      "layers" : [ "default-rack", "Master1" ]
    }, {
      "layers" : [ "default-rack", "Slave12" ]
    }, {
      "layers" : [ "default-rack", "Slave11" ]
    } ],
    "taskType" : "MAP",
    "taskStatus" : "SUCCESS",
    "taskID" : "task_201407031547_1932_m_000018",
    "inputBytes" : 84080989,
    "inputRecords" : 840808,
    "outputBytes" : 171585421,
    "outputRecords" : 840808
  }, {
    "startTime" : 1405382009197,
    "attempts" : [ {
      "result" : "SUCCESS",
      "location" : {
        "layers" : [ "default-rack", "Slave12" ]
      },
      "hostName" : "/default-rack/Slave12",
      "startTime" : 1405382000338,
      "finishTime" : 1405382006663,
      "attemptID" : "attempt_201407031547_1932_m_000019_0",
      "shuffleFinished" : -1,
      "sortFinished" : -1,
      "hdfsBytesRead" : 84080989,
      "hdfsBytesWritten" : -1,
      "fileBytesRead" : 85805374,
      "fileBytesWritten" : 171585421,
      "mapInputRecords" : 840808,
      "mapOutputBytes" : 84080800,
      "mapOutputRecords" : 840808,
      "combineInputRecords" : 0,
      "reduceInputGroups" : -1,
      "reduceInputRecords" : -1,
      "reduceShuffleBytes" : -1,
      "reduceOutputRecords" : -1,
      "spilledRecords" : 1681616,
      "mapInputBytes" : 84080800,
      "resourceUsageMetrics" : {
        "cumulativeCpuUsage" : 3600,
        "virtualMemoryUsage" : 615071744,
        "physicalMemoryUsage" : 173621248,
        "heapUsage" : 135266304
      }
    } ],
    "finishTime" : 1405382015800,
    "preferredLocations" : [ {
      "layers" : [ "default-rack", "Slave13" ]
    }, {
      "layers" : [ "default-rack", "Slave11" ]
    }, {
      "layers" : [ "default-rack", "Slave12" ]
    } ],
    "taskType" : "MAP",
    "taskStatus" : "SUCCESS",
    "taskID" : "task_201407031547_1932_m_000019",
    "inputBytes" : 84080989,
    "inputRecords" : 840808,
    "outputBytes" : 171585421,
    "outputRecords" : 840808
  }, {
    "startTime" : 1405382009208,
    "attempts" : [ {
      "result" : "SUCCESS",
      "location" : {
        "layers" : [ "default-rack", "Master1" ]
      },
      "hostName" : "/default-rack/Master1",
      "startTime" : 1405382009350,
      "finishTime" : 1405382028856,
      "attemptID" : "attempt_201407031547_1932_m_000000_0",
      "shuffleFinished" : -1,
      "sortFinished" : -1,
      "hdfsBytesRead" : 268439645,
      "hdfsBytesWritten" : -1,
      "fileBytesRead" : 273855388,
      "fileBytesWritten" : 547669104,
      "mapInputRecords" : 2684355,
      "mapOutputBytes" : 268435500,
      "mapOutputRecords" : 2684355,
      "combineInputRecords" : 0,
      "reduceInputGroups" : -1,
      "reduceInputRecords" : -1,
      "reduceShuffleBytes" : -1,
      "reduceOutputRecords" : -1,
      "spilledRecords" : 5368710,
      "mapInputBytes" : 268435500,
      "resourceUsageMetrics" : {
        "cumulativeCpuUsage" : 9770,
        "virtualMemoryUsage" : 613904384,
        "physicalMemoryUsage" : 221270016,
        "heapUsage" : 316669952
      }
    } ],
    "finishTime" : 1405382029055,
    "preferredLocations" : [ {
      "layers" : [ "default-rack", "192\\.168\\.1\\.102" ]
    }, {
      "layers" : [ "default-rack", "192\\.168\\.1\\.100" ]
    }, {
      "layers" : [ "default-rack", "192\\.168\\.1\\.103" ]
    } ],
    "taskType" : "MAP",
    "taskStatus" : "SUCCESS",
    "taskID" : "task_201407031547_1932_m_000000",
    "inputBytes" : 268439645,
    "inputRecords" : 2684355,
    "outputBytes" : 547669104,
    "outputRecords" : 2684355
  }, {
    "startTime" : 1405382009209,
    "attempts" : [ {
      "result" : "SUCCESS",
      "location" : {
        "layers" : [ "default-rack", "Master1" ]
      },
      "hostName" : "/default-rack/Master1",
      "startTime" : 1405382009350,
      "finishTime" : 1405382027499,
      "attemptID" : "attempt_201407031547_1932_m_000001_0",
      "shuffleFinished" : -1,
      "sortFinished" : -1,
      "hdfsBytesRead" : 268439645,
      "hdfsBytesWritten" : -1,
      "fileBytesRead" : 273856054,
      "fileBytesWritten" : 547669104,
      "mapInputRecords" : 2684355,
      "mapOutputBytes" : 268435500,
      "mapOutputRecords" : 2684355,
      "combineInputRecords" : 0,
      "reduceInputGroups" : -1,
      "reduceInputRecords" : -1,
      "reduceShuffleBytes" : -1,
      "reduceOutputRecords" : -1,
      "spilledRecords" : 5368710,
      "mapInputBytes" : 268435500,
      "resourceUsageMetrics" : {
        "cumulativeCpuUsage" : 9700,
        "virtualMemoryUsage" : 613359616,
        "physicalMemoryUsage" : 301707264,
        "heapUsage" : 316669952
      }
    } ],
    "finishTime" : 1405382027738,
    "preferredLocations" : [ {
      "layers" : [ "default-rack", "192\\.168\\.1\\.102" ]
    }, {
      "layers" : [ "default-rack", "192\\.168\\.1\\.100" ]
    }, {
      "layers" : [ "default-rack", "192\\.168\\.1\\.103" ]
    } ],
    "taskType" : "MAP",
    "taskStatus" : "SUCCESS",
    "taskID" : "task_201407031547_1932_m_000001",
    "inputBytes" : 268439645,
    "inputRecords" : 2684355,
    "outputBytes" : 547669104,
    "outputRecords" : 2684355
  }, {
    "startTime" : 1405382009210,
    "attempts" : [ {
      "result" : "SUCCESS",
      "location" : {
        "layers" : [ "default-rack", "Slave13" ]
      },
      "hostName" : "/default-rack/Slave13",
      "startTime" : 1405382005237,
      "finishTime" : 1405382048979,
      "attemptID" : "attempt_201407031547_1932_m_000002_0",
      "shuffleFinished" : -1,
      "sortFinished" : -1,
      "hdfsBytesRead" : 268439645,
      "hdfsBytesWritten" : -1,
      "fileBytesRead" : 273874976,
      "fileBytesWritten" : 547668900,
      "mapInputRecords" : 2684354,
      "mapOutputBytes" : 268435400,
      "mapOutputRecords" : 2684354,
      "combineInputRecords" : 0,
      "reduceInputGroups" : -1,
      "reduceInputRecords" : -1,
      "reduceShuffleBytes" : -1,
      "reduceOutputRecords" : -1,
      "spilledRecords" : 5368708,
      "mapInputBytes" : 268435400,
      "resourceUsageMetrics" : {
        "cumulativeCpuUsage" : 10390,
        "virtualMemoryUsage" : 613691392,
        "physicalMemoryUsage" : 233984000,
        "heapUsage" : 178782208
      }
    } ],
    "finishTime" : 1405382053394,
    "preferredLocations" : [ {
      "layers" : [ "default-rack", "192\\.168\\.1\\.100" ]
    }, {
      "layers" : [ "default-rack", "192\\.168\\.1\\.101" ]
    }, {
      "layers" : [ "default-rack", "192\\.168\\.1\\.102" ]
    } ],
    "taskType" : "MAP",
    "taskStatus" : "SUCCESS",
    "taskID" : "task_201407031547_1932_m_000002",
    "inputBytes" : 268439645,
    "inputRecords" : 2684354,
    "outputBytes" : 547668900,
    "outputRecords" : 2684354
  }, {
    "startTime" : 1405382009210,
    "attempts" : [ {
      "result" : "SUCCESS",
      "location" : {
        "layers" : [ "default-rack", "Slave13" ]
      },
      "hostName" : "/default-rack/Slave13",
      "startTime" : 1405382005246,
      "finishTime" : 1405382027234,
      "attemptID" : "attempt_201407031547_1932_m_000003_0",
      "shuffleFinished" : -1,
      "sortFinished" : -1,
      "hdfsBytesRead" : 268439645,
      "hdfsBytesWritten" : -1,
      "fileBytesRead" : 273866196,
      "fileBytesWritten" : 547669104,
      "mapInputRecords" : 2684355,
      "mapOutputBytes" : 268435500,
      "mapOutputRecords" : 2684355,
      "combineInputRecords" : 0,
      "reduceInputGroups" : -1,
      "reduceInputRecords" : -1,
      "reduceShuffleBytes" : -1,
      "reduceOutputRecords" : -1,
      "spilledRecords" : 5368710,
      "mapInputBytes" : 268435500,
      "resourceUsageMetrics" : {
        "cumulativeCpuUsage" : 9840,
        "virtualMemoryUsage" : 615612416,
        "physicalMemoryUsage" : 232767488,
        "heapUsage" : 299368448
      }
    } ],
    "finishTime" : 1405382031564,
    "preferredLocations" : [ {
      "layers" : [ "default-rack", "192\\.168\\.1\\.102" ]
    }, {
      "layers" : [ "default-rack", "192\\.168\\.1\\.100" ]
    }, {
      "layers" : [ "default-rack", "192\\.168\\.1\\.101" ]
    } ],
    "taskType" : "MAP",
    "taskStatus" : "SUCCESS",
    "taskID" : "task_201407031547_1932_m_000003",
    "inputBytes" : 268439645,
    "inputRecords" : 2684355,
    "outputBytes" : 547669104,
    "outputRecords" : 2684355
  }, {
    "startTime" : 1405382009290,
    "attempts" : [ {
      "result" : "SUCCESS",
      "location" : {
        "layers" : [ "default-rack", "Slave11" ]
      },
      "hostName" : "/default-rack/Slave11",
      "startTime" : 1405382018577,
      "finishTime" : 1405382036985,
      "attemptID" : "attempt_201407031547_1932_m_000004_0",
      "shuffleFinished" : -1,
      "sortFinished" : -1,
      "hdfsBytesRead" : 268439645,
      "hdfsBytesWritten" : -1,
      "fileBytesRead" : 273869374,
      "fileBytesWritten" : 547668901,
      "mapInputRecords" : 2684354,
      "mapOutputBytes" : 268435400,
      "mapOutputRecords" : 2684354,
      "combineInputRecords" : 0,
      "reduceInputGroups" : -1,
      "reduceInputRecords" : -1,
      "reduceShuffleBytes" : -1,
      "reduceOutputRecords" : -1,
      "spilledRecords" : 5368708,
      "mapInputBytes" : 268435400,
      "resourceUsageMetrics" : {
        "cumulativeCpuUsage" : 9740,
        "virtualMemoryUsage" : 614408192,
        "physicalMemoryUsage" : 209199104,
        "heapUsage" : 155975680
      }
    } ],
    "finishTime" : 1405382028047,
    "preferredLocations" : [ {
      "layers" : [ "default-rack", "192\\.168\\.1\\.101" ]
    }, {
      "layers" : [ "default-rack", "192\\.168\\.1\\.100" ]
    }, {
      "layers" : [ "default-rack", "192\\.168\\.1\\.103" ]
    } ],
    "taskType" : "MAP",
    "taskStatus" : "SUCCESS",
    "taskID" : "task_201407031547_1932_m_000004",
    "inputBytes" : 268439645,
    "inputRecords" : 2684354,
    "outputBytes" : 547668901,
    "outputRecords" : 2684354
  }, {
    "startTime" : 1405382009291,
    "attempts" : [ {
      "result" : "SUCCESS",
      "location" : {
        "layers" : [ "default-rack", "Slave11" ]
      },
      "hostName" : "/default-rack/Slave11",
      "startTime" : 1405382018577,
      "finishTime" : 1405382035777,
      "attemptID" : "attempt_201407031547_1932_m_000005_0",
      "shuffleFinished" : -1,
      "sortFinished" : -1,
      "hdfsBytesRead" : 268439645,
      "hdfsBytesWritten" : -1,
      "fileBytesRead" : 273865158,
      "fileBytesWritten" : 547669105,
      "mapInputRecords" : 2684355,
      "mapOutputBytes" : 268435500,
      "mapOutputRecords" : 2684355,
      "combineInputRecords" : 0,
      "reduceInputGroups" : -1,
      "reduceInputRecords" : -1,
      "reduceShuffleBytes" : -1,
      "reduceOutputRecords" : -1,
      "spilledRecords" : 5368710,
      "mapInputBytes" : 268435500,
      "resourceUsageMetrics" : {
        "cumulativeCpuUsage" : 9620,
        "virtualMemoryUsage" : 614801408,
        "physicalMemoryUsage" : 225816576,
        "heapUsage" : 172228608
      }
    } ],
    "finishTime" : 1405382027036,
    "preferredLocations" : [ {
      "layers" : [ "default-rack", "192\\.168\\.1\\.101" ]
    }, {
      "layers" : [ "default-rack", "192\\.168\\.1\\.100" ]
    }, {
      "layers" : [ "default-rack", "192\\.168\\.1\\.102" ]
    } ],
    "taskType" : "MAP",
    "taskStatus" : "SUCCESS",
    "taskID" : "task_201407031547_1932_m_000005",
    "inputBytes" : 268439645,
    "inputRecords" : 2684355,
    "outputBytes" : 547669105,
    "outputRecords" : 2684355
  }, {
    "startTime" : 1405382014868,
    "attempts" : [ {
      "result" : "SUCCESS",
      "location" : {
        "layers" : [ "default-rack", "Slave12" ]
      },
      "hostName" : "/default-rack/Slave12",
      "startTime" : 1405382006009,
      "finishTime" : 1405382017633,
      "attemptID" : "attempt_201407031547_1932_m_000006_0",
      "shuffleFinished" : -1,
      "sortFinished" : -1,
      "hdfsBytesRead" : 268439645,
      "hdfsBytesWritten" : -1,
      "fileBytesRead" : 273849168,
      "fileBytesWritten" : 547668900,
      "mapInputRecords" : 2684354,
      "mapOutputBytes" : 268435400,
      "mapOutputRecords" : 2684354,
      "combineInputRecords" : 0,
      "reduceInputGroups" : -1,
      "reduceInputRecords" : -1,
      "reduceShuffleBytes" : -1,
      "reduceOutputRecords" : -1,
      "spilledRecords" : 5368708,
      "mapInputBytes" : 268435400,
      "resourceUsageMetrics" : {
        "cumulativeCpuUsage" : 7270,
        "virtualMemoryUsage" : 617000960,
        "physicalMemoryUsage" : 220790784,
        "heapUsage" : 166723584
      }
    } ],
    "finishTime" : 1405382026823,
    "preferredLocations" : [ {
      "layers" : [ "default-rack", "192\\.168\\.1\\.100" ]
    }, {
      "layers" : [ "default-rack", "192\\.168\\.1\\.101" ]
    }, {
      "layers" : [ "default-rack", "192\\.168\\.1\\.102" ]
    } ],
    "taskType" : "MAP",
    "taskStatus" : "SUCCESS",
    "taskID" : "task_201407031547_1932_m_000006",
    "inputBytes" : 268439645,
    "inputRecords" : 2684354,
    "outputBytes" : 547668900,
    "outputRecords" : 2684354
  }, {
    "startTime" : 1405382015801,
    "attempts" : [ {
      "result" : "SUCCESS",
      "location" : {
        "layers" : [ "default-rack", "Slave12" ]
      },
      "hostName" : "/default-rack/Slave12",
      "startTime" : 1405382006941,
      "finishTime" : 1405382023110,
      "attemptID" : "attempt_201407031547_1932_m_000007_0",
      "shuffleFinished" : -1,
      "sortFinished" : -1,
      "hdfsBytesRead" : 268439645,
      "hdfsBytesWritten" : -1,
      "fileBytesRead" : 273849710,
      "fileBytesWritten" : 547669104,
      "mapInputRecords" : 2684355,
      "mapOutputBytes" : 268435500,
      "mapOutputRecords" : 2684355,
      "combineInputRecords" : 0,
      "reduceInputGroups" : -1,
      "reduceInputRecords" : -1,
      "reduceShuffleBytes" : -1,
      "reduceOutputRecords" : -1,
      "spilledRecords" : 5368710,
      "mapInputBytes" : 268435500,
      "resourceUsageMetrics" : {
        "cumulativeCpuUsage" : 7680,
        "virtualMemoryUsage" : 615735296,
        "physicalMemoryUsage" : 272216064,
        "heapUsage" : 228065280
      }
    } ],
    "finishTime" : 1405382032330,
    "preferredLocations" : [ {
      "layers" : [ "default-rack", "192\\.168\\.1\\.100" ]
    }, {
      "layers" : [ "default-rack", "192\\.168\\.1\\.102" ]
    }, {
      "layers" : [ "default-rack", "192\\.168\\.1\\.103" ]
    } ],
    "taskType" : "MAP",
    "taskStatus" : "SUCCESS",
    "taskID" : "task_201407031547_1932_m_000007",
    "inputBytes" : 268439645,
    "inputRecords" : 2684355,
    "outputBytes" : 547669104,
    "outputRecords" : 2684355
  }, {
    "startTime" : 1405382026823,
    "attempts" : [ {
      "result" : "SUCCESS",
      "location" : {
        "layers" : [ "default-rack", "Slave12" ]
      },
      "hostName" : "/default-rack/Slave12",
      "startTime" : 1405382018176,
      "finishTime" : 1405382037520,
      "attemptID" : "attempt_201407031547_1932_m_000008_0",
      "shuffleFinished" : -1,
      "sortFinished" : -1,
      "hdfsBytesRead" : 268439645,
      "hdfsBytesWritten" : -1,
      "fileBytesRead" : 273856976,
      "fileBytesWritten" : 547669104,
      "mapInputRecords" : 2684355,
      "mapOutputBytes" : 268435500,
      "mapOutputRecords" : 2684355,
      "combineInputRecords" : 0,
      "reduceInputGroups" : -1,
      "reduceInputRecords" : -1,
      "reduceShuffleBytes" : -1,
      "reduceOutputRecords" : -1,
      "spilledRecords" : 5368710,
      "mapInputBytes" : 268435500,
      "resourceUsageMetrics" : {
        "cumulativeCpuUsage" : 7550,
        "virtualMemoryUsage" : 617000960,
        "physicalMemoryUsage" : 308084736,
        "heapUsage" : 297533440
      }
    } ],
    "finishTime" : 1405382046383,
    "preferredLocations" : [ {
      "layers" : [ "default-rack", "192\\.168\\.1\\.100" ]
    }, {
      "layers" : [ "default-rack", "192\\.168\\.1\\.103" ]
    }, {
      "layers" : [ "default-rack", "192\\.168\\.1\\.102" ]
    } ],
    "taskType" : "MAP",
    "taskStatus" : "SUCCESS",
    "taskID" : "task_201407031547_1932_m_000008",
    "inputBytes" : 268439645,
    "inputRecords" : 2684355,
    "outputBytes" : 547669104,
    "outputRecords" : 2684355
  }, {
    "startTime" : 1405382027036,
    "attempts" : [ {
      "result" : "SUCCESS",
      "location" : {
        "layers" : [ "default-rack", "Slave11" ]
      },
      "hostName" : "/default-rack/Slave11",
      "startTime" : 1405382036110,
      "finishTime" : 1405382072492,
      "attemptID" : "attempt_201407031547_1932_m_000009_0",
      "shuffleFinished" : -1,
      "sortFinished" : -1,
      "hdfsBytesRead" : 268439645,
      "hdfsBytesWritten" : -1,
      "fileBytesRead" : 273859486,
      "fileBytesWritten" : 547669105,
      "mapInputRecords" : 2684355,
      "mapOutputBytes" : 268435500,
      "mapOutputRecords" : 2684355,
      "combineInputRecords" : 0,
      "reduceInputGroups" : -1,
      "reduceInputRecords" : -1,
      "reduceShuffleBytes" : -1,
      "reduceOutputRecords" : -1,
      "spilledRecords" : 5368710,
      "mapInputBytes" : 268435500,
      "resourceUsageMetrics" : {
        "cumulativeCpuUsage" : 8790,
        "virtualMemoryUsage" : 615796736,
        "physicalMemoryUsage" : 307056640,
        "heapUsage" : 296747008
      }
    } ],
    "finishTime" : 1405382063864,
    "preferredLocations" : [ {
      "layers" : [ "default-rack", "192\\.168\\.1\\.103" ]
    }, {
      "layers" : [ "default-rack", "192\\.168\\.1\\.100" ]
    }, {
      "layers" : [ "default-rack", "192\\.168\\.1\\.102" ]
    } ],
    "taskType" : "MAP",
    "taskStatus" : "SUCCESS",
    "taskID" : "task_201407031547_1932_m_000009",
    "inputBytes" : 268439645,
    "inputRecords" : 2684355,
    "outputBytes" : 547669105,
    "outputRecords" : 2684355
  }, {
    "startTime" : 1405382027740,
    "attempts" : [ {
      "result" : "SUCCESS",
      "location" : {
        "layers" : [ "default-rack", "Master1" ]
      },
      "hostName" : "/default-rack/Master1",
      "startTime" : 1405382028153,
      "finishTime" : 1405382054722,
      "attemptID" : "attempt_201407031547_1932_m_000010_0",
      "shuffleFinished" : -1,
      "sortFinished" : -1,
      "hdfsBytesRead" : 268439645,
      "hdfsBytesWritten" : -1,
      "fileBytesRead" : 273858502,
      "fileBytesWritten" : 547669105,
      "mapInputRecords" : 2684355,
      "mapOutputBytes" : 268435500,
      "mapOutputRecords" : 2684355,
      "combineInputRecords" : 0,
      "reduceInputGroups" : -1,
      "reduceInputRecords" : -1,
      "reduceShuffleBytes" : -1,
      "reduceOutputRecords" : -1,
      "spilledRecords" : 5368710,
      "mapInputBytes" : 268435500,
      "resourceUsageMetrics" : {
        "cumulativeCpuUsage" : 8120,
        "virtualMemoryUsage" : 614354944,
        "physicalMemoryUsage" : 309944320,
        "heapUsage" : 348389376
      }
    } ],
    "finishTime" : 1405382054836,
    "preferredLocations" : [ {
      "layers" : [ "default-rack", "192\\.168\\.1\\.103" ]
    }, {
      "layers" : [ "default-rack", "192\\.168\\.1\\.101" ]
    }, {
      "layers" : [ "default-rack", "192\\.168\\.1\\.100" ]
    } ],
    "taskType" : "MAP",
    "taskStatus" : "SUCCESS",
    "taskID" : "task_201407031547_1932_m_000010",
    "inputBytes" : 268439645,
    "inputRecords" : 2684355,
    "outputBytes" : 547669105,
    "outputRecords" : 2684355
  }, {
    "startTime" : 1405382028047,
    "attempts" : [ {
      "result" : "SUCCESS",
      "location" : {
        "layers" : [ "default-rack", "Slave11" ]
      },
      "hostName" : "/default-rack/Slave11",
      "startTime" : 1405382037012,
      "finishTime" : 1405382050349,
      "attemptID" : "attempt_201407031547_1932_m_000011_0",
      "shuffleFinished" : -1,
      "sortFinished" : -1,
      "hdfsBytesRead" : 268439645,
      "hdfsBytesWritten" : -1,
      "fileBytesRead" : 273861144,
      "fileBytesWritten" : 547668902,
      "mapInputRecords" : 2684354,
      "mapOutputBytes" : 268435400,
      "mapOutputRecords" : 2684354,
      "combineInputRecords" : 0,
      "reduceInputGroups" : -1,
      "reduceInputRecords" : -1,
      "reduceShuffleBytes" : -1,
      "reduceOutputRecords" : -1,
      "spilledRecords" : 5368708,
      "mapInputBytes" : 268435400,
      "resourceUsageMetrics" : {
        "cumulativeCpuUsage" : 7350,
        "virtualMemoryUsage" : 615403520,
        "physicalMemoryUsage" : 237604864,
        "heapUsage" : 175636480
      }
    } ],
    "finishTime" : 1405382041688,
    "preferredLocations" : [ {
      "layers" : [ "default-rack", "192\\.168\\.1\\.103" ]
    }, {
      "layers" : [ "default-rack", "192\\.168\\.1\\.101" ]
    }, {
      "layers" : [ "default-rack", "192\\.168\\.1\\.100" ]
    } ],
    "taskType" : "MAP",
    "taskStatus" : "SUCCESS",
    "taskID" : "task_201407031547_1932_m_000011",
    "inputBytes" : 268439645,
    "inputRecords" : 2684354,
    "outputBytes" : 547668902,
    "outputRecords" : 2684354
  }, {
    "startTime" : 1405382029055,
    "attempts" : [ {
      "result" : "SUCCESS",
      "location" : {
        "layers" : [ "default-rack", "Master1" ]
      },
      "hostName" : "/default-rack/Master1",
      "startTime" : 1405382029056,
      "finishTime" : 1405382046222,
      "attemptID" : "attempt_201407031547_1932_m_000012_0",
      "shuffleFinished" : -1,
      "sortFinished" : -1,
      "hdfsBytesRead" : 268439645,
      "hdfsBytesWritten" : -1,
      "fileBytesRead" : 273862042,
      "fileBytesWritten" : 547669105,
      "mapInputRecords" : 2684355,
      "mapOutputBytes" : 268435500,
      "mapOutputRecords" : 2684355,
      "combineInputRecords" : 0,
      "reduceInputGroups" : -1,
      "reduceInputRecords" : -1,
      "reduceShuffleBytes" : -1,
      "reduceOutputRecords" : -1,
      "spilledRecords" : 5368710,
      "mapInputBytes" : 268435500,
      "resourceUsageMetrics" : {
        "cumulativeCpuUsage" : 7810,
        "virtualMemoryUsage" : 614899712,
        "physicalMemoryUsage" : 304836608,
        "heapUsage" : 333971456
      }
    } ],
    "finishTime" : 1405382046479,
    "preferredLocations" : [ {
      "layers" : [ "default-rack", "192\\.168\\.1\\.103" ]
    }, {
      "layers" : [ "default-rack", "192\\.168\\.1\\.100" ]
    }, {
      "layers" : [ "default-rack", "192\\.168\\.1\\.101" ]
    } ],
    "taskType" : "MAP",
    "taskStatus" : "SUCCESS",
    "taskID" : "task_201407031547_1932_m_000012",
    "inputBytes" : 268439645,
    "inputRecords" : 2684355,
    "outputBytes" : 547669105,
    "outputRecords" : 2684355
  }, {
    "startTime" : 1405382031565,
    "attempts" : [ {
      "result" : "SUCCESS",
      "location" : {
        "layers" : [ "default-rack", "Slave13" ]
      },
      "hostName" : "/default-rack/Slave13",
      "startTime" : 1405382027452,
      "finishTime" : 1405382054168,
      "attemptID" : "attempt_201407031547_1932_m_000013_0",
      "shuffleFinished" : -1,
      "sortFinished" : -1,
      "hdfsBytesRead" : 268439645,
      "hdfsBytesWritten" : -1,
      "fileBytesRead" : 273852754,
      "fileBytesWritten" : 547668901,
      "mapInputRecords" : 2684354,
      "mapOutputBytes" : 268435400,
      "mapOutputRecords" : 2684354,
      "combineInputRecords" : 0,
      "reduceInputGroups" : -1,
      "reduceInputRecords" : -1,
      "reduceShuffleBytes" : -1,
      "reduceOutputRecords" : -1,
      "spilledRecords" : 5368708,
      "mapInputBytes" : 268435400,
      "resourceUsageMetrics" : {
        "cumulativeCpuUsage" : 7860,
        "virtualMemoryUsage" : 616607744,
        "physicalMemoryUsage" : 293826560,
        "heapUsage" : 314572800
      }
    } ],
    "finishTime" : 1405382058512,
    "preferredLocations" : [ {
      "layers" : [ "default-rack", "192\\.168\\.1\\.103" ]
    }, {
      "layers" : [ "default-rack", "192\\.168\\.1\\.102" ]
    }, {
      "layers" : [ "default-rack", "192\\.168\\.1\\.101" ]
    } ],
    "taskType" : "MAP",
    "taskStatus" : "SUCCESS",
    "taskID" : "task_201407031547_1932_m_000013",
    "inputBytes" : 268439645,
    "inputRecords" : 2684354,
    "outputBytes" : 547668901,
    "outputRecords" : 2684354
  }, {
    "startTime" : 1405382032330,
    "attempts" : [ {
      "result" : "SUCCESS",
      "location" : {
        "layers" : [ "default-rack", "Slave12" ]
      },
      "hostName" : "/default-rack/Slave12",
      "startTime" : 1405382023470,
      "finishTime" : 1405382044763,
      "attemptID" : "attempt_201407031547_1932_m_000014_0",
      "shuffleFinished" : -1,
      "sortFinished" : -1,
      "hdfsBytesRead" : 268439645,
      "hdfsBytesWritten" : -1,
      "fileBytesRead" : 273864812,
      "fileBytesWritten" : 547669105,
      "mapInputRecords" : 2684355,
      "mapOutputBytes" : 268435500,
      "mapOutputRecords" : 2684355,
      "combineInputRecords" : 0,
      "reduceInputGroups" : -1,
      "reduceInputRecords" : -1,
      "reduceShuffleBytes" : -1,
      "reduceOutputRecords" : -1,
      "spilledRecords" : 5368710,
      "mapInputBytes" : 268435500,
      "resourceUsageMetrics" : {
        "cumulativeCpuUsage" : 7590,
        "virtualMemoryUsage" : 615735296,
        "physicalMemoryUsage" : 328278016,
        "heapUsage" : 335806464
      }
    } ],
    "finishTime" : 1405382054359,
    "preferredLocations" : [ {
      "layers" : [ "default-rack", "192\\.168\\.1\\.103" ]
    }, {
      "layers" : [ "default-rack", "192\\.168\\.1\\.101" ]
    }, {
      "layers" : [ "default-rack", "192\\.168\\.1\\.102" ]
    } ],
    "taskType" : "MAP",
    "taskStatus" : "SUCCESS",
    "taskID" : "task_201407031547_1932_m_000014",
    "inputBytes" : 268439645,
    "inputRecords" : 2684355,
    "outputBytes" : 547669105,
    "outputRecords" : 2684355
  }, {
    "startTime" : 1405382041879,
    "attempts" : [ {
      "result" : "SUCCESS",
      "location" : {
        "layers" : [ "default-rack", "Slave11" ]
      },
      "hostName" : "/default-rack/Slave11",
      "startTime" : 1405382050845,
      "finishTime" : 1405382075096,
      "attemptID" : "attempt_201407031547_1932_m_000015_0",
      "shuffleFinished" : -1,
      "sortFinished" : -1,
      "hdfsBytesRead" : 268439645,
      "hdfsBytesWritten" : -1,
      "fileBytesRead" : 273857322,
      "fileBytesWritten" : 547668902,
      "mapInputRecords" : 2684354,
      "mapOutputBytes" : 268435400,
      "mapOutputRecords" : 2684354,
      "combineInputRecords" : 0,
      "reduceInputGroups" : -1,
      "reduceInputRecords" : -1,
      "reduceShuffleBytes" : -1,
      "reduceOutputRecords" : -1,
      "spilledRecords" : 5368708,
      "mapInputBytes" : 268435400,
      "resourceUsageMetrics" : {
        "cumulativeCpuUsage" : 8240,
        "virtualMemoryUsage" : 615403520,
        "physicalMemoryUsage" : 247209984,
        "heapUsage" : 183238656
      }
    } ],
    "finishTime" : 1405382066434,
    "preferredLocations" : [ {
      "layers" : [ "default-rack", "192\\.168\\.1\\.103" ]
    }, {
      "layers" : [ "default-rack", "192\\.168\\.1\\.101" ]
    }, {
      "layers" : [ "default-rack", "192\\.168\\.1\\.102" ]
    } ],
    "taskType" : "MAP",
    "taskStatus" : "SUCCESS",
    "taskID" : "task_201407031547_1932_m_000015",
    "inputBytes" : 268439645,
    "inputRecords" : 2684354,
    "outputBytes" : 547668902,
    "outputRecords" : 2684354
  }, {
    "startTime" : 1405382046384,
    "attempts" : [ {
      "result" : "SUCCESS",
      "location" : {
        "layers" : [ "default-rack", "Slave12" ]
      },
      "hostName" : "/default-rack/Slave12",
      "startTime" : 1405382037524,
      "finishTime" : 1405382052237,
      "attemptID" : "attempt_201407031547_1932_m_000016_0",
      "shuffleFinished" : -1,
      "sortFinished" : -1,
      "hdfsBytesRead" : 268439645,
      "hdfsBytesWritten" : -1,
      "fileBytesRead" : 273858234,
      "fileBytesWritten" : 547669105,
      "mapInputRecords" : 2684355,
      "mapOutputBytes" : 268435500,
      "mapOutputRecords" : 2684355,
      "combineInputRecords" : 0,
      "reduceInputGroups" : -1,
      "reduceInputRecords" : -1,
      "reduceShuffleBytes" : -1,
      "reduceOutputRecords" : -1,
      "spilledRecords" : 5368710,
      "mapInputBytes" : 268435500,
      "resourceUsageMetrics" : {
        "cumulativeCpuUsage" : 7250,
        "virtualMemoryUsage" : 617000960,
        "physicalMemoryUsage" : 247676928,
        "heapUsage" : 183238656
      }
    } ],
    "finishTime" : 1405382061399,
    "preferredLocations" : [ {
      "layers" : [ "default-rack", "192\\.168\\.1\\.103" ]
    }, {
      "layers" : [ "default-rack", "192\\.168\\.1\\.101" ]
    }, {
      "layers" : [ "default-rack", "192\\.168\\.1\\.102" ]
    } ],
    "taskType" : "MAP",
    "taskStatus" : "SUCCESS",
    "taskID" : "task_201407031547_1932_m_000016",
    "inputBytes" : 268439645,
    "inputRecords" : 2684355,
    "outputBytes" : 547669105,
    "outputRecords" : 2684355
  }, {
    "startTime" : 1405382046480,
    "attempts" : [ {
      "result" : "SUCCESS",
      "location" : {
        "layers" : [ "default-rack", "Master1" ]
      },
      "hostName" : "/default-rack/Master1",
      "startTime" : 1405382046527,
      "finishTime" : 1405382069382,
      "attemptID" : "attempt_201407031547_1932_m_000017_0",
      "shuffleFinished" : -1,
      "sortFinished" : -1,
      "hdfsBytesRead" : 268439645,
      "hdfsBytesWritten" : -1,
      "fileBytesRead" : 273857188,
      "fileBytesWritten" : 547669105,
      "mapInputRecords" : 2684355,
      "mapOutputBytes" : 268435500,
      "mapOutputRecords" : 2684355,
      "combineInputRecords" : 0,
      "reduceInputGroups" : -1,
      "reduceInputRecords" : -1,
      "reduceShuffleBytes" : -1,
      "reduceOutputRecords" : -1,
      "spilledRecords" : 5368710,
      "mapInputBytes" : 268435500,
      "resourceUsageMetrics" : {
        "cumulativeCpuUsage" : 7610,
        "virtualMemoryUsage" : 614899712,
        "physicalMemoryUsage" : 306282496,
        "heapUsage" : 353370112
      }
    } ],
    "finishTime" : 1405382069564,
    "preferredLocations" : [ {
      "layers" : [ "default-rack", "192\\.168\\.1\\.103" ]
    }, {
      "layers" : [ "default-rack", "192\\.168\\.1\\.100" ]
    }, {
      "layers" : [ "default-rack", "192\\.168\\.1\\.102" ]
    } ],
    "taskType" : "MAP",
    "taskStatus" : "SUCCESS",
    "taskID" : "task_201407031547_1932_m_000017",
    "inputBytes" : 268439645,
    "inputRecords" : 2684355,
    "outputBytes" : 547669105,
    "outputRecords" : 2684355
  } ],
  "finishTime" : 1405382096748,
  "reduceTasks" : [ {
    "startTime" : 1405382014868,
    "attempts" : [ {
      "result" : "SUCCESS",
      "location" : {
        "layers" : [ "default-rack", "Slave12" ]
      },
      "hostName" : "/default-rack/Slave12",
      "startTime" : 1405382006009,
      "finishTime" : 1405382082461,
      "attemptID" : "attempt_201407031547_1932_r_000000_0",
      "shuffleFinished" : 1405382067856,
      "sortFinished" : 1405382070592,
      "hdfsBytesRead" : -1,
      "hdfsBytesWritten" : 626145200,
      "fileBytesRead" : 925411536,
      "fileBytesWritten" : 925471689,
      "mapInputRecords" : -1,
      "mapOutputBytes" : -1,
      "mapOutputRecords" : -1,
      "combineInputRecords" : 0,
      "reduceInputGroups" : 6261452,
      "reduceInputRecords" : 6261452,
      "reduceShuffleBytes" : 638668224,
      "reduceOutputRecords" : 6261452,
      "spilledRecords" : 9072661,
      "mapInputBytes" : -1,
      "resourceUsageMetrics" : {
        "cumulativeCpuUsage" : 11870,
        "virtualMemoryUsage" : 402538496,
        "physicalMemoryUsage" : 105558016,
        "heapUsage" : 69206016
      }
    } ],
    "finishTime" : 1405382091542,
    "preferredLocations" : [ ],
    "taskType" : "REDUCE",
    "taskStatus" : "SUCCESS",
    "taskID" : "task_201407031547_1932_r_000000",
    "inputBytes" : 638668224,
    "inputRecords" : 6261452,
    "outputBytes" : 626145200,
    "outputRecords" : 6261452
  }, {
    "startTime" : 1405382014880,
    "attempts" : [ {
      "result" : "SUCCESS",
      "location" : {
        "layers" : [ "default-rack", "Master1" ]
      },
      "hostName" : "/default-rack/Master1",
      "startTime" : 1405382014881,
      "finishTime" : 1405382091081,
      "attemptID" : "attempt_201407031547_1932_r_000001_0",
      "shuffleFinished" : 1405382073050,
      "sortFinished" : 1405382077893,
      "hdfsBytesRead" : -1,
      "hdfsBytesWritten" : 620186600,
      "fileBytesRead" : 916547736,
      "fileBytesWritten" : 916607889,
      "mapInputRecords" : -1,
      "mapOutputBytes" : -1,
      "mapOutputRecords" : -1,
      "combineInputRecords" : 0,
      "reduceInputGroups" : 6201866,
      "reduceInputRecords" : 6201866,
      "reduceShuffleBytes" : 632590452,
      "reduceOutputRecords" : 6201866,
      "spilledRecords" : 8985761,
      "mapInputBytes" : -1,
      "resourceUsageMetrics" : {
        "cumulativeCpuUsage" : 12150,
        "virtualMemoryUsage" : 401559552,
        "physicalMemoryUsage" : 103337984,
        "heapUsage" : 68943872
      }
    } ],
    "finishTime" : 1405382091202,
    "preferredLocations" : [ ],
    "taskType" : "REDUCE",
    "taskStatus" : "SUCCESS",
    "taskID" : "task_201407031547_1932_r_000001",
    "inputBytes" : 632590452,
    "inputRecords" : 6201866,
    "outputBytes" : 620186600,
    "outputRecords" : 6201866
  }, {
    "startTime" : 1405382014930,
    "attempts" : [ {
      "result" : "SUCCESS",
      "location" : {
        "layers" : [ "default-rack", "Slave13" ]
      },
      "hostName" : "/default-rack/Slave13",
      "startTime" : 1405382010818,
      "finishTime" : 1405382089048,
      "attemptID" : "attempt_201407031547_1932_r_000002_0",
      "shuffleFinished" : 1405382068134,
      "sortFinished" : 1405382071859,
      "hdfsBytesRead" : -1,
      "hdfsBytesWritten" : 623869900,
      "fileBytesRead" : 921972096,
      "fileBytesWritten" : 922032249,
      "mapInputRecords" : -1,
      "mapOutputBytes" : -1,
      "mapOutputRecords" : -1,
      "combineInputRecords" : 0,
      "reduceInputGroups" : 6238699,
      "reduceInputRecords" : 6238699,
      "reduceShuffleBytes" : 636347418,
      "reduceOutputRecords" : 6238699,
      "spilledRecords" : 9038941,
      "mapInputBytes" : -1,
      "resourceUsageMetrics" : {
        "cumulativeCpuUsage" : 12120,
        "virtualMemoryUsage" : 402599936,
        "physicalMemoryUsage" : 88723456,
        "heapUsage" : 57409536
      }
    } ],
    "finishTime" : 1405382093451,
    "preferredLocations" : [ ],
    "taskType" : "REDUCE",
    "taskStatus" : "SUCCESS",
    "taskID" : "task_201407031547_1932_r_000002",
    "inputBytes" : 636347418,
    "inputRecords" : 6238699,
    "outputBytes" : 623869900,
    "outputRecords" : 6238699
  }, {
    "startTime" : 1405382015028,
    "attempts" : [ {
      "result" : "SUCCESS",
      "location" : {
        "layers" : [ "default-rack", "Slave11" ]
      },
      "hostName" : "/default-rack/Slave11",
      "startTime" : 1405382024017,
      "finishTime" : 1405382098971,
      "attemptID" : "attempt_201407031547_1932_r_000003_0",
      "shuffleFinished" : 1405382081448,
      "sortFinished" : 1405382085884,
      "hdfsBytesRead" : -1,
      "hdfsBytesWritten" : 623577200,
      "fileBytesRead" : 921716892,
      "fileBytesWritten" : 921777046,
      "mapInputRecords" : -1,
      "mapOutputBytes" : -1,
      "mapOutputRecords" : -1,
      "combineInputRecords" : 0,
      "reduceInputGroups" : 6235772,
      "reduceInputRecords" : 6235772,
      "reduceShuffleBytes" : 636048864,
      "reduceOutputRecords" : 6235772,
      "spilledRecords" : 9036439,
      "mapInputBytes" : -1,
      "resourceUsageMetrics" : {
        "cumulativeCpuUsage" : 11840,
        "virtualMemoryUsage" : 401006592,
        "physicalMemoryUsage" : 97869824,
        "heapUsage" : 62652416
      }
    } ],
    "finishTime" : 1405382090188,
    "preferredLocations" : [ ],
    "taskType" : "REDUCE",
    "taskStatus" : "SUCCESS",
    "taskID" : "task_201407031547_1932_r_000003",
    "inputBytes" : 636048864,
    "inputRecords" : 6235772,
    "outputBytes" : 623577200,
    "outputRecords" : 6235772
  }, {
    "startTime" : 1405382015170,
    "attempts" : [ {
      "result" : "SUCCESS",
      "location" : {
        "layers" : [ "default-rack", "Slave12" ]
      },
      "hostName" : "/default-rack/Slave12",
      "startTime" : 1405382006311,
      "finishTime" : 1405382082169,
      "attemptID" : "attempt_201407031547_1932_r_000004_0",
      "shuffleFinished" : 1405382065662,
      "sortFinished" : 1405382068506,
      "hdfsBytesRead" : -1,
      "hdfsBytesWritten" : 627959800,
      "fileBytesRead" : 928079346,
      "fileBytesWritten" : 928139499,
      "mapInputRecords" : -1,
      "mapOutputBytes" : -1,
      "mapOutputRecords" : -1,
      "combineInputRecords" : 0,
      "reduceInputGroups" : 6279598,
      "reduceInputRecords" : 6279598,
      "reduceShuffleBytes" : 640519116,
      "reduceOutputRecords" : 6279598,
      "spilledRecords" : 9098816,
      "mapInputBytes" : -1,
      "resourceUsageMetrics" : {
        "cumulativeCpuUsage" : 11940,
        "virtualMemoryUsage" : 401829888,
        "physicalMemoryUsage" : 108486656,
        "heapUsage" : 66846720
      }
    } ],
    "finishTime" : 1405382091239,
    "preferredLocations" : [ ],
    "taskType" : "REDUCE",
    "taskStatus" : "SUCCESS",
    "taskID" : "task_201407031547_1932_r_000004",
    "inputBytes" : 640519116,
    "inputRecords" : 6279598,
    "outputBytes" : 627959800,
    "outputRecords" : 6279598
  }, {
    "startTime" : 1405382015181,
    "attempts" : [ {
      "result" : "SUCCESS",
      "location" : {
        "layers" : [ "default-rack", "Master1" ]
      },
      "hostName" : "/default-rack/Master1",
      "startTime" : 1405382015430,
      "finishTime" : 1405382090239,
      "attemptID" : "attempt_201407031547_1932_r_000005_0",
      "shuffleFinished" : 1405382071922,
      "sortFinished" : 1405382077072,
      "hdfsBytesRead" : -1,
      "hdfsBytesWritten" : 637222600,
      "fileBytesRead" : 941875458,
      "fileBytesWritten" : 941935611,
      "mapInputRecords" : -1,
      "mapOutputBytes" : -1,
      "mapOutputRecords" : -1,
      "combineInputRecords" : 0,
      "reduceInputGroups" : 6372226,
      "reduceInputRecords" : 6372226,
      "reduceShuffleBytes" : 649967172,
      "reduceOutputRecords" : 6372226,
      "spilledRecords" : 9234072,
      "mapInputBytes" : -1,
      "resourceUsageMetrics" : {
        "cumulativeCpuUsage" : 12540,
        "virtualMemoryUsage" : 400408576,
        "physicalMemoryUsage" : 97034240,
        "heapUsage" : 65798144
      }
    } ],
    "finishTime" : 1405382090294,
    "preferredLocations" : [ ],
    "taskType" : "REDUCE",
    "taskStatus" : "SUCCESS",
    "taskID" : "task_201407031547_1932_r_000005",
    "inputBytes" : 649967172,
    "inputRecords" : 6372226,
    "outputBytes" : 637222600,
    "outputRecords" : 6372226
  }, {
    "startTime" : 1405382015429,
    "attempts" : [ {
      "result" : "SUCCESS",
      "location" : {
        "layers" : [ "default-rack", "Slave11" ]
      },
      "hostName" : "/default-rack/Slave11",
      "startTime" : 1405382024394,
      "finishTime" : 1405382099127,
      "attemptID" : "attempt_201407031547_1932_r_000006_0",
      "shuffleFinished" : 1405382081129,
      "sortFinished" : 1405382084680,
      "hdfsBytesRead" : -1,
      "hdfsBytesWritten" : 616872400,
      "fileBytesRead" : 911743638,
      "fileBytesWritten" : 911803792,
      "mapInputRecords" : -1,
      "mapOutputBytes" : -1,
      "mapOutputRecords" : -1,
      "combineInputRecords" : 0,
      "reduceInputGroups" : 6168724,
      "reduceInputRecords" : 6168724,
      "reduceShuffleBytes" : 629209968,
      "reduceOutputRecords" : 6168724,
      "spilledRecords" : 8938662,
      "mapInputBytes" : -1,
      "resourceUsageMetrics" : {
        "cumulativeCpuUsage" : 11960,
        "virtualMemoryUsage" : 402391040,
        "physicalMemoryUsage" : 87425024,
        "heapUsage" : 57671680
      }
    } ],
    "finishTime" : 1405382090254,
    "preferredLocations" : [ ],
    "taskType" : "REDUCE",
    "taskStatus" : "SUCCESS",
    "taskID" : "task_201407031547_1932_r_000006",
    "inputBytes" : 629209968,
    "inputRecords" : 6168724,
    "outputBytes" : 616872400,
    "outputRecords" : 6168724
  }, {
    "startTime" : 1405382015429,
    "attempts" : [ {
      "result" : "SUCCESS",
      "location" : {
        "layers" : [ "default-rack", "Slave13" ]
      },
      "hostName" : "/default-rack/Slave13",
      "startTime" : 1405382011317,
      "finishTime" : 1405382092309,
      "attemptID" : "attempt_201407031547_1932_r_000007_0",
      "shuffleFinished" : 1405382071837,
      "sortFinished" : 1405382076001,
      "hdfsBytesRead" : -1,
      "hdfsBytesWritten" : 624166300,
      "fileBytesRead" : 922529118,
      "fileBytesWritten" : 922589271,
      "mapInputRecords" : -1,
      "mapOutputBytes" : -1,
      "mapOutputRecords" : -1,
      "combineInputRecords" : 0,
      "reduceInputGroups" : 6241663,
      "reduceInputRecords" : 6241663,
      "reduceShuffleBytes" : 636649746,
      "reduceOutputRecords" : 6241663,
      "spilledRecords" : 9044402,
      "mapInputBytes" : -1,
      "resourceUsageMetrics" : {
        "cumulativeCpuUsage" : 11940,
        "virtualMemoryUsage" : 401551360,
        "physicalMemoryUsage" : 97398784,
        "heapUsage" : 65536000
      }
    } ],
    "finishTime" : 1405382096444,
    "preferredLocations" : [ ],
    "taskType" : "REDUCE",
    "taskStatus" : "SUCCESS",
    "taskID" : "task_201407031547_1932_r_000007",
    "inputBytes" : 636649746,
    "inputRecords" : 6241663,
    "outputBytes" : 624166300,
    "outputRecords" : 6241663
  } ],
  "submitTime" : 1405382008026,
  "directDependantJobs" : [ ],
  "successfulMapAttemptCDFs" : [ {
    "minimum" : 5367,
    "maximum" : 6325,
    "rankings" : [ {
      "relativeRanking" : 0.05,
      "datum" : 5367
    }, {
      "relativeRanking" : 0.1,
      "datum" : 5367
    }, {
      "relativeRanking" : 0.15,
      "datum" : 5367
    }, {
      "relativeRanking" : 0.2,
      "datum" : 5367
    }, {
      "relativeRanking" : 0.25,
      "datum" : 5367
    }, {
      "relativeRanking" : 0.3,
      "datum" : 5367
    }, {
      "relativeRanking" : 0.35,
      "datum" : 5367
    }, {
      "relativeRanking" : 0.4,
      "datum" : 5367
    }, {
      "relativeRanking" : 0.45,
      "datum" : 5367
    }, {
      "relativeRanking" : 0.5,
      "datum" : 5367
    }, {
      "relativeRanking" : 0.55,
      "datum" : 5367
    }, {
      "relativeRanking" : 0.6,
      "datum" : 5367
    }, {
      "relativeRanking" : 0.65,
      "datum" : 5367
    }, {
      "relativeRanking" : 0.7,
      "datum" : 5367
    }, {
      "relativeRanking" : 0.75,
      "datum" : 5367
    }, {
      "relativeRanking" : 0.8,
      "datum" : 5367
    }, {
      "relativeRanking" : 0.85,
      "datum" : 5367
    }, {
      "relativeRanking" : 0.9,
      "datum" : 5367
    }, {
      "relativeRanking" : 0.95,
      "datum" : 5367
    } ],
    "numberValues" : 2
  }, {
    "minimum" : 11624,
    "maximum" : 43742,
    "rankings" : [ {
      "relativeRanking" : 0.05,
      "datum" : 11624
    }, {
      "relativeRanking" : 0.1,
      "datum" : 11624
    }, {
      "relativeRanking" : 0.15,
      "datum" : 13337
    }, {
      "relativeRanking" : 0.2,
      "datum" : 14713
    }, {
      "relativeRanking" : 0.25,
      "datum" : 16169
    }, {
      "relativeRanking" : 0.3,
      "datum" : 17166
    }, {
      "relativeRanking" : 0.35,
      "datum" : 17200
    }, {
      "relativeRanking" : 0.4,
      "datum" : 18149
    }, {
      "relativeRanking" : 0.45,
      "datum" : 18408
    }, {
      "relativeRanking" : 0.5,
      "datum" : 19344
    }, {
      "relativeRanking" : 0.55,
      "datum" : 19344
    }, {
      "relativeRanking" : 0.6,
      "datum" : 19506
    }, {
      "relativeRanking" : 0.65,
      "datum" : 21293
    }, {
      "relativeRanking" : 0.7,
      "datum" : 21988
    }, {
      "relativeRanking" : 0.75,
      "datum" : 22855
    }, {
      "relativeRanking" : 0.8,
      "datum" : 24251
    }, {
      "relativeRanking" : 0.85,
      "datum" : 26569
    }, {
      "relativeRanking" : 0.9,
      "datum" : 26716
    }, {
      "relativeRanking" : 0.95,
      "datum" : 36382
    } ],
    "numberValues" : 18
  }, {
    "minimum" : -9223372036854775808,
    "maximum" : 9223372036854775807,
    "rankings" : [ ],
    "numberValues" : 0
  }, {
    "minimum" : -9223372036854775808,
    "maximum" : 9223372036854775807,
    "rankings" : [ ],
    "numberValues" : 0
  } ],
  "failedMapAttemptCDFs" : [ {
    "minimum" : -9223372036854775808,
    "maximum" : 9223372036854775807,
    "rankings" : [ ],
    "numberValues" : 0
  }, {
    "minimum" : -9223372036854775808,
    "maximum" : 9223372036854775807,
    "rankings" : [ ],
    "numberValues" : 0
  }, {
    "minimum" : -9223372036854775808,
    "maximum" : 9223372036854775807,
    "rankings" : [ ],
    "numberValues" : 0
  }, {
    "minimum" : -9223372036854775808,
    "maximum" : 9223372036854775807,
    "rankings" : [ ],
    "numberValues" : 0
  } ],
  "successfulReduceAttemptCDF" : {
    "minimum" : 74733,
    "maximum" : 80992,
    "rankings" : [ {
      "relativeRanking" : 0.05,
      "datum" : 74733
    }, {
      "relativeRanking" : 0.1,
      "datum" : 74733
    }, {
      "relativeRanking" : 0.15,
      "datum" : 74733
    }, {
      "relativeRanking" : 0.2,
      "datum" : 74733
    }, {
      "relativeRanking" : 0.25,
      "datum" : 74809
    }, {
      "relativeRanking" : 0.3,
      "datum" : 74809
    }, {
      "relativeRanking" : 0.35,
      "datum" : 74809
    }, {
      "relativeRanking" : 0.4,
      "datum" : 74954
    }, {
      "relativeRanking" : 0.45,
      "datum" : 74954
    }, {
      "relativeRanking" : 0.5,
      "datum" : 75858
    }, {
      "relativeRanking" : 0.55,
      "datum" : 75858
    }, {
      "relativeRanking" : 0.6,
      "datum" : 75858
    }, {
      "relativeRanking" : 0.65,
      "datum" : 76200
    }, {
      "relativeRanking" : 0.7,
      "datum" : 76200
    }, {
      "relativeRanking" : 0.75,
      "datum" : 76452
    }, {
      "relativeRanking" : 0.8,
      "datum" : 76452
    }, {
      "relativeRanking" : 0.85,
      "datum" : 76452
    }, {
      "relativeRanking" : 0.9,
      "datum" : 78230
    }, {
      "relativeRanking" : 0.95,
      "datum" : 78230
    } ],
    "numberValues" : 8
  },
  "failedReduceAttemptCDF" : {
    "minimum" : -9223372036854775808,
    "maximum" : 9223372036854775807,
    "rankings" : [ ],
    "numberValues" : 0
  },
  "mapperTriesToSucceed" : [ 1.0 ],
  "failedMapperFraction" : 0.0,
  "relativeTime" : 0,
  "clusterMapMB" : -1,
  "clusterReduceMB" : -1,
  "jobMapMB" : 200,
  "jobReduceMB" : 200
}