{
  "jobID" : "job_201407031547_1609",
  "user" : "itri-hadoop",
  "jobName" : "TeraSort",
  "mapTasks" : [ {
    "startTime" : 1405224411596,
    "attempts" : [ {
      "result" : "SUCCESS",
      "startTime" : 1405224411598,
      "finishTime" : 1405224414783,
      "attemptID" : "attempt_201407031547_1609_m_000024_0",
      "shuffleFinished" : -1,
      "sortFinished" : -1,
      "hdfsBytesRead" : 84080989,
      "hdfsBytesWritten" : -1,
      "fileBytesRead" : 318,
      "fileBytesWritten" : 85822909,
      "mapInputRecords" : 840808,
      "mapOutputBytes" : 84080800,
      "mapOutputRecords" : 840808,
      "combineInputRecords" : 0,
      "reduceInputGroups" : -1,
      "reduceInputRecords" : -1,
      "reduceShuffleBytes" : -1,
      "reduceOutputRecords" : -1,
      "spilledRecords" : 840808,
      "mapInputBytes" : 84080800,
      "resourceUsageMetrics" : {
        "cumulativeCpuUsage" : 3400,
        "virtualMemoryUsage" : 833306624,
        "physicalMemoryUsage" : 276209664,
        "heapUsage" : 430964736
      },
      "location" : {
        "layers" : [ "default-rack", "Master1" ]
      },
      "hostName" : "/default-rack/Master1"
    } ],
    "finishTime" : 1405224415073,
    "preferredLocations" : [ {
      "layers" : [ "default-rack", "Master1" ]
    }, {
      "layers" : [ "default-rack", "Slave12" ]
    }, {
      "layers" : [ "default-rack", "Slave11" ]
    } ],
    "taskType" : "MAP",
    "taskStatus" : "SUCCESS",
    "taskID" : "task_201407031547_1609_m_000024",
    "inputBytes" : 84080989,
    "inputRecords" : 840808,
    "outputBytes" : 85822909,
    "outputRecords" : 840808
  }, {
    "startTime" : 1405224411597,
    "attempts" : [ {
      "result" : "SUCCESS",
      "startTime" : 1405224411598,
      "finishTime" : 1405224420938,
      "attemptID" : "attempt_201407031547_1609_m_000000_0",
      "shuffleFinished" : -1,
      "sortFinished" : -1,
      "hdfsBytesRead" : 201330781,
      "hdfsBytesWritten" : -1,
      "fileBytesRead" : 205381566,
      "fileBytesWritten" : 410766852,
      "mapInputRecords" : 2013266,
      "mapOutputBytes" : 201326600,
      "mapOutputRecords" : 2013266,
      "combineInputRecords" : 0,
      "reduceInputGroups" : -1,
      "reduceInputRecords" : -1,
      "reduceShuffleBytes" : -1,
      "reduceOutputRecords" : -1,
      "spilledRecords" : 4026532,
      "mapInputBytes" : 201326600,
      "resourceUsageMetrics" : {
        "cumulativeCpuUsage" : 8050,
        "virtualMemoryUsage" : 833777664,
        "physicalMemoryUsage" : 396341248,
        "heapUsage" : 439353344
      },
      "location" : {
        "layers" : [ "default-rack", "Master1" ]
      },
      "hostName" : "/default-rack/Master1"
    } ],
    "finishTime" : 1405224421239,
    "preferredLocations" : [ {
      "layers" : [ "default-rack", "192\\.168\\.1\\.100" ]
    }, {
      "layers" : [ "default-rack", "192\\.168\\.1\\.102" ]
    }, {
      "layers" : [ "default-rack", "192\\.168\\.1\\.103" ]
    } ],
    "taskType" : "MAP",
    "taskStatus" : "SUCCESS",
    "taskID" : "task_201407031547_1609_m_000000",
    "inputBytes" : 201330781,
    "inputRecords" : 2013266,
    "outputBytes" : 410766852,
    "outputRecords" : 2013266
  }, {
    "startTime" : 1405224411598,
    "attempts" : [ {
      "result" : "SUCCESS",
      "startTime" : 1405224408182,
      "finishTime" : 1405224411357,
      "attemptID" : "attempt_201407031547_1609_m_000025_0",
      "shuffleFinished" : -1,
      "sortFinished" : -1,
      "hdfsBytesRead" : 84080989,
      "hdfsBytesWritten" : -1,
      "fileBytesRead" : 318,
      "fileBytesWritten" : 85822910,
      "mapInputRecords" : 840808,
      "mapOutputBytes" : 84080800,
      "mapOutputRecords" : 840808,
      "combineInputRecords" : 0,
      "reduceInputGroups" : -1,
      "reduceInputRecords" : -1,
      "reduceShuffleBytes" : -1,
      "reduceOutputRecords" : -1,
      "spilledRecords" : 840808,
      "mapInputBytes" : 84080800,
      "resourceUsageMetrics" : {
        "cumulativeCpuUsage" : 3040,
        "virtualMemoryUsage" : 830484480,
        "physicalMemoryUsage" : 374767616,
        "heapUsage" : 368312320
      },
      "location" : {
        "layers" : [ "default-rack", "Slave13" ]
      },
      "hostName" : "/default-rack/Slave13"
    } ],
    "finishTime" : 1405224414912,
    "preferredLocations" : [ {
      "layers" : [ "default-rack", "Slave11" ]
    }, {
      "layers" : [ "default-rack", "Slave12" ]
    }, {
      "layers" : [ "default-rack", "Slave13" ]
    } ],
    "taskType" : "MAP",
    "taskStatus" : "SUCCESS",
    "taskID" : "task_201407031547_1609_m_000025",
    "inputBytes" : 84080989,
    "inputRecords" : 840808,
    "outputBytes" : 85822910,
    "outputRecords" : 840808
  }, {
    "startTime" : 1405224411598,
    "attempts" : [ {
      "result" : "SUCCESS",
      "startTime" : 1405224408183,
      "finishTime" : 1405224417366,
      "attemptID" : "attempt_201407031547_1609_m_000001_0",
      "shuffleFinished" : -1,
      "sortFinished" : -1,
      "hdfsBytesRead" : 201330781,
      "hdfsBytesWritten" : -1,
      "fileBytesRead" : 205384970,
      "fileBytesWritten" : 410766853,
      "mapInputRecords" : 2013266,
      "mapOutputBytes" : 201326600,
      "mapOutputRecords" : 2013266,
      "combineInputRecords" : 0,
      "reduceInputGroups" : -1,
      "reduceInputRecords" : -1,
      "reduceShuffleBytes" : -1,
      "reduceOutputRecords" : -1,
      "spilledRecords" : 4026532,
      "mapInputBytes" : 201326600,
      "resourceUsageMetrics" : {
        "cumulativeCpuUsage" : 8000,
        "virtualMemoryUsage" : 833748992,
        "physicalMemoryUsage" : 386686976,
        "heapUsage" : 368312320
      },
      "location" : {
        "layers" : [ "default-rack", "Slave13" ]
      },
      "hostName" : "/default-rack/Slave13"
    } ],
    "finishTime" : 1405224421199,
    "preferredLocations" : [ {
      "layers" : [ "default-rack", "192\\.168\\.1\\.102" ]
    }, {
      "layers" : [ "default-rack", "192\\.168\\.1\\.100" ]
    }, {
      "layers" : [ "default-rack", "192\\.168\\.1\\.103" ]
    } ],
    "taskType" : "MAP",
    "taskStatus" : "SUCCESS",
    "taskID" : "task_201407031547_1609_m_000001",
    "inputBytes" : 201330781,
    "inputRecords" : 2013266,
    "outputBytes" : 410766853,
    "outputRecords" : 2013266
  }, {
    "startTime" : 1405224411690,
    "attempts" : [ {
      "result" : "SUCCESS",
      "startTime" : 1405224404177,
      "finishTime" : 1405224418674,
      "attemptID" : "attempt_201407031547_1609_m_000002_0",
      "shuffleFinished" : -1,
      "sortFinished" : -1,
      "hdfsBytesRead" : 201330781,
      "hdfsBytesWritten" : -1,
      "fileBytesRead" : 205382806,
      "fileBytesWritten" : 410766853,
      "mapInputRecords" : 2013266,
      "mapOutputBytes" : 201326600,
      "mapOutputRecords" : 2013266,
      "combineInputRecords" : 0,
      "reduceInputGroups" : -1,
      "reduceInputRecords" : -1,
      "reduceShuffleBytes" : -1,
      "reduceOutputRecords" : -1,
      "spilledRecords" : 4026532,
      "mapInputBytes" : 201326600,
      "resourceUsageMetrics" : {
        "cumulativeCpuUsage" : 7870,
        "virtualMemoryUsage" : 831873024,
        "physicalMemoryUsage" : 240975872,
        "heapUsage" : 186384384
      },
      "location" : {
        "layers" : [ "default-rack", "Slave12" ]
      },
      "hostName" : "/default-rack/Slave12"
    } ],
    "finishTime" : 1405224426474,
    "preferredLocations" : [ {
      "layers" : [ "default-rack", "192\\.168\\.1\\.102" ]
    }, {
      "layers" : [ "default-rack", "192\\.168\\.1\\.100" ]
    }, {
      "layers" : [ "default-rack", "192\\.168\\.1\\.101" ]
    } ],
    "taskType" : "MAP",
    "taskStatus" : "SUCCESS",
    "taskID" : "task_201407031547_1609_m_000002",
    "inputBytes" : 201330781,
    "inputRecords" : 2013266,
    "outputBytes" : 410766853,
    "outputRecords" : 2013266
  }, {
    "startTime" : 1405224411690,
    "attempts" : [ {
      "result" : "SUCCESS",
      "startTime" : 1405224404177,
      "finishTime" : 1405224420624,
      "attemptID" : "attempt_201407031547_1609_m_000003_0",
      "shuffleFinished" : -1,
      "sortFinished" : -1,
      "hdfsBytesRead" : 201330781,
      "hdfsBytesWritten" : -1,
      "fileBytesRead" : 205391250,
      "fileBytesWritten" : 410766853,
      "mapInputRecords" : 2013266,
      "mapOutputBytes" : 201326600,
      "mapOutputRecords" : 2013266,
      "combineInputRecords" : 0,
      "reduceInputGroups" : -1,
      "reduceInputRecords" : -1,
      "reduceShuffleBytes" : -1,
      "reduceOutputRecords" : -1,
      "spilledRecords" : 4026532,
      "mapInputBytes" : 201326600,
      "resourceUsageMetrics" : {
        "cumulativeCpuUsage" : 8160,
        "virtualMemoryUsage" : 835407872,
        "physicalMemoryUsage" : 242487296,
        "heapUsage" : 185597952
      },
      "location" : {
        "layers" : [ "default-rack", "Slave12" ]
      },
      "hostName" : "/default-rack/Slave12"
    } ],
    "finishTime" : 1405224428465,
    "preferredLocations" : [ {
      "layers" : [ "default-rack", "192\\.168\\.1\\.100" ]
    }, {
      "layers" : [ "default-rack", "192\\.168\\.1\\.102" ]
    }, {
      "layers" : [ "default-rack", "192\\.168\\.1\\.101" ]
    } ],
    "taskType" : "MAP",
    "taskStatus" : "SUCCESS",
    "taskID" : "task_201407031547_1609_m_000003",
    "inputBytes" : 201330781,
    "inputRecords" : 2013266,
    "outputBytes" : 410766853,
    "outputRecords" : 2013266
  }, {
    "startTime" : 1405224411804,
    "attempts" : [ {
      "result" : "SUCCESS",
      "startTime" : 1405224419458,
      "finishTime" : 1405224433923,
      "attemptID" : "attempt_201407031547_1609_m_000004_0",
      "shuffleFinished" : -1,
      "sortFinished" : -1,
      "hdfsBytesRead" : 201330781,
      "hdfsBytesWritten" : -1,
      "fileBytesRead" : 205378046,
      "fileBytesWritten" : 410766852,
      "mapInputRecords" : 2013266,
      "mapOutputBytes" : 201326600,
      "mapOutputRecords" : 2013266,
      "combineInputRecords" : 0,
      "reduceInputGroups" : -1,
      "reduceInputRecords" : -1,
      "reduceShuffleBytes" : -1,
      "reduceOutputRecords" : -1,
      "spilledRecords" : 4026532,
      "mapInputBytes" : 201326600,
      "resourceUsageMetrics" : {
        "cumulativeCpuUsage" : 8350,
        "virtualMemoryUsage" : 833462272,
        "physicalMemoryUsage" : 263643136,
        "heapUsage" : 439353344
      },
      "location" : {
        "layers" : [ "default-rack", "Slave11" ]
      },
      "hostName" : "/default-rack/Slave11"
    } ],
    "finishTime" : 1405224426553,
    "preferredLocations" : [ {
      "layers" : [ "default-rack", "192\\.168\\.1\\.102" ]
    }, {
      "layers" : [ "default-rack", "192\\.168\\.1\\.100" ]
    }, {
      "layers" : [ "default-rack", "192\\.168\\.1\\.101" ]
    } ],
    "taskType" : "MAP",
    "taskStatus" : "SUCCESS",
    "taskID" : "task_201407031547_1609_m_000004",
    "inputBytes" : 201330781,
    "inputRecords" : 2013266,
    "outputBytes" : 410766852,
    "outputRecords" : 2013266
  }, {
    "startTime" : 1405224411804,
    "attempts" : [ {
      "result" : "SUCCESS",
      "startTime" : 1405224419459,
      "finishTime" : 1405224431600,
      "attemptID" : "attempt_201407031547_1609_m_000005_0",
      "shuffleFinished" : -1,
      "sortFinished" : -1,
      "hdfsBytesRead" : 201330781,
      "hdfsBytesWritten" : -1,
      "fileBytesRead" : 205387564,
      "fileBytesWritten" : 410766852,
      "mapInputRecords" : 2013266,
      "mapOutputBytes" : 201326600,
      "mapOutputRecords" : 2013266,
      "combineInputRecords" : 0,
      "reduceInputGroups" : -1,
      "reduceInputRecords" : -1,
      "reduceShuffleBytes" : -1,
      "reduceOutputRecords" : -1,
      "spilledRecords" : 4026532,
      "mapInputBytes" : 201326600,
      "resourceUsageMetrics" : {
        "cumulativeCpuUsage" : 8430,
        "virtualMemoryUsage" : 835121152,
        "physicalMemoryUsage" : 256413696,
        "heapUsage" : 439353344
      },
      "location" : {
        "layers" : [ "default-rack", "Slave11" ]
      },
      "hostName" : "/default-rack/Slave11"
    } ],
    "finishTime" : 1405224424249,
    "preferredLocations" : [ {
      "layers" : [ "default-rack", "192\\.168\\.1\\.101" ]
    }, {
      "layers" : [ "default-rack", "192\\.168\\.1\\.100" ]
    }, {
      "layers" : [ "default-rack", "192\\.168\\.1\\.102" ]
    } ],
    "taskType" : "MAP",
    "taskStatus" : "SUCCESS",
    "taskID" : "task_201407031547_1609_m_000005",
    "inputBytes" : 201330781,
    "inputRecords" : 2013266,
    "outputBytes" : 410766852,
    "outputRecords" : 2013266
  }, {
    "startTime" : 1405224414912,
    "attempts" : [ {
      "result" : "SUCCESS",
      "startTime" : 1405224411382,
      "finishTime" : 1405224419722,
      "attemptID" : "attempt_201407031547_1609_m_000006_0",
      "shuffleFinished" : -1,
      "sortFinished" : -1,
      "hdfsBytesRead" : 201330781,
      "hdfsBytesWritten" : -1,
      "fileBytesRead" : 205384358,
      "fileBytesWritten" : 410766853,
      "mapInputRecords" : 2013266,
      "mapOutputBytes" : 201326600,
      "mapOutputRecords" : 2013266,
      "combineInputRecords" : 0,
      "reduceInputGroups" : -1,
      "reduceInputRecords" : -1,
      "reduceShuffleBytes" : -1,
      "reduceOutputRecords" : -1,
      "spilledRecords" : 4026532,
      "mapInputBytes" : 201326600,
      "resourceUsageMetrics" : {
        "cumulativeCpuUsage" : 7190,
        "virtualMemoryUsage" : 833908736,
        "physicalMemoryUsage" : 414240768,
        "heapUsage" : 471334912
      },
      "location" : {
        "layers" : [ "default-rack", "Slave13" ]
      },
      "hostName" : "/default-rack/Slave13"
    } ],
    "finishTime" : 1405224423470,
    "preferredLocations" : [ {
      "layers" : [ "default-rack", "192\\.168\\.1\\.103" ]
    }, {
      "layers" : [ "default-rack", "192\\.168\\.1\\.100" ]
    }, {
      "layers" : [ "default-rack", "192\\.168\\.1\\.101" ]
    } ],
    "taskType" : "MAP",
    "taskStatus" : "SUCCESS",
    "taskID" : "task_201407031547_1609_m_000006",
    "inputBytes" : 201330781,
    "inputRecords" : 2013266,
    "outputBytes" : 410766853,
    "outputRecords" : 2013266
  }, {
    "startTime" : 1405224415073,
    "attempts" : [ {
      "result" : "SUCCESS",
      "startTime" : 1405224415074,
      "finishTime" : 1405224423332,
      "attemptID" : "attempt_201407031547_1609_m_000007_0",
      "shuffleFinished" : -1,
      "sortFinished" : -1,
      "hdfsBytesRead" : 201330781,
      "hdfsBytesWritten" : -1,
      "fileBytesRead" : 205386698,
      "fileBytesWritten" : 410766852,
      "mapInputRecords" : 2013266,
      "mapOutputBytes" : 201326600,
      "mapOutputRecords" : 2013266,
      "combineInputRecords" : 0,
      "reduceInputGroups" : -1,
      "reduceInputRecords" : -1,
      "reduceShuffleBytes" : -1,
      "reduceOutputRecords" : -1,
      "spilledRecords" : 4026532,
      "mapInputBytes" : 201326600,
      "resourceUsageMetrics" : {
        "cumulativeCpuUsage" : 5860,
        "virtualMemoryUsage" : 834301952,
        "physicalMemoryUsage" : 406736896,
        "heapUsage" : 459276288
      },
      "location" : {
        "layers" : [ "default-rack", "Master1" ]
      },
      "hostName" : "/default-rack/Master1"
    } ],
    "finishTime" : 1405224423341,
    "preferredLocations" : [ {
      "layers" : [ "default-rack", "192\\.168\\.1\\.101" ]
    }, {
      "layers" : [ "default-rack", "192\\.168\\.1\\.100" ]
    }, {
      "layers" : [ "default-rack", "192\\.168\\.1\\.102" ]
    } ],
    "taskType" : "MAP",
    "taskStatus" : "SUCCESS",
    "taskID" : "task_201407031547_1609_m_000007",
    "inputBytes" : 201330781,
    "inputRecords" : 2013266,
    "outputBytes" : 410766852,
    "outputRecords" : 2013266
  }, {
    "startTime" : 1405224421199,
    "attempts" : [ {
      "result" : "SUCCESS",
      "startTime" : 1405224417667,
      "finishTime" : 1405224434208,
      "attemptID" : "attempt_201407031547_1609_m_000008_0",
      "shuffleFinished" : -1,
      "sortFinished" : -1,
      "hdfsBytesRead" : 201330781,
      "hdfsBytesWritten" : -1,
      "fileBytesRead" : 205383382,
      "fileBytesWritten" : 410766853,
      "mapInputRecords" : 2013266,
      "mapOutputBytes" : 201326600,
      "mapOutputRecords" : 2013266,
      "combineInputRecords" : 0,
      "reduceInputGroups" : -1,
      "reduceInputRecords" : -1,
      "reduceShuffleBytes" : -1,
      "reduceOutputRecords" : -1,
      "spilledRecords" : 4026532,
      "mapInputBytes" : 201326600,
      "resourceUsageMetrics" : {
        "cumulativeCpuUsage" : 6570,
        "virtualMemoryUsage" : 834412544,
        "physicalMemoryUsage" : 414113792,
        "heapUsage" : 482607104
      },
      "location" : {
        "layers" : [ "default-rack", "Slave13" ]
      },
      "hostName" : "/default-rack/Slave13"
    } ],
    "finishTime" : 1405224437938,
    "preferredLocations" : [ {
      "layers" : [ "default-rack", "192\\.168\\.1\\.100" ]
    }, {
      "layers" : [ "default-rack", "192\\.168\\.1\\.102" ]
    }, {
      "layers" : [ "default-rack", "192\\.168\\.1\\.103" ]
    } ],
    "taskType" : "MAP",
    "taskStatus" : "SUCCESS",
    "taskID" : "task_201407031547_1609_m_000008",
    "inputBytes" : 201330781,
    "inputRecords" : 2013266,
    "outputBytes" : 410766853,
    "outputRecords" : 2013266
  }, {
    "startTime" : 1405224421239,
    "attempts" : [ {
      "result" : "SUCCESS",
      "startTime" : 1405224421240,
      "finishTime" : 1405224429708,
      "attemptID" : "attempt_201407031547_1609_m_000009_0",
      "shuffleFinished" : -1,
      "sortFinished" : -1,
      "hdfsBytesRead" : 201330781,
      "hdfsBytesWritten" : -1,
      "fileBytesRead" : 205381418,
      "fileBytesWritten" : 410766852,
      "mapInputRecords" : 2013266,
      "mapOutputBytes" : 201326600,
      "mapOutputRecords" : 2013266,
      "combineInputRecords" : 0,
      "reduceInputGroups" : -1,
      "reduceInputRecords" : -1,
      "reduceShuffleBytes" : -1,
      "reduceOutputRecords" : -1,
      "spilledRecords" : 4026532,
      "mapInputBytes" : 201326600,
      "resourceUsageMetrics" : {
        "cumulativeCpuUsage" : 5900,
        "virtualMemoryUsage" : 833392640,
        "physicalMemoryUsage" : 391069696,
        "heapUsage" : 439353344
      },
      "location" : {
        "layers" : [ "default-rack", "Master1" ]
      },
      "hostName" : "/default-rack/Master1"
    } ],
    "finishTime" : 1405224430041,
    "preferredLocations" : [ {
      "layers" : [ "default-rack", "192\\.168\\.1\\.102" ]
    }, {
      "layers" : [ "default-rack", "192\\.168\\.1\\.100" ]
    }, {
      "layers" : [ "default-rack", "192\\.168\\.1\\.101" ]
    } ],
    "taskType" : "MAP",
    "taskStatus" : "SUCCESS",
    "taskID" : "task_201407031547_1609_m_000009",
    "inputBytes" : 201330781,
    "inputRecords" : 2013266,
    "outputBytes" : 410766852,
    "outputRecords" : 2013266
  }, {
    "startTime" : 1405224423342,
    "attempts" : [ {
      "result" : "SUCCESS",
      "startTime" : 1405224423343,
      "finishTime" : 1405224437759,
      "attemptID" : "attempt_201407031547_1609_m_000010_0",
      "shuffleFinished" : -1,
      "sortFinished" : -1,
      "hdfsBytesRead" : 201330781,
      "hdfsBytesWritten" : -1,
      "fileBytesRead" : 205383530,
      "fileBytesWritten" : 410766853,
      "mapInputRecords" : 2013266,
      "mapOutputBytes" : 201326600,
      "mapOutputRecords" : 2013266,
      "combineInputRecords" : 0,
      "reduceInputGroups" : -1,
      "reduceInputRecords" : -1,
      "reduceShuffleBytes" : -1,
      "reduceOutputRecords" : -1,
      "spilledRecords" : 4026532,
      "mapInputBytes" : 201326600,
      "resourceUsageMetrics" : {
        "cumulativeCpuUsage" : 6270,
        "virtualMemoryUsage" : 834965504,
        "physicalMemoryUsage" : 420159488,
        "heapUsage" : 475529216
      },
      "location" : {
        "layers" : [ "default-rack", "Master1" ]
      },
      "hostName" : "/default-rack/Master1"
    } ],
    "finishTime" : 1405224438230,
    "preferredLocations" : [ {
      "layers" : [ "default-rack", "192\\.168\\.1\\.100" ]
    }, {
      "layers" : [ "default-rack", "192\\.168\\.1\\.103" ]
    }, {
      "layers" : [ "default-rack", "192\\.168\\.1\\.101" ]
    } ],
    "taskType" : "MAP",
    "taskStatus" : "SUCCESS",
    "taskID" : "task_201407031547_1609_m_000010",
    "inputBytes" : 201330781,
    "inputRecords" : 2013266,
    "outputBytes" : 410766853,
    "outputRecords" : 2013266
  }, {
    "startTime" : 1405224423471,
    "attempts" : [ {
      "result" : "SUCCESS",
      "startTime" : 1405224419938,
      "finishTime" : 1405224429949,
      "attemptID" : "attempt_201407031547_1609_m_000011_0",
      "shuffleFinished" : -1,
      "sortFinished" : -1,
      "hdfsBytesRead" : 201330781,
      "hdfsBytesWritten" : -1,
      "fileBytesRead" : 205381528,
      "fileBytesWritten" : 410766854,
      "mapInputRecords" : 2013266,
      "mapOutputBytes" : 201326600,
      "mapOutputRecords" : 2013266,
      "combineInputRecords" : 0,
      "reduceInputGroups" : -1,
      "reduceInputRecords" : -1,
      "reduceShuffleBytes" : -1,
      "reduceOutputRecords" : -1,
      "spilledRecords" : 4026532,
      "mapInputBytes" : 201326600,
      "resourceUsageMetrics" : {
        "cumulativeCpuUsage" : 5520,
        "virtualMemoryUsage" : 834572288,
        "physicalMemoryUsage" : 395022336,
        "heapUsage" : 488898560
      },
      "location" : {
        "layers" : [ "default-rack", "Slave13" ]
      },
      "hostName" : "/default-rack/Slave13"
    } ],
    "finishTime" : 1405224433798,
    "preferredLocations" : [ {
      "layers" : [ "default-rack", "192\\.168\\.1\\.102" ]
    }, {
      "layers" : [ "default-rack", "192\\.168\\.1\\.100" ]
    }, {
      "layers" : [ "default-rack", "192\\.168\\.1\\.103" ]
    } ],
    "taskType" : "MAP",
    "taskStatus" : "SUCCESS",
    "taskID" : "task_201407031547_1609_m_000011",
    "inputBytes" : 201330781,
    "inputRecords" : 2013266,
    "outputBytes" : 410766854,
    "outputRecords" : 2013266
  }, {
    "startTime" : 1405224424249,
    "attempts" : [ {
      "result" : "SUCCESS",
      "startTime" : 1405224431763,
      "finishTime" : 1405224448638,
      "attemptID" : "attempt_201407031547_1609_m_000012_0",
      "shuffleFinished" : -1,
      "sortFinished" : -1,
      "hdfsBytesRead" : 201330781,
      "hdfsBytesWritten" : -1,
      "fileBytesRead" : 205383328,
      "fileBytesWritten" : 410766853,
      "mapInputRecords" : 2013266,
      "mapOutputBytes" : 201326600,
      "mapOutputRecords" : 2013266,
      "combineInputRecords" : 0,
      "reduceInputGroups" : -1,
      "reduceInputRecords" : -1,
      "reduceShuffleBytes" : -1,
      "reduceOutputRecords" : -1,
      "spilledRecords" : 4026532,
      "mapInputBytes" : 201326600,
      "resourceUsageMetrics" : {
        "cumulativeCpuUsage" : 6630,
        "virtualMemoryUsage" : 835784704,
        "physicalMemoryUsage" : 391766016,
        "heapUsage" : 336330752
      },
      "location" : {
        "layers" : [ "default-rack", "Slave11" ]
      },
      "hostName" : "/default-rack/Slave11"
    } ],
    "finishTime" : 1405224441339,
    "preferredLocations" : [ {
      "layers" : [ "default-rack", "192\\.168\\.1\\.103" ]
    }, {
      "layers" : [ "default-rack", "192\\.168\\.1\\.100" ]
    }, {
      "layers" : [ "default-rack", "192\\.168\\.1\\.101" ]
    } ],
    "taskType" : "MAP",
    "taskStatus" : "SUCCESS",
    "taskID" : "task_201407031547_1609_m_000012",
    "inputBytes" : 201330781,
    "inputRecords" : 2013266,
    "outputBytes" : 410766853,
    "outputRecords" : 2013266
  }, {
    "startTime" : 1405224426476,
    "attempts" : [ {
      "result" : "SUCCESS",
      "startTime" : 1405224419116,
      "finishTime" : 1405224446012,
      "attemptID" : "attempt_201407031547_1609_m_000013_0",
      "shuffleFinished" : -1,
      "sortFinished" : -1,
      "hdfsBytesRead" : 201330781,
      "hdfsBytesWritten" : -1,
      "fileBytesRead" : 205374712,
      "fileBytesWritten" : 410766854,
      "mapInputRecords" : 2013266,
      "mapOutputBytes" : 201326600,
      "mapOutputRecords" : 2013266,
      "combineInputRecords" : 0,
      "reduceInputGroups" : -1,
      "reduceInputRecords" : -1,
      "reduceShuffleBytes" : -1,
      "reduceOutputRecords" : -1,
      "spilledRecords" : 4026532,
      "mapInputBytes" : 201326600,
      "resourceUsageMetrics" : {
        "cumulativeCpuUsage" : 6560,
        "virtualMemoryUsage" : 835682304,
        "physicalMemoryUsage" : 451915776,
        "heapUsage" : 478937088
      },
      "location" : {
        "layers" : [ "default-rack", "Slave12" ]
      },
      "hostName" : "/default-rack/Slave12"
    } ],
    "finishTime" : 1405224454013,
    "preferredLocations" : [ {
      "layers" : [ "default-rack", "192\\.168\\.1\\.103" ]
    }, {
      "layers" : [ "default-rack", "192\\.168\\.1\\.100" ]
    }, {
      "layers" : [ "default-rack", "192\\.168\\.1\\.102" ]
    } ],
    "taskType" : "MAP",
    "taskStatus" : "SUCCESS",
    "taskID" : "task_201407031547_1609_m_000013",
    "inputBytes" : 201330781,
    "inputRecords" : 2013266,
    "outputBytes" : 410766854,
    "outputRecords" : 2013266
  }, {
    "startTime" : 1405224426553,
    "attempts" : [ {
      "result" : "SUCCESS",
      "startTime" : 1405224434104,
      "finishTime" : 1405224453291,
      "attemptID" : "attempt_201407031547_1609_m_000014_0",
      "shuffleFinished" : -1,
      "sortFinished" : -1,
      "hdfsBytesRead" : 201330781,
      "hdfsBytesWritten" : -1,
      "fileBytesRead" : 205380766,
      "fileBytesWritten" : 410766853,
      "mapInputRecords" : 2013266,
      "mapOutputBytes" : 201326600,
      "mapOutputRecords" : 2013266,
      "combineInputRecords" : 0,
      "reduceInputGroups" : -1,
      "reduceInputRecords" : -1,
      "reduceShuffleBytes" : -1,
      "reduceOutputRecords" : -1,
      "spilledRecords" : 4026532,
      "mapInputBytes" : 201326600,
      "resourceUsageMetrics" : {
        "cumulativeCpuUsage" : 6490,
        "virtualMemoryUsage" : 834457600,
        "physicalMemoryUsage" : 403275776,
        "heapUsage" : 448790528
      },
      "location" : {
        "layers" : [ "default-rack", "Slave11" ]
      },
      "hostName" : "/default-rack/Slave11"
    } ],
    "finishTime" : 1405224446139,
    "preferredLocations" : [ {
      "layers" : [ "default-rack", "192\\.168\\.1\\.101" ]
    }, {
      "layers" : [ "default-rack", "192\\.168\\.1\\.103" ]
    }, {
      "layers" : [ "default-rack", "192\\.168\\.1\\.100" ]
    } ],
    "taskType" : "MAP",
    "taskStatus" : "SUCCESS",
    "taskID" : "task_201407031547_1609_m_000014",
    "inputBytes" : 201330781,
    "inputRecords" : 2013266,
    "outputBytes" : 410766853,
    "outputRecords" : 2013266
  }, {
    "startTime" : 1405224428465,
    "attempts" : [ {
      "result" : "SUCCESS",
      "startTime" : 1405224420870,
      "finishTime" : 1405224452896,
      "attemptID" : "attempt_201407031547_1609_m_000015_0",
      "shuffleFinished" : -1,
      "sortFinished" : -1,
      "hdfsBytesRead" : 201330781,
      "hdfsBytesWritten" : -1,
      "fileBytesRead" : 205381428,
      "fileBytesWritten" : 410766854,
      "mapInputRecords" : 2013266,
      "mapOutputBytes" : 201326600,
      "mapOutputRecords" : 2013266,
      "combineInputRecords" : 0,
      "reduceInputGroups" : -1,
      "reduceInputRecords" : -1,
      "reduceShuffleBytes" : -1,
      "reduceOutputRecords" : -1,
      "spilledRecords" : 4026532,
      "mapInputBytes" : 201326600,
      "resourceUsageMetrics" : {
        "cumulativeCpuUsage" : 7720,
        "virtualMemoryUsage" : 836071424,
        "physicalMemoryUsage" : 434634752,
        "heapUsage" : 489422848
      },
      "location" : {
        "layers" : [ "default-rack", "Slave12" ]
      },
      "hostName" : "/default-rack/Slave12"
    } ],
    "finishTime" : 1405224460779,
    "preferredLocations" : [ {
      "layers" : [ "default-rack", "192\\.168\\.1\\.101" ]
    }, {
      "layers" : [ "default-rack", "192\\.168\\.1\\.103" ]
    }, {
      "layers" : [ "default-rack", "192\\.168\\.1\\.100" ]
    } ],
    "taskType" : "MAP",
    "taskStatus" : "SUCCESS",
    "taskID" : "task_201407031547_1609_m_000015",
    "inputBytes" : 201330781,
    "inputRecords" : 2013266,
    "outputBytes" : 410766854,
    "outputRecords" : 2013266
  }, {
    "startTime" : 1405224430042,
    "attempts" : [ {
      "result" : "SUCCESS",
      "startTime" : 1405224430042,
      "finishTime" : 1405224447499,
      "attemptID" : "attempt_201407031547_1609_m_000016_0",
      "shuffleFinished" : -1,
      "sortFinished" : -1,
      "hdfsBytesRead" : 201330781,
      "hdfsBytesWritten" : -1,
      "fileBytesRead" : 205379378,
      "fileBytesWritten" : 410766853,
      "mapInputRecords" : 2013266,
      "mapOutputBytes" : 201326600,
      "mapOutputRecords" : 2013266,
      "combineInputRecords" : 0,
      "reduceInputGroups" : -1,
      "reduceInputRecords" : -1,
      "reduceShuffleBytes" : -1,
      "reduceOutputRecords" : -1,
      "spilledRecords" : 4026532,
      "mapInputBytes" : 201326600,
      "resourceUsageMetrics" : {
        "cumulativeCpuUsage" : 6600,
        "virtualMemoryUsage" : 833724416,
        "physicalMemoryUsage" : 407339008,
        "heapUsage" : 449839104
      },
      "location" : {
        "layers" : [ "default-rack", "Master1" ]
      },
      "hostName" : "/default-rack/Master1"
    } ],
    "finishTime" : 1405224447717,
    "preferredLocations" : [ {
      "layers" : [ "default-rack", "192\\.168\\.1\\.101" ]
    }, {
      "layers" : [ "default-rack", "192\\.168\\.1\\.100" ]
    }, {
      "layers" : [ "default-rack", "192\\.168\\.1\\.103" ]
    } ],
    "taskType" : "MAP",
    "taskStatus" : "SUCCESS",
    "taskID" : "task_201407031547_1609_m_000016",
    "inputBytes" : 201330781,
    "inputRecords" : 2013266,
    "outputBytes" : 410766853,
    "outputRecords" : 2013266
  }, {
    "startTime" : 1405224433798,
    "attempts" : [ {
      "result" : "SUCCESS",
      "startTime" : 1405224430265,
      "finishTime" : 1405224444763,
      "attemptID" : "attempt_201407031547_1609_m_000017_0",
      "shuffleFinished" : -1,
      "sortFinished" : -1,
      "hdfsBytesRead" : 201330781,
      "hdfsBytesWritten" : -1,
      "fileBytesRead" : 205384472,
      "fileBytesWritten" : 410766854,
      "mapInputRecords" : 2013266,
      "mapOutputBytes" : 201326600,
      "mapOutputRecords" : 2013266,
      "combineInputRecords" : 0,
      "reduceInputGroups" : -1,
      "reduceInputRecords" : -1,
      "reduceShuffleBytes" : -1,
      "reduceOutputRecords" : -1,
      "spilledRecords" : 4026532,
      "mapInputBytes" : 201326600,
      "resourceUsageMetrics" : {
        "cumulativeCpuUsage" : 5840,
        "virtualMemoryUsage" : 834572288,
        "physicalMemoryUsage" : 407515136,
        "heapUsage" : 495452160
      },
      "location" : {
        "layers" : [ "default-rack", "Slave13" ]
      },
      "hostName" : "/default-rack/Slave13"
    } ],
    "finishTime" : 1405224448331,
    "preferredLocations" : [ {
      "layers" : [ "default-rack", "192\\.168\\.1\\.100" ]
    }, {
      "layers" : [ "default-rack", "192\\.168\\.1\\.103" ]
    }, {
      "layers" : [ "default-rack", "192\\.168\\.1\\.101" ]
    } ],
    "taskType" : "MAP",
    "taskStatus" : "SUCCESS",
    "taskID" : "task_201407031547_1609_m_000017",
    "inputBytes" : 201330781,
    "inputRecords" : 2013266,
    "outputBytes" : 410766854,
    "outputRecords" : 2013266
  }, {
    "startTime" : 1405224437939,
    "attempts" : [ {
      "result" : "SUCCESS",
      "startTime" : 1405224434406,
      "finishTime" : 1405224444210,
      "attemptID" : "attempt_201407031547_1609_m_000018_0",
      "shuffleFinished" : -1,
      "sortFinished" : -1,
      "hdfsBytesRead" : 201330781,
      "hdfsBytesWritten" : -1,
      "fileBytesRead" : 205388348,
      "fileBytesWritten" : 410766854,
      "mapInputRecords" : 2013266,
      "mapOutputBytes" : 201326600,
      "mapOutputRecords" : 2013266,
      "combineInputRecords" : 0,
      "reduceInputGroups" : -1,
      "reduceInputRecords" : -1,
      "reduceShuffleBytes" : -1,
      "reduceOutputRecords" : -1,
      "spilledRecords" : 4026532,
      "mapInputBytes" : 201326600,
      "resourceUsageMetrics" : {
        "cumulativeCpuUsage" : 5750,
        "virtualMemoryUsage" : 834412544,
        "physicalMemoryUsage" : 394706944,
        "heapUsage" : 489422848
      },
      "location" : {
        "layers" : [ "default-rack", "Slave13" ]
      },
      "hostName" : "/default-rack/Slave13"
    } ],
    "finishTime" : 1405224448030,
    "preferredLocations" : [ {
      "layers" : [ "default-rack", "192\\.168\\.1\\.101" ]
    }, {
      "layers" : [ "default-rack", "192\\.168\\.1\\.103" ]
    }, {
      "layers" : [ "default-rack", "192\\.168\\.1\\.102" ]
    } ],
    "taskType" : "MAP",
    "taskStatus" : "SUCCESS",
    "taskID" : "task_201407031547_1609_m_000018",
    "inputBytes" : 201330781,
    "inputRecords" : 2013266,
    "outputBytes" : 410766854,
    "outputRecords" : 2013266
  }, {
    "startTime" : 1405224438231,
    "attempts" : [ {
      "result" : "SUCCESS",
      "startTime" : 1405224438242,
      "finishTime" : 1405224452521,
      "attemptID" : "attempt_201407031547_1609_m_000019_0",
      "shuffleFinished" : -1,
      "sortFinished" : -1,
      "hdfsBytesRead" : 201330781,
      "hdfsBytesWritten" : -1,
      "fileBytesRead" : 205384418,
      "fileBytesWritten" : 410766853,
      "mapInputRecords" : 2013266,
      "mapOutputBytes" : 201326600,
      "mapOutputRecords" : 2013266,
      "combineInputRecords" : 0,
      "reduceInputGroups" : -1,
      "reduceInputRecords" : -1,
      "reduceShuffleBytes" : -1,
      "reduceOutputRecords" : -1,
      "spilledRecords" : 4026532,
      "mapInputBytes" : 201326600,
      "resourceUsageMetrics" : {
        "cumulativeCpuUsage" : 5850,
        "virtualMemoryUsage" : 834965504,
        "physicalMemoryUsage" : 432214016,
        "heapUsage" : 401080320
      },
      "location" : {
        "layers" : [ "default-rack", "Master1" ]
      },
      "hostName" : "/default-rack/Master1"
    } ],
    "finishTime" : 1405224452794,
    "preferredLocations" : [ {
      "layers" : [ "default-rack", "192\\.168\\.1\\.103" ]
    }, {
      "layers" : [ "default-rack", "192\\.168\\.1\\.100" ]
    }, {
      "layers" : [ "default-rack", "192\\.168\\.1\\.102" ]
    } ],
    "taskType" : "MAP",
    "taskStatus" : "SUCCESS",
    "taskID" : "task_201407031547_1609_m_000019",
    "inputBytes" : 201330781,
    "inputRecords" : 2013266,
    "outputBytes" : 410766853,
    "outputRecords" : 2013266
  }, {
    "startTime" : 1405224441339,
    "attempts" : [ {
      "result" : "SUCCESS",
      "startTime" : 1405224448854,
      "finishTime" : 1405224459962,
      "attemptID" : "attempt_201407031547_1609_m_000020_0",
      "shuffleFinished" : -1,
      "sortFinished" : -1,
      "hdfsBytesRead" : 201330781,
      "hdfsBytesWritten" : -1,
      "fileBytesRead" : 205373580,
      "fileBytesWritten" : 410766853,
      "mapInputRecords" : 2013266,
      "mapOutputBytes" : 201326600,
      "mapOutputRecords" : 2013266,
      "combineInputRecords" : 0,
      "reduceInputGroups" : -1,
      "reduceInputRecords" : -1,
      "reduceShuffleBytes" : -1,
      "reduceOutputRecords" : -1,
      "spilledRecords" : 4026532,
      "mapInputBytes" : 201326600,
      "resourceUsageMetrics" : {
        "cumulativeCpuUsage" : 5870,
        "virtualMemoryUsage" : 835784704,
        "physicalMemoryUsage" : 440094720,
        "heapUsage" : 458227712
      },
      "location" : {
        "layers" : [ "default-rack", "Slave11" ]
      },
      "hostName" : "/default-rack/Slave11"
    } ],
    "finishTime" : 1405224452708,
    "preferredLocations" : [ {
      "layers" : [ "default-rack", "192\\.168\\.1\\.103" ]
    }, {
      "layers" : [ "default-rack", "192\\.168\\.1\\.102" ]
    }, {
      "layers" : [ "default-rack", "192\\.168\\.1\\.100" ]
    } ],
    "taskType" : "MAP",
    "taskStatus" : "SUCCESS",
    "taskID" : "task_201407031547_1609_m_000020",
    "inputBytes" : 201330781,
    "inputRecords" : 2013266,
    "outputBytes" : 410766853,
    "outputRecords" : 2013266
  }, {
    "startTime" : 1405224446139,
    "attempts" : [ {
      "result" : "SUCCESS",
      "startTime" : 1405224453921,
      "finishTime" : 1405224470661,
      "attemptID" : "attempt_201407031547_1609_m_000021_0",
      "shuffleFinished" : -1,
      "sortFinished" : -1,
      "hdfsBytesRead" : 201330781,
      "hdfsBytesWritten" : -1,
      "fileBytesRead" : 205377502,
      "fileBytesWritten" : 410766853,
      "mapInputRecords" : 2013266,
      "mapOutputBytes" : 201326600,
      "mapOutputRecords" : 2013266,
      "combineInputRecords" : 0,
      "reduceInputGroups" : -1,
      "reduceInputRecords" : -1,
      "reduceShuffleBytes" : -1,
      "reduceOutputRecords" : -1,
      "spilledRecords" : 4026532,
      "mapInputBytes" : 201326600,
      "resourceUsageMetrics" : {
        "cumulativeCpuUsage" : 5990,
        "virtualMemoryUsage" : 834457600,
        "physicalMemoryUsage" : 404860928,
        "heapUsage" : 451411968
      },
      "location" : {
        "layers" : [ "default-rack", "Slave11" ]
      },
      "hostName" : "/default-rack/Slave11"
    } ],
    "finishTime" : 1405224463454,
    "preferredLocations" : [ {
      "layers" : [ "default-rack", "192\\.168\\.1\\.103" ]
    }, {
      "layers" : [ "default-rack", "192\\.168\\.1\\.101" ]
    }, {
      "layers" : [ "default-rack", "192\\.168\\.1\\.102" ]
    } ],
    "taskType" : "MAP",
    "taskStatus" : "SUCCESS",
    "taskID" : "task_201407031547_1609_m_000021",
    "inputBytes" : 201330781,
    "inputRecords" : 2013266,
    "outputBytes" : 410766853,
    "outputRecords" : 2013266
  }, {
    "startTime" : 1405224447717,
    "attempts" : [ {
      "result" : "SUCCESS",
      "startTime" : 1405224447718,
      "finishTime" : 1405224458840,
      "attemptID" : "attempt_201407031547_1609_m_000022_0",
      "shuffleFinished" : -1,
      "sortFinished" : -1,
      "hdfsBytesRead" : 201330781,
      "hdfsBytesWritten" : -1,
      "fileBytesRead" : 205380048,
      "fileBytesWritten" : 410766853,
      "mapInputRecords" : 2013266,
      "mapOutputBytes" : 201326600,
      "mapOutputRecords" : 2013266,
      "combineInputRecords" : 0,
      "reduceInputGroups" : -1,
      "reduceInputRecords" : -1,
      "reduceShuffleBytes" : -1,
      "reduceOutputRecords" : -1,
      "spilledRecords" : 4026532,
      "mapInputBytes" : 201326600,
      "resourceUsageMetrics" : {
        "cumulativeCpuUsage" : 6070,
        "virtualMemoryUsage" : 833724416,
        "physicalMemoryUsage" : 409538560,
        "heapUsage" : 451411968
      },
      "location" : {
        "layers" : [ "default-rack", "Master1" ]
      },
      "hostName" : "/default-rack/Master1"
    } ],
    "finishTime" : 1405224459127,
    "preferredLocations" : [ {
      "layers" : [ "default-rack", "192\\.168\\.1\\.103" ]
    }, {
      "layers" : [ "default-rack", "192\\.168\\.1\\.102" ]
    }, {
      "layers" : [ "default-rack", "192\\.168\\.1\\.100" ]
    } ],
    "taskType" : "MAP",
    "taskStatus" : "SUCCESS",
    "taskID" : "task_201407031547_1609_m_000022",
    "inputBytes" : 201330781,
    "inputRecords" : 2013266,
    "outputBytes" : 410766853,
    "outputRecords" : 2013266
  }, {
    "startTime" : 1405224448030,
    "attempts" : [ {
      "result" : "SUCCESS",
      "startTime" : 1405224444497,
      "finishTime" : 1405224452925,
      "attemptID" : "attempt_201407031547_1609_m_000023_0",
      "shuffleFinished" : -1,
      "sortFinished" : -1,
      "hdfsBytesRead" : 201330781,
      "hdfsBytesWritten" : -1,
      "fileBytesRead" : 205382480,
      "fileBytesWritten" : 410766854,
      "mapInputRecords" : 2013266,
      "mapOutputBytes" : 201326600,
      "mapOutputRecords" : 2013266,
      "combineInputRecords" : 0,
      "reduceInputGroups" : -1,
      "reduceInputRecords" : -1,
      "reduceShuffleBytes" : -1,
      "reduceOutputRecords" : -1,
      "spilledRecords" : 4026532,
      "mapInputBytes" : 201326600,
      "resourceUsageMetrics" : {
        "cumulativeCpuUsage" : 5400,
        "virtualMemoryUsage" : 834412544,
        "physicalMemoryUsage" : 406413312,
        "heapUsage" : 529006592
      },
      "location" : {
        "layers" : [ "default-rack", "Slave13" ]
      },
      "hostName" : "/default-rack/Slave13"
    } ],
    "finishTime" : 1405224457039,
    "preferredLocations" : [ {
      "layers" : [ "default-rack", "192\\.168\\.1\\.103" ]
    }, {
      "layers" : [ "default-rack", "192\\.168\\.1\\.100" ]
    }, {
      "layers" : [ "default-rack", "192\\.168\\.1\\.102" ]
    } ],
    "taskType" : "MAP",
    "taskStatus" : "SUCCESS",
    "taskID" : "task_201407031547_1609_m_000023",
    "inputBytes" : 201330781,
    "inputRecords" : 2013266,
    "outputBytes" : 410766854,
    "outputRecords" : 2013266
  } ],
  "finishTime" : 1405224488656,
  "reduceTasks" : [ {
    "startTime" : 1405224415073,
    "attempts" : [ {
      "result" : "SUCCESS",
      "startTime" : 1405224415074,
      "finishTime" : 1405224479918,
      "attemptID" : "attempt_201407031547_1609_r_000000_0",
      "shuffleFinished" : 1405224467135,
      "sortFinished" : 1405224467186,
      "hdfsBytesRead" : -1,
      "hdfsBytesWritten" : 630522700,
      "fileBytesRead" : 617249862,
      "fileBytesWritten" : 617310015,
      "mapInputRecords" : -1,
      "mapOutputBytes" : -1,
      "mapOutputRecords" : -1,
      "combineInputRecords" : 0,
      "reduceInputGroups" : 6305227,
      "reduceInputRecords" : 6305227,
      "reduceShuffleBytes" : 643133310,
      "reduceOutputRecords" : 6305227,
      "spilledRecords" : 6051469,
      "mapInputBytes" : -1,
      "resourceUsageMetrics" : {
        "cumulativeCpuUsage" : 14200,
        "virtualMemoryUsage" : 618192896,
        "physicalMemoryUsage" : 262103040,
        "heapUsage" : 211025920
      },
      "location" : {
        "layers" : [ "default-rack", "Master1" ]
      },
      "hostName" : "/default-rack/Master1"
    } ],
    "finishTime" : 1405224480064,
    "preferredLocations" : [ ],
    "taskType" : "REDUCE",
    "taskStatus" : "SUCCESS",
    "taskID" : "task_201407031547_1609_r_000000",
    "inputBytes" : 643133310,
    "inputRecords" : 6305227,
    "outputBytes" : 630522700,
    "outputRecords" : 6305227
  }, {
    "startTime" : 1405224415126,
    "attempts" : [ {
      "result" : "SUCCESS",
      "startTime" : 1405224422641,
      "finishTime" : 1405224491824,
      "attemptID" : "attempt_201407031547_1609_r_000001_0",
      "shuffleFinished" : 1405224475773,
      "sortFinished" : 1405224475789,
      "hdfsBytesRead" : -1,
      "hdfsBytesWritten" : 625387100,
      "fileBytesRead" : 612195354,
      "fileBytesWritten" : 612255507,
      "mapInputRecords" : -1,
      "mapOutputBytes" : -1,
      "mapOutputRecords" : -1,
      "combineInputRecords" : 0,
      "reduceInputGroups" : 6253871,
      "reduceInputRecords" : 6253871,
      "reduceShuffleBytes" : 637894998,
      "reduceOutputRecords" : 6253871,
      "spilledRecords" : 6001915,
      "mapInputBytes" : -1,
      "resourceUsageMetrics" : {
        "cumulativeCpuUsage" : 15170,
        "virtualMemoryUsage" : 623910912,
        "physicalMemoryUsage" : 392302592,
        "heapUsage" : 320077824
      },
      "location" : {
        "layers" : [ "default-rack", "Slave11" ]
      },
      "hostName" : "/default-rack/Slave11"
    } ],
    "finishTime" : 1405224484420,
    "preferredLocations" : [ ],
    "taskType" : "REDUCE",
    "taskStatus" : "SUCCESS",
    "taskID" : "task_201407031547_1609_r_000001",
    "inputBytes" : 637894998,
    "inputRecords" : 6253871,
    "outputBytes" : 625387100,
    "outputRecords" : 6253871
  }, {
    "startTime" : 1405224415216,
    "attempts" : [ {
      "result" : "SUCCESS",
      "startTime" : 1405224411684,
      "finishTime" : 1405224476053,
      "attemptID" : "attempt_201407031547_1609_r_000002_0",
      "shuffleFinished" : 1405224463380,
      "sortFinished" : 1405224463401,
      "hdfsBytesRead" : -1,
      "hdfsBytesWritten" : 623879400,
      "fileBytesRead" : 610737672,
      "fileBytesWritten" : 610797826,
      "mapInputRecords" : -1,
      "mapOutputBytes" : -1,
      "mapOutputRecords" : -1,
      "combineInputRecords" : 0,
      "reduceInputGroups" : 6238794,
      "reduceInputRecords" : 6238794,
      "reduceShuffleBytes" : 636357144,
      "reduceOutputRecords" : 6238794,
      "spilledRecords" : 5987624,
      "mapInputBytes" : -1,
      "resourceUsageMetrics" : {
        "cumulativeCpuUsage" : 14710,
        "virtualMemoryUsage" : 620355584,
        "physicalMemoryUsage" : 409583616,
        "heapUsage" : 407896064
      },
      "location" : {
        "layers" : [ "default-rack", "Slave13" ]
      },
      "hostName" : "/default-rack/Slave13"
    } ],
    "finishTime" : 1405224479710,
    "preferredLocations" : [ ],
    "taskType" : "REDUCE",
    "taskStatus" : "SUCCESS",
    "taskID" : "task_201407031547_1609_r_000002",
    "inputBytes" : 636357144,
    "inputRecords" : 6238794,
    "outputBytes" : 623879400,
    "outputRecords" : 6238794
  }, {
    "startTime" : 1405224415312,
    "attempts" : [ {
      "result" : "SUCCESS",
      "startTime" : 1405224407784,
      "finishTime" : 1405224478828,
      "attemptID" : "attempt_201407031547_1609_r_000003_0",
      "shuffleFinished" : 1405224460622,
      "sortFinished" : 1405224460634,
      "hdfsBytesRead" : -1,
      "hdfsBytesWritten" : 614881600,
      "fileBytesRead" : 601984746,
      "fileBytesWritten" : 602044900,
      "mapInputRecords" : -1,
      "mapOutputBytes" : -1,
      "mapOutputRecords" : -1,
      "combineInputRecords" : 0,
      "reduceInputGroups" : 6148816,
      "reduceInputRecords" : 6148816,
      "reduceShuffleBytes" : 627179388,
      "reduceOutputRecords" : 6148816,
      "spilledRecords" : 5901811,
      "mapInputBytes" : -1,
      "resourceUsageMetrics" : {
        "cumulativeCpuUsage" : 14170,
        "virtualMemoryUsage" : 618225664,
        "physicalMemoryUsage" : 323244032,
        "heapUsage" : 260833280
      },
      "location" : {
        "layers" : [ "default-rack", "Slave12" ]
      },
      "hostName" : "/default-rack/Slave12"
    } ],
    "finishTime" : 1405224486539,
    "preferredLocations" : [ ],
    "taskType" : "REDUCE",
    "taskStatus" : "SUCCESS",
    "taskID" : "task_201407031547_1609_r_000003",
    "inputBytes" : 627179388,
    "inputRecords" : 6148816,
    "outputBytes" : 614881600,
    "outputRecords" : 6148816
  }, {
    "startTime" : 1405224415428,
    "attempts" : [ {
      "result" : "SUCCESS",
      "startTime" : 1405224422948,
      "finishTime" : 1405224491163,
      "attemptID" : "attempt_201407031547_1609_r_000004_0",
      "shuffleFinished" : 1405224474553,
      "sortFinished" : 1405224474951,
      "hdfsBytesRead" : -1,
      "hdfsBytesWritten" : 631814400,
      "fileBytesRead" : 592398582,
      "fileBytesWritten" : 592458735,
      "mapInputRecords" : -1,
      "mapOutputBytes" : -1,
      "mapOutputRecords" : -1,
      "combineInputRecords" : 0,
      "reduceInputGroups" : 6318144,
      "reduceInputRecords" : 6318144,
      "reduceShuffleBytes" : 644450844,
      "reduceOutputRecords" : 6318144,
      "spilledRecords" : 5807829,
      "mapInputBytes" : -1,
      "resourceUsageMetrics" : {
        "cumulativeCpuUsage" : 15080,
        "virtualMemoryUsage" : 620285952,
        "physicalMemoryUsage" : 424038400,
        "heapUsage" : 373030912
      },
      "location" : {
        "layers" : [ "default-rack", "Slave11" ]
      },
      "hostName" : "/default-rack/Slave11"
    } ],
    "finishTime" : 1405224483815,
    "preferredLocations" : [ ],
    "taskType" : "REDUCE",
    "taskStatus" : "SUCCESS",
    "taskID" : "task_201407031547_1609_r_000004",
    "inputBytes" : 644450844,
    "inputRecords" : 6318144,
    "outputBytes" : 631814400,
    "outputRecords" : 6318144
  }, {
    "startTime" : 1405224415517,
    "attempts" : [ {
      "result" : "SUCCESS",
      "startTime" : 1405224411985,
      "finishTime" : 1405224475319,
      "attemptID" : "attempt_201407031547_1609_r_000005_0",
      "shuffleFinished" : 1405224462415,
      "sortFinished" : 1405224462431,
      "hdfsBytesRead" : -1,
      "hdfsBytesWritten" : 621070000,
      "fileBytesRead" : 608024166,
      "fileBytesWritten" : 608084320,
      "mapInputRecords" : -1,
      "mapOutputBytes" : -1,
      "mapOutputRecords" : -1,
      "combineInputRecords" : 0,
      "reduceInputGroups" : 6210700,
      "reduceInputRecords" : 6210700,
      "reduceShuffleBytes" : 633491556,
      "reduceOutputRecords" : 6210700,
      "spilledRecords" : 5961021,
      "mapInputBytes" : -1,
      "resourceUsageMetrics" : {
        "cumulativeCpuUsage" : 15090,
        "virtualMemoryUsage" : 619225088,
        "physicalMemoryUsage" : 394633216,
        "heapUsage" : 344457216
      },
      "location" : {
        "layers" : [ "default-rack", "Slave13" ]
      },
      "hostName" : "/default-rack/Slave13"
    } ],
    "finishTime" : 1405224479106,
    "preferredLocations" : [ ],
    "taskType" : "REDUCE",
    "taskStatus" : "SUCCESS",
    "taskID" : "task_201407031547_1609_r_000005",
    "inputBytes" : 633491556,
    "inputRecords" : 6210700,
    "outputBytes" : 621070000,
    "outputRecords" : 6210700
  }, {
    "startTime" : 1405224415680,
    "attempts" : [ {
      "result" : "SUCCESS",
      "startTime" : 1405224408085,
      "finishTime" : 1405224480247,
      "attemptID" : "attempt_201407031547_1609_r_000006_0",
      "shuffleFinished" : 1405224459817,
      "sortFinished" : 1405224459841,
      "hdfsBytesRead" : -1,
      "hdfsBytesWritten" : 624764800,
      "fileBytesRead" : 560247876,
      "fileBytesWritten" : 560308030,
      "mapInputRecords" : -1,
      "mapOutputBytes" : -1,
      "mapOutputRecords" : -1,
      "combineInputRecords" : 0,
      "reduceInputGroups" : 6247648,
      "reduceInputRecords" : 6247648,
      "reduceShuffleBytes" : 637260252,
      "reduceOutputRecords" : 6247648,
      "spilledRecords" : 5492626,
      "mapInputBytes" : -1,
      "resourceUsageMetrics" : {
        "cumulativeCpuUsage" : 14070,
        "virtualMemoryUsage" : 619163648,
        "physicalMemoryUsage" : 321769472,
        "heapUsage" : 253755392
      },
      "location" : {
        "layers" : [ "default-rack", "Slave12" ]
      },
      "hostName" : "/default-rack/Slave12"
    } ],
    "finishTime" : 1405224488049,
    "preferredLocations" : [ ],
    "taskType" : "REDUCE",
    "taskStatus" : "SUCCESS",
    "taskID" : "task_201407031547_1609_r_000006",
    "inputBytes" : 637260252,
    "inputRecords" : 6247648,
    "outputBytes" : 624764800,
    "outputRecords" : 6247648
  }, {
    "startTime" : 1405224415731,
    "attempts" : [ {
      "result" : "SUCCESS",
      "startTime" : 1405224415740,
      "finishTime" : 1405224480899,
      "attemptID" : "attempt_201407031547_1609_r_000007_0",
      "shuffleFinished" : 1405224466571,
      "sortFinished" : 1405224466608,
      "hdfsBytesRead" : -1,
      "hdfsBytesWritten" : 627680000,
      "fileBytesRead" : 614498820,
      "fileBytesWritten" : 614558973,
      "mapInputRecords" : -1,
      "mapOutputBytes" : -1,
      "mapOutputRecords" : -1,
      "combineInputRecords" : 0,
      "reduceInputGroups" : 6276800,
      "reduceInputRecords" : 6276800,
      "reduceShuffleBytes" : 640233756,
      "reduceOutputRecords" : 6276800,
      "spilledRecords" : 6024498,
      "mapInputBytes" : -1,
      "resourceUsageMetrics" : {
        "cumulativeCpuUsage" : 13980,
        "virtualMemoryUsage" : 616501248,
        "physicalMemoryUsage" : 243089408,
        "heapUsage" : 197394432
      },
      "location" : {
        "layers" : [ "default-rack", "Master1" ]
      },
      "hostName" : "/default-rack/Master1"
    } ],
    "finishTime" : 1405224480972,
    "preferredLocations" : [ ],
    "taskType" : "REDUCE",
    "taskStatus" : "SUCCESS",
    "taskID" : "task_201407031547_1609_r_000007",
    "inputBytes" : 640233756,
    "inputRecords" : 6276800,
    "outputBytes" : 627680000,
    "outputRecords" : 6276800
  } ],
  "submitTime" : 1405224410581,
  "launchTime" : 1405224410666,
  "totalMaps" : 26,
  "totalReduces" : 8,
  "otherTasks" : [ {
    "startTime" : 1405224410689,
    "attempts" : [ {
      "result" : "SUCCESS",
      "startTime" : 1405224410797,
      "finishTime" : 1405224411420,
      "attemptID" : "attempt_201407031547_1609_m_000027_0",
      "shuffleFinished" : -1,
      "sortFinished" : -1,
      "hdfsBytesRead" : -1,
      "hdfsBytesWritten" : -1,
      "fileBytesRead" : -1,
      "fileBytesWritten" : 60245,
      "mapInputRecords" : -1,
      "mapOutputBytes" : -1,
      "mapOutputRecords" : -1,
      "combineInputRecords" : -1,
      "reduceInputGroups" : -1,
      "reduceInputRecords" : -1,
      "reduceShuffleBytes" : -1,
      "reduceOutputRecords" : -1,
      "spilledRecords" : 0,
      "mapInputBytes" : -1,
      "resourceUsageMetrics" : {
        "cumulativeCpuUsage" : 50,
        "virtualMemoryUsage" : 829739008,
        "physicalMemoryUsage" : 61935616,
        "heapUsage" : 81788928
      },
      "location" : {
        "layers" : [ "default-rack", "Master1" ]
      },
      "hostName" : "/default-rack/Master1"
    } ],
    "finishTime" : 1405224411596,
    "preferredLocations" : [ ],
    "taskType" : "SETUP",
    "taskStatus" : "SUCCESS",
    "taskID" : "task_201407031547_1609_m_000027",
    "inputBytes" : -1,
    "inputRecords" : -1,
    "outputBytes" : -1,
    "outputRecords" : -1
  }, {
    "startTime" : 1405224488051,
    "attempts" : [ {
      "result" : "SUCCESS",
      "startTime" : 1405224480457,
      "finishTime" : 1405224480905,
      "attemptID" : "attempt_201407031547_1609_m_000026_0",
      "shuffleFinished" : -1,
      "sortFinished" : -1,
      "hdfsBytesRead" : -1,
      "hdfsBytesWritten" : -1,
      "fileBytesRead" : -1,
      "fileBytesWritten" : 60246,
      "mapInputRecords" : -1,
      "mapOutputBytes" : -1,
      "mapOutputRecords" : -1,
      "combineInputRecords" : -1,
      "reduceInputGroups" : -1,
      "reduceInputRecords" : -1,
      "reduceShuffleBytes" : -1,
      "reduceOutputRecords" : -1,
      "spilledRecords" : 0,
      "mapInputBytes" : -1,
      "resourceUsageMetrics" : {
        "cumulativeCpuUsage" : 20,
        "virtualMemoryUsage" : 836071424,
        "physicalMemoryUsage" : 435245056,
        "heapUsage" : 489422848
      },
      "location" : {
        "layers" : [ "default-rack", "Slave12" ]
      },
      "hostName" : "/default-rack/Slave12"
    } ],
    "finishTime" : 1405224488656,
    "preferredLocations" : [ ],
    "taskType" : "CLEANUP",
    "taskStatus" : "SUCCESS",
    "taskID" : "task_201407031547_1609_m_000026",
    "inputBytes" : -1,
    "inputRecords" : -1,
    "outputBytes" : -1,
    "outputRecords" : -1
  } ],
  "mapperTriesToSucceed" : [ 1.0 ],
  "failedMapperFraction" : 0.0,
  "relativeTime" : 0,
  "clusterMapMB" : -1,
  "clusterReduceMB" : -1,
  "jobMapMB" : 200,
  "jobReduceMB" : 200,
  "queue" : "default",
  "jobProperties" : {
    "fs.s3n.impl" : "org.apache.hadoop.fs.s3native.NativeS3FileSystem",
    "mapred.task.cache.levels" : "2",
    "mapreduce.job.restart.recover" : "true",
    "mapreduce.job.counters.max" : "120",
    "dfs.client.use.datanode.hostname" : "false",
    "hadoop.tmp.dir" : "/tmp/hadoop-${user.name}",
    "hadoop.native.lib" : "true",
    "map.sort.class" : "org.apache.hadoop.util.QuickSort",
    "dfs.namenode.decommission.nodes.per.interval" : "5",
    "dfs.https.need.client.auth" : "false",
    "dfs.datanode.drop.cache.behind.writes" : "false",
    "ipc.client.idlethreshold" : "4000",
    "mapred.system.dir" : "${hadoop.tmp.dir}/mapred/system",
    "dfs.datanode.data.dir.perm" : "755",
    "mapred.job.tracker.persist.jobstatus.hours" : "0",
    "dfs.namenode.logging.level" : "info",
    "dfs.datanode.address" : "0.0.0.0:50010",
    "io.skip.checksum.errors" : "false",
    "dfs.block.access.token.enable" : "false",
    "fs.default.name" : "hdfs://Master1:9000",
    "mapred.cluster.reduce.memory.mb" : "-1",
    "mapred.child.tmp" : "./tmp",
    "fs.har.impl.disable.cache" : "true",
    "dfs.safemode.threshold.pct" : "0.999f",
    "mapred.skip.reduce.max.skip.groups" : "0",
    "mapred.heartbeats.in.second" : "100",
    "dfs.namenode.handler.count" : "10",
    "dfs.blockreport.initialDelay" : "0",
    "mapred.tasktracker.dns.nameserver" : "default",
    "io.sort.factor" : "10",
    "dfs.datanode.drop.cache.behind.reads" : "false",
    "mapred.task.timeout" : "600000",
    "mapred.max.tracker.failures" : "4",
    "hadoop.rpc.socket.factory.class.default" : "org.apache.hadoop.net.StandardSocketFactory",
    "mapred.job.tracker.jobhistory.lru.cache.size" : "5",
    "fs.hdfs.impl" : "org.apache.hadoop.hdfs.DistributedFileSystem",
    "mapred.queue.default.acl-administer-jobs" : "*",
    "dfs.namenode.stale.datanode.interval" : "30000",
    "mapred.output.key.class" : "org.apache.hadoop.io.Text",
    "dfs.block.access.key.update.interval" : "600",
    "mapred.skip.map.auto.incr.proc.count" : "true",
    "mapreduce.job.complete.cancel.delegation.tokens" : "true",
    "io.mapfile.bloom.size" : "1048576",
    "mapreduce.reduce.shuffle.connect.timeout" : "180000",
    "dfs.safemode.extension" : "30000",
    "mapred.jobtracker.blacklist.fault-timeout-window" : "180",
    "dfs.namenode.write.stale.datanode.ratio" : "0.5f",
    "hadoop.skip.worker.version.check" : "false",
    "tasktracker.http.threads" : "40",
    "net.topology.impl" : "org.apache.hadoop.net.NetworkTopology",
    "mapred.job.shuffle.merge.percent" : "0.5",
    "fs.ftp.impl" : "org.apache.hadoop.fs.ftp.FTPFileSystem",
    "user.name" : "itri-hadoop",
    "dfs.namenode.kerberos.internal.spnego.principal" : "${dfs.web.authentication.kerberos.principal}",
    "mapred.output.compress" : "true",
    "io.bytes.per.checksum" : "512",
    "mapred.combine.recordsBeforeProgress" : "10000",
    "mapred.healthChecker.script.timeout" : "600000",
    "mapred.cache.files.filesizes" : "318",
    "topology.node.switch.mapping.impl" : "org.apache.hadoop.net.ScriptBasedMapping",
    "dfs.https.server.keystore.resource" : "ssl-server.xml",
    "mapred.reduce.slowstart.completed.maps" : "0.06",
    "mapred.reduce.max.attempts" : "4",
    "dfs.namenode.safemode.min.datanodes" : "0",
    "mapreduce.ifile.readahead.bytes" : "4194304",
    "fs.ramfs.impl" : "org.apache.hadoop.fs.InMemoryFileSystem",
    "dfs.block.access.token.lifetime" : "600",
    "mapred.skip.map.max.skip.records" : "0",
    "dfs.name.edits.dir" : "${dfs.name.dir}",
    "mapred.cluster.map.memory.mb" : "-1",
    "hadoop.security.group.mapping" : "org.apache.hadoop.security.ShellBasedUnixGroupsMapping",
    "mapred.job.tracker.persist.jobstatus.dir" : "/jobtracker/jobsInfo",
    "mapred.jar" : "hdfs://Master1:9000/tmp/hadoop-itri-hadoop/mapred/staging/itri-hadoop/.staging/job_201407031547_1609/job.jar",
    "fs.s3.buffer.dir" : "${hadoop.tmp.dir}/s3",
    "dfs.block.size" : "67108864",
    "job.end.retry.attempts" : "0",
    "fs.file.impl" : "org.apache.hadoop.fs.LocalFileSystem",
    "dfs.namenode.avoid.write.stale.datanode" : "false",
    "dfs.datanode.max.xcievers" : "4096",
    "mapred.local.dir.minspacestart" : "0",
    "mapred.output.compression.type" : "RECORD",
    "dfs.datanode.ipc.address" : "0.0.0.0:50020",
    "dfs.permissions" : "true",
    "topology.script.number.args" : "100",
    "mapreduce.job.counters.groups.max" : "50",
    "io.mapfile.bloom.error.rate" : "0.005",
    "mapred.cluster.max.reduce.memory.mb" : "-1",
    "mapred.max.tracker.blacklists" : "4",
    "mapred.task.profile.maps" : "0-2",
    "mapred.jobtracker.jobSchedulable" : "org.apache.hadoop.mapred.JobSchedulable",
    "dfs.datanode.https.address" : "0.0.0.0:50475",
    "mapred.userlog.retain.hours" : "24",
    "dfs.secondary.http.address" : "0.0.0.0:50090",
    "dfs.namenode.replication.work.multiplier.per.iteration" : "2",
    "dfs.replication.max" : "512",
    "mapred.job.tracker.persist.jobstatus.active" : "false",
    "hadoop.security.authorization" : "false",
    "local.cache.size" : "10737418240",
    "mapred.min.split.size" : "201326592",
    "dfs.namenode.delegation.token.renew-interval" : "86400000",
    "mapred.map.tasks" : "26",
    "mapred.child.java.opts" : "-Xmx200m",
    "mapred.partitioner.class" : "org.apache.hadoop.examples.terasort.TeraSort$TotalOrderPartitioner",
    "mapred.output.value.class" : "org.apache.hadoop.io.Text",
    "dfs.https.client.keystore.resource" : "ssl-client.xml",
    "ipc.client.fallback-to-simple-auth-allowed" : "false",
    "mapred.job.queue.name" : "default",
    "mapred.job.tracker.retiredjobs.cache.size" : "1000",
    "dfs.https.address" : "0.0.0.0:50470",
    "dfs.balance.bandwidthPerSec" : "1048576",
    "ipc.server.listen.queue.size" : "128",
    "dfs.namenode.invalidate.work.pct.per.iteration" : "0.32f",
    "mapred.inmem.merge.threshold" : "900",
    "job.end.retry.interval" : "30000",
    "mapred.skip.attempts.to.start.skipping" : "2",
    "mapreduce.tasktracker.outofband.heartbeat.damper" : "1000000",
    "hadoop.security.use-weak-http-crypto" : "false",
    "fs.checkpoint.dir" : "${hadoop.tmp.dir}/dfs/namesecondary",
    "dfs.namenode.avoid.read.stale.datanode" : "false",
    "mapred.reduce.tasks" : "8",
    "mapred.merge.recordsBeforeProgress" : "10000",
    "mapred.userlog.limit.kb" : "0",
    "mapred.job.reduce.memory.mb" : "-1",
    "webinterface.private.actions" : "false",
    "dfs.max.objects" : "0",
    "hadoop.security.token.service.use_ip" : "true",
    "io.sort.spill.percent" : "0.9",
    "mapred.job.shuffle.input.buffer.percent" : "0.7",
    "mapred.map.tasks.speculative.execution" : "true",
    "hadoop.http.authentication.type" : "simple",
    "mapred.job.name" : "TeraSort",
    "hadoop.util.hash.type" : "murmur",
    "dfs.datanode.dns.nameserver" : "default",
    "hadoop.security.instrumentation.requires.admin" : "false",
    "dfs.blockreport.intervalMsec" : "3600000",
    "dfs.datanode.readahead.bytes" : "4193404",
    "mapred.map.max.attempts" : "4",
    "mapreduce.job.acl-view-job" : " ",
    "mapreduce.ifile.readahead" : "true",
    "mapred.jobtracker.nodegroup.aware" : "false",
    "mapred.job.tracker.handler.count" : "10",
    "dfs.client.block.write.retries" : "3",
    "mapred.input.format.class" : "org.apache.hadoop.examples.terasort.TeraInputFormat",
    "mapreduce.reduce.shuffle.read.timeout" : "180000",
    "mapred.tasktracker.expiry.interval" : "600000",
    "dfs.secondary.namenode.kerberos.internal.spnego.principal" : "${dfs.web.authentication.kerberos.principal}",
    "dfs.https.enable" : "false",
    "mapred.jobtracker.job.history.block.size" : "3145728",
    "mapred.jobtracker.maxtasks.per.job" : "-1",
    "keep.failed.task.files" : "false",
    "dfs.datanode.use.datanode.hostname" : "false",
    "mapred.output.format.class" : "org.apache.hadoop.examples.terasort.TeraOutputFormat",
    "dfs.datanode.failed.volumes.tolerated" : "0",
    "ipc.client.tcpnodelay" : "false",
    "mapred.task.profile.reduces" : "0-2",
    "io.map.index.skip" : "0",
    "mapred.output.compression.codec" : "org.apache.hadoop.io.compress.DefaultCodec",
    "hadoop.http.authentication.token.validity" : "36000",
    "ipc.server.tcpnodelay" : "false",
    "hadoop.jetty.logs.serve.aliases" : "true",
    "mapred.working.dir" : "hdfs://Master1:9000/user/itri-hadoop",
    "mapred.jobtracker.blacklist.fault-bucket-width" : "15",
    "dfs.namenode.delegation.key.update-interval" : "86400000",
    "mapred.used.genericoptionsparser" : "true",
    "mapred.job.map.memory.mb" : "-1",
    "dfs.default.chunk.view.size" : "32768",
    "hadoop.logfile.size" : "10000000",
    "mapred.cache.files.timestamps" : "1405224409986",
    "mapred.reduce.tasks.speculative.execution" : "true",
    "mapreduce.tasktracker.outofband.heartbeat" : "false",
    "mapreduce.job.dir" : "hdfs://Master1:9000/tmp/hadoop-itri-hadoop/mapred/staging/itri-hadoop/.staging/job_201407031547_1609",
    "mapreduce.reduce.input.limit" : "-1",
    "dfs.datanode.du.reserved" : "0",
    "dfs.datanode.sync.behind.writes" : "false",
    "hadoop.security.authentication" : "simple",
    "fs.checkpoint.period" : "3600",
    "mapred.job.reuse.jvm.num.tasks" : "-1",
    "dfs.web.ugi" : "webuser,webgroup",
    "mapred.jobtracker.completeuserjobs.maximum" : "100",
    "dfs.df.interval" : "60000",
    "mapred.task.tracker.task-controller" : "org.apache.hadoop.mapred.DefaultTaskController",
    "dfs.data.dir" : "${hadoop.tmp.dir}/dfs/data",
    "fs.s3.maxRetries" : "4",
    "dfs.datanode.dns.interface" : "default",
    "mapred.cluster.max.map.memory.mb" : "-1",
    "mapreduce.reduce.shuffle.maxfetchfailures" : "10",
    "mapred.map.child.java.opts" : "-Xmx600M",
    "mapreduce.job.acl-modify-job" : " ",
    "fs.hftp.impl" : "org.apache.hadoop.hdfs.HftpFileSystem",
    "mapred.local.dir" : "${hadoop.tmp.dir}/mapred/local",
    "dfs.permissions.supergroup" : "supergroup",
    "fs.s3.sleepTimeSeconds" : "10",
    "fs.trash.interval" : "0",
    "mapred.submit.replication" : "10",
    "dfs.replication.min" : "1",
    "fs.har.impl" : "org.apache.hadoop.fs.HarFileSystem",
    "hadoop.relaxed.worker.version.check" : "false",
    "mapred.map.output.compression.codec" : "org.apache.hadoop.io.compress.DefaultCodec",
    "mapreduce.job.cache.files.visibilities" : "true",
    "mapred.tasktracker.dns.interface" : "default",
    "dfs.http.address" : "0.0.0.0:50070",
    "dfs.namenode.decommission.interval" : "30",
    "mapred.cache.files" : "hdfs://Master1:9000/tera-in5G/_partition.lst#_partition.lst",
    "mapred.job.tracker" : "Master1:9001",
    "dfs.heartbeat.interval" : "3",
    "hadoop.http.authentication.signature.secret.file" : "${user.home}/hadoop-http-auth-signature-secret",
    "io.seqfile.sorter.recordlimit" : "1000000",
    "mapreduce.job.submithost" : "Master1",
    "dfs.name.dir" : "${hadoop.tmp.dir}/dfs/name",
    "mapred.jobtracker.taskScheduler" : "org.apache.hadoop.mapred.JobQueueTaskScheduler",
    "mapred.line.input.format.linespermap" : "1",
    "mapred.create.symlink" : "yes",
    "dfs.datanode.http.address" : "0.0.0.0:50075",
    "fs.webhdfs.impl" : "org.apache.hadoop.hdfs.web.WebHdfsFileSystem",
    "mapred.local.dir.minspacekill" : "0",
    "dfs.image.transfer.bandwidthPerSec" : "0",
    "dfs.replication.interval" : "3",
    "io.sort.record.percent" : "0.09",
    "hadoop.http.authentication.kerberos.principal" : "HTTP/localhost@LOCALHOST",
    "fs.kfs.impl" : "org.apache.hadoop.fs.kfs.KosmosFileSystem",
    "mapred.tasktracker.reduce.tasks.maximum" : "2",
    "mapred.temp.dir" : "${hadoop.tmp.dir}/mapred/temp",
    "dfs.replication" : "1",
    "fs.checkpoint.edits.dir" : "${fs.checkpoint.dir}",
    "mapreduce.jobhistory.max-age-ms" : "2592000000",
    "mapred.tasktracker.tasks.sleeptime-before-sigkill" : "5000",
    "mapred.job.reduce.input.buffer.percent" : "0.6",
    "mapred.tasktracker.indexcache.mb" : "10",
    "dfs.webhdfs.enabled" : "false",
    "mapreduce.job.split.metainfo.maxsize" : "10000000",
    "hadoop.logfile.count" : "10",
    "mapred.skip.reduce.auto.incr.proc.count" : "true",
    "mapreduce.job.submithostaddress" : "192.168.1.100",
    "terasort.final.sync" : "true",
    "io.seqfile.compress.blocksize" : "1000000",
    "fs.s3.block.size" : "67108864",
    "mapred.tasktracker.taskmemorymanager.monitoring-interval" : "5000",
    "hadoop.http.authentication.simple.anonymous.allowed" : "true",
    "mapreduce.jobtracker.staging.root.dir" : "${hadoop.tmp.dir}/mapred/staging",
    "mapred.acls.enabled" : "false",
    "mapred.queue.default.state" : "RUNNING",
    "mapred.queue.names" : "default",
    "fs.hsftp.impl" : "org.apache.hadoop.hdfs.HsftpFileSystem",
    "dfs.access.time.precision" : "3600000",
    "mapred.task.tracker.http.address" : "0.0.0.0:50060",
    "io.seqfile.lazydecompress" : "true",
    "mapred.reduce.parallel.copies" : "5",
    "mapred.disk.healthChecker.interval" : "60000",
    "mapred.output.dir" : "hdfs://Master1:9000/tera-out",
    "ipc.client.connection.maxidletime" : "10000",
    "io.sort.mb" : "300",
    "mapred.reduce.child.java.opts" : "-Xmx400M",
    "mapred.task.tracker.report.address" : "127.0.0.1:0",
    "hadoop.security.uid.cache.secs" : "14400",
    "mapred.compress.map.output" : "false",
    "ipc.client.kill.max" : "10",
    "mapred.healthChecker.interval" : "60000",
    "ipc.client.connect.max.retries" : "10",
    "fs.s3.impl" : "org.apache.hadoop.fs.s3.S3FileSystem",
    "mapred.user.jobconf.limit" : "5242880",
    "mapreduce.job.counters.group.name.max" : "128",
    "mapred.job.tracker.http.address" : "0.0.0.0:50030",
    "mapred.input.dir" : "hdfs://Master1:9000/tera-in5G",
    "io.file.buffer.size" : "4096",
    "mapred.jobtracker.restart.recover" : "false",
    "io.serializations" : "org.apache.hadoop.io.serializer.WritableSerialization",
    "mapred.task.profile" : "false",
    "dfs.datanode.handler.count" : "3",
    "mapreduce.input.num.files" : "2",
    "mapreduce.jobhistory.cleaner.interval-ms" : "86400000",
    "dfs.replication.considerLoad" : "true",
    "jobclient.output.filter" : "FAILED",
    "dfs.namenode.edits.toleration.length" : "0",
    "hadoop.http.authentication.kerberos.keytab" : "${user.home}/hadoop.keytab",
    "dfs.namenode.delegation.token.max-lifetime" : "604800000",
    "mapred.tasktracker.map.tasks.maximum" : "4",
    "fs.checkpoint.size" : "67108864",
    "io.compression.codecs" : "org.apache.hadoop.io.compress.DefaultCodec,org.apache.hadoop.io.compress.GzipCodec,org.apache.hadoop.io.compress.BZip2Codec,org.apache.hadoop.io.compress.SnappyCodec",
    "mapreduce.job.counters.counter.name.max" : "64"
  },
  "computonsPerMapInputByte" : -1,
  "computonsPerMapOutputByte" : -1,
  "computonsPerReduceInputByte" : -1,
  "computonsPerReduceOutputByte" : -1,
  "heapMegabytes" : 200,
  "outcome" : "SUCCESS",
  "jobtype" : "JAVA",
  "directDependantJobs" : [ ],
  "successfulMapAttemptCDFs" : [ {
    "maximum" : 3185,
    "minimum" : 3175,
    "rankings" : [ {
      "datum" : 3175,
      "relativeRanking" : 0.05
    }, {
      "datum" : 3175,
      "relativeRanking" : 0.1
    }, {
      "datum" : 3175,
      "relativeRanking" : 0.15
    }, {
      "datum" : 3175,
      "relativeRanking" : 0.2
    }, {
      "datum" : 3175,
      "relativeRanking" : 0.25
    }, {
      "datum" : 3175,
      "relativeRanking" : 0.3
    }, {
      "datum" : 3175,
      "relativeRanking" : 0.35
    }, {
      "datum" : 3175,
      "relativeRanking" : 0.4
    }, {
      "datum" : 3175,
      "relativeRanking" : 0.45
    }, {
      "datum" : 3175,
      "relativeRanking" : 0.5
    }, {
      "datum" : 3175,
      "relativeRanking" : 0.55
    }, {
      "datum" : 3175,
      "relativeRanking" : 0.6
    }, {
      "datum" : 3175,
      "relativeRanking" : 0.65
    }, {
      "datum" : 3175,
      "relativeRanking" : 0.7
    }, {
      "datum" : 3175,
      "relativeRanking" : 0.75
    }, {
      "datum" : 3175,
      "relativeRanking" : 0.8
    }, {
      "datum" : 3175,
      "relativeRanking" : 0.85
    }, {
      "datum" : 3175,
      "relativeRanking" : 0.9
    }, {
      "datum" : 3175,
      "relativeRanking" : 0.95
    } ],
    "numberValues" : 2
  }, {
    "maximum" : 32026,
    "minimum" : 8258,
    "rankings" : [ {
      "datum" : 8258,
      "relativeRanking" : 0.05
    }, {
      "datum" : 8340,
      "relativeRanking" : 0.1
    }, {
      "datum" : 8428,
      "relativeRanking" : 0.15
    }, {
      "datum" : 8468,
      "relativeRanking" : 0.2
    }, {
      "datum" : 9340,
      "relativeRanking" : 0.25
    }, {
      "datum" : 9804,
      "relativeRanking" : 0.3
    }, {
      "datum" : 10011,
      "relativeRanking" : 0.35
    }, {
      "datum" : 11108,
      "relativeRanking" : 0.4
    }, {
      "datum" : 11122,
      "relativeRanking" : 0.45
    }, {
      "datum" : 14279,
      "relativeRanking" : 0.5
    }, {
      "datum" : 14416,
      "relativeRanking" : 0.55
    }, {
      "datum" : 14465,
      "relativeRanking" : 0.6
    }, {
      "datum" : 14497,
      "relativeRanking" : 0.65
    }, {
      "datum" : 14498,
      "relativeRanking" : 0.7
    }, {
      "datum" : 16541,
      "relativeRanking" : 0.75
    }, {
      "datum" : 16740,
      "relativeRanking" : 0.8
    }, {
      "datum" : 16875,
      "relativeRanking" : 0.85
    }, {
      "datum" : 17457,
      "relativeRanking" : 0.9
    }, {
      "datum" : 19187,
      "relativeRanking" : 0.95
    } ],
    "numberValues" : 24
  }, {
    "maximum" : 9223372036854775807,
    "minimum" : -9223372036854775808,
    "rankings" : [ ],
    "numberValues" : 0
  }, {
    "maximum" : 9223372036854775807,
    "minimum" : -9223372036854775808,
    "rankings" : [ ],
    "numberValues" : 0
  } ],
  "failedMapAttemptCDFs" : [ {
    "maximum" : 9223372036854775807,
    "minimum" : -9223372036854775808,
    "rankings" : [ ],
    "numberValues" : 0
  }, {
    "maximum" : 9223372036854775807,
    "minimum" : -9223372036854775808,
    "rankings" : [ ],
    "numberValues" : 0
  }, {
    "maximum" : 9223372036854775807,
    "minimum" : -9223372036854775808,
    "rankings" : [ ],
    "numberValues" : 0
  }, {
    "maximum" : 9223372036854775807,
    "minimum" : -9223372036854775808,
    "rankings" : [ ],
    "numberValues" : 0
  } ],
  "successfulReduceAttemptCDF" : {
    "maximum" : 72162,
    "minimum" : 63334,
    "rankings" : [ {
      "datum" : 63334,
      "relativeRanking" : 0.05
    }, {
      "datum" : 63334,
      "relativeRanking" : 0.1
    }, {
      "datum" : 63334,
      "relativeRanking" : 0.15
    }, {
      "datum" : 63334,
      "relativeRanking" : 0.2
    }, {
      "datum" : 64369,
      "relativeRanking" : 0.25
    }, {
      "datum" : 64369,
      "relativeRanking" : 0.3
    }, {
      "datum" : 64369,
      "relativeRanking" : 0.35
    }, {
      "datum" : 64844,
      "relativeRanking" : 0.4
    }, {
      "datum" : 64844,
      "relativeRanking" : 0.45
    }, {
      "datum" : 65159,
      "relativeRanking" : 0.5
    }, {
      "datum" : 65159,
      "relativeRanking" : 0.55
    }, {
      "datum" : 65159,
      "relativeRanking" : 0.6
    }, {
      "datum" : 68215,
      "relativeRanking" : 0.65
    }, {
      "datum" : 68215,
      "relativeRanking" : 0.7
    }, {
      "datum" : 69183,
      "relativeRanking" : 0.75
    }, {
      "datum" : 69183,
      "relativeRanking" : 0.8
    }, {
      "datum" : 69183,
      "relativeRanking" : 0.85
    }, {
      "datum" : 71044,
      "relativeRanking" : 0.9
    }, {
      "datum" : 71044,
      "relativeRanking" : 0.95
    } ],
    "numberValues" : 8
  },
  "failedReduceAttemptCDF" : {
    "maximum" : 9223372036854775807,
    "minimum" : -9223372036854775808,
    "rankings" : [ ],
    "numberValues" : 0
  },
  "priority" : "NORMAL"
}