{
  "jobID" : "job_201407031547_1940",
  "user" : "itri-hadoop",
  "jobName" : "TeraSort",
  "clusterMapMB" : -1,
  "clusterReduceMB" : -1,
  "jobReduceMB" : 200,
  "mapTasks" : [ {
    "startTime" : 1405387279489,
    "attempts" : [ {
      "result" : "SUCCESS",
      "startTime" : 1405387288504,
      "finishTime" : 1405387293885,
      "attemptID" : "attempt_201407031547_1940_m_000024_0",
      "shuffleFinished" : -1,
      "sortFinished" : -1,
      "hdfsBytesRead" : 84080989,
      "hdfsBytesWritten" : -1,
      "fileBytesRead" : 85796400,
      "fileBytesWritten" : 171585424,
      "mapInputRecords" : 840808,
      "mapOutputBytes" : 84080800,
      "mapOutputRecords" : 840808,
      "combineInputRecords" : 0,
      "reduceInputGroups" : -1,
      "reduceInputRecords" : -1,
      "reduceShuffleBytes" : -1,
      "reduceOutputRecords" : -1,
      "spilledRecords" : 1681616,
      "mapInputBytes" : 84080800,
      "resourceUsageMetrics" : {
        "cumulativeCpuUsage" : 3660,
        "virtualMemoryUsage" : 832860160,
        "physicalMemoryUsage" : 280948736,
        "heapUsage" : 316932096
      },
      "location" : {
        "layers" : [ "default-rack", "Slave11" ]
      },
      "hostName" : "/default-rack/Slave11"
    } ],
    "finishTime" : 1405387285121,
    "preferredLocations" : [ {
      "layers" : [ "default-rack", "Master1" ]
    }, {
      "layers" : [ "default-rack", "Slave12" ]
    }, {
      "layers" : [ "default-rack", "Slave11" ]
    } ],
    "taskType" : "MAP",
    "taskStatus" : "SUCCESS",
    "taskID" : "task_201407031547_1940_m_000024",
    "inputBytes" : 84080989,
    "inputRecords" : 840808,
    "outputBytes" : 171585424,
    "outputRecords" : 840808
  }, {
    "startTime" : 1405387279490,
    "attempts" : [ {
      "result" : "SUCCESS",
      "startTime" : 1405387288504,
      "finishTime" : 1405387293622,
      "attemptID" : "attempt_201407031547_1940_m_000025_0",
      "shuffleFinished" : -1,
      "sortFinished" : -1,
      "hdfsBytesRead" : 84080989,
      "hdfsBytesWritten" : -1,
      "fileBytesRead" : 85791724,
      "fileBytesWritten" : 171585424,
      "mapInputRecords" : 840808,
      "mapOutputBytes" : 84080800,
      "mapOutputRecords" : 840808,
      "combineInputRecords" : 0,
      "reduceInputGroups" : -1,
      "reduceInputRecords" : -1,
      "reduceShuffleBytes" : -1,
      "reduceOutputRecords" : -1,
      "spilledRecords" : 1681616,
      "mapInputBytes" : 84080800,
      "resourceUsageMetrics" : {
        "cumulativeCpuUsage" : 3340,
        "virtualMemoryUsage" : 830431232,
        "physicalMemoryUsage" : 270925824,
        "heapUsage" : 281280512
      },
      "location" : {
        "layers" : [ "default-rack", "Slave11" ]
      },
      "hostName" : "/default-rack/Slave11"
    } ],
    "finishTime" : 1405387284819,
    "preferredLocations" : [ {
      "layers" : [ "default-rack", "Slave13" ]
    }, {
      "layers" : [ "default-rack", "Slave11" ]
    }, {
      "layers" : [ "default-rack", "Slave12" ]
    } ],
    "taskType" : "MAP",
    "taskStatus" : "SUCCESS",
    "taskID" : "task_201407031547_1940_m_000025",
    "inputBytes" : 84080989,
    "inputRecords" : 840808,
    "outputBytes" : 171585424,
    "outputRecords" : 840808
  }, {
    "startTime" : 1405387279516,
    "attempts" : [ {
      "result" : "SUCCESS",
      "startTime" : 1405387275630,
      "finishTime" : 1405387291199,
      "attemptID" : "attempt_201407031547_1940_m_000000_0",
      "shuffleFinished" : -1,
      "sortFinished" : -1,
      "hdfsBytesRead" : 201330781,
      "hdfsBytesWritten" : -1,
      "fileBytesRead" : 205406154,
      "fileBytesWritten" : 410766950,
      "mapInputRecords" : 2013266,
      "mapOutputBytes" : 201326600,
      "mapOutputRecords" : 2013266,
      "combineInputRecords" : 0,
      "reduceInputGroups" : -1,
      "reduceInputRecords" : -1,
      "reduceShuffleBytes" : -1,
      "reduceOutputRecords" : -1,
      "spilledRecords" : 4026532,
      "mapInputBytes" : 201326600,
      "resourceUsageMetrics" : {
        "cumulativeCpuUsage" : 7520,
        "virtualMemoryUsage" : 832753664,
        "physicalMemoryUsage" : 285982720,
        "heapUsage" : 324534272
      },
      "location" : {
        "layers" : [ "default-rack", "Slave13" ]
      },
      "hostName" : "/default-rack/Slave13"
    } ],
    "finishTime" : 1405387295617,
    "preferredLocations" : [ {
      "layers" : [ "default-rack", "192\\.168\\.1\\.102" ]
    }, {
      "layers" : [ "default-rack", "192\\.168\\.1\\.100" ]
    }, {
      "layers" : [ "default-rack", "192\\.168\\.1\\.103" ]
    } ],
    "taskType" : "MAP",
    "taskStatus" : "SUCCESS",
    "taskID" : "task_201407031547_1940_m_000000",
    "inputBytes" : 201330781,
    "inputRecords" : 2013266,
    "outputBytes" : 410766950,
    "outputRecords" : 2013266
  }, {
    "startTime" : 1405387279516,
    "attempts" : [ {
      "result" : "SUCCESS",
      "startTime" : 1405387275631,
      "finishTime" : 1405387299937,
      "attemptID" : "attempt_201407031547_1940_m_000001_0",
      "shuffleFinished" : -1,
      "sortFinished" : -1,
      "hdfsBytesRead" : 201330781,
      "hdfsBytesWritten" : -1,
      "fileBytesRead" : 205409558,
      "fileBytesWritten" : 410766950,
      "mapInputRecords" : 2013266,
      "mapOutputBytes" : 201326600,
      "mapOutputRecords" : 2013266,
      "combineInputRecords" : 0,
      "reduceInputGroups" : -1,
      "reduceInputRecords" : -1,
      "reduceShuffleBytes" : -1,
      "reduceOutputRecords" : -1,
      "spilledRecords" : 4026532,
      "mapInputBytes" : 201326600,
      "resourceUsageMetrics" : {
        "cumulativeCpuUsage" : 7940,
        "virtualMemoryUsage" : 832196608,
        "physicalMemoryUsage" : 286777344,
        "heapUsage" : 324796416
      },
      "location" : {
        "layers" : [ "default-rack", "Slave13" ]
      },
      "hostName" : "/default-rack/Slave13"
    } ],
    "finishTime" : 1405387304428,
    "preferredLocations" : [ {
      "layers" : [ "default-rack", "192\\.168\\.1\\.100" ]
    }, {
      "layers" : [ "default-rack", "192\\.168\\.1\\.102" ]
    }, {
      "layers" : [ "default-rack", "192\\.168\\.1\\.103" ]
    } ],
    "taskType" : "MAP",
    "taskStatus" : "SUCCESS",
    "taskID" : "task_201407031547_1940_m_000001",
    "inputBytes" : 201330781,
    "inputRecords" : 2013266,
    "outputBytes" : 410766950,
    "outputRecords" : 2013266
  }, {
    "startTime" : 1405387279528,
    "attempts" : [ {
      "result" : "SUCCESS",
      "startTime" : 1405387279709,
      "finishTime" : 1405387293852,
      "attemptID" : "attempt_201407031547_1940_m_000002_0",
      "shuffleFinished" : -1,
      "sortFinished" : -1,
      "hdfsBytesRead" : 201330781,
      "hdfsBytesWritten" : -1,
      "fileBytesRead" : 205403298,
      "fileBytesWritten" : 410766950,
      "mapInputRecords" : 2013266,
      "mapOutputBytes" : 201326600,
      "mapOutputRecords" : 2013266,
      "combineInputRecords" : 0,
      "reduceInputGroups" : -1,
      "reduceInputRecords" : -1,
      "reduceShuffleBytes" : -1,
      "reduceOutputRecords" : -1,
      "spilledRecords" : 4026532,
      "mapInputBytes" : 201326600,
      "resourceUsageMetrics" : {
        "cumulativeCpuUsage" : 7820,
        "virtualMemoryUsage" : 831561728,
        "physicalMemoryUsage" : 301273088,
        "heapUsage" : 333709312
      },
      "location" : {
        "layers" : [ "default-rack", "Master1" ]
      },
      "hostName" : "/default-rack/Master1"
    } ],
    "finishTime" : 1405387293881,
    "preferredLocations" : [ {
      "layers" : [ "default-rack", "192\\.168\\.1\\.102" ]
    }, {
      "layers" : [ "default-rack", "192\\.168\\.1\\.100" ]
    }, {
      "layers" : [ "default-rack", "192\\.168\\.1\\.101" ]
    } ],
    "taskType" : "MAP",
    "taskStatus" : "SUCCESS",
    "taskID" : "task_201407031547_1940_m_000002",
    "inputBytes" : 201330781,
    "inputRecords" : 2013266,
    "outputBytes" : 410766950,
    "outputRecords" : 2013266
  }, {
    "startTime" : 1405387279529,
    "attempts" : [ {
      "result" : "SUCCESS",
      "startTime" : 1405387279709,
      "finishTime" : 1405387294252,
      "attemptID" : "attempt_201407031547_1940_m_000003_0",
      "shuffleFinished" : -1,
      "sortFinished" : -1,
      "hdfsBytesRead" : 201330781,
      "hdfsBytesWritten" : -1,
      "fileBytesRead" : 205407646,
      "fileBytesWritten" : 410766950,
      "mapInputRecords" : 2013266,
      "mapOutputBytes" : 201326600,
      "mapOutputRecords" : 2013266,
      "combineInputRecords" : 0,
      "reduceInputGroups" : -1,
      "reduceInputRecords" : -1,
      "reduceShuffleBytes" : -1,
      "reduceOutputRecords" : -1,
      "spilledRecords" : 4026532,
      "mapInputBytes" : 201326600,
      "resourceUsageMetrics" : {
        "cumulativeCpuUsage" : 7640,
        "virtualMemoryUsage" : 833060864,
        "physicalMemoryUsage" : 287100928,
        "heapUsage" : 362283008
      },
      "location" : {
        "layers" : [ "default-rack", "Master1" ]
      },
      "hostName" : "/default-rack/Master1"
    } ],
    "finishTime" : 1405387295220,
    "preferredLocations" : [ {
      "layers" : [ "default-rack", "192\\.168\\.1\\.100" ]
    }, {
      "layers" : [ "default-rack", "192\\.168\\.1\\.102" ]
    }, {
      "layers" : [ "default-rack", "192\\.168\\.1\\.103" ]
    } ],
    "taskType" : "MAP",
    "taskStatus" : "SUCCESS",
    "taskID" : "task_201407031547_1940_m_000003",
    "inputBytes" : 201330781,
    "inputRecords" : 2013266,
    "outputBytes" : 410766950,
    "outputRecords" : 2013266
  }, {
    "startTime" : 1405387279664,
    "attempts" : [ {
      "result" : "SUCCESS",
      "startTime" : 1405387270897,
      "finishTime" : 1405387281752,
      "attemptID" : "attempt_201407031547_1940_m_000004_0",
      "shuffleFinished" : -1,
      "sortFinished" : -1,
      "hdfsBytesRead" : 201330781,
      "hdfsBytesWritten" : -1,
      "fileBytesRead" : 205423114,
      "fileBytesWritten" : 410766950,
      "mapInputRecords" : 2013266,
      "mapOutputBytes" : 201326600,
      "mapOutputRecords" : 2013266,
      "combineInputRecords" : 0,
      "reduceInputGroups" : -1,
      "reduceInputRecords" : -1,
      "reduceShuffleBytes" : -1,
      "reduceOutputRecords" : -1,
      "spilledRecords" : 4026532,
      "mapInputBytes" : 201326600,
      "resourceUsageMetrics" : {
        "cumulativeCpuUsage" : 7530,
        "virtualMemoryUsage" : 832704512,
        "physicalMemoryUsage" : 285499392,
        "heapUsage" : 309854208
      },
      "location" : {
        "layers" : [ "default-rack", "Slave12" ]
      },
      "hostName" : "/default-rack/Slave12"
    } ],
    "finishTime" : 1405387290954,
    "preferredLocations" : [ {
      "layers" : [ "default-rack", "192\\.168\\.1\\.102" ]
    }, {
      "layers" : [ "default-rack", "192\\.168\\.1\\.100" ]
    }, {
      "layers" : [ "default-rack", "192\\.168\\.1\\.101" ]
    } ],
    "taskType" : "MAP",
    "taskStatus" : "SUCCESS",
    "taskID" : "task_201407031547_1940_m_000004",
    "inputBytes" : 201330781,
    "inputRecords" : 2013266,
    "outputBytes" : 410766950,
    "outputRecords" : 2013266
  }, {
    "startTime" : 1405387279664,
    "attempts" : [ {
      "result" : "SUCCESS",
      "startTime" : 1405387270897,
      "finishTime" : 1405387282734,
      "attemptID" : "attempt_201407031547_1940_m_000005_0",
      "shuffleFinished" : -1,
      "sortFinished" : -1,
      "hdfsBytesRead" : 201330781,
      "hdfsBytesWritten" : -1,
      "fileBytesRead" : 205408056,
      "fileBytesWritten" : 410766950,
      "mapInputRecords" : 2013266,
      "mapOutputBytes" : 201326600,
      "mapOutputRecords" : 2013266,
      "combineInputRecords" : 0,
      "reduceInputGroups" : -1,
      "reduceInputRecords" : -1,
      "reduceShuffleBytes" : -1,
      "reduceOutputRecords" : -1,
      "spilledRecords" : 4026532,
      "mapInputBytes" : 201326600,
      "resourceUsageMetrics" : {
        "cumulativeCpuUsage" : 7550,
        "virtualMemoryUsage" : 832528384,
        "physicalMemoryUsage" : 286117888,
        "heapUsage" : 309592064
      },
      "location" : {
        "layers" : [ "default-rack", "Slave12" ]
      },
      "hostName" : "/default-rack/Slave12"
    } ],
    "finishTime" : 1405387291856,
    "preferredLocations" : [ {
      "layers" : [ "default-rack", "192\\.168\\.1\\.100" ]
    }, {
      "layers" : [ "default-rack", "192\\.168\\.1\\.101" ]
    }, {
      "layers" : [ "default-rack", "192\\.168\\.1\\.102" ]
    } ],
    "taskType" : "MAP",
    "taskStatus" : "SUCCESS",
    "taskID" : "task_201407031547_1940_m_000005",
    "inputBytes" : 201330781,
    "inputRecords" : 2013266,
    "outputBytes" : 410766950,
    "outputRecords" : 2013266
  }, {
    "startTime" : 1405387284819,
    "attempts" : [ {
      "result" : "SUCCESS",
      "startTime" : 1405387293833,
      "finishTime" : 1405387306289,
      "attemptID" : "attempt_201407031547_1940_m_000006_0",
      "shuffleFinished" : -1,
      "sortFinished" : -1,
      "hdfsBytesRead" : 201330781,
      "hdfsBytesWritten" : -1,
      "fileBytesRead" : 205408946,
      "fileBytesWritten" : 410766951,
      "mapInputRecords" : 2013266,
      "mapOutputBytes" : 201326600,
      "mapOutputRecords" : 2013266,
      "combineInputRecords" : 0,
      "reduceInputGroups" : -1,
      "reduceInputRecords" : -1,
      "reduceShuffleBytes" : -1,
      "reduceOutputRecords" : -1,
      "spilledRecords" : 4026532,
      "mapInputBytes" : 201326600,
      "resourceUsageMetrics" : {
        "cumulativeCpuUsage" : 5110,
        "virtualMemoryUsage" : 833191936,
        "physicalMemoryUsage" : 293511168,
        "heapUsage" : 316407808
      },
      "location" : {
        "layers" : [ "default-rack", "Slave11" ]
      },
      "hostName" : "/default-rack/Slave11"
    } ],
    "finishTime" : 1405387297577,
    "preferredLocations" : [ {
      "layers" : [ "default-rack", "192\\.168\\.1\\.100" ]
    }, {
      "layers" : [ "default-rack", "192\\.168\\.1\\.101" ]
    }, {
      "layers" : [ "default-rack", "192\\.168\\.1\\.103" ]
    } ],
    "taskType" : "MAP",
    "taskStatus" : "SUCCESS",
    "taskID" : "task_201407031547_1940_m_000006",
    "inputBytes" : 201330781,
    "inputRecords" : 2013266,
    "outputBytes" : 410766951,
    "outputRecords" : 2013266
  }, {
    "startTime" : 1405387285121,
    "attempts" : [ {
      "result" : "SUCCESS",
      "startTime" : 1405387294138,
      "finishTime" : 1405387305430,
      "attemptID" : "attempt_201407031547_1940_m_000007_0",
      "shuffleFinished" : -1,
      "sortFinished" : -1,
      "hdfsBytesRead" : 201330781,
      "hdfsBytesWritten" : -1,
      "fileBytesRead" : 205398998,
      "fileBytesWritten" : 410766951,
      "mapInputRecords" : 2013266,
      "mapOutputBytes" : 201326600,
      "mapOutputRecords" : 2013266,
      "combineInputRecords" : 0,
      "reduceInputGroups" : -1,
      "reduceInputRecords" : -1,
      "reduceShuffleBytes" : -1,
      "reduceOutputRecords" : -1,
      "spilledRecords" : 4026532,
      "mapInputBytes" : 201326600,
      "resourceUsageMetrics" : {
        "cumulativeCpuUsage" : 5350,
        "virtualMemoryUsage" : 833523712,
        "physicalMemoryUsage" : 397066240,
        "heapUsage" : 340000768
      },
      "location" : {
        "layers" : [ "default-rack", "Slave11" ]
      },
      "hostName" : "/default-rack/Slave11"
    } ],
    "finishTime" : 1405387296424,
    "preferredLocations" : [ {
      "layers" : [ "default-rack", "192\\.168\\.1\\.102" ]
    }, {
      "layers" : [ "default-rack", "192\\.168\\.1\\.101" ]
    }, {
      "layers" : [ "default-rack", "192\\.168\\.1\\.100" ]
    } ],
    "taskType" : "MAP",
    "taskStatus" : "SUCCESS",
    "taskID" : "task_201407031547_1940_m_000007",
    "inputBytes" : 201330781,
    "inputRecords" : 2013266,
    "outputBytes" : 410766951,
    "outputRecords" : 2013266
  }, {
    "startTime" : 1405387290954,
    "attempts" : [ {
      "result" : "SUCCESS",
      "startTime" : 1405387282052,
      "finishTime" : 1405387296684,
      "attemptID" : "attempt_201407031547_1940_m_000008_0",
      "shuffleFinished" : -1,
      "sortFinished" : -1,
      "hdfsBytesRead" : 201330781,
      "hdfsBytesWritten" : -1,
      "fileBytesRead" : 205412066,
      "fileBytesWritten" : 410766950,
      "mapInputRecords" : 2013266,
      "mapOutputBytes" : 201326600,
      "mapOutputRecords" : 2013266,
      "combineInputRecords" : 0,
      "reduceInputGroups" : -1,
      "reduceInputRecords" : -1,
      "reduceShuffleBytes" : -1,
      "reduceOutputRecords" : -1,
      "spilledRecords" : 4026532,
      "mapInputBytes" : 201326600,
      "resourceUsageMetrics" : {
        "cumulativeCpuUsage" : 5660,
        "virtualMemoryUsage" : 833368064,
        "physicalMemoryUsage" : 289087488,
        "heapUsage" : 371720192
      },
      "location" : {
        "layers" : [ "default-rack", "Slave12" ]
      },
      "hostName" : "/default-rack/Slave12"
    } ],
    "finishTime" : 1405387305684,
    "preferredLocations" : [ {
      "layers" : [ "default-rack", "192\\.168\\.1\\.100" ]
    }, {
      "layers" : [ "default-rack", "192\\.168\\.1\\.102" ]
    }, {
      "layers" : [ "default-rack", "192\\.168\\.1\\.103" ]
    } ],
    "taskType" : "MAP",
    "taskStatus" : "SUCCESS",
    "taskID" : "task_201407031547_1940_m_000008",
    "inputBytes" : 201330781,
    "inputRecords" : 2013266,
    "outputBytes" : 410766950,
    "outputRecords" : 2013266
  }, {
    "startTime" : 1405387291856,
    "attempts" : [ {
      "result" : "SUCCESS",
      "startTime" : 1405387282954,
      "finishTime" : 1405387291135,
      "attemptID" : "attempt_201407031547_1940_m_000009_0",
      "shuffleFinished" : -1,
      "sortFinished" : -1,
      "hdfsBytesRead" : 201330781,
      "hdfsBytesWritten" : -1,
      "fileBytesRead" : 205406006,
      "fileBytesWritten" : 410766950,
      "mapInputRecords" : 2013266,
      "mapOutputBytes" : 201326600,
      "mapOutputRecords" : 2013266,
      "combineInputRecords" : 0,
      "reduceInputGroups" : -1,
      "reduceInputRecords" : -1,
      "reduceShuffleBytes" : -1,
      "reduceOutputRecords" : -1,
      "spilledRecords" : 4026532,
      "mapInputBytes" : 201326600,
      "resourceUsageMetrics" : {
        "cumulativeCpuUsage" : 5120,
        "virtualMemoryUsage" : 832143360,
        "physicalMemoryUsage" : 285708288,
        "heapUsage" : 371458048
      },
      "location" : {
        "layers" : [ "default-rack", "Slave12" ]
      },
      "hostName" : "/default-rack/Slave12"
    } ],
    "finishTime" : 1405387300221,
    "preferredLocations" : [ {
      "layers" : [ "default-rack", "192\\.168\\.1\\.100" ]
    }, {
      "layers" : [ "default-rack", "192\\.168\\.1\\.102" ]
    }, {
      "layers" : [ "default-rack", "192\\.168\\.1\\.101" ]
    } ],
    "taskType" : "MAP",
    "taskStatus" : "SUCCESS",
    "taskID" : "task_201407031547_1940_m_000009",
    "inputBytes" : 201330781,
    "inputRecords" : 2013266,
    "outputBytes" : 410766950,
    "outputRecords" : 2013266
  }, {
    "startTime" : 1405387293881,
    "attempts" : [ {
      "result" : "SUCCESS",
      "startTime" : 1405387293882,
      "finishTime" : 1405387308490,
      "attemptID" : "attempt_201407031547_1940_m_000010_0",
      "shuffleFinished" : -1,
      "sortFinished" : -1,
      "hdfsBytesRead" : 201330781,
      "hdfsBytesWritten" : -1,
      "fileBytesRead" : 205408118,
      "fileBytesWritten" : 410766951,
      "mapInputRecords" : 2013266,
      "mapOutputBytes" : 201326600,
      "mapOutputRecords" : 2013266,
      "combineInputRecords" : 0,
      "reduceInputGroups" : -1,
      "reduceInputRecords" : -1,
      "reduceShuffleBytes" : -1,
      "reduceOutputRecords" : -1,
      "spilledRecords" : 4026532,
      "mapInputBytes" : 201326600,
      "resourceUsageMetrics" : {
        "cumulativeCpuUsage" : 5770,
        "virtualMemoryUsage" : 832557056,
        "physicalMemoryUsage" : 394952704,
        "heapUsage" : 334233600
      },
      "location" : {
        "layers" : [ "default-rack", "Master1" ]
      },
      "hostName" : "/default-rack/Master1"
    } ],
    "finishTime" : 1405387308647,
    "preferredLocations" : [ {
      "layers" : [ "default-rack", "192\\.168\\.1\\.100" ]
    }, {
      "layers" : [ "default-rack", "192\\.168\\.1\\.103" ]
    }, {
      "layers" : [ "default-rack", "192\\.168\\.1\\.101" ]
    } ],
    "taskType" : "MAP",
    "taskStatus" : "SUCCESS",
    "taskID" : "task_201407031547_1940_m_000010",
    "inputBytes" : 201330781,
    "inputRecords" : 2013266,
    "outputBytes" : 410766951,
    "outputRecords" : 2013266
  }, {
    "startTime" : 1405387295221,
    "attempts" : [ {
      "result" : "SUCCESS",
      "startTime" : 1405387295222,
      "finishTime" : 1405387311165,
      "attemptID" : "attempt_201407031547_1940_m_000011_0",
      "shuffleFinished" : -1,
      "sortFinished" : -1,
      "hdfsBytesRead" : 201330781,
      "hdfsBytesWritten" : -1,
      "fileBytesRead" : 205414308,
      "fileBytesWritten" : 410766951,
      "mapInputRecords" : 2013266,
      "mapOutputBytes" : 201326600,
      "mapOutputRecords" : 2013266,
      "combineInputRecords" : 0,
      "reduceInputGroups" : -1,
      "reduceInputRecords" : -1,
      "reduceShuffleBytes" : -1,
      "reduceOutputRecords" : -1,
      "spilledRecords" : 4026532,
      "mapInputBytes" : 201326600,
      "resourceUsageMetrics" : {
        "cumulativeCpuUsage" : 5670,
        "virtualMemoryUsage" : 833724416,
        "physicalMemoryUsage" : 453840896,
        "heapUsage" : 399769600
      },
      "location" : {
        "layers" : [ "default-rack", "Master1" ]
      },
      "hostName" : "/default-rack/Master1"
    } ],
    "finishTime" : 1405387311451,
    "preferredLocations" : [ {
      "layers" : [ "default-rack", "192\\.168\\.1\\.100" ]
    }, {
      "layers" : [ "default-rack", "192\\.168\\.1\\.102" ]
    }, {
      "layers" : [ "default-rack", "192\\.168\\.1\\.103" ]
    } ],
    "taskType" : "MAP",
    "taskStatus" : "SUCCESS",
    "taskID" : "task_201407031547_1940_m_000011",
    "inputBytes" : 201330781,
    "inputRecords" : 2013266,
    "outputBytes" : 410766951,
    "outputRecords" : 2013266
  }, {
    "startTime" : 1405387295617,
    "attempts" : [ {
      "result" : "SUCCESS",
      "startTime" : 1405387291487,
      "finishTime" : 1405387310339,
      "attemptID" : "attempt_201407031547_1940_m_000012_0",
      "shuffleFinished" : -1,
      "sortFinished" : -1,
      "hdfsBytesRead" : 201330781,
      "hdfsBytesWritten" : -1,
      "fileBytesRead" : 205412012,
      "fileBytesWritten" : 410766951,
      "mapInputRecords" : 2013266,
      "mapOutputBytes" : 201326600,
      "mapOutputRecords" : 2013266,
      "combineInputRecords" : 0,
      "reduceInputGroups" : -1,
      "reduceInputRecords" : -1,
      "reduceShuffleBytes" : -1,
      "reduceOutputRecords" : -1,
      "spilledRecords" : 4026532,
      "mapInputBytes" : 201326600,
      "resourceUsageMetrics" : {
        "cumulativeCpuUsage" : 5630,
        "virtualMemoryUsage" : 833417216,
        "physicalMemoryUsage" : 426065920,
        "heapUsage" : 368574464
      },
      "location" : {
        "layers" : [ "default-rack", "Slave13" ]
      },
      "hostName" : "/default-rack/Slave13"
    } ],
    "finishTime" : 1405387315306,
    "preferredLocations" : [ {
      "layers" : [ "default-rack", "192\\.168\\.1\\.103" ]
    }, {
      "layers" : [ "default-rack", "192\\.168\\.1\\.100" ]
    }, {
      "layers" : [ "default-rack", "192\\.168\\.1\\.101" ]
    } ],
    "taskType" : "MAP",
    "taskStatus" : "SUCCESS",
    "taskID" : "task_201407031547_1940_m_000012",
    "inputBytes" : 201330781,
    "inputRecords" : 2013266,
    "outputBytes" : 410766951,
    "outputRecords" : 2013266
  }, {
    "startTime" : 1405387296425,
    "attempts" : [ {
      "result" : "SUCCESS",
      "startTime" : 1405387305439,
      "finishTime" : 1405387340354,
      "attemptID" : "attempt_201407031547_1940_m_000013_0",
      "shuffleFinished" : -1,
      "sortFinished" : -1,
      "hdfsBytesRead" : 201330781,
      "hdfsBytesWritten" : -1,
      "fileBytesRead" : 205411588,
      "fileBytesWritten" : 410766952,
      "mapInputRecords" : 2013266,
      "mapOutputBytes" : 201326600,
      "mapOutputRecords" : 2013266,
      "combineInputRecords" : 0,
      "reduceInputGroups" : -1,
      "reduceInputRecords" : -1,
      "reduceShuffleBytes" : -1,
      "reduceOutputRecords" : -1,
      "spilledRecords" : 4026532,
      "mapInputBytes" : 201326600,
      "resourceUsageMetrics" : {
        "cumulativeCpuUsage" : 6480,
        "virtualMemoryUsage" : 833523712,
        "physicalMemoryUsage" : 455122944,
        "heapUsage" : 405798912
      },
      "location" : {
        "layers" : [ "default-rack", "Slave11" ]
      },
      "hostName" : "/default-rack/Slave11"
    } ],
    "finishTime" : 1405387331391,
    "preferredLocations" : [ {
      "layers" : [ "default-rack", "192\\.168\\.1\\.100" ]
    }, {
      "layers" : [ "default-rack", "192\\.168\\.1\\.103" ]
    }, {
      "layers" : [ "default-rack", "192\\.168\\.1\\.102" ]
    } ],
    "taskType" : "MAP",
    "taskStatus" : "SUCCESS",
    "taskID" : "task_201407031547_1940_m_000013",
    "inputBytes" : 201330781,
    "inputRecords" : 2013266,
    "outputBytes" : 410766952,
    "outputRecords" : 2013266
  }, {
    "startTime" : 1405387297577,
    "attempts" : [ {
      "result" : "SUCCESS",
      "startTime" : 1405387306591,
      "finishTime" : 1405387316551,
      "attemptID" : "attempt_201407031547_1940_m_000014_0",
      "shuffleFinished" : -1,
      "sortFinished" : -1,
      "hdfsBytesRead" : 201330781,
      "hdfsBytesWritten" : -1,
      "fileBytesRead" : 205413546,
      "fileBytesWritten" : 410766952,
      "mapInputRecords" : 2013266,
      "mapOutputBytes" : 201326600,
      "mapOutputRecords" : 2013266,
      "combineInputRecords" : 0,
      "reduceInputGroups" : -1,
      "reduceInputRecords" : -1,
      "reduceShuffleBytes" : -1,
      "reduceOutputRecords" : -1,
      "spilledRecords" : 4026532,
      "mapInputBytes" : 201326600,
      "resourceUsageMetrics" : {
        "cumulativeCpuUsage" : 5160,
        "virtualMemoryUsage" : 833191936,
        "physicalMemoryUsage" : 215740416,
        "heapUsage" : 155451392
      },
      "location" : {
        "layers" : [ "default-rack", "Slave11" ]
      },
      "hostName" : "/default-rack/Slave11"
    } ],
    "finishTime" : 1405387307716,
    "preferredLocations" : [ {
      "layers" : [ "default-rack", "192\\.168\\.1\\.103" ]
    }, {
      "layers" : [ "default-rack", "192\\.168\\.1\\.101" ]
    }, {
      "layers" : [ "default-rack", "192\\.168\\.1\\.100" ]
    } ],
    "taskType" : "MAP",
    "taskStatus" : "SUCCESS",
    "taskID" : "task_201407031547_1940_m_000014",
    "inputBytes" : 201330781,
    "inputRecords" : 2013266,
    "outputBytes" : 410766952,
    "outputRecords" : 2013266
  }, {
    "startTime" : 1405387300222,
    "attempts" : [ {
      "result" : "SUCCESS",
      "startTime" : 1405387291319,
      "finishTime" : 1405387325258,
      "attemptID" : "attempt_201407031547_1940_m_000015_0",
      "shuffleFinished" : -1,
      "sortFinished" : -1,
      "hdfsBytesRead" : 201330781,
      "hdfsBytesWritten" : -1,
      "fileBytesRead" : 205410112,
      "fileBytesWritten" : 410766951,
      "mapInputRecords" : 2013266,
      "mapOutputBytes" : 201326600,
      "mapOutputRecords" : 2013266,
      "combineInputRecords" : 0,
      "reduceInputGroups" : -1,
      "reduceInputRecords" : -1,
      "reduceShuffleBytes" : -1,
      "reduceOutputRecords" : -1,
      "spilledRecords" : 4026532,
      "mapInputBytes" : 201326600,
      "resourceUsageMetrics" : {
        "cumulativeCpuUsage" : 6170,
        "virtualMemoryUsage" : 832475136,
        "physicalMemoryUsage" : 467824640,
        "heapUsage" : 409993216
      },
      "location" : {
        "layers" : [ "default-rack", "Slave12" ]
      },
      "hostName" : "/default-rack/Slave12"
    } ],
    "finishTime" : 1405387334462,
    "preferredLocations" : [ {
      "layers" : [ "default-rack", "192\\.168\\.1\\.103" ]
    }, {
      "layers" : [ "default-rack", "192\\.168\\.1\\.101" ]
    }, {
      "layers" : [ "default-rack", "192\\.168\\.1\\.100" ]
    } ],
    "taskType" : "MAP",
    "taskStatus" : "SUCCESS",
    "taskID" : "task_201407031547_1940_m_000015",
    "inputBytes" : 201330781,
    "inputRecords" : 2013266,
    "outputBytes" : 410766951,
    "outputRecords" : 2013266
  }, {
    "startTime" : 1405387304429,
    "attempts" : [ {
      "result" : "SUCCESS",
      "startTime" : 1405387301438,
      "finishTime" : 1405387325146,
      "attemptID" : "attempt_201407031547_1940_m_000016_0",
      "shuffleFinished" : -1,
      "sortFinished" : -1,
      "hdfsBytesRead" : 201330781,
      "hdfsBytesWritten" : -1,
      "fileBytesRead" : 205412158,
      "fileBytesWritten" : 410766951,
      "mapInputRecords" : 2013266,
      "mapOutputBytes" : 201326600,
      "mapOutputRecords" : 2013266,
      "combineInputRecords" : 0,
      "reduceInputGroups" : -1,
      "reduceInputRecords" : -1,
      "reduceShuffleBytes" : -1,
      "reduceOutputRecords" : -1,
      "spilledRecords" : 4026532,
      "mapInputBytes" : 201326600,
      "resourceUsageMetrics" : {
        "cumulativeCpuUsage" : 5670,
        "virtualMemoryUsage" : 833327104,
        "physicalMemoryUsage" : 427884544,
        "heapUsage" : 381157376
      },
      "location" : {
        "layers" : [ "default-rack", "Slave13" ]
      },
      "hostName" : "/default-rack/Slave13"
    } ],
    "finishTime" : 1405387329569,
    "preferredLocations" : [ {
      "layers" : [ "default-rack", "192\\.168\\.1\\.101" ]
    }, {
      "layers" : [ "default-rack", "192\\.168\\.1\\.103" ]
    }, {
      "layers" : [ "default-rack", "192\\.168\\.1\\.100" ]
    } ],
    "taskType" : "MAP",
    "taskStatus" : "SUCCESS",
    "taskID" : "task_201407031547_1940_m_000016",
    "inputBytes" : 201330781,
    "inputRecords" : 2013266,
    "outputBytes" : 410766951,
    "outputRecords" : 2013266
  }, {
    "startTime" : 1405387305684,
    "attempts" : [ {
      "result" : "SUCCESS",
      "startTime" : 1405387296853,
      "finishTime" : 1405387320045,
      "attemptID" : "attempt_201407031547_1940_m_000017_0",
      "shuffleFinished" : -1,
      "sortFinished" : -1,
      "hdfsBytesRead" : 201330781,
      "hdfsBytesWritten" : -1,
      "fileBytesRead" : 205404964,
      "fileBytesWritten" : 410766951,
      "mapInputRecords" : 2013266,
      "mapOutputBytes" : 201326600,
      "mapOutputRecords" : 2013266,
      "combineInputRecords" : 0,
      "reduceInputGroups" : -1,
      "reduceInputRecords" : -1,
      "reduceShuffleBytes" : -1,
      "reduceOutputRecords" : -1,
      "spilledRecords" : 4026532,
      "mapInputBytes" : 201326600,
      "resourceUsageMetrics" : {
        "cumulativeCpuUsage" : 6390,
        "virtualMemoryUsage" : 833368064,
        "physicalMemoryUsage" : 481169408,
        "heapUsage" : 424673280
      },
      "location" : {
        "layers" : [ "default-rack", "Slave12" ]
      },
      "hostName" : "/default-rack/Slave12"
    } ],
    "finishTime" : 1405387329186,
    "preferredLocations" : [ {
      "layers" : [ "default-rack", "192\\.168\\.1\\.103" ]
    }, {
      "layers" : [ "default-rack", "192\\.168\\.1\\.100" ]
    }, {
      "layers" : [ "default-rack", "192\\.168\\.1\\.101" ]
    } ],
    "taskType" : "MAP",
    "taskStatus" : "SUCCESS",
    "taskID" : "task_201407031547_1940_m_000017",
    "inputBytes" : 201330781,
    "inputRecords" : 2013266,
    "outputBytes" : 410766951,
    "outputRecords" : 2013266
  }, {
    "startTime" : 1405387307716,
    "attempts" : [ {
      "result" : "SUCCESS",
      "startTime" : 1405387316730,
      "finishTime" : 1405387327248,
      "attemptID" : "attempt_201407031547_1940_m_000018_0",
      "shuffleFinished" : -1,
      "sortFinished" : -1,
      "hdfsBytesRead" : 201330781,
      "hdfsBytesWritten" : -1,
      "fileBytesRead" : 205404744,
      "fileBytesWritten" : 410766952,
      "mapInputRecords" : 2013266,
      "mapOutputBytes" : 201326600,
      "mapOutputRecords" : 2013266,
      "combineInputRecords" : 0,
      "reduceInputGroups" : -1,
      "reduceInputRecords" : -1,
      "reduceShuffleBytes" : -1,
      "reduceOutputRecords" : -1,
      "spilledRecords" : 4026532,
      "mapInputBytes" : 201326600,
      "resourceUsageMetrics" : {
        "cumulativeCpuUsage" : 4930,
        "virtualMemoryUsage" : 833191936,
        "physicalMemoryUsage" : 322715648,
        "heapUsage" : 354156544
      },
      "location" : {
        "layers" : [ "default-rack", "Slave11" ]
      },
      "hostName" : "/default-rack/Slave11"
    } ],
    "finishTime" : 1405387318514,
    "preferredLocations" : [ {
      "layers" : [ "default-rack", "192\\.168\\.1\\.102" ]
    }, {
      "layers" : [ "default-rack", "192\\.168\\.1\\.101" ]
    }, {
      "layers" : [ "default-rack", "192\\.168\\.1\\.103" ]
    } ],
    "taskType" : "MAP",
    "taskStatus" : "SUCCESS",
    "taskID" : "task_201407031547_1940_m_000018",
    "inputBytes" : 201330781,
    "inputRecords" : 2013266,
    "outputBytes" : 410766952,
    "outputRecords" : 2013266
  }, {
    "startTime" : 1405387308648,
    "attempts" : [ {
      "result" : "SUCCESS",
      "startTime" : 1405387308648,
      "finishTime" : 1405387322105,
      "attemptID" : "attempt_201407031547_1940_m_000019_0",
      "shuffleFinished" : -1,
      "sortFinished" : -1,
      "hdfsBytesRead" : 201330781,
      "hdfsBytesWritten" : -1,
      "fileBytesRead" : 205417198,
      "fileBytesWritten" : 410766951,
      "mapInputRecords" : 2013266,
      "mapOutputBytes" : 201326600,
      "mapOutputRecords" : 2013266,
      "combineInputRecords" : 0,
      "reduceInputGroups" : -1,
      "reduceInputRecords" : -1,
      "reduceShuffleBytes" : -1,
      "reduceOutputRecords" : -1,
      "spilledRecords" : 4026532,
      "mapInputBytes" : 201326600,
      "resourceUsageMetrics" : {
        "cumulativeCpuUsage" : 5600,
        "virtualMemoryUsage" : 832557056,
        "physicalMemoryUsage" : 521502720,
        "heapUsage" : 473694208
      },
      "location" : {
        "layers" : [ "default-rack", "Master1" ]
      },
      "hostName" : "/default-rack/Master1"
    } ],
    "finishTime" : 1405387322843,
    "preferredLocations" : [ {
      "layers" : [ "default-rack", "192\\.168\\.1\\.103" ]
    }, {
      "layers" : [ "default-rack", "192\\.168\\.1\\.101" ]
    }, {
      "layers" : [ "default-rack", "192\\.168\\.1\\.100" ]
    } ],
    "taskType" : "MAP",
    "taskStatus" : "SUCCESS",
    "taskID" : "task_201407031547_1940_m_000019",
    "inputBytes" : 201330781,
    "inputRecords" : 2013266,
    "outputBytes" : 410766951,
    "outputRecords" : 2013266
  }, {
    "startTime" : 1405387311451,
    "attempts" : [ {
      "result" : "SUCCESS",
      "startTime" : 1405387311452,
      "finishTime" : 1405387331330,
      "attemptID" : "attempt_201407031547_1940_m_000020_0",
      "shuffleFinished" : -1,
      "sortFinished" : -1,
      "hdfsBytesRead" : 201330781,
      "hdfsBytesWritten" : -1,
      "fileBytesRead" : 205414552,
      "fileBytesWritten" : 410766951,
      "mapInputRecords" : 2013266,
      "mapOutputBytes" : 201326600,
      "mapOutputRecords" : 2013266,
      "combineInputRecords" : 0,
      "reduceInputGroups" : -1,
      "reduceInputRecords" : -1,
      "reduceShuffleBytes" : -1,
      "reduceOutputRecords" : -1,
      "spilledRecords" : 4026532,
      "mapInputBytes" : 201326600,
      "resourceUsageMetrics" : {
        "cumulativeCpuUsage" : 6090,
        "virtualMemoryUsage" : 833724416,
        "physicalMemoryUsage" : 479637504,
        "heapUsage" : 425197568
      },
      "location" : {
        "layers" : [ "default-rack", "Master1" ]
      },
      "hostName" : "/default-rack/Master1"
    } ],
    "finishTime" : 1405387331333,
    "preferredLocations" : [ {
      "layers" : [ "default-rack", "192\\.168\\.1\\.103" ]
    }, {
      "layers" : [ "default-rack", "192\\.168\\.1\\.101" ]
    }, {
      "layers" : [ "default-rack", "192\\.168\\.1\\.102" ]
    } ],
    "taskType" : "MAP",
    "taskStatus" : "SUCCESS",
    "taskID" : "task_201407031547_1940_m_000020",
    "inputBytes" : 201330781,
    "inputRecords" : 2013266,
    "outputBytes" : 410766951,
    "outputRecords" : 2013266
  }, {
    "startTime" : 1405387315306,
    "attempts" : [ {
      "result" : "SUCCESS",
      "startTime" : 1405387311174,
      "finishTime" : 1405387330106,
      "attemptID" : "attempt_201407031547_1940_m_000021_0",
      "shuffleFinished" : -1,
      "sortFinished" : -1,
      "hdfsBytesRead" : 201330781,
      "hdfsBytesWritten" : -1,
      "fileBytesRead" : 205418474,
      "fileBytesWritten" : 410766951,
      "mapInputRecords" : 2013266,
      "mapOutputBytes" : 201326600,
      "mapOutputRecords" : 2013266,
      "combineInputRecords" : 0,
      "reduceInputGroups" : -1,
      "reduceInputRecords" : -1,
      "reduceShuffleBytes" : -1,
      "reduceOutputRecords" : -1,
      "spilledRecords" : 4026532,
      "mapInputBytes" : 201326600,
      "resourceUsageMetrics" : {
        "cumulativeCpuUsage" : 5450,
        "virtualMemoryUsage" : 833417216,
        "physicalMemoryUsage" : 441217024,
        "heapUsage" : 384827392
      },
      "location" : {
        "layers" : [ "default-rack", "Slave13" ]
      },
      "hostName" : "/default-rack/Slave13"
    } ],
    "finishTime" : 1405387334486,
    "preferredLocations" : [ {
      "layers" : [ "default-rack", "192\\.168\\.1\\.101" ]
    }, {
      "layers" : [ "default-rack", "192\\.168\\.1\\.103" ]
    }, {
      "layers" : [ "default-rack", "192\\.168\\.1\\.102" ]
    } ],
    "taskType" : "MAP",
    "taskStatus" : "SUCCESS",
    "taskID" : "task_201407031547_1940_m_000021",
    "inputBytes" : 201330781,
    "inputRecords" : 2013266,
    "outputBytes" : 410766951,
    "outputRecords" : 2013266
  }, {
    "startTime" : 1405387318514,
    "attempts" : [ {
      "result" : "SUCCESS",
      "startTime" : 1405387327528,
      "finishTime" : 1405387350180,
      "attemptID" : "attempt_201407031547_1940_m_000022_0",
      "shuffleFinished" : -1,
      "sortFinished" : -1,
      "hdfsBytesRead" : 201330781,
      "hdfsBytesWritten" : -1,
      "fileBytesRead" : 205412828,
      "fileBytesWritten" : 410766952,
      "mapInputRecords" : 2013266,
      "mapOutputBytes" : 201326600,
      "mapOutputRecords" : 2013266,
      "combineInputRecords" : 0,
      "reduceInputGroups" : -1,
      "reduceInputRecords" : -1,
      "reduceShuffleBytes" : -1,
      "reduceOutputRecords" : -1,
      "spilledRecords" : 4026532,
      "mapInputBytes" : 201326600,
      "resourceUsageMetrics" : {
        "cumulativeCpuUsage" : 5820,
        "virtualMemoryUsage" : 833191936,
        "physicalMemoryUsage" : 311996416,
        "heapUsage" : 394002432
      },
      "location" : {
        "layers" : [ "default-rack", "Slave11" ]
      },
      "hostName" : "/default-rack/Slave11"
    } ],
    "finishTime" : 1405387341287,
    "preferredLocations" : [ {
      "layers" : [ "default-rack", "192\\.168\\.1\\.103" ]
    }, {
      "layers" : [ "default-rack", "192\\.168\\.1\\.102" ]
    }, {
      "layers" : [ "default-rack", "192\\.168\\.1\\.100" ]
    } ],
    "taskType" : "MAP",
    "taskStatus" : "SUCCESS",
    "taskID" : "task_201407031547_1940_m_000022",
    "inputBytes" : 201330781,
    "inputRecords" : 2013266,
    "outputBytes" : 410766952,
    "outputRecords" : 2013266
  }, {
    "startTime" : 1405387322844,
    "attempts" : [ {
      "result" : "SUCCESS",
      "startTime" : 1405387323165,
      "finishTime" : 1405387339182,
      "attemptID" : "attempt_201407031547_1940_m_000023_0",
      "shuffleFinished" : -1,
      "sortFinished" : -1,
      "hdfsBytesRead" : 201330781,
      "hdfsBytesWritten" : -1,
      "fileBytesRead" : 205415260,
      "fileBytesWritten" : 410766951,
      "mapInputRecords" : 2013266,
      "mapOutputBytes" : 201326600,
      "mapOutputRecords" : 2013266,
      "combineInputRecords" : 0,
      "reduceInputGroups" : -1,
      "reduceInputRecords" : -1,
      "reduceShuffleBytes" : -1,
      "reduceOutputRecords" : -1,
      "spilledRecords" : 4026532,
      "mapInputBytes" : 201326600,
      "resourceUsageMetrics" : {
        "cumulativeCpuUsage" : 5320,
        "virtualMemoryUsage" : 832557056,
        "physicalMemoryUsage" : 315502592,
        "heapUsage" : 376176640
      },
      "location" : {
        "layers" : [ "default-rack", "Master1" ]
      },
      "hostName" : "/default-rack/Master1"
    } ],
    "finishTime" : 1405387339205,
    "preferredLocations" : [ {
      "layers" : [ "default-rack", "192\\.168\\.1\\.103" ]
    }, {
      "layers" : [ "default-rack", "192\\.168\\.1\\.102" ]
    }, {
      "layers" : [ "default-rack", "192\\.168\\.1\\.100" ]
    } ],
    "taskType" : "MAP",
    "taskStatus" : "SUCCESS",
    "taskID" : "task_201407031547_1940_m_000023",
    "inputBytes" : 201330781,
    "inputRecords" : 2013266,
    "outputBytes" : 410766951,
    "outputRecords" : 2013266
  } ],
  "finishTime" : 1405387390175,
  "reduceTasks" : [ {
    "startTime" : 1405387285122,
    "attempts" : [ {
      "result" : "SUCCESS",
      "startTime" : 1405387294138,
      "finishTime" : 1405387363454,
      "attemptID" : "attempt_201407031547_1940_r_000000_0",
      "shuffleFinished" : 1405387351527,
      "sortFinished" : 1405387351624,
      "hdfsBytesRead" : -1,
      "hdfsBytesWritten" : 630522700,
      "fileBytesRead" : 513732504,
      "fileBytesWritten" : 513792660,
      "mapInputRecords" : -1,
      "mapOutputBytes" : -1,
      "mapOutputRecords" : -1,
      "combineInputRecords" : 0,
      "reduceInputGroups" : 6305227,
      "reduceInputRecords" : 6305227,
      "reduceShuffleBytes" : 643133310,
      "reduceOutputRecords" : 6305227,
      "spilledRecords" : 5036593,
      "mapInputBytes" : -1,
      "resourceUsageMetrics" : {
        "cumulativeCpuUsage" : 14190,
        "virtualMemoryUsage" : 729288704,
        "physicalMemoryUsage" : 285147136,
        "heapUsage" : 222298112
      },
      "location" : {
        "layers" : [ "default-rack", "Slave11" ]
      },
      "hostName" : "/default-rack/Slave11"
    } ],
    "finishTime" : 1405387354470,
    "preferredLocations" : [ ],
    "taskType" : "REDUCE",
    "taskStatus" : "SUCCESS",
    "taskID" : "task_201407031547_1940_r_000000",
    "inputBytes" : 643133310,
    "inputRecords" : 6305227,
    "outputBytes" : 630522700,
    "outputRecords" : 6305227
  }, {
    "startTime" : 1405387285158,
    "attempts" : [ {
      "result" : "FAILED",
      "startTime" : 1405387285159,
      "finishTime" : 1405387322401,
      "attemptID" : "attempt_201407031547_1940_r_000001_0",
      "shuffleFinished" : -1,
      "sortFinished" : -1,
      "hdfsBytesRead" : -1,
      "hdfsBytesWritten" : -1,
      "fileBytesRead" : -1,
      "fileBytesWritten" : -1,
      "mapInputRecords" : -1,
      "mapOutputBytes" : -1,
      "mapOutputRecords" : -1,
      "combineInputRecords" : -1,
      "reduceInputGroups" : -1,
      "reduceInputRecords" : -1,
      "reduceShuffleBytes" : -1,
      "reduceOutputRecords" : -1,
      "spilledRecords" : -1,
      "mapInputBytes" : -1,
      "resourceUsageMetrics" : {
        "cumulativeCpuUsage" : 0,
        "virtualMemoryUsage" : 0,
        "physicalMemoryUsage" : 0,
        "heapUsage" : 0
      },
      "location" : null,
      "hostName" : null
    }, {
      "result" : "FAILED",
      "startTime" : 1405387363455,
      "finishTime" : 1405387372902,
      "attemptID" : "attempt_201407031547_1940_r_000001_1",
      "shuffleFinished" : -1,
      "sortFinished" : -1,
      "hdfsBytesRead" : -1,
      "hdfsBytesWritten" : -1,
      "fileBytesRead" : -1,
      "fileBytesWritten" : -1,
      "mapInputRecords" : -1,
      "mapOutputBytes" : -1,
      "mapOutputRecords" : -1,
      "combineInputRecords" : -1,
      "reduceInputGroups" : -1,
      "reduceInputRecords" : -1,
      "reduceShuffleBytes" : -1,
      "reduceOutputRecords" : -1,
      "spilledRecords" : -1,
      "mapInputBytes" : -1,
      "resourceUsageMetrics" : {
        "cumulativeCpuUsage" : 0,
        "virtualMemoryUsage" : 0,
        "physicalMemoryUsage" : 0,
        "heapUsage" : 0
      },
      "location" : null,
      "hostName" : null
    }, {
      "result" : "FAILED",
      "startTime" : 1405387350959,
      "finishTime" : 1405387359134,
      "attemptID" : "attempt_201407031547_1940_r_000001_2",
      "shuffleFinished" : -1,
      "sortFinished" : -1,
      "hdfsBytesRead" : -1,
      "hdfsBytesWritten" : -1,
      "fileBytesRead" : -1,
      "fileBytesWritten" : -1,
      "mapInputRecords" : -1,
      "mapOutputBytes" : -1,
      "mapOutputRecords" : -1,
      "combineInputRecords" : -1,
      "reduceInputGroups" : -1,
      "reduceInputRecords" : -1,
      "reduceShuffleBytes" : -1,
      "reduceOutputRecords" : -1,
      "spilledRecords" : -1,
      "mapInputBytes" : -1,
      "resourceUsageMetrics" : {
        "cumulativeCpuUsage" : 0,
        "virtualMemoryUsage" : 0,
        "physicalMemoryUsage" : 0,
        "heapUsage" : 0
      },
      "location" : null,
      "hostName" : null
    }, {
      "result" : "SUCCESS",
      "startTime" : 1405387359846,
      "finishTime" : 1405387384453,
      "attemptID" : "attempt_201407031547_1940_r_000001_3",
      "shuffleFinished" : 1405387373708,
      "sortFinished" : 1405387373725,
      "hdfsBytesRead" : -1,
      "hdfsBytesWritten" : 625387100,
      "fileBytesRead" : 586608240,
      "fileBytesWritten" : 586668395,
      "mapInputRecords" : -1,
      "mapOutputBytes" : -1,
      "mapOutputRecords" : -1,
      "combineInputRecords" : 0,
      "reduceInputGroups" : 6253871,
      "reduceInputRecords" : 6253871,
      "reduceShuffleBytes" : 637894998,
      "reduceOutputRecords" : 6253871,
      "spilledRecords" : 5751061,
      "mapInputBytes" : -1,
      "resourceUsageMetrics" : {
        "cumulativeCpuUsage" : 12320,
        "virtualMemoryUsage" : 731545600,
        "physicalMemoryUsage" : 559169536,
        "heapUsage" : 515375104
      },
      "location" : {
        "layers" : [ "default-rack", "Slave13" ]
      },
      "hostName" : "/default-rack/Slave13"
    } ],
    "finishTime" : 1405387388663,
    "preferredLocations" : [ ],
    "taskType" : "REDUCE",
    "taskStatus" : "SUCCESS",
    "taskID" : "task_201407031547_1940_r_000001",
    "inputBytes" : 637894998,
    "inputRecords" : 6253871,
    "outputBytes" : 625387100,
    "outputRecords" : 6253871
  }, {
    "startTime" : 1405387285236,
    "attempts" : [ {
      "result" : "SUCCESS",
      "startTime" : 1405387281171,
      "finishTime" : 1405387358653,
      "attemptID" : "attempt_201407031547_1940_r_000002_0",
      "shuffleFinished" : 1405387340747,
      "sortFinished" : 1405387340792,
      "hdfsBytesRead" : -1,
      "hdfsBytesWritten" : 623879400,
      "fileBytesRead" : 534065388,
      "fileBytesWritten" : 534125543,
      "mapInputRecords" : -1,
      "mapOutputBytes" : -1,
      "mapOutputRecords" : -1,
      "combineInputRecords" : 0,
      "reduceInputGroups" : 6238794,
      "reduceInputRecords" : 6238794,
      "reduceShuffleBytes" : 636357144,
      "reduceOutputRecords" : 6238794,
      "spilledRecords" : 5235935,
      "mapInputBytes" : -1,
      "resourceUsageMetrics" : {
        "cumulativeCpuUsage" : 14620,
        "virtualMemoryUsage" : 727375872,
        "physicalMemoryUsage" : 417374208,
        "heapUsage" : 443809792
      },
      "location" : {
        "layers" : [ "default-rack", "Slave13" ]
      },
      "hostName" : "/default-rack/Slave13"
    } ],
    "finishTime" : 1405387363071,
    "preferredLocations" : [ ],
    "taskType" : "REDUCE",
    "taskStatus" : "SUCCESS",
    "taskID" : "task_201407031547_1940_r_000002",
    "inputBytes" : 636357144,
    "inputRecords" : 6238794,
    "outputBytes" : 623879400,
    "outputRecords" : 6238794
  }, {
    "startTime" : 1405387285411,
    "attempts" : [ {
      "result" : "SUCCESS",
      "startTime" : 1405387276684,
      "finishTime" : 1405387350991,
      "attemptID" : "attempt_201407031547_1940_r_000003_0",
      "shuffleFinished" : 1405387338363,
      "sortFinished" : 1405387338437,
      "hdfsBytesRead" : -1,
      "hdfsBytesWritten" : 614881600,
      "fileBytesRead" : 526092048,
      "fileBytesWritten" : 526152203,
      "mapInputRecords" : -1,
      "mapOutputBytes" : -1,
      "mapOutputRecords" : -1,
      "combineInputRecords" : 0,
      "reduceInputGroups" : 6148816,
      "reduceInputRecords" : 6148816,
      "reduceShuffleBytes" : 627179388,
      "reduceOutputRecords" : 6148816,
      "spilledRecords" : 5157765,
      "mapInputBytes" : -1,
      "resourceUsageMetrics" : {
        "cumulativeCpuUsage" : 14150,
        "virtualMemoryUsage" : 725770240,
        "physicalMemoryUsage" : 233979904,
        "heapUsage" : 273678336
      },
      "location" : {
        "layers" : [ "default-rack", "Slave12" ]
      },
      "hostName" : "/default-rack/Slave12"
    } ],
    "finishTime" : 1405387360062,
    "preferredLocations" : [ ],
    "taskType" : "REDUCE",
    "taskStatus" : "SUCCESS",
    "taskID" : "task_201407031547_1940_r_000003",
    "inputBytes" : 627179388,
    "inputRecords" : 6148816,
    "outputBytes" : 614881600,
    "outputRecords" : 6148816
  }, {
    "startTime" : 1405387285586,
    "attempts" : [ {
      "result" : "SUCCESS",
      "startTime" : 1405387285587,
      "finishTime" : 1405387353910,
      "attemptID" : "attempt_201407031547_1940_r_000004_0",
      "shuffleFinished" : 1405387344926,
      "sortFinished" : 1405387344980,
      "hdfsBytesRead" : -1,
      "hdfsBytesWritten" : 631814400,
      "fileBytesRead" : 540501792,
      "fileBytesWritten" : 540561947,
      "mapInputRecords" : -1,
      "mapOutputBytes" : -1,
      "mapOutputRecords" : -1,
      "combineInputRecords" : 0,
      "reduceInputGroups" : 6318144,
      "reduceInputRecords" : 6318144,
      "reduceShuffleBytes" : 644450844,
      "reduceOutputRecords" : 6318144,
      "spilledRecords" : 5299037,
      "mapInputBytes" : -1,
      "resourceUsageMetrics" : {
        "cumulativeCpuUsage" : 13810,
        "virtualMemoryUsage" : 727478272,
        "physicalMemoryUsage" : 402059264,
        "heapUsage" : 362283008
      },
      "location" : {
        "layers" : [ "default-rack", "Master1" ]
      },
      "hostName" : "/default-rack/Master1"
    } ],
    "finishTime" : 1405387354194,
    "preferredLocations" : [ ],
    "taskType" : "REDUCE",
    "taskStatus" : "SUCCESS",
    "taskID" : "task_201407031547_1940_r_000004",
    "inputBytes" : 644450844,
    "inputRecords" : 6318144,
    "outputBytes" : 631814400,
    "outputRecords" : 6318144
  }, {
    "startTime" : 1405387285587,
    "attempts" : [ {
      "result" : "SUCCESS",
      "startTime" : 1405387294600,
      "finishTime" : 1405387365065,
      "attemptID" : "attempt_201407031547_1940_r_000005_0",
      "shuffleFinished" : 1405387353043,
      "sortFinished" : 1405387353073,
      "hdfsBytesRead" : -1,
      "hdfsBytesWritten" : 621070000,
      "fileBytesRead" : 531511920,
      "fileBytesWritten" : 531572076,
      "mapInputRecords" : -1,
      "mapOutputBytes" : -1,
      "mapOutputRecords" : -1,
      "combineInputRecords" : 0,
      "reduceInputGroups" : 6210700,
      "reduceInputRecords" : 6210700,
      "reduceShuffleBytes" : 633491556,
      "reduceOutputRecords" : 6210700,
      "spilledRecords" : 5210901,
      "mapInputBytes" : -1,
      "resourceUsageMetrics" : {
        "cumulativeCpuUsage" : 14470,
        "virtualMemoryUsage" : 726425600,
        "physicalMemoryUsage" : 382423040,
        "heapUsage" : 393216000
      },
      "location" : {
        "layers" : [ "default-rack", "Slave11" ]
      },
      "hostName" : "/default-rack/Slave11"
    } ],
    "finishTime" : 1405387356281,
    "preferredLocations" : [ ],
    "taskType" : "REDUCE",
    "taskStatus" : "SUCCESS",
    "taskID" : "task_201407031547_1940_r_000005",
    "inputBytes" : 633491556,
    "inputRecords" : 6210700,
    "outputBytes" : 621070000,
    "outputRecords" : 6210700
  }, {
    "startTime" : 1405387285883,
    "attempts" : [ {
      "result" : "FAILED",
      "startTime" : 1405387350044,
      "finishTime" : 1405387360621,
      "attemptID" : "attempt_201407031547_1940_r_000006_1",
      "shuffleFinished" : -1,
      "sortFinished" : -1,
      "hdfsBytesRead" : -1,
      "hdfsBytesWritten" : -1,
      "fileBytesRead" : -1,
      "fileBytesWritten" : -1,
      "mapInputRecords" : -1,
      "mapOutputBytes" : -1,
      "mapOutputRecords" : -1,
      "combineInputRecords" : -1,
      "reduceInputGroups" : -1,
      "reduceInputRecords" : -1,
      "reduceShuffleBytes" : -1,
      "reduceOutputRecords" : -1,
      "spilledRecords" : -1,
      "mapInputBytes" : -1,
      "resourceUsageMetrics" : {
        "cumulativeCpuUsage" : 0,
        "virtualMemoryUsage" : 0,
        "physicalMemoryUsage" : 0,
        "heapUsage" : 0
      },
      "location" : null,
      "hostName" : null
    }, {
      "result" : "SUCCESS",
      "startTime" : 1405387281923,
      "finishTime" : 1405387358427,
      "attemptID" : "attempt_201407031547_1940_r_000006_0",
      "shuffleFinished" : 1405387341748,
      "sortFinished" : 1405387341870,
      "hdfsBytesRead" : -1,
      "hdfsBytesWritten" : 624764800,
      "fileBytesRead" : 534639444,
      "fileBytesWritten" : 534699599,
      "mapInputRecords" : -1,
      "mapOutputBytes" : -1,
      "mapOutputRecords" : -1,
      "combineInputRecords" : 0,
      "reduceInputGroups" : 6247648,
      "reduceInputRecords" : 6247648,
      "reduceShuffleBytes" : 637260252,
      "reduceOutputRecords" : 6247648,
      "spilledRecords" : 5241563,
      "mapInputBytes" : -1,
      "resourceUsageMetrics" : {
        "cumulativeCpuUsage" : 14730,
        "virtualMemoryUsage" : 729554944,
        "physicalMemoryUsage" : 468480000,
        "heapUsage" : 470024192
      },
      "location" : {
        "layers" : [ "default-rack", "Slave13" ]
      },
      "hostName" : "/default-rack/Slave13"
    } ],
    "finishTime" : 1405387362767,
    "preferredLocations" : [ ],
    "taskType" : "REDUCE",
    "taskStatus" : "SUCCESS",
    "taskID" : "task_201407031547_1940_r_000006",
    "inputBytes" : 637260252,
    "inputRecords" : 6247648,
    "outputBytes" : 624764800,
    "outputRecords" : 6247648
  }, {
    "startTime" : 1405387285891,
    "attempts" : [ {
      "result" : "SUCCESS",
      "startTime" : 1405387276989,
      "finishTime" : 1405387350957,
      "attemptID" : "attempt_201407031547_1940_r_000007_0",
      "shuffleFinished" : 1405387338363,
      "sortFinished" : 1405387338420,
      "hdfsBytesRead" : -1,
      "hdfsBytesWritten" : 627680000,
      "fileBytesRead" : 537106824,
      "fileBytesWritten" : 537166979,
      "mapInputRecords" : -1,
      "mapOutputBytes" : -1,
      "mapOutputRecords" : -1,
      "combineInputRecords" : 0,
      "reduceInputGroups" : 6276800,
      "reduceInputRecords" : 6276800,
      "reduceShuffleBytes" : 640233756,
      "reduceOutputRecords" : 6276800,
      "spilledRecords" : 5265753,
      "mapInputBytes" : -1,
      "resourceUsageMetrics" : {
        "cumulativeCpuUsage" : 14270,
        "virtualMemoryUsage" : 728940544,
        "physicalMemoryUsage" : 372092928,
        "heapUsage" : 324534272
      },
      "location" : {
        "layers" : [ "default-rack", "Slave12" ]
      },
      "hostName" : "/default-rack/Slave12"
    } ],
    "finishTime" : 1405387360062,
    "preferredLocations" : [ ],
    "taskType" : "REDUCE",
    "taskStatus" : "SUCCESS",
    "taskID" : "task_201407031547_1940_r_000007",
    "inputBytes" : 640233756,
    "inputRecords" : 6276800,
    "outputBytes" : 627680000,
    "outputRecords" : 6276800
  } ],
  "submitTime" : 1405387278072,
  "launchTime" : 1405387278182,
  "totalMaps" : 26,
  "totalReduces" : 8,
  "otherTasks" : [ {
    "startTime" : 1405387278277,
    "attempts" : [ {
      "result" : "SUCCESS",
      "startTime" : 1405387287470,
      "finishTime" : 1405387288297,
      "attemptID" : "attempt_201407031547_1940_m_000027_0",
      "shuffleFinished" : -1,
      "sortFinished" : -1,
      "hdfsBytesRead" : -1,
      "hdfsBytesWritten" : -1,
      "fileBytesRead" : -1,
      "fileBytesWritten" : 60248,
      "mapInputRecords" : -1,
      "mapOutputBytes" : -1,
      "mapOutputRecords" : -1,
      "combineInputRecords" : -1,
      "reduceInputGroups" : -1,
      "reduceInputRecords" : -1,
      "reduceShuffleBytes" : -1,
      "reduceOutputRecords" : -1,
      "spilledRecords" : 0,
      "mapInputBytes" : -1,
      "resourceUsageMetrics" : {
        "cumulativeCpuUsage" : 50,
        "virtualMemoryUsage" : 830394368,
        "physicalMemoryUsage" : 61222912,
        "heapUsage" : 64487424
      },
      "location" : {
        "layers" : [ "default-rack", "Slave11" ]
      },
      "hostName" : "/default-rack/Slave11"
    } ],
    "finishTime" : 1405387279486,
    "preferredLocations" : [ ],
    "taskType" : "SETUP",
    "taskStatus" : "SUCCESS",
    "taskID" : "task_201407031547_1940_m_000027",
    "inputBytes" : -1,
    "inputRecords" : -1,
    "outputBytes" : -1,
    "outputRecords" : -1
  }, {
    "startTime" : 1405387388665,
    "attempts" : [ {
      "result" : "SUCCESS",
      "startTime" : 1405387384533,
      "finishTime" : 1405387385790,
      "attemptID" : "attempt_201407031547_1940_m_000026_0",
      "shuffleFinished" : -1,
      "sortFinished" : -1,
      "hdfsBytesRead" : -1,
      "hdfsBytesWritten" : -1,
      "fileBytesRead" : -1,
      "fileBytesWritten" : 60247,
      "mapInputRecords" : -1,
      "mapOutputBytes" : -1,
      "mapOutputRecords" : -1,
      "combineInputRecords" : -1,
      "reduceInputGroups" : -1,
      "reduceInputRecords" : -1,
      "reduceShuffleBytes" : -1,
      "reduceOutputRecords" : -1,
      "spilledRecords" : 0,
      "mapInputBytes" : -1,
      "resourceUsageMetrics" : {
        "cumulativeCpuUsage" : 30,
        "virtualMemoryUsage" : 833417216,
        "physicalMemoryUsage" : 441409536,
        "heapUsage" : 384827392
      },
      "location" : {
        "layers" : [ "default-rack", "Slave13" ]
      },
      "hostName" : "/default-rack/Slave13"
    } ],
    "finishTime" : 1405387390175,
    "preferredLocations" : [ ],
    "taskType" : "CLEANUP",
    "taskStatus" : "SUCCESS",
    "taskID" : "task_201407031547_1940_m_000026",
    "inputBytes" : -1,
    "inputRecords" : -1,
    "outputBytes" : -1,
    "outputRecords" : -1
  } ],
  "queue" : "default",
  "jobProperties" : {
    "fs.s3n.impl" : "org.apache.hadoop.fs.s3native.NativeS3FileSystem",
    "mapred.task.cache.levels" : "2",
    "mapreduce.job.restart.recover" : "true",
    "mapreduce.job.counters.max" : "120",
    "dfs.client.use.datanode.hostname" : "false",
    "hadoop.tmp.dir" : "/tmp/hadoop-${user.name}",
    "hadoop.native.lib" : "true",
    "map.sort.class" : "org.apache.hadoop.util.QuickSort",
    "dfs.namenode.decommission.nodes.per.interval" : "5",
    "dfs.https.need.client.auth" : "false",
    "dfs.datanode.drop.cache.behind.writes" : "false",
    "ipc.client.idlethreshold" : "4000",
    "mapred.system.dir" : "${hadoop.tmp.dir}/mapred/system",
    "dfs.datanode.data.dir.perm" : "755",
    "mapred.job.tracker.persist.jobstatus.hours" : "0",
    "dfs.namenode.logging.level" : "info",
    "dfs.datanode.address" : "0.0.0.0:50010",
    "io.skip.checksum.errors" : "false",
    "dfs.block.access.token.enable" : "false",
    "fs.default.name" : "hdfs://Master1:9000",
    "mapred.cluster.reduce.memory.mb" : "-1",
    "mapred.child.tmp" : "./tmp",
    "fs.har.impl.disable.cache" : "true",
    "dfs.safemode.threshold.pct" : "0.999f",
    "mapred.skip.reduce.max.skip.groups" : "0",
    "mapred.heartbeats.in.second" : "100",
    "dfs.namenode.handler.count" : "10",
    "dfs.blockreport.initialDelay" : "0",
    "mapred.tasktracker.dns.nameserver" : "default",
    "io.sort.factor" : "10",
    "dfs.datanode.drop.cache.behind.reads" : "false",
    "mapred.task.timeout" : "600000",
    "mapred.max.tracker.failures" : "4",
    "hadoop.rpc.socket.factory.class.default" : "org.apache.hadoop.net.StandardSocketFactory",
    "mapred.job.tracker.jobhistory.lru.cache.size" : "5",
    "fs.hdfs.impl" : "org.apache.hadoop.hdfs.DistributedFileSystem",
    "mapred.queue.default.acl-administer-jobs" : "*",
    "dfs.namenode.stale.datanode.interval" : "30000",
    "mapred.output.key.class" : "org.apache.hadoop.io.Text",
    "dfs.block.access.key.update.interval" : "600",
    "mapred.skip.map.auto.incr.proc.count" : "true",
    "mapreduce.job.complete.cancel.delegation.tokens" : "true",
    "io.mapfile.bloom.size" : "1048576",
    "mapreduce.reduce.shuffle.connect.timeout" : "180000",
    "dfs.safemode.extension" : "30000",
    "mapred.jobtracker.blacklist.fault-timeout-window" : "180",
    "dfs.namenode.write.stale.datanode.ratio" : "0.5f",
    "hadoop.skip.worker.version.check" : "false",
    "tasktracker.http.threads" : "40",
    "net.topology.impl" : "org.apache.hadoop.net.NetworkTopology",
    "mapred.job.shuffle.merge.percent" : "0.4",
    "fs.ftp.impl" : "org.apache.hadoop.fs.ftp.FTPFileSystem",
    "user.name" : "itri-hadoop",
    "dfs.namenode.kerberos.internal.spnego.principal" : "${dfs.web.authentication.kerberos.principal}",
    "mapred.output.compress" : "false",
    "io.bytes.per.checksum" : "512",
    "mapred.combine.recordsBeforeProgress" : "10000",
    "mapred.healthChecker.script.timeout" : "600000",
    "mapred.cache.files.filesizes" : "318",
    "topology.node.switch.mapping.impl" : "org.apache.hadoop.net.ScriptBasedMapping",
    "dfs.https.server.keystore.resource" : "ssl-server.xml",
    "mapred.reduce.slowstart.completed.maps" : "0.05",
    "mapred.reduce.max.attempts" : "4",
    "dfs.namenode.safemode.min.datanodes" : "0",
    "mapreduce.ifile.readahead.bytes" : "4194304",
    "fs.ramfs.impl" : "org.apache.hadoop.fs.InMemoryFileSystem",
    "dfs.block.access.token.lifetime" : "600",
    "mapred.skip.map.max.skip.records" : "0",
    "dfs.name.edits.dir" : "${dfs.name.dir}",
    "mapred.cluster.map.memory.mb" : "-1",
    "hadoop.security.group.mapping" : "org.apache.hadoop.security.ShellBasedUnixGroupsMapping",
    "mapred.job.tracker.persist.jobstatus.dir" : "/jobtracker/jobsInfo",
    "mapred.jar" : "hdfs://Master1:9000/tmp/hadoop-itri-hadoop/mapred/staging/itri-hadoop/.staging/job_201407031547_1940/job.jar",
    "fs.s3.buffer.dir" : "${hadoop.tmp.dir}/s3",
    "dfs.block.size" : "67108864",
    "job.end.retry.attempts" : "0",
    "fs.file.impl" : "org.apache.hadoop.fs.LocalFileSystem",
    "dfs.namenode.avoid.write.stale.datanode" : "false",
    "dfs.datanode.max.xcievers" : "4096",
    "mapred.local.dir.minspacestart" : "0",
    "mapred.output.compression.type" : "RECORD",
    "dfs.datanode.ipc.address" : "0.0.0.0:50020",
    "dfs.permissions" : "true",
    "topology.script.number.args" : "100",
    "mapreduce.job.counters.groups.max" : "50",
    "io.mapfile.bloom.error.rate" : "0.005",
    "mapred.cluster.max.reduce.memory.mb" : "-1",
    "mapred.max.tracker.blacklists" : "4",
    "mapred.task.profile.maps" : "0-2",
    "mapred.jobtracker.jobSchedulable" : "org.apache.hadoop.mapred.JobSchedulable",
    "dfs.datanode.https.address" : "0.0.0.0:50475",
    "mapred.userlog.retain.hours" : "24",
    "dfs.secondary.http.address" : "0.0.0.0:50090",
    "dfs.namenode.replication.work.multiplier.per.iteration" : "2",
    "dfs.replication.max" : "512",
    "mapred.job.tracker.persist.jobstatus.active" : "false",
    "hadoop.security.authorization" : "false",
    "local.cache.size" : "10737418240",
    "mapred.min.split.size" : "201326592",
    "dfs.namenode.delegation.token.renew-interval" : "86400000",
    "mapred.map.tasks" : "26",
    "mapred.child.java.opts" : "-Xmx200m",
    "mapred.partitioner.class" : "org.apache.hadoop.examples.terasort.TeraSort$TotalOrderPartitioner",
    "mapred.output.value.class" : "org.apache.hadoop.io.Text",
    "dfs.https.client.keystore.resource" : "ssl-client.xml",
    "ipc.client.fallback-to-simple-auth-allowed" : "false",
    "mapred.job.queue.name" : "default",
    "mapred.job.tracker.retiredjobs.cache.size" : "1000",
    "dfs.https.address" : "0.0.0.0:50470",
    "dfs.balance.bandwidthPerSec" : "1048576",
    "ipc.server.listen.queue.size" : "128",
    "dfs.namenode.invalidate.work.pct.per.iteration" : "0.32f",
    "mapred.inmem.merge.threshold" : "1100",
    "job.end.retry.interval" : "30000",
    "mapred.skip.attempts.to.start.skipping" : "2",
    "mapreduce.tasktracker.outofband.heartbeat.damper" : "1000000",
    "hadoop.security.use-weak-http-crypto" : "false",
    "fs.checkpoint.dir" : "${hadoop.tmp.dir}/dfs/namesecondary",
    "dfs.namenode.avoid.read.stale.datanode" : "false",
    "mapred.reduce.tasks" : "8",
    "mapred.merge.recordsBeforeProgress" : "10000",
    "mapred.userlog.limit.kb" : "0",
    "mapred.job.reduce.memory.mb" : "-1",
    "webinterface.private.actions" : "false",
    "dfs.max.objects" : "0",
    "hadoop.security.token.service.use_ip" : "true",
    "io.sort.spill.percent" : "0.9",
    "mapred.job.shuffle.input.buffer.percent" : "0.9",
    "mapred.map.tasks.speculative.execution" : "true",
    "hadoop.http.authentication.type" : "simple",
    "mapred.job.name" : "TeraSort",
    "hadoop.util.hash.type" : "murmur",
    "dfs.datanode.dns.nameserver" : "default",
    "hadoop.security.instrumentation.requires.admin" : "false",
    "dfs.blockreport.intervalMsec" : "3600000",
    "dfs.datanode.readahead.bytes" : "4193404",
    "mapred.map.max.attempts" : "4",
    "mapreduce.job.acl-view-job" : " ",
    "mapreduce.ifile.readahead" : "true",
    "mapred.jobtracker.nodegroup.aware" : "false",
    "mapred.job.tracker.handler.count" : "10",
    "dfs.client.block.write.retries" : "3",
    "mapred.input.format.class" : "org.apache.hadoop.examples.terasort.TeraInputFormat",
    "mapreduce.reduce.shuffle.read.timeout" : "180000",
    "mapred.tasktracker.expiry.interval" : "600000",
    "dfs.secondary.namenode.kerberos.internal.spnego.principal" : "${dfs.web.authentication.kerberos.principal}",
    "dfs.https.enable" : "false",
    "mapred.jobtracker.job.history.block.size" : "3145728",
    "mapred.jobtracker.maxtasks.per.job" : "-1",
    "keep.failed.task.files" : "false",
    "dfs.datanode.use.datanode.hostname" : "false",
    "mapred.output.format.class" : "org.apache.hadoop.examples.terasort.TeraOutputFormat",
    "dfs.datanode.failed.volumes.tolerated" : "0",
    "ipc.client.tcpnodelay" : "false",
    "mapred.task.profile.reduces" : "0-2",
    "io.map.index.skip" : "0",
    "mapred.output.compression.codec" : "org.apache.hadoop.io.compress.DefaultCodec",
    "hadoop.http.authentication.token.validity" : "36000",
    "ipc.server.tcpnodelay" : "false",
    "hadoop.jetty.logs.serve.aliases" : "true",
    "mapred.working.dir" : "hdfs://Master1:9000/user/itri-hadoop",
    "mapred.jobtracker.blacklist.fault-bucket-width" : "15",
    "dfs.namenode.delegation.key.update-interval" : "86400000",
    "mapred.used.genericoptionsparser" : "true",
    "mapred.job.map.memory.mb" : "-1",
    "dfs.default.chunk.view.size" : "32768",
    "hadoop.logfile.size" : "10000000",
    "mapred.cache.files.timestamps" : "1405387277263",
    "mapred.reduce.tasks.speculative.execution" : "true",
    "mapreduce.tasktracker.outofband.heartbeat" : "false",
    "mapreduce.job.dir" : "hdfs://Master1:9000/tmp/hadoop-itri-hadoop/mapred/staging/itri-hadoop/.staging/job_201407031547_1940",
    "mapreduce.reduce.input.limit" : "-1",
    "dfs.datanode.du.reserved" : "0",
    "dfs.datanode.sync.behind.writes" : "false",
    "hadoop.security.authentication" : "simple",
    "fs.checkpoint.period" : "3600",
    "mapred.job.reuse.jvm.num.tasks" : "-1",
    "dfs.web.ugi" : "webuser,webgroup",
    "mapred.jobtracker.completeuserjobs.maximum" : "100",
    "dfs.df.interval" : "60000",
    "mapred.task.tracker.task-controller" : "org.apache.hadoop.mapred.DefaultTaskController",
    "dfs.data.dir" : "${hadoop.tmp.dir}/dfs/data",
    "fs.s3.maxRetries" : "4",
    "dfs.datanode.dns.interface" : "default",
    "mapred.cluster.max.map.memory.mb" : "-1",
    "mapreduce.reduce.shuffle.maxfetchfailures" : "10",
    "mapred.map.child.java.opts" : "-Xmx600M",
    "mapreduce.job.acl-modify-job" : " ",
    "fs.hftp.impl" : "org.apache.hadoop.hdfs.HftpFileSystem",
    "mapred.local.dir" : "${hadoop.tmp.dir}/mapred/local",
    "dfs.permissions.supergroup" : "supergroup",
    "fs.s3.sleepTimeSeconds" : "10",
    "fs.trash.interval" : "0",
    "mapred.submit.replication" : "10",
    "dfs.replication.min" : "1",
    "fs.har.impl" : "org.apache.hadoop.fs.HarFileSystem",
    "hadoop.relaxed.worker.version.check" : "false",
    "mapred.map.output.compression.codec" : "org.apache.hadoop.io.compress.DefaultCodec",
    "mapreduce.job.cache.files.visibilities" : "true",
    "mapred.tasktracker.dns.interface" : "default",
    "dfs.http.address" : "0.0.0.0:50070",
    "dfs.namenode.decommission.interval" : "30",
    "mapred.cache.files" : "hdfs://Master1:9000/tera-in5G/_partition.lst#_partition.lst",
    "mapred.job.tracker" : "Master1:9001",
    "dfs.heartbeat.interval" : "3",
    "hadoop.http.authentication.signature.secret.file" : "${user.home}/hadoop-http-auth-signature-secret",
    "io.seqfile.sorter.recordlimit" : "1000000",
    "mapreduce.job.submithost" : "Master1",
    "dfs.name.dir" : "${hadoop.tmp.dir}/dfs/name",
    "mapred.jobtracker.taskScheduler" : "org.apache.hadoop.mapred.JobQueueTaskScheduler",
    "mapred.line.input.format.linespermap" : "1",
    "mapred.create.symlink" : "yes",
    "dfs.datanode.http.address" : "0.0.0.0:50075",
    "fs.webhdfs.impl" : "org.apache.hadoop.hdfs.web.WebHdfsFileSystem",
    "mapred.local.dir.minspacekill" : "0",
    "dfs.image.transfer.bandwidthPerSec" : "0",
    "dfs.replication.interval" : "3",
    "io.sort.record.percent" : "0.05",
    "hadoop.http.authentication.kerberos.principal" : "HTTP/localhost@LOCALHOST",
    "fs.kfs.impl" : "org.apache.hadoop.fs.kfs.KosmosFileSystem",
    "mapred.tasktracker.reduce.tasks.maximum" : "4",
    "mapred.temp.dir" : "${hadoop.tmp.dir}/mapred/temp",
    "dfs.replication" : "1",
    "fs.checkpoint.edits.dir" : "${fs.checkpoint.dir}",
    "mapreduce.jobhistory.max-age-ms" : "2592000000",
    "mapred.tasktracker.tasks.sleeptime-before-sigkill" : "5000",
    "mapred.job.reduce.input.buffer.percent" : "0.6",
    "mapred.tasktracker.indexcache.mb" : "10",
    "dfs.webhdfs.enabled" : "false",
    "mapreduce.job.split.metainfo.maxsize" : "10000000",
    "hadoop.logfile.count" : "10",
    "mapred.skip.reduce.auto.incr.proc.count" : "true",
    "mapreduce.job.submithostaddress" : "192.168.1.100",
    "terasort.final.sync" : "true",
    "io.seqfile.compress.blocksize" : "1000000",
    "fs.s3.block.size" : "67108864",
    "mapred.tasktracker.taskmemorymanager.monitoring-interval" : "5000",
    "hadoop.http.authentication.simple.anonymous.allowed" : "true",
    "mapreduce.jobtracker.staging.root.dir" : "${hadoop.tmp.dir}/mapred/staging",
    "mapred.acls.enabled" : "false",
    "mapred.queue.default.state" : "RUNNING",
    "mapred.queue.names" : "default",
    "fs.hsftp.impl" : "org.apache.hadoop.hdfs.HsftpFileSystem",
    "dfs.access.time.precision" : "3600000",
    "mapred.task.tracker.http.address" : "0.0.0.0:50060",
    "io.seqfile.lazydecompress" : "true",
    "mapred.reduce.parallel.copies" : "5",
    "mapred.disk.healthChecker.interval" : "60000",
    "mapred.output.dir" : "hdfs://Master1:9000/tera-out",
    "ipc.client.connection.maxidletime" : "10000",
    "io.sort.mb" : "200",
    "mapred.reduce.child.java.opts" : "-Xmx500M",
    "mapred.task.tracker.report.address" : "127.0.0.1:0",
    "hadoop.security.uid.cache.secs" : "14400",
    "mapred.compress.map.output" : "false",
    "ipc.client.kill.max" : "10",
    "mapred.healthChecker.interval" : "60000",
    "ipc.client.connect.max.retries" : "10",
    "fs.s3.impl" : "org.apache.hadoop.fs.s3.S3FileSystem",
    "mapred.user.jobconf.limit" : "5242880",
    "mapreduce.job.counters.group.name.max" : "128",
    "mapred.job.tracker.http.address" : "0.0.0.0:50030",
    "mapred.input.dir" : "hdfs://Master1:9000/tera-in5G",
    "io.file.buffer.size" : "4096",
    "mapred.jobtracker.restart.recover" : "false",
    "io.serializations" : "org.apache.hadoop.io.serializer.WritableSerialization",
    "mapred.task.profile" : "false",
    "dfs.datanode.handler.count" : "3",
    "mapreduce.input.num.files" : "2",
    "mapreduce.jobhistory.cleaner.interval-ms" : "86400000",
    "dfs.replication.considerLoad" : "true",
    "jobclient.output.filter" : "FAILED",
    "dfs.namenode.edits.toleration.length" : "0",
    "hadoop.http.authentication.kerberos.keytab" : "${user.home}/hadoop.keytab",
    "dfs.namenode.delegation.token.max-lifetime" : "604800000",
    "mapred.tasktracker.map.tasks.maximum" : "3",
    "fs.checkpoint.size" : "67108864",
    "io.compression.codecs" : "org.apache.hadoop.io.compress.DefaultCodec,org.apache.hadoop.io.compress.GzipCodec,org.apache.hadoop.io.compress.BZip2Codec,org.apache.hadoop.io.compress.SnappyCodec",
    "mapreduce.job.counters.counter.name.max" : "64"
  },
  "computonsPerMapInputByte" : -1,
  "computonsPerMapOutputByte" : -1,
  "computonsPerReduceInputByte" : -1,
  "computonsPerReduceOutputByte" : -1,
  "heapMegabytes" : 200,
  "outcome" : "SUCCESS",
  "jobtype" : "JAVA",
  "directDependantJobs" : [ ],
  "successfulMapAttemptCDFs" : [ {
    "minimum" : 5118,
    "maximum" : 5381,
    "rankings" : [ {
      "datum" : 5118,
      "relativeRanking" : 0.05
    }, {
      "datum" : 5118,
      "relativeRanking" : 0.1
    }, {
      "datum" : 5118,
      "relativeRanking" : 0.15
    }, {
      "datum" : 5118,
      "relativeRanking" : 0.2
    }, {
      "datum" : 5118,
      "relativeRanking" : 0.25
    }, {
      "datum" : 5118,
      "relativeRanking" : 0.3
    }, {
      "datum" : 5118,
      "relativeRanking" : 0.35
    }, {
      "datum" : 5118,
      "relativeRanking" : 0.4
    }, {
      "datum" : 5118,
      "relativeRanking" : 0.45
    }, {
      "datum" : 5118,
      "relativeRanking" : 0.5
    }, {
      "datum" : 5118,
      "relativeRanking" : 0.55
    }, {
      "datum" : 5118,
      "relativeRanking" : 0.6
    }, {
      "datum" : 5118,
      "relativeRanking" : 0.65
    }, {
      "datum" : 5118,
      "relativeRanking" : 0.7
    }, {
      "datum" : 5118,
      "relativeRanking" : 0.75
    }, {
      "datum" : 5118,
      "relativeRanking" : 0.8
    }, {
      "datum" : 5118,
      "relativeRanking" : 0.85
    }, {
      "datum" : 5118,
      "relativeRanking" : 0.9
    }, {
      "datum" : 5118,
      "relativeRanking" : 0.95
    } ],
    "numberValues" : 2
  }, {
    "minimum" : 8181,
    "maximum" : 34915,
    "rankings" : [ {
      "datum" : 8181,
      "relativeRanking" : 0.05
    }, {
      "datum" : 9960,
      "relativeRanking" : 0.1
    }, {
      "datum" : 10518,
      "relativeRanking" : 0.15
    }, {
      "datum" : 10855,
      "relativeRanking" : 0.2
    }, {
      "datum" : 11837,
      "relativeRanking" : 0.25
    }, {
      "datum" : 12456,
      "relativeRanking" : 0.3
    }, {
      "datum" : 13457,
      "relativeRanking" : 0.35
    }, {
      "datum" : 14143,
      "relativeRanking" : 0.4
    }, {
      "datum" : 14543,
      "relativeRanking" : 0.45
    }, {
      "datum" : 14632,
      "relativeRanking" : 0.5
    }, {
      "datum" : 15569,
      "relativeRanking" : 0.55
    }, {
      "datum" : 15943,
      "relativeRanking" : 0.6
    }, {
      "datum" : 16017,
      "relativeRanking" : 0.65
    }, {
      "datum" : 18852,
      "relativeRanking" : 0.7
    }, {
      "datum" : 19878,
      "relativeRanking" : 0.75
    }, {
      "datum" : 22652,
      "relativeRanking" : 0.8
    }, {
      "datum" : 23192,
      "relativeRanking" : 0.85
    }, {
      "datum" : 23708,
      "relativeRanking" : 0.9
    }, {
      "datum" : 24306,
      "relativeRanking" : 0.95
    } ],
    "numberValues" : 24
  }, {
    "minimum" : -9223372036854775808,
    "maximum" : 9223372036854775807,
    "rankings" : [ ],
    "numberValues" : 0
  }, {
    "minimum" : -9223372036854775808,
    "maximum" : 9223372036854775807,
    "rankings" : [ ],
    "numberValues" : 0
  } ],
  "failedMapAttemptCDFs" : [ {
    "minimum" : -9223372036854775808,
    "maximum" : 9223372036854775807,
    "rankings" : [ ],
    "numberValues" : 0
  }, {
    "minimum" : -9223372036854775808,
    "maximum" : 9223372036854775807,
    "rankings" : [ ],
    "numberValues" : 0
  }, {
    "minimum" : -9223372036854775808,
    "maximum" : 9223372036854775807,
    "rankings" : [ ],
    "numberValues" : 0
  }, {
    "minimum" : -9223372036854775808,
    "maximum" : 9223372036854775807,
    "rankings" : [ ],
    "numberValues" : 0
  } ],
  "successfulReduceAttemptCDF" : {
    "minimum" : 24607,
    "maximum" : 77482,
    "rankings" : [ {
      "datum" : 24607,
      "relativeRanking" : 0.05
    }, {
      "datum" : 24607,
      "relativeRanking" : 0.1
    }, {
      "datum" : 24607,
      "relativeRanking" : 0.15
    }, {
      "datum" : 24607,
      "relativeRanking" : 0.2
    }, {
      "datum" : 68323,
      "relativeRanking" : 0.25
    }, {
      "datum" : 68323,
      "relativeRanking" : 0.3
    }, {
      "datum" : 68323,
      "relativeRanking" : 0.35
    }, {
      "datum" : 69316,
      "relativeRanking" : 0.4
    }, {
      "datum" : 69316,
      "relativeRanking" : 0.45
    }, {
      "datum" : 70465,
      "relativeRanking" : 0.5
    }, {
      "datum" : 70465,
      "relativeRanking" : 0.55
    }, {
      "datum" : 70465,
      "relativeRanking" : 0.6
    }, {
      "datum" : 73968,
      "relativeRanking" : 0.65
    }, {
      "datum" : 73968,
      "relativeRanking" : 0.7
    }, {
      "datum" : 74307,
      "relativeRanking" : 0.75
    }, {
      "datum" : 74307,
      "relativeRanking" : 0.8
    }, {
      "datum" : 74307,
      "relativeRanking" : 0.85
    }, {
      "datum" : 76504,
      "relativeRanking" : 0.9
    }, {
      "datum" : 76504,
      "relativeRanking" : 0.95
    } ],
    "numberValues" : 8
  },
  "failedReduceAttemptCDF" : {
    "minimum" : 8175,
    "maximum" : 37242,
    "rankings" : [ {
      "datum" : 8175,
      "relativeRanking" : 0.05
    }, {
      "datum" : 8175,
      "relativeRanking" : 0.1
    }, {
      "datum" : 8175,
      "relativeRanking" : 0.15
    }, {
      "datum" : 8175,
      "relativeRanking" : 0.2
    }, {
      "datum" : 8175,
      "relativeRanking" : 0.25
    }, {
      "datum" : 8175,
      "relativeRanking" : 0.3
    }, {
      "datum" : 8175,
      "relativeRanking" : 0.35
    }, {
      "datum" : 8175,
      "relativeRanking" : 0.4
    }, {
      "datum" : 8175,
      "relativeRanking" : 0.45
    }, {
      "datum" : 9447,
      "relativeRanking" : 0.5
    }, {
      "datum" : 9447,
      "relativeRanking" : 0.55
    }, {
      "datum" : 9447,
      "relativeRanking" : 0.6
    }, {
      "datum" : 9447,
      "relativeRanking" : 0.65
    }, {
      "datum" : 9447,
      "relativeRanking" : 0.7
    }, {
      "datum" : 10577,
      "relativeRanking" : 0.75
    }, {
      "datum" : 10577,
      "relativeRanking" : 0.8
    }, {
      "datum" : 10577,
      "relativeRanking" : 0.85
    }, {
      "datum" : 10577,
      "relativeRanking" : 0.9
    }, {
      "datum" : 10577,
      "relativeRanking" : 0.95
    } ],
    "numberValues" : 4
  },
  "mapperTriesToSucceed" : [ 1.0 ],
  "failedMapperFraction" : 0.0,
  "relativeTime" : 0,
  "jobMapMB" : 200,
  "priority" : "NORMAL"
}