{
  "priority" : "NORMAL",
  "jobID" : "job_201407031547_1716",
  "user" : "itri-hadoop",
  "jobName" : "TeraSort",
  "mapTasks" : [ {
    "startTime" : 1405282447813,
    "attempts" : [ {
      "result" : "SUCCESS",
      "location" : {
        "layers" : [ "default-rack", "Slave12" ]
      },
      "hostName" : "/default-rack/Slave12",
      "startTime" : 1405282439754,
      "finishTime" : 1405282450225,
      "attemptID" : "attempt_201407031547_1716_m_000036_0",
      "shuffleFinished" : -1,
      "sortFinished" : -1,
      "hdfsBytesRead" : 168161886,
      "hdfsBytesWritten" : -1,
      "fileBytesRead" : 171530696,
      "fileBytesWritten" : 343110210,
      "mapInputRecords" : 1681617,
      "mapOutputBytes" : 168161700,
      "mapOutputRecords" : 1681617,
      "combineInputRecords" : 0,
      "reduceInputGroups" : -1,
      "reduceInputRecords" : -1,
      "reduceShuffleBytes" : -1,
      "reduceOutputRecords" : -1,
      "spilledRecords" : 3363234,
      "mapInputBytes" : 168161700,
      "resourceUsageMetrics" : {
        "cumulativeCpuUsage" : 7220,
        "virtualMemoryUsage" : 832851968,
        "physicalMemoryUsage" : 412856320,
        "heapUsage" : 456654848
      }
    } ],
    "finishTime" : 1405282458536,
    "preferredLocations" : [ {
      "layers" : [ "default-rack", "Master1" ]
    }, {
      "layers" : [ "default-rack", "Slave13" ]
    }, {
      "layers" : [ "default-rack", "Slave12" ]
    } ],
    "taskType" : "MAP",
    "taskStatus" : "SUCCESS",
    "taskID" : "task_201407031547_1716_m_000036",
    "inputBytes" : 168161886,
    "inputRecords" : 1681617,
    "outputBytes" : 343110210,
    "outputRecords" : 1681617
  }, {
    "startTime" : 1405282447814,
    "attempts" : [ {
      "result" : "SUCCESS",
      "location" : {
        "layers" : [ "default-rack", "Slave12" ]
      },
      "hostName" : "/default-rack/Slave12",
      "startTime" : 1405282439754,
      "finishTime" : 1405282461148,
      "attemptID" : "attempt_201407031547_1716_m_000000_0",
      "shuffleFinished" : -1,
      "sortFinished" : -1,
      "hdfsBytesRead" : 268439646,
      "hdfsBytesWritten" : -1,
      "fileBytesRead" : 273811166,
      "fileBytesWritten" : 547668773,
      "mapInputRecords" : 2684355,
      "mapOutputBytes" : 268435500,
      "mapOutputRecords" : 2684355,
      "combineInputRecords" : 0,
      "reduceInputGroups" : -1,
      "reduceInputRecords" : -1,
      "reduceShuffleBytes" : -1,
      "reduceOutputRecords" : -1,
      "spilledRecords" : 5368710,
      "mapInputBytes" : 268435500,
      "resourceUsageMetrics" : {
        "cumulativeCpuUsage" : 9990,
        "virtualMemoryUsage" : 836571136,
        "physicalMemoryUsage" : 297177088,
        "heapUsage" : 439353344
      }
    } ],
    "finishTime" : 1405282469429,
    "preferredLocations" : [ {
      "layers" : [ "default-rack", "192\\.168\\.1\\.100" ]
    }, {
      "layers" : [ "default-rack", "192\\.168\\.1\\.101" ]
    }, {
      "layers" : [ "default-rack", "192\\.168\\.1\\.103" ]
    } ],
    "taskType" : "MAP",
    "taskStatus" : "SUCCESS",
    "taskID" : "task_201407031547_1716_m_000000",
    "inputBytes" : 268439646,
    "inputRecords" : 2684355,
    "outputBytes" : 547668773,
    "outputRecords" : 2684355
  }, {
    "startTime" : 1405282447826,
    "attempts" : [ {
      "result" : "SUCCESS",
      "location" : {
        "layers" : [ "default-rack", "Slave11" ]
      },
      "hostName" : "/default-rack/Slave11",
      "startTime" : 1405282456082,
      "finishTime" : 1405282465136,
      "attemptID" : "attempt_201407031547_1716_m_000037_0",
      "shuffleFinished" : -1,
      "sortFinished" : -1,
      "hdfsBytesRead" : 168161886,
      "hdfsBytesWritten" : -1,
      "fileBytesRead" : 171532232,
      "fileBytesWritten" : 343110209,
      "mapInputRecords" : 1681617,
      "mapOutputBytes" : 168161700,
      "mapOutputRecords" : 1681617,
      "combineInputRecords" : 0,
      "reduceInputGroups" : -1,
      "reduceInputRecords" : -1,
      "reduceShuffleBytes" : -1,
      "reduceOutputRecords" : -1,
      "spilledRecords" : 3363234,
      "mapInputBytes" : 168161700,
      "resourceUsageMetrics" : {
        "cumulativeCpuUsage" : 6890,
        "virtualMemoryUsage" : 831660032,
        "physicalMemoryUsage" : 394268672,
        "heapUsage" : 439353344
      }
    } ],
    "finishTime" : 1405282457482,
    "preferredLocations" : [ {
      "layers" : [ "default-rack", "Master1" ]
    }, {
      "layers" : [ "default-rack", "Slave11" ]
    }, {
      "layers" : [ "default-rack", "Slave13" ]
    } ],
    "taskType" : "MAP",
    "taskStatus" : "SUCCESS",
    "taskID" : "task_201407031547_1716_m_000037",
    "inputBytes" : 168161886,
    "inputRecords" : 1681617,
    "outputBytes" : 343110209,
    "outputRecords" : 1681617
  }, {
    "startTime" : 1405282447827,
    "attempts" : [ {
      "result" : "SUCCESS",
      "location" : {
        "layers" : [ "default-rack", "Slave11" ]
      },
      "hostName" : "/default-rack/Slave11",
      "startTime" : 1405282456082,
      "finishTime" : 1405282473902,
      "attemptID" : "attempt_201407031547_1716_m_000001_0",
      "shuffleFinished" : -1,
      "sortFinished" : -1,
      "hdfsBytesRead" : 268439646,
      "hdfsBytesWritten" : -1,
      "fileBytesRead" : 273813634,
      "fileBytesWritten" : 547668772,
      "mapInputRecords" : 2684355,
      "mapOutputBytes" : 268435500,
      "mapOutputRecords" : 2684355,
      "combineInputRecords" : 0,
      "reduceInputGroups" : -1,
      "reduceInputRecords" : -1,
      "reduceShuffleBytes" : -1,
      "reduceOutputRecords" : -1,
      "spilledRecords" : 5368710,
      "mapInputBytes" : 268435500,
      "resourceUsageMetrics" : {
        "cumulativeCpuUsage" : 10410,
        "virtualMemoryUsage" : 830099456,
        "physicalMemoryUsage" : 393601024,
        "heapUsage" : 439353344
      }
    } ],
    "finishTime" : 1405282465930,
    "preferredLocations" : [ {
      "layers" : [ "default-rack", "192\\.168\\.1\\.100" ]
    }, {
      "layers" : [ "default-rack", "192\\.168\\.1\\.103" ]
    }, {
      "layers" : [ "default-rack", "192\\.168\\.1\\.102" ]
    } ],
    "taskType" : "MAP",
    "taskStatus" : "SUCCESS",
    "taskID" : "task_201407031547_1716_m_000001",
    "inputBytes" : 268439646,
    "inputRecords" : 2684355,
    "outputBytes" : 547668772,
    "outputRecords" : 2684355
  }, {
    "startTime" : 1405282447861,
    "attempts" : [ {
      "result" : "SUCCESS",
      "location" : {
        "layers" : [ "default-rack", "Slave13" ]
      },
      "hostName" : "/default-rack/Slave13",
      "startTime" : 1405282444337,
      "finishTime" : 1405282454993,
      "attemptID" : "attempt_201407031547_1716_m_000002_0",
      "shuffleFinished" : -1,
      "sortFinished" : -1,
      "hdfsBytesRead" : 268439646,
      "hdfsBytesWritten" : -1,
      "fileBytesRead" : 273814218,
      "fileBytesWritten" : 547668569,
      "mapInputRecords" : 2684354,
      "mapOutputBytes" : 268435400,
      "mapOutputRecords" : 2684354,
      "combineInputRecords" : 0,
      "reduceInputGroups" : -1,
      "reduceInputRecords" : -1,
      "reduceShuffleBytes" : -1,
      "reduceOutputRecords" : -1,
      "spilledRecords" : 5368708,
      "mapInputBytes" : 268435400,
      "resourceUsageMetrics" : {
        "cumulativeCpuUsage" : 9720,
        "virtualMemoryUsage" : 835674112,
        "physicalMemoryUsage" : 414044160,
        "heapUsage" : 456654848
      }
    } ],
    "finishTime" : 1405282459012,
    "preferredLocations" : [ {
      "layers" : [ "default-rack", "192\\.168\\.1\\.100" ]
    }, {
      "layers" : [ "default-rack", "192\\.168\\.1\\.103" ]
    }, {
      "layers" : [ "default-rack", "192\\.168\\.1\\.102" ]
    } ],
    "taskType" : "MAP",
    "taskStatus" : "SUCCESS",
    "taskID" : "task_201407031547_1716_m_000002",
    "inputBytes" : 268439646,
    "inputRecords" : 2684354,
    "outputBytes" : 547668569,
    "outputRecords" : 2684354
  }, {
    "startTime" : 1405282447861,
    "attempts" : [ {
      "result" : "SUCCESS",
      "location" : {
        "layers" : [ "default-rack", "Slave13" ]
      },
      "hostName" : "/default-rack/Slave13",
      "startTime" : 1405282444337,
      "finishTime" : 1405282468148,
      "attemptID" : "attempt_201407031547_1716_m_000003_0",
      "shuffleFinished" : -1,
      "sortFinished" : -1,
      "hdfsBytesRead" : 268439646,
      "hdfsBytesWritten" : -1,
      "fileBytesRead" : 273810398,
      "fileBytesWritten" : 547668773,
      "mapInputRecords" : 2684355,
      "mapOutputBytes" : 268435500,
      "mapOutputRecords" : 2684355,
      "combineInputRecords" : 0,
      "reduceInputGroups" : -1,
      "reduceInputRecords" : -1,
      "reduceShuffleBytes" : -1,
      "reduceOutputRecords" : -1,
      "spilledRecords" : 5368710,
      "mapInputBytes" : 268435500,
      "resourceUsageMetrics" : {
        "cumulativeCpuUsage" : 10420,
        "virtualMemoryUsage" : 831688704,
        "physicalMemoryUsage" : 412884992,
        "heapUsage" : 463994880
      }
    } ],
    "finishTime" : 1405282472478,
    "preferredLocations" : [ {
      "layers" : [ "default-rack", "192\\.168\\.1\\.100" ]
    }, {
      "layers" : [ "default-rack", "192\\.168\\.1\\.102" ]
    }, {
      "layers" : [ "default-rack", "192\\.168\\.1\\.101" ]
    } ],
    "taskType" : "MAP",
    "taskStatus" : "SUCCESS",
    "taskID" : "task_201407031547_1716_m_000003",
    "inputBytes" : 268439646,
    "inputRecords" : 2684355,
    "outputBytes" : 547668773,
    "outputRecords" : 2684355
  }, {
    "startTime" : 1405282447898,
    "attempts" : [ {
      "result" : "SUCCESS",
      "location" : {
        "layers" : [ "default-rack", "Master1" ]
      },
      "hostName" : "/default-rack/Master1",
      "startTime" : 1405282447997,
      "finishTime" : 1405282468346,
      "attemptID" : "attempt_201407031547_1716_m_000004_0",
      "shuffleFinished" : -1,
      "sortFinished" : -1,
      "hdfsBytesRead" : 268439646,
      "hdfsBytesWritten" : -1,
      "fileBytesRead" : 273808836,
      "fileBytesWritten" : 547668567,
      "mapInputRecords" : 2684354,
      "mapOutputBytes" : 268435400,
      "mapOutputRecords" : 2684354,
      "combineInputRecords" : 0,
      "reduceInputGroups" : -1,
      "reduceInputRecords" : -1,
      "reduceShuffleBytes" : -1,
      "reduceOutputRecords" : -1,
      "spilledRecords" : 5368708,
      "mapInputBytes" : 268435400,
      "resourceUsageMetrics" : {
        "cumulativeCpuUsage" : 10010,
        "virtualMemoryUsage" : 832196608,
        "physicalMemoryUsage" : 284475392,
        "heapUsage" : 233046016
      }
    } ],
    "finishTime" : 1405282468498,
    "preferredLocations" : [ {
      "layers" : [ "default-rack", "192\\.168\\.1\\.100" ]
    }, {
      "layers" : [ "default-rack", "192\\.168\\.1\\.103" ]
    }, {
      "layers" : [ "default-rack", "192\\.168\\.1\\.102" ]
    } ],
    "taskType" : "MAP",
    "taskStatus" : "SUCCESS",
    "taskID" : "task_201407031547_1716_m_000004",
    "inputBytes" : 268439646,
    "inputRecords" : 2684354,
    "outputBytes" : 547668567,
    "outputRecords" : 2684354
  }, {
    "startTime" : 1405282447898,
    "attempts" : [ {
      "result" : "SUCCESS",
      "location" : {
        "layers" : [ "default-rack", "Master1" ]
      },
      "hostName" : "/default-rack/Master1",
      "startTime" : 1405282447997,
      "finishTime" : 1405282468346,
      "attemptID" : "attempt_201407031547_1716_m_000005_0",
      "shuffleFinished" : -1,
      "sortFinished" : -1,
      "hdfsBytesRead" : 268439646,
      "hdfsBytesWritten" : -1,
      "fileBytesRead" : 273813020,
      "fileBytesWritten" : 547668771,
      "mapInputRecords" : 2684355,
      "mapOutputBytes" : 268435500,
      "mapOutputRecords" : 2684355,
      "combineInputRecords" : 0,
      "reduceInputGroups" : -1,
      "reduceInputRecords" : -1,
      "reduceShuffleBytes" : -1,
      "reduceOutputRecords" : -1,
      "spilledRecords" : 5368710,
      "mapInputBytes" : 268435500,
      "resourceUsageMetrics" : {
        "cumulativeCpuUsage" : 9760,
        "virtualMemoryUsage" : 831148032,
        "physicalMemoryUsage" : 281911296,
        "heapUsage" : 232783872
      }
    } ],
    "finishTime" : 1405282468498,
    "preferredLocations" : [ {
      "layers" : [ "default-rack", "192\\.168\\.1\\.100" ]
    }, {
      "layers" : [ "default-rack", "192\\.168\\.1\\.102" ]
    }, {
      "layers" : [ "default-rack", "192\\.168\\.1\\.103" ]
    } ],
    "taskType" : "MAP",
    "taskStatus" : "SUCCESS",
    "taskID" : "task_201407031547_1716_m_000005",
    "inputBytes" : 268439646,
    "inputRecords" : 2684355,
    "outputBytes" : 547668771,
    "outputRecords" : 2684355
  }, {
    "startTime" : 1405282457482,
    "attempts" : [ {
      "result" : "SUCCESS",
      "location" : {
        "layers" : [ "default-rack", "Slave11" ]
      },
      "hostName" : "/default-rack/Slave11",
      "startTime" : 1405282465540,
      "finishTime" : 1405282480712,
      "attemptID" : "attempt_201407031547_1716_m_000006_0",
      "shuffleFinished" : -1,
      "sortFinished" : -1,
      "hdfsBytesRead" : 268439646,
      "hdfsBytesWritten" : -1,
      "fileBytesRead" : 273808884,
      "fileBytesWritten" : 547668568,
      "mapInputRecords" : 2684354,
      "mapOutputBytes" : 268435400,
      "mapOutputRecords" : 2684354,
      "combineInputRecords" : 0,
      "reduceInputGroups" : -1,
      "reduceInputRecords" : -1,
      "reduceShuffleBytes" : -1,
      "reduceOutputRecords" : -1,
      "spilledRecords" : 5368708,
      "mapInputBytes" : 268435400,
      "resourceUsageMetrics" : {
        "cumulativeCpuUsage" : 8950,
        "virtualMemoryUsage" : 832323584,
        "physicalMemoryUsage" : 395059200,
        "heapUsage" : 447217664
      }
    } ],
    "finishTime" : 1405282472877,
    "preferredLocations" : [ {
      "layers" : [ "default-rack", "192\\.168\\.1\\.100" ]
    }, {
      "layers" : [ "default-rack", "192\\.168\\.1\\.102" ]
    }, {
      "layers" : [ "default-rack", "192\\.168\\.1\\.101" ]
    } ],
    "taskType" : "MAP",
    "taskStatus" : "SUCCESS",
    "taskID" : "task_201407031547_1716_m_000006",
    "inputBytes" : 268439646,
    "inputRecords" : 2684354,
    "outputBytes" : 547668568,
    "outputRecords" : 2684354
  }, {
    "startTime" : 1405282458536,
    "attempts" : [ {
      "result" : "SUCCESS",
      "location" : {
        "layers" : [ "default-rack", "Slave12" ]
      },
      "hostName" : "/default-rack/Slave12",
      "startTime" : 1405282450476,
      "finishTime" : 1405282478945,
      "attemptID" : "attempt_201407031547_1716_m_000007_0",
      "shuffleFinished" : -1,
      "sortFinished" : -1,
      "hdfsBytesRead" : 268439646,
      "hdfsBytesWritten" : -1,
      "fileBytesRead" : 273810546,
      "fileBytesWritten" : 547668773,
      "mapInputRecords" : 2684355,
      "mapOutputBytes" : 268435500,
      "mapOutputRecords" : 2684355,
      "combineInputRecords" : 0,
      "reduceInputGroups" : -1,
      "reduceInputRecords" : -1,
      "reduceShuffleBytes" : -1,
      "reduceOutputRecords" : -1,
      "spilledRecords" : 5368710,
      "mapInputBytes" : 268435500,
      "resourceUsageMetrics" : {
        "cumulativeCpuUsage" : 8310,
        "virtualMemoryUsage" : 833515520,
        "physicalMemoryUsage" : 415559680,
        "heapUsage" : 472645632
      }
    } ],
    "finishTime" : 1405282487295,
    "preferredLocations" : [ {
      "layers" : [ "default-rack", "192\\.168\\.1\\.100" ]
    }, {
      "layers" : [ "default-rack", "192\\.168\\.1\\.102" ]
    }, {
      "layers" : [ "default-rack", "192\\.168\\.1\\.101" ]
    } ],
    "taskType" : "MAP",
    "taskStatus" : "SUCCESS",
    "taskID" : "task_201407031547_1716_m_000007",
    "inputBytes" : 268439646,
    "inputRecords" : 2684355,
    "outputBytes" : 547668773,
    "outputRecords" : 2684355
  }, {
    "startTime" : 1405282459013,
    "attempts" : [ {
      "result" : "SUCCESS",
      "location" : {
        "layers" : [ "default-rack", "Slave13" ]
      },
      "hostName" : "/default-rack/Slave13",
      "startTime" : 1405282455267,
      "finishTime" : 1405282468870,
      "attemptID" : "attempt_201407031547_1716_m_000008_0",
      "shuffleFinished" : -1,
      "sortFinished" : -1,
      "hdfsBytesRead" : 268439646,
      "hdfsBytesWritten" : -1,
      "fileBytesRead" : 273808644,
      "fileBytesWritten" : 547668773,
      "mapInputRecords" : 2684355,
      "mapOutputBytes" : 268435500,
      "mapOutputRecords" : 2684355,
      "combineInputRecords" : 0,
      "reduceInputGroups" : -1,
      "reduceInputRecords" : -1,
      "reduceShuffleBytes" : -1,
      "reduceOutputRecords" : -1,
      "spilledRecords" : 5368710,
      "mapInputBytes" : 268435500,
      "resourceUsageMetrics" : {
        "cumulativeCpuUsage" : 8130,
        "virtualMemoryUsage" : 836337664,
        "physicalMemoryUsage" : 416571392,
        "heapUsage" : 473956352
      }
    } ],
    "finishTime" : 1405282472876,
    "preferredLocations" : [ {
      "layers" : [ "default-rack", "192\\.168\\.1\\.100" ]
    }, {
      "layers" : [ "default-rack", "192\\.168\\.1\\.103" ]
    }, {
      "layers" : [ "default-rack", "192\\.168\\.1\\.101" ]
    } ],
    "taskType" : "MAP",
    "taskStatus" : "SUCCESS",
    "taskID" : "task_201407031547_1716_m_000008",
    "inputBytes" : 268439646,
    "inputRecords" : 2684355,
    "outputBytes" : 547668773,
    "outputRecords" : 2684355
  }, {
    "startTime" : 1405282465930,
    "attempts" : [ {
      "result" : "SUCCESS",
      "location" : {
        "layers" : [ "default-rack", "Slave11" ]
      },
      "hostName" : "/default-rack/Slave11",
      "startTime" : 1405282473980,
      "finishTime" : 1405282500965,
      "attemptID" : "attempt_201407031547_1716_m_000009_0",
      "shuffleFinished" : -1,
      "sortFinished" : -1,
      "hdfsBytesRead" : 268439646,
      "hdfsBytesWritten" : -1,
      "fileBytesRead" : 273811990,
      "fileBytesWritten" : 547668568,
      "mapInputRecords" : 2684354,
      "mapOutputBytes" : 268435400,
      "mapOutputRecords" : 2684354,
      "combineInputRecords" : 0,
      "reduceInputGroups" : -1,
      "reduceInputRecords" : -1,
      "reduceShuffleBytes" : -1,
      "reduceOutputRecords" : -1,
      "spilledRecords" : 5368708,
      "mapInputBytes" : 268435400,
      "resourceUsageMetrics" : {
        "cumulativeCpuUsage" : 8260,
        "virtualMemoryUsage" : 831094784,
        "physicalMemoryUsage" : 400039936,
        "heapUsage" : 429916160
      }
    } ],
    "finishTime" : 1405282493218,
    "preferredLocations" : [ {
      "layers" : [ "default-rack", "192\\.168\\.1\\.103" ]
    }, {
      "layers" : [ "default-rack", "192\\.168\\.1\\.100" ]
    }, {
      "layers" : [ "default-rack", "192\\.168\\.1\\.101" ]
    } ],
    "taskType" : "MAP",
    "taskStatus" : "SUCCESS",
    "taskID" : "task_201407031547_1716_m_000009",
    "inputBytes" : 268439646,
    "inputRecords" : 2684354,
    "outputBytes" : 547668568,
    "outputRecords" : 2684354
  }, {
    "startTime" : 1405282468498,
    "attempts" : [ {
      "result" : "SUCCESS",
      "location" : {
        "layers" : [ "default-rack", "Master1" ]
      },
      "hostName" : "/default-rack/Master1",
      "startTime" : 1405282468499,
      "finishTime" : 1405282502233,
      "attemptID" : "attempt_201407031547_1716_m_000010_0",
      "shuffleFinished" : -1,
      "sortFinished" : -1,
      "hdfsBytesRead" : 268439646,
      "hdfsBytesWritten" : -1,
      "fileBytesRead" : 273808240,
      "fileBytesWritten" : 547668772,
      "mapInputRecords" : 2684355,
      "mapOutputBytes" : 268435500,
      "mapOutputRecords" : 2684355,
      "combineInputRecords" : 0,
      "reduceInputGroups" : -1,
      "reduceInputRecords" : -1,
      "reduceShuffleBytes" : -1,
      "reduceOutputRecords" : -1,
      "spilledRecords" : 5368710,
      "mapInputBytes" : 268435500,
      "resourceUsageMetrics" : {
        "cumulativeCpuUsage" : 8610,
        "virtualMemoryUsage" : 832143360,
        "physicalMemoryUsage" : 459198464,
        "heapUsage" : 501743616
      }
    } ],
    "finishTime" : 1405282502523,
    "preferredLocations" : [ {
      "layers" : [ "default-rack", "192\\.168\\.1\\.100" ]
    }, {
      "layers" : [ "default-rack", "192\\.168\\.1\\.103" ]
    }, {
      "layers" : [ "default-rack", "192\\.168\\.1\\.101" ]
    } ],
    "taskType" : "MAP",
    "taskStatus" : "SUCCESS",
    "taskID" : "task_201407031547_1716_m_000010",
    "inputBytes" : 268439646,
    "inputRecords" : 2684355,
    "outputBytes" : 547668772,
    "outputRecords" : 2684355
  }, {
    "startTime" : 1405282468498,
    "attempts" : [ {
      "result" : "SUCCESS",
      "location" : {
        "layers" : [ "default-rack", "Master1" ]
      },
      "hostName" : "/default-rack/Master1",
      "startTime" : 1405282468499,
      "finishTime" : 1405282501193,
      "attemptID" : "attempt_201407031547_1716_m_000011_0",
      "shuffleFinished" : -1,
      "sortFinished" : -1,
      "hdfsBytesRead" : 268439646,
      "hdfsBytesWritten" : -1,
      "fileBytesRead" : 273813780,
      "fileBytesWritten" : 547668568,
      "mapInputRecords" : 2684354,
      "mapOutputBytes" : 268435400,
      "mapOutputRecords" : 2684354,
      "combineInputRecords" : 0,
      "reduceInputGroups" : -1,
      "reduceInputRecords" : -1,
      "reduceShuffleBytes" : -1,
      "reduceOutputRecords" : -1,
      "spilledRecords" : 5368708,
      "mapInputBytes" : 268435400,
      "resourceUsageMetrics" : {
        "cumulativeCpuUsage" : 8420,
        "virtualMemoryUsage" : 833191936,
        "physicalMemoryUsage" : 388231168,
        "heapUsage" : 333971456
      }
    } ],
    "finishTime" : 1405282501469,
    "preferredLocations" : [ {
      "layers" : [ "default-rack", "192\\.168\\.1\\.100" ]
    }, {
      "layers" : [ "default-rack", "192\\.168\\.1\\.101" ]
    }, {
      "layers" : [ "default-rack", "192\\.168\\.1\\.102" ]
    } ],
    "taskType" : "MAP",
    "taskStatus" : "SUCCESS",
    "taskID" : "task_201407031547_1716_m_000011",
    "inputBytes" : 268439646,
    "inputRecords" : 2684354,
    "outputBytes" : 547668568,
    "outputRecords" : 2684354
  }, {
    "startTime" : 1405282469430,
    "attempts" : [ {
      "result" : "SUCCESS",
      "location" : {
        "layers" : [ "default-rack", "Slave12" ]
      },
      "hostName" : "/default-rack/Slave12",
      "startTime" : 1405282461370,
      "finishTime" : 1405282515304,
      "attemptID" : "attempt_201407031547_1716_m_000012_0",
      "shuffleFinished" : -1,
      "sortFinished" : -1,
      "hdfsBytesRead" : 268439646,
      "hdfsBytesWritten" : -1,
      "fileBytesRead" : 273810052,
      "fileBytesWritten" : 547668774,
      "mapInputRecords" : 2684355,
      "mapOutputBytes" : 268435500,
      "mapOutputRecords" : 2684355,
      "combineInputRecords" : 0,
      "reduceInputGroups" : -1,
      "reduceInputRecords" : -1,
      "reduceShuffleBytes" : -1,
      "reduceOutputRecords" : -1,
      "spilledRecords" : 5368710,
      "mapInputBytes" : 268435500,
      "resourceUsageMetrics" : {
        "cumulativeCpuUsage" : 9040,
        "virtualMemoryUsage" : 837566464,
        "physicalMemoryUsage" : 405680128,
        "heapUsage" : 414449664
      }
    } ],
    "finishTime" : 1405282523655,
    "preferredLocations" : [ {
      "layers" : [ "default-rack", "192\\.168\\.1\\.100" ]
    }, {
      "layers" : [ "default-rack", "192\\.168\\.1\\.103" ]
    }, {
      "layers" : [ "default-rack", "192\\.168\\.1\\.101" ]
    } ],
    "taskType" : "MAP",
    "taskStatus" : "SUCCESS",
    "taskID" : "task_201407031547_1716_m_000012",
    "inputBytes" : 268439646,
    "inputRecords" : 2684355,
    "outputBytes" : 547668774,
    "outputRecords" : 2684355
  }, {
    "startTime" : 1405282472478,
    "attempts" : [ {
      "result" : "SUCCESS",
      "location" : {
        "layers" : [ "default-rack", "Slave13" ]
      },
      "hostName" : "/default-rack/Slave13",
      "startTime" : 1405282468732,
      "finishTime" : 1405282489542,
      "attemptID" : "attempt_201407031547_1716_m_000013_0",
      "shuffleFinished" : -1,
      "sortFinished" : -1,
      "hdfsBytesRead" : 268439646,
      "hdfsBytesWritten" : -1,
      "fileBytesRead" : 273812352,
      "fileBytesWritten" : 547668570,
      "mapInputRecords" : 2684354,
      "mapOutputBytes" : 268435400,
      "mapOutputRecords" : 2684354,
      "combineInputRecords" : 0,
      "reduceInputGroups" : -1,
      "reduceInputRecords" : -1,
      "reduceShuffleBytes" : -1,
      "reduceOutputRecords" : -1,
      "spilledRecords" : 5368708,
      "mapInputBytes" : 268435400,
      "resourceUsageMetrics" : {
        "cumulativeCpuUsage" : 7890,
        "virtualMemoryUsage" : 831635456,
        "physicalMemoryUsage" : 431562752,
        "heapUsage" : 497811456
      }
    } ],
    "finishTime" : 1405282493425,
    "preferredLocations" : [ {
      "layers" : [ "default-rack", "192\\.168\\.1\\.100" ]
    }, {
      "layers" : [ "default-rack", "192\\.168\\.1\\.102" ]
    }, {
      "layers" : [ "default-rack", "192\\.168\\.1\\.101" ]
    } ],
    "taskType" : "MAP",
    "taskStatus" : "SUCCESS",
    "taskID" : "task_201407031547_1716_m_000013",
    "inputBytes" : 268439646,
    "inputRecords" : 2684354,
    "outputBytes" : 547668570,
    "outputRecords" : 2684354
  }, {
    "startTime" : 1405282472877,
    "attempts" : [ {
      "result" : "SUCCESS",
      "location" : {
        "layers" : [ "default-rack", "Slave13" ]
      },
      "hostName" : "/default-rack/Slave13",
      "startTime" : 1405282469131,
      "finishTime" : 1405282483045,
      "attemptID" : "attempt_201407031547_1716_m_000014_0",
      "shuffleFinished" : -1,
      "sortFinished" : -1,
      "hdfsBytesRead" : 268439646,
      "hdfsBytesWritten" : -1,
      "fileBytesRead" : 273813130,
      "fileBytesWritten" : 547668774,
      "mapInputRecords" : 2684355,
      "mapOutputBytes" : 268435500,
      "mapOutputRecords" : 2684355,
      "combineInputRecords" : 0,
      "reduceInputGroups" : -1,
      "reduceInputRecords" : -1,
      "reduceShuffleBytes" : -1,
      "reduceOutputRecords" : -1,
      "spilledRecords" : 5368710,
      "mapInputBytes" : 268435500,
      "resourceUsageMetrics" : {
        "cumulativeCpuUsage" : 7590,
        "virtualMemoryUsage" : 836337664,
        "physicalMemoryUsage" : 399355904,
        "heapUsage" : 498860032
      }
    } ],
    "finishTime" : 1405282487023,
    "preferredLocations" : [ {
      "layers" : [ "default-rack", "192\\.168\\.1\\.100" ]
    }, {
      "layers" : [ "default-rack", "192\\.168\\.1\\.101" ]
    }, {
      "layers" : [ "default-rack", "192\\.168\\.1\\.103" ]
    } ],
    "taskType" : "MAP",
    "taskStatus" : "SUCCESS",
    "taskID" : "task_201407031547_1716_m_000014",
    "inputBytes" : 268439646,
    "inputRecords" : 2684355,
    "outputBytes" : 547668774,
    "outputRecords" : 2684355
  }, {
    "startTime" : 1405282472877,
    "attempts" : [ {
      "result" : "SUCCESS",
      "location" : {
        "layers" : [ "default-rack", "Slave11" ]
      },
      "hostName" : "/default-rack/Slave11",
      "startTime" : 1405282480929,
      "finishTime" : 1405282491062,
      "attemptID" : "attempt_201407031547_1716_m_000015_0",
      "shuffleFinished" : -1,
      "sortFinished" : -1,
      "hdfsBytesRead" : 268439646,
      "hdfsBytesWritten" : -1,
      "fileBytesRead" : 273811034,
      "fileBytesWritten" : 547668569,
      "mapInputRecords" : 2684354,
      "mapOutputBytes" : 268435400,
      "mapOutputRecords" : 2684354,
      "combineInputRecords" : 0,
      "reduceInputGroups" : -1,
      "reduceInputRecords" : -1,
      "reduceShuffleBytes" : -1,
      "reduceOutputRecords" : -1,
      "spilledRecords" : 5368708,
      "mapInputBytes" : 268435400,
      "resourceUsageMetrics" : {
        "cumulativeCpuUsage" : 7550,
        "virtualMemoryUsage" : 832323584,
        "physicalMemoryUsage" : 401547264,
        "heapUsage" : 450887680
      }
    } ],
    "finishTime" : 1405282483297,
    "preferredLocations" : [ {
      "layers" : [ "default-rack", "192\\.168\\.1\\.103" ]
    }, {
      "layers" : [ "default-rack", "192\\.168\\.1\\.100" ]
    }, {
      "layers" : [ "default-rack", "192\\.168\\.1\\.101" ]
    } ],
    "taskType" : "MAP",
    "taskStatus" : "SUCCESS",
    "taskID" : "task_201407031547_1716_m_000015",
    "inputBytes" : 268439646,
    "inputRecords" : 2684354,
    "outputBytes" : 547668569,
    "outputRecords" : 2684354
  }, {
    "startTime" : 1405282483298,
    "attempts" : [ {
      "result" : "SUCCESS",
      "location" : {
        "layers" : [ "default-rack", "Slave11" ]
      },
      "hostName" : "/default-rack/Slave11",
      "startTime" : 1405282491369,
      "finishTime" : 1405282513870,
      "attemptID" : "attempt_201407031547_1716_m_000016_0",
      "shuffleFinished" : -1,
      "sortFinished" : -1,
      "hdfsBytesRead" : 268439646,
      "hdfsBytesWritten" : -1,
      "fileBytesRead" : 273810628,
      "fileBytesWritten" : 547668773,
      "mapInputRecords" : 2684355,
      "mapOutputBytes" : 268435500,
      "mapOutputRecords" : 2684355,
      "combineInputRecords" : 0,
      "reduceInputGroups" : -1,
      "reduceInputRecords" : -1,
      "reduceShuffleBytes" : -1,
      "reduceOutputRecords" : -1,
      "spilledRecords" : 5368710,
      "mapInputBytes" : 268435500,
      "resourceUsageMetrics" : {
        "cumulativeCpuUsage" : 8280,
        "virtualMemoryUsage" : 832323584,
        "physicalMemoryUsage" : 404578304,
        "heapUsage" : 453246976
      }
    } ],
    "finishTime" : 1405282505997,
    "preferredLocations" : [ {
      "layers" : [ "default-rack", "192\\.168\\.1\\.100" ]
    }, {
      "layers" : [ "default-rack", "192\\.168\\.1\\.103" ]
    }, {
      "layers" : [ "default-rack", "192\\.168\\.1\\.101" ]
    } ],
    "taskType" : "MAP",
    "taskStatus" : "SUCCESS",
    "taskID" : "task_201407031547_1716_m_000016",
    "inputBytes" : 268439646,
    "inputRecords" : 2684355,
    "outputBytes" : 547668773,
    "outputRecords" : 2684355
  }, {
    "startTime" : 1405282487023,
    "attempts" : [ {
      "result" : "SUCCESS",
      "location" : {
        "layers" : [ "default-rack", "Slave13" ]
      },
      "hostName" : "/default-rack/Slave13",
      "startTime" : 1405282483277,
      "finishTime" : 1405282501876,
      "attemptID" : "attempt_201407031547_1716_m_000017_0",
      "shuffleFinished" : -1,
      "sortFinished" : -1,
      "hdfsBytesRead" : 268439646,
      "hdfsBytesWritten" : -1,
      "fileBytesRead" : 273810426,
      "fileBytesWritten" : 547668774,
      "mapInputRecords" : 2684355,
      "mapOutputBytes" : 268435500,
      "mapOutputRecords" : 2684355,
      "combineInputRecords" : 0,
      "reduceInputGroups" : -1,
      "reduceInputRecords" : -1,
      "reduceShuffleBytes" : -1,
      "reduceOutputRecords" : -1,
      "spilledRecords" : 5368710,
      "mapInputBytes" : 268435500,
      "resourceUsageMetrics" : {
        "cumulativeCpuUsage" : 8370,
        "virtualMemoryUsage" : 836337664,
        "physicalMemoryUsage" : 456085504,
        "heapUsage" : 503840768
      }
    } ],
    "finishTime" : 1405282505625,
    "preferredLocations" : [ {
      "layers" : [ "default-rack", "192\\.168\\.1\\.101" ]
    }, {
      "layers" : [ "default-rack", "192\\.168\\.1\\.100" ]
    }, {
      "layers" : [ "default-rack", "192\\.168\\.1\\.103" ]
    } ],
    "taskType" : "MAP",
    "taskStatus" : "SUCCESS",
    "taskID" : "task_201407031547_1716_m_000017",
    "inputBytes" : 268439646,
    "inputRecords" : 2684355,
    "outputBytes" : 547668774,
    "outputRecords" : 2684355
  }, {
    "startTime" : 1405282487296,
    "attempts" : [ {
      "result" : "SUCCESS",
      "location" : {
        "layers" : [ "default-rack", "Slave12" ]
      },
      "hostName" : "/default-rack/Slave12",
      "startTime" : 1405282479236,
      "finishTime" : 1405282525562,
      "attemptID" : "attempt_201407031547_1716_m_000018_0",
      "shuffleFinished" : -1,
      "sortFinished" : -1,
      "hdfsBytesRead" : 268439646,
      "hdfsBytesWritten" : -1,
      "fileBytesRead" : 273805510,
      "fileBytesWritten" : 547668774,
      "mapInputRecords" : 2684355,
      "mapOutputBytes" : 268435500,
      "mapOutputRecords" : 2684355,
      "combineInputRecords" : 0,
      "reduceInputGroups" : -1,
      "reduceInputRecords" : -1,
      "reduceShuffleBytes" : -1,
      "reduceOutputRecords" : -1,
      "spilledRecords" : 5368710,
      "mapInputBytes" : 268435500,
      "resourceUsageMetrics" : {
        "cumulativeCpuUsage" : 9010,
        "virtualMemoryUsage" : 833515520,
        "physicalMemoryUsage" : 433991680,
        "heapUsage" : 430964736
      }
    } ],
    "finishTime" : 1405282533781,
    "preferredLocations" : [ {
      "layers" : [ "default-rack", "192\\.168\\.1\\.103" ]
    }, {
      "layers" : [ "default-rack", "192\\.168\\.1\\.100" ]
    }, {
      "layers" : [ "default-rack", "192\\.168\\.1\\.101" ]
    } ],
    "taskType" : "MAP",
    "taskStatus" : "SUCCESS",
    "taskID" : "task_201407031547_1716_m_000018",
    "inputBytes" : 268439646,
    "inputRecords" : 2684355,
    "outputBytes" : 547668774,
    "outputRecords" : 2684355
  }, {
    "startTime" : 1405282493218,
    "attempts" : [ {
      "result" : "SUCCESS",
      "location" : {
        "layers" : [ "default-rack", "Slave11" ]
      },
      "hostName" : "/default-rack/Slave11",
      "startTime" : 1405282501289,
      "finishTime" : 1405282523967,
      "attemptID" : "attempt_201407031547_1716_m_000019_0",
      "shuffleFinished" : -1,
      "sortFinished" : -1,
      "hdfsBytesRead" : 268439646,
      "hdfsBytesWritten" : -1,
      "fileBytesRead" : 273810602,
      "fileBytesWritten" : 547668773,
      "mapInputRecords" : 2684355,
      "mapOutputBytes" : 268435500,
      "mapOutputRecords" : 2684355,
      "combineInputRecords" : 0,
      "reduceInputGroups" : -1,
      "reduceInputRecords" : -1,
      "reduceShuffleBytes" : -1,
      "reduceOutputRecords" : -1,
      "spilledRecords" : 5368710,
      "mapInputBytes" : 268435500,
      "resourceUsageMetrics" : {
        "cumulativeCpuUsage" : 8640,
        "virtualMemoryUsage" : 831094784,
        "physicalMemoryUsage" : 405102592,
        "heapUsage" : 453246976
      }
    } ],
    "finishTime" : 1405282516219,
    "preferredLocations" : [ {
      "layers" : [ "default-rack", "192\\.168\\.1\\.103" ]
    }, {
      "layers" : [ "default-rack", "192\\.168\\.1\\.101" ]
    }, {
      "layers" : [ "default-rack", "192\\.168\\.1\\.102" ]
    } ],
    "taskType" : "MAP",
    "taskStatus" : "SUCCESS",
    "taskID" : "task_201407031547_1716_m_000019",
    "inputBytes" : 268439646,
    "inputRecords" : 2684355,
    "outputBytes" : 547668773,
    "outputRecords" : 2684355
  }, {
    "startTime" : 1405282493425,
    "attempts" : [ {
      "result" : "SUCCESS",
      "location" : {
        "layers" : [ "default-rack", "Slave13" ]
      },
      "hostName" : "/default-rack/Slave13",
      "startTime" : 1405282489678,
      "finishTime" : 1405282502558,
      "attemptID" : "attempt_201407031547_1716_m_000020_0",
      "shuffleFinished" : -1,
      "sortFinished" : -1,
      "hdfsBytesRead" : 268439646,
      "hdfsBytesWritten" : -1,
      "fileBytesRead" : 273811710,
      "fileBytesWritten" : 547668570,
      "mapInputRecords" : 2684354,
      "mapOutputBytes" : 268435400,
      "mapOutputRecords" : 2684354,
      "combineInputRecords" : 0,
      "reduceInputGroups" : -1,
      "reduceInputRecords" : -1,
      "reduceShuffleBytes" : -1,
      "reduceOutputRecords" : -1,
      "spilledRecords" : 5368708,
      "mapInputBytes" : 268435400,
      "resourceUsageMetrics" : {
        "cumulativeCpuUsage" : 7680,
        "virtualMemoryUsage" : 832684032,
        "physicalMemoryUsage" : 472604672,
        "heapUsage" : 524288000
      }
    } ],
    "finishTime" : 1405282506565,
    "preferredLocations" : [ {
      "layers" : [ "default-rack", "192\\.168\\.1\\.100" ]
    }, {
      "layers" : [ "default-rack", "192\\.168\\.1\\.103" ]
    }, {
      "layers" : [ "default-rack", "192\\.168\\.1\\.101" ]
    } ],
    "taskType" : "MAP",
    "taskStatus" : "SUCCESS",
    "taskID" : "task_201407031547_1716_m_000020",
    "inputBytes" : 268439646,
    "inputRecords" : 2684354,
    "outputBytes" : 547668570,
    "outputRecords" : 2684354
  }, {
    "startTime" : 1405282501470,
    "attempts" : [ {
      "result" : "SUCCESS",
      "location" : {
        "layers" : [ "default-rack", "Master1" ]
      },
      "hostName" : "/default-rack/Master1",
      "startTime" : 1405282501595,
      "finishTime" : 1405282547081,
      "attemptID" : "attempt_201407031547_1716_m_000021_0",
      "shuffleFinished" : -1,
      "sortFinished" : -1,
      "hdfsBytesRead" : 268439646,
      "hdfsBytesWritten" : -1,
      "fileBytesRead" : 273811136,
      "fileBytesWritten" : 547668772,
      "mapInputRecords" : 2684355,
      "mapOutputBytes" : 268435500,
      "mapOutputRecords" : 2684355,
      "combineInputRecords" : 0,
      "reduceInputGroups" : -1,
      "reduceInputRecords" : -1,
      "reduceShuffleBytes" : -1,
      "reduceOutputRecords" : -1,
      "spilledRecords" : 5368710,
      "mapInputBytes" : 268435500,
      "resourceUsageMetrics" : {
        "cumulativeCpuUsage" : 8240,
        "virtualMemoryUsage" : 833191936,
        "physicalMemoryUsage" : 466382848,
        "heapUsage" : 510656512
      }
    } ],
    "finishTime" : 1405282547379,
    "preferredLocations" : [ {
      "layers" : [ "default-rack", "192\\.168\\.1\\.103" ]
    }, {
      "layers" : [ "default-rack", "192\\.168\\.1\\.102" ]
    }, {
      "layers" : [ "default-rack", "192\\.168\\.1\\.100" ]
    } ],
    "taskType" : "MAP",
    "taskStatus" : "SUCCESS",
    "taskID" : "task_201407031547_1716_m_000021",
    "inputBytes" : 268439646,
    "inputRecords" : 2684355,
    "outputBytes" : 547668772,
    "outputRecords" : 2684355
  }, {
    "startTime" : 1405282502524,
    "attempts" : [ {
      "result" : "SUCCESS",
      "location" : {
        "layers" : [ "default-rack", "Master1" ]
      },
      "hostName" : "/default-rack/Master1",
      "startTime" : 1405282502531,
      "finishTime" : 1405282567754,
      "attemptID" : "attempt_201407031547_1716_m_000022_0",
      "shuffleFinished" : -1,
      "sortFinished" : -1,
      "hdfsBytesRead" : 268439646,
      "hdfsBytesWritten" : -1,
      "fileBytesRead" : 273810038,
      "fileBytesWritten" : 547668568,
      "mapInputRecords" : 2684354,
      "mapOutputBytes" : 268435400,
      "mapOutputRecords" : 2684354,
      "combineInputRecords" : 0,
      "reduceInputGroups" : -1,
      "reduceInputRecords" : -1,
      "reduceShuffleBytes" : -1,
      "reduceOutputRecords" : -1,
      "spilledRecords" : 5368708,
      "mapInputBytes" : 268435400,
      "resourceUsageMetrics" : {
        "cumulativeCpuUsage" : 8450,
        "virtualMemoryUsage" : 832143360,
        "physicalMemoryUsage" : 469581824,
        "heapUsage" : 515112960
      }
    } ],
    "finishTime" : 1405282567977,
    "preferredLocations" : [ {
      "layers" : [ "default-rack", "192\\.168\\.1\\.103" ]
    }, {
      "layers" : [ "default-rack", "192\\.168\\.1\\.101" ]
    }, {
      "layers" : [ "default-rack", "192\\.168\\.1\\.102" ]
    } ],
    "taskType" : "MAP",
    "taskStatus" : "SUCCESS",
    "taskID" : "task_201407031547_1716_m_000022",
    "inputBytes" : 268439646,
    "inputRecords" : 2684354,
    "outputBytes" : 547668568,
    "outputRecords" : 2684354
  }, {
    "startTime" : 1405282505626,
    "attempts" : [ {
      "result" : "SUCCESS",
      "location" : {
        "layers" : [ "default-rack", "Slave13" ]
      },
      "hostName" : "/default-rack/Slave13",
      "startTime" : 1405282501903,
      "finishTime" : 1405282514645,
      "attemptID" : "attempt_201407031547_1716_m_000023_0",
      "shuffleFinished" : -1,
      "sortFinished" : -1,
      "hdfsBytesRead" : 268439646,
      "hdfsBytesWritten" : -1,
      "fileBytesRead" : 273811210,
      "fileBytesWritten" : 547668774,
      "mapInputRecords" : 2684355,
      "mapOutputBytes" : 268435500,
      "mapOutputRecords" : 2684355,
      "combineInputRecords" : 0,
      "reduceInputGroups" : -1,
      "reduceInputRecords" : -1,
      "reduceShuffleBytes" : -1,
      "reduceOutputRecords" : -1,
      "spilledRecords" : 5368710,
      "mapInputBytes" : 268435500,
      "resourceUsageMetrics" : {
        "cumulativeCpuUsage" : 7370,
        "virtualMemoryUsage" : 836337664,
        "physicalMemoryUsage" : 449814528,
        "heapUsage" : 398983168
      }
    } ],
    "finishTime" : 1405282518487,
    "preferredLocations" : [ {
      "layers" : [ "default-rack", "192\\.168\\.1\\.103" ]
    }, {
      "layers" : [ "default-rack", "192\\.168\\.1\\.100" ]
    }, {
      "layers" : [ "default-rack", "192\\.168\\.1\\.101" ]
    } ],
    "taskType" : "MAP",
    "taskStatus" : "SUCCESS",
    "taskID" : "task_201407031547_1716_m_000023",
    "inputBytes" : 268439646,
    "inputRecords" : 2684355,
    "outputBytes" : 547668774,
    "outputRecords" : 2684355
  }, {
    "startTime" : 1405282505997,
    "attempts" : [ {
      "result" : "SUCCESS",
      "location" : {
        "layers" : [ "default-rack", "Slave11" ]
      },
      "hostName" : "/default-rack/Slave11",
      "startTime" : 1405282514047,
      "finishTime" : 1405282529402,
      "attemptID" : "attempt_201407031547_1716_m_000024_0",
      "shuffleFinished" : -1,
      "sortFinished" : -1,
      "hdfsBytesRead" : 268439646,
      "hdfsBytesWritten" : -1,
      "fileBytesRead" : 273812366,
      "fileBytesWritten" : 547668569,
      "mapInputRecords" : 2684354,
      "mapOutputBytes" : 268435400,
      "mapOutputRecords" : 2684354,
      "combineInputRecords" : 0,
      "reduceInputGroups" : -1,
      "reduceInputRecords" : -1,
      "reduceShuffleBytes" : -1,
      "reduceOutputRecords" : -1,
      "spilledRecords" : 5368708,
      "mapInputBytes" : 268435400,
      "resourceUsageMetrics" : {
        "cumulativeCpuUsage" : 8230,
        "virtualMemoryUsage" : 832323584,
        "physicalMemoryUsage" : 425639936,
        "heapUsage" : 453509120
      }
    } ],
    "finishTime" : 1405282521519,
    "preferredLocations" : [ {
      "layers" : [ "default-rack", "192\\.168\\.1\\.103" ]
    }, {
      "layers" : [ "default-rack", "192\\.168\\.1\\.102" ]
    }, {
      "layers" : [ "default-rack", "192\\.168\\.1\\.101" ]
    } ],
    "taskType" : "MAP",
    "taskStatus" : "SUCCESS",
    "taskID" : "task_201407031547_1716_m_000024",
    "inputBytes" : 268439646,
    "inputRecords" : 2684354,
    "outputBytes" : 547668569,
    "outputRecords" : 2684354
  }, {
    "startTime" : 1405282506565,
    "attempts" : [ {
      "result" : "SUCCESS",
      "location" : {
        "layers" : [ "default-rack", "Slave13" ]
      },
      "hostName" : "/default-rack/Slave13",
      "startTime" : 1405282502820,
      "finishTime" : 1405282523246,
      "attemptID" : "attempt_201407031547_1716_m_000025_0",
      "shuffleFinished" : -1,
      "sortFinished" : -1,
      "hdfsBytesRead" : 268439646,
      "hdfsBytesWritten" : -1,
      "fileBytesRead" : 273811522,
      "fileBytesWritten" : 547668774,
      "mapInputRecords" : 2684355,
      "mapOutputBytes" : 268435500,
      "mapOutputRecords" : 2684355,
      "combineInputRecords" : 0,
      "reduceInputGroups" : -1,
      "reduceInputRecords" : -1,
      "reduceShuffleBytes" : -1,
      "reduceOutputRecords" : -1,
      "spilledRecords" : 5368710,
      "mapInputBytes" : 268435500,
      "resourceUsageMetrics" : {
        "cumulativeCpuUsage" : 7610,
        "virtualMemoryUsage" : 832684032,
        "physicalMemoryUsage" : 508694528,
        "heapUsage" : 566493184
      }
    } ],
    "finishTime" : 1405282527327,
    "preferredLocations" : [ {
      "layers" : [ "default-rack", "192\\.168\\.1\\.103" ]
    }, {
      "layers" : [ "default-rack", "192\\.168\\.1\\.102" ]
    }, {
      "layers" : [ "default-rack", "192\\.168\\.1\\.100" ]
    } ],
    "taskType" : "MAP",
    "taskStatus" : "SUCCESS",
    "taskID" : "task_201407031547_1716_m_000025",
    "inputBytes" : 268439646,
    "inputRecords" : 2684355,
    "outputBytes" : 547668774,
    "outputRecords" : 2684355
  }, {
    "startTime" : 1405282516224,
    "attempts" : [ {
      "result" : "SUCCESS",
      "location" : {
        "layers" : [ "default-rack", "Slave11" ]
      },
      "hostName" : "/default-rack/Slave11",
      "startTime" : 1405282524274,
      "finishTime" : 1405282569348,
      "attemptID" : "attempt_201407031547_1716_m_000026_0",
      "shuffleFinished" : -1,
      "sortFinished" : -1,
      "hdfsBytesRead" : 268439646,
      "hdfsBytesWritten" : -1,
      "fileBytesRead" : 273807994,
      "fileBytesWritten" : 547668773,
      "mapInputRecords" : 2684355,
      "mapOutputBytes" : 268435500,
      "mapOutputRecords" : 2684355,
      "combineInputRecords" : 0,
      "reduceInputGroups" : -1,
      "reduceInputRecords" : -1,
      "reduceShuffleBytes" : -1,
      "reduceOutputRecords" : -1,
      "spilledRecords" : 5368710,
      "mapInputBytes" : 268435500,
      "resourceUsageMetrics" : {
        "cumulativeCpuUsage" : 8830,
        "virtualMemoryUsage" : 831229952,
        "physicalMemoryUsage" : 407715840,
        "heapUsage" : 444071936
      }
    }, {
      "result" : "KILLED",
      "location" : null,
      "hostName" : null,
      "startTime" : 1405282547461,
      "finishTime" : 1405282572913,
      "attemptID" : "attempt_201407031547_1716_m_000026_1",
      "shuffleFinished" : -1,
      "sortFinished" : -1,
      "hdfsBytesRead" : -1,
      "hdfsBytesWritten" : -1,
      "fileBytesRead" : -1,
      "fileBytesWritten" : -1,
      "mapInputRecords" : -1,
      "mapOutputBytes" : -1,
      "mapOutputRecords" : -1,
      "combineInputRecords" : -1,
      "reduceInputGroups" : -1,
      "reduceInputRecords" : -1,
      "reduceShuffleBytes" : -1,
      "reduceOutputRecords" : -1,
      "spilledRecords" : -1,
      "mapInputBytes" : -1,
      "resourceUsageMetrics" : {
        "cumulativeCpuUsage" : 0,
        "virtualMemoryUsage" : 0,
        "physicalMemoryUsage" : 0,
        "heapUsage" : 0
      }
    } ],
    "finishTime" : 1405282561347,
    "preferredLocations" : [ {
      "layers" : [ "default-rack", "192\\.168\\.1\\.102" ]
    }, {
      "layers" : [ "default-rack", "192\\.168\\.1\\.103" ]
    }, {
      "layers" : [ "default-rack", "192\\.168\\.1\\.101" ]
    } ],
    "taskType" : "MAP",
    "taskStatus" : "SUCCESS",
    "taskID" : "task_201407031547_1716_m_000026",
    "inputBytes" : 268439646,
    "inputRecords" : 2684355,
    "outputBytes" : 547668773,
    "outputRecords" : 2684355
  }, {
    "startTime" : 1405282518487,
    "attempts" : [ {
      "result" : "SUCCESS",
      "location" : {
        "layers" : [ "default-rack", "Slave13" ]
      },
      "hostName" : "/default-rack/Slave13",
      "startTime" : 1405282514741,
      "finishTime" : 1405282529474,
      "attemptID" : "attempt_201407031547_1716_m_000027_0",
      "shuffleFinished" : -1,
      "sortFinished" : -1,
      "hdfsBytesRead" : 268439646,
      "hdfsBytesWritten" : -1,
      "fileBytesRead" : 273812096,
      "fileBytesWritten" : 547668570,
      "mapInputRecords" : 2684354,
      "mapOutputBytes" : 268435400,
      "mapOutputRecords" : 2684354,
      "combineInputRecords" : 0,
      "reduceInputGroups" : -1,
      "reduceInputRecords" : -1,
      "reduceShuffleBytes" : -1,
      "reduceOutputRecords" : -1,
      "spilledRecords" : 5368708,
      "mapInputBytes" : 268435400,
      "resourceUsageMetrics" : {
        "cumulativeCpuUsage" : 7300,
        "virtualMemoryUsage" : 836337664,
        "physicalMemoryUsage" : 447401984,
        "heapUsage" : 392953856
      }
    } ],
    "finishTime" : 1405282533522,
    "preferredLocations" : [ {
      "layers" : [ "default-rack", "192\\.168\\.1\\.100" ]
    }, {
      "layers" : [ "default-rack", "192\\.168\\.1\\.103" ]
    }, {
      "layers" : [ "default-rack", "192\\.168\\.1\\.102" ]
    } ],
    "taskType" : "MAP",
    "taskStatus" : "SUCCESS",
    "taskID" : "task_201407031547_1716_m_000027",
    "inputBytes" : 268439646,
    "inputRecords" : 2684354,
    "outputBytes" : 547668570,
    "outputRecords" : 2684354
  }, {
    "startTime" : 1405282521519,
    "attempts" : [ {
      "result" : "SUCCESS",
      "location" : {
        "layers" : [ "default-rack", "Slave11" ]
      },
      "hostName" : "/default-rack/Slave11",
      "startTime" : 1405282529570,
      "finishTime" : 1405282552298,
      "attemptID" : "attempt_201407031547_1716_m_000028_0",
      "shuffleFinished" : -1,
      "sortFinished" : -1,
      "hdfsBytesRead" : 268439646,
      "hdfsBytesWritten" : -1,
      "fileBytesRead" : 273813922,
      "fileBytesWritten" : 547668773,
      "mapInputRecords" : 2684355,
      "mapOutputBytes" : 268435500,
      "mapOutputRecords" : 2684355,
      "combineInputRecords" : 0,
      "reduceInputGroups" : -1,
      "reduceInputRecords" : -1,
      "reduceShuffleBytes" : -1,
      "reduceOutputRecords" : -1,
      "spilledRecords" : 5368710,
      "mapInputBytes" : 268435500,
      "resourceUsageMetrics" : {
        "cumulativeCpuUsage" : 8160,
        "virtualMemoryUsage" : 832323584,
        "physicalMemoryUsage" : 426233856,
        "heapUsage" : 454557696
      }
    } ],
    "finishTime" : 1405282544367,
    "preferredLocations" : [ {
      "layers" : [ "default-rack", "192\\.168\\.1\\.103" ]
    }, {
      "layers" : [ "default-rack", "192\\.168\\.1\\.100" ]
    }, {
      "layers" : [ "default-rack", "192\\.168\\.1\\.102" ]
    } ],
    "taskType" : "MAP",
    "taskStatus" : "SUCCESS",
    "taskID" : "task_201407031547_1716_m_000028",
    "inputBytes" : 268439646,
    "inputRecords" : 2684355,
    "outputBytes" : 547668773,
    "outputRecords" : 2684355
  }, {
    "startTime" : 1405282523655,
    "attempts" : [ {
      "result" : "SUCCESS",
      "location" : {
        "layers" : [ "default-rack", "Slave12" ]
      },
      "hostName" : "/default-rack/Slave12",
      "startTime" : 1405282516073,
      "finishTime" : 1405282554470,
      "attemptID" : "attempt_201407031547_1716_m_000029_0",
      "shuffleFinished" : -1,
      "sortFinished" : -1,
      "hdfsBytesRead" : 268439646,
      "hdfsBytesWritten" : -1,
      "fileBytesRead" : 273812800,
      "fileBytesWritten" : 547668570,
      "mapInputRecords" : 2684354,
      "mapOutputBytes" : 268435400,
      "mapOutputRecords" : 2684354,
      "combineInputRecords" : 0,
      "reduceInputGroups" : -1,
      "reduceInputRecords" : -1,
      "reduceShuffleBytes" : -1,
      "reduceOutputRecords" : -1,
      "spilledRecords" : 5368708,
      "mapInputBytes" : 268435400,
      "resourceUsageMetrics" : {
        "cumulativeCpuUsage" : 8100,
        "virtualMemoryUsage" : 837566464,
        "physicalMemoryUsage" : 433197056,
        "heapUsage" : 452984832
      }
    } ],
    "finishTime" : 1405282563196,
    "preferredLocations" : [ {
      "layers" : [ "default-rack", "192\\.168\\.1\\.103" ]
    }, {
      "layers" : [ "default-rack", "192\\.168\\.1\\.101" ]
    }, {
      "layers" : [ "default-rack", "192\\.168\\.1\\.102" ]
    } ],
    "taskType" : "MAP",
    "taskStatus" : "SUCCESS",
    "taskID" : "task_201407031547_1716_m_000029",
    "inputBytes" : 268439646,
    "inputRecords" : 2684354,
    "outputBytes" : 547668570,
    "outputRecords" : 2684354
  }, {
    "startTime" : 1405282527327,
    "attempts" : [ {
      "result" : "SUCCESS",
      "location" : {
        "layers" : [ "default-rack", "Slave13" ]
      },
      "hostName" : "/default-rack/Slave13",
      "startTime" : 1405282523581,
      "finishTime" : 1405282536550,
      "attemptID" : "attempt_201407031547_1716_m_000030_0",
      "shuffleFinished" : -1,
      "sortFinished" : -1,
      "hdfsBytesRead" : 268439646,
      "hdfsBytesWritten" : -1,
      "fileBytesRead" : 273812942,
      "fileBytesWritten" : 547668774,
      "mapInputRecords" : 2684355,
      "mapOutputBytes" : 268435500,
      "mapOutputRecords" : 2684355,
      "combineInputRecords" : 0,
      "reduceInputGroups" : -1,
      "reduceInputRecords" : -1,
      "reduceShuffleBytes" : -1,
      "reduceOutputRecords" : -1,
      "spilledRecords" : 5368710,
      "mapInputBytes" : 268435500,
      "resourceUsageMetrics" : {
        "cumulativeCpuUsage" : 7580,
        "virtualMemoryUsage" : 832684032,
        "physicalMemoryUsage" : 526921728,
        "heapUsage" : 583532544
      }
    } ],
    "finishTime" : 1405282540956,
    "preferredLocations" : [ {
      "layers" : [ "default-rack", "192\\.168\\.1\\.103" ]
    }, {
      "layers" : [ "default-rack", "192\\.168\\.1\\.101" ]
    }, {
      "layers" : [ "default-rack", "192\\.168\\.1\\.100" ]
    } ],
    "taskType" : "MAP",
    "taskStatus" : "SUCCESS",
    "taskID" : "task_201407031547_1716_m_000030",
    "inputBytes" : 268439646,
    "inputRecords" : 2684355,
    "outputBytes" : 547668774,
    "outputRecords" : 2684355
  }, {
    "startTime" : 1405282533522,
    "attempts" : [ {
      "result" : "SUCCESS",
      "location" : {
        "layers" : [ "default-rack", "Slave13" ]
      },
      "hostName" : "/default-rack/Slave13",
      "startTime" : 1405282529777,
      "finishTime" : 1405282543332,
      "attemptID" : "attempt_201407031547_1716_m_000031_0",
      "shuffleFinished" : -1,
      "sortFinished" : -1,
      "hdfsBytesRead" : 268439646,
      "hdfsBytesWritten" : -1,
      "fileBytesRead" : 273811948,
      "fileBytesWritten" : 547668570,
      "mapInputRecords" : 2684354,
      "mapOutputBytes" : 268435400,
      "mapOutputRecords" : 2684354,
      "combineInputRecords" : 0,
      "reduceInputGroups" : -1,
      "reduceInputRecords" : -1,
      "reduceShuffleBytes" : -1,
      "reduceOutputRecords" : -1,
      "spilledRecords" : 5368708,
      "mapInputBytes" : 268435400,
      "resourceUsageMetrics" : {
        "cumulativeCpuUsage" : 7360,
        "virtualMemoryUsage" : 836337664,
        "physicalMemoryUsage" : 442105856,
        "heapUsage" : 387448832
      }
    } ],
    "finishTime" : 1405282547184,
    "preferredLocations" : [ {
      "layers" : [ "default-rack", "192\\.168\\.1\\.100" ]
    }, {
      "layers" : [ "default-rack", "192\\.168\\.1\\.103" ]
    }, {
      "layers" : [ "default-rack", "192\\.168\\.1\\.101" ]
    } ],
    "taskType" : "MAP",
    "taskStatus" : "SUCCESS",
    "taskID" : "task_201407031547_1716_m_000031",
    "inputBytes" : 268439646,
    "inputRecords" : 2684354,
    "outputBytes" : 547668570,
    "outputRecords" : 2684354
  }, {
    "startTime" : 1405282533781,
    "attempts" : [ {
      "result" : "SUCCESS",
      "location" : {
        "layers" : [ "default-rack", "Slave13" ]
      },
      "hostName" : "/default-rack/Slave13",
      "startTime" : 1405282550697,
      "finishTime" : 1405282567421,
      "attemptID" : "attempt_201407031547_1716_m_000032_1",
      "shuffleFinished" : -1,
      "sortFinished" : -1,
      "hdfsBytesRead" : 268439646,
      "hdfsBytesWritten" : -1,
      "fileBytesRead" : 273812256,
      "fileBytesWritten" : 547668774,
      "mapInputRecords" : 2684355,
      "mapOutputBytes" : 268435500,
      "mapOutputRecords" : 2684355,
      "combineInputRecords" : 0,
      "reduceInputGroups" : -1,
      "reduceInputRecords" : -1,
      "reduceShuffleBytes" : -1,
      "reduceOutputRecords" : -1,
      "spilledRecords" : 5368710,
      "mapInputBytes" : 268435500,
      "resourceUsageMetrics" : {
        "cumulativeCpuUsage" : 7210,
        "virtualMemoryUsage" : 832684032,
        "physicalMemoryUsage" : 540647424,
        "heapUsage" : 584056832
      }
    }, {
      "result" : "KILLED",
      "location" : null,
      "hostName" : null,
      "startTime" : 1405282525838,
      "finishTime" : 1405282571522,
      "attemptID" : "attempt_201407031547_1716_m_000032_0",
      "shuffleFinished" : -1,
      "sortFinished" : -1,
      "hdfsBytesRead" : -1,
      "hdfsBytesWritten" : -1,
      "fileBytesRead" : -1,
      "fileBytesWritten" : -1,
      "mapInputRecords" : -1,
      "mapOutputBytes" : -1,
      "mapOutputRecords" : -1,
      "combineInputRecords" : -1,
      "reduceInputGroups" : -1,
      "reduceInputRecords" : -1,
      "reduceShuffleBytes" : -1,
      "reduceOutputRecords" : -1,
      "spilledRecords" : -1,
      "mapInputBytes" : -1,
      "resourceUsageMetrics" : {
        "cumulativeCpuUsage" : 0,
        "virtualMemoryUsage" : 0,
        "physicalMemoryUsage" : 0,
        "heapUsage" : 0
      }
    } ],
    "finishTime" : 1405282571398,
    "preferredLocations" : [ {
      "layers" : [ "default-rack", "192\\.168\\.1\\.102" ]
    }, {
      "layers" : [ "default-rack", "192\\.168\\.1\\.103" ]
    }, {
      "layers" : [ "default-rack", "192\\.168\\.1\\.100" ]
    } ],
    "taskType" : "MAP",
    "taskStatus" : "SUCCESS",
    "taskID" : "task_201407031547_1716_m_000032",
    "inputBytes" : 268439646,
    "inputRecords" : 2684355,
    "outputBytes" : 547668774,
    "outputRecords" : 2684355
  }, {
    "startTime" : 1405282540956,
    "attempts" : [ {
      "result" : "SUCCESS",
      "location" : {
        "layers" : [ "default-rack", "Slave13" ]
      },
      "hostName" : "/default-rack/Slave13",
      "startTime" : 1405282537224,
      "finishTime" : 1405282550397,
      "attemptID" : "attempt_201407031547_1716_m_000033_0",
      "shuffleFinished" : -1,
      "sortFinished" : -1,
      "hdfsBytesRead" : 268439646,
      "hdfsBytesWritten" : -1,
      "fileBytesRead" : 273812016,
      "fileBytesWritten" : 547668570,
      "mapInputRecords" : 2684354,
      "mapOutputBytes" : 268435400,
      "mapOutputRecords" : 2684354,
      "combineInputRecords" : 0,
      "reduceInputGroups" : -1,
      "reduceInputRecords" : -1,
      "reduceShuffleBytes" : -1,
      "reduceOutputRecords" : -1,
      "spilledRecords" : 5368708,
      "mapInputBytes" : 268435400,
      "resourceUsageMetrics" : {
        "cumulativeCpuUsage" : 7540,
        "virtualMemoryUsage" : 832684032,
        "physicalMemoryUsage" : 539938816,
        "heapUsage" : 584056832
      }
    } ],
    "finishTime" : 1405282554444,
    "preferredLocations" : [ {
      "layers" : [ "default-rack", "192\\.168\\.1\\.103" ]
    }, {
      "layers" : [ "default-rack", "192\\.168\\.1\\.102" ]
    }, {
      "layers" : [ "default-rack", "192\\.168\\.1\\.101" ]
    } ],
    "taskType" : "MAP",
    "taskStatus" : "SUCCESS",
    "taskID" : "task_201407031547_1716_m_000033",
    "inputBytes" : 268439646,
    "inputRecords" : 2684354,
    "outputBytes" : 547668570,
    "outputRecords" : 2684354
  }, {
    "startTime" : 1405282544368,
    "attempts" : [ {
      "result" : "SUCCESS",
      "location" : {
        "layers" : [ "default-rack", "Slave11" ]
      },
      "hostName" : "/default-rack/Slave11",
      "startTime" : 1405282552419,
      "finishTime" : 1405282587804,
      "attemptID" : "attempt_201407031547_1716_m_000034_0",
      "shuffleFinished" : -1,
      "sortFinished" : -1,
      "hdfsBytesRead" : 268439646,
      "hdfsBytesWritten" : -1,
      "fileBytesRead" : 273808650,
      "fileBytesWritten" : 547668773,
      "mapInputRecords" : 2684355,
      "mapOutputBytes" : 268435500,
      "mapOutputRecords" : 2684355,
      "combineInputRecords" : 0,
      "reduceInputGroups" : -1,
      "reduceInputRecords" : -1,
      "reduceShuffleBytes" : -1,
      "reduceOutputRecords" : -1,
      "spilledRecords" : 5368710,
      "mapInputBytes" : 268435500,
      "resourceUsageMetrics" : {
        "cumulativeCpuUsage" : 8630,
        "virtualMemoryUsage" : 832323584,
        "physicalMemoryUsage" : 433717248,
        "heapUsage" : 454295552
      }
    }, {
      "result" : "KILLED",
      "location" : null,
      "hostName" : null,
      "startTime" : 1405282567653,
      "finishTime" : 1405282577398,
      "attemptID" : "attempt_201407031547_1716_m_000034_1",
      "shuffleFinished" : -1,
      "sortFinished" : -1,
      "hdfsBytesRead" : -1,
      "hdfsBytesWritten" : -1,
      "fileBytesRead" : -1,
      "fileBytesWritten" : -1,
      "mapInputRecords" : -1,
      "mapOutputBytes" : -1,
      "mapOutputRecords" : -1,
      "combineInputRecords" : -1,
      "reduceInputGroups" : -1,
      "reduceInputRecords" : -1,
      "reduceShuffleBytes" : -1,
      "reduceOutputRecords" : -1,
      "spilledRecords" : -1,
      "mapInputBytes" : -1,
      "resourceUsageMetrics" : {
        "cumulativeCpuUsage" : 0,
        "virtualMemoryUsage" : 0,
        "physicalMemoryUsage" : 0,
        "heapUsage" : 0
      }
    } ],
    "finishTime" : 1405282579812,
    "preferredLocations" : [ {
      "layers" : [ "default-rack", "192\\.168\\.1\\.100" ]
    }, {
      "layers" : [ "default-rack", "192\\.168\\.1\\.103" ]
    }, {
      "layers" : [ "default-rack", "192\\.168\\.1\\.102" ]
    } ],
    "taskType" : "MAP",
    "taskStatus" : "SUCCESS",
    "taskID" : "task_201407031547_1716_m_000034",
    "inputBytes" : 268439646,
    "inputRecords" : 2684355,
    "outputBytes" : 547668773,
    "outputRecords" : 2684355
  }, {
    "startTime" : 1405282547184,
    "attempts" : [ {
      "result" : "SUCCESS",
      "location" : {
        "layers" : [ "default-rack", "Slave13" ]
      },
      "hostName" : "/default-rack/Slave13",
      "startTime" : 1405282543438,
      "finishTime" : 1405282559717,
      "attemptID" : "attempt_201407031547_1716_m_000035_0",
      "shuffleFinished" : -1,
      "sortFinished" : -1,
      "hdfsBytesRead" : 268439646,
      "hdfsBytesWritten" : -1,
      "fileBytesRead" : 273809764,
      "fileBytesWritten" : 547668774,
      "mapInputRecords" : 2684355,
      "mapOutputBytes" : 268435500,
      "mapOutputRecords" : 2684355,
      "combineInputRecords" : 0,
      "reduceInputGroups" : -1,
      "reduceInputRecords" : -1,
      "reduceShuffleBytes" : -1,
      "reduceOutputRecords" : -1,
      "spilledRecords" : 5368710,
      "mapInputBytes" : 268435500,
      "resourceUsageMetrics" : {
        "cumulativeCpuUsage" : 7260,
        "virtualMemoryUsage" : 836337664,
        "physicalMemoryUsage" : 437645312,
        "heapUsage" : 507510784
      }
    } ],
    "finishTime" : 1405282563728,
    "preferredLocations" : [ {
      "layers" : [ "default-rack", "192\\.168\\.1\\.103" ]
    }, {
      "layers" : [ "default-rack", "192\\.168\\.1\\.102" ]
    }, {
      "layers" : [ "default-rack", "192\\.168\\.1\\.101" ]
    } ],
    "taskType" : "MAP",
    "taskStatus" : "SUCCESS",
    "taskID" : "task_201407031547_1716_m_000035",
    "inputBytes" : 268439646,
    "inputRecords" : 2684355,
    "outputBytes" : 547668774,
    "outputRecords" : 2684355
  } ],
  "finishTime" : 1405282879546,
  "reduceTasks" : [ {
    "startTime" : 1405282458536,
    "attempts" : [ {
      "result" : "SUCCESS",
      "location" : {
        "layers" : [ "default-rack", "Slave12" ]
      },
      "hostName" : "/default-rack/Slave12",
      "startTime" : 1405282450476,
      "finishTime" : 1405282870249,
      "attemptID" : "attempt_201407031547_1716_r_000000_0",
      "shuffleFinished" : 1405282603194,
      "sortFinished" : 1405282664095,
      "hdfsBytesRead" : -1,
      "hdfsBytesWritten" : 5007563000,
      "fileBytesRead" : 8911600392,
      "fileBytesWritten" : 8911660550,
      "mapInputRecords" : -1,
      "mapOutputBytes" : -1,
      "mapOutputRecords" : -1,
      "combineInputRecords" : 0,
      "reduceInputGroups" : 50075630,
      "reduceInputRecords" : 50075630,
      "reduceShuffleBytes" : 5107714488,
      "reduceOutputRecords" : 50075630,
      "spilledRecords" : 87368629,
      "mapInputBytes" : -1,
      "resourceUsageMetrics" : {
        "cumulativeCpuUsage" : 90760,
        "virtualMemoryUsage" : 1274888192,
        "physicalMemoryUsage" : 250355712,
        "heapUsage" : 229113856
      }
    } ],
    "finishTime" : 1405282878335,
    "preferredLocations" : [ ],
    "taskType" : "REDUCE",
    "taskStatus" : "SUCCESS",
    "taskID" : "task_201407031547_1716_r_000000",
    "inputBytes" : 5107714488,
    "inputRecords" : 50075630,
    "outputBytes" : 5007563000,
    "outputRecords" : 50075630
  }, {
    "startTime" : 1405282458684,
    "attempts" : [ {
      "result" : "SUCCESS",
      "location" : {
        "layers" : [ "default-rack", "Master1" ]
      },
      "hostName" : "/default-rack/Master1",
      "startTime" : 1405282458685,
      "finishTime" : 1405282786585,
      "attemptID" : "attempt_201407031547_1716_r_000001_0",
      "shuffleFinished" : 1405282606139,
      "sortFinished" : 1405282636168,
      "hdfsBytesRead" : -1,
      "hdfsBytesWritten" : 4992437000,
      "fileBytesRead" : 8884063044,
      "fileBytesWritten" : 8884123200,
      "mapInputRecords" : -1,
      "mapOutputBytes" : -1,
      "mapOutputRecords" : -1,
      "combineInputRecords" : 0,
      "reduceInputGroups" : 49924370,
      "reduceInputRecords" : 49924370,
      "reduceShuffleBytes" : 5092285968,
      "reduceOutputRecords" : 49924370,
      "spilledRecords" : 87098655,
      "mapInputBytes" : -1,
      "resourceUsageMetrics" : {
        "cumulativeCpuUsage" : 86880,
        "virtualMemoryUsage" : 1276014592,
        "physicalMemoryUsage" : 246673408,
        "heapUsage" : 228589568
      }
    } ],
    "finishTime" : 1405282786849,
    "preferredLocations" : [ ],
    "taskType" : "REDUCE",
    "taskStatus" : "SUCCESS",
    "taskID" : "task_201407031547_1716_r_000001",
    "inputBytes" : 5092285968,
    "inputRecords" : 49924370,
    "outputBytes" : 4992437000,
    "outputRecords" : 49924370
  } ],
  "submitTime" : 1405282444464,
  "launchTime" : 1405282444625,
  "totalMaps" : 38,
  "totalReduces" : 2,
  "otherTasks" : [ {
    "startTime" : 1405282444799,
    "attempts" : [ {
      "result" : "SUCCESS",
      "location" : {
        "layers" : [ "default-rack", "Slave12" ]
      },
      "hostName" : "/default-rack/Slave12",
      "startTime" : 1405282437001,
      "finishTime" : 1405282439456,
      "attemptID" : "attempt_201407031547_1716_m_000039_0",
      "shuffleFinished" : -1,
      "sortFinished" : -1,
      "hdfsBytesRead" : -1,
      "hdfsBytesWritten" : -1,
      "fileBytesRead" : -1,
      "fileBytesWritten" : 60250,
      "mapInputRecords" : -1,
      "mapOutputBytes" : -1,
      "mapOutputRecords" : -1,
      "combineInputRecords" : -1,
      "reduceInputGroups" : -1,
      "reduceInputRecords" : -1,
      "reduceShuffleBytes" : -1,
      "reduceOutputRecords" : -1,
      "spilledRecords" : 0,
      "mapInputBytes" : -1,
      "resourceUsageMetrics" : {
        "cumulativeCpuUsage" : 70,
        "virtualMemoryUsage" : 830418944,
        "physicalMemoryUsage" : 62320640,
        "heapUsage" : 64487424
      }
    } ],
    "finishTime" : 1405282447811,
    "preferredLocations" : [ ],
    "taskType" : "SETUP",
    "taskStatus" : "SUCCESS",
    "taskID" : "task_201407031547_1716_m_000039",
    "inputBytes" : -1,
    "inputRecords" : -1,
    "outputBytes" : -1,
    "outputRecords" : -1
  }, {
    "startTime" : 1405282878337,
    "attempts" : [ {
      "result" : "SUCCESS",
      "location" : {
        "layers" : [ "default-rack", "Slave12" ]
      },
      "hostName" : "/default-rack/Slave12",
      "startTime" : 1405282870274,
      "finishTime" : 1405282871352,
      "attemptID" : "attempt_201407031547_1716_m_000038_0",
      "shuffleFinished" : -1,
      "sortFinished" : -1,
      "hdfsBytesRead" : -1,
      "hdfsBytesWritten" : -1,
      "fileBytesRead" : -1,
      "fileBytesWritten" : 60250,
      "mapInputRecords" : -1,
      "mapOutputBytes" : -1,
      "mapOutputRecords" : -1,
      "combineInputRecords" : -1,
      "reduceInputGroups" : -1,
      "reduceInputRecords" : -1,
      "reduceShuffleBytes" : -1,
      "reduceOutputRecords" : -1,
      "spilledRecords" : 0,
      "mapInputBytes" : -1,
      "resourceUsageMetrics" : {
        "cumulativeCpuUsage" : 20,
        "virtualMemoryUsage" : 831131648,
        "physicalMemoryUsage" : 64266240,
        "heapUsage" : 64487424
      }
    } ],
    "finishTime" : 1405282879545,
    "preferredLocations" : [ ],
    "taskType" : "CLEANUP",
    "taskStatus" : "SUCCESS",
    "taskID" : "task_201407031547_1716_m_000038",
    "inputBytes" : -1,
    "inputRecords" : -1,
    "outputBytes" : -1,
    "outputRecords" : -1
  } ],
  "queue" : "default",
  "jobProperties" : {
    "fs.s3n.impl" : "org.apache.hadoop.fs.s3native.NativeS3FileSystem",
    "mapred.task.cache.levels" : "2",
    "mapreduce.job.restart.recover" : "true",
    "mapreduce.job.counters.max" : "120",
    "dfs.client.use.datanode.hostname" : "false",
    "hadoop.tmp.dir" : "/tmp/hadoop-${user.name}",
    "hadoop.native.lib" : "true",
    "map.sort.class" : "org.apache.hadoop.util.QuickSort",
    "dfs.namenode.decommission.nodes.per.interval" : "5",
    "dfs.https.need.client.auth" : "false",
    "dfs.datanode.drop.cache.behind.writes" : "false",
    "ipc.client.idlethreshold" : "4000",
    "mapred.system.dir" : "${hadoop.tmp.dir}/mapred/system",
    "dfs.datanode.data.dir.perm" : "755",
    "mapred.job.tracker.persist.jobstatus.hours" : "0",
    "dfs.namenode.logging.level" : "info",
    "dfs.datanode.address" : "0.0.0.0:50010",
    "io.skip.checksum.errors" : "false",
    "dfs.block.access.token.enable" : "false",
    "fs.default.name" : "hdfs://Master1:9000",
    "mapred.cluster.reduce.memory.mb" : "-1",
    "mapred.child.tmp" : "./tmp",
    "fs.har.impl.disable.cache" : "true",
    "dfs.safemode.threshold.pct" : "0.999f",
    "mapred.skip.reduce.max.skip.groups" : "0",
    "mapred.heartbeats.in.second" : "100",
    "dfs.namenode.handler.count" : "10",
    "dfs.blockreport.initialDelay" : "0",
    "mapred.tasktracker.dns.nameserver" : "default",
    "io.sort.factor" : "10",
    "dfs.datanode.drop.cache.behind.reads" : "false",
    "mapred.task.timeout" : "600000",
    "mapred.max.tracker.failures" : "4",
    "hadoop.rpc.socket.factory.class.default" : "org.apache.hadoop.net.StandardSocketFactory",
    "mapred.job.tracker.jobhistory.lru.cache.size" : "5",
    "fs.hdfs.impl" : "org.apache.hadoop.hdfs.DistributedFileSystem",
    "mapred.queue.default.acl-administer-jobs" : "*",
    "dfs.namenode.stale.datanode.interval" : "30000",
    "mapred.output.key.class" : "org.apache.hadoop.io.Text",
    "dfs.block.access.key.update.interval" : "600",
    "mapred.skip.map.auto.incr.proc.count" : "true",
    "mapreduce.job.complete.cancel.delegation.tokens" : "true",
    "io.mapfile.bloom.size" : "1048576",
    "mapreduce.reduce.shuffle.connect.timeout" : "180000",
    "dfs.safemode.extension" : "30000",
    "mapred.jobtracker.blacklist.fault-timeout-window" : "180",
    "dfs.namenode.write.stale.datanode.ratio" : "0.5f",
    "hadoop.skip.worker.version.check" : "false",
    "tasktracker.http.threads" : "40",
    "net.topology.impl" : "org.apache.hadoop.net.NetworkTopology",
    "mapred.job.shuffle.merge.percent" : "0.5",
    "fs.ftp.impl" : "org.apache.hadoop.fs.ftp.FTPFileSystem",
    "user.name" : "itri-hadoop",
    "dfs.namenode.kerberos.internal.spnego.principal" : "${dfs.web.authentication.kerberos.principal}",
    "mapred.output.compress" : "true",
    "io.bytes.per.checksum" : "512",
    "mapred.combine.recordsBeforeProgress" : "10000",
    "mapred.healthChecker.script.timeout" : "600000",
    "mapred.cache.files.filesizes" : "156",
    "topology.node.switch.mapping.impl" : "org.apache.hadoop.net.ScriptBasedMapping",
    "dfs.https.server.keystore.resource" : "ssl-server.xml",
    "mapred.reduce.slowstart.completed.maps" : "0.03",
    "mapred.reduce.max.attempts" : "4",
    "dfs.namenode.safemode.min.datanodes" : "0",
    "mapreduce.ifile.readahead.bytes" : "4194304",
    "fs.ramfs.impl" : "org.apache.hadoop.fs.InMemoryFileSystem",
    "dfs.block.access.token.lifetime" : "600",
    "mapred.skip.map.max.skip.records" : "0",
    "dfs.name.edits.dir" : "${dfs.name.dir}",
    "mapred.cluster.map.memory.mb" : "-1",
    "hadoop.security.group.mapping" : "org.apache.hadoop.security.ShellBasedUnixGroupsMapping",
    "mapred.job.tracker.persist.jobstatus.dir" : "/jobtracker/jobsInfo",
    "mapred.jar" : "hdfs://Master1:9000/tmp/hadoop-itri-hadoop/mapred/staging/itri-hadoop/.staging/job_201407031547_1716/job.jar",
    "fs.s3.buffer.dir" : "${hadoop.tmp.dir}/s3",
    "dfs.block.size" : "67108864",
    "job.end.retry.attempts" : "0",
    "fs.file.impl" : "org.apache.hadoop.fs.LocalFileSystem",
    "dfs.namenode.avoid.write.stale.datanode" : "false",
    "dfs.datanode.max.xcievers" : "4096",
    "mapred.local.dir.minspacestart" : "0",
    "mapred.output.compression.type" : "RECORD",
    "dfs.datanode.ipc.address" : "0.0.0.0:50020",
    "dfs.permissions" : "true",
    "topology.script.number.args" : "100",
    "mapreduce.job.counters.groups.max" : "50",
    "io.mapfile.bloom.error.rate" : "0.005",
    "mapred.cluster.max.reduce.memory.mb" : "-1",
    "mapred.max.tracker.blacklists" : "4",
    "mapred.task.profile.maps" : "0-2",
    "mapred.jobtracker.jobSchedulable" : "org.apache.hadoop.mapred.JobSchedulable",
    "dfs.datanode.https.address" : "0.0.0.0:50475",
    "mapred.userlog.retain.hours" : "24",
    "dfs.secondary.http.address" : "0.0.0.0:50090",
    "dfs.namenode.replication.work.multiplier.per.iteration" : "2",
    "dfs.replication.max" : "512",
    "mapred.job.tracker.persist.jobstatus.active" : "false",
    "hadoop.security.authorization" : "false",
    "local.cache.size" : "10737418240",
    "mapred.min.split.size" : "268435456",
    "dfs.namenode.delegation.token.renew-interval" : "86400000",
    "mapred.map.tasks" : "38",
    "mapred.child.java.opts" : "-Xmx200m",
    "mapred.partitioner.class" : "org.apache.hadoop.examples.terasort.TeraSort$TotalOrderPartitioner",
    "mapred.output.value.class" : "org.apache.hadoop.io.Text",
    "dfs.https.client.keystore.resource" : "ssl-client.xml",
    "ipc.client.fallback-to-simple-auth-allowed" : "false",
    "mapred.job.queue.name" : "default",
    "mapred.job.tracker.retiredjobs.cache.size" : "1000",
    "dfs.https.address" : "0.0.0.0:50470",
    "dfs.balance.bandwidthPerSec" : "1048576",
    "ipc.server.listen.queue.size" : "128",
    "dfs.namenode.invalidate.work.pct.per.iteration" : "0.32f",
    "mapred.inmem.merge.threshold" : "1200",
    "job.end.retry.interval" : "30000",
    "mapred.skip.attempts.to.start.skipping" : "2",
    "mapreduce.tasktracker.outofband.heartbeat.damper" : "1000000",
    "hadoop.security.use-weak-http-crypto" : "false",
    "fs.checkpoint.dir" : "${hadoop.tmp.dir}/dfs/namesecondary",
    "dfs.namenode.avoid.read.stale.datanode" : "false",
    "mapred.reduce.tasks" : "2",
    "mapred.merge.recordsBeforeProgress" : "10000",
    "mapred.userlog.limit.kb" : "0",
    "mapred.job.reduce.memory.mb" : "-1",
    "webinterface.private.actions" : "false",
    "dfs.max.objects" : "0",
    "hadoop.security.token.service.use_ip" : "true",
    "io.sort.spill.percent" : "0.8",
    "mapred.job.shuffle.input.buffer.percent" : "0.5",
    "mapred.map.tasks.speculative.execution" : "true",
    "hadoop.http.authentication.type" : "simple",
    "mapred.job.name" : "TeraSort",
    "hadoop.util.hash.type" : "murmur",
    "dfs.datanode.dns.nameserver" : "default",
    "hadoop.security.instrumentation.requires.admin" : "false",
    "dfs.blockreport.intervalMsec" : "3600000",
    "dfs.datanode.readahead.bytes" : "4193404",
    "mapred.map.max.attempts" : "4",
    "mapreduce.job.acl-view-job" : " ",
    "mapreduce.ifile.readahead" : "true",
    "mapred.jobtracker.nodegroup.aware" : "false",
    "mapred.job.tracker.handler.count" : "10",
    "dfs.client.block.write.retries" : "3",
    "mapred.input.format.class" : "org.apache.hadoop.examples.terasort.TeraInputFormat",
    "mapreduce.reduce.shuffle.read.timeout" : "180000",
    "mapred.tasktracker.expiry.interval" : "600000",
    "dfs.secondary.namenode.kerberos.internal.spnego.principal" : "${dfs.web.authentication.kerberos.principal}",
    "dfs.https.enable" : "false",
    "mapred.jobtracker.job.history.block.size" : "3145728",
    "mapred.jobtracker.maxtasks.per.job" : "-1",
    "keep.failed.task.files" : "false",
    "dfs.datanode.use.datanode.hostname" : "false",
    "mapred.output.format.class" : "org.apache.hadoop.examples.terasort.TeraOutputFormat",
    "dfs.datanode.failed.volumes.tolerated" : "0",
    "ipc.client.tcpnodelay" : "false",
    "mapred.task.profile.reduces" : "0-2",
    "io.map.index.skip" : "0",
    "mapred.output.compression.codec" : "org.apache.hadoop.io.compress.DefaultCodec",
    "hadoop.http.authentication.token.validity" : "36000",
    "ipc.server.tcpnodelay" : "false",
    "hadoop.jetty.logs.serve.aliases" : "true",
    "mapred.working.dir" : "hdfs://Master1:9000/user/itri-hadoop",
    "mapred.jobtracker.blacklist.fault-bucket-width" : "15",
    "dfs.namenode.delegation.key.update-interval" : "86400000",
    "mapred.used.genericoptionsparser" : "true",
    "mapred.job.map.memory.mb" : "-1",
    "dfs.default.chunk.view.size" : "32768",
    "hadoop.logfile.size" : "10000000",
    "mapred.cache.files.timestamps" : "1405282443652",
    "mapred.reduce.tasks.speculative.execution" : "true",
    "mapreduce.tasktracker.outofband.heartbeat" : "false",
    "mapreduce.job.dir" : "hdfs://Master1:9000/tmp/hadoop-itri-hadoop/mapred/staging/itri-hadoop/.staging/job_201407031547_1716",
    "mapreduce.reduce.input.limit" : "-1",
    "dfs.datanode.du.reserved" : "0",
    "dfs.datanode.sync.behind.writes" : "false",
    "hadoop.security.authentication" : "simple",
    "fs.checkpoint.period" : "3600",
    "mapred.job.reuse.jvm.num.tasks" : "16",
    "dfs.web.ugi" : "webuser,webgroup",
    "mapred.jobtracker.completeuserjobs.maximum" : "100",
    "dfs.df.interval" : "60000",
    "mapred.task.tracker.task-controller" : "org.apache.hadoop.mapred.DefaultTaskController",
    "dfs.data.dir" : "${hadoop.tmp.dir}/dfs/data",
    "fs.s3.maxRetries" : "4",
    "dfs.datanode.dns.interface" : "default",
    "mapred.cluster.max.map.memory.mb" : "-1",
    "mapreduce.reduce.shuffle.maxfetchfailures" : "10",
    "mapred.map.child.java.opts" : "-Xmx600M",
    "mapreduce.job.acl-modify-job" : " ",
    "fs.hftp.impl" : "org.apache.hadoop.hdfs.HftpFileSystem",
    "mapred.local.dir" : "${hadoop.tmp.dir}/mapred/local",
    "dfs.permissions.supergroup" : "supergroup",
    "fs.s3.sleepTimeSeconds" : "10",
    "fs.trash.interval" : "0",
    "mapred.submit.replication" : "10",
    "dfs.replication.min" : "1",
    "fs.har.impl" : "org.apache.hadoop.fs.HarFileSystem",
    "hadoop.relaxed.worker.version.check" : "false",
    "mapred.map.output.compression.codec" : "org.apache.hadoop.io.compress.DefaultCodec",
    "mapreduce.job.cache.files.visibilities" : "true",
    "mapred.tasktracker.dns.interface" : "default",
    "dfs.http.address" : "0.0.0.0:50070",
    "dfs.namenode.decommission.interval" : "30",
    "mapred.cache.files" : "hdfs://Master1:9000/tera-in10G/_partition.lst#_partition.lst",
    "mapred.job.tracker" : "Master1:9001",
    "dfs.heartbeat.interval" : "3",
    "hadoop.http.authentication.signature.secret.file" : "${user.home}/hadoop-http-auth-signature-secret",
    "io.seqfile.sorter.recordlimit" : "1000000",
    "mapreduce.job.submithost" : "Master1",
    "dfs.name.dir" : "${hadoop.tmp.dir}/dfs/name",
    "mapred.jobtracker.taskScheduler" : "org.apache.hadoop.mapred.JobQueueTaskScheduler",
    "mapred.line.input.format.linespermap" : "1",
    "mapred.create.symlink" : "yes",
    "dfs.datanode.http.address" : "0.0.0.0:50075",
    "fs.webhdfs.impl" : "org.apache.hadoop.hdfs.web.WebHdfsFileSystem",
    "mapred.local.dir.minspacekill" : "0",
    "dfs.image.transfer.bandwidthPerSec" : "0",
    "dfs.replication.interval" : "3",
    "io.sort.record.percent" : "0.08",
    "hadoop.http.authentication.kerberos.principal" : "HTTP/localhost@LOCALHOST",
    "fs.kfs.impl" : "org.apache.hadoop.fs.kfs.KosmosFileSystem",
    "mapred.tasktracker.reduce.tasks.maximum" : "3",
    "mapred.temp.dir" : "${hadoop.tmp.dir}/mapred/temp",
    "dfs.replication" : "1",
    "fs.checkpoint.edits.dir" : "${fs.checkpoint.dir}",
    "mapreduce.jobhistory.max-age-ms" : "2592000000",
    "mapred.tasktracker.tasks.sleeptime-before-sigkill" : "5000",
    "mapred.job.reduce.input.buffer.percent" : "0.9",
    "mapred.tasktracker.indexcache.mb" : "10",
    "dfs.webhdfs.enabled" : "false",
    "mapreduce.job.split.metainfo.maxsize" : "10000000",
    "hadoop.logfile.count" : "10",
    "mapred.skip.reduce.auto.incr.proc.count" : "true",
    "mapreduce.job.submithostaddress" : "192.168.1.100",
    "terasort.final.sync" : "true",
    "io.seqfile.compress.blocksize" : "1000000",
    "fs.s3.block.size" : "67108864",
    "mapred.tasktracker.taskmemorymanager.monitoring-interval" : "5000",
    "hadoop.http.authentication.simple.anonymous.allowed" : "true",
    "mapreduce.jobtracker.staging.root.dir" : "${hadoop.tmp.dir}/mapred/staging",
    "mapred.acls.enabled" : "false",
    "mapred.queue.default.state" : "RUNNING",
    "mapred.queue.names" : "default",
    "fs.hsftp.impl" : "org.apache.hadoop.hdfs.HsftpFileSystem",
    "dfs.access.time.precision" : "3600000",
    "mapred.task.tracker.http.address" : "0.0.0.0:50060",
    "io.seqfile.lazydecompress" : "true",
    "mapred.reduce.parallel.copies" : "5",
    "mapred.disk.healthChecker.interval" : "60000",
    "mapred.output.dir" : "hdfs://Master1:9000/tera-out",
    "ipc.client.connection.maxidletime" : "10000",
    "io.sort.mb" : "300",
    "mapred.reduce.child.java.opts" : "-Xmx1000M",
    "mapred.task.tracker.report.address" : "127.0.0.1:0",
    "hadoop.security.uid.cache.secs" : "14400",
    "mapred.compress.map.output" : "false",
    "ipc.client.kill.max" : "10",
    "mapred.healthChecker.interval" : "60000",
    "ipc.client.connect.max.retries" : "10",
    "fs.s3.impl" : "org.apache.hadoop.fs.s3.S3FileSystem",
    "mapred.user.jobconf.limit" : "5242880",
    "mapreduce.job.counters.group.name.max" : "128",
    "mapred.job.tracker.http.address" : "0.0.0.0:50030",
    "mapred.input.dir" : "hdfs://Master1:9000/tera-in10G",
    "io.file.buffer.size" : "4096",
    "mapred.jobtracker.restart.recover" : "false",
    "io.serializations" : "org.apache.hadoop.io.serializer.WritableSerialization",
    "mapred.task.profile" : "false",
    "dfs.datanode.handler.count" : "3",
    "mapreduce.input.num.files" : "2",
    "mapreduce.jobhistory.cleaner.interval-ms" : "86400000",
    "dfs.replication.considerLoad" : "true",
    "jobclient.output.filter" : "FAILED",
    "dfs.namenode.edits.toleration.length" : "0",
    "hadoop.http.authentication.kerberos.keytab" : "${user.home}/hadoop.keytab",
    "dfs.namenode.delegation.token.max-lifetime" : "604800000",
    "mapred.tasktracker.map.tasks.maximum" : "4",
    "fs.checkpoint.size" : "67108864",
    "io.compression.codecs" : "org.apache.hadoop.io.compress.DefaultCodec,org.apache.hadoop.io.compress.GzipCodec,org.apache.hadoop.io.compress.BZip2Codec,org.apache.hadoop.io.compress.SnappyCodec",
    "mapreduce.job.counters.counter.name.max" : "64"
  },
  "computonsPerMapInputByte" : -1,
  "computonsPerMapOutputByte" : -1,
  "computonsPerReduceInputByte" : -1,
  "computonsPerReduceOutputByte" : -1,
  "heapMegabytes" : 200,
  "outcome" : "SUCCESS",
  "jobtype" : "JAVA",
  "directDependantJobs" : [ ],
  "successfulMapAttemptCDFs" : [ {
    "minimum" : 9054,
    "maximum" : 10471,
    "rankings" : [ {
      "datum" : 9054,
      "relativeRanking" : 0.05
    }, {
      "datum" : 9054,
      "relativeRanking" : 0.1
    }, {
      "datum" : 9054,
      "relativeRanking" : 0.15
    }, {
      "datum" : 9054,
      "relativeRanking" : 0.2
    }, {
      "datum" : 9054,
      "relativeRanking" : 0.25
    }, {
      "datum" : 9054,
      "relativeRanking" : 0.3
    }, {
      "datum" : 9054,
      "relativeRanking" : 0.35
    }, {
      "datum" : 9054,
      "relativeRanking" : 0.4
    }, {
      "datum" : 9054,
      "relativeRanking" : 0.45
    }, {
      "datum" : 9054,
      "relativeRanking" : 0.5
    }, {
      "datum" : 9054,
      "relativeRanking" : 0.55
    }, {
      "datum" : 9054,
      "relativeRanking" : 0.6
    }, {
      "datum" : 9054,
      "relativeRanking" : 0.65
    }, {
      "datum" : 9054,
      "relativeRanking" : 0.7
    }, {
      "datum" : 9054,
      "relativeRanking" : 0.75
    }, {
      "datum" : 9054,
      "relativeRanking" : 0.8
    }, {
      "datum" : 9054,
      "relativeRanking" : 0.85
    }, {
      "datum" : 9054,
      "relativeRanking" : 0.9
    }, {
      "datum" : 9054,
      "relativeRanking" : 0.95
    } ],
    "numberValues" : 2
  }, {
    "minimum" : 10133,
    "maximum" : 65223,
    "rankings" : [ {
      "datum" : 10133,
      "relativeRanking" : 0.05
    }, {
      "datum" : 12742,
      "relativeRanking" : 0.1
    }, {
      "datum" : 12969,
      "relativeRanking" : 0.15
    }, {
      "datum" : 13555,
      "relativeRanking" : 0.2
    }, {
      "datum" : 13914,
      "relativeRanking" : 0.25
    }, {
      "datum" : 14733,
      "relativeRanking" : 0.3
    }, {
      "datum" : 15355,
      "relativeRanking" : 0.35
    }, {
      "datum" : 16724,
      "relativeRanking" : 0.4
    }, {
      "datum" : 18599,
      "relativeRanking" : 0.45
    }, {
      "datum" : 20349,
      "relativeRanking" : 0.5
    }, {
      "datum" : 20426,
      "relativeRanking" : 0.55
    }, {
      "datum" : 21394,
      "relativeRanking" : 0.6
    }, {
      "datum" : 22678,
      "relativeRanking" : 0.65
    }, {
      "datum" : 23811,
      "relativeRanking" : 0.7
    }, {
      "datum" : 28469,
      "relativeRanking" : 0.75
    }, {
      "datum" : 32694,
      "relativeRanking" : 0.8
    }, {
      "datum" : 35385,
      "relativeRanking" : 0.85
    }, {
      "datum" : 45074,
      "relativeRanking" : 0.9
    }, {
      "datum" : 46326,
      "relativeRanking" : 0.95
    } ],
    "numberValues" : 36
  }, {
    "minimum" : -9223372036854775808,
    "maximum" : 9223372036854775807,
    "rankings" : [ ],
    "numberValues" : 0
  }, {
    "minimum" : -9223372036854775808,
    "maximum" : 9223372036854775807,
    "rankings" : [ ],
    "numberValues" : 0
  } ],
  "failedMapAttemptCDFs" : [ {
    "minimum" : -9223372036854775808,
    "maximum" : 9223372036854775807,
    "rankings" : [ ],
    "numberValues" : 0
  }, {
    "minimum" : -9223372036854775808,
    "maximum" : 9223372036854775807,
    "rankings" : [ ],
    "numberValues" : 0
  }, {
    "minimum" : -9223372036854775808,
    "maximum" : 9223372036854775807,
    "rankings" : [ ],
    "numberValues" : 0
  }, {
    "minimum" : -9223372036854775808,
    "maximum" : 9223372036854775807,
    "rankings" : [ ],
    "numberValues" : 0
  } ],
  "successfulReduceAttemptCDF" : {
    "minimum" : 327900,
    "maximum" : 419773,
    "rankings" : [ {
      "datum" : 327900,
      "relativeRanking" : 0.05
    }, {
      "datum" : 327900,
      "relativeRanking" : 0.1
    }, {
      "datum" : 327900,
      "relativeRanking" : 0.15
    }, {
      "datum" : 327900,
      "relativeRanking" : 0.2
    }, {
      "datum" : 327900,
      "relativeRanking" : 0.25
    }, {
      "datum" : 327900,
      "relativeRanking" : 0.3
    }, {
      "datum" : 327900,
      "relativeRanking" : 0.35
    }, {
      "datum" : 327900,
      "relativeRanking" : 0.4
    }, {
      "datum" : 327900,
      "relativeRanking" : 0.45
    }, {
      "datum" : 327900,
      "relativeRanking" : 0.5
    }, {
      "datum" : 327900,
      "relativeRanking" : 0.55
    }, {
      "datum" : 327900,
      "relativeRanking" : 0.6
    }, {
      "datum" : 327900,
      "relativeRanking" : 0.65
    }, {
      "datum" : 327900,
      "relativeRanking" : 0.7
    }, {
      "datum" : 327900,
      "relativeRanking" : 0.75
    }, {
      "datum" : 327900,
      "relativeRanking" : 0.8
    }, {
      "datum" : 327900,
      "relativeRanking" : 0.85
    }, {
      "datum" : 327900,
      "relativeRanking" : 0.9
    }, {
      "datum" : 327900,
      "relativeRanking" : 0.95
    } ],
    "numberValues" : 2
  },
  "failedReduceAttemptCDF" : {
    "minimum" : -9223372036854775808,
    "maximum" : 9223372036854775807,
    "rankings" : [ ],
    "numberValues" : 0
  },
  "mapperTriesToSucceed" : [ 0.9736842105263158, 0.02631578947368421 ],
  "failedMapperFraction" : 0.0,
  "relativeTime" : 0,
  "clusterMapMB" : -1,
  "clusterReduceMB" : -1,
  "jobMapMB" : 200,
  "jobReduceMB" : 200
}