{
  "priority" : "NORMAL",
  "jobID" : "job_201407031547_2034",
  "user" : "itri-hadoop",
  "jobName" : "TeraSort",
  "mapTasks" : [ {
    "startTime" : 1405435849544,
    "attempts" : [ {
      "result" : "SUCCESS",
      "location" : {
        "layers" : [ "default-rack", "Master1" ]
      },
      "hostName" : "/default-rack/Master1",
      "startTime" : 1405435849545,
      "finishTime" : 1405435862835,
      "attemptID" : "attempt_201407031547_2034_m_000036_0",
      "shuffleFinished" : -1,
      "sortFinished" : -1,
      "hdfsBytesRead" : 168161886,
      "hdfsBytesWritten" : -1,
      "fileBytesRead" : 171623519,
      "fileBytesWritten" : 343110670,
      "mapInputRecords" : 1681617,
      "mapOutputBytes" : 168161700,
      "mapOutputRecords" : 1681617,
      "combineInputRecords" : 0,
      "reduceInputGroups" : -1,
      "reduceInputRecords" : -1,
      "reduceShuffleBytes" : -1,
      "reduceOutputRecords" : -1,
      "spilledRecords" : 3363234,
      "mapInputBytes" : 168161700,
      "resourceUsageMetrics" : {
        "cumulativeCpuUsage" : 5930,
        "virtualMemoryUsage" : 397668352,
        "physicalMemoryUsage" : 131481600,
        "heapUsage" : 81788928
      }
    } ],
    "finishTime" : 1405435863129,
    "preferredLocations" : [ {
      "layers" : [ "default-rack", "Master1" ]
    }, {
      "layers" : [ "default-rack", "Slave13" ]
    }, {
      "layers" : [ "default-rack", "Slave12" ]
    } ],
    "taskType" : "MAP",
    "taskStatus" : "SUCCESS",
    "taskID" : "task_201407031547_2034_m_000036",
    "inputBytes" : 168161886,
    "inputRecords" : 1681617,
    "outputBytes" : 343110670,
    "outputRecords" : 1681617
  }, {
    "startTime" : 1405435849544,
    "attempts" : [ {
      "result" : "SUCCESS",
      "location" : {
        "layers" : [ "default-rack", "Master1" ]
      },
      "hostName" : "/default-rack/Master1",
      "startTime" : 1405435849545,
      "finishTime" : 1405435861239,
      "attemptID" : "attempt_201407031547_2034_m_000037_0",
      "shuffleFinished" : -1,
      "sortFinished" : -1,
      "hdfsBytesRead" : 168161886,
      "hdfsBytesWritten" : -1,
      "fileBytesRead" : 171623925,
      "fileBytesWritten" : 343110670,
      "mapInputRecords" : 1681617,
      "mapOutputBytes" : 168161700,
      "mapOutputRecords" : 1681617,
      "combineInputRecords" : 0,
      "reduceInputGroups" : -1,
      "reduceInputRecords" : -1,
      "reduceShuffleBytes" : -1,
      "reduceOutputRecords" : -1,
      "spilledRecords" : 3363234,
      "mapInputBytes" : 168161700,
      "resourceUsageMetrics" : {
        "cumulativeCpuUsage" : 5540,
        "virtualMemoryUsage" : 400826368,
        "physicalMemoryUsage" : 124948480,
        "heapUsage" : 159645696
      }
    } ],
    "finishTime" : 1405435861247,
    "preferredLocations" : [ {
      "layers" : [ "default-rack", "Master1" ]
    }, {
      "layers" : [ "default-rack", "Slave11" ]
    }, {
      "layers" : [ "default-rack", "Slave13" ]
    } ],
    "taskType" : "MAP",
    "taskStatus" : "SUCCESS",
    "taskID" : "task_201407031547_2034_m_000037",
    "inputBytes" : 168161886,
    "inputRecords" : 1681617,
    "outputBytes" : 343110670,
    "outputRecords" : 1681617
  }, {
    "startTime" : 1405435849548,
    "attempts" : [ {
      "result" : "SUCCESS",
      "location" : {
        "layers" : [ "default-rack", "Slave12" ]
      },
      "hostName" : "/default-rack/Slave12",
      "startTime" : 1405435840597,
      "finishTime" : 1405435873299,
      "attemptID" : "attempt_201407031547_2034_m_000000_0",
      "shuffleFinished" : -1,
      "sortFinished" : -1,
      "hdfsBytesRead" : 268439646,
      "hdfsBytesWritten" : -1,
      "fileBytesRead" : 346166781,
      "fileBytesWritten" : 619863502,
      "mapInputRecords" : 2684355,
      "mapOutputBytes" : 268435500,
      "mapOutputRecords" : 2684355,
      "combineInputRecords" : 0,
      "reduceInputGroups" : -1,
      "reduceInputRecords" : -1,
      "reduceShuffleBytes" : -1,
      "reduceOutputRecords" : -1,
      "spilledRecords" : 6076495,
      "mapInputBytes" : 268435500,
      "resourceUsageMetrics" : {
        "cumulativeCpuUsage" : 9470,
        "virtualMemoryUsage" : 398155776,
        "physicalMemoryUsage" : 151953408,
        "heapUsage" : 130547712
      }
    } ],
    "finishTime" : 1405435882799,
    "preferredLocations" : [ {
      "layers" : [ "default-rack", "192\\.168\\.1\\.101" ]
    }, {
      "layers" : [ "default-rack", "192\\.168\\.1\\.100" ]
    }, {
      "layers" : [ "default-rack", "192\\.168\\.1\\.103" ]
    } ],
    "taskType" : "MAP",
    "taskStatus" : "SUCCESS",
    "taskID" : "task_201407031547_2034_m_000000",
    "inputBytes" : 268439646,
    "inputRecords" : 2684355,
    "outputBytes" : 619863502,
    "outputRecords" : 2684355
  }, {
    "startTime" : 1405435849548,
    "attempts" : [ {
      "result" : "SUCCESS",
      "location" : {
        "layers" : [ "default-rack", "Slave12" ]
      },
      "hostName" : "/default-rack/Slave12",
      "startTime" : 1405435840597,
      "finishTime" : 1405435858728,
      "attemptID" : "attempt_201407031547_2034_m_000001_0",
      "shuffleFinished" : -1,
      "sortFinished" : -1,
      "hdfsBytesRead" : 268439646,
      "hdfsBytesWritten" : -1,
      "fileBytesRead" : 346153323,
      "fileBytesWritten" : 619863502,
      "mapInputRecords" : 2684355,
      "mapOutputBytes" : 268435500,
      "mapOutputRecords" : 2684355,
      "combineInputRecords" : 0,
      "reduceInputGroups" : -1,
      "reduceInputRecords" : -1,
      "reduceShuffleBytes" : -1,
      "reduceOutputRecords" : -1,
      "spilledRecords" : 6076495,
      "mapInputBytes" : 268435500,
      "resourceUsageMetrics" : {
        "cumulativeCpuUsage" : 8700,
        "virtualMemoryUsage" : 396107776,
        "physicalMemoryUsage" : 187609088,
        "heapUsage" : 176947200
      }
    } ],
    "finishTime" : 1405435868293,
    "preferredLocations" : [ {
      "layers" : [ "default-rack", "192\\.168\\.1\\.100" ]
    }, {
      "layers" : [ "default-rack", "192\\.168\\.1\\.103" ]
    }, {
      "layers" : [ "default-rack", "192\\.168\\.1\\.102" ]
    } ],
    "taskType" : "MAP",
    "taskStatus" : "SUCCESS",
    "taskID" : "task_201407031547_2034_m_000001",
    "inputBytes" : 268439646,
    "inputRecords" : 2684355,
    "outputBytes" : 619863502,
    "outputRecords" : 2684355
  }, {
    "startTime" : 1405435849554,
    "attempts" : [ {
      "result" : "SUCCESS",
      "location" : {
        "layers" : [ "default-rack", "Slave13" ]
      },
      "hostName" : "/default-rack/Slave13",
      "startTime" : 1405435845522,
      "finishTime" : 1405435861413,
      "attemptID" : "attempt_201407031547_2034_m_000002_0",
      "shuffleFinished" : -1,
      "sortFinished" : -1,
      "hdfsBytesRead" : 268439646,
      "hdfsBytesWritten" : -1,
      "fileBytesRead" : 346159705,
      "fileBytesWritten" : 619863299,
      "mapInputRecords" : 2684354,
      "mapOutputBytes" : 268435400,
      "mapOutputRecords" : 2684354,
      "combineInputRecords" : 0,
      "reduceInputGroups" : -1,
      "reduceInputRecords" : -1,
      "reduceShuffleBytes" : -1,
      "reduceOutputRecords" : -1,
      "spilledRecords" : 6076493,
      "mapInputBytes" : 268435400,
      "resourceUsageMetrics" : {
        "cumulativeCpuUsage" : 8810,
        "virtualMemoryUsage" : 398000128,
        "physicalMemoryUsage" : 131395584,
        "heapUsage" : 82051072
      }
    } ],
    "finishTime" : 1405435865805,
    "preferredLocations" : [ {
      "layers" : [ "default-rack", "192\\.168\\.1\\.100" ]
    }, {
      "layers" : [ "default-rack", "192\\.168\\.1\\.103" ]
    }, {
      "layers" : [ "default-rack", "192\\.168\\.1\\.102" ]
    } ],
    "taskType" : "MAP",
    "taskStatus" : "SUCCESS",
    "taskID" : "task_201407031547_2034_m_000002",
    "inputBytes" : 268439646,
    "inputRecords" : 2684354,
    "outputBytes" : 619863299,
    "outputRecords" : 2684354
  }, {
    "startTime" : 1405435849554,
    "attempts" : [ {
      "result" : "SUCCESS",
      "location" : {
        "layers" : [ "default-rack", "Slave13" ]
      },
      "hostName" : "/default-rack/Slave13",
      "startTime" : 1405435845522,
      "finishTime" : 1405435864487,
      "attemptID" : "attempt_201407031547_2034_m_000003_0",
      "shuffleFinished" : -1,
      "sortFinished" : -1,
      "hdfsBytesRead" : 268439646,
      "hdfsBytesWritten" : -1,
      "fileBytesRead" : 346133483,
      "fileBytesWritten" : 619863503,
      "mapInputRecords" : 2684355,
      "mapOutputBytes" : 268435500,
      "mapOutputRecords" : 2684355,
      "combineInputRecords" : 0,
      "reduceInputGroups" : -1,
      "reduceInputRecords" : -1,
      "reduceShuffleBytes" : -1,
      "reduceOutputRecords" : -1,
      "spilledRecords" : 6076495,
      "mapInputBytes" : 268435500,
      "resourceUsageMetrics" : {
        "cumulativeCpuUsage" : 9190,
        "virtualMemoryUsage" : 398065664,
        "physicalMemoryUsage" : 177737728,
        "heapUsage" : 159645696
      }
    } ],
    "finishTime" : 1405435869037,
    "preferredLocations" : [ {
      "layers" : [ "default-rack", "192\\.168\\.1\\.102" ]
    }, {
      "layers" : [ "default-rack", "192\\.168\\.1\\.100" ]
    }, {
      "layers" : [ "default-rack", "192\\.168\\.1\\.101" ]
    } ],
    "taskType" : "MAP",
    "taskStatus" : "SUCCESS",
    "taskID" : "task_201407031547_2034_m_000003",
    "inputBytes" : 268439646,
    "inputRecords" : 2684355,
    "outputBytes" : 619863503,
    "outputRecords" : 2684355
  }, {
    "startTime" : 1405435849559,
    "attempts" : [ {
      "result" : "SUCCESS",
      "location" : {
        "layers" : [ "default-rack", "Slave11" ]
      },
      "hostName" : "/default-rack/Slave11",
      "startTime" : 1405435859287,
      "finishTime" : 1405435882665,
      "attemptID" : "attempt_201407031547_2034_m_000004_0",
      "shuffleFinished" : -1,
      "sortFinished" : -1,
      "hdfsBytesRead" : 268439646,
      "hdfsBytesWritten" : -1,
      "fileBytesRead" : 346158049,
      "fileBytesWritten" : 619863299,
      "mapInputRecords" : 2684354,
      "mapOutputBytes" : 268435400,
      "mapOutputRecords" : 2684354,
      "combineInputRecords" : 0,
      "reduceInputGroups" : -1,
      "reduceInputRecords" : -1,
      "reduceShuffleBytes" : -1,
      "reduceOutputRecords" : -1,
      "spilledRecords" : 6076493,
      "mapInputBytes" : 268435400,
      "resourceUsageMetrics" : {
        "cumulativeCpuUsage" : 9070,
        "virtualMemoryUsage" : 395788288,
        "physicalMemoryUsage" : 129175552,
        "heapUsage" : 81788928
      }
    } ],
    "finishTime" : 1405435873510,
    "preferredLocations" : [ {
      "layers" : [ "default-rack", "192\\.168\\.1\\.100" ]
    }, {
      "layers" : [ "default-rack", "192\\.168\\.1\\.103" ]
    }, {
      "layers" : [ "default-rack", "192\\.168\\.1\\.102" ]
    } ],
    "taskType" : "MAP",
    "taskStatus" : "SUCCESS",
    "taskID" : "task_201407031547_2034_m_000004",
    "inputBytes" : 268439646,
    "inputRecords" : 2684354,
    "outputBytes" : 619863299,
    "outputRecords" : 2684354
  }, {
    "startTime" : 1405435849560,
    "attempts" : [ {
      "result" : "SUCCESS",
      "location" : {
        "layers" : [ "default-rack", "Slave11" ]
      },
      "hostName" : "/default-rack/Slave11",
      "startTime" : 1405435859287,
      "finishTime" : 1405435883574,
      "attemptID" : "attempt_201407031547_2034_m_000005_0",
      "shuffleFinished" : -1,
      "sortFinished" : -1,
      "hdfsBytesRead" : 268439646,
      "hdfsBytesWritten" : -1,
      "fileBytesRead" : 346137523,
      "fileBytesWritten" : 619863503,
      "mapInputRecords" : 2684355,
      "mapOutputBytes" : 268435500,
      "mapOutputRecords" : 2684355,
      "combineInputRecords" : 0,
      "reduceInputGroups" : -1,
      "reduceInputRecords" : -1,
      "reduceShuffleBytes" : -1,
      "reduceOutputRecords" : -1,
      "spilledRecords" : 6076495,
      "mapInputBytes" : 268435500,
      "resourceUsageMetrics" : {
        "cumulativeCpuUsage" : 9570,
        "virtualMemoryUsage" : 396906496,
        "physicalMemoryUsage" : 129671168,
        "heapUsage" : 159645696
      }
    } ],
    "finishTime" : 1405435874413,
    "preferredLocations" : [ {
      "layers" : [ "default-rack", "192\\.168\\.1\\.100" ]
    }, {
      "layers" : [ "default-rack", "192\\.168\\.1\\.102" ]
    }, {
      "layers" : [ "default-rack", "192\\.168\\.1\\.103" ]
    } ],
    "taskType" : "MAP",
    "taskStatus" : "SUCCESS",
    "taskID" : "task_201407031547_2034_m_000005",
    "inputBytes" : 268439646,
    "inputRecords" : 2684355,
    "outputBytes" : 619863503,
    "outputRecords" : 2684355
  }, {
    "startTime" : 1405435861247,
    "attempts" : [ {
      "result" : "SUCCESS",
      "location" : {
        "layers" : [ "default-rack", "Master1" ]
      },
      "hostName" : "/default-rack/Master1",
      "startTime" : 1405435861247,
      "finishTime" : 1405435878702,
      "attemptID" : "attempt_201407031547_2034_m_000006_0",
      "shuffleFinished" : -1,
      "sortFinished" : -1,
      "hdfsBytesRead" : 268439646,
      "hdfsBytesWritten" : -1,
      "fileBytesRead" : 346150833,
      "fileBytesWritten" : 619863297,
      "mapInputRecords" : 2684354,
      "mapOutputBytes" : 268435400,
      "mapOutputRecords" : 2684354,
      "combineInputRecords" : 0,
      "reduceInputGroups" : -1,
      "reduceInputRecords" : -1,
      "reduceShuffleBytes" : -1,
      "reduceOutputRecords" : -1,
      "spilledRecords" : 6076493,
      "mapInputBytes" : 268435400,
      "resourceUsageMetrics" : {
        "cumulativeCpuUsage" : 7430,
        "virtualMemoryUsage" : 401158144,
        "physicalMemoryUsage" : 181649408,
        "heapUsage" : 148111360
      }
    } ],
    "finishTime" : 1405435878940,
    "preferredLocations" : [ {
      "layers" : [ "default-rack", "192\\.168\\.1\\.100" ]
    }, {
      "layers" : [ "default-rack", "192\\.168\\.1\\.102" ]
    }, {
      "layers" : [ "default-rack", "192\\.168\\.1\\.101" ]
    } ],
    "taskType" : "MAP",
    "taskStatus" : "SUCCESS",
    "taskID" : "task_201407031547_2034_m_000006",
    "inputBytes" : 268439646,
    "inputRecords" : 2684354,
    "outputBytes" : 619863297,
    "outputRecords" : 2684354
  }, {
    "startTime" : 1405435863129,
    "attempts" : [ {
      "result" : "SUCCESS",
      "location" : {
        "layers" : [ "default-rack", "Master1" ]
      },
      "hostName" : "/default-rack/Master1",
      "startTime" : 1405435863131,
      "finishTime" : 1405435883333,
      "attemptID" : "attempt_201407031547_2034_m_000007_0",
      "shuffleFinished" : -1,
      "sortFinished" : -1,
      "hdfsBytesRead" : 268439646,
      "hdfsBytesWritten" : -1,
      "fileBytesRead" : 346147463,
      "fileBytesWritten" : 619863501,
      "mapInputRecords" : 2684355,
      "mapOutputBytes" : 268435500,
      "mapOutputRecords" : 2684355,
      "combineInputRecords" : 0,
      "reduceInputGroups" : -1,
      "reduceInputRecords" : -1,
      "reduceShuffleBytes" : -1,
      "reduceOutputRecords" : -1,
      "spilledRecords" : 6076495,
      "mapInputBytes" : 268435500,
      "resourceUsageMetrics" : {
        "cumulativeCpuUsage" : 7250,
        "virtualMemoryUsage" : 398815232,
        "physicalMemoryUsage" : 182906880,
        "heapUsage" : 164102144
      }
    } ],
    "finishTime" : 1405435883608,
    "preferredLocations" : [ {
      "layers" : [ "default-rack", "192\\.168\\.1\\.100" ]
    }, {
      "layers" : [ "default-rack", "192\\.168\\.1\\.102" ]
    }, {
      "layers" : [ "default-rack", "192\\.168\\.1\\.101" ]
    } ],
    "taskType" : "MAP",
    "taskStatus" : "SUCCESS",
    "taskID" : "task_201407031547_2034_m_000007",
    "inputBytes" : 268439646,
    "inputRecords" : 2684355,
    "outputBytes" : 619863501,
    "outputRecords" : 2684355
  }, {
    "startTime" : 1405435865805,
    "attempts" : [ {
      "result" : "SUCCESS",
      "location" : {
        "layers" : [ "default-rack", "Slave13" ]
      },
      "hostName" : "/default-rack/Slave13",
      "startTime" : 1405435861492,
      "finishTime" : 1405435878351,
      "attemptID" : "attempt_201407031547_2034_m_000008_0",
      "shuffleFinished" : -1,
      "sortFinished" : -1,
      "hdfsBytesRead" : 268439646,
      "hdfsBytesWritten" : -1,
      "fileBytesRead" : 346154341,
      "fileBytesWritten" : 619863503,
      "mapInputRecords" : 2684355,
      "mapOutputBytes" : 268435500,
      "mapOutputRecords" : 2684355,
      "combineInputRecords" : 0,
      "reduceInputGroups" : -1,
      "reduceInputRecords" : -1,
      "reduceShuffleBytes" : -1,
      "reduceOutputRecords" : -1,
      "spilledRecords" : 6076495,
      "mapInputBytes" : 268435500,
      "resourceUsageMetrics" : {
        "cumulativeCpuUsage" : 7220,
        "virtualMemoryUsage" : 398819328,
        "physicalMemoryUsage" : 140451840,
        "heapUsage" : 90177536
      }
    } ],
    "finishTime" : 1405435882749,
    "preferredLocations" : [ {
      "layers" : [ "default-rack", "192\\.168\\.1\\.100" ]
    }, {
      "layers" : [ "default-rack", "192\\.168\\.1\\.101" ]
    }, {
      "layers" : [ "default-rack", "192\\.168\\.1\\.103" ]
    } ],
    "taskType" : "MAP",
    "taskStatus" : "SUCCESS",
    "taskID" : "task_201407031547_2034_m_000008",
    "inputBytes" : 268439646,
    "inputRecords" : 2684355,
    "outputBytes" : 619863503,
    "outputRecords" : 2684355
  }, {
    "startTime" : 1405435868293,
    "attempts" : [ {
      "result" : "SUCCESS",
      "location" : {
        "layers" : [ "default-rack", "Slave12" ]
      },
      "hostName" : "/default-rack/Slave12",
      "startTime" : 1405435859019,
      "finishTime" : 1405435893673,
      "attemptID" : "attempt_201407031547_2034_m_000009_0",
      "shuffleFinished" : -1,
      "sortFinished" : -1,
      "hdfsBytesRead" : 268439646,
      "hdfsBytesWritten" : -1,
      "fileBytesRead" : 346140107,
      "fileBytesWritten" : 619863298,
      "mapInputRecords" : 2684354,
      "mapOutputBytes" : 268435400,
      "mapOutputRecords" : 2684354,
      "combineInputRecords" : 0,
      "reduceInputGroups" : -1,
      "reduceInputRecords" : -1,
      "reduceShuffleBytes" : -1,
      "reduceOutputRecords" : -1,
      "spilledRecords" : 6076493,
      "mapInputBytes" : 268435400,
      "resourceUsageMetrics" : {
        "cumulativeCpuUsage" : 8460,
        "virtualMemoryUsage" : 397103104,
        "physicalMemoryUsage" : 153755648,
        "heapUsage" : 102498304
      }
    } ],
    "finishTime" : 1405435903054,
    "preferredLocations" : [ {
      "layers" : [ "default-rack", "192\\.168\\.1\\.100" ]
    }, {
      "layers" : [ "default-rack", "192\\.168\\.1\\.103" ]
    }, {
      "layers" : [ "default-rack", "192\\.168\\.1\\.101" ]
    } ],
    "taskType" : "MAP",
    "taskStatus" : "SUCCESS",
    "taskID" : "task_201407031547_2034_m_000009",
    "inputBytes" : 268439646,
    "inputRecords" : 2684354,
    "outputBytes" : 619863298,
    "outputRecords" : 2684354
  }, {
    "startTime" : 1405435869037,
    "attempts" : [ {
      "result" : "SUCCESS",
      "location" : {
        "layers" : [ "default-rack", "Slave13" ]
      },
      "hostName" : "/default-rack/Slave13",
      "startTime" : 1405435864723,
      "finishTime" : 1405435883577,
      "attemptID" : "attempt_201407031547_2034_m_000010_0",
      "shuffleFinished" : -1,
      "sortFinished" : -1,
      "hdfsBytesRead" : 268439646,
      "hdfsBytesWritten" : -1,
      "fileBytesRead" : 346151859,
      "fileBytesWritten" : 619863504,
      "mapInputRecords" : 2684355,
      "mapOutputBytes" : 268435500,
      "mapOutputRecords" : 2684355,
      "combineInputRecords" : 0,
      "reduceInputGroups" : -1,
      "reduceInputRecords" : -1,
      "reduceShuffleBytes" : -1,
      "reduceOutputRecords" : -1,
      "spilledRecords" : 6076495,
      "mapInputBytes" : 268435500,
      "resourceUsageMetrics" : {
        "cumulativeCpuUsage" : 7390,
        "virtualMemoryUsage" : 399060992,
        "physicalMemoryUsage" : 182484992,
        "heapUsage" : 156499968
      }
    } ],
    "finishTime" : 1405435888783,
    "preferredLocations" : [ {
      "layers" : [ "default-rack", "192\\.168\\.1\\.100" ]
    }, {
      "layers" : [ "default-rack", "192\\.168\\.1\\.103" ]
    }, {
      "layers" : [ "default-rack", "192\\.168\\.1\\.101" ]
    } ],
    "taskType" : "MAP",
    "taskStatus" : "SUCCESS",
    "taskID" : "task_201407031547_2034_m_000010",
    "inputBytes" : 268439646,
    "inputRecords" : 2684355,
    "outputBytes" : 619863504,
    "outputRecords" : 2684355
  }, {
    "startTime" : 1405435873510,
    "attempts" : [ {
      "result" : "SUCCESS",
      "location" : {
        "layers" : [ "default-rack", "Slave11" ]
      },
      "hostName" : "/default-rack/Slave11",
      "startTime" : 1405435882968,
      "finishTime" : 1405435927884,
      "attemptID" : "attempt_201407031547_2034_m_000011_0",
      "shuffleFinished" : -1,
      "sortFinished" : -1,
      "hdfsBytesRead" : 268439646,
      "hdfsBytesWritten" : -1,
      "fileBytesRead" : 346150537,
      "fileBytesWritten" : 619863300,
      "mapInputRecords" : 2684354,
      "mapOutputBytes" : 268435400,
      "mapOutputRecords" : 2684354,
      "combineInputRecords" : 0,
      "reduceInputGroups" : -1,
      "reduceInputRecords" : -1,
      "reduceShuffleBytes" : -1,
      "reduceOutputRecords" : -1,
      "spilledRecords" : 6076493,
      "mapInputBytes" : 268435400,
      "resourceUsageMetrics" : {
        "cumulativeCpuUsage" : 8430,
        "virtualMemoryUsage" : 396783616,
        "physicalMemoryUsage" : 132902912,
        "heapUsage" : 80216064
      }
    } ],
    "finishTime" : 1405435918726,
    "preferredLocations" : [ {
      "layers" : [ "default-rack", "192\\.168\\.1\\.100" ]
    }, {
      "layers" : [ "default-rack", "192\\.168\\.1\\.101" ]
    }, {
      "layers" : [ "default-rack", "192\\.168\\.1\\.102" ]
    } ],
    "taskType" : "MAP",
    "taskStatus" : "SUCCESS",
    "taskID" : "task_201407031547_2034_m_000011",
    "inputBytes" : 268439646,
    "inputRecords" : 2684354,
    "outputBytes" : 619863300,
    "outputRecords" : 2684354
  }, {
    "startTime" : 1405435874413,
    "attempts" : [ {
      "result" : "SUCCESS",
      "location" : {
        "layers" : [ "default-rack", "Slave11" ]
      },
      "hostName" : "/default-rack/Slave11",
      "startTime" : 1405435883871,
      "finishTime" : 1405435925712,
      "attemptID" : "attempt_201407031547_2034_m_000012_0",
      "shuffleFinished" : -1,
      "sortFinished" : -1,
      "hdfsBytesRead" : 268439646,
      "hdfsBytesWritten" : -1,
      "fileBytesRead" : 346155971,
      "fileBytesWritten" : 619863504,
      "mapInputRecords" : 2684355,
      "mapOutputBytes" : 268435500,
      "mapOutputRecords" : 2684355,
      "combineInputRecords" : 0,
      "reduceInputGroups" : -1,
      "reduceInputRecords" : -1,
      "reduceShuffleBytes" : -1,
      "reduceOutputRecords" : -1,
      "spilledRecords" : 6076495,
      "mapInputBytes" : 268435500,
      "resourceUsageMetrics" : {
        "cumulativeCpuUsage" : 8220,
        "virtualMemoryUsage" : 397901824,
        "physicalMemoryUsage" : 168902656,
        "heapUsage" : 123731968
      }
    } ],
    "finishTime" : 1405435916556,
    "preferredLocations" : [ {
      "layers" : [ "default-rack", "192\\.168\\.1\\.100" ]
    }, {
      "layers" : [ "default-rack", "192\\.168\\.1\\.103" ]
    }, {
      "layers" : [ "default-rack", "192\\.168\\.1\\.101" ]
    } ],
    "taskType" : "MAP",
    "taskStatus" : "SUCCESS",
    "taskID" : "task_201407031547_2034_m_000012",
    "inputBytes" : 268439646,
    "inputRecords" : 2684355,
    "outputBytes" : 619863504,
    "outputRecords" : 2684355
  }, {
    "startTime" : 1405435878940,
    "attempts" : [ {
      "result" : "SUCCESS",
      "location" : {
        "layers" : [ "default-rack", "Master1" ]
      },
      "hostName" : "/default-rack/Master1",
      "startTime" : 1405435878941,
      "finishTime" : 1405435911925,
      "attemptID" : "attempt_201407031547_2034_m_000013_0",
      "shuffleFinished" : -1,
      "sortFinished" : -1,
      "hdfsBytesRead" : 268439646,
      "hdfsBytesWritten" : -1,
      "fileBytesRead" : 346140135,
      "fileBytesWritten" : 619863298,
      "mapInputRecords" : 2684354,
      "mapOutputBytes" : 268435400,
      "mapOutputRecords" : 2684354,
      "combineInputRecords" : 0,
      "reduceInputGroups" : -1,
      "reduceInputRecords" : -1,
      "reduceShuffleBytes" : -1,
      "reduceOutputRecords" : -1,
      "spilledRecords" : 6076493,
      "mapInputBytes" : 268435400,
      "resourceUsageMetrics" : {
        "cumulativeCpuUsage" : 7520,
        "virtualMemoryUsage" : 401158144,
        "physicalMemoryUsage" : 182439936,
        "heapUsage" : 148111360
      }
    } ],
    "finishTime" : 1405435912213,
    "preferredLocations" : [ {
      "layers" : [ "default-rack", "192\\.168\\.1\\.100" ]
    }, {
      "layers" : [ "default-rack", "192\\.168\\.1\\.102" ]
    }, {
      "layers" : [ "default-rack", "192\\.168\\.1\\.101" ]
    } ],
    "taskType" : "MAP",
    "taskStatus" : "SUCCESS",
    "taskID" : "task_201407031547_2034_m_000013",
    "inputBytes" : 268439646,
    "inputRecords" : 2684354,
    "outputBytes" : 619863298,
    "outputRecords" : 2684354
  }, {
    "startTime" : 1405435882749,
    "attempts" : [ {
      "result" : "SUCCESS",
      "location" : {
        "layers" : [ "default-rack", "Slave13" ]
      },
      "hostName" : "/default-rack/Slave13",
      "startTime" : 1405435878435,
      "finishTime" : 1405435924387,
      "attemptID" : "attempt_201407031547_2034_m_000014_0",
      "shuffleFinished" : -1,
      "sortFinished" : -1,
      "hdfsBytesRead" : 268439646,
      "hdfsBytesWritten" : -1,
      "fileBytesRead" : 346137193,
      "fileBytesWritten" : 619863504,
      "mapInputRecords" : 2684355,
      "mapOutputBytes" : 268435500,
      "mapOutputRecords" : 2684355,
      "combineInputRecords" : 0,
      "reduceInputGroups" : -1,
      "reduceInputRecords" : -1,
      "reduceShuffleBytes" : -1,
      "reduceOutputRecords" : -1,
      "spilledRecords" : 6076495,
      "mapInputBytes" : 268435500,
      "resourceUsageMetrics" : {
        "cumulativeCpuUsage" : 7950,
        "virtualMemoryUsage" : 398819328,
        "physicalMemoryUsage" : 133173248,
        "heapUsage" : 154927104
      }
    } ],
    "finishTime" : 1405435928837,
    "preferredLocations" : [ {
      "layers" : [ "default-rack", "192\\.168\\.1\\.100" ]
    }, {
      "layers" : [ "default-rack", "192\\.168\\.1\\.101" ]
    }, {
      "layers" : [ "default-rack", "192\\.168\\.1\\.102" ]
    } ],
    "taskType" : "MAP",
    "taskStatus" : "SUCCESS",
    "taskID" : "task_201407031547_2034_m_000014",
    "inputBytes" : 268439646,
    "inputRecords" : 2684355,
    "outputBytes" : 619863504,
    "outputRecords" : 2684355
  }, {
    "startTime" : 1405435882799,
    "attempts" : [ {
      "result" : "SUCCESS",
      "location" : {
        "layers" : [ "default-rack", "Slave12" ]
      },
      "hostName" : "/default-rack/Slave12",
      "startTime" : 1405435873503,
      "finishTime" : 1405435896886,
      "attemptID" : "attempt_201407031547_2034_m_000015_0",
      "shuffleFinished" : -1,
      "sortFinished" : -1,
      "hdfsBytesRead" : 268439646,
      "hdfsBytesWritten" : -1,
      "fileBytesRead" : 346147779,
      "fileBytesWritten" : 619863299,
      "mapInputRecords" : 2684354,
      "mapOutputBytes" : 268435400,
      "mapOutputRecords" : 2684354,
      "combineInputRecords" : 0,
      "reduceInputGroups" : -1,
      "reduceInputRecords" : -1,
      "reduceShuffleBytes" : -1,
      "reduceOutputRecords" : -1,
      "spilledRecords" : 6076493,
      "mapInputBytes" : 268435400,
      "resourceUsageMetrics" : {
        "cumulativeCpuUsage" : 8070,
        "virtualMemoryUsage" : 399151104,
        "physicalMemoryUsage" : 224456704,
        "heapUsage" : 207093760
      }
    } ],
    "finishTime" : 1405435906447,
    "preferredLocations" : [ {
      "layers" : [ "default-rack", "192\\.168\\.1\\.100" ]
    }, {
      "layers" : [ "default-rack", "192\\.168\\.1\\.103" ]
    }, {
      "layers" : [ "default-rack", "192\\.168\\.1\\.101" ]
    } ],
    "taskType" : "MAP",
    "taskStatus" : "SUCCESS",
    "taskID" : "task_201407031547_2034_m_000015",
    "inputBytes" : 268439646,
    "inputRecords" : 2684354,
    "outputBytes" : 619863299,
    "outputRecords" : 2684354
  }, {
    "startTime" : 1405435883608,
    "attempts" : [ {
      "result" : "SUCCESS",
      "location" : {
        "layers" : [ "default-rack", "Master1" ]
      },
      "hostName" : "/default-rack/Master1",
      "startTime" : 1405435883609,
      "finishTime" : 1405435913451,
      "attemptID" : "attempt_201407031547_2034_m_000016_0",
      "shuffleFinished" : -1,
      "sortFinished" : -1,
      "hdfsBytesRead" : 268439646,
      "hdfsBytesWritten" : -1,
      "fileBytesRead" : 346137229,
      "fileBytesWritten" : 619863502,
      "mapInputRecords" : 2684355,
      "mapOutputBytes" : 268435500,
      "mapOutputRecords" : 2684355,
      "combineInputRecords" : 0,
      "reduceInputGroups" : -1,
      "reduceInputRecords" : -1,
      "reduceShuffleBytes" : -1,
      "reduceOutputRecords" : -1,
      "spilledRecords" : 6076495,
      "mapInputBytes" : 268435500,
      "resourceUsageMetrics" : {
        "cumulativeCpuUsage" : 7270,
        "virtualMemoryUsage" : 398815232,
        "physicalMemoryUsage" : 143695872,
        "heapUsage" : 91488256
      }
    } ],
    "finishTime" : 1405435913752,
    "preferredLocations" : [ {
      "layers" : [ "default-rack", "192\\.168\\.1\\.100" ]
    }, {
      "layers" : [ "default-rack", "192\\.168\\.1\\.101" ]
    }, {
      "layers" : [ "default-rack", "192\\.168\\.1\\.103" ]
    } ],
    "taskType" : "MAP",
    "taskStatus" : "SUCCESS",
    "taskID" : "task_201407031547_2034_m_000016",
    "inputBytes" : 268439646,
    "inputRecords" : 2684355,
    "outputBytes" : 619863502,
    "outputRecords" : 2684355
  }, {
    "startTime" : 1405435888783,
    "attempts" : [ {
      "result" : "SUCCESS",
      "location" : {
        "layers" : [ "default-rack", "Slave13" ]
      },
      "hostName" : "/default-rack/Slave13",
      "startTime" : 1405435884761,
      "finishTime" : 1405435907051,
      "attemptID" : "attempt_201407031547_2034_m_000017_0",
      "shuffleFinished" : -1,
      "sortFinished" : -1,
      "hdfsBytesRead" : 268439646,
      "hdfsBytesWritten" : -1,
      "fileBytesRead" : 346161951,
      "fileBytesWritten" : 619863504,
      "mapInputRecords" : 2684355,
      "mapOutputBytes" : 268435500,
      "mapOutputRecords" : 2684355,
      "combineInputRecords" : 0,
      "reduceInputGroups" : -1,
      "reduceInputRecords" : -1,
      "reduceShuffleBytes" : -1,
      "reduceOutputRecords" : -1,
      "spilledRecords" : 6076495,
      "mapInputBytes" : 268435500,
      "resourceUsageMetrics" : {
        "cumulativeCpuUsage" : 7490,
        "virtualMemoryUsage" : 399060992,
        "physicalMemoryUsage" : 138735616,
        "heapUsage" : 79691776
      }
    } ],
    "finishTime" : 1405435911596,
    "preferredLocations" : [ {
      "layers" : [ "default-rack", "192\\.168\\.1\\.101" ]
    }, {
      "layers" : [ "default-rack", "192\\.168\\.1\\.100" ]
    }, {
      "layers" : [ "default-rack", "192\\.168\\.1\\.103" ]
    } ],
    "taskType" : "MAP",
    "taskStatus" : "SUCCESS",
    "taskID" : "task_201407031547_2034_m_000017",
    "inputBytes" : 268439646,
    "inputRecords" : 2684355,
    "outputBytes" : 619863504,
    "outputRecords" : 2684355
  }, {
    "startTime" : 1405435903055,
    "attempts" : [ {
      "result" : "SUCCESS",
      "location" : {
        "layers" : [ "default-rack", "Slave12" ]
      },
      "hostName" : "/default-rack/Slave12",
      "startTime" : 1405435893758,
      "finishTime" : 1405435924938,
      "attemptID" : "attempt_201407031547_2034_m_000018_0",
      "shuffleFinished" : -1,
      "sortFinished" : -1,
      "hdfsBytesRead" : 268439646,
      "hdfsBytesWritten" : -1,
      "fileBytesRead" : 346152299,
      "fileBytesWritten" : 619863503,
      "mapInputRecords" : 2684355,
      "mapOutputBytes" : 268435500,
      "mapOutputRecords" : 2684355,
      "combineInputRecords" : 0,
      "reduceInputGroups" : -1,
      "reduceInputRecords" : -1,
      "reduceShuffleBytes" : -1,
      "reduceOutputRecords" : -1,
      "spilledRecords" : 6076495,
      "mapInputBytes" : 268435500,
      "resourceUsageMetrics" : {
        "cumulativeCpuUsage" : 7430,
        "virtualMemoryUsage" : 397103104,
        "physicalMemoryUsage" : 195923968,
        "heapUsage" : 175898624
      }
    } ],
    "finishTime" : 1405435934747,
    "preferredLocations" : [ {
      "layers" : [ "default-rack", "192\\.168\\.1\\.103" ]
    }, {
      "layers" : [ "default-rack", "192\\.168\\.1\\.101" ]
    }, {
      "layers" : [ "default-rack", "192\\.168\\.1\\.100" ]
    } ],
    "taskType" : "MAP",
    "taskStatus" : "SUCCESS",
    "taskID" : "task_201407031547_2034_m_000018",
    "inputBytes" : 268439646,
    "inputRecords" : 2684355,
    "outputBytes" : 619863503,
    "outputRecords" : 2684355
  }, {
    "startTime" : 1405435906469,
    "attempts" : [ {
      "result" : "SUCCESS",
      "location" : {
        "layers" : [ "default-rack", "Slave12" ]
      },
      "hostName" : "/default-rack/Slave12",
      "startTime" : 1405435897174,
      "finishTime" : 1405435929633,
      "attemptID" : "attempt_201407031547_2034_m_000019_0",
      "shuffleFinished" : -1,
      "sortFinished" : -1,
      "hdfsBytesRead" : 268439646,
      "hdfsBytesWritten" : -1,
      "fileBytesRead" : 346152265,
      "fileBytesWritten" : 619863503,
      "mapInputRecords" : 2684355,
      "mapOutputBytes" : 268435500,
      "mapOutputRecords" : 2684355,
      "combineInputRecords" : 0,
      "reduceInputGroups" : -1,
      "reduceInputRecords" : -1,
      "reduceShuffleBytes" : -1,
      "reduceOutputRecords" : -1,
      "spilledRecords" : 6076495,
      "mapInputBytes" : 268435500,
      "resourceUsageMetrics" : {
        "cumulativeCpuUsage" : 7170,
        "virtualMemoryUsage" : 399151104,
        "physicalMemoryUsage" : 186298368,
        "heapUsage" : 205258752
      }
    } ],
    "finishTime" : 1405435939231,
    "preferredLocations" : [ {
      "layers" : [ "default-rack", "192\\.168\\.1\\.103" ]
    }, {
      "layers" : [ "default-rack", "192\\.168\\.1\\.101" ]
    }, {
      "layers" : [ "default-rack", "192\\.168\\.1\\.102" ]
    } ],
    "taskType" : "MAP",
    "taskStatus" : "SUCCESS",
    "taskID" : "task_201407031547_2034_m_000019",
    "inputBytes" : 268439646,
    "inputRecords" : 2684355,
    "outputBytes" : 619863503,
    "outputRecords" : 2684355
  }, {
    "startTime" : 1405435911676,
    "attempts" : [ {
      "result" : "SUCCESS",
      "location" : {
        "layers" : [ "default-rack", "Slave13" ]
      },
      "hostName" : "/default-rack/Slave13",
      "startTime" : 1405435907363,
      "finishTime" : 1405435923251,
      "attemptID" : "attempt_201407031547_2034_m_000020_0",
      "shuffleFinished" : -1,
      "sortFinished" : -1,
      "hdfsBytesRead" : 268439646,
      "hdfsBytesWritten" : -1,
      "fileBytesRead" : 346145845,
      "fileBytesWritten" : 619863300,
      "mapInputRecords" : 2684354,
      "mapOutputBytes" : 268435400,
      "mapOutputRecords" : 2684354,
      "combineInputRecords" : 0,
      "reduceInputGroups" : -1,
      "reduceInputRecords" : -1,
      "reduceShuffleBytes" : -1,
      "reduceOutputRecords" : -1,
      "spilledRecords" : 6076493,
      "mapInputBytes" : 268435400,
      "resourceUsageMetrics" : {
        "cumulativeCpuUsage" : 6790,
        "virtualMemoryUsage" : 399060992,
        "physicalMemoryUsage" : 133431296,
        "heapUsage" : 79691776
      }
    } ],
    "finishTime" : 1405435927600,
    "preferredLocations" : [ {
      "layers" : [ "default-rack", "192\\.168\\.1\\.100" ]
    }, {
      "layers" : [ "default-rack", "192\\.168\\.1\\.103" ]
    }, {
      "layers" : [ "default-rack", "192\\.168\\.1\\.101" ]
    } ],
    "taskType" : "MAP",
    "taskStatus" : "SUCCESS",
    "taskID" : "task_201407031547_2034_m_000020",
    "inputBytes" : 268439646,
    "inputRecords" : 2684354,
    "outputBytes" : 619863300,
    "outputRecords" : 2684354
  }, {
    "startTime" : 1405435912213,
    "attempts" : [ {
      "result" : "SUCCESS",
      "location" : {
        "layers" : [ "default-rack", "Master1" ]
      },
      "hostName" : "/default-rack/Master1",
      "startTime" : 1405435912214,
      "finishTime" : 1405435938533,
      "attemptID" : "attempt_201407031547_2034_m_000021_0",
      "shuffleFinished" : -1,
      "sortFinished" : -1,
      "hdfsBytesRead" : 268439646,
      "hdfsBytesWritten" : -1,
      "fileBytesRead" : 346146063,
      "fileBytesWritten" : 619863502,
      "mapInputRecords" : 2684355,
      "mapOutputBytes" : 268435500,
      "mapOutputRecords" : 2684355,
      "combineInputRecords" : 0,
      "reduceInputGroups" : -1,
      "reduceInputRecords" : -1,
      "reduceShuffleBytes" : -1,
      "reduceOutputRecords" : -1,
      "spilledRecords" : 6076495,
      "mapInputBytes" : 268435500,
      "resourceUsageMetrics" : {
        "cumulativeCpuUsage" : 7670,
        "virtualMemoryUsage" : 401158144,
        "physicalMemoryUsage" : 183287808,
        "heapUsage" : 139460608
      }
    } ],
    "finishTime" : 1405435938693,
    "preferredLocations" : [ {
      "layers" : [ "default-rack", "192\\.168\\.1\\.103" ]
    }, {
      "layers" : [ "default-rack", "192\\.168\\.1\\.102" ]
    }, {
      "layers" : [ "default-rack", "192\\.168\\.1\\.100" ]
    } ],
    "taskType" : "MAP",
    "taskStatus" : "SUCCESS",
    "taskID" : "task_201407031547_2034_m_000021",
    "inputBytes" : 268439646,
    "inputRecords" : 2684355,
    "outputBytes" : 619863502,
    "outputRecords" : 2684355
  }, {
    "startTime" : 1405435913752,
    "attempts" : [ {
      "result" : "SUCCESS",
      "location" : {
        "layers" : [ "default-rack", "Master1" ]
      },
      "hostName" : "/default-rack/Master1",
      "startTime" : 1405435913753,
      "finishTime" : 1405435938679,
      "attemptID" : "attempt_201407031547_2034_m_000022_0",
      "shuffleFinished" : -1,
      "sortFinished" : -1,
      "hdfsBytesRead" : 268439646,
      "hdfsBytesWritten" : -1,
      "fileBytesRead" : 346155249,
      "fileBytesWritten" : 619863298,
      "mapInputRecords" : 2684354,
      "mapOutputBytes" : 268435400,
      "mapOutputRecords" : 2684354,
      "combineInputRecords" : 0,
      "reduceInputGroups" : -1,
      "reduceInputRecords" : -1,
      "reduceShuffleBytes" : -1,
      "reduceOutputRecords" : -1,
      "spilledRecords" : 6076493,
      "mapInputBytes" : 268435400,
      "resourceUsageMetrics" : {
        "cumulativeCpuUsage" : 7750,
        "virtualMemoryUsage" : 398815232,
        "physicalMemoryUsage" : 140079104,
        "heapUsage" : 78118912
      }
    } ],
    "finishTime" : 1405435938694,
    "preferredLocations" : [ {
      "layers" : [ "default-rack", "192\\.168\\.1\\.103" ]
    }, {
      "layers" : [ "default-rack", "192\\.168\\.1\\.101" ]
    }, {
      "layers" : [ "default-rack", "192\\.168\\.1\\.102" ]
    } ],
    "taskType" : "MAP",
    "taskStatus" : "SUCCESS",
    "taskID" : "task_201407031547_2034_m_000022",
    "inputBytes" : 268439646,
    "inputRecords" : 2684354,
    "outputBytes" : 619863298,
    "outputRecords" : 2684354
  }, {
    "startTime" : 1405435916556,
    "attempts" : [ {
      "result" : "SUCCESS",
      "location" : {
        "layers" : [ "default-rack", "Slave11" ]
      },
      "hostName" : "/default-rack/Slave11",
      "startTime" : 1405435926091,
      "finishTime" : 1405435962149,
      "attemptID" : "attempt_201407031547_2034_m_000023_0",
      "shuffleFinished" : -1,
      "sortFinished" : -1,
      "hdfsBytesRead" : 268439646,
      "hdfsBytesWritten" : -1,
      "fileBytesRead" : 346148943,
      "fileBytesWritten" : 619863504,
      "mapInputRecords" : 2684355,
      "mapOutputBytes" : 268435500,
      "mapOutputRecords" : 2684355,
      "combineInputRecords" : 0,
      "reduceInputGroups" : -1,
      "reduceInputRecords" : -1,
      "reduceShuffleBytes" : -1,
      "reduceOutputRecords" : -1,
      "spilledRecords" : 6076495,
      "mapInputBytes" : 268435500,
      "resourceUsageMetrics" : {
        "cumulativeCpuUsage" : 7640,
        "virtualMemoryUsage" : 397901824,
        "physicalMemoryUsage" : 165072896,
        "heapUsage" : 108265472
      }
    } ],
    "finishTime" : 1405435952950,
    "preferredLocations" : [ {
      "layers" : [ "default-rack", "192\\.168\\.1\\.103" ]
    }, {
      "layers" : [ "default-rack", "192\\.168\\.1\\.100" ]
    }, {
      "layers" : [ "default-rack", "192\\.168\\.1\\.101" ]
    } ],
    "taskType" : "MAP",
    "taskStatus" : "SUCCESS",
    "taskID" : "task_201407031547_2034_m_000023",
    "inputBytes" : 268439646,
    "inputRecords" : 2684355,
    "outputBytes" : 619863504,
    "outputRecords" : 2684355
  }, {
    "startTime" : 1405435918726,
    "attempts" : [ {
      "result" : "SUCCESS",
      "location" : {
        "layers" : [ "default-rack", "Slave11" ]
      },
      "hostName" : "/default-rack/Slave11",
      "startTime" : 1405435928184,
      "finishTime" : 1405435960911,
      "attemptID" : "attempt_201407031547_2034_m_000024_0",
      "shuffleFinished" : -1,
      "sortFinished" : -1,
      "hdfsBytesRead" : 268439646,
      "hdfsBytesWritten" : -1,
      "fileBytesRead" : 346129201,
      "fileBytesWritten" : 619863300,
      "mapInputRecords" : 2684354,
      "mapOutputBytes" : 268435400,
      "mapOutputRecords" : 2684354,
      "combineInputRecords" : 0,
      "reduceInputGroups" : -1,
      "reduceInputRecords" : -1,
      "reduceShuffleBytes" : -1,
      "reduceOutputRecords" : -1,
      "spilledRecords" : 6076493,
      "mapInputBytes" : 268435400,
      "resourceUsageMetrics" : {
        "cumulativeCpuUsage" : 7400,
        "virtualMemoryUsage" : 396783616,
        "physicalMemoryUsage" : 129843200,
        "heapUsage" : 81264640
      }
    } ],
    "finishTime" : 1405435951711,
    "preferredLocations" : [ {
      "layers" : [ "default-rack", "192\\.168\\.1\\.103" ]
    }, {
      "layers" : [ "default-rack", "192\\.168\\.1\\.101" ]
    }, {
      "layers" : [ "default-rack", "192\\.168\\.1\\.102" ]
    } ],
    "taskType" : "MAP",
    "taskStatus" : "SUCCESS",
    "taskID" : "task_201407031547_2034_m_000024",
    "inputBytes" : 268439646,
    "inputRecords" : 2684354,
    "outputBytes" : 619863300,
    "outputRecords" : 2684354
  }, {
    "startTime" : 1405435927601,
    "attempts" : [ {
      "result" : "SUCCESS",
      "location" : {
        "layers" : [ "default-rack", "Slave13" ]
      },
      "hostName" : "/default-rack/Slave13",
      "startTime" : 1405435923287,
      "finishTime" : 1405435941717,
      "attemptID" : "attempt_201407031547_2034_m_000025_0",
      "shuffleFinished" : -1,
      "sortFinished" : -1,
      "hdfsBytesRead" : 268439646,
      "hdfsBytesWritten" : -1,
      "fileBytesRead" : 346121039,
      "fileBytesWritten" : 619863504,
      "mapInputRecords" : 2684355,
      "mapOutputBytes" : 268435500,
      "mapOutputRecords" : 2684355,
      "combineInputRecords" : 0,
      "reduceInputGroups" : -1,
      "reduceInputRecords" : -1,
      "reduceShuffleBytes" : -1,
      "reduceOutputRecords" : -1,
      "spilledRecords" : 6076495,
      "mapInputBytes" : 268435500,
      "resourceUsageMetrics" : {
        "cumulativeCpuUsage" : 6920,
        "virtualMemoryUsage" : 399060992,
        "physicalMemoryUsage" : 130977792,
        "heapUsage" : 153616384
      }
    } ],
    "finishTime" : 1405435946197,
    "preferredLocations" : [ {
      "layers" : [ "default-rack", "192\\.168\\.1\\.103" ]
    }, {
      "layers" : [ "default-rack", "192\\.168\\.1\\.102" ]
    }, {
      "layers" : [ "default-rack", "192\\.168\\.1\\.100" ]
    } ],
    "taskType" : "MAP",
    "taskStatus" : "SUCCESS",
    "taskID" : "task_201407031547_2034_m_000025",
    "inputBytes" : 268439646,
    "inputRecords" : 2684355,
    "outputBytes" : 619863504,
    "outputRecords" : 2684355
  }, {
    "startTime" : 1405435928837,
    "attempts" : [ {
      "result" : "SUCCESS",
      "location" : {
        "layers" : [ "default-rack", "Slave13" ]
      },
      "hostName" : "/default-rack/Slave13",
      "startTime" : 1405435924523,
      "finishTime" : 1405435945008,
      "attemptID" : "attempt_201407031547_2034_m_000026_0",
      "shuffleFinished" : -1,
      "sortFinished" : -1,
      "hdfsBytesRead" : 268439646,
      "hdfsBytesWritten" : -1,
      "fileBytesRead" : 346164979,
      "fileBytesWritten" : 619863504,
      "mapInputRecords" : 2684355,
      "mapOutputBytes" : 268435500,
      "mapOutputRecords" : 2684355,
      "combineInputRecords" : 0,
      "reduceInputGroups" : -1,
      "reduceInputRecords" : -1,
      "reduceShuffleBytes" : -1,
      "reduceOutputRecords" : -1,
      "spilledRecords" : 6076495,
      "mapInputBytes" : 268435500,
      "resourceUsageMetrics" : {
        "cumulativeCpuUsage" : 6960,
        "virtualMemoryUsage" : 398819328,
        "physicalMemoryUsage" : 184324096,
        "heapUsage" : 161218560
      }
    } ],
    "finishTime" : 1405435949369,
    "preferredLocations" : [ {
      "layers" : [ "default-rack", "192\\.168\\.1\\.103" ]
    }, {
      "layers" : [ "default-rack", "192\\.168\\.1\\.102" ]
    }, {
      "layers" : [ "default-rack", "192\\.168\\.1\\.101" ]
    } ],
    "taskType" : "MAP",
    "taskStatus" : "SUCCESS",
    "taskID" : "task_201407031547_2034_m_000026",
    "inputBytes" : 268439646,
    "inputRecords" : 2684355,
    "outputBytes" : 619863504,
    "outputRecords" : 2684355
  }, {
    "startTime" : 1405435934747,
    "attempts" : [ {
      "result" : "SUCCESS",
      "location" : {
        "layers" : [ "default-rack", "Slave12" ]
      },
      "hostName" : "/default-rack/Slave12",
      "startTime" : 1405435925455,
      "finishTime" : 1405435939173,
      "attemptID" : "attempt_201407031547_2034_m_000027_0",
      "shuffleFinished" : -1,
      "sortFinished" : -1,
      "hdfsBytesRead" : 268439646,
      "hdfsBytesWritten" : -1,
      "fileBytesRead" : 346152809,
      "fileBytesWritten" : 619863299,
      "mapInputRecords" : 2684354,
      "mapOutputBytes" : 268435400,
      "mapOutputRecords" : 2684354,
      "combineInputRecords" : 0,
      "reduceInputGroups" : -1,
      "reduceInputRecords" : -1,
      "reduceShuffleBytes" : -1,
      "reduceOutputRecords" : -1,
      "spilledRecords" : 6076493,
      "mapInputBytes" : 268435400,
      "resourceUsageMetrics" : {
        "cumulativeCpuUsage" : 6650,
        "virtualMemoryUsage" : 397103104,
        "physicalMemoryUsage" : 191791104,
        "heapUsage" : 175898624
      }
    } ],
    "finishTime" : 1405435948726,
    "preferredLocations" : [ {
      "layers" : [ "default-rack", "192\\.168\\.1\\.103" ]
    }, {
      "layers" : [ "default-rack", "192\\.168\\.1\\.102" ]
    }, {
      "layers" : [ "default-rack", "192\\.168\\.1\\.100" ]
    } ],
    "taskType" : "MAP",
    "taskStatus" : "SUCCESS",
    "taskID" : "task_201407031547_2034_m_000027",
    "inputBytes" : 268439646,
    "inputRecords" : 2684354,
    "outputBytes" : 619863299,
    "outputRecords" : 2684354
  }, {
    "startTime" : 1405435938695,
    "attempts" : [ {
      "result" : "SUCCESS",
      "location" : {
        "layers" : [ "default-rack", "Master1" ]
      },
      "hostName" : "/default-rack/Master1",
      "startTime" : 1405435938698,
      "finishTime" : 1405435952071,
      "attemptID" : "attempt_201407031547_2034_m_000028_0",
      "shuffleFinished" : -1,
      "sortFinished" : -1,
      "hdfsBytesRead" : 268439646,
      "hdfsBytesWritten" : -1,
      "fileBytesRead" : 346130587,
      "fileBytesWritten" : 619863502,
      "mapInputRecords" : 2684355,
      "mapOutputBytes" : 268435500,
      "mapOutputRecords" : 2684355,
      "combineInputRecords" : 0,
      "reduceInputGroups" : -1,
      "reduceInputRecords" : -1,
      "reduceShuffleBytes" : -1,
      "reduceOutputRecords" : -1,
      "spilledRecords" : 6076495,
      "mapInputBytes" : 268435500,
      "resourceUsageMetrics" : {
        "cumulativeCpuUsage" : 6730,
        "virtualMemoryUsage" : 398815232,
        "physicalMemoryUsage" : 136069120,
        "heapUsage" : 81002496
      }
    } ],
    "finishTime" : 1405435952203,
    "preferredLocations" : [ {
      "layers" : [ "default-rack", "192\\.168\\.1\\.100" ]
    }, {
      "layers" : [ "default-rack", "192\\.168\\.1\\.103" ]
    }, {
      "layers" : [ "default-rack", "192\\.168\\.1\\.102" ]
    } ],
    "taskType" : "MAP",
    "taskStatus" : "SUCCESS",
    "taskID" : "task_201407031547_2034_m_000028",
    "inputBytes" : 268439646,
    "inputRecords" : 2684355,
    "outputBytes" : 619863502,
    "outputRecords" : 2684355
  }, {
    "startTime" : 1405435938696,
    "attempts" : [ {
      "result" : "SUCCESS",
      "location" : {
        "layers" : [ "default-rack", "Master1" ]
      },
      "hostName" : "/default-rack/Master1",
      "startTime" : 1405435938698,
      "finishTime" : 1405435977070,
      "attemptID" : "attempt_201407031547_2034_m_000029_0",
      "shuffleFinished" : -1,
      "sortFinished" : -1,
      "hdfsBytesRead" : 268439646,
      "hdfsBytesWritten" : -1,
      "fileBytesRead" : 346157807,
      "fileBytesWritten" : 619863298,
      "mapInputRecords" : 2684354,
      "mapOutputBytes" : 268435400,
      "mapOutputRecords" : 2684354,
      "combineInputRecords" : 0,
      "reduceInputGroups" : -1,
      "reduceInputRecords" : -1,
      "reduceShuffleBytes" : -1,
      "reduceOutputRecords" : -1,
      "spilledRecords" : 6076493,
      "mapInputBytes" : 268435400,
      "resourceUsageMetrics" : {
        "cumulativeCpuUsage" : 8100,
        "virtualMemoryUsage" : 401158144,
        "physicalMemoryUsage" : 172515328,
        "heapUsage" : 159645696
      }
    }, {
      "result" : "KILLED",
      "location" : null,
      "hostName" : null,
      "startTime" : 1405435962409,
      "finishTime" : 1405435992816,
      "attemptID" : "attempt_201407031547_2034_m_000029_1",
      "shuffleFinished" : -1,
      "sortFinished" : -1,
      "hdfsBytesRead" : -1,
      "hdfsBytesWritten" : -1,
      "fileBytesRead" : -1,
      "fileBytesWritten" : -1,
      "mapInputRecords" : -1,
      "mapOutputBytes" : -1,
      "mapOutputRecords" : -1,
      "combineInputRecords" : -1,
      "reduceInputGroups" : -1,
      "reduceInputRecords" : -1,
      "reduceShuffleBytes" : -1,
      "reduceOutputRecords" : -1,
      "spilledRecords" : -1,
      "mapInputBytes" : -1,
      "resourceUsageMetrics" : {
        "cumulativeCpuUsage" : 0,
        "virtualMemoryUsage" : 0,
        "physicalMemoryUsage" : 0,
        "heapUsage" : 0
      }
    } ],
    "finishTime" : 1405435977370,
    "preferredLocations" : [ {
      "layers" : [ "default-rack", "192\\.168\\.1\\.101" ]
    }, {
      "layers" : [ "default-rack", "192\\.168\\.1\\.103" ]
    }, {
      "layers" : [ "default-rack", "192\\.168\\.1\\.102" ]
    } ],
    "taskType" : "MAP",
    "taskStatus" : "SUCCESS",
    "taskID" : "task_201407031547_2034_m_000029",
    "inputBytes" : 268439646,
    "inputRecords" : 2684354,
    "outputBytes" : 619863298,
    "outputRecords" : 2684354
  }, {
    "startTime" : 1405435939231,
    "attempts" : [ {
      "result" : "SUCCESS",
      "location" : {
        "layers" : [ "default-rack", "Slave12" ]
      },
      "hostName" : "/default-rack/Slave12",
      "startTime" : 1405435929934,
      "finishTime" : 1405435964473,
      "attemptID" : "attempt_201407031547_2034_m_000030_0",
      "shuffleFinished" : -1,
      "sortFinished" : -1,
      "hdfsBytesRead" : 268439646,
      "hdfsBytesWritten" : -1,
      "fileBytesRead" : 346135951,
      "fileBytesWritten" : 619863503,
      "mapInputRecords" : 2684355,
      "mapOutputBytes" : 268435500,
      "mapOutputRecords" : 2684355,
      "combineInputRecords" : 0,
      "reduceInputGroups" : -1,
      "reduceInputRecords" : -1,
      "reduceShuffleBytes" : -1,
      "reduceOutputRecords" : -1,
      "spilledRecords" : 6076495,
      "mapInputBytes" : 268435500,
      "resourceUsageMetrics" : {
        "cumulativeCpuUsage" : 7340,
        "virtualMemoryUsage" : 399151104,
        "physicalMemoryUsage" : 226197504,
        "heapUsage" : 205258752
      }
    } ],
    "finishTime" : 1405435973771,
    "preferredLocations" : [ {
      "layers" : [ "default-rack", "192\\.168\\.1\\.101" ]
    }, {
      "layers" : [ "default-rack", "192\\.168\\.1\\.103" ]
    }, {
      "layers" : [ "default-rack", "192\\.168\\.1\\.102" ]
    } ],
    "taskType" : "MAP",
    "taskStatus" : "SUCCESS",
    "taskID" : "task_201407031547_2034_m_000030",
    "inputBytes" : 268439646,
    "inputRecords" : 2684355,
    "outputBytes" : 619863503,
    "outputRecords" : 2684355
  }, {
    "startTime" : 1405435946198,
    "attempts" : [ {
      "result" : "SUCCESS",
      "location" : {
        "layers" : [ "default-rack", "Slave13" ]
      },
      "hostName" : "/default-rack/Slave13",
      "startTime" : 1405435941883,
      "finishTime" : 1405435963304,
      "attemptID" : "attempt_201407031547_2034_m_000031_0",
      "shuffleFinished" : -1,
      "sortFinished" : -1,
      "hdfsBytesRead" : 268439646,
      "hdfsBytesWritten" : -1,
      "fileBytesRead" : 346146287,
      "fileBytesWritten" : 619863300,
      "mapInputRecords" : 2684354,
      "mapOutputBytes" : 268435400,
      "mapOutputRecords" : 2684354,
      "combineInputRecords" : 0,
      "reduceInputGroups" : -1,
      "reduceInputRecords" : -1,
      "reduceShuffleBytes" : -1,
      "reduceOutputRecords" : -1,
      "spilledRecords" : 6076493,
      "mapInputBytes" : 268435400,
      "resourceUsageMetrics" : {
        "cumulativeCpuUsage" : 7300,
        "virtualMemoryUsage" : 399060992,
        "physicalMemoryUsage" : 133595136,
        "heapUsage" : 72613888
      }
    } ],
    "finishTime" : 1405435967719,
    "preferredLocations" : [ {
      "layers" : [ "default-rack", "192\\.168\\.1\\.100" ]
    }, {
      "layers" : [ "default-rack", "192\\.168\\.1\\.103" ]
    }, {
      "layers" : [ "default-rack", "192\\.168\\.1\\.102" ]
    } ],
    "taskType" : "MAP",
    "taskStatus" : "SUCCESS",
    "taskID" : "task_201407031547_2034_m_000031",
    "inputBytes" : 268439646,
    "inputRecords" : 2684354,
    "outputBytes" : 619863300,
    "outputRecords" : 2684354
  }, {
    "startTime" : 1405435948726,
    "attempts" : [ {
      "result" : "SUCCESS",
      "location" : {
        "layers" : [ "default-rack", "Slave12" ]
      },
      "hostName" : "/default-rack/Slave12",
      "startTime" : 1405435939429,
      "finishTime" : 1405435964519,
      "attemptID" : "attempt_201407031547_2034_m_000032_0",
      "shuffleFinished" : -1,
      "sortFinished" : -1,
      "hdfsBytesRead" : 268439646,
      "hdfsBytesWritten" : -1,
      "fileBytesRead" : 346144757,
      "fileBytesWritten" : 619863503,
      "mapInputRecords" : 2684355,
      "mapOutputBytes" : 268435500,
      "mapOutputRecords" : 2684355,
      "combineInputRecords" : 0,
      "reduceInputGroups" : -1,
      "reduceInputRecords" : -1,
      "reduceShuffleBytes" : -1,
      "reduceOutputRecords" : -1,
      "spilledRecords" : 6076495,
      "mapInputBytes" : 268435500,
      "resourceUsageMetrics" : {
        "cumulativeCpuUsage" : 6860,
        "virtualMemoryUsage" : 397103104,
        "physicalMemoryUsage" : 196251648,
        "heapUsage" : 176160768
      }
    } ],
    "finishTime" : 1405435974073,
    "preferredLocations" : [ {
      "layers" : [ "default-rack", "192\\.168\\.1\\.103" ]
    }, {
      "layers" : [ "default-rack", "192\\.168\\.1\\.102" ]
    }, {
      "layers" : [ "default-rack", "192\\.168\\.1\\.100" ]
    } ],
    "taskType" : "MAP",
    "taskStatus" : "SUCCESS",
    "taskID" : "task_201407031547_2034_m_000032",
    "inputBytes" : 268439646,
    "inputRecords" : 2684355,
    "outputBytes" : 619863503,
    "outputRecords" : 2684355
  }, {
    "startTime" : 1405435949370,
    "attempts" : [ {
      "result" : "SUCCESS",
      "location" : {
        "layers" : [ "default-rack", "Slave13" ]
      },
      "hostName" : "/default-rack/Slave13",
      "startTime" : 1405435945056,
      "finishTime" : 1405435968002,
      "attemptID" : "attempt_201407031547_2034_m_000033_0",
      "shuffleFinished" : -1,
      "sortFinished" : -1,
      "hdfsBytesRead" : 268439646,
      "hdfsBytesWritten" : -1,
      "fileBytesRead" : 346145493,
      "fileBytesWritten" : 619863300,
      "mapInputRecords" : 2684354,
      "mapOutputBytes" : 268435400,
      "mapOutputRecords" : 2684354,
      "combineInputRecords" : 0,
      "reduceInputGroups" : -1,
      "reduceInputRecords" : -1,
      "reduceShuffleBytes" : -1,
      "reduceOutputRecords" : -1,
      "spilledRecords" : 6076493,
      "mapInputBytes" : 268435400,
      "resourceUsageMetrics" : {
        "cumulativeCpuUsage" : 6950,
        "virtualMemoryUsage" : 398819328,
        "physicalMemoryUsage" : 147492864,
        "heapUsage" : 93847552
      }
    } ],
    "finishTime" : 1405435972319,
    "preferredLocations" : [ {
      "layers" : [ "default-rack", "192\\.168\\.1\\.103" ]
    }, {
      "layers" : [ "default-rack", "192\\.168\\.1\\.102" ]
    }, {
      "layers" : [ "default-rack", "192\\.168\\.1\\.101" ]
    } ],
    "taskType" : "MAP",
    "taskStatus" : "SUCCESS",
    "taskID" : "task_201407031547_2034_m_000033",
    "inputBytes" : 268439646,
    "inputRecords" : 2684354,
    "outputBytes" : 619863300,
    "outputRecords" : 2684354
  }, {
    "startTime" : 1405435951711,
    "attempts" : [ {
      "result" : "SUCCESS",
      "location" : {
        "layers" : [ "default-rack", "Slave13" ]
      },
      "hostName" : "/default-rack/Slave13",
      "startTime" : 1405435963405,
      "finishTime" : 1405435977312,
      "attemptID" : "attempt_201407031547_2034_m_000034_1",
      "shuffleFinished" : -1,
      "sortFinished" : -1,
      "hdfsBytesRead" : 268439646,
      "hdfsBytesWritten" : -1,
      "fileBytesRead" : 346139295,
      "fileBytesWritten" : 619863504,
      "mapInputRecords" : 2684355,
      "mapOutputBytes" : 268435500,
      "mapOutputRecords" : 2684355,
      "combineInputRecords" : 0,
      "reduceInputGroups" : -1,
      "reduceInputRecords" : -1,
      "reduceShuffleBytes" : -1,
      "reduceOutputRecords" : -1,
      "spilledRecords" : 6076495,
      "mapInputBytes" : 268435500,
      "resourceUsageMetrics" : {
        "cumulativeCpuUsage" : 6840,
        "virtualMemoryUsage" : 399060992,
        "physicalMemoryUsage" : 130273280,
        "heapUsage" : 68943872
      }
    }, {
      "result" : "KILLED",
      "location" : null,
      "hostName" : null,
      "startTime" : 1405435961169,
      "finishTime" : 1405435992919,
      "attemptID" : "attempt_201407031547_2034_m_000034_0",
      "shuffleFinished" : -1,
      "sortFinished" : -1,
      "hdfsBytesRead" : -1,
      "hdfsBytesWritten" : -1,
      "fileBytesRead" : -1,
      "fileBytesWritten" : -1,
      "mapInputRecords" : -1,
      "mapOutputBytes" : -1,
      "mapOutputRecords" : -1,
      "combineInputRecords" : -1,
      "reduceInputGroups" : -1,
      "reduceInputRecords" : -1,
      "reduceShuffleBytes" : -1,
      "reduceOutputRecords" : -1,
      "spilledRecords" : -1,
      "mapInputBytes" : -1,
      "resourceUsageMetrics" : {
        "cumulativeCpuUsage" : 0,
        "virtualMemoryUsage" : 0,
        "physicalMemoryUsage" : 0,
        "heapUsage" : 0
      }
    } ],
    "finishTime" : 1405435981929,
    "preferredLocations" : [ {
      "layers" : [ "default-rack", "192\\.168\\.1\\.103" ]
    }, {
      "layers" : [ "default-rack", "192\\.168\\.1\\.100" ]
    }, {
      "layers" : [ "default-rack", "192\\.168\\.1\\.102" ]
    } ],
    "taskType" : "MAP",
    "taskStatus" : "SUCCESS",
    "taskID" : "task_201407031547_2034_m_000034",
    "inputBytes" : 268439646,
    "inputRecords" : 2684355,
    "outputBytes" : 619863504,
    "outputRecords" : 2684355
  }, {
    "startTime" : 1405435952203,
    "attempts" : [ {
      "result" : "SUCCESS",
      "location" : {
        "layers" : [ "default-rack", "Master1" ]
      },
      "hostName" : "/default-rack/Master1",
      "startTime" : 1405435952204,
      "finishTime" : 1405435981470,
      "attemptID" : "attempt_201407031547_2034_m_000035_0",
      "shuffleFinished" : -1,
      "sortFinished" : -1,
      "hdfsBytesRead" : 268439646,
      "hdfsBytesWritten" : -1,
      "fileBytesRead" : 346149699,
      "fileBytesWritten" : 619863502,
      "mapInputRecords" : 2684355,
      "mapOutputBytes" : 268435500,
      "mapOutputRecords" : 2684355,
      "combineInputRecords" : 0,
      "reduceInputGroups" : -1,
      "reduceInputRecords" : -1,
      "reduceShuffleBytes" : -1,
      "reduceOutputRecords" : -1,
      "spilledRecords" : 6076495,
      "mapInputBytes" : 268435500,
      "resourceUsageMetrics" : {
        "cumulativeCpuUsage" : 7450,
        "virtualMemoryUsage" : 398815232,
        "physicalMemoryUsage" : 182112256,
        "heapUsage" : 159121408
      }
    }, {
      "result" : "KILLED",
      "location" : null,
      "hostName" : null,
      "startTime" : 1405435968010,
      "finishTime" : 1405435981604,
      "attemptID" : "attempt_201407031547_2034_m_000035_1",
      "shuffleFinished" : -1,
      "sortFinished" : -1,
      "hdfsBytesRead" : -1,
      "hdfsBytesWritten" : -1,
      "fileBytesRead" : -1,
      "fileBytesWritten" : -1,
      "mapInputRecords" : -1,
      "mapOutputBytes" : -1,
      "mapOutputRecords" : -1,
      "combineInputRecords" : -1,
      "reduceInputGroups" : -1,
      "reduceInputRecords" : -1,
      "reduceShuffleBytes" : -1,
      "reduceOutputRecords" : -1,
      "spilledRecords" : -1,
      "mapInputBytes" : -1,
      "resourceUsageMetrics" : {
        "cumulativeCpuUsage" : 0,
        "virtualMemoryUsage" : 0,
        "physicalMemoryUsage" : 0,
        "heapUsage" : 0
      }
    } ],
    "finishTime" : 1405435981759,
    "preferredLocations" : [ {
      "layers" : [ "default-rack", "192\\.168\\.1\\.102" ]
    }, {
      "layers" : [ "default-rack", "192\\.168\\.1\\.103" ]
    }, {
      "layers" : [ "default-rack", "192\\.168\\.1\\.100" ]
    } ],
    "taskType" : "MAP",
    "taskStatus" : "SUCCESS",
    "taskID" : "task_201407031547_2034_m_000035",
    "inputBytes" : 268439646,
    "inputRecords" : 2684355,
    "outputBytes" : 619863502,
    "outputRecords" : 2684355
  } ],
  "finishTime" : 1405436074022,
  "reduceTasks" : [ {
    "startTime" : 1405435863129,
    "attempts" : [ {
      "result" : "SUCCESS",
      "location" : {
        "layers" : [ "default-rack", "Master1" ]
      },
      "hostName" : "/default-rack/Master1",
      "startTime" : 1405435863131,
      "finishTime" : 1405436069206,
      "attemptID" : "attempt_201407031547_2034_r_000000_0",
      "shuffleFinished" : 1405435987219,
      "sortFinished" : 1405435987483,
      "hdfsBytesRead" : -1,
      "hdfsBytesWritten" : 1442642000,
      "fileBytesRead" : 1392402534,
      "fileBytesWritten" : 1392462690,
      "mapInputRecords" : -1,
      "mapOutputBytes" : -1,
      "mapOutputRecords" : -1,
      "combineInputRecords" : 0,
      "reduceInputGroups" : 14426420,
      "reduceInputRecords" : 14426420,
      "reduceShuffleBytes" : 1471495068,
      "reduceOutputRecords" : 14426420,
      "spilledRecords" : 13651005,
      "mapInputBytes" : -1,
      "resourceUsageMetrics" : {
        "cumulativeCpuUsage" : 29050,
        "virtualMemoryUsage" : 1161609216,
        "physicalMemoryUsage" : 454885376,
        "heapUsage" : 396886016
      }
    } ],
    "finishTime" : 1405436069496,
    "preferredLocations" : [ ],
    "taskType" : "REDUCE",
    "taskStatus" : "SUCCESS",
    "taskID" : "task_201407031547_2034_r_000000",
    "inputBytes" : 1471495068,
    "inputRecords" : 14426420,
    "outputBytes" : 1442642000,
    "outputRecords" : 14426420
  }, {
    "startTime" : 1405435863165,
    "attempts" : [ {
      "result" : "SUCCESS",
      "location" : {
        "layers" : [ "default-rack", "Slave13" ]
      },
      "hostName" : "/default-rack/Slave13",
      "startTime" : 1405435984542,
      "finishTime" : 1405436035486,
      "attemptID" : "attempt_201407031547_2034_r_000001_1",
      "shuffleFinished" : 1405436010793,
      "sortFinished" : 1405436010835,
      "hdfsBytesRead" : -1,
      "hdfsBytesWritten" : 1427773200,
      "fileBytesRead" : 1143676854,
      "fileBytesWritten" : 1143737012,
      "mapInputRecords" : -1,
      "mapOutputBytes" : -1,
      "mapOutputRecords" : -1,
      "combineInputRecords" : 0,
      "reduceInputGroups" : 14277732,
      "reduceInputRecords" : 14277732,
      "reduceShuffleBytes" : 1456328892,
      "reduceOutputRecords" : 14277732,
      "spilledRecords" : 11212518,
      "mapInputBytes" : -1,
      "resourceUsageMetrics" : {
        "cumulativeCpuUsage" : 27670,
        "virtualMemoryUsage" : 1167212544,
        "physicalMemoryUsage" : 486903808,
        "heapUsage" : 488636416
      }
    }, {
      "result" : "KILLED",
      "location" : null,
      "hostName" : null,
      "startTime" : 1405435872623,
      "finishTime" : 1405436053256,
      "attemptID" : "attempt_201407031547_2034_r_000001_0",
      "shuffleFinished" : -1,
      "sortFinished" : -1,
      "hdfsBytesRead" : -1,
      "hdfsBytesWritten" : -1,
      "fileBytesRead" : -1,
      "fileBytesWritten" : -1,
      "mapInputRecords" : -1,
      "mapOutputBytes" : -1,
      "mapOutputRecords" : -1,
      "combineInputRecords" : -1,
      "reduceInputGroups" : -1,
      "reduceInputRecords" : -1,
      "reduceShuffleBytes" : -1,
      "reduceOutputRecords" : -1,
      "spilledRecords" : -1,
      "mapInputBytes" : -1,
      "resourceUsageMetrics" : {
        "cumulativeCpuUsage" : 0,
        "virtualMemoryUsage" : 0,
        "physicalMemoryUsage" : 0,
        "heapUsage" : 0
      }
    } ],
    "finishTime" : 1405436039943,
    "preferredLocations" : [ ],
    "taskType" : "REDUCE",
    "taskStatus" : "SUCCESS",
    "taskID" : "task_201407031547_2034_r_000001",
    "inputBytes" : 1456328892,
    "inputRecords" : 14277732,
    "outputBytes" : 1427773200,
    "outputRecords" : 14277732
  }, {
    "startTime" : 1405435863205,
    "attempts" : [ {
      "result" : "SUCCESS",
      "location" : {
        "layers" : [ "default-rack", "Slave12" ]
      },
      "hostName" : "/default-rack/Slave12",
      "startTime" : 1405435853909,
      "finishTime" : 1405436049931,
      "attemptID" : "attempt_201407031547_2034_r_000002_0",
      "shuffleFinished" : 1405435977241,
      "sortFinished" : 1405435977293,
      "hdfsBytesRead" : -1,
      "hdfsBytesWritten" : 1430977100,
      "fileBytesRead" : 1420399188,
      "fileBytesWritten" : 1420459345,
      "mapInputRecords" : -1,
      "mapOutputBytes" : -1,
      "mapOutputRecords" : -1,
      "combineInputRecords" : 0,
      "reduceInputGroups" : 14309771,
      "reduceInputRecords" : 14309771,
      "reduceShuffleBytes" : 1459596870,
      "reduceOutputRecords" : 14309771,
      "spilledRecords" : 13925482,
      "mapInputBytes" : -1,
      "resourceUsageMetrics" : {
        "cumulativeCpuUsage" : 28960,
        "virtualMemoryUsage" : 1163493376,
        "physicalMemoryUsage" : 503181312,
        "heapUsage" : 443023360
      }
    } ],
    "finishTime" : 1405436059254,
    "preferredLocations" : [ ],
    "taskType" : "REDUCE",
    "taskStatus" : "SUCCESS",
    "taskID" : "task_201407031547_2034_r_000002",
    "inputBytes" : 1459596870,
    "inputRecords" : 14309771,
    "outputBytes" : 1430977100,
    "outputRecords" : 14309771
  }, {
    "startTime" : 1405435863326,
    "attempts" : [ {
      "result" : "SUCCESS",
      "location" : {
        "layers" : [ "default-rack", "Slave13" ]
      },
      "hostName" : "/default-rack/Slave13",
      "startTime" : 1405435859142,
      "finishTime" : 1405436030885,
      "attemptID" : "attempt_201407031547_2034_r_000003_0",
      "shuffleFinished" : 1405435979313,
      "sortFinished" : 1405435979409,
      "hdfsBytesRead" : -1,
      "hdfsBytesWritten" : 1421968300,
      "fileBytesRead" : 1138751478,
      "fileBytesWritten" : 1138811636,
      "mapInputRecords" : -1,
      "mapOutputBytes" : -1,
      "mapOutputRecords" : -1,
      "combineInputRecords" : 0,
      "reduceInputGroups" : 14219683,
      "reduceInputRecords" : 14219683,
      "reduceShuffleBytes" : 1450407894,
      "reduceOutputRecords" : 14219683,
      "spilledRecords" : 11164230,
      "mapInputBytes" : -1,
      "resourceUsageMetrics" : {
        "cumulativeCpuUsage" : 27320,
        "virtualMemoryUsage" : 1163476992,
        "physicalMemoryUsage" : 564645888,
        "heapUsage" : 503840768
      }
    } ],
    "finishTime" : 1405436035454,
    "preferredLocations" : [ ],
    "taskType" : "REDUCE",
    "taskStatus" : "SUCCESS",
    "taskID" : "task_201407031547_2034_r_000003",
    "inputBytes" : 1450407894,
    "inputRecords" : 14219683,
    "outputBytes" : 1421968300,
    "outputRecords" : 14219683
  }, {
    "startTime" : 1405435863429,
    "attempts" : [ {
      "result" : "SUCCESS",
      "location" : {
        "layers" : [ "default-rack", "Master1" ]
      },
      "hostName" : "/default-rack/Master1",
      "startTime" : 1405435863430,
      "finishTime" : 1405436072390,
      "attemptID" : "attempt_201407031547_2034_r_000004_0",
      "shuffleFinished" : 1405435991286,
      "sortFinished" : 1405435991369,
      "hdfsBytesRead" : -1,
      "hdfsBytesWritten" : 1434775800,
      "fileBytesRead" : 1424150544,
      "fileBytesWritten" : 1424210700,
      "mapInputRecords" : -1,
      "mapOutputBytes" : -1,
      "mapOutputRecords" : -1,
      "combineInputRecords" : 0,
      "reduceInputGroups" : 14347758,
      "reduceInputRecords" : 14347758,
      "reduceShuffleBytes" : 1463471544,
      "reduceOutputRecords" : 14347758,
      "spilledRecords" : 13962260,
      "mapInputBytes" : -1,
      "resourceUsageMetrics" : {
        "cumulativeCpuUsage" : 29020,
        "virtualMemoryUsage" : 1162383360,
        "physicalMemoryUsage" : 454701056,
        "heapUsage" : 393740288
      }
    } ],
    "finishTime" : 1405436072509,
    "preferredLocations" : [ ],
    "taskType" : "REDUCE",
    "taskStatus" : "SUCCESS",
    "taskID" : "task_201407031547_2034_r_000004",
    "inputBytes" : 1463471544,
    "inputRecords" : 14347758,
    "outputBytes" : 1434775800,
    "outputRecords" : 14347758
  }, {
    "startTime" : 1405435863466,
    "attempts" : [ {
      "result" : "SUCCESS",
      "location" : {
        "layers" : [ "default-rack", "Slave11" ]
      },
      "hostName" : "/default-rack/Slave11",
      "startTime" : 1405435872924,
      "finishTime" : 1405436069371,
      "attemptID" : "attempt_201407031547_2034_r_000005_0",
      "shuffleFinished" : 1405435999430,
      "sortFinished" : 1405435999723,
      "hdfsBytesRead" : -1,
      "hdfsBytesWritten" : 1401902800,
      "fileBytesRead" : 1084562346,
      "fileBytesWritten" : 1084622504,
      "mapInputRecords" : -1,
      "mapOutputBytes" : -1,
      "mapOutputRecords" : -1,
      "combineInputRecords" : 0,
      "reduceInputGroups" : 14019028,
      "reduceInputRecords" : 14019028,
      "reduceShuffleBytes" : 1429941084,
      "reduceOutputRecords" : 14019028,
      "spilledRecords" : 10632964,
      "mapInputBytes" : -1,
      "resourceUsageMetrics" : {
        "cumulativeCpuUsage" : 28860,
        "virtualMemoryUsage" : 1162788864,
        "physicalMemoryUsage" : 544018432,
        "heapUsage" : 606076928
      }
    } ],
    "finishTime" : 1405436060011,
    "preferredLocations" : [ ],
    "taskType" : "REDUCE",
    "taskStatus" : "SUCCESS",
    "taskID" : "task_201407031547_2034_r_000005",
    "inputBytes" : 1429941084,
    "inputRecords" : 14019028,
    "outputBytes" : 1401902800,
    "outputRecords" : 14019028
  }, {
    "startTime" : 1405435863506,
    "attempts" : [ {
      "result" : "SUCCESS",
      "location" : {
        "layers" : [ "default-rack", "Slave12" ]
      },
      "hostName" : "/default-rack/Slave12",
      "startTime" : 1405435854210,
      "finishTime" : 1405436049970,
      "attemptID" : "attempt_201407031547_2034_r_000006_0",
      "shuffleFinished" : 1405435977544,
      "sortFinished" : 1405435977583,
      "hdfsBytesRead" : -1,
      "hdfsBytesWritten" : 1439960800,
      "fileBytesRead" : 1390015836,
      "fileBytesWritten" : 1390075993,
      "mapInputRecords" : -1,
      "mapOutputBytes" : -1,
      "mapOutputRecords" : -1,
      "combineInputRecords" : 0,
      "reduceInputGroups" : 14399608,
      "reduceInputRecords" : 14399608,
      "reduceShuffleBytes" : 1468760244,
      "reduceOutputRecords" : 14399608,
      "spilledRecords" : 13627606,
      "mapInputBytes" : -1,
      "resourceUsageMetrics" : {
        "cumulativeCpuUsage" : 28890,
        "virtualMemoryUsage" : 1161699328,
        "physicalMemoryUsage" : 553037824,
        "heapUsage" : 516161536
      }
    } ],
    "finishTime" : 1405436059556,
    "preferredLocations" : [ ],
    "taskType" : "REDUCE",
    "taskStatus" : "SUCCESS",
    "taskID" : "task_201407031547_2034_r_000006",
    "inputBytes" : 1468760244,
    "inputRecords" : 14399608,
    "outputBytes" : 1439960800,
    "outputRecords" : 14399608
  } ],
  "submitTime" : 1405435848175,
  "launchTime" : 1405435848307,
  "totalMaps" : 38,
  "totalReduces" : 7,
  "otherTasks" : [ {
    "startTime" : 1405435848338,
    "attempts" : [ {
      "result" : "SUCCESS",
      "location" : {
        "layers" : [ "default-rack", "Master1" ]
      },
      "hostName" : "/default-rack/Master1",
      "startTime" : 1405435848492,
      "finishTime" : 1405435849463,
      "attemptID" : "attempt_201407031547_2034_m_000039_0",
      "shuffleFinished" : -1,
      "sortFinished" : -1,
      "hdfsBytesRead" : -1,
      "hdfsBytesWritten" : -1,
      "fileBytesRead" : -1,
      "fileBytesWritten" : 60248,
      "mapInputRecords" : -1,
      "mapOutputBytes" : -1,
      "mapOutputRecords" : -1,
      "combineInputRecords" : -1,
      "reduceInputGroups" : -1,
      "reduceInputRecords" : -1,
      "reduceShuffleBytes" : -1,
      "reduceOutputRecords" : -1,
      "spilledRecords" : 0,
      "mapInputBytes" : -1,
      "resourceUsageMetrics" : {
        "cumulativeCpuUsage" : 170,
        "virtualMemoryUsage" : 397205504,
        "physicalMemoryUsage" : 64528384,
        "heapUsage" : 64487424
      }
    } ],
    "finishTime" : 1405435849543,
    "preferredLocations" : [ ],
    "taskType" : "SETUP",
    "taskStatus" : "SUCCESS",
    "taskID" : "task_201407031547_2034_m_000039",
    "inputBytes" : -1,
    "inputRecords" : -1,
    "outputBytes" : -1,
    "outputRecords" : -1
  }, {
    "startTime" : 1405436072511,
    "attempts" : [ {
      "result" : "SUCCESS",
      "location" : {
        "layers" : [ "default-rack", "Master1" ]
      },
      "hostName" : "/default-rack/Master1",
      "startTime" : 1405436072515,
      "finishTime" : 1405436073834,
      "attemptID" : "attempt_201407031547_2034_m_000038_0",
      "shuffleFinished" : -1,
      "sortFinished" : -1,
      "hdfsBytesRead" : -1,
      "hdfsBytesWritten" : -1,
      "fileBytesRead" : -1,
      "fileBytesWritten" : 60248,
      "mapInputRecords" : -1,
      "mapOutputBytes" : -1,
      "mapOutputRecords" : -1,
      "combineInputRecords" : -1,
      "reduceInputGroups" : -1,
      "reduceInputRecords" : -1,
      "reduceShuffleBytes" : -1,
      "reduceOutputRecords" : -1,
      "spilledRecords" : 0,
      "mapInputBytes" : -1,
      "resourceUsageMetrics" : {
        "cumulativeCpuUsage" : 30,
        "virtualMemoryUsage" : 398815232,
        "physicalMemoryUsage" : 178221056,
        "heapUsage" : 158859264
      }
    } ],
    "finishTime" : 1405436074022,
    "preferredLocations" : [ ],
    "taskType" : "CLEANUP",
    "taskStatus" : "SUCCESS",
    "taskID" : "task_201407031547_2034_m_000038",
    "inputBytes" : -1,
    "inputRecords" : -1,
    "outputBytes" : -1,
    "outputRecords" : -1
  } ],
  "queue" : "default",
  "jobProperties" : {
    "fs.s3n.impl" : "org.apache.hadoop.fs.s3native.NativeS3FileSystem",
    "mapred.task.cache.levels" : "2",
    "mapreduce.job.restart.recover" : "true",
    "mapreduce.job.counters.max" : "120",
    "dfs.client.use.datanode.hostname" : "false",
    "hadoop.tmp.dir" : "/tmp/hadoop-${user.name}",
    "hadoop.native.lib" : "true",
    "map.sort.class" : "org.apache.hadoop.util.QuickSort",
    "dfs.namenode.decommission.nodes.per.interval" : "5",
    "dfs.https.need.client.auth" : "false",
    "dfs.datanode.drop.cache.behind.writes" : "false",
    "ipc.client.idlethreshold" : "4000",
    "mapred.system.dir" : "${hadoop.tmp.dir}/mapred/system",
    "dfs.datanode.data.dir.perm" : "755",
    "mapred.job.tracker.persist.jobstatus.hours" : "0",
    "dfs.namenode.logging.level" : "info",
    "dfs.datanode.address" : "0.0.0.0:50010",
    "io.skip.checksum.errors" : "false",
    "dfs.block.access.token.enable" : "false",
    "fs.default.name" : "hdfs://Master1:9000",
    "mapred.cluster.reduce.memory.mb" : "-1",
    "mapred.child.tmp" : "./tmp",
    "fs.har.impl.disable.cache" : "true",
    "dfs.safemode.threshold.pct" : "0.999f",
    "mapred.skip.reduce.max.skip.groups" : "0",
    "mapred.heartbeats.in.second" : "100",
    "dfs.namenode.handler.count" : "10",
    "dfs.blockreport.initialDelay" : "0",
    "mapred.tasktracker.dns.nameserver" : "default",
    "io.sort.factor" : "10",
    "dfs.datanode.drop.cache.behind.reads" : "false",
    "mapred.task.timeout" : "600000",
    "mapred.max.tracker.failures" : "4",
    "hadoop.rpc.socket.factory.class.default" : "org.apache.hadoop.net.StandardSocketFactory",
    "mapred.job.tracker.jobhistory.lru.cache.size" : "5",
    "fs.hdfs.impl" : "org.apache.hadoop.hdfs.DistributedFileSystem",
    "mapred.queue.default.acl-administer-jobs" : "*",
    "dfs.namenode.stale.datanode.interval" : "30000",
    "mapred.output.key.class" : "org.apache.hadoop.io.Text",
    "dfs.block.access.key.update.interval" : "600",
    "mapred.skip.map.auto.incr.proc.count" : "true",
    "mapreduce.job.complete.cancel.delegation.tokens" : "true",
    "io.mapfile.bloom.size" : "1048576",
    "mapreduce.reduce.shuffle.connect.timeout" : "180000",
    "dfs.safemode.extension" : "30000",
    "mapred.jobtracker.blacklist.fault-timeout-window" : "180",
    "dfs.namenode.write.stale.datanode.ratio" : "0.5f",
    "hadoop.skip.worker.version.check" : "false",
    "tasktracker.http.threads" : "40",
    "net.topology.impl" : "org.apache.hadoop.net.NetworkTopology",
    "mapred.job.shuffle.merge.percent" : "0.6",
    "fs.ftp.impl" : "org.apache.hadoop.fs.ftp.FTPFileSystem",
    "user.name" : "itri-hadoop",
    "dfs.namenode.kerberos.internal.spnego.principal" : "${dfs.web.authentication.kerberos.principal}",
    "mapred.output.compress" : "false",
    "io.bytes.per.checksum" : "512",
    "mapred.combine.recordsBeforeProgress" : "10000",
    "mapred.healthChecker.script.timeout" : "600000",
    "mapred.cache.files.filesizes" : "291",
    "topology.node.switch.mapping.impl" : "org.apache.hadoop.net.ScriptBasedMapping",
    "dfs.https.server.keystore.resource" : "ssl-server.xml",
    "mapred.reduce.slowstart.completed.maps" : "0.04",
    "mapred.reduce.max.attempts" : "4",
    "dfs.namenode.safemode.min.datanodes" : "0",
    "mapreduce.ifile.readahead.bytes" : "4194304",
    "fs.ramfs.impl" : "org.apache.hadoop.fs.InMemoryFileSystem",
    "dfs.block.access.token.lifetime" : "600",
    "mapred.skip.map.max.skip.records" : "0",
    "dfs.name.edits.dir" : "${dfs.name.dir}",
    "mapred.cluster.map.memory.mb" : "-1",
    "hadoop.security.group.mapping" : "org.apache.hadoop.security.ShellBasedUnixGroupsMapping",
    "mapred.job.tracker.persist.jobstatus.dir" : "/jobtracker/jobsInfo",
    "mapred.jar" : "hdfs://Master1:9000/tmp/hadoop-itri-hadoop/mapred/staging/itri-hadoop/.staging/job_201407031547_2034/job.jar",
    "fs.s3.buffer.dir" : "${hadoop.tmp.dir}/s3",
    "dfs.block.size" : "67108864",
    "job.end.retry.attempts" : "0",
    "fs.file.impl" : "org.apache.hadoop.fs.LocalFileSystem",
    "dfs.namenode.avoid.write.stale.datanode" : "false",
    "dfs.datanode.max.xcievers" : "4096",
    "mapred.local.dir.minspacestart" : "0",
    "mapred.output.compression.type" : "RECORD",
    "dfs.datanode.ipc.address" : "0.0.0.0:50020",
    "dfs.permissions" : "true",
    "topology.script.number.args" : "100",
    "mapreduce.job.counters.groups.max" : "50",
    "io.mapfile.bloom.error.rate" : "0.005",
    "mapred.cluster.max.reduce.memory.mb" : "-1",
    "mapred.max.tracker.blacklists" : "4",
    "mapred.task.profile.maps" : "0-2",
    "mapred.jobtracker.jobSchedulable" : "org.apache.hadoop.mapred.JobSchedulable",
    "dfs.datanode.https.address" : "0.0.0.0:50475",
    "mapred.userlog.retain.hours" : "24",
    "dfs.secondary.http.address" : "0.0.0.0:50090",
    "dfs.namenode.replication.work.multiplier.per.iteration" : "2",
    "dfs.replication.max" : "512",
    "mapred.job.tracker.persist.jobstatus.active" : "false",
    "hadoop.security.authorization" : "false",
    "local.cache.size" : "10737418240",
    "mapred.min.split.size" : "268435456",
    "dfs.namenode.delegation.token.renew-interval" : "86400000",
    "mapred.map.tasks" : "38",
    "mapred.child.java.opts" : "-Xmx200m",
    "mapred.partitioner.class" : "org.apache.hadoop.examples.terasort.TeraSort$TotalOrderPartitioner",
    "mapred.output.value.class" : "org.apache.hadoop.io.Text",
    "dfs.https.client.keystore.resource" : "ssl-client.xml",
    "ipc.client.fallback-to-simple-auth-allowed" : "false",
    "mapred.job.queue.name" : "default",
    "mapred.job.tracker.retiredjobs.cache.size" : "1000",
    "dfs.https.address" : "0.0.0.0:50470",
    "dfs.balance.bandwidthPerSec" : "1048576",
    "ipc.server.listen.queue.size" : "128",
    "dfs.namenode.invalidate.work.pct.per.iteration" : "0.32f",
    "mapred.inmem.merge.threshold" : "1000",
    "job.end.retry.interval" : "30000",
    "mapred.skip.attempts.to.start.skipping" : "2",
    "mapreduce.tasktracker.outofband.heartbeat.damper" : "1000000",
    "hadoop.security.use-weak-http-crypto" : "false",
    "fs.checkpoint.dir" : "${hadoop.tmp.dir}/dfs/namesecondary",
    "dfs.namenode.avoid.read.stale.datanode" : "false",
    "mapred.reduce.tasks" : "7",
    "mapred.merge.recordsBeforeProgress" : "10000",
    "mapred.userlog.limit.kb" : "0",
    "mapred.job.reduce.memory.mb" : "-1",
    "webinterface.private.actions" : "false",
    "dfs.max.objects" : "0",
    "hadoop.security.token.service.use_ip" : "true",
    "io.sort.spill.percent" : "0.9",
    "mapred.job.shuffle.input.buffer.percent" : "0.7",
    "mapred.map.tasks.speculative.execution" : "true",
    "hadoop.http.authentication.type" : "simple",
    "mapred.job.name" : "TeraSort",
    "hadoop.util.hash.type" : "murmur",
    "dfs.datanode.dns.nameserver" : "default",
    "hadoop.security.instrumentation.requires.admin" : "false",
    "dfs.blockreport.intervalMsec" : "3600000",
    "dfs.datanode.readahead.bytes" : "4193404",
    "mapred.map.max.attempts" : "4",
    "mapreduce.job.acl-view-job" : " ",
    "mapreduce.ifile.readahead" : "true",
    "mapred.jobtracker.nodegroup.aware" : "false",
    "mapred.job.tracker.handler.count" : "10",
    "dfs.client.block.write.retries" : "3",
    "mapred.input.format.class" : "org.apache.hadoop.examples.terasort.TeraInputFormat",
    "mapreduce.reduce.shuffle.read.timeout" : "180000",
    "mapred.tasktracker.expiry.interval" : "600000",
    "dfs.secondary.namenode.kerberos.internal.spnego.principal" : "${dfs.web.authentication.kerberos.principal}",
    "dfs.https.enable" : "false",
    "mapred.jobtracker.job.history.block.size" : "3145728",
    "mapred.jobtracker.maxtasks.per.job" : "-1",
    "keep.failed.task.files" : "false",
    "dfs.datanode.use.datanode.hostname" : "false",
    "mapred.output.format.class" : "org.apache.hadoop.examples.terasort.TeraOutputFormat",
    "dfs.datanode.failed.volumes.tolerated" : "0",
    "ipc.client.tcpnodelay" : "false",
    "mapred.task.profile.reduces" : "0-2",
    "io.map.index.skip" : "0",
    "mapred.output.compression.codec" : "org.apache.hadoop.io.compress.DefaultCodec",
    "hadoop.http.authentication.token.validity" : "36000",
    "ipc.server.tcpnodelay" : "false",
    "hadoop.jetty.logs.serve.aliases" : "true",
    "mapred.working.dir" : "hdfs://Master1:9000/user/itri-hadoop",
    "mapred.jobtracker.blacklist.fault-bucket-width" : "15",
    "dfs.namenode.delegation.key.update-interval" : "86400000",
    "mapred.used.genericoptionsparser" : "true",
    "mapred.job.map.memory.mb" : "-1",
    "dfs.default.chunk.view.size" : "32768",
    "hadoop.logfile.size" : "10000000",
    "mapred.cache.files.timestamps" : "1405435847189",
    "mapred.reduce.tasks.speculative.execution" : "true",
    "mapreduce.tasktracker.outofband.heartbeat" : "false",
    "mapreduce.job.dir" : "hdfs://Master1:9000/tmp/hadoop-itri-hadoop/mapred/staging/itri-hadoop/.staging/job_201407031547_2034",
    "mapreduce.reduce.input.limit" : "-1",
    "dfs.datanode.du.reserved" : "0",
    "dfs.datanode.sync.behind.writes" : "false",
    "hadoop.security.authentication" : "simple",
    "fs.checkpoint.period" : "3600",
    "mapred.job.reuse.jvm.num.tasks" : "12",
    "dfs.web.ugi" : "webuser,webgroup",
    "mapred.jobtracker.completeuserjobs.maximum" : "100",
    "dfs.df.interval" : "60000",
    "mapred.task.tracker.task-controller" : "org.apache.hadoop.mapred.DefaultTaskController",
    "dfs.data.dir" : "${hadoop.tmp.dir}/dfs/data",
    "fs.s3.maxRetries" : "4",
    "dfs.datanode.dns.interface" : "default",
    "mapred.cluster.max.map.memory.mb" : "-1",
    "mapreduce.reduce.shuffle.maxfetchfailures" : "10",
    "mapred.map.child.java.opts" : "-Xmx200M",
    "mapreduce.job.acl-modify-job" : " ",
    "fs.hftp.impl" : "org.apache.hadoop.hdfs.HftpFileSystem",
    "mapred.local.dir" : "${hadoop.tmp.dir}/mapred/local",
    "dfs.permissions.supergroup" : "supergroup",
    "fs.s3.sleepTimeSeconds" : "10",
    "fs.trash.interval" : "0",
    "mapred.submit.replication" : "10",
    "dfs.replication.min" : "1",
    "fs.har.impl" : "org.apache.hadoop.fs.HarFileSystem",
    "hadoop.relaxed.worker.version.check" : "false",
    "mapred.map.output.compression.codec" : "org.apache.hadoop.io.compress.DefaultCodec",
    "mapreduce.job.cache.files.visibilities" : "true",
    "mapred.tasktracker.dns.interface" : "default",
    "dfs.http.address" : "0.0.0.0:50070",
    "dfs.namenode.decommission.interval" : "30",
    "mapred.cache.files" : "hdfs://Master1:9000/tera-in10G/_partition.lst#_partition.lst",
    "mapred.job.tracker" : "Master1:9001",
    "dfs.heartbeat.interval" : "3",
    "hadoop.http.authentication.signature.secret.file" : "${user.home}/hadoop-http-auth-signature-secret",
    "io.seqfile.sorter.recordlimit" : "1000000",
    "mapreduce.job.submithost" : "Master1",
    "dfs.name.dir" : "${hadoop.tmp.dir}/dfs/name",
    "mapred.jobtracker.taskScheduler" : "org.apache.hadoop.mapred.JobQueueTaskScheduler",
    "mapred.line.input.format.linespermap" : "1",
    "mapred.create.symlink" : "yes",
    "dfs.datanode.http.address" : "0.0.0.0:50075",
    "fs.webhdfs.impl" : "org.apache.hadoop.hdfs.web.WebHdfsFileSystem",
    "mapred.local.dir.minspacekill" : "0",
    "dfs.image.transfer.bandwidthPerSec" : "0",
    "dfs.replication.interval" : "3",
    "io.sort.record.percent" : "0.04",
    "hadoop.http.authentication.kerberos.principal" : "HTTP/localhost@LOCALHOST",
    "fs.kfs.impl" : "org.apache.hadoop.fs.kfs.KosmosFileSystem",
    "mapred.tasktracker.reduce.tasks.maximum" : "2",
    "mapred.temp.dir" : "${hadoop.tmp.dir}/mapred/temp",
    "dfs.replication" : "1",
    "fs.checkpoint.edits.dir" : "${fs.checkpoint.dir}",
    "mapreduce.jobhistory.max-age-ms" : "2592000000",
    "mapred.tasktracker.tasks.sleeptime-before-sigkill" : "5000",
    "mapred.job.reduce.input.buffer.percent" : "0.9",
    "mapred.tasktracker.indexcache.mb" : "10",
    "dfs.webhdfs.enabled" : "false",
    "mapreduce.job.split.metainfo.maxsize" : "10000000",
    "hadoop.logfile.count" : "10",
    "mapred.skip.reduce.auto.incr.proc.count" : "true",
    "mapreduce.job.submithostaddress" : "192.168.1.100",
    "terasort.final.sync" : "true",
    "io.seqfile.compress.blocksize" : "1000000",
    "fs.s3.block.size" : "67108864",
    "mapred.tasktracker.taskmemorymanager.monitoring-interval" : "5000",
    "hadoop.http.authentication.simple.anonymous.allowed" : "true",
    "mapreduce.jobtracker.staging.root.dir" : "${hadoop.tmp.dir}/mapred/staging",
    "mapred.acls.enabled" : "false",
    "mapred.queue.default.state" : "RUNNING",
    "mapred.queue.names" : "default",
    "fs.hsftp.impl" : "org.apache.hadoop.hdfs.HsftpFileSystem",
    "dfs.access.time.precision" : "3600000",
    "mapred.task.tracker.http.address" : "0.0.0.0:50060",
    "io.seqfile.lazydecompress" : "true",
    "mapred.reduce.parallel.copies" : "5",
    "mapred.disk.healthChecker.interval" : "60000",
    "mapred.output.dir" : "hdfs://Master1:9000/tera-out",
    "ipc.client.connection.maxidletime" : "10000",
    "io.sort.mb" : "100",
    "mapred.reduce.child.java.opts" : "-Xmx900M",
    "mapred.task.tracker.report.address" : "127.0.0.1:0",
    "hadoop.security.uid.cache.secs" : "14400",
    "mapred.compress.map.output" : "false",
    "ipc.client.kill.max" : "10",
    "mapred.healthChecker.interval" : "60000",
    "ipc.client.connect.max.retries" : "10",
    "fs.s3.impl" : "org.apache.hadoop.fs.s3.S3FileSystem",
    "mapred.user.jobconf.limit" : "5242880",
    "mapreduce.job.counters.group.name.max" : "128",
    "mapred.job.tracker.http.address" : "0.0.0.0:50030",
    "mapred.input.dir" : "hdfs://Master1:9000/tera-in10G",
    "io.file.buffer.size" : "4096",
    "mapred.jobtracker.restart.recover" : "false",
    "io.serializations" : "org.apache.hadoop.io.serializer.WritableSerialization",
    "mapred.task.profile" : "false",
    "dfs.datanode.handler.count" : "3",
    "mapreduce.input.num.files" : "2",
    "mapreduce.jobhistory.cleaner.interval-ms" : "86400000",
    "dfs.replication.considerLoad" : "true",
    "jobclient.output.filter" : "FAILED",
    "dfs.namenode.edits.toleration.length" : "0",
    "hadoop.http.authentication.kerberos.keytab" : "${user.home}/hadoop.keytab",
    "dfs.namenode.delegation.token.max-lifetime" : "604800000",
    "mapred.tasktracker.map.tasks.maximum" : "1",
    "fs.checkpoint.size" : "67108864",
    "io.compression.codecs" : "org.apache.hadoop.io.compress.DefaultCodec,org.apache.hadoop.io.compress.GzipCodec,org.apache.hadoop.io.compress.BZip2Codec,org.apache.hadoop.io.compress.SnappyCodec",
    "mapreduce.job.counters.counter.name.max" : "64"
  },
  "computonsPerMapInputByte" : -1,
  "computonsPerMapOutputByte" : -1,
  "computonsPerReduceInputByte" : -1,
  "computonsPerReduceOutputByte" : -1,
  "heapMegabytes" : 200,
  "outcome" : "SUCCESS",
  "jobtype" : "JAVA",
  "directDependantJobs" : [ ],
  "successfulMapAttemptCDFs" : [ {
    "minimum" : 11694,
    "maximum" : 13290,
    "rankings" : [ {
      "relativeRanking" : 0.05,
      "datum" : 11694
    }, {
      "relativeRanking" : 0.1,
      "datum" : 11694
    }, {
      "relativeRanking" : 0.15,
      "datum" : 11694
    }, {
      "relativeRanking" : 0.2,
      "datum" : 11694
    }, {
      "relativeRanking" : 0.25,
      "datum" : 11694
    }, {
      "relativeRanking" : 0.3,
      "datum" : 11694
    }, {
      "relativeRanking" : 0.35,
      "datum" : 11694
    }, {
      "relativeRanking" : 0.4,
      "datum" : 11694
    }, {
      "relativeRanking" : 0.45,
      "datum" : 11694
    }, {
      "relativeRanking" : 0.5,
      "datum" : 11694
    }, {
      "relativeRanking" : 0.55,
      "datum" : 11694
    }, {
      "relativeRanking" : 0.6,
      "datum" : 11694
    }, {
      "relativeRanking" : 0.65,
      "datum" : 11694
    }, {
      "relativeRanking" : 0.7,
      "datum" : 11694
    }, {
      "relativeRanking" : 0.75,
      "datum" : 11694
    }, {
      "relativeRanking" : 0.8,
      "datum" : 11694
    }, {
      "relativeRanking" : 0.85,
      "datum" : 11694
    }, {
      "relativeRanking" : 0.9,
      "datum" : 11694
    }, {
      "relativeRanking" : 0.95,
      "datum" : 11694
    } ],
    "numberValues" : 2
  }, {
    "minimum" : 13373,
    "maximum" : 45952,
    "rankings" : [ {
      "relativeRanking" : 0.05,
      "datum" : 13373
    }, {
      "relativeRanking" : 0.1,
      "datum" : 13907
    }, {
      "relativeRanking" : 0.15,
      "datum" : 15891
    }, {
      "relativeRanking" : 0.2,
      "datum" : 17455
    }, {
      "relativeRanking" : 0.25,
      "datum" : 18430
    }, {
      "relativeRanking" : 0.3,
      "datum" : 18854
    }, {
      "relativeRanking" : 0.35,
      "datum" : 20202
    }, {
      "relativeRanking" : 0.4,
      "datum" : 21421
    }, {
      "relativeRanking" : 0.45,
      "datum" : 22946
    }, {
      "relativeRanking" : 0.5,
      "datum" : 23383
    }, {
      "relativeRanking" : 0.55,
      "datum" : 24287
    }, {
      "relativeRanking" : 0.6,
      "datum" : 25090
    }, {
      "relativeRanking" : 0.65,
      "datum" : 29266
    }, {
      "relativeRanking" : 0.7,
      "datum" : 31180
    }, {
      "relativeRanking" : 0.75,
      "datum" : 32702
    }, {
      "relativeRanking" : 0.8,
      "datum" : 32727
    }, {
      "relativeRanking" : 0.85,
      "datum" : 34539
    }, {
      "relativeRanking" : 0.9,
      "datum" : 36058
    }, {
      "relativeRanking" : 0.95,
      "datum" : 41841
    } ],
    "numberValues" : 36
  }, {
    "minimum" : -9223372036854775808,
    "maximum" : 9223372036854775807,
    "rankings" : [ ],
    "numberValues" : 0
  }, {
    "minimum" : -9223372036854775808,
    "maximum" : 9223372036854775807,
    "rankings" : [ ],
    "numberValues" : 0
  } ],
  "failedMapAttemptCDFs" : [ {
    "minimum" : -9223372036854775808,
    "maximum" : 9223372036854775807,
    "rankings" : [ ],
    "numberValues" : 0
  }, {
    "minimum" : -9223372036854775808,
    "maximum" : 9223372036854775807,
    "rankings" : [ ],
    "numberValues" : 0
  }, {
    "minimum" : -9223372036854775808,
    "maximum" : 9223372036854775807,
    "rankings" : [ ],
    "numberValues" : 0
  }, {
    "minimum" : -9223372036854775808,
    "maximum" : 9223372036854775807,
    "rankings" : [ ],
    "numberValues" : 0
  } ],
  "successfulReduceAttemptCDF" : {
    "minimum" : 50944,
    "maximum" : 208960,
    "rankings" : [ {
      "relativeRanking" : 0.05,
      "datum" : 50944
    }, {
      "relativeRanking" : 0.1,
      "datum" : 50944
    }, {
      "relativeRanking" : 0.15,
      "datum" : 50944
    }, {
      "relativeRanking" : 0.2,
      "datum" : 50944
    }, {
      "relativeRanking" : 0.25,
      "datum" : 50944
    }, {
      "relativeRanking" : 0.3,
      "datum" : 171743
    }, {
      "relativeRanking" : 0.35,
      "datum" : 171743
    }, {
      "relativeRanking" : 0.4,
      "datum" : 171743
    }, {
      "relativeRanking" : 0.45,
      "datum" : 195760
    }, {
      "relativeRanking" : 0.5,
      "datum" : 195760
    }, {
      "relativeRanking" : 0.55,
      "datum" : 195760
    }, {
      "relativeRanking" : 0.6,
      "datum" : 196022
    }, {
      "relativeRanking" : 0.65,
      "datum" : 196022
    }, {
      "relativeRanking" : 0.7,
      "datum" : 196022
    }, {
      "relativeRanking" : 0.75,
      "datum" : 196447
    }, {
      "relativeRanking" : 0.8,
      "datum" : 196447
    }, {
      "relativeRanking" : 0.85,
      "datum" : 196447
    }, {
      "relativeRanking" : 0.9,
      "datum" : 206075
    }, {
      "relativeRanking" : 0.95,
      "datum" : 206075
    } ],
    "numberValues" : 7
  },
  "failedReduceAttemptCDF" : {
    "minimum" : -9223372036854775808,
    "maximum" : 9223372036854775807,
    "rankings" : [ ],
    "numberValues" : 0
  },
  "mapperTriesToSucceed" : [ 0.9736842105263158, 0.02631578947368421 ],
  "failedMapperFraction" : 0.0,
  "relativeTime" : 0,
  "clusterMapMB" : -1,
  "clusterReduceMB" : -1,
  "jobMapMB" : 200,
  "jobReduceMB" : 200
}