{
  "jobID" : "job_201407031547_1569",
  "user" : "itri-hadoop",
  "jobName" : "TeraSort",
  "failedMapperFraction" : 0.0,
  "relativeTime" : 0,
  "clusterMapMB" : -1,
  "clusterReduceMB" : -1,
  "jobMapMB" : 200,
  "jobReduceMB" : 200,
  "mapTasks" : [ {
    "startTime" : 1405206941266,
    "attempts" : [ {
      "result" : "SUCCESS",
      "startTime" : 1405206933813,
      "finishTime" : 1405206939645,
      "attemptID" : "attempt_201407031547_1569_m_000024_0",
      "shuffleFinished" : -1,
      "sortFinished" : -1,
      "hdfsBytesRead" : 84080989,
      "hdfsBytesWritten" : -1,
      "fileBytesRead" : 85762557,
      "fileBytesWritten" : 171585128,
      "mapInputRecords" : 840808,
      "mapOutputBytes" : 84080800,
      "mapOutputRecords" : 840808,
      "combineInputRecords" : 0,
      "reduceInputGroups" : -1,
      "reduceInputRecords" : -1,
      "reduceShuffleBytes" : -1,
      "reduceOutputRecords" : -1,
      "spilledRecords" : 1681616,
      "mapInputBytes" : 84080800,
      "resourceUsageMetrics" : {
        "cumulativeCpuUsage" : 3660,
        "virtualMemoryUsage" : 1050320896,
        "physicalMemoryUsage" : 273956864,
        "heapUsage" : 283377664
      },
      "location" : {
        "layers" : [ "default-rack", "Slave12" ]
      },
      "hostName" : "/default-rack/Slave12"
    } ],
    "finishTime" : 1405206947295,
    "preferredLocations" : [ {
      "layers" : [ "default-rack", "Master1" ]
    }, {
      "layers" : [ "default-rack", "Slave12" ]
    }, {
      "layers" : [ "default-rack", "Slave11" ]
    } ],
    "taskType" : "MAP",
    "taskStatus" : "SUCCESS",
    "taskID" : "task_201407031547_1569_m_000024",
    "inputBytes" : 84080989,
    "inputRecords" : 840808,
    "outputBytes" : 171585128,
    "outputRecords" : 840808
  }, {
    "startTime" : 1405206941267,
    "attempts" : [ {
      "result" : "SUCCESS",
      "startTime" : 1405206933813,
      "finishTime" : 1405206940568,
      "attemptID" : "attempt_201407031547_1569_m_000025_0",
      "shuffleFinished" : -1,
      "sortFinished" : -1,
      "hdfsBytesRead" : 84080989,
      "hdfsBytesWritten" : -1,
      "fileBytesRead" : 85762557,
      "fileBytesWritten" : 171585128,
      "mapInputRecords" : 840808,
      "mapOutputBytes" : 84080800,
      "mapOutputRecords" : 840808,
      "combineInputRecords" : 0,
      "reduceInputGroups" : -1,
      "reduceInputRecords" : -1,
      "reduceShuffleBytes" : -1,
      "reduceOutputRecords" : -1,
      "spilledRecords" : 1681616,
      "mapInputBytes" : 84080800,
      "resourceUsageMetrics" : {
        "cumulativeCpuUsage" : 3840,
        "virtualMemoryUsage" : 1053294592,
        "physicalMemoryUsage" : 288714752,
        "heapUsage" : 299892736
      },
      "location" : {
        "layers" : [ "default-rack", "Slave12" ]
      },
      "hostName" : "/default-rack/Slave12"
    } ],
    "finishTime" : 1405206948236,
    "preferredLocations" : [ {
      "layers" : [ "default-rack", "Slave13" ]
    }, {
      "layers" : [ "default-rack", "Slave11" ]
    }, {
      "layers" : [ "default-rack", "Slave12" ]
    } ],
    "taskType" : "MAP",
    "taskStatus" : "SUCCESS",
    "taskID" : "task_201407031547_1569_m_000025",
    "inputBytes" : 84080989,
    "inputRecords" : 840808,
    "outputBytes" : 171585128,
    "outputRecords" : 840808
  }, {
    "startTime" : 1405206941292,
    "attempts" : [ {
      "result" : "SUCCESS",
      "startTime" : 1405206937977,
      "finishTime" : 1405206950382,
      "attemptID" : "attempt_201407031547_1569_m_000000_0",
      "shuffleFinished" : -1,
      "sortFinished" : -1,
      "hdfsBytesRead" : 201330781,
      "hdfsBytesWritten" : -1,
      "fileBytesRead" : 205353291,
      "fileBytesWritten" : 410766578,
      "mapInputRecords" : 2013266,
      "mapOutputBytes" : 201326600,
      "mapOutputRecords" : 2013266,
      "combineInputRecords" : 0,
      "reduceInputGroups" : -1,
      "reduceInputRecords" : -1,
      "reduceShuffleBytes" : -1,
      "reduceOutputRecords" : -1,
      "spilledRecords" : 4026532,
      "mapInputBytes" : 201326600,
      "resourceUsageMetrics" : {
        "cumulativeCpuUsage" : 7440,
        "virtualMemoryUsage" : 1049382912,
        "physicalMemoryUsage" : 285573120,
        "heapUsage" : 322174976
      },
      "location" : {
        "layers" : [ "default-rack", "Slave13" ]
      },
      "hostName" : "/default-rack/Slave13"
    } ],
    "finishTime" : 1405206954121,
    "preferredLocations" : [ {
      "layers" : [ "default-rack", "192\\.168\\.1\\.100" ]
    }, {
      "layers" : [ "default-rack", "192\\.168\\.1\\.102" ]
    }, {
      "layers" : [ "default-rack", "192\\.168\\.1\\.103" ]
    } ],
    "taskType" : "MAP",
    "taskStatus" : "SUCCESS",
    "taskID" : "task_201407031547_1569_m_000000",
    "inputBytes" : 201330781,
    "inputRecords" : 2013266,
    "outputBytes" : 410766578,
    "outputRecords" : 2013266
  }, {
    "startTime" : 1405206941292,
    "attempts" : [ {
      "result" : "SUCCESS",
      "startTime" : 1405206937977,
      "finishTime" : 1405206952177,
      "attemptID" : "attempt_201407031547_1569_m_000001_0",
      "shuffleFinished" : -1,
      "sortFinished" : -1,
      "hdfsBytesRead" : 201330781,
      "hdfsBytesWritten" : -1,
      "fileBytesRead" : 205353291,
      "fileBytesWritten" : 410766578,
      "mapInputRecords" : 2013266,
      "mapOutputBytes" : 201326600,
      "mapOutputRecords" : 2013266,
      "combineInputRecords" : 0,
      "reduceInputGroups" : -1,
      "reduceInputRecords" : -1,
      "reduceShuffleBytes" : -1,
      "reduceOutputRecords" : -1,
      "spilledRecords" : 4026532,
      "mapInputBytes" : 201326600,
      "resourceUsageMetrics" : {
        "cumulativeCpuUsage" : 7470,
        "virtualMemoryUsage" : 1050316800,
        "physicalMemoryUsage" : 180056064,
        "heapUsage" : 128712704
      },
      "location" : {
        "layers" : [ "default-rack", "Slave13" ]
      },
      "hostName" : "/default-rack/Slave13"
    } ],
    "finishTime" : 1405206955665,
    "preferredLocations" : [ {
      "layers" : [ "default-rack", "192\\.168\\.1\\.102" ]
    }, {
      "layers" : [ "default-rack", "192\\.168\\.1\\.100" ]
    }, {
      "layers" : [ "default-rack", "192\\.168\\.1\\.103" ]
    } ],
    "taskType" : "MAP",
    "taskStatus" : "SUCCESS",
    "taskID" : "task_201407031547_1569_m_000001",
    "inputBytes" : 201330781,
    "inputRecords" : 2013266,
    "outputBytes" : 410766578,
    "outputRecords" : 2013266
  }, {
    "startTime" : 1405206941341,
    "attempts" : [ {
      "result" : "SUCCESS",
      "startTime" : 1405206941464,
      "finishTime" : 1405206953774,
      "attemptID" : "attempt_201407031547_1569_m_000002_0",
      "shuffleFinished" : -1,
      "sortFinished" : -1,
      "hdfsBytesRead" : 201330781,
      "hdfsBytesWritten" : -1,
      "fileBytesRead" : 205353291,
      "fileBytesWritten" : 410766577,
      "mapInputRecords" : 2013266,
      "mapOutputBytes" : 201326600,
      "mapOutputRecords" : 2013266,
      "combineInputRecords" : 0,
      "reduceInputGroups" : -1,
      "reduceInputRecords" : -1,
      "reduceShuffleBytes" : -1,
      "reduceOutputRecords" : -1,
      "spilledRecords" : 4026532,
      "mapInputBytes" : 201326600,
      "resourceUsageMetrics" : {
        "cumulativeCpuUsage" : 7690,
        "virtualMemoryUsage" : 1050320896,
        "physicalMemoryUsage" : 302764032,
        "heapUsage" : 333971456
      },
      "location" : {
        "layers" : [ "default-rack", "Master1" ]
      },
      "hostName" : "/default-rack/Master1"
    } ],
    "finishTime" : 1405206953923,
    "preferredLocations" : [ {
      "layers" : [ "default-rack", "192\\.168\\.1\\.102" ]
    }, {
      "layers" : [ "default-rack", "192\\.168\\.1\\.100" ]
    }, {
      "layers" : [ "default-rack", "192\\.168\\.1\\.101" ]
    } ],
    "taskType" : "MAP",
    "taskStatus" : "SUCCESS",
    "taskID" : "task_201407031547_1569_m_000002",
    "inputBytes" : 201330781,
    "inputRecords" : 2013266,
    "outputBytes" : 410766577,
    "outputRecords" : 2013266
  }, {
    "startTime" : 1405206941341,
    "attempts" : [ {
      "result" : "SUCCESS",
      "startTime" : 1405206941464,
      "finishTime" : 1405206956325,
      "attemptID" : "attempt_201407031547_1569_m_000003_0",
      "shuffleFinished" : -1,
      "sortFinished" : -1,
      "hdfsBytesRead" : 201330781,
      "hdfsBytesWritten" : -1,
      "fileBytesRead" : 205353291,
      "fileBytesWritten" : 410766577,
      "mapInputRecords" : 2013266,
      "mapOutputBytes" : 201326600,
      "mapOutputRecords" : 2013266,
      "combineInputRecords" : 0,
      "reduceInputGroups" : -1,
      "reduceInputRecords" : -1,
      "reduceShuffleBytes" : -1,
      "reduceOutputRecords" : -1,
      "spilledRecords" : 4026532,
      "mapInputBytes" : 201326600,
      "resourceUsageMetrics" : {
        "cumulativeCpuUsage" : 7610,
        "virtualMemoryUsage" : 1050513408,
        "physicalMemoryUsage" : 286490624,
        "heapUsage" : 322699264
      },
      "location" : {
        "layers" : [ "default-rack", "Master1" ]
      },
      "hostName" : "/default-rack/Master1"
    } ],
    "finishTime" : 1405206956474,
    "preferredLocations" : [ {
      "layers" : [ "default-rack", "192\\.168\\.1\\.100" ]
    }, {
      "layers" : [ "default-rack", "192\\.168\\.1\\.101" ]
    }, {
      "layers" : [ "default-rack", "192\\.168\\.1\\.103" ]
    } ],
    "taskType" : "MAP",
    "taskStatus" : "SUCCESS",
    "taskID" : "task_201407031547_1569_m_000003",
    "inputBytes" : 201330781,
    "inputRecords" : 2013266,
    "outputBytes" : 410766577,
    "outputRecords" : 2013266
  }, {
    "startTime" : 1405206941349,
    "attempts" : [ {
      "result" : "SUCCESS",
      "startTime" : 1405206948822,
      "finishTime" : 1405206960655,
      "attemptID" : "attempt_201407031547_1569_m_000004_0",
      "shuffleFinished" : -1,
      "sortFinished" : -1,
      "hdfsBytesRead" : 201330781,
      "hdfsBytesWritten" : -1,
      "fileBytesRead" : 205353291,
      "fileBytesWritten" : 410766578,
      "mapInputRecords" : 2013266,
      "mapOutputBytes" : 201326600,
      "mapOutputRecords" : 2013266,
      "combineInputRecords" : 0,
      "reduceInputGroups" : -1,
      "reduceInputRecords" : -1,
      "reduceShuffleBytes" : -1,
      "reduceOutputRecords" : -1,
      "spilledRecords" : 4026532,
      "mapInputBytes" : 201326600,
      "resourceUsageMetrics" : {
        "cumulativeCpuUsage" : 7630,
        "virtualMemoryUsage" : 1052160000,
        "physicalMemoryUsage" : 288428032,
        "heapUsage" : 322174976
      },
      "location" : {
        "layers" : [ "default-rack", "Slave11" ]
      },
      "hostName" : "/default-rack/Slave11"
    } ],
    "finishTime" : 1405206953555,
    "preferredLocations" : [ {
      "layers" : [ "default-rack", "192\\.168\\.1\\.100" ]
    }, {
      "layers" : [ "default-rack", "192\\.168\\.1\\.102" ]
    }, {
      "layers" : [ "default-rack", "192\\.168\\.1\\.101" ]
    } ],
    "taskType" : "MAP",
    "taskStatus" : "SUCCESS",
    "taskID" : "task_201407031547_1569_m_000004",
    "inputBytes" : 201330781,
    "inputRecords" : 2013266,
    "outputBytes" : 410766578,
    "outputRecords" : 2013266
  }, {
    "startTime" : 1405206941350,
    "attempts" : [ {
      "result" : "SUCCESS",
      "startTime" : 1405206948822,
      "finishTime" : 1405206961432,
      "attemptID" : "attempt_201407031547_1569_m_000005_0",
      "shuffleFinished" : -1,
      "sortFinished" : -1,
      "hdfsBytesRead" : 201330781,
      "hdfsBytesWritten" : -1,
      "fileBytesRead" : 205353291,
      "fileBytesWritten" : 410766578,
      "mapInputRecords" : 2013266,
      "mapOutputBytes" : 201326600,
      "mapOutputRecords" : 2013266,
      "combineInputRecords" : 0,
      "reduceInputGroups" : -1,
      "reduceInputRecords" : -1,
      "reduceShuffleBytes" : -1,
      "reduceOutputRecords" : -1,
      "spilledRecords" : 4026532,
      "mapInputBytes" : 201326600,
      "resourceUsageMetrics" : {
        "cumulativeCpuUsage" : 7360,
        "virtualMemoryUsage" : 1052418048,
        "physicalMemoryUsage" : 182767616,
        "heapUsage" : 129499136
      },
      "location" : {
        "layers" : [ "default-rack", "Slave11" ]
      },
      "hostName" : "/default-rack/Slave11"
    } ],
    "finishTime" : 1405206954157,
    "preferredLocations" : [ {
      "layers" : [ "default-rack", "192\\.168\\.1\\.100" ]
    }, {
      "layers" : [ "default-rack", "192\\.168\\.1\\.101" ]
    }, {
      "layers" : [ "default-rack", "192\\.168\\.1\\.102" ]
    } ],
    "taskType" : "MAP",
    "taskStatus" : "SUCCESS",
    "taskID" : "task_201407031547_1569_m_000005",
    "inputBytes" : 201330781,
    "inputRecords" : 2013266,
    "outputBytes" : 410766578,
    "outputRecords" : 2013266
  }, {
    "startTime" : 1405206947295,
    "attempts" : [ {
      "result" : "SUCCESS",
      "startTime" : 1405206939841,
      "finishTime" : 1405206974927,
      "attemptID" : "attempt_201407031547_1569_m_000006_0",
      "shuffleFinished" : -1,
      "sortFinished" : -1,
      "hdfsBytesRead" : 201330781,
      "hdfsBytesWritten" : -1,
      "fileBytesRead" : 205353291,
      "fileBytesWritten" : 410766577,
      "mapInputRecords" : 2013266,
      "mapOutputBytes" : 201326600,
      "mapOutputRecords" : 2013266,
      "combineInputRecords" : 0,
      "reduceInputGroups" : -1,
      "reduceInputRecords" : -1,
      "reduceShuffleBytes" : -1,
      "reduceOutputRecords" : -1,
      "spilledRecords" : 4026532,
      "mapInputBytes" : 201326600,
      "resourceUsageMetrics" : {
        "cumulativeCpuUsage" : 6590,
        "virtualMemoryUsage" : 1052180480,
        "physicalMemoryUsage" : 304009216,
        "heapUsage" : 354156544
      },
      "location" : {
        "layers" : [ "default-rack", "Slave12" ]
      },
      "hostName" : "/default-rack/Slave12"
    } ],
    "finishTime" : 1405206982403,
    "preferredLocations" : [ {
      "layers" : [ "default-rack", "192\\.168\\.1\\.101" ]
    }, {
      "layers" : [ "default-rack", "192\\.168\\.1\\.103" ]
    }, {
      "layers" : [ "default-rack", "192\\.168\\.1\\.100" ]
    } ],
    "taskType" : "MAP",
    "taskStatus" : "SUCCESS",
    "taskID" : "task_201407031547_1569_m_000006",
    "inputBytes" : 201330781,
    "inputRecords" : 2013266,
    "outputBytes" : 410766577,
    "outputRecords" : 2013266
  }, {
    "startTime" : 1405206948236,
    "attempts" : [ {
      "result" : "SUCCESS",
      "startTime" : 1405206940904,
      "finishTime" : 1405206955780,
      "attemptID" : "attempt_201407031547_1569_m_000007_0",
      "shuffleFinished" : -1,
      "sortFinished" : -1,
      "hdfsBytesRead" : 201330781,
      "hdfsBytesWritten" : -1,
      "fileBytesRead" : 205353291,
      "fileBytesWritten" : 410766577,
      "mapInputRecords" : 2013266,
      "mapOutputBytes" : 201326600,
      "mapOutputRecords" : 2013266,
      "combineInputRecords" : 0,
      "reduceInputGroups" : -1,
      "reduceInputRecords" : -1,
      "reduceShuffleBytes" : -1,
      "reduceOutputRecords" : -1,
      "spilledRecords" : 4026532,
      "mapInputBytes" : 201326600,
      "resourceUsageMetrics" : {
        "cumulativeCpuUsage" : 5580,
        "virtualMemoryUsage" : 1052909568,
        "physicalMemoryUsage" : 420532224,
        "heapUsage" : 360710144
      },
      "location" : {
        "layers" : [ "default-rack", "Slave12" ]
      },
      "hostName" : "/default-rack/Slave12"
    } ],
    "finishTime" : 1405206963536,
    "preferredLocations" : [ {
      "layers" : [ "default-rack", "192\\.168\\.1\\.102" ]
    }, {
      "layers" : [ "default-rack", "192\\.168\\.1\\.100" ]
    }, {
      "layers" : [ "default-rack", "192\\.168\\.1\\.101" ]
    } ],
    "taskType" : "MAP",
    "taskStatus" : "SUCCESS",
    "taskID" : "task_201407031547_1569_m_000007",
    "inputBytes" : 201330781,
    "inputRecords" : 2013266,
    "outputBytes" : 410766577,
    "outputRecords" : 2013266
  }, {
    "startTime" : 1405206953555,
    "attempts" : [ {
      "result" : "SUCCESS",
      "startTime" : 1405206960908,
      "finishTime" : 1405206972428,
      "attemptID" : "attempt_201407031547_1569_m_000008_0",
      "shuffleFinished" : -1,
      "sortFinished" : -1,
      "hdfsBytesRead" : 201330781,
      "hdfsBytesWritten" : -1,
      "fileBytesRead" : 205353291,
      "fileBytesWritten" : 410766578,
      "mapInputRecords" : 2013266,
      "mapOutputBytes" : 201326600,
      "mapOutputRecords" : 2013266,
      "combineInputRecords" : 0,
      "reduceInputGroups" : -1,
      "reduceInputRecords" : -1,
      "reduceShuffleBytes" : -1,
      "reduceOutputRecords" : -1,
      "spilledRecords" : 4026532,
      "mapInputBytes" : 201326600,
      "resourceUsageMetrics" : {
        "cumulativeCpuUsage" : 5400,
        "virtualMemoryUsage" : 1053872128,
        "physicalMemoryUsage" : 495230976,
        "heapUsage" : 530317312
      },
      "location" : {
        "layers" : [ "default-rack", "Slave11" ]
      },
      "hostName" : "/default-rack/Slave11"
    } ],
    "finishTime" : 1405206965109,
    "preferredLocations" : [ {
      "layers" : [ "default-rack", "192\\.168\\.1\\.100" ]
    }, {
      "layers" : [ "default-rack", "192\\.168\\.1\\.102" ]
    }, {
      "layers" : [ "default-rack", "192\\.168\\.1\\.101" ]
    } ],
    "taskType" : "MAP",
    "taskStatus" : "SUCCESS",
    "taskID" : "task_201407031547_1569_m_000008",
    "inputBytes" : 201330781,
    "inputRecords" : 2013266,
    "outputBytes" : 410766578,
    "outputRecords" : 2013266
  }, {
    "startTime" : 1405206953923,
    "attempts" : [ {
      "result" : "SUCCESS",
      "startTime" : 1405206953924,
      "finishTime" : 1405206966583,
      "attemptID" : "attempt_201407031547_1569_m_000009_0",
      "shuffleFinished" : -1,
      "sortFinished" : -1,
      "hdfsBytesRead" : 201330781,
      "hdfsBytesWritten" : -1,
      "fileBytesRead" : 205353291,
      "fileBytesWritten" : 410766577,
      "mapInputRecords" : 2013266,
      "mapOutputBytes" : 201326600,
      "mapOutputRecords" : 2013266,
      "combineInputRecords" : 0,
      "reduceInputGroups" : -1,
      "reduceInputRecords" : -1,
      "reduceShuffleBytes" : -1,
      "reduceOutputRecords" : -1,
      "spilledRecords" : 4026532,
      "mapInputBytes" : 201326600,
      "resourceUsageMetrics" : {
        "cumulativeCpuUsage" : 5800,
        "virtualMemoryUsage" : 1050984448,
        "physicalMemoryUsage" : 429563904,
        "heapUsage" : 383778816
      },
      "location" : {
        "layers" : [ "default-rack", "Master1" ]
      },
      "hostName" : "/default-rack/Master1"
    } ],
    "finishTime" : 1405206966954,
    "preferredLocations" : [ {
      "layers" : [ "default-rack", "192\\.168\\.1\\.100" ]
    }, {
      "layers" : [ "default-rack", "192\\.168\\.1\\.102" ]
    }, {
      "layers" : [ "default-rack", "192\\.168\\.1\\.101" ]
    } ],
    "taskType" : "MAP",
    "taskStatus" : "SUCCESS",
    "taskID" : "task_201407031547_1569_m_000009",
    "inputBytes" : 201330781,
    "inputRecords" : 2013266,
    "outputBytes" : 410766577,
    "outputRecords" : 2013266
  }, {
    "startTime" : 1405206954121,
    "attempts" : [ {
      "result" : "SUCCESS",
      "startTime" : 1405206950654,
      "finishTime" : 1405206969384,
      "attemptID" : "attempt_201407031547_1569_m_000010_0",
      "shuffleFinished" : -1,
      "sortFinished" : -1,
      "hdfsBytesRead" : 201330781,
      "hdfsBytesWritten" : -1,
      "fileBytesRead" : 205353291,
      "fileBytesWritten" : 410766579,
      "mapInputRecords" : 2013266,
      "mapOutputBytes" : 201326600,
      "mapOutputRecords" : 2013266,
      "combineInputRecords" : 0,
      "reduceInputGroups" : -1,
      "reduceInputRecords" : -1,
      "reduceShuffleBytes" : -1,
      "reduceOutputRecords" : -1,
      "spilledRecords" : 4026532,
      "mapInputBytes" : 201326600,
      "resourceUsageMetrics" : {
        "cumulativeCpuUsage" : 5360,
        "virtualMemoryUsage" : 1050046464,
        "physicalMemoryUsage" : 499789824,
        "heapUsage" : 537657344
      },
      "location" : {
        "layers" : [ "default-rack", "Slave13" ]
      },
      "hostName" : "/default-rack/Slave13"
    } ],
    "finishTime" : 1405206973153,
    "preferredLocations" : [ {
      "layers" : [ "default-rack", "192\\.168\\.1\\.103" ]
    }, {
      "layers" : [ "default-rack", "192\\.168\\.1\\.100" ]
    }, {
      "layers" : [ "default-rack", "192\\.168\\.1\\.101" ]
    } ],
    "taskType" : "MAP",
    "taskStatus" : "SUCCESS",
    "taskID" : "task_201407031547_1569_m_000010",
    "inputBytes" : 201330781,
    "inputRecords" : 2013266,
    "outputBytes" : 410766579,
    "outputRecords" : 2013266
  }, {
    "startTime" : 1405206954157,
    "attempts" : [ {
      "result" : "SUCCESS",
      "startTime" : 1405206961511,
      "finishTime" : 1405206994793,
      "attemptID" : "attempt_201407031547_1569_m_000011_0",
      "shuffleFinished" : -1,
      "sortFinished" : -1,
      "hdfsBytesRead" : 201330781,
      "hdfsBytesWritten" : -1,
      "fileBytesRead" : 205353291,
      "fileBytesWritten" : 410766579,
      "mapInputRecords" : 2013266,
      "mapOutputBytes" : 201326600,
      "mapOutputRecords" : 2013266,
      "combineInputRecords" : 0,
      "reduceInputGroups" : -1,
      "reduceInputRecords" : -1,
      "reduceShuffleBytes" : -1,
      "reduceOutputRecords" : -1,
      "spilledRecords" : 4026532,
      "mapInputBytes" : 201326600,
      "resourceUsageMetrics" : {
        "cumulativeCpuUsage" : 6330,
        "virtualMemoryUsage" : 1053081600,
        "physicalMemoryUsage" : 330694656,
        "heapUsage" : 382992384
      },
      "location" : {
        "layers" : [ "default-rack", "Slave11" ]
      },
      "hostName" : "/default-rack/Slave11"
    } ],
    "finishTime" : 1405206987529,
    "preferredLocations" : [ {
      "layers" : [ "default-rack", "192\\.168\\.1\\.102" ]
    }, {
      "layers" : [ "default-rack", "192\\.168\\.1\\.103" ]
    }, {
      "layers" : [ "default-rack", "192\\.168\\.1\\.100" ]
    } ],
    "taskType" : "MAP",
    "taskStatus" : "SUCCESS",
    "taskID" : "task_201407031547_1569_m_000011",
    "inputBytes" : 201330781,
    "inputRecords" : 2013266,
    "outputBytes" : 410766579,
    "outputRecords" : 2013266
  }, {
    "startTime" : 1405206955665,
    "attempts" : [ {
      "result" : "SUCCESS",
      "startTime" : 1405206952198,
      "finishTime" : 1405206964914,
      "attemptID" : "attempt_201407031547_1569_m_000012_0",
      "shuffleFinished" : -1,
      "sortFinished" : -1,
      "hdfsBytesRead" : 201330781,
      "hdfsBytesWritten" : -1,
      "fileBytesRead" : 205353291,
      "fileBytesWritten" : 410766579,
      "mapInputRecords" : 2013266,
      "mapOutputBytes" : 201326600,
      "mapOutputRecords" : 2013266,
      "combineInputRecords" : 0,
      "reduceInputGroups" : -1,
      "reduceInputRecords" : -1,
      "reduceShuffleBytes" : -1,
      "reduceOutputRecords" : -1,
      "spilledRecords" : 4026532,
      "mapInputBytes" : 201326600,
      "resourceUsageMetrics" : {
        "cumulativeCpuUsage" : 5610,
        "virtualMemoryUsage" : 1051312128,
        "physicalMemoryUsage" : 313122816,
        "heapUsage" : 384040960
      },
      "location" : {
        "layers" : [ "default-rack", "Slave13" ]
      },
      "hostName" : "/default-rack/Slave13"
    } ],
    "finishTime" : 1405206968646,
    "preferredLocations" : [ {
      "layers" : [ "default-rack", "192\\.168\\.1\\.103" ]
    }, {
      "layers" : [ "default-rack", "192\\.168\\.1\\.102" ]
    }, {
      "layers" : [ "default-rack", "192\\.168\\.1\\.101" ]
    } ],
    "taskType" : "MAP",
    "taskStatus" : "SUCCESS",
    "taskID" : "task_201407031547_1569_m_000012",
    "inputBytes" : 201330781,
    "inputRecords" : 2013266,
    "outputBytes" : 410766579,
    "outputRecords" : 2013266
  }, {
    "startTime" : 1405206956474,
    "attempts" : [ {
      "result" : "SUCCESS",
      "startTime" : 1405206956475,
      "finishTime" : 1405206968546,
      "attemptID" : "attempt_201407031547_1569_m_000013_0",
      "shuffleFinished" : -1,
      "sortFinished" : -1,
      "hdfsBytesRead" : 201330781,
      "hdfsBytesWritten" : -1,
      "fileBytesRead" : 205353291,
      "fileBytesWritten" : 410766578,
      "mapInputRecords" : 2013266,
      "mapOutputBytes" : 201326600,
      "mapOutputRecords" : 2013266,
      "combineInputRecords" : 0,
      "reduceInputGroups" : -1,
      "reduceInputRecords" : -1,
      "reduceShuffleBytes" : -1,
      "reduceOutputRecords" : -1,
      "spilledRecords" : 4026532,
      "mapInputBytes" : 201326600,
      "resourceUsageMetrics" : {
        "cumulativeCpuUsage" : 5410,
        "virtualMemoryUsage" : 1051176960,
        "physicalMemoryUsage" : 497438720,
        "heapUsage" : 533987328
      },
      "location" : {
        "layers" : [ "default-rack", "Master1" ]
      },
      "hostName" : "/default-rack/Master1"
    } ],
    "finishTime" : 1405206968680,
    "preferredLocations" : [ {
      "layers" : [ "default-rack", "192\\.168\\.1\\.100" ]
    }, {
      "layers" : [ "default-rack", "192\\.168\\.1\\.103" ]
    }, {
      "layers" : [ "default-rack", "192\\.168\\.1\\.102" ]
    } ],
    "taskType" : "MAP",
    "taskStatus" : "SUCCESS",
    "taskID" : "task_201407031547_1569_m_000013",
    "inputBytes" : 201330781,
    "inputRecords" : 2013266,
    "outputBytes" : 410766578,
    "outputRecords" : 2013266
  }, {
    "startTime" : 1405206963536,
    "attempts" : [ {
      "result" : "SUCCESS",
      "startTime" : 1405206994929,
      "finishTime" : 1405207003600,
      "attemptID" : "attempt_201407031547_1569_m_000014_1",
      "shuffleFinished" : -1,
      "sortFinished" : -1,
      "hdfsBytesRead" : 201330781,
      "hdfsBytesWritten" : -1,
      "fileBytesRead" : 205353291,
      "fileBytesWritten" : 410766579,
      "mapInputRecords" : 2013266,
      "mapOutputBytes" : 201326600,
      "mapOutputRecords" : 2013266,
      "combineInputRecords" : 0,
      "reduceInputGroups" : -1,
      "reduceInputRecords" : -1,
      "reduceShuffleBytes" : -1,
      "reduceOutputRecords" : -1,
      "spilledRecords" : 4026532,
      "mapInputBytes" : 201326600,
      "resourceUsageMetrics" : {
        "cumulativeCpuUsage" : 4940,
        "virtualMemoryUsage" : 1051312128,
        "physicalMemoryUsage" : 533041152,
        "heapUsage" : 621281280
      },
      "location" : {
        "layers" : [ "default-rack", "Slave13" ]
      },
      "hostName" : "/default-rack/Slave13"
    }, {
      "result" : "KILLED",
      "startTime" : 1405206956134,
      "finishTime" : 1405207000043,
      "attemptID" : "attempt_201407031547_1569_m_000014_0",
      "shuffleFinished" : -1,
      "sortFinished" : -1,
      "hdfsBytesRead" : -1,
      "hdfsBytesWritten" : -1,
      "fileBytesRead" : -1,
      "fileBytesWritten" : -1,
      "mapInputRecords" : -1,
      "mapOutputBytes" : -1,
      "mapOutputRecords" : -1,
      "combineInputRecords" : -1,
      "reduceInputGroups" : -1,
      "reduceInputRecords" : -1,
      "reduceShuffleBytes" : -1,
      "reduceOutputRecords" : -1,
      "spilledRecords" : -1,
      "mapInputBytes" : -1,
      "resourceUsageMetrics" : {
        "cumulativeCpuUsage" : 0,
        "virtualMemoryUsage" : 0,
        "physicalMemoryUsage" : 0,
        "heapUsage" : 0
      },
      "location" : null,
      "hostName" : null
    } ],
    "finishTime" : 1405207007370,
    "preferredLocations" : [ {
      "layers" : [ "default-rack", "192\\.168\\.1\\.101" ]
    }, {
      "layers" : [ "default-rack", "192\\.168\\.1\\.103" ]
    }, {
      "layers" : [ "default-rack", "192\\.168\\.1\\.100" ]
    } ],
    "taskType" : "MAP",
    "taskStatus" : "SUCCESS",
    "taskID" : "task_201407031547_1569_m_000014",
    "inputBytes" : 201330781,
    "inputRecords" : 2013266,
    "outputBytes" : 410766579,
    "outputRecords" : 2013266
  }, {
    "startTime" : 1405206965109,
    "attempts" : [ {
      "result" : "SUCCESS",
      "startTime" : 1405206972462,
      "finishTime" : 1405206980212,
      "attemptID" : "attempt_201407031547_1569_m_000015_0",
      "shuffleFinished" : -1,
      "sortFinished" : -1,
      "hdfsBytesRead" : 201330781,
      "hdfsBytesWritten" : -1,
      "fileBytesRead" : 205353291,
      "fileBytesWritten" : 410766579,
      "mapInputRecords" : 2013266,
      "mapOutputBytes" : 201326600,
      "mapOutputRecords" : 2013266,
      "combineInputRecords" : 0,
      "reduceInputGroups" : -1,
      "reduceInputRecords" : -1,
      "reduceShuffleBytes" : -1,
      "reduceOutputRecords" : -1,
      "spilledRecords" : 4026532,
      "mapInputBytes" : 201326600,
      "resourceUsageMetrics" : {
        "cumulativeCpuUsage" : 4840,
        "virtualMemoryUsage" : 1053872128,
        "physicalMemoryUsage" : 293113856,
        "heapUsage" : 360185856
      },
      "location" : {
        "layers" : [ "default-rack", "Slave11" ]
      },
      "hostName" : "/default-rack/Slave11"
    } ],
    "finishTime" : 1405206972959,
    "preferredLocations" : [ {
      "layers" : [ "default-rack", "192\\.168\\.1\\.101" ]
    }, {
      "layers" : [ "default-rack", "192\\.168\\.1\\.103" ]
    }, {
      "layers" : [ "default-rack", "192\\.168\\.1\\.100" ]
    } ],
    "taskType" : "MAP",
    "taskStatus" : "SUCCESS",
    "taskID" : "task_201407031547_1569_m_000015",
    "inputBytes" : 201330781,
    "inputRecords" : 2013266,
    "outputBytes" : 410766579,
    "outputRecords" : 2013266
  }, {
    "startTime" : 1405206966954,
    "attempts" : [ {
      "result" : "SUCCESS",
      "startTime" : 1405206966955,
      "finishTime" : 1405206976353,
      "attemptID" : "attempt_201407031547_1569_m_000016_0",
      "shuffleFinished" : -1,
      "sortFinished" : -1,
      "hdfsBytesRead" : 201330781,
      "hdfsBytesWritten" : -1,
      "fileBytesRead" : 205353291,
      "fileBytesWritten" : 410766578,
      "mapInputRecords" : 2013266,
      "mapOutputBytes" : 201326600,
      "mapOutputRecords" : 2013266,
      "combineInputRecords" : 0,
      "reduceInputGroups" : -1,
      "reduceInputRecords" : -1,
      "reduceShuffleBytes" : -1,
      "reduceOutputRecords" : -1,
      "spilledRecords" : 4026532,
      "mapInputBytes" : 201326600,
      "resourceUsageMetrics" : {
        "cumulativeCpuUsage" : 5100,
        "virtualMemoryUsage" : 1050984448,
        "physicalMemoryUsage" : 529530880,
        "heapUsage" : 585367552
      },
      "location" : {
        "layers" : [ "default-rack", "Master1" ]
      },
      "hostName" : "/default-rack/Master1"
    } ],
    "finishTime" : 1405206976401,
    "preferredLocations" : [ {
      "layers" : [ "default-rack", "192\\.168\\.1\\.101" ]
    }, {
      "layers" : [ "default-rack", "192\\.168\\.1\\.100" ]
    }, {
      "layers" : [ "default-rack", "192\\.168\\.1\\.103" ]
    } ],
    "taskType" : "MAP",
    "taskStatus" : "SUCCESS",
    "taskID" : "task_201407031547_1569_m_000016",
    "inputBytes" : 201330781,
    "inputRecords" : 2013266,
    "outputBytes" : 410766578,
    "outputRecords" : 2013266
  }, {
    "startTime" : 1405206968646,
    "attempts" : [ {
      "result" : "SUCCESS",
      "startTime" : 1405206965179,
      "finishTime" : 1405206978455,
      "attemptID" : "attempt_201407031547_1569_m_000017_0",
      "shuffleFinished" : -1,
      "sortFinished" : -1,
      "hdfsBytesRead" : 201330781,
      "hdfsBytesWritten" : -1,
      "fileBytesRead" : 205353291,
      "fileBytesWritten" : 410766579,
      "mapInputRecords" : 2013266,
      "mapOutputBytes" : 201326600,
      "mapOutputRecords" : 2013266,
      "combineInputRecords" : 0,
      "reduceInputGroups" : -1,
      "reduceInputRecords" : -1,
      "reduceShuffleBytes" : -1,
      "reduceOutputRecords" : -1,
      "spilledRecords" : 4026532,
      "mapInputBytes" : 201326600,
      "resourceUsageMetrics" : {
        "cumulativeCpuUsage" : 5270,
        "virtualMemoryUsage" : 1051312128,
        "physicalMemoryUsage" : 539267072,
        "heapUsage" : 592969728
      },
      "location" : {
        "layers" : [ "default-rack", "Slave13" ]
      },
      "hostName" : "/default-rack/Slave13"
    } ],
    "finishTime" : 1405206982122,
    "preferredLocations" : [ {
      "layers" : [ "default-rack", "192\\.168\\.1\\.100" ]
    }, {
      "layers" : [ "default-rack", "192\\.168\\.1\\.103" ]
    }, {
      "layers" : [ "default-rack", "192\\.168\\.1\\.101" ]
    } ],
    "taskType" : "MAP",
    "taskStatus" : "SUCCESS",
    "taskID" : "task_201407031547_1569_m_000017",
    "inputBytes" : 201330781,
    "inputRecords" : 2013266,
    "outputBytes" : 410766579,
    "outputRecords" : 2013266
  }, {
    "startTime" : 1405206968680,
    "attempts" : [ {
      "result" : "SUCCESS",
      "startTime" : 1405206968681,
      "finishTime" : 1405207002770,
      "attemptID" : "attempt_201407031547_1569_m_000018_0",
      "shuffleFinished" : -1,
      "sortFinished" : -1,
      "hdfsBytesRead" : 201330781,
      "hdfsBytesWritten" : -1,
      "fileBytesRead" : 205353291,
      "fileBytesWritten" : 410766578,
      "mapInputRecords" : 2013266,
      "mapOutputBytes" : 201326600,
      "mapOutputRecords" : 2013266,
      "combineInputRecords" : 0,
      "reduceInputGroups" : -1,
      "reduceInputRecords" : -1,
      "reduceShuffleBytes" : -1,
      "reduceOutputRecords" : -1,
      "spilledRecords" : 4026532,
      "mapInputBytes" : 201326600,
      "resourceUsageMetrics" : {
        "cumulativeCpuUsage" : 6150,
        "virtualMemoryUsage" : 1051176960,
        "physicalMemoryUsage" : 319565824,
        "heapUsage" : 363855872
      },
      "location" : {
        "layers" : [ "default-rack", "Master1" ]
      },
      "hostName" : "/default-rack/Master1"
    }, {
      "result" : "KILLED",
      "startTime" : 1405207005867,
      "finishTime" : 1405207011938,
      "attemptID" : "attempt_201407031547_1569_m_000018_1",
      "shuffleFinished" : -1,
      "sortFinished" : -1,
      "hdfsBytesRead" : -1,
      "hdfsBytesWritten" : -1,
      "fileBytesRead" : -1,
      "fileBytesWritten" : -1,
      "mapInputRecords" : -1,
      "mapOutputBytes" : -1,
      "mapOutputRecords" : -1,
      "combineInputRecords" : -1,
      "reduceInputGroups" : -1,
      "reduceInputRecords" : -1,
      "reduceShuffleBytes" : -1,
      "reduceOutputRecords" : -1,
      "spilledRecords" : -1,
      "mapInputBytes" : -1,
      "resourceUsageMetrics" : {
        "cumulativeCpuUsage" : 0,
        "virtualMemoryUsage" : 0,
        "physicalMemoryUsage" : 0,
        "heapUsage" : 0
      },
      "location" : null,
      "hostName" : null
    } ],
    "finishTime" : 1405207003072,
    "preferredLocations" : [ {
      "layers" : [ "default-rack", "192\\.168\\.1\\.102" ]
    }, {
      "layers" : [ "default-rack", "192\\.168\\.1\\.103" ]
    }, {
      "layers" : [ "default-rack", "192\\.168\\.1\\.101" ]
    } ],
    "taskType" : "MAP",
    "taskStatus" : "SUCCESS",
    "taskID" : "task_201407031547_1569_m_000018",
    "inputBytes" : 201330781,
    "inputRecords" : 2013266,
    "outputBytes" : 410766578,
    "outputRecords" : 2013266
  }, {
    "startTime" : 1405206972960,
    "attempts" : [ {
      "result" : "SUCCESS",
      "startTime" : 1405206980313,
      "finishTime" : 1405206996629,
      "attemptID" : "attempt_201407031547_1569_m_000019_0",
      "shuffleFinished" : -1,
      "sortFinished" : -1,
      "hdfsBytesRead" : 201330781,
      "hdfsBytesWritten" : -1,
      "fileBytesRead" : 205353291,
      "fileBytesWritten" : 410766579,
      "mapInputRecords" : 2013266,
      "mapOutputBytes" : 201326600,
      "mapOutputRecords" : 2013266,
      "combineInputRecords" : 0,
      "reduceInputGroups" : -1,
      "reduceInputRecords" : -1,
      "reduceShuffleBytes" : -1,
      "reduceOutputRecords" : -1,
      "spilledRecords" : 4026532,
      "mapInputBytes" : 201326600,
      "resourceUsageMetrics" : {
        "cumulativeCpuUsage" : 5400,
        "virtualMemoryUsage" : 1054203904,
        "physicalMemoryUsage" : 520855552,
        "heapUsage" : 575406080
      },
      "location" : {
        "layers" : [ "default-rack", "Slave11" ]
      },
      "hostName" : "/default-rack/Slave11"
    } ],
    "finishTime" : 1405206989446,
    "preferredLocations" : [ {
      "layers" : [ "default-rack", "192\\.168\\.1\\.103" ]
    }, {
      "layers" : [ "default-rack", "192\\.168\\.1\\.102" ]
    }, {
      "layers" : [ "default-rack", "192\\.168\\.1\\.101" ]
    } ],
    "taskType" : "MAP",
    "taskStatus" : "SUCCESS",
    "taskID" : "task_201407031547_1569_m_000019",
    "inputBytes" : 201330781,
    "inputRecords" : 2013266,
    "outputBytes" : 410766579,
    "outputRecords" : 2013266
  }, {
    "startTime" : 1405206973154,
    "attempts" : [ {
      "result" : "SUCCESS",
      "startTime" : 1405206969686,
      "finishTime" : 1405206981901,
      "attemptID" : "attempt_201407031547_1569_m_000020_0",
      "shuffleFinished" : -1,
      "sortFinished" : -1,
      "hdfsBytesRead" : 201330781,
      "hdfsBytesWritten" : -1,
      "fileBytesRead" : 205353291,
      "fileBytesWritten" : 410766579,
      "mapInputRecords" : 2013266,
      "mapOutputBytes" : 201326600,
      "mapOutputRecords" : 2013266,
      "combineInputRecords" : 0,
      "reduceInputGroups" : -1,
      "reduceInputRecords" : -1,
      "reduceShuffleBytes" : -1,
      "reduceOutputRecords" : -1,
      "spilledRecords" : 4026532,
      "mapInputBytes" : 201326600,
      "resourceUsageMetrics" : {
        "cumulativeCpuUsage" : 5140,
        "virtualMemoryUsage" : 1050046464,
        "physicalMemoryUsage" : 306741248,
        "heapUsage" : 359137280
      },
      "location" : {
        "layers" : [ "default-rack", "Slave13" ]
      },
      "hostName" : "/default-rack/Slave13"
    } ],
    "finishTime" : 1405206985652,
    "preferredLocations" : [ {
      "layers" : [ "default-rack", "192\\.168\\.1\\.103" ]
    }, {
      "layers" : [ "default-rack", "192\\.168\\.1\\.100" ]
    }, {
      "layers" : [ "default-rack", "192\\.168\\.1\\.102" ]
    } ],
    "taskType" : "MAP",
    "taskStatus" : "SUCCESS",
    "taskID" : "task_201407031547_1569_m_000020",
    "inputBytes" : 201330781,
    "inputRecords" : 2013266,
    "outputBytes" : 410766579,
    "outputRecords" : 2013266
  }, {
    "startTime" : 1405206976402,
    "attempts" : [ {
      "result" : "SUCCESS",
      "startTime" : 1405206976404,
      "finishTime" : 1405206998361,
      "attemptID" : "attempt_201407031547_1569_m_000021_0",
      "shuffleFinished" : -1,
      "sortFinished" : -1,
      "hdfsBytesRead" : 201330781,
      "hdfsBytesWritten" : -1,
      "fileBytesRead" : 205353291,
      "fileBytesWritten" : 410766578,
      "mapInputRecords" : 2013266,
      "mapOutputBytes" : 201326600,
      "mapOutputRecords" : 2013266,
      "combineInputRecords" : 0,
      "reduceInputGroups" : -1,
      "reduceInputRecords" : -1,
      "reduceShuffleBytes" : -1,
      "reduceOutputRecords" : -1,
      "spilledRecords" : 4026532,
      "mapInputBytes" : 201326600,
      "resourceUsageMetrics" : {
        "cumulativeCpuUsage" : 5670,
        "virtualMemoryUsage" : 1050984448,
        "physicalMemoryUsage" : 322195456,
        "heapUsage" : 417857536
      },
      "location" : {
        "layers" : [ "default-rack", "Master1" ]
      },
      "hostName" : "/default-rack/Master1"
    } ],
    "finishTime" : 1405206998696,
    "preferredLocations" : [ {
      "layers" : [ "default-rack", "192\\.168\\.1\\.101" ]
    }, {
      "layers" : [ "default-rack", "192\\.168\\.1\\.103" ]
    }, {
      "layers" : [ "default-rack", "192\\.168\\.1\\.102" ]
    } ],
    "taskType" : "MAP",
    "taskStatus" : "SUCCESS",
    "taskID" : "task_201407031547_1569_m_000021",
    "inputBytes" : 201330781,
    "inputRecords" : 2013266,
    "outputBytes" : 410766578,
    "outputRecords" : 2013266
  }, {
    "startTime" : 1405206982123,
    "attempts" : [ {
      "result" : "SUCCESS",
      "startTime" : 1405206978655,
      "finishTime" : 1405206989770,
      "attemptID" : "attempt_201407031547_1569_m_000022_0",
      "shuffleFinished" : -1,
      "sortFinished" : -1,
      "hdfsBytesRead" : 201330781,
      "hdfsBytesWritten" : -1,
      "fileBytesRead" : 205353291,
      "fileBytesWritten" : 410766579,
      "mapInputRecords" : 2013266,
      "mapOutputBytes" : 201326600,
      "mapOutputRecords" : 2013266,
      "combineInputRecords" : 0,
      "reduceInputGroups" : -1,
      "reduceInputRecords" : -1,
      "reduceShuffleBytes" : -1,
      "reduceOutputRecords" : -1,
      "spilledRecords" : 4026532,
      "mapInputBytes" : 201326600,
      "resourceUsageMetrics" : {
        "cumulativeCpuUsage" : 5120,
        "virtualMemoryUsage" : 1051312128,
        "physicalMemoryUsage" : 330547200,
        "heapUsage" : 419692544
      },
      "location" : {
        "layers" : [ "default-rack", "Slave13" ]
      },
      "hostName" : "/default-rack/Slave13"
    } ],
    "finishTime" : 1405206993258,
    "preferredLocations" : [ {
      "layers" : [ "default-rack", "192\\.168\\.1\\.102" ]
    }, {
      "layers" : [ "default-rack", "192\\.168\\.1\\.103" ]
    }, {
      "layers" : [ "default-rack", "192\\.168\\.1\\.100" ]
    } ],
    "taskType" : "MAP",
    "taskStatus" : "SUCCESS",
    "taskID" : "task_201407031547_1569_m_000022",
    "inputBytes" : 201330781,
    "inputRecords" : 2013266,
    "outputBytes" : 410766579,
    "outputRecords" : 2013266
  }, {
    "startTime" : 1405206982403,
    "attempts" : [ {
      "result" : "SUCCESS",
      "startTime" : 1405207003076,
      "finishTime" : 1405207010435,
      "attemptID" : "attempt_201407031547_1569_m_000023_1",
      "shuffleFinished" : -1,
      "sortFinished" : -1,
      "hdfsBytesRead" : 201330781,
      "hdfsBytesWritten" : -1,
      "fileBytesRead" : 205353291,
      "fileBytesWritten" : 410766578,
      "mapInputRecords" : 2013266,
      "mapOutputBytes" : 201326600,
      "mapOutputRecords" : 2013266,
      "combineInputRecords" : 0,
      "reduceInputGroups" : -1,
      "reduceInputRecords" : -1,
      "reduceShuffleBytes" : -1,
      "reduceOutputRecords" : -1,
      "spilledRecords" : 4026532,
      "mapInputBytes" : 201326600,
      "resourceUsageMetrics" : {
        "cumulativeCpuUsage" : 5140,
        "virtualMemoryUsage" : 1051455488,
        "physicalMemoryUsage" : 522694656,
        "heapUsage" : 581959680
      },
      "location" : {
        "layers" : [ "default-rack", "Master1" ]
      },
      "hostName" : "/default-rack/Master1"
    }, {
      "result" : "KILLED",
      "startTime" : 1405206974950,
      "finishTime" : 1405207005386,
      "attemptID" : "attempt_201407031547_1569_m_000023_0",
      "shuffleFinished" : -1,
      "sortFinished" : -1,
      "hdfsBytesRead" : -1,
      "hdfsBytesWritten" : -1,
      "fileBytesRead" : -1,
      "fileBytesWritten" : -1,
      "mapInputRecords" : -1,
      "mapOutputBytes" : -1,
      "mapOutputRecords" : -1,
      "combineInputRecords" : -1,
      "reduceInputGroups" : -1,
      "reduceInputRecords" : -1,
      "reduceShuffleBytes" : -1,
      "reduceOutputRecords" : -1,
      "spilledRecords" : -1,
      "mapInputBytes" : -1,
      "resourceUsageMetrics" : {
        "cumulativeCpuUsage" : 0,
        "virtualMemoryUsage" : 0,
        "physicalMemoryUsage" : 0,
        "heapUsage" : 0
      },
      "location" : null,
      "hostName" : null
    } ],
    "finishTime" : 1405207010550,
    "preferredLocations" : [ {
      "layers" : [ "default-rack", "192\\.168\\.1\\.103" ]
    }, {
      "layers" : [ "default-rack", "192\\.168\\.1\\.100" ]
    }, {
      "layers" : [ "default-rack", "192\\.168\\.1\\.102" ]
    } ],
    "taskType" : "MAP",
    "taskStatus" : "SUCCESS",
    "taskID" : "task_201407031547_1569_m_000023",
    "inputBytes" : 201330781,
    "inputRecords" : 2013266,
    "outputBytes" : 410766578,
    "outputRecords" : 2013266
  } ],
  "finishTime" : 1405207280667,
  "reduceTasks" : [ {
    "startTime" : 1405206948237,
    "attempts" : [ {
      "result" : "SUCCESS",
      "startTime" : 1405206940904,
      "finishTime" : 1405207271448,
      "attemptID" : "attempt_201407031547_1569_r_000000_0",
      "shuffleFinished" : 1405207058924,
      "sortFinished" : 1405207076870,
      "hdfsBytesRead" : -1,
      "hdfsBytesWritten" : 5000000000,
      "fileBytesRead" : 8214125436,
      "fileBytesWritten" : 8214185590,
      "mapInputRecords" : -1,
      "mapOutputBytes" : -1,
      "mapOutputRecords" : -1,
      "combineInputRecords" : 0,
      "reduceInputGroups" : 50000000,
      "reduceInputRecords" : 50000000,
      "reduceShuffleBytes" : 5100000156,
      "reduceOutputRecords" : 50000000,
      "spilledRecords" : 80530640,
      "mapInputBytes" : -1,
      "resourceUsageMetrics" : {
        "cumulativeCpuUsage" : 82550,
        "virtualMemoryUsage" : 948191232,
        "physicalMemoryUsage" : 243007488,
        "heapUsage" : 229113856
      },
      "location" : {
        "layers" : [ "default-rack", "Slave12" ]
      },
      "hostName" : "/default-rack/Slave12"
    } ],
    "finishTime" : 1405207279155,
    "preferredLocations" : [ ],
    "taskType" : "REDUCE",
    "taskStatus" : "SUCCESS",
    "taskID" : "task_201407031547_1569_r_000000",
    "inputBytes" : 5100000156,
    "inputRecords" : 50000000,
    "outputBytes" : 5000000000,
    "outputRecords" : 50000000
  } ],
  "submitTime" : 1405206938193,
  "launchTime" : 1405206938343,
  "totalMaps" : 26,
  "totalReduces" : 1,
  "otherTasks" : [ {
    "startTime" : 1405206938538,
    "attempts" : [ {
      "result" : "SUCCESS",
      "startTime" : 1405206931403,
      "finishTime" : 1405206933783,
      "attemptID" : "attempt_201407031547_1569_m_000027_0",
      "shuffleFinished" : -1,
      "sortFinished" : -1,
      "hdfsBytesRead" : -1,
      "hdfsBytesWritten" : -1,
      "fileBytesRead" : -1,
      "fileBytesWritten" : 60246,
      "mapInputRecords" : -1,
      "mapOutputBytes" : -1,
      "mapOutputRecords" : -1,
      "combineInputRecords" : -1,
      "reduceInputGroups" : -1,
      "reduceInputRecords" : -1,
      "reduceShuffleBytes" : -1,
      "reduceOutputRecords" : -1,
      "spilledRecords" : 0,
      "mapInputBytes" : -1,
      "resourceUsageMetrics" : {
        "cumulativeCpuUsage" : 80,
        "virtualMemoryUsage" : 1049104384,
        "physicalMemoryUsage" : 62771200,
        "heapUsage" : 64487424
      },
      "location" : {
        "layers" : [ "default-rack", "Slave12" ]
      },
      "hostName" : "/default-rack/Slave12"
    } ],
    "finishTime" : 1405206941263,
    "preferredLocations" : [ ],
    "taskType" : "SETUP",
    "taskStatus" : "SUCCESS",
    "taskID" : "task_201407031547_1569_m_000027",
    "inputBytes" : -1,
    "inputRecords" : -1,
    "outputBytes" : -1,
    "outputRecords" : -1
  }, {
    "startTime" : 1405207279157,
    "attempts" : [ {
      "result" : "SUCCESS",
      "startTime" : 1405207271732,
      "finishTime" : 1405207272926,
      "attemptID" : "attempt_201407031547_1569_m_000026_0",
      "shuffleFinished" : -1,
      "sortFinished" : -1,
      "hdfsBytesRead" : -1,
      "hdfsBytesWritten" : -1,
      "fileBytesRead" : -1,
      "fileBytesWritten" : 60246,
      "mapInputRecords" : -1,
      "mapOutputBytes" : -1,
      "mapOutputRecords" : -1,
      "combineInputRecords" : -1,
      "reduceInputGroups" : -1,
      "reduceInputRecords" : -1,
      "reduceShuffleBytes" : -1,
      "reduceOutputRecords" : -1,
      "spilledRecords" : 0,
      "mapInputBytes" : -1,
      "resourceUsageMetrics" : {
        "cumulativeCpuUsage" : 20,
        "virtualMemoryUsage" : 1050615808,
        "physicalMemoryUsage" : 65495040,
        "heapUsage" : 64487424
      },
      "location" : {
        "layers" : [ "default-rack", "Slave12" ]
      },
      "hostName" : "/default-rack/Slave12"
    } ],
    "finishTime" : 1405207280666,
    "preferredLocations" : [ ],
    "taskType" : "CLEANUP",
    "taskStatus" : "SUCCESS",
    "taskID" : "task_201407031547_1569_m_000026",
    "inputBytes" : -1,
    "inputRecords" : -1,
    "outputBytes" : -1,
    "outputRecords" : -1
  } ],
  "queue" : "default",
  "jobProperties" : {
    "fs.s3n.impl" : "org.apache.hadoop.fs.s3native.NativeS3FileSystem",
    "mapred.task.cache.levels" : "2",
    "mapreduce.job.restart.recover" : "true",
    "mapreduce.job.counters.max" : "120",
    "dfs.client.use.datanode.hostname" : "false",
    "hadoop.tmp.dir" : "/tmp/hadoop-${user.name}",
    "hadoop.native.lib" : "true",
    "map.sort.class" : "org.apache.hadoop.util.QuickSort",
    "dfs.namenode.decommission.nodes.per.interval" : "5",
    "dfs.https.need.client.auth" : "false",
    "dfs.datanode.drop.cache.behind.writes" : "false",
    "ipc.client.idlethreshold" : "4000",
    "mapred.system.dir" : "${hadoop.tmp.dir}/mapred/system",
    "dfs.datanode.data.dir.perm" : "755",
    "mapred.job.tracker.persist.jobstatus.hours" : "0",
    "dfs.namenode.logging.level" : "info",
    "dfs.datanode.address" : "0.0.0.0:50010",
    "io.skip.checksum.errors" : "false",
    "dfs.block.access.token.enable" : "false",
    "fs.default.name" : "hdfs://Master1:9000",
    "mapred.cluster.reduce.memory.mb" : "-1",
    "mapred.child.tmp" : "./tmp",
    "fs.har.impl.disable.cache" : "true",
    "dfs.safemode.threshold.pct" : "0.999f",
    "mapred.skip.reduce.max.skip.groups" : "0",
    "mapred.heartbeats.in.second" : "100",
    "dfs.namenode.handler.count" : "10",
    "dfs.blockreport.initialDelay" : "0",
    "mapred.tasktracker.dns.nameserver" : "default",
    "io.sort.factor" : "10",
    "dfs.datanode.drop.cache.behind.reads" : "false",
    "mapred.task.timeout" : "600000",
    "mapred.max.tracker.failures" : "4",
    "hadoop.rpc.socket.factory.class.default" : "org.apache.hadoop.net.StandardSocketFactory",
    "mapred.job.tracker.jobhistory.lru.cache.size" : "5",
    "fs.hdfs.impl" : "org.apache.hadoop.hdfs.DistributedFileSystem",
    "mapred.queue.default.acl-administer-jobs" : "*",
    "dfs.namenode.stale.datanode.interval" : "30000",
    "mapred.output.key.class" : "org.apache.hadoop.io.Text",
    "dfs.block.access.key.update.interval" : "600",
    "mapred.skip.map.auto.incr.proc.count" : "true",
    "mapreduce.job.complete.cancel.delegation.tokens" : "true",
    "io.mapfile.bloom.size" : "1048576",
    "mapreduce.reduce.shuffle.connect.timeout" : "180000",
    "dfs.safemode.extension" : "30000",
    "mapred.jobtracker.blacklist.fault-timeout-window" : "180",
    "dfs.namenode.write.stale.datanode.ratio" : "0.5f",
    "hadoop.skip.worker.version.check" : "false",
    "tasktracker.http.threads" : "40",
    "net.topology.impl" : "org.apache.hadoop.net.NetworkTopology",
    "mapred.job.shuffle.merge.percent" : "0.7",
    "fs.ftp.impl" : "org.apache.hadoop.fs.ftp.FTPFileSystem",
    "user.name" : "itri-hadoop",
    "dfs.namenode.kerberos.internal.spnego.principal" : "${dfs.web.authentication.kerberos.principal}",
    "mapred.output.compress" : "false",
    "io.bytes.per.checksum" : "512",
    "mapred.combine.recordsBeforeProgress" : "10000",
    "mapred.healthChecker.script.timeout" : "600000",
    "mapred.cache.files.filesizes" : "129",
    "topology.node.switch.mapping.impl" : "org.apache.hadoop.net.ScriptBasedMapping",
    "dfs.https.server.keystore.resource" : "ssl-server.xml",
    "mapred.reduce.slowstart.completed.maps" : "0.06",
    "mapred.reduce.max.attempts" : "4",
    "dfs.namenode.safemode.min.datanodes" : "0",
    "mapreduce.ifile.readahead.bytes" : "4194304",
    "fs.ramfs.impl" : "org.apache.hadoop.fs.InMemoryFileSystem",
    "dfs.block.access.token.lifetime" : "600",
    "mapred.skip.map.max.skip.records" : "0",
    "dfs.name.edits.dir" : "${dfs.name.dir}",
    "mapred.cluster.map.memory.mb" : "-1",
    "hadoop.security.group.mapping" : "org.apache.hadoop.security.ShellBasedUnixGroupsMapping",
    "mapred.job.tracker.persist.jobstatus.dir" : "/jobtracker/jobsInfo",
    "mapred.jar" : "hdfs://Master1:9000/tmp/hadoop-itri-hadoop/mapred/staging/itri-hadoop/.staging/job_201407031547_1569/job.jar",
    "fs.s3.buffer.dir" : "${hadoop.tmp.dir}/s3",
    "dfs.block.size" : "67108864",
    "job.end.retry.attempts" : "0",
    "fs.file.impl" : "org.apache.hadoop.fs.LocalFileSystem",
    "dfs.namenode.avoid.write.stale.datanode" : "false",
    "dfs.datanode.max.xcievers" : "4096",
    "mapred.local.dir.minspacestart" : "0",
    "mapred.output.compression.type" : "RECORD",
    "dfs.datanode.ipc.address" : "0.0.0.0:50020",
    "dfs.permissions" : "true",
    "topology.script.number.args" : "100",
    "mapreduce.job.counters.groups.max" : "50",
    "io.mapfile.bloom.error.rate" : "0.005",
    "mapred.cluster.max.reduce.memory.mb" : "-1",
    "mapred.max.tracker.blacklists" : "4",
    "mapred.task.profile.maps" : "0-2",
    "mapred.jobtracker.jobSchedulable" : "org.apache.hadoop.mapred.JobSchedulable",
    "dfs.datanode.https.address" : "0.0.0.0:50475",
    "mapred.userlog.retain.hours" : "24",
    "dfs.secondary.http.address" : "0.0.0.0:50090",
    "dfs.namenode.replication.work.multiplier.per.iteration" : "2",
    "dfs.replication.max" : "512",
    "mapred.job.tracker.persist.jobstatus.active" : "false",
    "hadoop.security.authorization" : "false",
    "local.cache.size" : "10737418240",
    "mapred.min.split.size" : "201326592",
    "dfs.namenode.delegation.token.renew-interval" : "86400000",
    "mapred.map.tasks" : "26",
    "mapred.child.java.opts" : "-Xmx200m",
    "mapred.partitioner.class" : "org.apache.hadoop.examples.terasort.TeraSort$TotalOrderPartitioner",
    "mapred.output.value.class" : "org.apache.hadoop.io.Text",
    "dfs.https.client.keystore.resource" : "ssl-client.xml",
    "ipc.client.fallback-to-simple-auth-allowed" : "false",
    "mapred.job.queue.name" : "default",
    "mapred.job.tracker.retiredjobs.cache.size" : "1000",
    "dfs.https.address" : "0.0.0.0:50470",
    "dfs.balance.bandwidthPerSec" : "1048576",
    "ipc.server.listen.queue.size" : "128",
    "dfs.namenode.invalidate.work.pct.per.iteration" : "0.32f",
    "mapred.inmem.merge.threshold" : "1200",
    "job.end.retry.interval" : "30000",
    "mapred.skip.attempts.to.start.skipping" : "2",
    "mapreduce.tasktracker.outofband.heartbeat.damper" : "1000000",
    "hadoop.security.use-weak-http-crypto" : "false",
    "fs.checkpoint.dir" : "${hadoop.tmp.dir}/dfs/namesecondary",
    "dfs.namenode.avoid.read.stale.datanode" : "false",
    "mapred.reduce.tasks" : "1",
    "mapred.merge.recordsBeforeProgress" : "10000",
    "mapred.userlog.limit.kb" : "0",
    "mapred.job.reduce.memory.mb" : "-1",
    "webinterface.private.actions" : "false",
    "dfs.max.objects" : "0",
    "hadoop.security.token.service.use_ip" : "true",
    "io.sort.spill.percent" : "0.9",
    "mapred.job.shuffle.input.buffer.percent" : "0.8",
    "mapred.map.tasks.speculative.execution" : "true",
    "hadoop.http.authentication.type" : "simple",
    "mapred.job.name" : "TeraSort",
    "hadoop.util.hash.type" : "murmur",
    "dfs.datanode.dns.nameserver" : "default",
    "hadoop.security.instrumentation.requires.admin" : "false",
    "dfs.blockreport.intervalMsec" : "3600000",
    "dfs.datanode.readahead.bytes" : "4193404",
    "mapred.map.max.attempts" : "4",
    "mapreduce.job.acl-view-job" : " ",
    "mapreduce.ifile.readahead" : "true",
    "mapred.jobtracker.nodegroup.aware" : "false",
    "mapred.job.tracker.handler.count" : "10",
    "dfs.client.block.write.retries" : "3",
    "mapred.input.format.class" : "org.apache.hadoop.examples.terasort.TeraInputFormat",
    "mapreduce.reduce.shuffle.read.timeout" : "180000",
    "mapred.tasktracker.expiry.interval" : "600000",
    "dfs.secondary.namenode.kerberos.internal.spnego.principal" : "${dfs.web.authentication.kerberos.principal}",
    "dfs.https.enable" : "false",
    "mapred.jobtracker.job.history.block.size" : "3145728",
    "mapred.jobtracker.maxtasks.per.job" : "-1",
    "keep.failed.task.files" : "false",
    "dfs.datanode.use.datanode.hostname" : "false",
    "mapred.output.format.class" : "org.apache.hadoop.examples.terasort.TeraOutputFormat",
    "dfs.datanode.failed.volumes.tolerated" : "0",
    "ipc.client.tcpnodelay" : "false",
    "mapred.task.profile.reduces" : "0-2",
    "io.map.index.skip" : "0",
    "mapred.output.compression.codec" : "org.apache.hadoop.io.compress.DefaultCodec",
    "hadoop.http.authentication.token.validity" : "36000",
    "ipc.server.tcpnodelay" : "false",
    "hadoop.jetty.logs.serve.aliases" : "true",
    "mapred.working.dir" : "hdfs://Master1:9000/user/itri-hadoop",
    "mapred.jobtracker.blacklist.fault-bucket-width" : "15",
    "dfs.namenode.delegation.key.update-interval" : "86400000",
    "mapred.used.genericoptionsparser" : "true",
    "mapred.job.map.memory.mb" : "-1",
    "dfs.default.chunk.view.size" : "32768",
    "hadoop.logfile.size" : "10000000",
    "mapred.cache.files.timestamps" : "1405206937358",
    "mapred.reduce.tasks.speculative.execution" : "true",
    "mapreduce.tasktracker.outofband.heartbeat" : "false",
    "mapreduce.job.dir" : "hdfs://Master1:9000/tmp/hadoop-itri-hadoop/mapred/staging/itri-hadoop/.staging/job_201407031547_1569",
    "mapreduce.reduce.input.limit" : "-1",
    "dfs.datanode.du.reserved" : "0",
    "dfs.datanode.sync.behind.writes" : "false",
    "hadoop.security.authentication" : "simple",
    "fs.checkpoint.period" : "3600",
    "mapred.job.reuse.jvm.num.tasks" : "8",
    "dfs.web.ugi" : "webuser,webgroup",
    "mapred.jobtracker.completeuserjobs.maximum" : "100",
    "dfs.df.interval" : "60000",
    "mapred.task.tracker.task-controller" : "org.apache.hadoop.mapred.DefaultTaskController",
    "dfs.data.dir" : "${hadoop.tmp.dir}/dfs/data",
    "fs.s3.maxRetries" : "4",
    "dfs.datanode.dns.interface" : "default",
    "mapred.cluster.max.map.memory.mb" : "-1",
    "mapreduce.reduce.shuffle.maxfetchfailures" : "10",
    "mapred.map.child.java.opts" : "-Xmx800M",
    "mapreduce.job.acl-modify-job" : " ",
    "fs.hftp.impl" : "org.apache.hadoop.hdfs.HftpFileSystem",
    "mapred.local.dir" : "${hadoop.tmp.dir}/mapred/local",
    "dfs.permissions.supergroup" : "supergroup",
    "fs.s3.sleepTimeSeconds" : "10",
    "fs.trash.interval" : "0",
    "mapred.submit.replication" : "10",
    "dfs.replication.min" : "1",
    "fs.har.impl" : "org.apache.hadoop.fs.HarFileSystem",
    "hadoop.relaxed.worker.version.check" : "false",
    "mapred.map.output.compression.codec" : "org.apache.hadoop.io.compress.DefaultCodec",
    "mapreduce.job.cache.files.visibilities" : "true",
    "mapred.tasktracker.dns.interface" : "default",
    "dfs.http.address" : "0.0.0.0:50070",
    "dfs.namenode.decommission.interval" : "30",
    "mapred.cache.files" : "hdfs://Master1:9000/tera-in5G/_partition.lst#_partition.lst",
    "mapred.job.tracker" : "Master1:9001",
    "dfs.heartbeat.interval" : "3",
    "hadoop.http.authentication.signature.secret.file" : "${user.home}/hadoop-http-auth-signature-secret",
    "io.seqfile.sorter.recordlimit" : "1000000",
    "mapreduce.job.submithost" : "Master1",
    "dfs.name.dir" : "${hadoop.tmp.dir}/dfs/name",
    "mapred.jobtracker.taskScheduler" : "org.apache.hadoop.mapred.JobQueueTaskScheduler",
    "mapred.line.input.format.linespermap" : "1",
    "mapred.create.symlink" : "yes",
    "dfs.datanode.http.address" : "0.0.0.0:50075",
    "fs.webhdfs.impl" : "org.apache.hadoop.hdfs.web.WebHdfsFileSystem",
    "mapred.local.dir.minspacekill" : "0",
    "dfs.image.transfer.bandwidthPerSec" : "0",
    "dfs.replication.interval" : "3",
    "io.sort.record.percent" : "0.04",
    "hadoop.http.authentication.kerberos.principal" : "HTTP/localhost@LOCALHOST",
    "fs.kfs.impl" : "org.apache.hadoop.fs.kfs.KosmosFileSystem",
    "mapred.tasktracker.reduce.tasks.maximum" : "4",
    "mapred.temp.dir" : "${hadoop.tmp.dir}/mapred/temp",
    "dfs.replication" : "1",
    "fs.checkpoint.edits.dir" : "${fs.checkpoint.dir}",
    "mapreduce.jobhistory.max-age-ms" : "2592000000",
    "mapred.tasktracker.tasks.sleeptime-before-sigkill" : "5000",
    "mapred.job.reduce.input.buffer.percent" : "0.5",
    "mapred.tasktracker.indexcache.mb" : "10",
    "dfs.webhdfs.enabled" : "false",
    "mapreduce.job.split.metainfo.maxsize" : "10000000",
    "hadoop.logfile.count" : "10",
    "mapred.skip.reduce.auto.incr.proc.count" : "true",
    "mapreduce.job.submithostaddress" : "192.168.1.100",
    "terasort.final.sync" : "true",
    "io.seqfile.compress.blocksize" : "1000000",
    "fs.s3.block.size" : "67108864",
    "mapred.tasktracker.taskmemorymanager.monitoring-interval" : "5000",
    "hadoop.http.authentication.simple.anonymous.allowed" : "true",
    "mapreduce.jobtracker.staging.root.dir" : "${hadoop.tmp.dir}/mapred/staging",
    "mapred.acls.enabled" : "false",
    "mapred.queue.default.state" : "RUNNING",
    "mapred.queue.names" : "default",
    "fs.hsftp.impl" : "org.apache.hadoop.hdfs.HsftpFileSystem",
    "dfs.access.time.precision" : "3600000",
    "mapred.task.tracker.http.address" : "0.0.0.0:50060",
    "io.seqfile.lazydecompress" : "true",
    "mapred.reduce.parallel.copies" : "5",
    "mapred.disk.healthChecker.interval" : "60000",
    "mapred.output.dir" : "hdfs://Master1:9000/tera-out",
    "ipc.client.connection.maxidletime" : "10000",
    "io.sort.mb" : "200",
    "mapred.reduce.child.java.opts" : "-Xmx700M",
    "mapred.task.tracker.report.address" : "127.0.0.1:0",
    "hadoop.security.uid.cache.secs" : "14400",
    "mapred.compress.map.output" : "false",
    "ipc.client.kill.max" : "10",
    "mapred.healthChecker.interval" : "60000",
    "ipc.client.connect.max.retries" : "10",
    "fs.s3.impl" : "org.apache.hadoop.fs.s3.S3FileSystem",
    "mapred.user.jobconf.limit" : "5242880",
    "mapreduce.job.counters.group.name.max" : "128",
    "mapred.job.tracker.http.address" : "0.0.0.0:50030",
    "mapred.input.dir" : "hdfs://Master1:9000/tera-in5G",
    "io.file.buffer.size" : "4096",
    "mapred.jobtracker.restart.recover" : "false",
    "io.serializations" : "org.apache.hadoop.io.serializer.WritableSerialization",
    "mapred.task.profile" : "false",
    "dfs.datanode.handler.count" : "3",
    "mapreduce.input.num.files" : "2",
    "mapreduce.jobhistory.cleaner.interval-ms" : "86400000",
    "dfs.replication.considerLoad" : "true",
    "jobclient.output.filter" : "FAILED",
    "dfs.namenode.edits.toleration.length" : "0",
    "hadoop.http.authentication.kerberos.keytab" : "${user.home}/hadoop.keytab",
    "dfs.namenode.delegation.token.max-lifetime" : "604800000",
    "mapred.tasktracker.map.tasks.maximum" : "1",
    "fs.checkpoint.size" : "67108864",
    "io.compression.codecs" : "org.apache.hadoop.io.compress.DefaultCodec,org.apache.hadoop.io.compress.GzipCodec,org.apache.hadoop.io.compress.BZip2Codec,org.apache.hadoop.io.compress.SnappyCodec",
    "mapreduce.job.counters.counter.name.max" : "64"
  },
  "computonsPerMapInputByte" : -1,
  "computonsPerMapOutputByte" : -1,
  "computonsPerReduceInputByte" : -1,
  "computonsPerReduceOutputByte" : -1,
  "heapMegabytes" : 200,
  "outcome" : "SUCCESS",
  "jobtype" : "JAVA",
  "directDependantJobs" : [ ],
  "successfulMapAttemptCDFs" : [ {
    "maximum" : 6755,
    "minimum" : 5832,
    "rankings" : [ {
      "relativeRanking" : 0.05,
      "datum" : 5832
    }, {
      "relativeRanking" : 0.1,
      "datum" : 5832
    }, {
      "relativeRanking" : 0.15,
      "datum" : 5832
    }, {
      "relativeRanking" : 0.2,
      "datum" : 5832
    }, {
      "relativeRanking" : 0.25,
      "datum" : 5832
    }, {
      "relativeRanking" : 0.3,
      "datum" : 5832
    }, {
      "relativeRanking" : 0.35,
      "datum" : 5832
    }, {
      "relativeRanking" : 0.4,
      "datum" : 5832
    }, {
      "relativeRanking" : 0.45,
      "datum" : 5832
    }, {
      "relativeRanking" : 0.5,
      "datum" : 5832
    }, {
      "relativeRanking" : 0.55,
      "datum" : 5832
    }, {
      "relativeRanking" : 0.6,
      "datum" : 5832
    }, {
      "relativeRanking" : 0.65,
      "datum" : 5832
    }, {
      "relativeRanking" : 0.7,
      "datum" : 5832
    }, {
      "relativeRanking" : 0.75,
      "datum" : 5832
    }, {
      "relativeRanking" : 0.8,
      "datum" : 5832
    }, {
      "relativeRanking" : 0.85,
      "datum" : 5832
    }, {
      "relativeRanking" : 0.9,
      "datum" : 5832
    }, {
      "relativeRanking" : 0.95,
      "datum" : 5832
    } ],
    "numberValues" : 2
  }, {
    "maximum" : 35086,
    "minimum" : 7359,
    "rankings" : [ {
      "relativeRanking" : 0.05,
      "datum" : 7359
    }, {
      "relativeRanking" : 0.1,
      "datum" : 7750
    }, {
      "relativeRanking" : 0.15,
      "datum" : 8671
    }, {
      "relativeRanking" : 0.2,
      "datum" : 9398
    }, {
      "relativeRanking" : 0.25,
      "datum" : 11520
    }, {
      "relativeRanking" : 0.3,
      "datum" : 11833
    }, {
      "relativeRanking" : 0.35,
      "datum" : 12071
    }, {
      "relativeRanking" : 0.4,
      "datum" : 12215
    }, {
      "relativeRanking" : 0.45,
      "datum" : 12310
    }, {
      "relativeRanking" : 0.5,
      "datum" : 12610
    }, {
      "relativeRanking" : 0.55,
      "datum" : 12659
    }, {
      "relativeRanking" : 0.6,
      "datum" : 12716
    }, {
      "relativeRanking" : 0.65,
      "datum" : 13276
    }, {
      "relativeRanking" : 0.7,
      "datum" : 14200
    }, {
      "relativeRanking" : 0.75,
      "datum" : 14876
    }, {
      "relativeRanking" : 0.8,
      "datum" : 16316
    }, {
      "relativeRanking" : 0.85,
      "datum" : 18730
    }, {
      "relativeRanking" : 0.9,
      "datum" : 21957
    }, {
      "relativeRanking" : 0.95,
      "datum" : 33282
    } ],
    "numberValues" : 24
  }, {
    "maximum" : 9223372036854775807,
    "minimum" : -9223372036854775808,
    "rankings" : [ ],
    "numberValues" : 0
  }, {
    "maximum" : 9223372036854775807,
    "minimum" : -9223372036854775808,
    "rankings" : [ ],
    "numberValues" : 0
  } ],
  "failedMapAttemptCDFs" : [ {
    "maximum" : 9223372036854775807,
    "minimum" : -9223372036854775808,
    "rankings" : [ ],
    "numberValues" : 0
  }, {
    "maximum" : 9223372036854775807,
    "minimum" : -9223372036854775808,
    "rankings" : [ ],
    "numberValues" : 0
  }, {
    "maximum" : 9223372036854775807,
    "minimum" : -9223372036854775808,
    "rankings" : [ ],
    "numberValues" : 0
  }, {
    "maximum" : 9223372036854775807,
    "minimum" : -9223372036854775808,
    "rankings" : [ ],
    "numberValues" : 0
  } ],
  "successfulReduceAttemptCDF" : {
    "maximum" : 330544,
    "minimum" : 330544,
    "rankings" : [ {
      "relativeRanking" : 0.05,
      "datum" : 330544
    }, {
      "relativeRanking" : 0.1,
      "datum" : 330544
    }, {
      "relativeRanking" : 0.15,
      "datum" : 330544
    }, {
      "relativeRanking" : 0.2,
      "datum" : 330544
    }, {
      "relativeRanking" : 0.25,
      "datum" : 330544
    }, {
      "relativeRanking" : 0.3,
      "datum" : 330544
    }, {
      "relativeRanking" : 0.35,
      "datum" : 330544
    }, {
      "relativeRanking" : 0.4,
      "datum" : 330544
    }, {
      "relativeRanking" : 0.45,
      "datum" : 330544
    }, {
      "relativeRanking" : 0.5,
      "datum" : 330544
    }, {
      "relativeRanking" : 0.55,
      "datum" : 330544
    }, {
      "relativeRanking" : 0.6,
      "datum" : 330544
    }, {
      "relativeRanking" : 0.65,
      "datum" : 330544
    }, {
      "relativeRanking" : 0.7,
      "datum" : 330544
    }, {
      "relativeRanking" : 0.75,
      "datum" : 330544
    }, {
      "relativeRanking" : 0.8,
      "datum" : 330544
    }, {
      "relativeRanking" : 0.85,
      "datum" : 330544
    }, {
      "relativeRanking" : 0.9,
      "datum" : 330544
    }, {
      "relativeRanking" : 0.95,
      "datum" : 330544
    } ],
    "numberValues" : 1
  },
  "failedReduceAttemptCDF" : {
    "maximum" : 9223372036854775807,
    "minimum" : -9223372036854775808,
    "rankings" : [ ],
    "numberValues" : 0
  },
  "mapperTriesToSucceed" : [ 0.9230769230769231, 0.07692307692307693 ],
  "priority" : "NORMAL"
}