{
  "priority" : "NORMAL",
  "jobID" : "job_201407031547_1805",
  "user" : "itri-hadoop",
  "jobName" : "TeraSort",
  "submitTime" : 1405319394919,
  "launchTime" : 1405319394994,
  "totalMaps" : 20,
  "totalReduces" : 1,
  "otherTasks" : [ {
    "startTime" : 1405319394997,
    "attempts" : [ {
      "result" : "SUCCESS",
      "location" : {
        "layers" : [ "default-rack", "Slave12" ]
      },
      "hostName" : "/default-rack/Slave12",
      "startTime" : 1405319386809,
      "finishTime" : 1405319387729,
      "attemptID" : "attempt_201407031547_1805_m_000021_0",
      "shuffleFinished" : -1,
      "sortFinished" : -1,
      "hdfsBytesRead" : -1,
      "hdfsBytesWritten" : -1,
      "fileBytesRead" : -1,
      "fileBytesWritten" : 60246,
      "mapInputRecords" : -1,
      "mapOutputBytes" : -1,
      "mapOutputRecords" : -1,
      "combineInputRecords" : -1,
      "reduceInputGroups" : -1,
      "reduceInputRecords" : -1,
      "reduceShuffleBytes" : -1,
      "reduceOutputRecords" : -1,
      "spilledRecords" : 0,
      "mapInputBytes" : -1,
      "resourceUsageMetrics" : {
        "cumulativeCpuUsage" : 110,
        "virtualMemoryUsage" : 398856192,
        "physicalMemoryUsage" : 64847872,
        "heapUsage" : 64487424
      }
    } ],
    "finishTime" : 1405319396206,
    "preferredLocations" : [ ],
    "taskType" : "SETUP",
    "taskStatus" : "SUCCESS",
    "taskID" : "task_201407031547_1805_m_000021",
    "inputBytes" : -1,
    "inputRecords" : -1,
    "outputBytes" : -1,
    "outputRecords" : -1
  }, {
    "startTime" : 1405319647394,
    "attempts" : [ {
      "result" : "SUCCESS",
      "location" : {
        "layers" : [ "default-rack", "Slave12" ]
      },
      "hostName" : "/default-rack/Slave12",
      "startTime" : 1405319639059,
      "finishTime" : 1405319640806,
      "attemptID" : "attempt_201407031547_1805_m_000020_0",
      "shuffleFinished" : -1,
      "sortFinished" : -1,
      "hdfsBytesRead" : -1,
      "hdfsBytesWritten" : -1,
      "fileBytesRead" : -1,
      "fileBytesWritten" : 60246,
      "mapInputRecords" : -1,
      "mapOutputBytes" : -1,
      "mapOutputRecords" : -1,
      "combineInputRecords" : -1,
      "reduceInputGroups" : -1,
      "reduceInputRecords" : -1,
      "reduceShuffleBytes" : -1,
      "reduceOutputRecords" : -1,
      "spilledRecords" : 0,
      "mapInputBytes" : -1,
      "resourceUsageMetrics" : {
        "cumulativeCpuUsage" : 40,
        "virtualMemoryUsage" : 400130048,
        "physicalMemoryUsage" : 216240128,
        "heapUsage" : 205783040
      }
    } ],
    "finishTime" : 1405319649213,
    "preferredLocations" : [ ],
    "taskType" : "CLEANUP",
    "taskStatus" : "SUCCESS",
    "taskID" : "task_201407031547_1805_m_000020",
    "inputBytes" : -1,
    "inputRecords" : -1,
    "outputBytes" : -1,
    "outputRecords" : -1
  } ],
  "queue" : "default",
  "jobProperties" : {
    "fs.s3n.impl" : "org.apache.hadoop.fs.s3native.NativeS3FileSystem",
    "mapred.task.cache.levels" : "2",
    "mapreduce.job.restart.recover" : "true",
    "mapreduce.job.counters.max" : "120",
    "dfs.client.use.datanode.hostname" : "false",
    "hadoop.tmp.dir" : "/tmp/hadoop-${user.name}",
    "hadoop.native.lib" : "true",
    "map.sort.class" : "org.apache.hadoop.util.QuickSort",
    "dfs.namenode.decommission.nodes.per.interval" : "5",
    "dfs.https.need.client.auth" : "false",
    "dfs.datanode.drop.cache.behind.writes" : "false",
    "ipc.client.idlethreshold" : "4000",
    "mapred.system.dir" : "${hadoop.tmp.dir}/mapred/system",
    "dfs.datanode.data.dir.perm" : "755",
    "mapred.job.tracker.persist.jobstatus.hours" : "0",
    "dfs.namenode.logging.level" : "info",
    "dfs.datanode.address" : "0.0.0.0:50010",
    "io.skip.checksum.errors" : "false",
    "dfs.block.access.token.enable" : "false",
    "fs.default.name" : "hdfs://Master1:9000",
    "mapred.cluster.reduce.memory.mb" : "-1",
    "mapred.child.tmp" : "./tmp",
    "fs.har.impl.disable.cache" : "true",
    "dfs.safemode.threshold.pct" : "0.999f",
    "mapred.skip.reduce.max.skip.groups" : "0",
    "mapred.heartbeats.in.second" : "100",
    "dfs.namenode.handler.count" : "10",
    "dfs.blockreport.initialDelay" : "0",
    "mapred.tasktracker.dns.nameserver" : "default",
    "io.sort.factor" : "10",
    "dfs.datanode.drop.cache.behind.reads" : "false",
    "mapred.task.timeout" : "600000",
    "mapred.max.tracker.failures" : "4",
    "hadoop.rpc.socket.factory.class.default" : "org.apache.hadoop.net.StandardSocketFactory",
    "mapred.job.tracker.jobhistory.lru.cache.size" : "5",
    "fs.hdfs.impl" : "org.apache.hadoop.hdfs.DistributedFileSystem",
    "mapred.queue.default.acl-administer-jobs" : "*",
    "dfs.namenode.stale.datanode.interval" : "30000",
    "mapred.output.key.class" : "org.apache.hadoop.io.Text",
    "dfs.block.access.key.update.interval" : "600",
    "mapred.skip.map.auto.incr.proc.count" : "true",
    "mapreduce.job.complete.cancel.delegation.tokens" : "true",
    "io.mapfile.bloom.size" : "1048576",
    "mapreduce.reduce.shuffle.connect.timeout" : "180000",
    "dfs.safemode.extension" : "30000",
    "mapred.jobtracker.blacklist.fault-timeout-window" : "180",
    "dfs.namenode.write.stale.datanode.ratio" : "0.5f",
    "hadoop.skip.worker.version.check" : "false",
    "tasktracker.http.threads" : "40",
    "net.topology.impl" : "org.apache.hadoop.net.NetworkTopology",
    "mapred.job.shuffle.merge.percent" : "0.6",
    "fs.ftp.impl" : "org.apache.hadoop.fs.ftp.FTPFileSystem",
    "user.name" : "itri-hadoop",
    "dfs.namenode.kerberos.internal.spnego.principal" : "${dfs.web.authentication.kerberos.principal}",
    "mapred.output.compress" : "true",
    "io.bytes.per.checksum" : "512",
    "mapred.combine.recordsBeforeProgress" : "10000",
    "mapred.healthChecker.script.timeout" : "600000",
    "mapred.cache.files.filesizes" : "129",
    "topology.node.switch.mapping.impl" : "org.apache.hadoop.net.ScriptBasedMapping",
    "dfs.https.server.keystore.resource" : "ssl-server.xml",
    "mapred.reduce.slowstart.completed.maps" : "0.05",
    "mapred.reduce.max.attempts" : "4",
    "dfs.namenode.safemode.min.datanodes" : "0",
    "mapreduce.ifile.readahead.bytes" : "4194304",
    "fs.ramfs.impl" : "org.apache.hadoop.fs.InMemoryFileSystem",
    "dfs.block.access.token.lifetime" : "600",
    "mapred.skip.map.max.skip.records" : "0",
    "dfs.name.edits.dir" : "${dfs.name.dir}",
    "mapred.cluster.map.memory.mb" : "-1",
    "hadoop.security.group.mapping" : "org.apache.hadoop.security.ShellBasedUnixGroupsMapping",
    "mapred.job.tracker.persist.jobstatus.dir" : "/jobtracker/jobsInfo",
    "mapred.jar" : "hdfs://Master1:9000/tmp/hadoop-itri-hadoop/mapred/staging/itri-hadoop/.staging/job_201407031547_1805/job.jar",
    "fs.s3.buffer.dir" : "${hadoop.tmp.dir}/s3",
    "dfs.block.size" : "67108864",
    "job.end.retry.attempts" : "0",
    "fs.file.impl" : "org.apache.hadoop.fs.LocalFileSystem",
    "dfs.namenode.avoid.write.stale.datanode" : "false",
    "dfs.datanode.max.xcievers" : "4096",
    "mapred.local.dir.minspacestart" : "0",
    "mapred.output.compression.type" : "RECORD",
    "dfs.datanode.ipc.address" : "0.0.0.0:50020",
    "dfs.permissions" : "true",
    "topology.script.number.args" : "100",
    "mapreduce.job.counters.groups.max" : "50",
    "io.mapfile.bloom.error.rate" : "0.005",
    "mapred.cluster.max.reduce.memory.mb" : "-1",
    "mapred.max.tracker.blacklists" : "4",
    "mapred.task.profile.maps" : "0-2",
    "mapred.jobtracker.jobSchedulable" : "org.apache.hadoop.mapred.JobSchedulable",
    "dfs.datanode.https.address" : "0.0.0.0:50475",
    "mapred.userlog.retain.hours" : "24",
    "dfs.secondary.http.address" : "0.0.0.0:50090",
    "dfs.namenode.replication.work.multiplier.per.iteration" : "2",
    "dfs.replication.max" : "512",
    "mapred.job.tracker.persist.jobstatus.active" : "false",
    "hadoop.security.authorization" : "false",
    "local.cache.size" : "10737418240",
    "mapred.min.split.size" : "268435456",
    "dfs.namenode.delegation.token.renew-interval" : "86400000",
    "mapred.map.tasks" : "20",
    "mapred.child.java.opts" : "-Xmx200m",
    "mapred.partitioner.class" : "org.apache.hadoop.examples.terasort.TeraSort$TotalOrderPartitioner",
    "mapred.output.value.class" : "org.apache.hadoop.io.Text",
    "dfs.https.client.keystore.resource" : "ssl-client.xml",
    "ipc.client.fallback-to-simple-auth-allowed" : "false",
    "mapred.job.queue.name" : "default",
    "mapred.job.tracker.retiredjobs.cache.size" : "1000",
    "dfs.https.address" : "0.0.0.0:50470",
    "dfs.balance.bandwidthPerSec" : "1048576",
    "ipc.server.listen.queue.size" : "128",
    "dfs.namenode.invalidate.work.pct.per.iteration" : "0.32f",
    "mapred.inmem.merge.threshold" : "1200",
    "job.end.retry.interval" : "30000",
    "mapred.skip.attempts.to.start.skipping" : "2",
    "mapreduce.tasktracker.outofband.heartbeat.damper" : "1000000",
    "hadoop.security.use-weak-http-crypto" : "false",
    "fs.checkpoint.dir" : "${hadoop.tmp.dir}/dfs/namesecondary",
    "dfs.namenode.avoid.read.stale.datanode" : "false",
    "mapred.reduce.tasks" : "1",
    "mapred.merge.recordsBeforeProgress" : "10000",
    "mapred.userlog.limit.kb" : "0",
    "mapred.job.reduce.memory.mb" : "-1",
    "webinterface.private.actions" : "false",
    "dfs.max.objects" : "0",
    "hadoop.security.token.service.use_ip" : "true",
    "io.sort.spill.percent" : "0.7",
    "mapred.job.shuffle.input.buffer.percent" : "0.8",
    "mapred.map.tasks.speculative.execution" : "true",
    "hadoop.http.authentication.type" : "simple",
    "mapred.job.name" : "TeraSort",
    "hadoop.util.hash.type" : "murmur",
    "dfs.datanode.dns.nameserver" : "default",
    "hadoop.security.instrumentation.requires.admin" : "false",
    "dfs.blockreport.intervalMsec" : "3600000",
    "dfs.datanode.readahead.bytes" : "4193404",
    "mapred.map.max.attempts" : "4",
    "mapreduce.job.acl-view-job" : " ",
    "mapreduce.ifile.readahead" : "true",
    "mapred.jobtracker.nodegroup.aware" : "false",
    "mapred.job.tracker.handler.count" : "10",
    "dfs.client.block.write.retries" : "3",
    "mapred.input.format.class" : "org.apache.hadoop.examples.terasort.TeraInputFormat",
    "mapreduce.reduce.shuffle.read.timeout" : "180000",
    "mapred.tasktracker.expiry.interval" : "600000",
    "dfs.secondary.namenode.kerberos.internal.spnego.principal" : "${dfs.web.authentication.kerberos.principal}",
    "dfs.https.enable" : "false",
    "mapred.jobtracker.job.history.block.size" : "3145728",
    "mapred.jobtracker.maxtasks.per.job" : "-1",
    "keep.failed.task.files" : "false",
    "dfs.datanode.use.datanode.hostname" : "false",
    "mapred.output.format.class" : "org.apache.hadoop.examples.terasort.TeraOutputFormat",
    "dfs.datanode.failed.volumes.tolerated" : "0",
    "ipc.client.tcpnodelay" : "false",
    "mapred.task.profile.reduces" : "0-2",
    "io.map.index.skip" : "0",
    "mapred.output.compression.codec" : "org.apache.hadoop.io.compress.DefaultCodec",
    "hadoop.http.authentication.token.validity" : "36000",
    "ipc.server.tcpnodelay" : "false",
    "hadoop.jetty.logs.serve.aliases" : "true",
    "mapred.working.dir" : "hdfs://Master1:9000/user/itri-hadoop",
    "mapred.jobtracker.blacklist.fault-bucket-width" : "15",
    "dfs.namenode.delegation.key.update-interval" : "86400000",
    "mapred.used.genericoptionsparser" : "true",
    "mapred.job.map.memory.mb" : "-1",
    "dfs.default.chunk.view.size" : "32768",
    "hadoop.logfile.size" : "10000000",
    "mapred.cache.files.timestamps" : "1405319394333",
    "mapred.reduce.tasks.speculative.execution" : "true",
    "mapreduce.tasktracker.outofband.heartbeat" : "false",
    "mapreduce.job.dir" : "hdfs://Master1:9000/tmp/hadoop-itri-hadoop/mapred/staging/itri-hadoop/.staging/job_201407031547_1805",
    "mapreduce.reduce.input.limit" : "-1",
    "dfs.datanode.du.reserved" : "0",
    "dfs.datanode.sync.behind.writes" : "false",
    "hadoop.security.authentication" : "simple",
    "fs.checkpoint.period" : "3600",
    "mapred.job.reuse.jvm.num.tasks" : "8",
    "dfs.web.ugi" : "webuser,webgroup",
    "mapred.jobtracker.completeuserjobs.maximum" : "100",
    "dfs.df.interval" : "60000",
    "mapred.task.tracker.task-controller" : "org.apache.hadoop.mapred.DefaultTaskController",
    "dfs.data.dir" : "${hadoop.tmp.dir}/dfs/data",
    "fs.s3.maxRetries" : "4",
    "dfs.datanode.dns.interface" : "default",
    "mapred.cluster.max.map.memory.mb" : "-1",
    "mapreduce.reduce.shuffle.maxfetchfailures" : "10",
    "mapred.map.child.java.opts" : "-Xmx200M",
    "mapreduce.job.acl-modify-job" : " ",
    "fs.hftp.impl" : "org.apache.hadoop.hdfs.HftpFileSystem",
    "mapred.local.dir" : "${hadoop.tmp.dir}/mapred/local",
    "dfs.permissions.supergroup" : "supergroup",
    "fs.s3.sleepTimeSeconds" : "10",
    "fs.trash.interval" : "0",
    "mapred.submit.replication" : "10",
    "dfs.replication.min" : "1",
    "fs.har.impl" : "org.apache.hadoop.fs.HarFileSystem",
    "hadoop.relaxed.worker.version.check" : "false",
    "mapred.map.output.compression.codec" : "org.apache.hadoop.io.compress.DefaultCodec",
    "mapreduce.job.cache.files.visibilities" : "true",
    "mapred.tasktracker.dns.interface" : "default",
    "dfs.http.address" : "0.0.0.0:50070",
    "dfs.namenode.decommission.interval" : "30",
    "mapred.cache.files" : "hdfs://Master1:9000/tera-in5G/_partition.lst#_partition.lst",
    "mapred.job.tracker" : "Master1:9001",
    "dfs.heartbeat.interval" : "3",
    "hadoop.http.authentication.signature.secret.file" : "${user.home}/hadoop-http-auth-signature-secret",
    "io.seqfile.sorter.recordlimit" : "1000000",
    "mapreduce.job.submithost" : "Master1",
    "dfs.name.dir" : "${hadoop.tmp.dir}/dfs/name",
    "mapred.jobtracker.taskScheduler" : "org.apache.hadoop.mapred.JobQueueTaskScheduler",
    "mapred.line.input.format.linespermap" : "1",
    "mapred.create.symlink" : "yes",
    "dfs.datanode.http.address" : "0.0.0.0:50075",
    "fs.webhdfs.impl" : "org.apache.hadoop.hdfs.web.WebHdfsFileSystem",
    "mapred.local.dir.minspacekill" : "0",
    "dfs.image.transfer.bandwidthPerSec" : "0",
    "dfs.replication.interval" : "3",
    "io.sort.record.percent" : "0.04",
    "hadoop.http.authentication.kerberos.principal" : "HTTP/localhost@LOCALHOST",
    "fs.kfs.impl" : "org.apache.hadoop.fs.kfs.KosmosFileSystem",
    "mapred.tasktracker.reduce.tasks.maximum" : "2",
    "mapred.temp.dir" : "${hadoop.tmp.dir}/mapred/temp",
    "dfs.replication" : "1",
    "fs.checkpoint.edits.dir" : "${fs.checkpoint.dir}",
    "mapreduce.jobhistory.max-age-ms" : "2592000000",
    "mapred.tasktracker.tasks.sleeptime-before-sigkill" : "5000",
    "mapred.job.reduce.input.buffer.percent" : "0.9",
    "mapred.tasktracker.indexcache.mb" : "10",
    "dfs.webhdfs.enabled" : "false",
    "mapreduce.job.split.metainfo.maxsize" : "10000000",
    "hadoop.logfile.count" : "10",
    "mapred.skip.reduce.auto.incr.proc.count" : "true",
    "mapreduce.job.submithostaddress" : "192.168.1.100",
    "terasort.final.sync" : "true",
    "io.seqfile.compress.blocksize" : "1000000",
    "fs.s3.block.size" : "67108864",
    "mapred.tasktracker.taskmemorymanager.monitoring-interval" : "5000",
    "hadoop.http.authentication.simple.anonymous.allowed" : "true",
    "mapreduce.jobtracker.staging.root.dir" : "${hadoop.tmp.dir}/mapred/staging",
    "mapred.acls.enabled" : "false",
    "mapred.queue.default.state" : "RUNNING",
    "mapred.queue.names" : "default",
    "fs.hsftp.impl" : "org.apache.hadoop.hdfs.HsftpFileSystem",
    "dfs.access.time.precision" : "3600000",
    "mapred.task.tracker.http.address" : "0.0.0.0:50060",
    "io.seqfile.lazydecompress" : "true",
    "mapred.reduce.parallel.copies" : "5",
    "mapred.disk.healthChecker.interval" : "60000",
    "mapred.output.dir" : "hdfs://Master1:9000/tera-out",
    "ipc.client.connection.maxidletime" : "10000",
    "io.sort.mb" : "100",
    "mapred.reduce.child.java.opts" : "-Xmx600M",
    "mapred.task.tracker.report.address" : "127.0.0.1:0",
    "hadoop.security.uid.cache.secs" : "14400",
    "mapred.compress.map.output" : "false",
    "ipc.client.kill.max" : "10",
    "mapred.healthChecker.interval" : "60000",
    "ipc.client.connect.max.retries" : "10",
    "fs.s3.impl" : "org.apache.hadoop.fs.s3.S3FileSystem",
    "mapred.user.jobconf.limit" : "5242880",
    "mapreduce.job.counters.group.name.max" : "128",
    "mapred.job.tracker.http.address" : "0.0.0.0:50030",
    "mapred.input.dir" : "hdfs://Master1:9000/tera-in5G",
    "io.file.buffer.size" : "4096",
    "mapred.jobtracker.restart.recover" : "false",
    "io.serializations" : "org.apache.hadoop.io.serializer.WritableSerialization",
    "mapred.task.profile" : "false",
    "dfs.datanode.handler.count" : "3",
    "mapreduce.input.num.files" : "2",
    "mapreduce.jobhistory.cleaner.interval-ms" : "86400000",
    "dfs.replication.considerLoad" : "true",
    "jobclient.output.filter" : "FAILED",
    "dfs.namenode.edits.toleration.length" : "0",
    "hadoop.http.authentication.kerberos.keytab" : "${user.home}/hadoop.keytab",
    "dfs.namenode.delegation.token.max-lifetime" : "604800000",
    "mapred.tasktracker.map.tasks.maximum" : "2",
    "fs.checkpoint.size" : "67108864",
    "io.compression.codecs" : "org.apache.hadoop.io.compress.DefaultCodec,org.apache.hadoop.io.compress.GzipCodec,org.apache.hadoop.io.compress.BZip2Codec,org.apache.hadoop.io.compress.SnappyCodec",
    "mapreduce.job.counters.counter.name.max" : "64"
  },
  "computonsPerMapInputByte" : -1,
  "computonsPerMapOutputByte" : -1,
  "computonsPerReduceInputByte" : -1,
  "computonsPerReduceOutputByte" : -1,
  "heapMegabytes" : 200,
  "outcome" : "SUCCESS",
  "jobtype" : "JAVA",
  "mapTasks" : [ {
    "startTime" : 1405319396210,
    "attempts" : [ {
      "result" : "SUCCESS",
      "location" : {
        "layers" : [ "default-rack", "Slave12" ]
      },
      "hostName" : "/default-rack/Slave12",
      "startTime" : 1405319387852,
      "finishTime" : 1405319393728,
      "attemptID" : "attempt_201407031547_1805_m_000018_0",
      "shuffleFinished" : -1,
      "sortFinished" : -1,
      "hdfsBytesRead" : 84080989,
      "hdfsBytesWritten" : -1,
      "fileBytesRead" : 85762575,
      "fileBytesWritten" : 171585146,
      "mapInputRecords" : 840808,
      "mapOutputBytes" : 84080800,
      "mapOutputRecords" : 840808,
      "combineInputRecords" : 0,
      "reduceInputGroups" : -1,
      "reduceInputRecords" : -1,
      "reduceShuffleBytes" : -1,
      "reduceOutputRecords" : -1,
      "spilledRecords" : 1681616,
      "mapInputBytes" : 84080800,
      "resourceUsageMetrics" : {
        "cumulativeCpuUsage" : 3870,
        "virtualMemoryUsage" : 400883712,
        "physicalMemoryUsage" : 168931328,
        "heapUsage" : 159645696
      }
    } ],
    "finishTime" : 1405319402364,
    "preferredLocations" : [ {
      "layers" : [ "default-rack", "Master1" ]
    }, {
      "layers" : [ "default-rack", "Slave12" ]
    }, {
      "layers" : [ "default-rack", "Slave11" ]
    } ],
    "taskType" : "MAP",
    "taskStatus" : "SUCCESS",
    "taskID" : "task_201407031547_1805_m_000018",
    "inputBytes" : 84080989,
    "inputRecords" : 840808,
    "outputBytes" : 171585146,
    "outputRecords" : 840808
  }, {
    "startTime" : 1405319396210,
    "attempts" : [ {
      "result" : "SUCCESS",
      "location" : {
        "layers" : [ "default-rack", "Slave12" ]
      },
      "hostName" : "/default-rack/Slave12",
      "startTime" : 1405319387852,
      "finishTime" : 1405319392777,
      "attemptID" : "attempt_201407031547_1805_m_000019_0",
      "shuffleFinished" : -1,
      "sortFinished" : -1,
      "hdfsBytesRead" : 84080989,
      "hdfsBytesWritten" : -1,
      "fileBytesRead" : 85762575,
      "fileBytesWritten" : 171585146,
      "mapInputRecords" : 840808,
      "mapOutputBytes" : 84080800,
      "mapOutputRecords" : 840808,
      "combineInputRecords" : 0,
      "reduceInputGroups" : -1,
      "reduceInputRecords" : -1,
      "reduceShuffleBytes" : -1,
      "reduceOutputRecords" : -1,
      "spilledRecords" : 1681616,
      "mapInputBytes" : 84080800,
      "resourceUsageMetrics" : {
        "cumulativeCpuUsage" : 3350,
        "virtualMemoryUsage" : 401940480,
        "physicalMemoryUsage" : 170909696,
        "heapUsage" : 159645696
      }
    } ],
    "finishTime" : 1405319401160,
    "preferredLocations" : [ {
      "layers" : [ "default-rack", "Slave11" ]
    }, {
      "layers" : [ "default-rack", "Slave12" ]
    }, {
      "layers" : [ "default-rack", "Slave13" ]
    } ],
    "taskType" : "MAP",
    "taskStatus" : "SUCCESS",
    "taskID" : "task_201407031547_1805_m_000019",
    "inputBytes" : 84080989,
    "inputRecords" : 840808,
    "outputBytes" : 171585146,
    "outputRecords" : 840808
  }, {
    "startTime" : 1405319396366,
    "attempts" : [ {
      "result" : "SUCCESS",
      "location" : {
        "layers" : [ "default-rack", "Slave13" ]
      },
      "hostName" : "/default-rack/Slave13",
      "startTime" : 1405319392532,
      "finishTime" : 1405319406448,
      "attemptID" : "attempt_201407031547_1805_m_000000_0",
      "shuffleFinished" : -1,
      "sortFinished" : -1,
      "hdfsBytesRead" : 268439645,
      "hdfsBytesWritten" : -1,
      "fileBytesRead" : 386106027,
      "fileBytesWritten" : 659970390,
      "mapInputRecords" : 2684355,
      "mapOutputBytes" : 268435500,
      "mapOutputRecords" : 2684355,
      "combineInputRecords" : 0,
      "reduceInputGroups" : -1,
      "reduceInputRecords" : -1,
      "reduceShuffleBytes" : -1,
      "reduceOutputRecords" : -1,
      "spilledRecords" : 6469706,
      "mapInputBytes" : 268435500,
      "resourceUsageMetrics" : {
        "cumulativeCpuUsage" : 9490,
        "virtualMemoryUsage" : 394854400,
        "physicalMemoryUsage" : 186662912,
        "heapUsage" : 176947200
      }
    } ],
    "finishTime" : 1405319410529,
    "preferredLocations" : [ {
      "layers" : [ "default-rack", "192\\.168\\.1\\.102" ]
    }, {
      "layers" : [ "default-rack", "192\\.168\\.1\\.100" ]
    }, {
      "layers" : [ "default-rack", "192\\.168\\.1\\.103" ]
    } ],
    "taskType" : "MAP",
    "taskStatus" : "SUCCESS",
    "taskID" : "task_201407031547_1805_m_000000",
    "inputBytes" : 268439645,
    "inputRecords" : 2684355,
    "outputBytes" : 659970390,
    "outputRecords" : 2684355
  }, {
    "startTime" : 1405319396367,
    "attempts" : [ {
      "result" : "SUCCESS",
      "location" : {
        "layers" : [ "default-rack", "Slave13" ]
      },
      "hostName" : "/default-rack/Slave13",
      "startTime" : 1405319392532,
      "finishTime" : 1405319417342,
      "attemptID" : "attempt_201407031547_1805_m_000001_0",
      "shuffleFinished" : -1,
      "sortFinished" : -1,
      "hdfsBytesRead" : 268439645,
      "hdfsBytesWritten" : -1,
      "fileBytesRead" : 386106027,
      "fileBytesWritten" : 659970390,
      "mapInputRecords" : 2684355,
      "mapOutputBytes" : 268435500,
      "mapOutputRecords" : 2684355,
      "combineInputRecords" : 0,
      "reduceInputGroups" : -1,
      "reduceInputRecords" : -1,
      "reduceShuffleBytes" : -1,
      "reduceOutputRecords" : -1,
      "spilledRecords" : 6469706,
      "mapInputBytes" : 268435500,
      "resourceUsageMetrics" : {
        "cumulativeCpuUsage" : 9970,
        "virtualMemoryUsage" : 400134144,
        "physicalMemoryUsage" : 143745024,
        "heapUsage" : 92012544
      }
    } ],
    "finishTime" : 1405319421513,
    "preferredLocations" : [ {
      "layers" : [ "default-rack", "192\\.168\\.1\\.100" ]
    }, {
      "layers" : [ "default-rack", "192\\.168\\.1\\.102" ]
    }, {
      "layers" : [ "default-rack", "192\\.168\\.1\\.103" ]
    } ],
    "taskType" : "MAP",
    "taskStatus" : "SUCCESS",
    "taskID" : "task_201407031547_1805_m_000001",
    "inputBytes" : 268439645,
    "inputRecords" : 2684355,
    "outputBytes" : 659970390,
    "outputRecords" : 2684355
  }, {
    "startTime" : 1405319396424,
    "attempts" : [ {
      "result" : "SUCCESS",
      "location" : {
        "layers" : [ "default-rack", "Master1" ]
      },
      "hostName" : "/default-rack/Master1",
      "startTime" : 1405319396509,
      "finishTime" : 1405319409549,
      "attemptID" : "attempt_201407031547_1805_m_000002_0",
      "shuffleFinished" : -1,
      "sortFinished" : -1,
      "hdfsBytesRead" : 268439645,
      "hdfsBytesWritten" : -1,
      "fileBytesRead" : 386105925,
      "fileBytesWritten" : 659970187,
      "mapInputRecords" : 2684354,
      "mapOutputBytes" : 268435400,
      "mapOutputRecords" : 2684354,
      "combineInputRecords" : 0,
      "reduceInputGroups" : -1,
      "reduceInputRecords" : -1,
      "reduceShuffleBytes" : -1,
      "reduceOutputRecords" : -1,
      "spilledRecords" : 6469704,
      "mapInputBytes" : 268435400,
      "resourceUsageMetrics" : {
        "cumulativeCpuUsage" : 9160,
        "virtualMemoryUsage" : 398000128,
        "physicalMemoryUsage" : 188301312,
        "heapUsage" : 176947200
      }
    } ],
    "finishTime" : 1405319409746,
    "preferredLocations" : [ {
      "layers" : [ "default-rack", "192\\.168\\.1\\.100" ]
    }, {
      "layers" : [ "default-rack", "192\\.168\\.1\\.102" ]
    }, {
      "layers" : [ "default-rack", "192\\.168\\.1\\.101" ]
    } ],
    "taskType" : "MAP",
    "taskStatus" : "SUCCESS",
    "taskID" : "task_201407031547_1805_m_000002",
    "inputBytes" : 268439645,
    "inputRecords" : 2684354,
    "outputBytes" : 659970187,
    "outputRecords" : 2684354
  }, {
    "startTime" : 1405319396424,
    "attempts" : [ {
      "result" : "SUCCESS",
      "location" : {
        "layers" : [ "default-rack", "Master1" ]
      },
      "hostName" : "/default-rack/Master1",
      "startTime" : 1405319396509,
      "finishTime" : 1405319416583,
      "attemptID" : "attempt_201407031547_1805_m_000003_0",
      "shuffleFinished" : -1,
      "sortFinished" : -1,
      "hdfsBytesRead" : 268439645,
      "hdfsBytesWritten" : -1,
      "fileBytesRead" : 386106027,
      "fileBytesWritten" : 659970391,
      "mapInputRecords" : 2684355,
      "mapOutputBytes" : 268435500,
      "mapOutputRecords" : 2684355,
      "combineInputRecords" : 0,
      "reduceInputGroups" : -1,
      "reduceInputRecords" : -1,
      "reduceShuffleBytes" : -1,
      "reduceOutputRecords" : -1,
      "spilledRecords" : 6469706,
      "mapInputBytes" : 268435500,
      "resourceUsageMetrics" : {
        "cumulativeCpuUsage" : 9480,
        "virtualMemoryUsage" : 394915840,
        "physicalMemoryUsage" : 133865472,
        "heapUsage" : 159645696
      }
    } ],
    "finishTime" : 1405319416884,
    "preferredLocations" : [ {
      "layers" : [ "default-rack", "192\\.168\\.1\\.100" ]
    }, {
      "layers" : [ "default-rack", "192\\.168\\.1\\.102" ]
    }, {
      "layers" : [ "default-rack", "192\\.168\\.1\\.101" ]
    } ],
    "taskType" : "MAP",
    "taskStatus" : "SUCCESS",
    "taskID" : "task_201407031547_1805_m_000003",
    "inputBytes" : 268439645,
    "inputRecords" : 2684355,
    "outputBytes" : 659970391,
    "outputRecords" : 2684355
  }, {
    "startTime" : 1405319396456,
    "attempts" : [ {
      "result" : "SUCCESS",
      "location" : {
        "layers" : [ "default-rack", "Slave11" ]
      },
      "hostName" : "/default-rack/Slave11",
      "startTime" : 1405319404914,
      "finishTime" : 1405319415313,
      "attemptID" : "attempt_201407031547_1805_m_000004_0",
      "shuffleFinished" : -1,
      "sortFinished" : -1,
      "hdfsBytesRead" : 268439645,
      "hdfsBytesWritten" : -1,
      "fileBytesRead" : 386105925,
      "fileBytesWritten" : 659970186,
      "mapInputRecords" : 2684354,
      "mapOutputBytes" : 268435400,
      "mapOutputRecords" : 2684354,
      "combineInputRecords" : 0,
      "reduceInputGroups" : -1,
      "reduceInputRecords" : -1,
      "reduceShuffleBytes" : -1,
      "reduceOutputRecords" : -1,
      "spilledRecords" : 6469704,
      "mapInputBytes" : 268435400,
      "resourceUsageMetrics" : {
        "cumulativeCpuUsage" : 9270,
        "virtualMemoryUsage" : 399568896,
        "physicalMemoryUsage" : 185905152,
        "heapUsage" : 176947200
      }
    } ],
    "finishTime" : 1405319407193,
    "preferredLocations" : [ {
      "layers" : [ "default-rack", "192\\.168\\.1\\.101" ]
    }, {
      "layers" : [ "default-rack", "192\\.168\\.1\\.100" ]
    }, {
      "layers" : [ "default-rack", "192\\.168\\.1\\.103" ]
    } ],
    "taskType" : "MAP",
    "taskStatus" : "SUCCESS",
    "taskID" : "task_201407031547_1805_m_000004",
    "inputBytes" : 268439645,
    "inputRecords" : 2684354,
    "outputBytes" : 659970186,
    "outputRecords" : 2684354
  }, {
    "startTime" : 1405319396456,
    "attempts" : [ {
      "result" : "SUCCESS",
      "location" : {
        "layers" : [ "default-rack", "Slave11" ]
      },
      "hostName" : "/default-rack/Slave11",
      "startTime" : 1405319404915,
      "finishTime" : 1405319422012,
      "attemptID" : "attempt_201407031547_1805_m_000005_0",
      "shuffleFinished" : -1,
      "sortFinished" : -1,
      "hdfsBytesRead" : 268439645,
      "hdfsBytesWritten" : -1,
      "fileBytesRead" : 386106027,
      "fileBytesWritten" : 659970390,
      "mapInputRecords" : 2684355,
      "mapOutputBytes" : 268435500,
      "mapOutputRecords" : 2684355,
      "combineInputRecords" : 0,
      "reduceInputGroups" : -1,
      "reduceInputRecords" : -1,
      "reduceShuffleBytes" : -1,
      "reduceOutputRecords" : -1,
      "spilledRecords" : 6469706,
      "mapInputBytes" : 268435500,
      "resourceUsageMetrics" : {
        "cumulativeCpuUsage" : 9420,
        "virtualMemoryUsage" : 395083776,
        "physicalMemoryUsage" : 129519616,
        "heapUsage" : 81788928
      }
    } ],
    "finishTime" : 1405319413694,
    "preferredLocations" : [ {
      "layers" : [ "default-rack", "192\\.168\\.1\\.101" ]
    }, {
      "layers" : [ "default-rack", "192\\.168\\.1\\.100" ]
    }, {
      "layers" : [ "default-rack", "192\\.168\\.1\\.102" ]
    } ],
    "taskType" : "MAP",
    "taskStatus" : "SUCCESS",
    "taskID" : "task_201407031547_1805_m_000005",
    "inputBytes" : 268439645,
    "inputRecords" : 2684355,
    "outputBytes" : 659970390,
    "outputRecords" : 2684355
  }, {
    "startTime" : 1405319401160,
    "attempts" : [ {
      "result" : "SUCCESS",
      "location" : {
        "layers" : [ "default-rack", "Slave12" ]
      },
      "hostName" : "/default-rack/Slave12",
      "startTime" : 1405319392802,
      "finishTime" : 1405319412805,
      "attemptID" : "attempt_201407031547_1805_m_000006_0",
      "shuffleFinished" : -1,
      "sortFinished" : -1,
      "hdfsBytesRead" : 268439645,
      "hdfsBytesWritten" : -1,
      "fileBytesRead" : 386105925,
      "fileBytesWritten" : 659970187,
      "mapInputRecords" : 2684354,
      "mapOutputBytes" : 268435400,
      "mapOutputRecords" : 2684354,
      "combineInputRecords" : 0,
      "reduceInputGroups" : -1,
      "reduceInputRecords" : -1,
      "reduceShuffleBytes" : -1,
      "reduceOutputRecords" : -1,
      "spilledRecords" : 6469704,
      "mapInputBytes" : 268435400,
      "resourceUsageMetrics" : {
        "cumulativeCpuUsage" : 7640,
        "virtualMemoryUsage" : 402604032,
        "physicalMemoryUsage" : 141717504,
        "heapUsage" : 104857600
      }
    } ],
    "finishTime" : 1405319421275,
    "preferredLocations" : [ {
      "layers" : [ "default-rack", "192\\.168\\.1\\.100" ]
    }, {
      "layers" : [ "default-rack", "192\\.168\\.1\\.102" ]
    }, {
      "layers" : [ "default-rack", "192\\.168\\.1\\.101" ]
    } ],
    "taskType" : "MAP",
    "taskStatus" : "SUCCESS",
    "taskID" : "task_201407031547_1805_m_000006",
    "inputBytes" : 268439645,
    "inputRecords" : 2684354,
    "outputBytes" : 659970187,
    "outputRecords" : 2684354
  }, {
    "startTime" : 1405319402365,
    "attempts" : [ {
      "result" : "SUCCESS",
      "location" : {
        "layers" : [ "default-rack", "Slave12" ]
      },
      "hostName" : "/default-rack/Slave12",
      "startTime" : 1405319394006,
      "finishTime" : 1405319429429,
      "attemptID" : "attempt_201407031547_1805_m_000007_0",
      "shuffleFinished" : -1,
      "sortFinished" : -1,
      "hdfsBytesRead" : 268439645,
      "hdfsBytesWritten" : -1,
      "fileBytesRead" : 386106027,
      "fileBytesWritten" : 659970391,
      "mapInputRecords" : 2684355,
      "mapOutputBytes" : 268435500,
      "mapOutputRecords" : 2684355,
      "combineInputRecords" : 0,
      "reduceInputGroups" : -1,
      "reduceInputRecords" : -1,
      "reduceShuffleBytes" : -1,
      "reduceOutputRecords" : -1,
      "spilledRecords" : 6469706,
      "mapInputBytes" : 268435500,
      "resourceUsageMetrics" : {
        "cumulativeCpuUsage" : 8080,
        "virtualMemoryUsage" : 400130048,
        "physicalMemoryUsage" : 200163328,
        "heapUsage" : 205783040
      }
    } ],
    "finishTime" : 1405319438015,
    "preferredLocations" : [ {
      "layers" : [ "default-rack", "192\\.168\\.1\\.100" ]
    }, {
      "layers" : [ "default-rack", "192\\.168\\.1\\.103" ]
    }, {
      "layers" : [ "default-rack", "192\\.168\\.1\\.102" ]
    } ],
    "taskType" : "MAP",
    "taskStatus" : "SUCCESS",
    "taskID" : "task_201407031547_1805_m_000007",
    "inputBytes" : 268439645,
    "inputRecords" : 2684355,
    "outputBytes" : 659970391,
    "outputRecords" : 2684355
  }, {
    "startTime" : 1405319407194,
    "attempts" : [ {
      "result" : "SUCCESS",
      "location" : {
        "layers" : [ "default-rack", "Slave11" ]
      },
      "hostName" : "/default-rack/Slave11",
      "startTime" : 1405319415583,
      "finishTime" : 1405319442126,
      "attemptID" : "attempt_201407031547_1805_m_000008_0",
      "shuffleFinished" : -1,
      "sortFinished" : -1,
      "hdfsBytesRead" : 268439645,
      "hdfsBytesWritten" : -1,
      "fileBytesRead" : 386106027,
      "fileBytesWritten" : 659970390,
      "mapInputRecords" : 2684355,
      "mapOutputBytes" : 268435500,
      "mapOutputRecords" : 2684355,
      "combineInputRecords" : 0,
      "reduceInputGroups" : -1,
      "reduceInputRecords" : -1,
      "reduceShuffleBytes" : -1,
      "reduceOutputRecords" : -1,
      "spilledRecords" : 6469706,
      "mapInputBytes" : 268435500,
      "resourceUsageMetrics" : {
        "cumulativeCpuUsage" : 7790,
        "virtualMemoryUsage" : 397086720,
        "physicalMemoryUsage" : 211701760,
        "heapUsage" : 207093760
      }
    } ],
    "finishTime" : 1405319433978,
    "preferredLocations" : [ {
      "layers" : [ "default-rack", "192\\.168\\.1\\.100" ]
    }, {
      "layers" : [ "default-rack", "192\\.168\\.1\\.103" ]
    }, {
      "layers" : [ "default-rack", "192\\.168\\.1\\.102" ]
    } ],
    "taskType" : "MAP",
    "taskStatus" : "SUCCESS",
    "taskID" : "task_201407031547_1805_m_000008",
    "inputBytes" : 268439645,
    "inputRecords" : 2684355,
    "outputBytes" : 659970390,
    "outputRecords" : 2684355
  }, {
    "startTime" : 1405319409746,
    "attempts" : [ {
      "result" : "SUCCESS",
      "location" : {
        "layers" : [ "default-rack", "Master1" ]
      },
      "hostName" : "/default-rack/Master1",
      "startTime" : 1405319409747,
      "finishTime" : 1405319432470,
      "attemptID" : "attempt_201407031547_1805_m_000009_0",
      "shuffleFinished" : -1,
      "sortFinished" : -1,
      "hdfsBytesRead" : 268439645,
      "hdfsBytesWritten" : -1,
      "fileBytesRead" : 386106027,
      "fileBytesWritten" : 659970391,
      "mapInputRecords" : 2684355,
      "mapOutputBytes" : 268435500,
      "mapOutputRecords" : 2684355,
      "combineInputRecords" : 0,
      "reduceInputGroups" : -1,
      "reduceInputRecords" : -1,
      "reduceShuffleBytes" : -1,
      "reduceOutputRecords" : -1,
      "spilledRecords" : 6469706,
      "mapInputBytes" : 268435500,
      "resourceUsageMetrics" : {
        "cumulativeCpuUsage" : 7300,
        "virtualMemoryUsage" : 398663680,
        "physicalMemoryUsage" : 205770752,
        "heapUsage" : 207093760
      }
    } ],
    "finishTime" : 1405319432771,
    "preferredLocations" : [ {
      "layers" : [ "default-rack", "192\\.168\\.1\\.103" ]
    }, {
      "layers" : [ "default-rack", "192\\.168\\.1\\.102" ]
    }, {
      "layers" : [ "default-rack", "192\\.168\\.1\\.100" ]
    } ],
    "taskType" : "MAP",
    "taskStatus" : "SUCCESS",
    "taskID" : "task_201407031547_1805_m_000009",
    "inputBytes" : 268439645,
    "inputRecords" : 2684355,
    "outputBytes" : 659970391,
    "outputRecords" : 2684355
  }, {
    "startTime" : 1405319410529,
    "attempts" : [ {
      "result" : "SUCCESS",
      "location" : {
        "layers" : [ "default-rack", "Slave13" ]
      },
      "hostName" : "/default-rack/Slave13",
      "startTime" : 1405319406646,
      "finishTime" : 1405319426397,
      "attemptID" : "attempt_201407031547_1805_m_000010_0",
      "shuffleFinished" : -1,
      "sortFinished" : -1,
      "hdfsBytesRead" : 268439645,
      "hdfsBytesWritten" : -1,
      "fileBytesRead" : 386106027,
      "fileBytesWritten" : 659970391,
      "mapInputRecords" : 2684355,
      "mapOutputBytes" : 268435500,
      "mapOutputRecords" : 2684355,
      "combineInputRecords" : 0,
      "reduceInputGroups" : -1,
      "reduceInputRecords" : -1,
      "reduceShuffleBytes" : -1,
      "reduceOutputRecords" : -1,
      "spilledRecords" : 6469706,
      "mapInputBytes" : 268435500,
      "resourceUsageMetrics" : {
        "cumulativeCpuUsage" : 7470,
        "virtualMemoryUsage" : 395517952,
        "physicalMemoryUsage" : 155910144,
        "heapUsage" : 105381888
      }
    } ],
    "finishTime" : 1405319430582,
    "preferredLocations" : [ {
      "layers" : [ "default-rack", "192\\.168\\.1\\.103" ]
    }, {
      "layers" : [ "default-rack", "192\\.168\\.1\\.101" ]
    }, {
      "layers" : [ "default-rack", "192\\.168\\.1\\.100" ]
    } ],
    "taskType" : "MAP",
    "taskStatus" : "SUCCESS",
    "taskID" : "task_201407031547_1805_m_000010",
    "inputBytes" : 268439645,
    "inputRecords" : 2684355,
    "outputBytes" : 659970391,
    "outputRecords" : 2684355
  }, {
    "startTime" : 1405319413694,
    "attempts" : [ {
      "result" : "SUCCESS",
      "location" : {
        "layers" : [ "default-rack", "Slave11" ]
      },
      "hostName" : "/default-rack/Slave11",
      "startTime" : 1405319422083,
      "finishTime" : 1405319431065,
      "attemptID" : "attempt_201407031547_1805_m_000011_0",
      "shuffleFinished" : -1,
      "sortFinished" : -1,
      "hdfsBytesRead" : 268439645,
      "hdfsBytesWritten" : -1,
      "fileBytesRead" : 386105925,
      "fileBytesWritten" : 659970187,
      "mapInputRecords" : 2684354,
      "mapOutputBytes" : 268435400,
      "mapOutputRecords" : 2684354,
      "combineInputRecords" : 0,
      "reduceInputGroups" : -1,
      "reduceInputRecords" : -1,
      "reduceShuffleBytes" : -1,
      "reduceOutputRecords" : -1,
      "spilledRecords" : 6469704,
      "mapInputBytes" : 268435400,
      "resourceUsageMetrics" : {
        "cumulativeCpuUsage" : 7080,
        "virtualMemoryUsage" : 396079104,
        "physicalMemoryUsage" : 138194944,
        "heapUsage" : 89915392
      }
    } ],
    "finishTime" : 1405319422772,
    "preferredLocations" : [ {
      "layers" : [ "default-rack", "192\\.168\\.1\\.103" ]
    }, {
      "layers" : [ "default-rack", "192\\.168\\.1\\.101" ]
    }, {
      "layers" : [ "default-rack", "192\\.168\\.1\\.100" ]
    } ],
    "taskType" : "MAP",
    "taskStatus" : "SUCCESS",
    "taskID" : "task_201407031547_1805_m_000011",
    "inputBytes" : 268439645,
    "inputRecords" : 2684354,
    "outputBytes" : 659970187,
    "outputRecords" : 2684354
  }, {
    "startTime" : 1405319416884,
    "attempts" : [ {
      "result" : "SUCCESS",
      "location" : {
        "layers" : [ "default-rack", "Master1" ]
      },
      "hostName" : "/default-rack/Master1",
      "startTime" : 1405319416885,
      "finishTime" : 1405319437277,
      "attemptID" : "attempt_201407031547_1805_m_000012_0",
      "shuffleFinished" : -1,
      "sortFinished" : -1,
      "hdfsBytesRead" : 268439645,
      "hdfsBytesWritten" : -1,
      "fileBytesRead" : 386106027,
      "fileBytesWritten" : 659970392,
      "mapInputRecords" : 2684355,
      "mapOutputBytes" : 268435500,
      "mapOutputRecords" : 2684355,
      "combineInputRecords" : 0,
      "reduceInputGroups" : -1,
      "reduceInputRecords" : -1,
      "reduceShuffleBytes" : -1,
      "reduceOutputRecords" : -1,
      "spilledRecords" : 6469706,
      "mapInputBytes" : 268435500,
      "resourceUsageMetrics" : {
        "cumulativeCpuUsage" : 7660,
        "virtualMemoryUsage" : 395911168,
        "physicalMemoryUsage" : 139145216,
        "heapUsage" : 94633984
      }
    } ],
    "finishTime" : 1405319437311,
    "preferredLocations" : [ {
      "layers" : [ "default-rack", "192\\.168\\.1\\.101" ]
    }, {
      "layers" : [ "default-rack", "192\\.168\\.1\\.103" ]
    }, {
      "layers" : [ "default-rack", "192\\.168\\.1\\.100" ]
    } ],
    "taskType" : "MAP",
    "taskStatus" : "SUCCESS",
    "taskID" : "task_201407031547_1805_m_000012",
    "inputBytes" : 268439645,
    "inputRecords" : 2684355,
    "outputBytes" : 659970392,
    "outputRecords" : 2684355
  }, {
    "startTime" : 1405319421275,
    "attempts" : [ {
      "result" : "SUCCESS",
      "location" : {
        "layers" : [ "default-rack", "Slave12" ]
      },
      "hostName" : "/default-rack/Slave12",
      "startTime" : 1405319412917,
      "finishTime" : 1405319452567,
      "attemptID" : "attempt_201407031547_1805_m_000013_0",
      "shuffleFinished" : -1,
      "sortFinished" : -1,
      "hdfsBytesRead" : 268439645,
      "hdfsBytesWritten" : -1,
      "fileBytesRead" : 386105925,
      "fileBytesWritten" : 659970188,
      "mapInputRecords" : 2684354,
      "mapOutputBytes" : 268435400,
      "mapOutputRecords" : 2684354,
      "combineInputRecords" : 0,
      "reduceInputGroups" : -1,
      "reduceInputRecords" : -1,
      "reduceShuffleBytes" : -1,
      "reduceOutputRecords" : -1,
      "spilledRecords" : 6469704,
      "mapInputBytes" : 268435400,
      "resourceUsageMetrics" : {
        "cumulativeCpuUsage" : 7740,
        "virtualMemoryUsage" : 402604032,
        "physicalMemoryUsage" : 149204992,
        "heapUsage" : 176685056
      }
    } ],
    "finishTime" : 1405319461191,
    "preferredLocations" : [ {
      "layers" : [ "default-rack", "192\\.168\\.1\\.103" ]
    }, {
      "layers" : [ "default-rack", "192\\.168\\.1\\.102" ]
    }, {
      "layers" : [ "default-rack", "192\\.168\\.1\\.101" ]
    } ],
    "taskType" : "MAP",
    "taskStatus" : "SUCCESS",
    "taskID" : "task_201407031547_1805_m_000013",
    "inputBytes" : 268439645,
    "inputRecords" : 2684354,
    "outputBytes" : 659970188,
    "outputRecords" : 2684354
  }, {
    "startTime" : 1405319421513,
    "attempts" : [ {
      "result" : "SUCCESS",
      "location" : {
        "layers" : [ "default-rack", "Slave13" ]
      },
      "hostName" : "/default-rack/Slave13",
      "startTime" : 1405319417630,
      "finishTime" : 1405319436621,
      "attemptID" : "attempt_201407031547_1805_m_000014_0",
      "shuffleFinished" : -1,
      "sortFinished" : -1,
      "hdfsBytesRead" : 268439645,
      "hdfsBytesWritten" : -1,
      "fileBytesRead" : 386106027,
      "fileBytesWritten" : 659970391,
      "mapInputRecords" : 2684355,
      "mapOutputBytes" : 268435500,
      "mapOutputRecords" : 2684355,
      "combineInputRecords" : 0,
      "reduceInputGroups" : -1,
      "reduceInputRecords" : -1,
      "reduceShuffleBytes" : -1,
      "reduceOutputRecords" : -1,
      "spilledRecords" : 6469706,
      "mapInputBytes" : 268435500,
      "resourceUsageMetrics" : {
        "cumulativeCpuUsage" : 7400,
        "virtualMemoryUsage" : 401129472,
        "physicalMemoryUsage" : 145321984,
        "heapUsage" : 96468992
      }
    } ],
    "finishTime" : 1405319440807,
    "preferredLocations" : [ {
      "layers" : [ "default-rack", "192\\.168\\.1\\.103" ]
    }, {
      "layers" : [ "default-rack", "192\\.168\\.1\\.101" ]
    }, {
      "layers" : [ "default-rack", "192\\.168\\.1\\.102" ]
    } ],
    "taskType" : "MAP",
    "taskStatus" : "SUCCESS",
    "taskID" : "task_201407031547_1805_m_000014",
    "inputBytes" : 268439645,
    "inputRecords" : 2684355,
    "outputBytes" : 659970391,
    "outputRecords" : 2684355
  }, {
    "startTime" : 1405319422773,
    "attempts" : [ {
      "result" : "SUCCESS",
      "location" : {
        "layers" : [ "default-rack", "Slave11" ]
      },
      "hostName" : "/default-rack/Slave11",
      "startTime" : 1405319431163,
      "finishTime" : 1405319447159,
      "attemptID" : "attempt_201407031547_1805_m_000015_0",
      "shuffleFinished" : -1,
      "sortFinished" : -1,
      "hdfsBytesRead" : 268439645,
      "hdfsBytesWritten" : -1,
      "fileBytesRead" : 386105925,
      "fileBytesWritten" : 659970187,
      "mapInputRecords" : 2684354,
      "mapOutputBytes" : 268435400,
      "mapOutputRecords" : 2684354,
      "combineInputRecords" : 0,
      "reduceInputGroups" : -1,
      "reduceInputRecords" : -1,
      "reduceShuffleBytes" : -1,
      "reduceOutputRecords" : -1,
      "spilledRecords" : 6469704,
      "mapInputBytes" : 268435400,
      "resourceUsageMetrics" : {
        "cumulativeCpuUsage" : 7470,
        "virtualMemoryUsage" : 396410880,
        "physicalMemoryUsage" : 138514432,
        "heapUsage" : 82051072
      }
    } ],
    "finishTime" : 1405319438888,
    "preferredLocations" : [ {
      "layers" : [ "default-rack", "192\\.168\\.1\\.103" ]
    }, {
      "layers" : [ "default-rack", "192\\.168\\.1\\.101" ]
    }, {
      "layers" : [ "default-rack", "192\\.168\\.1\\.102" ]
    } ],
    "taskType" : "MAP",
    "taskStatus" : "SUCCESS",
    "taskID" : "task_201407031547_1805_m_000015",
    "inputBytes" : 268439645,
    "inputRecords" : 2684354,
    "outputBytes" : 659970187,
    "outputRecords" : 2684354
  }, {
    "startTime" : 1405319430582,
    "attempts" : [ {
      "result" : "SUCCESS",
      "location" : {
        "layers" : [ "default-rack", "Slave13" ]
      },
      "hostName" : "/default-rack/Slave13",
      "startTime" : 1405319426699,
      "finishTime" : 1405319440475,
      "attemptID" : "attempt_201407031547_1805_m_000016_0",
      "shuffleFinished" : -1,
      "sortFinished" : -1,
      "hdfsBytesRead" : 268439645,
      "hdfsBytesWritten" : -1,
      "fileBytesRead" : 386106027,
      "fileBytesWritten" : 659970391,
      "mapInputRecords" : 2684355,
      "mapOutputBytes" : 268435500,
      "mapOutputRecords" : 2684355,
      "combineInputRecords" : 0,
      "reduceInputGroups" : -1,
      "reduceInputRecords" : -1,
      "reduceShuffleBytes" : -1,
      "reduceOutputRecords" : -1,
      "spilledRecords" : 6469706,
      "mapInputBytes" : 268435500,
      "resourceUsageMetrics" : {
        "cumulativeCpuUsage" : 7160,
        "virtualMemoryUsage" : 395517952,
        "physicalMemoryUsage" : 157110272,
        "heapUsage" : 104857600
      }
    } ],
    "finishTime" : 1405319444685,
    "preferredLocations" : [ {
      "layers" : [ "default-rack", "192\\.168\\.1\\.103" ]
    }, {
      "layers" : [ "default-rack", "192\\.168\\.1\\.101" ]
    }, {
      "layers" : [ "default-rack", "192\\.168\\.1\\.102" ]
    } ],
    "taskType" : "MAP",
    "taskStatus" : "SUCCESS",
    "taskID" : "task_201407031547_1805_m_000016",
    "inputBytes" : 268439645,
    "inputRecords" : 2684355,
    "outputBytes" : 659970391,
    "outputRecords" : 2684355
  }, {
    "startTime" : 1405319432772,
    "attempts" : [ {
      "result" : "SUCCESS",
      "location" : {
        "layers" : [ "default-rack", "Master1" ]
      },
      "hostName" : "/default-rack/Master1",
      "startTime" : 1405319432772,
      "finishTime" : 1405319446161,
      "attemptID" : "attempt_201407031547_1805_m_000017_0",
      "shuffleFinished" : -1,
      "sortFinished" : -1,
      "hdfsBytesRead" : 268439645,
      "hdfsBytesWritten" : -1,
      "fileBytesRead" : 386106027,
      "fileBytesWritten" : 659970392,
      "mapInputRecords" : 2684355,
      "mapOutputBytes" : 268435500,
      "mapOutputRecords" : 2684355,
      "combineInputRecords" : 0,
      "reduceInputGroups" : -1,
      "reduceInputRecords" : -1,
      "reduceShuffleBytes" : -1,
      "reduceOutputRecords" : -1,
      "spilledRecords" : 6469706,
      "mapInputBytes" : 268435500,
      "resourceUsageMetrics" : {
        "cumulativeCpuUsage" : 7040,
        "virtualMemoryUsage" : 398663680,
        "physicalMemoryUsage" : 219557888,
        "heapUsage" : 207093760
      }
    } ],
    "finishTime" : 1405319446171,
    "preferredLocations" : [ {
      "layers" : [ "default-rack", "192\\.168\\.1\\.103" ]
    }, {
      "layers" : [ "default-rack", "192\\.168\\.1\\.100" ]
    }, {
      "layers" : [ "default-rack", "192\\.168\\.1\\.102" ]
    } ],
    "taskType" : "MAP",
    "taskStatus" : "SUCCESS",
    "taskID" : "task_201407031547_1805_m_000017",
    "inputBytes" : 268439645,
    "inputRecords" : 2684355,
    "outputBytes" : 659970392,
    "outputRecords" : 2684355
  } ],
  "finishTime" : 1405319649214,
  "reduceTasks" : [ {
    "startTime" : 1405319401160,
    "attempts" : [ {
      "result" : "SUCCESS",
      "location" : {
        "layers" : [ "default-rack", "Slave12" ]
      },
      "hostName" : "/default-rack/Slave12",
      "startTime" : 1405319392802,
      "finishTime" : 1405319638792,
      "attemptID" : "attempt_201407031547_1805_r_000000_0",
      "shuffleFinished" : 1405319461157,
      "sortFinished" : 1405319494275,
      "hdfsBytesRead" : -1,
      "hdfsBytesWritten" : 5000000000,
      "fileBytesRead" : 7392712560,
      "fileBytesWritten" : 7392772714,
      "mapInputRecords" : -1,
      "mapOutputBytes" : -1,
      "mapOutputRecords" : -1,
      "combineInputRecords" : 0,
      "reduceInputGroups" : 50000000,
      "reduceInputRecords" : 50000000,
      "reduceShuffleBytes" : 5100000120,
      "reduceOutputRecords" : 50000000,
      "spilledRecords" : 72477573,
      "mapInputBytes" : -1,
      "resourceUsageMetrics" : {
        "cumulativeCpuUsage" : 76750,
        "virtualMemoryUsage" : 838111232,
        "physicalMemoryUsage" : 244633600,
        "heapUsage" : 229376000
      }
    } ],
    "finishTime" : 1405319647393,
    "preferredLocations" : [ ],
    "taskType" : "REDUCE",
    "taskStatus" : "SUCCESS",
    "taskID" : "task_201407031547_1805_r_000000",
    "inputBytes" : 5100000120,
    "inputRecords" : 50000000,
    "outputBytes" : 5000000000,
    "outputRecords" : 50000000
  } ],
  "directDependantJobs" : [ ],
  "successfulMapAttemptCDFs" : [ {
    "maximum" : 5876,
    "minimum" : 4925,
    "rankings" : [ {
      "datum" : 4925,
      "relativeRanking" : 0.05
    }, {
      "datum" : 4925,
      "relativeRanking" : 0.1
    }, {
      "datum" : 4925,
      "relativeRanking" : 0.15
    }, {
      "datum" : 4925,
      "relativeRanking" : 0.2
    }, {
      "datum" : 4925,
      "relativeRanking" : 0.25
    }, {
      "datum" : 4925,
      "relativeRanking" : 0.3
    }, {
      "datum" : 4925,
      "relativeRanking" : 0.35
    }, {
      "datum" : 4925,
      "relativeRanking" : 0.4
    }, {
      "datum" : 4925,
      "relativeRanking" : 0.45
    }, {
      "datum" : 4925,
      "relativeRanking" : 0.5
    }, {
      "datum" : 4925,
      "relativeRanking" : 0.55
    }, {
      "datum" : 4925,
      "relativeRanking" : 0.6
    }, {
      "datum" : 4925,
      "relativeRanking" : 0.65
    }, {
      "datum" : 4925,
      "relativeRanking" : 0.7
    }, {
      "datum" : 4925,
      "relativeRanking" : 0.75
    }, {
      "datum" : 4925,
      "relativeRanking" : 0.8
    }, {
      "datum" : 4925,
      "relativeRanking" : 0.85
    }, {
      "datum" : 4925,
      "relativeRanking" : 0.9
    }, {
      "datum" : 4925,
      "relativeRanking" : 0.95
    } ],
    "numberValues" : 2
  }, {
    "maximum" : 39650,
    "minimum" : 8982,
    "rankings" : [ {
      "datum" : 8982,
      "relativeRanking" : 0.05
    }, {
      "datum" : 8982,
      "relativeRanking" : 0.1
    }, {
      "datum" : 10399,
      "relativeRanking" : 0.15
    }, {
      "datum" : 13040,
      "relativeRanking" : 0.2
    }, {
      "datum" : 13389,
      "relativeRanking" : 0.25
    }, {
      "datum" : 13776,
      "relativeRanking" : 0.3
    }, {
      "datum" : 13916,
      "relativeRanking" : 0.35
    }, {
      "datum" : 15996,
      "relativeRanking" : 0.4
    }, {
      "datum" : 17097,
      "relativeRanking" : 0.45
    }, {
      "datum" : 18991,
      "relativeRanking" : 0.5
    }, {
      "datum" : 18991,
      "relativeRanking" : 0.55
    }, {
      "datum" : 19751,
      "relativeRanking" : 0.6
    }, {
      "datum" : 20003,
      "relativeRanking" : 0.65
    }, {
      "datum" : 20074,
      "relativeRanking" : 0.7
    }, {
      "datum" : 20392,
      "relativeRanking" : 0.75
    }, {
      "datum" : 22723,
      "relativeRanking" : 0.8
    }, {
      "datum" : 24810,
      "relativeRanking" : 0.85
    }, {
      "datum" : 26543,
      "relativeRanking" : 0.9
    }, {
      "datum" : 35423,
      "relativeRanking" : 0.95
    } ],
    "numberValues" : 18
  }, {
    "maximum" : 9223372036854775807,
    "minimum" : -9223372036854775808,
    "rankings" : [ ],
    "numberValues" : 0
  }, {
    "maximum" : 9223372036854775807,
    "minimum" : -9223372036854775808,
    "rankings" : [ ],
    "numberValues" : 0
  } ],
  "failedMapAttemptCDFs" : [ {
    "maximum" : 9223372036854775807,
    "minimum" : -9223372036854775808,
    "rankings" : [ ],
    "numberValues" : 0
  }, {
    "maximum" : 9223372036854775807,
    "minimum" : -9223372036854775808,
    "rankings" : [ ],
    "numberValues" : 0
  }, {
    "maximum" : 9223372036854775807,
    "minimum" : -9223372036854775808,
    "rankings" : [ ],
    "numberValues" : 0
  }, {
    "maximum" : 9223372036854775807,
    "minimum" : -9223372036854775808,
    "rankings" : [ ],
    "numberValues" : 0
  } ],
  "successfulReduceAttemptCDF" : {
    "maximum" : 245990,
    "minimum" : 245990,
    "rankings" : [ {
      "datum" : 245990,
      "relativeRanking" : 0.05
    }, {
      "datum" : 245990,
      "relativeRanking" : 0.1
    }, {
      "datum" : 245990,
      "relativeRanking" : 0.15
    }, {
      "datum" : 245990,
      "relativeRanking" : 0.2
    }, {
      "datum" : 245990,
      "relativeRanking" : 0.25
    }, {
      "datum" : 245990,
      "relativeRanking" : 0.3
    }, {
      "datum" : 245990,
      "relativeRanking" : 0.35
    }, {
      "datum" : 245990,
      "relativeRanking" : 0.4
    }, {
      "datum" : 245990,
      "relativeRanking" : 0.45
    }, {
      "datum" : 245990,
      "relativeRanking" : 0.5
    }, {
      "datum" : 245990,
      "relativeRanking" : 0.55
    }, {
      "datum" : 245990,
      "relativeRanking" : 0.6
    }, {
      "datum" : 245990,
      "relativeRanking" : 0.65
    }, {
      "datum" : 245990,
      "relativeRanking" : 0.7
    }, {
      "datum" : 245990,
      "relativeRanking" : 0.75
    }, {
      "datum" : 245990,
      "relativeRanking" : 0.8
    }, {
      "datum" : 245990,
      "relativeRanking" : 0.85
    }, {
      "datum" : 245990,
      "relativeRanking" : 0.9
    }, {
      "datum" : 245990,
      "relativeRanking" : 0.95
    } ],
    "numberValues" : 1
  },
  "failedReduceAttemptCDF" : {
    "maximum" : 9223372036854775807,
    "minimum" : -9223372036854775808,
    "rankings" : [ ],
    "numberValues" : 0
  },
  "mapperTriesToSucceed" : [ 1.0 ],
  "failedMapperFraction" : 0.0,
  "relativeTime" : 0,
  "clusterMapMB" : -1,
  "clusterReduceMB" : -1,
  "jobMapMB" : 200,
  "jobReduceMB" : 200
}