{
  "jobID" : "job_201407031547_1842",
  "user" : "itri-hadoop",
  "jobName" : "TeraSort",
  "queue" : "default",
  "jobProperties" : {
    "fs.s3n.impl" : "org.apache.hadoop.fs.s3native.NativeS3FileSystem",
    "mapred.task.cache.levels" : "2",
    "mapreduce.job.restart.recover" : "true",
    "mapreduce.job.counters.max" : "120",
    "dfs.client.use.datanode.hostname" : "false",
    "hadoop.tmp.dir" : "/tmp/hadoop-${user.name}",
    "hadoop.native.lib" : "true",
    "map.sort.class" : "org.apache.hadoop.util.QuickSort",
    "dfs.namenode.decommission.nodes.per.interval" : "5",
    "dfs.https.need.client.auth" : "false",
    "dfs.datanode.drop.cache.behind.writes" : "false",
    "ipc.client.idlethreshold" : "4000",
    "mapred.system.dir" : "${hadoop.tmp.dir}/mapred/system",
    "dfs.datanode.data.dir.perm" : "755",
    "mapred.job.tracker.persist.jobstatus.hours" : "0",
    "dfs.namenode.logging.level" : "info",
    "dfs.datanode.address" : "0.0.0.0:50010",
    "io.skip.checksum.errors" : "false",
    "dfs.block.access.token.enable" : "false",
    "fs.default.name" : "hdfs://Master1:9000",
    "mapred.cluster.reduce.memory.mb" : "-1",
    "mapred.child.tmp" : "./tmp",
    "fs.har.impl.disable.cache" : "true",
    "dfs.safemode.threshold.pct" : "0.999f",
    "mapred.skip.reduce.max.skip.groups" : "0",
    "mapred.heartbeats.in.second" : "100",
    "dfs.namenode.handler.count" : "10",
    "dfs.blockreport.initialDelay" : "0",
    "mapred.tasktracker.dns.nameserver" : "default",
    "io.sort.factor" : "10",
    "dfs.datanode.drop.cache.behind.reads" : "false",
    "mapred.task.timeout" : "600000",
    "mapred.max.tracker.failures" : "4",
    "hadoop.rpc.socket.factory.class.default" : "org.apache.hadoop.net.StandardSocketFactory",
    "mapred.job.tracker.jobhistory.lru.cache.size" : "5",
    "fs.hdfs.impl" : "org.apache.hadoop.hdfs.DistributedFileSystem",
    "mapred.queue.default.acl-administer-jobs" : "*",
    "dfs.namenode.stale.datanode.interval" : "30000",
    "mapred.output.key.class" : "org.apache.hadoop.io.Text",
    "dfs.block.access.key.update.interval" : "600",
    "mapred.skip.map.auto.incr.proc.count" : "true",
    "mapreduce.job.complete.cancel.delegation.tokens" : "true",
    "io.mapfile.bloom.size" : "1048576",
    "mapreduce.reduce.shuffle.connect.timeout" : "180000",
    "dfs.safemode.extension" : "30000",
    "mapred.jobtracker.blacklist.fault-timeout-window" : "180",
    "dfs.namenode.write.stale.datanode.ratio" : "0.5f",
    "hadoop.skip.worker.version.check" : "false",
    "tasktracker.http.threads" : "40",
    "net.topology.impl" : "org.apache.hadoop.net.NetworkTopology",
    "mapred.job.shuffle.merge.percent" : "0.8",
    "fs.ftp.impl" : "org.apache.hadoop.fs.ftp.FTPFileSystem",
    "user.name" : "itri-hadoop",
    "dfs.namenode.kerberos.internal.spnego.principal" : "${dfs.web.authentication.kerberos.principal}",
    "mapred.output.compress" : "true",
    "io.bytes.per.checksum" : "512",
    "mapred.combine.recordsBeforeProgress" : "10000",
    "mapred.healthChecker.script.timeout" : "600000",
    "mapred.cache.files.filesizes" : "264",
    "topology.node.switch.mapping.impl" : "org.apache.hadoop.net.ScriptBasedMapping",
    "dfs.https.server.keystore.resource" : "ssl-server.xml",
    "mapred.reduce.slowstart.completed.maps" : "0.06",
    "mapred.reduce.max.attempts" : "4",
    "dfs.namenode.safemode.min.datanodes" : "0",
    "mapreduce.ifile.readahead.bytes" : "4194304",
    "fs.ramfs.impl" : "org.apache.hadoop.fs.InMemoryFileSystem",
    "dfs.block.access.token.lifetime" : "600",
    "mapred.skip.map.max.skip.records" : "0",
    "dfs.name.edits.dir" : "${dfs.name.dir}",
    "mapred.cluster.map.memory.mb" : "-1",
    "hadoop.security.group.mapping" : "org.apache.hadoop.security.ShellBasedUnixGroupsMapping",
    "mapred.job.tracker.persist.jobstatus.dir" : "/jobtracker/jobsInfo",
    "mapred.jar" : "hdfs://Master1:9000/tmp/hadoop-itri-hadoop/mapred/staging/itri-hadoop/.staging/job_201407031547_1842/job.jar",
    "fs.s3.buffer.dir" : "${hadoop.tmp.dir}/s3",
    "dfs.block.size" : "67108864",
    "job.end.retry.attempts" : "0",
    "fs.file.impl" : "org.apache.hadoop.fs.LocalFileSystem",
    "dfs.namenode.avoid.write.stale.datanode" : "false",
    "dfs.datanode.max.xcievers" : "4096",
    "mapred.local.dir.minspacestart" : "0",
    "mapred.output.compression.type" : "RECORD",
    "dfs.datanode.ipc.address" : "0.0.0.0:50020",
    "dfs.permissions" : "true",
    "topology.script.number.args" : "100",
    "mapreduce.job.counters.groups.max" : "50",
    "io.mapfile.bloom.error.rate" : "0.005",
    "mapred.cluster.max.reduce.memory.mb" : "-1",
    "mapred.max.tracker.blacklists" : "4",
    "mapred.task.profile.maps" : "0-2",
    "mapred.jobtracker.jobSchedulable" : "org.apache.hadoop.mapred.JobSchedulable",
    "dfs.datanode.https.address" : "0.0.0.0:50475",
    "mapred.userlog.retain.hours" : "24",
    "dfs.secondary.http.address" : "0.0.0.0:50090",
    "dfs.namenode.replication.work.multiplier.per.iteration" : "2",
    "dfs.replication.max" : "512",
    "mapred.job.tracker.persist.jobstatus.active" : "false",
    "hadoop.security.authorization" : "false",
    "local.cache.size" : "10737418240",
    "mapred.min.split.size" : "134217728",
    "dfs.namenode.delegation.token.renew-interval" : "86400000",
    "mapred.map.tasks" : "38",
    "mapred.child.java.opts" : "-Xmx200m",
    "mapred.partitioner.class" : "org.apache.hadoop.examples.terasort.TeraSort$TotalOrderPartitioner",
    "mapred.output.value.class" : "org.apache.hadoop.io.Text",
    "dfs.https.client.keystore.resource" : "ssl-client.xml",
    "ipc.client.fallback-to-simple-auth-allowed" : "false",
    "mapred.job.queue.name" : "default",
    "mapred.job.tracker.retiredjobs.cache.size" : "1000",
    "dfs.https.address" : "0.0.0.0:50470",
    "dfs.balance.bandwidthPerSec" : "1048576",
    "ipc.server.listen.queue.size" : "128",
    "dfs.namenode.invalidate.work.pct.per.iteration" : "0.32f",
    "mapred.inmem.merge.threshold" : "1100",
    "job.end.retry.interval" : "30000",
    "mapred.skip.attempts.to.start.skipping" : "2",
    "mapreduce.tasktracker.outofband.heartbeat.damper" : "1000000",
    "hadoop.security.use-weak-http-crypto" : "false",
    "fs.checkpoint.dir" : "${hadoop.tmp.dir}/dfs/namesecondary",
    "dfs.namenode.avoid.read.stale.datanode" : "false",
    "mapred.reduce.tasks" : "6",
    "mapred.merge.recordsBeforeProgress" : "10000",
    "mapred.userlog.limit.kb" : "0",
    "mapred.job.reduce.memory.mb" : "-1",
    "webinterface.private.actions" : "false",
    "dfs.max.objects" : "0",
    "hadoop.security.token.service.use_ip" : "true",
    "io.sort.spill.percent" : "0.5",
    "mapred.job.shuffle.input.buffer.percent" : "0.6",
    "mapred.map.tasks.speculative.execution" : "true",
    "hadoop.http.authentication.type" : "simple",
    "mapred.job.name" : "TeraSort",
    "hadoop.util.hash.type" : "murmur",
    "dfs.datanode.dns.nameserver" : "default",
    "hadoop.security.instrumentation.requires.admin" : "false",
    "dfs.blockreport.intervalMsec" : "3600000",
    "dfs.datanode.readahead.bytes" : "4193404",
    "mapred.map.max.attempts" : "4",
    "mapreduce.job.acl-view-job" : " ",
    "mapreduce.ifile.readahead" : "true",
    "mapred.jobtracker.nodegroup.aware" : "false",
    "mapred.job.tracker.handler.count" : "10",
    "dfs.client.block.write.retries" : "3",
    "mapred.input.format.class" : "org.apache.hadoop.examples.terasort.TeraInputFormat",
    "mapreduce.reduce.shuffle.read.timeout" : "180000",
    "mapred.tasktracker.expiry.interval" : "600000",
    "dfs.secondary.namenode.kerberos.internal.spnego.principal" : "${dfs.web.authentication.kerberos.principal}",
    "dfs.https.enable" : "false",
    "mapred.jobtracker.job.history.block.size" : "3145728",
    "mapred.jobtracker.maxtasks.per.job" : "-1",
    "keep.failed.task.files" : "false",
    "dfs.datanode.use.datanode.hostname" : "false",
    "mapred.output.format.class" : "org.apache.hadoop.examples.terasort.TeraOutputFormat",
    "dfs.datanode.failed.volumes.tolerated" : "0",
    "ipc.client.tcpnodelay" : "false",
    "mapred.task.profile.reduces" : "0-2",
    "io.map.index.skip" : "0",
    "mapred.output.compression.codec" : "org.apache.hadoop.io.compress.DefaultCodec",
    "hadoop.http.authentication.token.validity" : "36000",
    "ipc.server.tcpnodelay" : "false",
    "hadoop.jetty.logs.serve.aliases" : "true",
    "mapred.working.dir" : "hdfs://Master1:9000/user/itri-hadoop",
    "mapred.jobtracker.blacklist.fault-bucket-width" : "15",
    "dfs.namenode.delegation.key.update-interval" : "86400000",
    "mapred.used.genericoptionsparser" : "true",
    "mapred.job.map.memory.mb" : "-1",
    "dfs.default.chunk.view.size" : "32768",
    "hadoop.logfile.size" : "10000000",
    "mapred.cache.files.timestamps" : "1405339649691",
    "mapred.reduce.tasks.speculative.execution" : "true",
    "mapreduce.tasktracker.outofband.heartbeat" : "false",
    "mapreduce.job.dir" : "hdfs://Master1:9000/tmp/hadoop-itri-hadoop/mapred/staging/itri-hadoop/.staging/job_201407031547_1842",
    "mapreduce.reduce.input.limit" : "-1",
    "dfs.datanode.du.reserved" : "0",
    "dfs.datanode.sync.behind.writes" : "false",
    "hadoop.security.authentication" : "simple",
    "fs.checkpoint.period" : "3600",
    "mapred.job.reuse.jvm.num.tasks" : "12",
    "dfs.web.ugi" : "webuser,webgroup",
    "mapred.jobtracker.completeuserjobs.maximum" : "100",
    "dfs.df.interval" : "60000",
    "mapred.task.tracker.task-controller" : "org.apache.hadoop.mapred.DefaultTaskController",
    "dfs.data.dir" : "${hadoop.tmp.dir}/dfs/data",
    "fs.s3.maxRetries" : "4",
    "dfs.datanode.dns.interface" : "default",
    "mapred.cluster.max.map.memory.mb" : "-1",
    "mapreduce.reduce.shuffle.maxfetchfailures" : "10",
    "mapred.map.child.java.opts" : "-Xmx700M",
    "mapreduce.job.acl-modify-job" : " ",
    "fs.hftp.impl" : "org.apache.hadoop.hdfs.HftpFileSystem",
    "mapred.local.dir" : "${hadoop.tmp.dir}/mapred/local",
    "dfs.permissions.supergroup" : "supergroup",
    "fs.s3.sleepTimeSeconds" : "10",
    "fs.trash.interval" : "0",
    "mapred.submit.replication" : "10",
    "dfs.replication.min" : "1",
    "fs.har.impl" : "org.apache.hadoop.fs.HarFileSystem",
    "hadoop.relaxed.worker.version.check" : "false",
    "mapred.map.output.compression.codec" : "org.apache.hadoop.io.compress.DefaultCodec",
    "mapreduce.job.cache.files.visibilities" : "true",
    "mapred.tasktracker.dns.interface" : "default",
    "dfs.http.address" : "0.0.0.0:50070",
    "dfs.namenode.decommission.interval" : "30",
    "mapred.cache.files" : "hdfs://Master1:9000/tera-in5G/_partition.lst#_partition.lst",
    "mapred.job.tracker" : "Master1:9001",
    "dfs.heartbeat.interval" : "3",
    "hadoop.http.authentication.signature.secret.file" : "${user.home}/hadoop-http-auth-signature-secret",
    "io.seqfile.sorter.recordlimit" : "1000000",
    "mapreduce.job.submithost" : "Master1",
    "dfs.name.dir" : "${hadoop.tmp.dir}/dfs/name",
    "mapred.jobtracker.taskScheduler" : "org.apache.hadoop.mapred.JobQueueTaskScheduler",
    "mapred.line.input.format.linespermap" : "1",
    "mapred.create.symlink" : "yes",
    "dfs.datanode.http.address" : "0.0.0.0:50075",
    "fs.webhdfs.impl" : "org.apache.hadoop.hdfs.web.WebHdfsFileSystem",
    "mapred.local.dir.minspacekill" : "0",
    "dfs.image.transfer.bandwidthPerSec" : "0",
    "dfs.replication.interval" : "3",
    "io.sort.record.percent" : "0.09",
    "hadoop.http.authentication.kerberos.principal" : "HTTP/localhost@LOCALHOST",
    "fs.kfs.impl" : "org.apache.hadoop.fs.kfs.KosmosFileSystem",
    "mapred.tasktracker.reduce.tasks.maximum" : "2",
    "mapred.temp.dir" : "${hadoop.tmp.dir}/mapred/temp",
    "dfs.replication" : "1",
    "fs.checkpoint.edits.dir" : "${fs.checkpoint.dir}",
    "mapreduce.jobhistory.max-age-ms" : "2592000000",
    "mapred.tasktracker.tasks.sleeptime-before-sigkill" : "5000",
    "mapred.job.reduce.input.buffer.percent" : "0.7",
    "mapred.tasktracker.indexcache.mb" : "10",
    "dfs.webhdfs.enabled" : "false",
    "mapreduce.job.split.metainfo.maxsize" : "10000000",
    "hadoop.logfile.count" : "10",
    "mapred.skip.reduce.auto.incr.proc.count" : "true",
    "mapreduce.job.submithostaddress" : "192.168.1.100",
    "terasort.final.sync" : "true",
    "io.seqfile.compress.blocksize" : "1000000",
    "fs.s3.block.size" : "67108864",
    "mapred.tasktracker.taskmemorymanager.monitoring-interval" : "5000",
    "hadoop.http.authentication.simple.anonymous.allowed" : "true",
    "mapreduce.jobtracker.staging.root.dir" : "${hadoop.tmp.dir}/mapred/staging",
    "mapred.acls.enabled" : "false",
    "mapred.queue.default.state" : "RUNNING",
    "mapred.queue.names" : "default",
    "fs.hsftp.impl" : "org.apache.hadoop.hdfs.HsftpFileSystem",
    "dfs.access.time.precision" : "3600000",
    "mapred.task.tracker.http.address" : "0.0.0.0:50060",
    "io.seqfile.lazydecompress" : "true",
    "mapred.reduce.parallel.copies" : "5",
    "mapred.disk.healthChecker.interval" : "60000",
    "mapred.output.dir" : "hdfs://Master1:9000/tera-out",
    "ipc.client.connection.maxidletime" : "10000",
    "io.sort.mb" : "100",
    "mapred.reduce.child.java.opts" : "-Xmx900M",
    "mapred.task.tracker.report.address" : "127.0.0.1:0",
    "hadoop.security.uid.cache.secs" : "14400",
    "mapred.compress.map.output" : "false",
    "ipc.client.kill.max" : "10",
    "mapred.healthChecker.interval" : "60000",
    "ipc.client.connect.max.retries" : "10",
    "fs.s3.impl" : "org.apache.hadoop.fs.s3.S3FileSystem",
    "mapred.user.jobconf.limit" : "5242880",
    "mapreduce.job.counters.group.name.max" : "128",
    "mapred.job.tracker.http.address" : "0.0.0.0:50030",
    "mapred.input.dir" : "hdfs://Master1:9000/tera-in5G",
    "io.file.buffer.size" : "4096",
    "mapred.jobtracker.restart.recover" : "false",
    "io.serializations" : "org.apache.hadoop.io.serializer.WritableSerialization",
    "mapred.task.profile" : "false",
    "dfs.datanode.handler.count" : "3",
    "mapreduce.input.num.files" : "2",
    "mapreduce.jobhistory.cleaner.interval-ms" : "86400000",
    "dfs.replication.considerLoad" : "true",
    "jobclient.output.filter" : "FAILED",
    "dfs.namenode.edits.toleration.length" : "0",
    "hadoop.http.authentication.kerberos.keytab" : "${user.home}/hadoop.keytab",
    "dfs.namenode.delegation.token.max-lifetime" : "604800000",
    "mapred.tasktracker.map.tasks.maximum" : "2",
    "fs.checkpoint.size" : "67108864",
    "io.compression.codecs" : "org.apache.hadoop.io.compress.DefaultCodec,org.apache.hadoop.io.compress.GzipCodec,org.apache.hadoop.io.compress.BZip2Codec,org.apache.hadoop.io.compress.SnappyCodec",
    "mapreduce.job.counters.counter.name.max" : "64"
  },
  "computonsPerMapInputByte" : -1,
  "computonsPerMapOutputByte" : -1,
  "computonsPerReduceInputByte" : -1,
  "computonsPerReduceOutputByte" : -1,
  "heapMegabytes" : 200,
  "outcome" : "SUCCESS",
  "jobtype" : "JAVA",
  "directDependantJobs" : [ ],
  "successfulMapAttemptCDFs" : [ {
    "minimum" : 7815,
    "maximum" : 11813,
    "numberValues" : 2,
    "rankings" : [ {
      "relativeRanking" : 0.05,
      "datum" : 7815
    }, {
      "relativeRanking" : 0.1,
      "datum" : 7815
    }, {
      "relativeRanking" : 0.15,
      "datum" : 7815
    }, {
      "relativeRanking" : 0.2,
      "datum" : 7815
    }, {
      "relativeRanking" : 0.25,
      "datum" : 7815
    }, {
      "relativeRanking" : 0.3,
      "datum" : 7815
    }, {
      "relativeRanking" : 0.35,
      "datum" : 7815
    }, {
      "relativeRanking" : 0.4,
      "datum" : 7815
    }, {
      "relativeRanking" : 0.45,
      "datum" : 7815
    }, {
      "relativeRanking" : 0.5,
      "datum" : 7815
    }, {
      "relativeRanking" : 0.55,
      "datum" : 7815
    }, {
      "relativeRanking" : 0.6,
      "datum" : 7815
    }, {
      "relativeRanking" : 0.65,
      "datum" : 7815
    }, {
      "relativeRanking" : 0.7,
      "datum" : 7815
    }, {
      "relativeRanking" : 0.75,
      "datum" : 7815
    }, {
      "relativeRanking" : 0.8,
      "datum" : 7815
    }, {
      "relativeRanking" : 0.85,
      "datum" : 7815
    }, {
      "relativeRanking" : 0.9,
      "datum" : 7815
    }, {
      "relativeRanking" : 0.95,
      "datum" : 7815
    } ]
  }, {
    "minimum" : 4236,
    "maximum" : 27575,
    "numberValues" : 36,
    "rankings" : [ {
      "relativeRanking" : 0.05,
      "datum" : 4236
    }, {
      "relativeRanking" : 0.1,
      "datum" : 5305
    }, {
      "relativeRanking" : 0.15,
      "datum" : 5640
    }, {
      "relativeRanking" : 0.2,
      "datum" : 6513
    }, {
      "relativeRanking" : 0.25,
      "datum" : 7449
    }, {
      "relativeRanking" : 0.3,
      "datum" : 7652
    }, {
      "relativeRanking" : 0.35,
      "datum" : 7896
    }, {
      "relativeRanking" : 0.4,
      "datum" : 9712
    }, {
      "relativeRanking" : 0.45,
      "datum" : 10718
    }, {
      "relativeRanking" : 0.5,
      "datum" : 11685
    }, {
      "relativeRanking" : 0.55,
      "datum" : 12222
    }, {
      "relativeRanking" : 0.6,
      "datum" : 12968
    }, {
      "relativeRanking" : 0.65,
      "datum" : 14038
    }, {
      "relativeRanking" : 0.7,
      "datum" : 14521
    }, {
      "relativeRanking" : 0.75,
      "datum" : 14966
    }, {
      "relativeRanking" : 0.8,
      "datum" : 15177
    }, {
      "relativeRanking" : 0.85,
      "datum" : 16161
    }, {
      "relativeRanking" : 0.9,
      "datum" : 19105
    }, {
      "relativeRanking" : 0.95,
      "datum" : 21934
    } ]
  }, {
    "minimum" : -9223372036854775808,
    "maximum" : 9223372036854775807,
    "numberValues" : 0,
    "rankings" : [ ]
  }, {
    "minimum" : -9223372036854775808,
    "maximum" : 9223372036854775807,
    "numberValues" : 0,
    "rankings" : [ ]
  } ],
  "failedMapAttemptCDFs" : [ {
    "minimum" : -9223372036854775808,
    "maximum" : 9223372036854775807,
    "numberValues" : 0,
    "rankings" : [ ]
  }, {
    "minimum" : -9223372036854775808,
    "maximum" : 9223372036854775807,
    "numberValues" : 0,
    "rankings" : [ ]
  }, {
    "minimum" : -9223372036854775808,
    "maximum" : 9223372036854775807,
    "numberValues" : 0,
    "rankings" : [ ]
  }, {
    "minimum" : -9223372036854775808,
    "maximum" : 9223372036854775807,
    "numberValues" : 0,
    "rankings" : [ ]
  } ],
  "successfulReduceAttemptCDF" : {
    "minimum" : 73991,
    "maximum" : 89043,
    "numberValues" : 6,
    "rankings" : [ {
      "relativeRanking" : 0.05,
      "datum" : 73991
    }, {
      "relativeRanking" : 0.1,
      "datum" : 73991
    }, {
      "relativeRanking" : 0.15,
      "datum" : 73991
    }, {
      "relativeRanking" : 0.2,
      "datum" : 73991
    }, {
      "relativeRanking" : 0.25,
      "datum" : 73991
    }, {
      "relativeRanking" : 0.3,
      "datum" : 73991
    }, {
      "relativeRanking" : 0.35,
      "datum" : 74173
    }, {
      "relativeRanking" : 0.4,
      "datum" : 74173
    }, {
      "relativeRanking" : 0.45,
      "datum" : 74173
    }, {
      "relativeRanking" : 0.5,
      "datum" : 79139
    }, {
      "relativeRanking" : 0.55,
      "datum" : 79139
    }, {
      "relativeRanking" : 0.6,
      "datum" : 79139
    }, {
      "relativeRanking" : 0.65,
      "datum" : 79139
    }, {
      "relativeRanking" : 0.7,
      "datum" : 80366
    }, {
      "relativeRanking" : 0.75,
      "datum" : 80366
    }, {
      "relativeRanking" : 0.8,
      "datum" : 80366
    }, {
      "relativeRanking" : 0.85,
      "datum" : 87530
    }, {
      "relativeRanking" : 0.9,
      "datum" : 87530
    }, {
      "relativeRanking" : 0.95,
      "datum" : 87530
    } ]
  },
  "failedReduceAttemptCDF" : {
    "minimum" : -9223372036854775808,
    "maximum" : 9223372036854775807,
    "numberValues" : 0,
    "rankings" : [ ]
  },
  "mapperTriesToSucceed" : [ 1.0 ],
  "failedMapperFraction" : 0.0,
  "relativeTime" : 0,
  "clusterMapMB" : -1,
  "clusterReduceMB" : -1,
  "jobMapMB" : 200,
  "jobReduceMB" : 200,
  "mapTasks" : [ {
    "startTime" : 1405339651707,
    "attempts" : [ {
      "result" : "SUCCESS",
      "startTime" : 1405339651708,
      "finishTime" : 1405339663521,
      "attemptID" : "attempt_201407031547_1842_m_000036_0",
      "shuffleFinished" : -1,
      "sortFinished" : -1,
      "hdfsBytesRead" : 84080989,
      "hdfsBytesWritten" : -1,
      "fileBytesRead" : 85792398,
      "fileBytesWritten" : 171585375,
      "mapInputRecords" : 840808,
      "mapOutputBytes" : 84080800,
      "mapOutputRecords" : 840808,
      "combineInputRecords" : 0,
      "reduceInputGroups" : -1,
      "reduceInputRecords" : -1,
      "reduceShuffleBytes" : -1,
      "reduceOutputRecords" : -1,
      "spilledRecords" : 1681616,
      "mapInputBytes" : 84080800,
      "resourceUsageMetrics" : {
        "cumulativeCpuUsage" : 3410,
        "virtualMemoryUsage" : 942391296,
        "physicalMemoryUsage" : 175230976,
        "heapUsage" : 177471488
      },
      "location" : {
        "layers" : [ "default-rack", "Master1" ]
      },
      "hostName" : "/default-rack/Master1"
    } ],
    "finishTime" : 1405339663702,
    "preferredLocations" : [ {
      "layers" : [ "default-rack", "Master1" ]
    }, {
      "layers" : [ "default-rack", "Slave12" ]
    }, {
      "layers" : [ "default-rack", "Slave11" ]
    } ],
    "taskType" : "MAP",
    "taskStatus" : "SUCCESS",
    "taskID" : "task_201407031547_1842_m_000036",
    "inputBytes" : 84080989,
    "inputRecords" : 840808,
    "outputBytes" : 171585375,
    "outputRecords" : 840808
  }, {
    "startTime" : 1405339651707,
    "attempts" : [ {
      "result" : "SUCCESS",
      "startTime" : 1405339651708,
      "finishTime" : 1405339659360,
      "attemptID" : "attempt_201407031547_1842_m_000000_0",
      "shuffleFinished" : -1,
      "sortFinished" : -1,
      "hdfsBytesRead" : 134221917,
      "hdfsBytesWritten" : -1,
      "fileBytesRead" : 136956754,
      "fileBytesWritten" : 273864926,
      "mapInputRecords" : 1342178,
      "mapOutputBytes" : 134217800,
      "mapOutputRecords" : 1342178,
      "combineInputRecords" : 0,
      "reduceInputGroups" : -1,
      "reduceInputRecords" : -1,
      "reduceShuffleBytes" : -1,
      "reduceOutputRecords" : -1,
      "spilledRecords" : 2684356,
      "mapInputBytes" : 134217800,
      "resourceUsageMetrics" : {
        "cumulativeCpuUsage" : 5030,
        "virtualMemoryUsage" : 940593152,
        "physicalMemoryUsage" : 176197632,
        "heapUsage" : 190840832
      },
      "location" : {
        "layers" : [ "default-rack", "Master1" ]
      },
      "hostName" : "/default-rack/Master1"
    } ],
    "finishTime" : 1405339659558,
    "preferredLocations" : [ {
      "layers" : [ "default-rack", "192\\.168\\.1\\.102" ]
    }, {
      "layers" : [ "default-rack", "192\\.168\\.1\\.100" ]
    }, {
      "layers" : [ "default-rack", "192\\.168\\.1\\.103" ]
    } ],
    "taskType" : "MAP",
    "taskStatus" : "SUCCESS",
    "taskID" : "task_201407031547_1842_m_000000",
    "inputBytes" : 134221917,
    "inputRecords" : 1342178,
    "outputBytes" : 273864926,
    "outputRecords" : 1342178
  }, {
    "startTime" : 1405339651828,
    "attempts" : [ {
      "result" : "SUCCESS",
      "startTime" : 1405339643504,
      "finishTime" : 1405339651319,
      "attemptID" : "attempt_201407031547_1842_m_000037_0",
      "shuffleFinished" : -1,
      "sortFinished" : -1,
      "hdfsBytesRead" : 84080989,
      "hdfsBytesWritten" : -1,
      "fileBytesRead" : 85794062,
      "fileBytesWritten" : 171585375,
      "mapInputRecords" : 840808,
      "mapOutputBytes" : 84080800,
      "mapOutputRecords" : 840808,
      "combineInputRecords" : 0,
      "reduceInputGroups" : -1,
      "reduceInputRecords" : -1,
      "reduceShuffleBytes" : -1,
      "reduceOutputRecords" : -1,
      "spilledRecords" : 1681616,
      "mapInputBytes" : 84080800,
      "resourceUsageMetrics" : {
        "cumulativeCpuUsage" : 3740,
        "virtualMemoryUsage" : 940195840,
        "physicalMemoryUsage" : 172257280,
        "heapUsage" : 177471488
      },
      "location" : {
        "layers" : [ "default-rack", "Slave12" ]
      },
      "hostName" : "/default-rack/Slave12"
    } ],
    "finishTime" : 1405339659859,
    "preferredLocations" : [ {
      "layers" : [ "default-rack", "Slave12" ]
    }, {
      "layers" : [ "default-rack", "Slave11" ]
    }, {
      "layers" : [ "default-rack", "Slave13" ]
    } ],
    "taskType" : "MAP",
    "taskStatus" : "SUCCESS",
    "taskID" : "task_201407031547_1842_m_000037",
    "inputBytes" : 84080989,
    "inputRecords" : 840808,
    "outputBytes" : 171585375,
    "outputRecords" : 840808
  }, {
    "startTime" : 1405339651828,
    "attempts" : [ {
      "result" : "SUCCESS",
      "startTime" : 1405339643504,
      "finishTime" : 1405339654222,
      "attemptID" : "attempt_201407031547_1842_m_000001_0",
      "shuffleFinished" : -1,
      "sortFinished" : -1,
      "hdfsBytesRead" : 134221917,
      "hdfsBytesWritten" : -1,
      "fileBytesRead" : 136956690,
      "fileBytesWritten" : 273864722,
      "mapInputRecords" : 1342177,
      "mapOutputBytes" : 134217700,
      "mapOutputRecords" : 1342177,
      "combineInputRecords" : 0,
      "reduceInputGroups" : -1,
      "reduceInputRecords" : -1,
      "reduceShuffleBytes" : -1,
      "reduceOutputRecords" : -1,
      "spilledRecords" : 2684354,
      "mapInputBytes" : 134217700,
      "resourceUsageMetrics" : {
        "cumulativeCpuUsage" : 5320,
        "virtualMemoryUsage" : 941944832,
        "physicalMemoryUsage" : 178343936,
        "heapUsage" : 177471488
      },
      "location" : {
        "layers" : [ "default-rack", "Slave12" ]
      },
      "hostName" : "/default-rack/Slave12"
    } ],
    "finishTime" : 1405339663033,
    "preferredLocations" : [ {
      "layers" : [ "default-rack", "192\\.168\\.1\\.100" ]
    }, {
      "layers" : [ "default-rack", "192\\.168\\.1\\.103" ]
    }, {
      "layers" : [ "default-rack", "192\\.168\\.1\\.102" ]
    } ],
    "taskType" : "MAP",
    "taskStatus" : "SUCCESS",
    "taskID" : "task_201407031547_1842_m_000001",
    "inputBytes" : 134221917,
    "inputRecords" : 1342177,
    "outputBytes" : 273864722,
    "outputRecords" : 1342177
  }, {
    "startTime" : 1405339651957,
    "attempts" : [ {
      "result" : "SUCCESS",
      "startTime" : 1405339648184,
      "finishTime" : 1405339662222,
      "attemptID" : "attempt_201407031547_1842_m_000002_0",
      "shuffleFinished" : -1,
      "sortFinished" : -1,
      "hdfsBytesRead" : 134221917,
      "hdfsBytesWritten" : -1,
      "fileBytesRead" : 136944016,
      "fileBytesWritten" : 273864721,
      "mapInputRecords" : 1342177,
      "mapOutputBytes" : 134217700,
      "mapOutputRecords" : 1342177,
      "combineInputRecords" : 0,
      "reduceInputGroups" : -1,
      "reduceInputRecords" : -1,
      "reduceShuffleBytes" : -1,
      "reduceOutputRecords" : -1,
      "spilledRecords" : 2684354,
      "mapInputBytes" : 134217700,
      "resourceUsageMetrics" : {
        "cumulativeCpuUsage" : 5450,
        "virtualMemoryUsage" : 943583232,
        "physicalMemoryUsage" : 178155520,
        "heapUsage" : 193462272
      },
      "location" : {
        "layers" : [ "default-rack", "Slave13" ]
      },
      "hostName" : "/default-rack/Slave13"
    } ],
    "finishTime" : 1405339666272,
    "preferredLocations" : [ {
      "layers" : [ "default-rack", "192\\.168\\.1\\.100" ]
    }, {
      "layers" : [ "default-rack", "192\\.168\\.1\\.102" ]
    }, {
      "layers" : [ "default-rack", "192\\.168\\.1\\.101" ]
    } ],
    "taskType" : "MAP",
    "taskStatus" : "SUCCESS",
    "taskID" : "task_201407031547_1842_m_000002",
    "inputBytes" : 134221917,
    "inputRecords" : 1342177,
    "outputBytes" : 273864721,
    "outputRecords" : 1342177
  }, {
    "startTime" : 1405339651957,
    "attempts" : [ {
      "result" : "SUCCESS",
      "startTime" : 1405339648184,
      "finishTime" : 1405339654878,
      "attemptID" : "attempt_201407031547_1842_m_000003_0",
      "shuffleFinished" : -1,
      "sortFinished" : -1,
      "hdfsBytesRead" : 134221917,
      "hdfsBytesWritten" : -1,
      "fileBytesRead" : 136950634,
      "fileBytesWritten" : 273864925,
      "mapInputRecords" : 1342178,
      "mapOutputBytes" : 134217800,
      "mapOutputRecords" : 1342178,
      "combineInputRecords" : 0,
      "reduceInputGroups" : -1,
      "reduceInputRecords" : -1,
      "reduceShuffleBytes" : -1,
      "reduceOutputRecords" : -1,
      "spilledRecords" : 2684356,
      "mapInputBytes" : 134217800,
      "resourceUsageMetrics" : {
        "cumulativeCpuUsage" : 5140,
        "virtualMemoryUsage" : 941010944,
        "physicalMemoryUsage" : 168022016,
        "heapUsage" : 177471488
      },
      "location" : {
        "layers" : [ "default-rack", "Slave13" ]
      },
      "hostName" : "/default-rack/Slave13"
    } ],
    "finishTime" : 1405339659256,
    "preferredLocations" : [ {
      "layers" : [ "default-rack", "192\\.168\\.1\\.102" ]
    }, {
      "layers" : [ "default-rack", "192\\.168\\.1\\.100" ]
    }, {
      "layers" : [ "default-rack", "192\\.168\\.1\\.103" ]
    } ],
    "taskType" : "MAP",
    "taskStatus" : "SUCCESS",
    "taskID" : "task_201407031547_1842_m_000003",
    "inputBytes" : 134221917,
    "inputRecords" : 1342178,
    "outputBytes" : 273864925,
    "outputRecords" : 1342178
  }, {
    "startTime" : 1405339651982,
    "attempts" : [ {
      "result" : "SUCCESS",
      "startTime" : 1405339660854,
      "finishTime" : 1405339671318,
      "attemptID" : "attempt_201407031547_1842_m_000004_0",
      "shuffleFinished" : -1,
      "sortFinished" : -1,
      "hdfsBytesRead" : 134221917,
      "hdfsBytesWritten" : -1,
      "fileBytesRead" : 136950204,
      "fileBytesWritten" : 273864722,
      "mapInputRecords" : 1342177,
      "mapOutputBytes" : 134217700,
      "mapOutputRecords" : 1342177,
      "combineInputRecords" : 0,
      "reduceInputGroups" : -1,
      "reduceInputRecords" : -1,
      "reduceShuffleBytes" : -1,
      "reduceOutputRecords" : -1,
      "spilledRecords" : 2684354,
      "mapInputBytes" : 134217700,
      "resourceUsageMetrics" : {
        "cumulativeCpuUsage" : 4720,
        "virtualMemoryUsage" : 941424640,
        "physicalMemoryUsage" : 176795648,
        "heapUsage" : 189530112
      },
      "location" : {
        "layers" : [ "default-rack", "Slave11" ]
      },
      "hostName" : "/default-rack/Slave11"
    } ],
    "finishTime" : 1405339662875,
    "preferredLocations" : [ {
      "layers" : [ "default-rack", "192\\.168\\.1\\.101" ]
    }, {
      "layers" : [ "default-rack", "192\\.168\\.1\\.100" ]
    }, {
      "layers" : [ "default-rack", "192\\.168\\.1\\.102" ]
    } ],
    "taskType" : "MAP",
    "taskStatus" : "SUCCESS",
    "taskID" : "task_201407031547_1842_m_000004",
    "inputBytes" : 134221917,
    "inputRecords" : 1342177,
    "outputBytes" : 273864722,
    "outputRecords" : 1342177
  }, {
    "startTime" : 1405339651982,
    "attempts" : [ {
      "result" : "SUCCESS",
      "startTime" : 1405339660854,
      "finishTime" : 1405339677015,
      "attemptID" : "attempt_201407031547_1842_m_000005_0",
      "shuffleFinished" : -1,
      "sortFinished" : -1,
      "hdfsBytesRead" : 134221917,
      "hdfsBytesWritten" : -1,
      "fileBytesRead" : 136959100,
      "fileBytesWritten" : 273864722,
      "mapInputRecords" : 1342177,
      "mapOutputBytes" : 134217700,
      "mapOutputRecords" : 1342177,
      "combineInputRecords" : 0,
      "reduceInputGroups" : -1,
      "reduceInputRecords" : -1,
      "reduceShuffleBytes" : -1,
      "reduceOutputRecords" : -1,
      "spilledRecords" : 2684354,
      "mapInputBytes" : 134217700,
      "resourceUsageMetrics" : {
        "cumulativeCpuUsage" : 5000,
        "virtualMemoryUsage" : 938565632,
        "physicalMemoryUsage" : 174915584,
        "heapUsage" : 189267968
      },
      "location" : {
        "layers" : [ "default-rack", "Slave11" ]
      },
      "hostName" : "/default-rack/Slave11"
    } ],
    "finishTime" : 1405339668608,
    "preferredLocations" : [ {
      "layers" : [ "default-rack", "192\\.168\\.1\\.103" ]
    }, {
      "layers" : [ "default-rack", "192\\.168\\.1\\.100" ]
    }, {
      "layers" : [ "default-rack", "192\\.168\\.1\\.101" ]
    } ],
    "taskType" : "MAP",
    "taskStatus" : "SUCCESS",
    "taskID" : "task_201407031547_1842_m_000005",
    "inputBytes" : 134221917,
    "inputRecords" : 1342177,
    "outputBytes" : 273864722,
    "outputRecords" : 1342177
  }, {
    "startTime" : 1405339659257,
    "attempts" : [ {
      "result" : "SUCCESS",
      "startTime" : 1405339655298,
      "finishTime" : 1405339663228,
      "attemptID" : "attempt_201407031547_1842_m_000006_0",
      "shuffleFinished" : -1,
      "sortFinished" : -1,
      "hdfsBytesRead" : 134221917,
      "hdfsBytesWritten" : -1,
      "fileBytesRead" : 136960668,
      "fileBytesWritten" : 273864721,
      "mapInputRecords" : 1342177,
      "mapOutputBytes" : 134217700,
      "mapOutputRecords" : 1342177,
      "combineInputRecords" : 0,
      "reduceInputGroups" : -1,
      "reduceInputRecords" : -1,
      "reduceShuffleBytes" : -1,
      "reduceOutputRecords" : -1,
      "spilledRecords" : 2684354,
      "mapInputBytes" : 134217700,
      "resourceUsageMetrics" : {
        "cumulativeCpuUsage" : 3570,
        "virtualMemoryUsage" : 941674496,
        "physicalMemoryUsage" : 274739200,
        "heapUsage" : 273154048
      },
      "location" : {
        "layers" : [ "default-rack", "Slave13" ]
      },
      "hostName" : "/default-rack/Slave13"
    } ],
    "finishTime" : 1405339667490,
    "preferredLocations" : [ {
      "layers" : [ "default-rack", "192\\.168\\.1\\.100" ]
    }, {
      "layers" : [ "default-rack", "192\\.168\\.1\\.102" ]
    }, {
      "layers" : [ "default-rack", "192\\.168\\.1\\.101" ]
    } ],
    "taskType" : "MAP",
    "taskStatus" : "SUCCESS",
    "taskID" : "task_201407031547_1842_m_000006",
    "inputBytes" : 134221917,
    "inputRecords" : 1342177,
    "outputBytes" : 273864721,
    "outputRecords" : 1342177
  }, {
    "startTime" : 1405339659558,
    "attempts" : [ {
      "result" : "SUCCESS",
      "startTime" : 1405339659559,
      "finishTime" : 1405339674525,
      "attemptID" : "attempt_201407031547_1842_m_000007_0",
      "shuffleFinished" : -1,
      "sortFinished" : -1,
      "hdfsBytesRead" : 134221917,
      "hdfsBytesWritten" : -1,
      "fileBytesRead" : 136958166,
      "fileBytesWritten" : 273864926,
      "mapInputRecords" : 1342178,
      "mapOutputBytes" : 134217800,
      "mapOutputRecords" : 1342178,
      "combineInputRecords" : 0,
      "reduceInputGroups" : -1,
      "reduceInputRecords" : -1,
      "reduceShuffleBytes" : -1,
      "reduceOutputRecords" : -1,
      "spilledRecords" : 2684356,
      "mapInputBytes" : 134217800,
      "resourceUsageMetrics" : {
        "cumulativeCpuUsage" : 3460,
        "virtualMemoryUsage" : 941256704,
        "physicalMemoryUsage" : 286212096,
        "heapUsage" : 304349184
      },
      "location" : {
        "layers" : [ "default-rack", "Master1" ]
      },
      "hostName" : "/default-rack/Master1"
    } ],
    "finishTime" : 1405339674847,
    "preferredLocations" : [ {
      "layers" : [ "default-rack", "192\\.168\\.1\\.101" ]
    }, {
      "layers" : [ "default-rack", "192\\.168\\.1\\.102" ]
    }, {
      "layers" : [ "default-rack", "192\\.168\\.1\\.100" ]
    } ],
    "taskType" : "MAP",
    "taskStatus" : "SUCCESS",
    "taskID" : "task_201407031547_1842_m_000007",
    "inputBytes" : 134221917,
    "inputRecords" : 1342178,
    "outputBytes" : 273864926,
    "outputRecords" : 1342178
  }, {
    "startTime" : 1405339659859,
    "attempts" : [ {
      "result" : "SUCCESS",
      "startTime" : 1405339651825,
      "finishTime" : 1405339657177,
      "attemptID" : "attempt_201407031547_1842_m_000008_0",
      "shuffleFinished" : -1,
      "sortFinished" : -1,
      "hdfsBytesRead" : 134221917,
      "hdfsBytesWritten" : -1,
      "fileBytesRead" : 136957164,
      "fileBytesWritten" : 273864722,
      "mapInputRecords" : 1342177,
      "mapOutputBytes" : 134217700,
      "mapOutputRecords" : 1342177,
      "combineInputRecords" : 0,
      "reduceInputGroups" : -1,
      "reduceInputRecords" : -1,
      "reduceShuffleBytes" : -1,
      "reduceOutputRecords" : -1,
      "spilledRecords" : 2684354,
      "mapInputBytes" : 134217700,
      "resourceUsageMetrics" : {
        "cumulativeCpuUsage" : 3490,
        "virtualMemoryUsage" : 940859392,
        "physicalMemoryUsage" : 273620992,
        "heapUsage" : 273154048
      },
      "location" : {
        "layers" : [ "default-rack", "Slave12" ]
      },
      "hostName" : "/default-rack/Slave12"
    } ],
    "finishTime" : 1405339665856,
    "preferredLocations" : [ {
      "layers" : [ "default-rack", "192\\.168\\.1\\.101" ]
    }, {
      "layers" : [ "default-rack", "192\\.168\\.1\\.100" ]
    }, {
      "layers" : [ "default-rack", "192\\.168\\.1\\.102" ]
    } ],
    "taskType" : "MAP",
    "taskStatus" : "SUCCESS",
    "taskID" : "task_201407031547_1842_m_000008",
    "inputBytes" : 134221917,
    "inputRecords" : 1342177,
    "outputBytes" : 273864722,
    "outputRecords" : 1342177
  }, {
    "startTime" : 1405339662875,
    "attempts" : [ {
      "result" : "SUCCESS",
      "startTime" : 1405339671449,
      "finishTime" : 1405339679133,
      "attemptID" : "attempt_201407031547_1842_m_000009_0",
      "shuffleFinished" : -1,
      "sortFinished" : -1,
      "hdfsBytesRead" : 134221917,
      "hdfsBytesWritten" : -1,
      "fileBytesRead" : 136942372,
      "fileBytesWritten" : 273864722,
      "mapInputRecords" : 1342177,
      "mapOutputBytes" : 134217700,
      "mapOutputRecords" : 1342177,
      "combineInputRecords" : 0,
      "reduceInputGroups" : -1,
      "reduceInputRecords" : -1,
      "reduceShuffleBytes" : -1,
      "reduceOutputRecords" : -1,
      "spilledRecords" : 2684354,
      "mapInputBytes" : 134217700,
      "resourceUsageMetrics" : {
        "cumulativeCpuUsage" : 3360,
        "virtualMemoryUsage" : 942088192,
        "physicalMemoryUsage" : 281759744,
        "heapUsage" : 285212672
      },
      "location" : {
        "layers" : [ "default-rack", "Slave11" ]
      },
      "hostName" : "/default-rack/Slave11"
    } ],
    "finishTime" : 1405339670767,
    "preferredLocations" : [ {
      "layers" : [ "default-rack", "192\\.168\\.1\\.101" ]
    }, {
      "layers" : [ "default-rack", "192\\.168\\.1\\.100" ]
    }, {
      "layers" : [ "default-rack", "192\\.168\\.1\\.103" ]
    } ],
    "taskType" : "MAP",
    "taskStatus" : "SUCCESS",
    "taskID" : "task_201407031547_1842_m_000009",
    "inputBytes" : 134221917,
    "inputRecords" : 1342177,
    "outputBytes" : 273864722,
    "outputRecords" : 1342177
  }, {
    "startTime" : 1405339663033,
    "attempts" : [ {
      "result" : "SUCCESS",
      "startTime" : 1405339654511,
      "finishTime" : 1405339669033,
      "attemptID" : "attempt_201407031547_1842_m_000010_0",
      "shuffleFinished" : -1,
      "sortFinished" : -1,
      "hdfsBytesRead" : 134221917,
      "hdfsBytesWritten" : -1,
      "fileBytesRead" : 136958790,
      "fileBytesWritten" : 273864927,
      "mapInputRecords" : 1342178,
      "mapOutputBytes" : 134217800,
      "mapOutputRecords" : 1342178,
      "combineInputRecords" : 0,
      "reduceInputGroups" : -1,
      "reduceInputRecords" : -1,
      "reduceShuffleBytes" : -1,
      "reduceOutputRecords" : -1,
      "spilledRecords" : 2684356,
      "mapInputBytes" : 134217800,
      "resourceUsageMetrics" : {
        "cumulativeCpuUsage" : 3890,
        "virtualMemoryUsage" : 942608384,
        "physicalMemoryUsage" : 264589312,
        "heapUsage" : 208404480
      },
      "location" : {
        "layers" : [ "default-rack", "Slave12" ]
      },
      "hostName" : "/default-rack/Slave12"
    } ],
    "finishTime" : 1405339677826,
    "preferredLocations" : [ {
      "layers" : [ "default-rack", "192\\.168\\.1\\.101" ]
    }, {
      "layers" : [ "default-rack", "192\\.168\\.1\\.100" ]
    }, {
      "layers" : [ "default-rack", "192\\.168\\.1\\.103" ]
    } ],
    "taskType" : "MAP",
    "taskStatus" : "SUCCESS",
    "taskID" : "task_201407031547_1842_m_000010",
    "inputBytes" : 134221917,
    "inputRecords" : 1342178,
    "outputBytes" : 273864927,
    "outputRecords" : 1342178
  }, {
    "startTime" : 1405339663703,
    "attempts" : [ {
      "result" : "SUCCESS",
      "startTime" : 1405339663703,
      "finishTime" : 1405339673415,
      "attemptID" : "attempt_201407031547_1842_m_000011_0",
      "shuffleFinished" : -1,
      "sortFinished" : -1,
      "hdfsBytesRead" : 134221917,
      "hdfsBytesWritten" : -1,
      "fileBytesRead" : 136951448,
      "fileBytesWritten" : 273864723,
      "mapInputRecords" : 1342177,
      "mapOutputBytes" : 134217700,
      "mapOutputRecords" : 1342177,
      "combineInputRecords" : 0,
      "reduceInputGroups" : -1,
      "reduceInputRecords" : -1,
      "reduceShuffleBytes" : -1,
      "reduceOutputRecords" : -1,
      "spilledRecords" : 2684354,
      "mapInputBytes" : 134217700,
      "resourceUsageMetrics" : {
        "cumulativeCpuUsage" : 3430,
        "virtualMemoryUsage" : 942723072,
        "physicalMemoryUsage" : 282296320,
        "heapUsage" : 273154048
      },
      "location" : {
        "layers" : [ "default-rack", "Master1" ]
      },
      "hostName" : "/default-rack/Master1"
    } ],
    "finishTime" : 1405339673702,
    "preferredLocations" : [ {
      "layers" : [ "default-rack", "192\\.168\\.1\\.102" ]
    }, {
      "layers" : [ "default-rack", "192\\.168\\.1\\.101" ]
    }, {
      "layers" : [ "default-rack", "192\\.168\\.1\\.100" ]
    } ],
    "taskType" : "MAP",
    "taskStatus" : "SUCCESS",
    "taskID" : "task_201407031547_1842_m_000011",
    "inputBytes" : 134221917,
    "inputRecords" : 1342177,
    "outputBytes" : 273864723,
    "outputRecords" : 1342177
  }, {
    "startTime" : 1405339665856,
    "attempts" : [ {
      "result" : "SUCCESS",
      "startTime" : 1405339657334,
      "finishTime" : 1405339668707,
      "attemptID" : "attempt_201407031547_1842_m_000012_0",
      "shuffleFinished" : -1,
      "sortFinished" : -1,
      "hdfsBytesRead" : 134221917,
      "hdfsBytesWritten" : -1,
      "fileBytesRead" : 136949308,
      "fileBytesWritten" : 273864723,
      "mapInputRecords" : 1342177,
      "mapOutputBytes" : 134217700,
      "mapOutputRecords" : 1342177,
      "combineInputRecords" : 0,
      "reduceInputGroups" : -1,
      "reduceInputRecords" : -1,
      "reduceShuffleBytes" : -1,
      "reduceOutputRecords" : -1,
      "spilledRecords" : 2684354,
      "mapInputBytes" : 134217700,
      "resourceUsageMetrics" : {
        "cumulativeCpuUsage" : 3510,
        "virtualMemoryUsage" : 941191168,
        "physicalMemoryUsage" : 371253248,
        "heapUsage" : 368836608
      },
      "location" : {
        "layers" : [ "default-rack", "Slave12" ]
      },
      "hostName" : "/default-rack/Slave12"
    } ],
    "finishTime" : 1405339677524,
    "preferredLocations" : [ {
      "layers" : [ "default-rack", "192\\.168\\.1\\.101" ]
    }, {
      "layers" : [ "default-rack", "192\\.168\\.1\\.100" ]
    }, {
      "layers" : [ "default-rack", "192\\.168\\.1\\.103" ]
    } ],
    "taskType" : "MAP",
    "taskStatus" : "SUCCESS",
    "taskID" : "task_201407031547_1842_m_000012",
    "inputBytes" : 134221917,
    "inputRecords" : 1342177,
    "outputBytes" : 273864723,
    "outputRecords" : 1342177
  }, {
    "startTime" : 1405339666272,
    "attempts" : [ {
      "result" : "SUCCESS",
      "startTime" : 1405339662314,
      "finishTime" : 1405339684248,
      "attemptID" : "attempt_201407031547_1842_m_000013_0",
      "shuffleFinished" : -1,
      "sortFinished" : -1,
      "hdfsBytesRead" : 134221917,
      "hdfsBytesWritten" : -1,
      "fileBytesRead" : 136957656,
      "fileBytesWritten" : 273864722,
      "mapInputRecords" : 1342177,
      "mapOutputBytes" : 134217700,
      "mapOutputRecords" : 1342177,
      "combineInputRecords" : 0,
      "reduceInputGroups" : -1,
      "reduceInputRecords" : -1,
      "reduceShuffleBytes" : -1,
      "reduceOutputRecords" : -1,
      "spilledRecords" : 2684354,
      "mapInputBytes" : 134217700,
      "resourceUsageMetrics" : {
        "cumulativeCpuUsage" : 4120,
        "virtualMemoryUsage" : 944578560,
        "physicalMemoryUsage" : 295395328,
        "heapUsage" : 305135616
      },
      "location" : {
        "layers" : [ "default-rack", "Slave13" ]
      },
      "hostName" : "/default-rack/Slave13"
    } ],
    "finishTime" : 1405339688365,
    "preferredLocations" : [ {
      "layers" : [ "default-rack", "192\\.168\\.1\\.100" ]
    }, {
      "layers" : [ "default-rack", "192\\.168\\.1\\.102" ]
    }, {
      "layers" : [ "default-rack", "192\\.168\\.1\\.101" ]
    } ],
    "taskType" : "MAP",
    "taskStatus" : "SUCCESS",
    "taskID" : "task_201407031547_1842_m_000013",
    "inputBytes" : 134221917,
    "inputRecords" : 1342177,
    "outputBytes" : 273864722,
    "outputRecords" : 1342177
  }, {
    "startTime" : 1405339667491,
    "attempts" : [ {
      "result" : "SUCCESS",
      "startTime" : 1405339663545,
      "finishTime" : 1405339676667,
      "attemptID" : "attempt_201407031547_1842_m_000014_0",
      "shuffleFinished" : -1,
      "sortFinished" : -1,
      "hdfsBytesRead" : 134221917,
      "hdfsBytesWritten" : -1,
      "fileBytesRead" : 136949348,
      "fileBytesWritten" : 273864926,
      "mapInputRecords" : 1342178,
      "mapOutputBytes" : 134217800,
      "mapOutputRecords" : 1342178,
      "combineInputRecords" : 0,
      "reduceInputGroups" : -1,
      "reduceInputRecords" : -1,
      "reduceShuffleBytes" : -1,
      "reduceOutputRecords" : -1,
      "spilledRecords" : 2684356,
      "mapInputBytes" : 134217800,
      "resourceUsageMetrics" : {
        "cumulativeCpuUsage" : 3740,
        "virtualMemoryUsage" : 942006272,
        "physicalMemoryUsage" : 165564416,
        "heapUsage" : 109576192
      },
      "location" : {
        "layers" : [ "default-rack", "Slave13" ]
      },
      "hostName" : "/default-rack/Slave13"
    } ],
    "finishTime" : 1405339680801,
    "preferredLocations" : [ {
      "layers" : [ "default-rack", "192\\.168\\.1\\.102" ]
    }, {
      "layers" : [ "default-rack", "192\\.168\\.1\\.100" ]
    }, {
      "layers" : [ "default-rack", "192\\.168\\.1\\.101" ]
    } ],
    "taskType" : "MAP",
    "taskStatus" : "SUCCESS",
    "taskID" : "task_201407031547_1842_m_000014",
    "inputBytes" : 134221917,
    "inputRecords" : 1342178,
    "outputBytes" : 273864926,
    "outputRecords" : 1342178
  }, {
    "startTime" : 1405339668608,
    "attempts" : [ {
      "result" : "SUCCESS",
      "startTime" : 1405339677182,
      "finishTime" : 1405339704757,
      "attemptID" : "attempt_201407031547_1842_m_000015_0",
      "shuffleFinished" : -1,
      "sortFinished" : -1,
      "hdfsBytesRead" : 134221917,
      "hdfsBytesWritten" : -1,
      "fileBytesRead" : 136947756,
      "fileBytesWritten" : 273864723,
      "mapInputRecords" : 1342177,
      "mapOutputBytes" : 134217700,
      "mapOutputRecords" : 1342177,
      "combineInputRecords" : 0,
      "reduceInputGroups" : -1,
      "reduceInputRecords" : -1,
      "reduceShuffleBytes" : -1,
      "reduceOutputRecords" : -1,
      "spilledRecords" : 2684354,
      "mapInputBytes" : 134217700,
      "resourceUsageMetrics" : {
        "cumulativeCpuUsage" : 4030,
        "virtualMemoryUsage" : 939229184,
        "physicalMemoryUsage" : 288440320,
        "heapUsage" : 299630592
      },
      "location" : {
        "layers" : [ "default-rack", "Slave11" ]
      },
      "hostName" : "/default-rack/Slave11"
    } ],
    "finishTime" : 1405339696289,
    "preferredLocations" : [ {
      "layers" : [ "default-rack", "192\\.168\\.1\\.103" ]
    }, {
      "layers" : [ "default-rack", "192\\.168\\.1\\.100" ]
    }, {
      "layers" : [ "default-rack", "192\\.168\\.1\\.101" ]
    } ],
    "taskType" : "MAP",
    "taskStatus" : "SUCCESS",
    "taskID" : "task_201407031547_1842_m_000015",
    "inputBytes" : 134221917,
    "inputRecords" : 1342177,
    "outputBytes" : 273864723,
    "outputRecords" : 1342177
  }, {
    "startTime" : 1405339670767,
    "attempts" : [ {
      "result" : "SUCCESS",
      "startTime" : 1405339679341,
      "finishTime" : 1405339694518,
      "attemptID" : "attempt_201407031547_1842_m_000016_0",
      "shuffleFinished" : -1,
      "sortFinished" : -1,
      "hdfsBytesRead" : 134221917,
      "hdfsBytesWritten" : -1,
      "fileBytesRead" : 136958556,
      "fileBytesWritten" : 273864723,
      "mapInputRecords" : 1342177,
      "mapOutputBytes" : 134217700,
      "mapOutputRecords" : 1342177,
      "combineInputRecords" : 0,
      "reduceInputGroups" : -1,
      "reduceInputRecords" : -1,
      "reduceShuffleBytes" : -1,
      "reduceOutputRecords" : -1,
      "spilledRecords" : 2684354,
      "mapInputBytes" : 134217700,
      "resourceUsageMetrics" : {
        "cumulativeCpuUsage" : 3850,
        "virtualMemoryUsage" : 942419968,
        "physicalMemoryUsage" : 387346432,
        "heapUsage" : 394264576
      },
      "location" : {
        "layers" : [ "default-rack", "Slave11" ]
      },
      "hostName" : "/default-rack/Slave11"
    } ],
    "finishTime" : 1405339686133,
    "preferredLocations" : [ {
      "layers" : [ "default-rack", "192\\.168\\.1\\.103" ]
    }, {
      "layers" : [ "default-rack", "192\\.168\\.1\\.100" ]
    }, {
      "layers" : [ "default-rack", "192\\.168\\.1\\.102" ]
    } ],
    "taskType" : "MAP",
    "taskStatus" : "SUCCESS",
    "taskID" : "task_201407031547_1842_m_000016",
    "inputBytes" : 134221917,
    "inputRecords" : 1342177,
    "outputBytes" : 273864723,
    "outputRecords" : 1342177
  }, {
    "startTime" : 1405339673702,
    "attempts" : [ {
      "result" : "SUCCESS",
      "startTime" : 1405339673703,
      "finishTime" : 1405339685388,
      "attemptID" : "attempt_201407031547_1842_m_000017_0",
      "shuffleFinished" : -1,
      "sortFinished" : -1,
      "hdfsBytesRead" : 134221917,
      "hdfsBytesWritten" : -1,
      "fileBytesRead" : 136961934,
      "fileBytesWritten" : 273864927,
      "mapInputRecords" : 1342178,
      "mapOutputBytes" : 134217800,
      "mapOutputRecords" : 1342178,
      "combineInputRecords" : 0,
      "reduceInputGroups" : -1,
      "reduceInputRecords" : -1,
      "reduceShuffleBytes" : -1,
      "reduceOutputRecords" : -1,
      "spilledRecords" : 2684356,
      "mapInputBytes" : 134217800,
      "resourceUsageMetrics" : {
        "cumulativeCpuUsage" : 3400,
        "virtualMemoryUsage" : 942723072,
        "physicalMemoryUsage" : 384139264,
        "heapUsage" : 406061056
      },
      "location" : {
        "layers" : [ "default-rack", "Master1" ]
      },
      "hostName" : "/default-rack/Master1"
    } ],
    "finishTime" : 1405339685831,
    "preferredLocations" : [ {
      "layers" : [ "default-rack", "192\\.168\\.1\\.100" ]
    }, {
      "layers" : [ "default-rack", "192\\.168\\.1\\.103" ]
    }, {
      "layers" : [ "default-rack", "192\\.168\\.1\\.102" ]
    } ],
    "taskType" : "MAP",
    "taskStatus" : "SUCCESS",
    "taskID" : "task_201407031547_1842_m_000017",
    "inputBytes" : 134221917,
    "inputRecords" : 1342178,
    "outputBytes" : 273864927,
    "outputRecords" : 1342178
  }, {
    "startTime" : 1405339674848,
    "attempts" : [ {
      "result" : "SUCCESS",
      "startTime" : 1405339674848,
      "finishTime" : 1405339689369,
      "attemptID" : "attempt_201407031547_1842_m_000018_0",
      "shuffleFinished" : -1,
      "sortFinished" : -1,
      "hdfsBytesRead" : 134221917,
      "hdfsBytesWritten" : -1,
      "fileBytesRead" : 136947488,
      "fileBytesWritten" : 273864927,
      "mapInputRecords" : 1342178,
      "mapOutputBytes" : 134217800,
      "mapOutputRecords" : 1342178,
      "combineInputRecords" : 0,
      "reduceInputGroups" : -1,
      "reduceInputRecords" : -1,
      "reduceShuffleBytes" : -1,
      "reduceOutputRecords" : -1,
      "spilledRecords" : 2684356,
      "mapInputBytes" : 134217800,
      "resourceUsageMetrics" : {
        "cumulativeCpuUsage" : 3310,
        "virtualMemoryUsage" : 941256704,
        "physicalMemoryUsage" : 389652480,
        "heapUsage" : 402128896
      },
      "location" : {
        "layers" : [ "default-rack", "Master1" ]
      },
      "hostName" : "/default-rack/Master1"
    } ],
    "finishTime" : 1405339689629,
    "preferredLocations" : [ {
      "layers" : [ "default-rack", "192\\.168\\.1\\.103" ]
    }, {
      "layers" : [ "default-rack", "192\\.168\\.1\\.100" ]
    }, {
      "layers" : [ "default-rack", "192\\.168\\.1\\.102" ]
    } ],
    "taskType" : "MAP",
    "taskStatus" : "SUCCESS",
    "taskID" : "task_201407031547_1842_m_000018",
    "inputBytes" : 134221917,
    "inputRecords" : 1342178,
    "outputBytes" : 273864927,
    "outputRecords" : 1342178
  }, {
    "startTime" : 1405339677525,
    "attempts" : [ {
      "result" : "SUCCESS",
      "startTime" : 1405339669003,
      "finishTime" : 1405339675516,
      "attemptID" : "attempt_201407031547_1842_m_000019_0",
      "shuffleFinished" : -1,
      "sortFinished" : -1,
      "hdfsBytesRead" : 134221917,
      "hdfsBytesWritten" : -1,
      "fileBytesRead" : 136956412,
      "fileBytesWritten" : 273864723,
      "mapInputRecords" : 1342177,
      "mapOutputBytes" : 134217700,
      "mapOutputRecords" : 1342177,
      "combineInputRecords" : 0,
      "reduceInputGroups" : -1,
      "reduceInputRecords" : -1,
      "reduceShuffleBytes" : -1,
      "reduceOutputRecords" : -1,
      "spilledRecords" : 2684354,
      "mapInputBytes" : 134217700,
      "resourceUsageMetrics" : {
        "cumulativeCpuUsage" : 3220,
        "virtualMemoryUsage" : 941191168,
        "physicalMemoryUsage" : 467607552,
        "heapUsage" : 463470592
      },
      "location" : {
        "layers" : [ "default-rack", "Slave12" ]
      },
      "hostName" : "/default-rack/Slave12"
    } ],
    "finishTime" : 1405339684184,
    "preferredLocations" : [ {
      "layers" : [ "default-rack", "192\\.168\\.1\\.102" ]
    }, {
      "layers" : [ "default-rack", "192\\.168\\.1\\.103" ]
    }, {
      "layers" : [ "default-rack", "192\\.168\\.1\\.101" ]
    } ],
    "taskType" : "MAP",
    "taskStatus" : "SUCCESS",
    "taskID" : "task_201407031547_1842_m_000019",
    "inputBytes" : 134221917,
    "inputRecords" : 1342177,
    "outputBytes" : 273864723,
    "outputRecords" : 1342177
  }, {
    "startTime" : 1405339677826,
    "attempts" : [ {
      "result" : "SUCCESS",
      "startTime" : 1405339669305,
      "finishTime" : 1405339682273,
      "attemptID" : "attempt_201407031547_1842_m_000020_0",
      "shuffleFinished" : -1,
      "sortFinished" : -1,
      "hdfsBytesRead" : 134221917,
      "hdfsBytesWritten" : -1,
      "fileBytesRead" : 136955552,
      "fileBytesWritten" : 273864723,
      "mapInputRecords" : 1342177,
      "mapOutputBytes" : 134217700,
      "mapOutputRecords" : 1342177,
      "combineInputRecords" : 0,
      "reduceInputGroups" : -1,
      "reduceInputRecords" : -1,
      "reduceShuffleBytes" : -1,
      "reduceOutputRecords" : -1,
      "spilledRecords" : 2684354,
      "mapInputBytes" : 134217700,
      "resourceUsageMetrics" : {
        "cumulativeCpuUsage" : 3480,
        "virtualMemoryUsage" : 942608384,
        "physicalMemoryUsage" : 295006208,
        "heapUsage" : 303038464
      },
      "location" : {
        "layers" : [ "default-rack", "Slave12" ]
      },
      "hostName" : "/default-rack/Slave12"
    } ],
    "finishTime" : 1405339690941,
    "preferredLocations" : [ {
      "layers" : [ "default-rack", "192\\.168\\.1\\.103" ]
    }, {
      "layers" : [ "default-rack", "192\\.168\\.1\\.100" ]
    }, {
      "layers" : [ "default-rack", "192\\.168\\.1\\.102" ]
    } ],
    "taskType" : "MAP",
    "taskStatus" : "SUCCESS",
    "taskID" : "task_201407031547_1842_m_000020",
    "inputBytes" : 134221917,
    "inputRecords" : 1342177,
    "outputBytes" : 273864723,
    "outputRecords" : 1342177
  }, {
    "startTime" : 1405339680801,
    "attempts" : [ {
      "result" : "SUCCESS",
      "startTime" : 1405339676844,
      "finishTime" : 1405339681080,
      "attemptID" : "attempt_201407031547_1842_m_000021_0",
      "shuffleFinished" : -1,
      "sortFinished" : -1,
      "hdfsBytesRead" : 134221917,
      "hdfsBytesWritten" : -1,
      "fileBytesRead" : 136950838,
      "fileBytesWritten" : 273864926,
      "mapInputRecords" : 1342178,
      "mapOutputBytes" : 134217800,
      "mapOutputRecords" : 1342178,
      "combineInputRecords" : 0,
      "reduceInputGroups" : -1,
      "reduceInputRecords" : -1,
      "reduceShuffleBytes" : -1,
      "reduceOutputRecords" : -1,
      "spilledRecords" : 2684356,
      "mapInputBytes" : 134217800,
      "resourceUsageMetrics" : {
        "cumulativeCpuUsage" : 3260,
        "virtualMemoryUsage" : 942006272,
        "physicalMemoryUsage" : 201166848,
        "heapUsage" : 205258752
      },
      "location" : {
        "layers" : [ "default-rack", "Slave13" ]
      },
      "hostName" : "/default-rack/Slave13"
    } ],
    "finishTime" : 1405339685336,
    "preferredLocations" : [ {
      "layers" : [ "default-rack", "192\\.168\\.1\\.103" ]
    }, {
      "layers" : [ "default-rack", "192\\.168\\.1\\.101" ]
    }, {
      "layers" : [ "default-rack", "192\\.168\\.1\\.102" ]
    } ],
    "taskType" : "MAP",
    "taskStatus" : "SUCCESS",
    "taskID" : "task_201407031547_1842_m_000021",
    "inputBytes" : 134221917,
    "inputRecords" : 1342178,
    "outputBytes" : 273864926,
    "outputRecords" : 1342178
  }, {
    "startTime" : 1405339684184,
    "attempts" : [ {
      "result" : "SUCCESS",
      "startTime" : 1405339675662,
      "finishTime" : 1405339694093,
      "attemptID" : "attempt_201407031547_1842_m_000022_0",
      "shuffleFinished" : -1,
      "sortFinished" : -1,
      "hdfsBytesRead" : 134221917,
      "hdfsBytesWritten" : -1,
      "fileBytesRead" : 136949588,
      "fileBytesWritten" : 273864723,
      "mapInputRecords" : 1342177,
      "mapOutputBytes" : 134217700,
      "mapOutputRecords" : 1342177,
      "combineInputRecords" : 0,
      "reduceInputGroups" : -1,
      "reduceInputRecords" : -1,
      "reduceShuffleBytes" : -1,
      "reduceOutputRecords" : -1,
      "spilledRecords" : 2684354,
      "mapInputBytes" : 134217700,
      "resourceUsageMetrics" : {
        "cumulativeCpuUsage" : 4070,
        "virtualMemoryUsage" : 942239744,
        "physicalMemoryUsage" : 266760192,
        "heapUsage" : 199753728
      },
      "location" : {
        "layers" : [ "default-rack", "Slave12" ]
      },
      "hostName" : "/default-rack/Slave12"
    } ],
    "finishTime" : 1405339702920,
    "preferredLocations" : [ {
      "layers" : [ "default-rack", "192\\.168\\.1\\.101" ]
    }, {
      "layers" : [ "default-rack", "192\\.168\\.1\\.103" ]
    }, {
      "layers" : [ "default-rack", "192\\.168\\.1\\.100" ]
    } ],
    "taskType" : "MAP",
    "taskStatus" : "SUCCESS",
    "taskID" : "task_201407031547_1842_m_000022",
    "inputBytes" : 134221917,
    "inputRecords" : 1342177,
    "outputBytes" : 273864723,
    "outputRecords" : 1342177
  }, {
    "startTime" : 1405339685336,
    "attempts" : [ {
      "result" : "SUCCESS",
      "startTime" : 1405339681379,
      "finishTime" : 1405339687695,
      "attemptID" : "attempt_201407031547_1842_m_000023_0",
      "shuffleFinished" : -1,
      "sortFinished" : -1,
      "hdfsBytesRead" : 134221917,
      "hdfsBytesWritten" : -1,
      "fileBytesRead" : 136951906,
      "fileBytesWritten" : 273864722,
      "mapInputRecords" : 1342177,
      "mapOutputBytes" : 134217700,
      "mapOutputRecords" : 1342177,
      "combineInputRecords" : 0,
      "reduceInputGroups" : -1,
      "reduceInputRecords" : -1,
      "reduceShuffleBytes" : -1,
      "reduceOutputRecords" : -1,
      "spilledRecords" : 2684354,
      "mapInputBytes" : 134217700,
      "resourceUsageMetrics" : {
        "cumulativeCpuUsage" : 3280,
        "virtualMemoryUsage" : 942006272,
        "physicalMemoryUsage" : 296898560,
        "heapUsage" : 297009152
      },
      "location" : {
        "layers" : [ "default-rack", "Slave13" ]
      },
      "hostName" : "/default-rack/Slave13"
    } ],
    "finishTime" : 1405339691945,
    "preferredLocations" : [ {
      "layers" : [ "default-rack", "192\\.168\\.1\\.101" ]
    }, {
      "layers" : [ "default-rack", "192\\.168\\.1\\.103" ]
    }, {
      "layers" : [ "default-rack", "192\\.168\\.1\\.100" ]
    } ],
    "taskType" : "MAP",
    "taskStatus" : "SUCCESS",
    "taskID" : "task_201407031547_1842_m_000023",
    "inputBytes" : 134221917,
    "inputRecords" : 1342177,
    "outputBytes" : 273864722,
    "outputRecords" : 1342177
  }, {
    "startTime" : 1405339685831,
    "attempts" : [ {
      "result" : "SUCCESS",
      "startTime" : 1405339685832,
      "finishTime" : 1405339693281,
      "attemptID" : "attempt_201407031547_1842_m_000024_0",
      "shuffleFinished" : -1,
      "sortFinished" : -1,
      "hdfsBytesRead" : 134221917,
      "hdfsBytesWritten" : -1,
      "fileBytesRead" : 136946588,
      "fileBytesWritten" : 273864723,
      "mapInputRecords" : 1342177,
      "mapOutputBytes" : 134217700,
      "mapOutputRecords" : 1342177,
      "combineInputRecords" : 0,
      "reduceInputGroups" : -1,
      "reduceInputRecords" : -1,
      "reduceShuffleBytes" : -1,
      "reduceOutputRecords" : -1,
      "spilledRecords" : 2684354,
      "mapInputBytes" : 134217700,
      "resourceUsageMetrics" : {
        "cumulativeCpuUsage" : 3550,
        "virtualMemoryUsage" : 942723072,
        "physicalMemoryUsage" : 303484928,
        "heapUsage" : 245366784
      },
      "location" : {
        "layers" : [ "default-rack", "Master1" ]
      },
      "hostName" : "/default-rack/Master1"
    } ],
    "finishTime" : 1405339693550,
    "preferredLocations" : [ {
      "layers" : [ "default-rack", "192\\.168\\.1\\.103" ]
    }, {
      "layers" : [ "default-rack", "192\\.168\\.1\\.101" ]
    }, {
      "layers" : [ "default-rack", "192\\.168\\.1\\.100" ]
    } ],
    "taskType" : "MAP",
    "taskStatus" : "SUCCESS",
    "taskID" : "task_201407031547_1842_m_000024",
    "inputBytes" : 134221917,
    "inputRecords" : 1342177,
    "outputBytes" : 273864723,
    "outputRecords" : 1342177
  }, {
    "startTime" : 1405339686133,
    "attempts" : [ {
      "result" : "SUCCESS",
      "startTime" : 1405339694707,
      "finishTime" : 1405339699642,
      "attemptID" : "attempt_201407031547_1842_m_000025_0",
      "shuffleFinished" : -1,
      "sortFinished" : -1,
      "hdfsBytesRead" : 134221917,
      "hdfsBytesWritten" : -1,
      "fileBytesRead" : 136949996,
      "fileBytesWritten" : 273864927,
      "mapInputRecords" : 1342178,
      "mapOutputBytes" : 134217800,
      "mapOutputRecords" : 1342178,
      "combineInputRecords" : 0,
      "reduceInputGroups" : -1,
      "reduceInputRecords" : -1,
      "reduceShuffleBytes" : -1,
      "reduceOutputRecords" : -1,
      "spilledRecords" : 2684356,
      "mapInputBytes" : 134217800,
      "resourceUsageMetrics" : {
        "cumulativeCpuUsage" : 3080,
        "virtualMemoryUsage" : 942419968,
        "physicalMemoryUsage" : 483401728,
        "heapUsage" : 493617152
      },
      "location" : {
        "layers" : [ "default-rack", "Slave11" ]
      },
      "hostName" : "/default-rack/Slave11"
    } ],
    "finishTime" : 1405339691370,
    "preferredLocations" : [ {
      "layers" : [ "default-rack", "192\\.168\\.1\\.103" ]
    }, {
      "layers" : [ "default-rack", "192\\.168\\.1\\.100" ]
    }, {
      "layers" : [ "default-rack", "192\\.168\\.1\\.101" ]
    } ],
    "taskType" : "MAP",
    "taskStatus" : "SUCCESS",
    "taskID" : "task_201407031547_1842_m_000025",
    "inputBytes" : 134221917,
    "inputRecords" : 1342178,
    "outputBytes" : 273864927,
    "outputRecords" : 1342178
  }, {
    "startTime" : 1405339688365,
    "attempts" : [ {
      "result" : "SUCCESS",
      "startTime" : 1405339684408,
      "finishTime" : 1405339698780,
      "attemptID" : "attempt_201407031547_1842_m_000026_0",
      "shuffleFinished" : -1,
      "sortFinished" : -1,
      "hdfsBytesRead" : 134221917,
      "hdfsBytesWritten" : -1,
      "fileBytesRead" : 136953168,
      "fileBytesWritten" : 273864722,
      "mapInputRecords" : 1342177,
      "mapOutputBytes" : 134217700,
      "mapOutputRecords" : 1342177,
      "combineInputRecords" : 0,
      "reduceInputGroups" : -1,
      "reduceInputRecords" : -1,
      "reduceShuffleBytes" : -1,
      "reduceOutputRecords" : -1,
      "spilledRecords" : 2684354,
      "mapInputBytes" : 134217700,
      "resourceUsageMetrics" : {
        "cumulativeCpuUsage" : 3480,
        "virtualMemoryUsage" : 944578560,
        "physicalMemoryUsage" : 393707520,
        "heapUsage" : 403701760
      },
      "location" : {
        "layers" : [ "default-rack", "Slave13" ]
      },
      "hostName" : "/default-rack/Slave13"
    } ],
    "finishTime" : 1405339702848,
    "preferredLocations" : [ {
      "layers" : [ "default-rack", "192\\.168\\.1\\.100" ]
    }, {
      "layers" : [ "default-rack", "192\\.168\\.1\\.103" ]
    }, {
      "layers" : [ "default-rack", "192\\.168\\.1\\.102" ]
    } ],
    "taskType" : "MAP",
    "taskStatus" : "SUCCESS",
    "taskID" : "task_201407031547_1842_m_000026",
    "inputBytes" : 134221917,
    "inputRecords" : 1342177,
    "outputBytes" : 273864722,
    "outputRecords" : 1342177
  }, {
    "startTime" : 1405339689629,
    "attempts" : [ {
      "result" : "SUCCESS",
      "startTime" : 1405339689630,
      "finishTime" : 1405339714277,
      "attemptID" : "attempt_201407031547_1842_m_000027_0",
      "shuffleFinished" : -1,
      "sortFinished" : -1,
      "hdfsBytesRead" : 134221917,
      "hdfsBytesWritten" : -1,
      "fileBytesRead" : 136957382,
      "fileBytesWritten" : 273864723,
      "mapInputRecords" : 1342177,
      "mapOutputBytes" : 134217700,
      "mapOutputRecords" : 1342177,
      "combineInputRecords" : 0,
      "reduceInputGroups" : -1,
      "reduceInputRecords" : -1,
      "reduceShuffleBytes" : -1,
      "reduceOutputRecords" : -1,
      "spilledRecords" : 2684354,
      "mapInputBytes" : 134217700,
      "resourceUsageMetrics" : {
        "cumulativeCpuUsage" : 4440,
        "virtualMemoryUsage" : 941256704,
        "physicalMemoryUsage" : 489648128,
        "heapUsage" : 499384320
      },
      "location" : {
        "layers" : [ "default-rack", "Master1" ]
      },
      "hostName" : "/default-rack/Master1"
    }, {
      "result" : "KILLED",
      "startTime" : 1405339706827,
      "finishTime" : 1405339710614,
      "attemptID" : "attempt_201407031547_1842_m_000027_1",
      "shuffleFinished" : -1,
      "sortFinished" : -1,
      "hdfsBytesRead" : -1,
      "hdfsBytesWritten" : -1,
      "fileBytesRead" : -1,
      "fileBytesWritten" : -1,
      "mapInputRecords" : -1,
      "mapOutputBytes" : -1,
      "mapOutputRecords" : -1,
      "combineInputRecords" : -1,
      "reduceInputGroups" : -1,
      "reduceInputRecords" : -1,
      "reduceShuffleBytes" : -1,
      "reduceOutputRecords" : -1,
      "spilledRecords" : -1,
      "mapInputBytes" : -1,
      "resourceUsageMetrics" : {
        "cumulativeCpuUsage" : 0,
        "virtualMemoryUsage" : 0,
        "physicalMemoryUsage" : 0,
        "heapUsage" : 0
      },
      "location" : null,
      "hostName" : null
    } ],
    "finishTime" : 1405339714542,
    "preferredLocations" : [ {
      "layers" : [ "default-rack", "192\\.168\\.1\\.101" ]
    }, {
      "layers" : [ "default-rack", "192\\.168\\.1\\.102" ]
    }, {
      "layers" : [ "default-rack", "192\\.168\\.1\\.103" ]
    } ],
    "taskType" : "MAP",
    "taskStatus" : "SUCCESS",
    "taskID" : "task_201407031547_1842_m_000027",
    "inputBytes" : 134221917,
    "inputRecords" : 1342177,
    "outputBytes" : 273864723,
    "outputRecords" : 1342177
  }, {
    "startTime" : 1405339690941,
    "attempts" : [ {
      "result" : "SUCCESS",
      "startTime" : 1405339682421,
      "finishTime" : 1405339701526,
      "attemptID" : "attempt_201407031547_1842_m_000028_0",
      "shuffleFinished" : -1,
      "sortFinished" : -1,
      "hdfsBytesRead" : 134221917,
      "hdfsBytesWritten" : -1,
      "fileBytesRead" : 136958640,
      "fileBytesWritten" : 273864927,
      "mapInputRecords" : 1342178,
      "mapOutputBytes" : 134217800,
      "mapOutputRecords" : 1342178,
      "combineInputRecords" : 0,
      "reduceInputGroups" : -1,
      "reduceInputRecords" : -1,
      "reduceShuffleBytes" : -1,
      "reduceOutputRecords" : -1,
      "spilledRecords" : 2684356,
      "mapInputBytes" : 134217800,
      "resourceUsageMetrics" : {
        "cumulativeCpuUsage" : 3520,
        "virtualMemoryUsage" : 942608384,
        "physicalMemoryUsage" : 398700544,
        "heapUsage" : 405012480
      },
      "location" : {
        "layers" : [ "default-rack", "Slave12" ]
      },
      "hostName" : "/default-rack/Slave12"
    } ],
    "finishTime" : 1405339710245,
    "preferredLocations" : [ {
      "layers" : [ "default-rack", "192\\.168\\.1\\.102" ]
    }, {
      "layers" : [ "default-rack", "192\\.168\\.1\\.101" ]
    }, {
      "layers" : [ "default-rack", "192\\.168\\.1\\.103" ]
    } ],
    "taskType" : "MAP",
    "taskStatus" : "SUCCESS",
    "taskID" : "task_201407031547_1842_m_000028",
    "inputBytes" : 134221917,
    "inputRecords" : 1342178,
    "outputBytes" : 273864927,
    "outputRecords" : 1342178
  }, {
    "startTime" : 1405339691370,
    "attempts" : [ {
      "result" : "SUCCESS",
      "startTime" : 1405339700124,
      "finishTime" : 1405339712389,
      "attemptID" : "attempt_201407031547_1842_m_000029_0",
      "shuffleFinished" : -1,
      "sortFinished" : -1,
      "hdfsBytesRead" : 134221917,
      "hdfsBytesWritten" : -1,
      "fileBytesRead" : 136939774,
      "fileBytesWritten" : 273864723,
      "mapInputRecords" : 1342177,
      "mapOutputBytes" : 134217700,
      "mapOutputRecords" : 1342177,
      "combineInputRecords" : 0,
      "reduceInputGroups" : -1,
      "reduceInputRecords" : -1,
      "reduceShuffleBytes" : -1,
      "reduceOutputRecords" : -1,
      "spilledRecords" : 2684354,
      "mapInputBytes" : 134217700,
      "resourceUsageMetrics" : {
        "cumulativeCpuUsage" : 3490,
        "virtualMemoryUsage" : 942419968,
        "physicalMemoryUsage" : 199012352,
        "heapUsage" : 220463104
      },
      "location" : {
        "layers" : [ "default-rack", "Slave11" ]
      },
      "hostName" : "/default-rack/Slave11"
    } ],
    "finishTime" : 1405339703817,
    "preferredLocations" : [ {
      "layers" : [ "default-rack", "192\\.168\\.1\\.103" ]
    }, {
      "layers" : [ "default-rack", "192\\.168\\.1\\.100" ]
    }, {
      "layers" : [ "default-rack", "192\\.168\\.1\\.101" ]
    } ],
    "taskType" : "MAP",
    "taskStatus" : "SUCCESS",
    "taskID" : "task_201407031547_1842_m_000029",
    "inputBytes" : 134221917,
    "inputRecords" : 1342177,
    "outputBytes" : 273864723,
    "outputRecords" : 1342177
  }, {
    "startTime" : 1405339691945,
    "attempts" : [ {
      "result" : "SUCCESS",
      "startTime" : 1405339687987,
      "finishTime" : 1405339703534,
      "attemptID" : "attempt_201407031547_1842_m_000030_0",
      "shuffleFinished" : -1,
      "sortFinished" : -1,
      "hdfsBytesRead" : 134221917,
      "hdfsBytesWritten" : -1,
      "fileBytesRead" : 136945224,
      "fileBytesWritten" : 273864722,
      "mapInputRecords" : 1342177,
      "mapOutputBytes" : 134217700,
      "mapOutputRecords" : 1342177,
      "combineInputRecords" : 0,
      "reduceInputGroups" : -1,
      "reduceInputRecords" : -1,
      "reduceShuffleBytes" : -1,
      "reduceOutputRecords" : -1,
      "spilledRecords" : 2684354,
      "mapInputBytes" : 134217700,
      "resourceUsageMetrics" : {
        "cumulativeCpuUsage" : 3390,
        "virtualMemoryUsage" : 942006272,
        "physicalMemoryUsage" : 402841600,
        "heapUsage" : 401604608
      },
      "location" : {
        "layers" : [ "default-rack", "Slave13" ]
      },
      "hostName" : "/default-rack/Slave13"
    } ],
    "finishTime" : 1405339707635,
    "preferredLocations" : [ {
      "layers" : [ "default-rack", "192\\.168\\.1\\.102" ]
    }, {
      "layers" : [ "default-rack", "192\\.168\\.1\\.103" ]
    }, {
      "layers" : [ "default-rack", "192\\.168\\.1\\.100" ]
    } ],
    "taskType" : "MAP",
    "taskStatus" : "SUCCESS",
    "taskID" : "task_201407031547_1842_m_000030",
    "inputBytes" : 134221917,
    "inputRecords" : 1342177,
    "outputBytes" : 273864722,
    "outputRecords" : 1342177
  }, {
    "startTime" : 1405339693550,
    "attempts" : [ {
      "result" : "SUCCESS",
      "startTime" : 1405339693553,
      "finishTime" : 1405339713691,
      "attemptID" : "attempt_201407031547_1842_m_000031_0",
      "shuffleFinished" : -1,
      "sortFinished" : -1,
      "hdfsBytesRead" : 134221917,
      "hdfsBytesWritten" : -1,
      "fileBytesRead" : 136950886,
      "fileBytesWritten" : 273864723,
      "mapInputRecords" : 1342177,
      "mapOutputBytes" : 134217700,
      "mapOutputRecords" : 1342177,
      "combineInputRecords" : 0,
      "reduceInputGroups" : -1,
      "reduceInputRecords" : -1,
      "reduceShuffleBytes" : -1,
      "reduceOutputRecords" : -1,
      "spilledRecords" : 2684354,
      "mapInputBytes" : 134217700,
      "resourceUsageMetrics" : {
        "cumulativeCpuUsage" : 3940,
        "virtualMemoryUsage" : 943054848,
        "physicalMemoryUsage" : 348762112,
        "heapUsage" : 336592896
      },
      "location" : {
        "layers" : [ "default-rack", "Master1" ]
      },
      "hostName" : "/default-rack/Master1"
    }, {
      "result" : "KILLED",
      "startTime" : 1405339719522,
      "finishTime" : 1405339723643,
      "attemptID" : "attempt_201407031547_1842_m_000031_1",
      "shuffleFinished" : -1,
      "sortFinished" : -1,
      "hdfsBytesRead" : -1,
      "hdfsBytesWritten" : -1,
      "fileBytesRead" : -1,
      "fileBytesWritten" : -1,
      "mapInputRecords" : -1,
      "mapOutputBytes" : -1,
      "mapOutputRecords" : -1,
      "combineInputRecords" : -1,
      "reduceInputGroups" : -1,
      "reduceInputRecords" : -1,
      "reduceShuffleBytes" : -1,
      "reduceOutputRecords" : -1,
      "spilledRecords" : -1,
      "mapInputBytes" : -1,
      "resourceUsageMetrics" : {
        "cumulativeCpuUsage" : 0,
        "virtualMemoryUsage" : 0,
        "physicalMemoryUsage" : 0,
        "heapUsage" : 0
      },
      "location" : null,
      "hostName" : null
    } ],
    "finishTime" : 1405339713821,
    "preferredLocations" : [ {
      "layers" : [ "default-rack", "192\\.168\\.1\\.101" ]
    }, {
      "layers" : [ "default-rack", "192\\.168\\.1\\.103" ]
    }, {
      "layers" : [ "default-rack", "192\\.168\\.1\\.102" ]
    } ],
    "taskType" : "MAP",
    "taskStatus" : "SUCCESS",
    "taskID" : "task_201407031547_1842_m_000031",
    "inputBytes" : 134221917,
    "inputRecords" : 1342177,
    "outputBytes" : 273864723,
    "outputRecords" : 1342177
  }, {
    "startTime" : 1405339696290,
    "attempts" : [ {
      "result" : "SUCCESS",
      "startTime" : 1405339704864,
      "finishTime" : 1405339710169,
      "attemptID" : "attempt_201407031547_1842_m_000032_0",
      "shuffleFinished" : -1,
      "sortFinished" : -1,
      "hdfsBytesRead" : 134221917,
      "hdfsBytesWritten" : -1,
      "fileBytesRead" : 136946920,
      "fileBytesWritten" : 273864927,
      "mapInputRecords" : 1342178,
      "mapOutputBytes" : 134217800,
      "mapOutputRecords" : 1342178,
      "combineInputRecords" : 0,
      "reduceInputGroups" : -1,
      "reduceInputRecords" : -1,
      "reduceShuffleBytes" : -1,
      "reduceOutputRecords" : -1,
      "spilledRecords" : 2684356,
      "mapInputBytes" : 134217800,
      "resourceUsageMetrics" : {
        "cumulativeCpuUsage" : 3250,
        "virtualMemoryUsage" : 939229184,
        "physicalMemoryUsage" : 387731456,
        "heapUsage" : 399769600
      },
      "location" : {
        "layers" : [ "default-rack", "Slave11" ]
      },
      "hostName" : "/default-rack/Slave11"
    } ],
    "finishTime" : 1405339701680,
    "preferredLocations" : [ {
      "layers" : [ "default-rack", "192\\.168\\.1\\.103" ]
    }, {
      "layers" : [ "default-rack", "192\\.168\\.1\\.101" ]
    }, {
      "layers" : [ "default-rack", "192\\.168\\.1\\.100" ]
    } ],
    "taskType" : "MAP",
    "taskStatus" : "SUCCESS",
    "taskID" : "task_201407031547_1842_m_000032",
    "inputBytes" : 134221917,
    "inputRecords" : 1342178,
    "outputBytes" : 273864927,
    "outputRecords" : 1342178
  }, {
    "startTime" : 1405339701680,
    "attempts" : [ {
      "result" : "SUCCESS",
      "startTime" : 1405339710257,
      "finishTime" : 1405339715897,
      "attemptID" : "attempt_201407031547_1842_m_000033_0",
      "shuffleFinished" : -1,
      "sortFinished" : -1,
      "hdfsBytesRead" : 134221917,
      "hdfsBytesWritten" : -1,
      "fileBytesRead" : 136957780,
      "fileBytesWritten" : 273864723,
      "mapInputRecords" : 1342177,
      "mapOutputBytes" : 134217700,
      "mapOutputRecords" : 1342177,
      "combineInputRecords" : 0,
      "reduceInputGroups" : -1,
      "reduceInputRecords" : -1,
      "reduceShuffleBytes" : -1,
      "reduceOutputRecords" : -1,
      "spilledRecords" : 2684354,
      "mapInputBytes" : 134217700,
      "resourceUsageMetrics" : {
        "cumulativeCpuUsage" : 3220,
        "virtualMemoryUsage" : 939560960,
        "physicalMemoryUsage" : 485093376,
        "heapUsage" : 497811456
      },
      "location" : {
        "layers" : [ "default-rack", "Slave11" ]
      },
      "hostName" : "/default-rack/Slave11"
    } ],
    "finishTime" : 1405339707625,
    "preferredLocations" : [ {
      "layers" : [ "default-rack", "192\\.168\\.1\\.102" ]
    }, {
      "layers" : [ "default-rack", "192\\.168\\.1\\.103" ]
    }, {
      "layers" : [ "default-rack", "192\\.168\\.1\\.100" ]
    } ],
    "taskType" : "MAP",
    "taskStatus" : "SUCCESS",
    "taskID" : "task_201407031547_1842_m_000033",
    "inputBytes" : 134221917,
    "inputRecords" : 1342177,
    "outputBytes" : 273864723,
    "outputRecords" : 1342177
  }, {
    "startTime" : 1405339702848,
    "attempts" : [ {
      "result" : "SUCCESS",
      "startTime" : 1405339698890,
      "finishTime" : 1405339706786,
      "attemptID" : "attempt_201407031547_1842_m_000034_0",
      "shuffleFinished" : -1,
      "sortFinished" : -1,
      "hdfsBytesRead" : 134221917,
      "hdfsBytesWritten" : -1,
      "fileBytesRead" : 136948246,
      "fileBytesWritten" : 273864722,
      "mapInputRecords" : 1342177,
      "mapOutputBytes" : 134217700,
      "mapOutputRecords" : 1342177,
      "combineInputRecords" : 0,
      "reduceInputGroups" : -1,
      "reduceInputRecords" : -1,
      "reduceShuffleBytes" : -1,
      "reduceOutputRecords" : -1,
      "spilledRecords" : 2684354,
      "mapInputBytes" : 134217700,
      "resourceUsageMetrics" : {
        "cumulativeCpuUsage" : 3290,
        "virtualMemoryUsage" : 944578560,
        "physicalMemoryUsage" : 489512960,
        "heapUsage" : 500170752
      },
      "location" : {
        "layers" : [ "default-rack", "Slave13" ]
      },
      "hostName" : "/default-rack/Slave13"
    } ],
    "finishTime" : 1405339710785,
    "preferredLocations" : [ {
      "layers" : [ "default-rack", "192\\.168\\.1\\.102" ]
    }, {
      "layers" : [ "default-rack", "192\\.168\\.1\\.103" ]
    }, {
      "layers" : [ "default-rack", "192\\.168\\.1\\.100" ]
    } ],
    "taskType" : "MAP",
    "taskStatus" : "SUCCESS",
    "taskID" : "task_201407031547_1842_m_000034",
    "inputBytes" : 134221917,
    "inputRecords" : 1342177,
    "outputBytes" : 273864722,
    "outputRecords" : 1342177
  }, {
    "startTime" : 1405339702921,
    "attempts" : [ {
      "result" : "SUCCESS",
      "startTime" : 1405339694720,
      "finishTime" : 1405339706942,
      "attemptID" : "attempt_201407031547_1842_m_000035_0",
      "shuffleFinished" : -1,
      "sortFinished" : -1,
      "hdfsBytesRead" : 134221917,
      "hdfsBytesWritten" : -1,
      "fileBytesRead" : 136950136,
      "fileBytesWritten" : 273864927,
      "mapInputRecords" : 1342178,
      "mapOutputBytes" : 134217800,
      "mapOutputRecords" : 1342178,
      "combineInputRecords" : 0,
      "reduceInputGroups" : -1,
      "reduceInputRecords" : -1,
      "reduceShuffleBytes" : -1,
      "reduceOutputRecords" : -1,
      "spilledRecords" : 2684356,
      "mapInputBytes" : 134217800,
      "resourceUsageMetrics" : {
        "cumulativeCpuUsage" : 3510,
        "virtualMemoryUsage" : 942239744,
        "physicalMemoryUsage" : 306434048,
        "heapUsage" : 292028416
      },
      "location" : {
        "layers" : [ "default-rack", "Slave12" ]
      },
      "hostName" : "/default-rack/Slave12"
    } ],
    "finishTime" : 1405339715751,
    "preferredLocations" : [ {
      "layers" : [ "default-rack", "192\\.168\\.1\\.100" ]
    }, {
      "layers" : [ "default-rack", "192\\.168\\.1\\.103" ]
    }, {
      "layers" : [ "default-rack", "192\\.168\\.1\\.101" ]
    } ],
    "taskType" : "MAP",
    "taskStatus" : "SUCCESS",
    "taskID" : "task_201407031547_1842_m_000035",
    "inputBytes" : 134221917,
    "inputRecords" : 1342178,
    "outputBytes" : 273864927,
    "outputRecords" : 1342178
  } ],
  "finishTime" : 1405339750634,
  "reduceTasks" : [ {
    "startTime" : 1405339659860,
    "attempts" : [ {
      "result" : "SUCCESS",
      "startTime" : 1405339651825,
      "finishTime" : 1405339739355,
      "attemptID" : "attempt_201407031547_1842_r_000000_0",
      "shuffleFinished" : 1405339716896,
      "sortFinished" : 1405339717031,
      "hdfsBytesRead" : -1,
      "hdfsBytesWritten" : 831285600,
      "fileBytesRead" : 825173994,
      "fileBytesWritten" : 825234149,
      "mapInputRecords" : -1,
      "mapOutputBytes" : -1,
      "mapOutputRecords" : -1,
      "combineInputRecords" : 0,
      "reduceInputGroups" : 8312856,
      "reduceInputRecords" : 8312856,
      "reduceShuffleBytes" : 847911540,
      "reduceOutputRecords" : 8312856,
      "spilledRecords" : 8089941,
      "mapInputBytes" : -1,
      "resourceUsageMetrics" : {
        "cumulativeCpuUsage" : 19640,
        "virtualMemoryUsage" : 1163485184,
        "physicalMemoryUsage" : 658960384,
        "heapUsage" : 705953792
      },
      "location" : {
        "layers" : [ "default-rack", "Slave12" ]
      },
      "hostName" : "/default-rack/Slave12"
    }, {
      "result" : "KILLED",
      "startTime" : 1405339733496,
      "finishTime" : 1405339758307,
      "attemptID" : "attempt_201407031547_1842_r_000000_1",
      "shuffleFinished" : -1,
      "sortFinished" : -1,
      "hdfsBytesRead" : -1,
      "hdfsBytesWritten" : -1,
      "fileBytesRead" : -1,
      "fileBytesWritten" : -1,
      "mapInputRecords" : -1,
      "mapOutputBytes" : -1,
      "mapOutputRecords" : -1,
      "combineInputRecords" : -1,
      "reduceInputGroups" : -1,
      "reduceInputRecords" : -1,
      "reduceShuffleBytes" : -1,
      "reduceOutputRecords" : -1,
      "spilledRecords" : -1,
      "mapInputBytes" : -1,
      "resourceUsageMetrics" : {
        "cumulativeCpuUsage" : 0,
        "virtualMemoryUsage" : 0,
        "physicalMemoryUsage" : 0,
        "heapUsage" : 0
      },
      "location" : null,
      "hostName" : null
    } ],
    "finishTime" : 1405339747935,
    "preferredLocations" : [ ],
    "taskType" : "REDUCE",
    "taskStatus" : "SUCCESS",
    "taskID" : "task_201407031547_1842_r_000000",
    "inputBytes" : 847911540,
    "inputRecords" : 8312856,
    "outputBytes" : 831285600,
    "outputRecords" : 8312856
  }, {
    "startTime" : 1405339659860,
    "attempts" : [ {
      "result" : "SUCCESS",
      "startTime" : 1405339655902,
      "finishTime" : 1405339736268,
      "attemptID" : "attempt_201407031547_1842_r_000001_0",
      "shuffleFinished" : 1405339720496,
      "sortFinished" : 1405339720508,
      "hdfsBytesRead" : -1,
      "hdfsBytesWritten" : 838397100,
      "fileBytesRead" : 832226172,
      "fileBytesWritten" : 832286326,
      "mapInputRecords" : -1,
      "mapOutputBytes" : -1,
      "mapOutputRecords" : -1,
      "combineInputRecords" : 0,
      "reduceInputGroups" : 8383971,
      "reduceInputRecords" : 8383971,
      "reduceShuffleBytes" : 855165270,
      "reduceOutputRecords" : 8383971,
      "spilledRecords" : 8159080,
      "mapInputBytes" : -1,
      "resourceUsageMetrics" : {
        "cumulativeCpuUsage" : 20290,
        "virtualMemoryUsage" : 1162547200,
        "physicalMemoryUsage" : 581328896,
        "heapUsage" : 682622976
      },
      "location" : {
        "layers" : [ "default-rack", "Slave13" ]
      },
      "hostName" : "/default-rack/Slave13"
    } ],
    "finishTime" : 1405339740288,
    "preferredLocations" : [ ],
    "taskType" : "REDUCE",
    "taskStatus" : "SUCCESS",
    "taskID" : "task_201407031547_1842_r_000001",
    "inputBytes" : 855165270,
    "inputRecords" : 8383971,
    "outputBytes" : 838397100,
    "outputRecords" : 8383971
  }, {
    "startTime" : 1405339660160,
    "attempts" : [ {
      "result" : "SUCCESS",
      "startTime" : 1405339660161,
      "finishTime" : 1405339734152,
      "attemptID" : "attempt_201407031547_1842_r_000002_0",
      "shuffleFinished" : 1405339723173,
      "sortFinished" : 1405339723185,
      "hdfsBytesRead" : -1,
      "hdfsBytesWritten" : 821920100,
      "fileBytesRead" : 815878224,
      "fileBytesWritten" : 815938379,
      "mapInputRecords" : -1,
      "mapOutputBytes" : -1,
      "mapOutputRecords" : -1,
      "combineInputRecords" : 0,
      "reduceInputGroups" : 8219201,
      "reduceInputRecords" : 8219201,
      "reduceShuffleBytes" : 838358730,
      "reduceOutputRecords" : 8219201,
      "spilledRecords" : 7998806,
      "mapInputBytes" : -1,
      "resourceUsageMetrics" : {
        "cumulativeCpuUsage" : 17650,
        "virtualMemoryUsage" : 1163522048,
        "physicalMemoryUsage" : 578392064,
        "heapUsage" : 523239424
      },
      "location" : {
        "layers" : [ "default-rack", "Master1" ]
      },
      "hostName" : "/default-rack/Master1"
    } ],
    "finishTime" : 1405339734395,
    "preferredLocations" : [ ],
    "taskType" : "REDUCE",
    "taskStatus" : "SUCCESS",
    "taskID" : "task_201407031547_1842_r_000002",
    "inputBytes" : 838358730,
    "inputRecords" : 8219201,
    "outputBytes" : 821920100,
    "outputRecords" : 8219201
  }, {
    "startTime" : 1405339660160,
    "attempts" : [ {
      "result" : "SUCCESS",
      "startTime" : 1405339668735,
      "finishTime" : 1405339742908,
      "attemptID" : "attempt_201407031547_1842_r_000003_0",
      "shuffleFinished" : 1405339731196,
      "sortFinished" : 1405339731207,
      "hdfsBytesRead" : -1,
      "hdfsBytesWritten" : 832437000,
      "fileBytesRead" : 826337508,
      "fileBytesWritten" : 826397663,
      "mapInputRecords" : -1,
      "mapOutputBytes" : -1,
      "mapOutputRecords" : -1,
      "combineInputRecords" : 0,
      "reduceInputGroups" : 8324370,
      "reduceInputRecords" : 8324370,
      "reduceShuffleBytes" : 849085968,
      "reduceOutputRecords" : 8324370,
      "spilledRecords" : 8101348,
      "mapInputBytes" : -1,
      "resourceUsageMetrics" : {
        "cumulativeCpuUsage" : 19300,
        "virtualMemoryUsage" : 1163726848,
        "physicalMemoryUsage" : 539783168,
        "heapUsage" : 604766208
      },
      "location" : {
        "layers" : [ "default-rack", "Slave11" ]
      },
      "hostName" : "/default-rack/Slave11"
    } ],
    "finishTime" : 1405339734396,
    "preferredLocations" : [ ],
    "taskType" : "REDUCE",
    "taskStatus" : "SUCCESS",
    "taskID" : "task_201407031547_1842_r_000003",
    "inputBytes" : 849085968,
    "inputRecords" : 8324370,
    "outputBytes" : 832437000,
    "outputRecords" : 8324370
  }, {
    "startTime" : 1405339660161,
    "attempts" : [ {
      "result" : "SUCCESS",
      "startTime" : 1405339656203,
      "finishTime" : 1405339735342,
      "attemptID" : "attempt_201407031547_1842_r_000004_0",
      "shuffleFinished" : 1405339716837,
      "sortFinished" : 1405339716849,
      "hdfsBytesRead" : -1,
      "hdfsBytesWritten" : 835742600,
      "fileBytesRead" : 829584474,
      "fileBytesWritten" : 829644628,
      "mapInputRecords" : -1,
      "mapOutputBytes" : -1,
      "mapOutputRecords" : -1,
      "combineInputRecords" : 0,
      "reduceInputGroups" : 8357426,
      "reduceInputRecords" : 8357426,
      "reduceShuffleBytes" : 852457680,
      "reduceOutputRecords" : 8357426,
      "spilledRecords" : 8133181,
      "mapInputBytes" : -1,
      "resourceUsageMetrics" : {
        "cumulativeCpuUsage" : 19130,
        "virtualMemoryUsage" : 1161715712,
        "physicalMemoryUsage" : 576176128,
        "heapUsage" : 559677440
      },
      "location" : {
        "layers" : [ "default-rack", "Slave13" ]
      },
      "hostName" : "/default-rack/Slave13"
    } ],
    "finishTime" : 1405339739679,
    "preferredLocations" : [ ],
    "taskType" : "REDUCE",
    "taskStatus" : "SUCCESS",
    "taskID" : "task_201407031547_1842_r_000004",
    "inputBytes" : 852457680,
    "inputRecords" : 8357426,
    "outputBytes" : 835742600,
    "outputRecords" : 8357426
  }, {
    "startTime" : 1405339660350,
    "attempts" : [ {
      "result" : "SUCCESS",
      "startTime" : 1405339651829,
      "finishTime" : 1405339740872,
      "attemptID" : "attempt_201407031547_1842_r_000005_0",
      "shuffleFinished" : 1405339717626,
      "sortFinished" : 1405339717638,
      "hdfsBytesRead" : -1,
      "hdfsBytesWritten" : 840217600,
      "fileBytesRead" : 834031980,
      "fileBytesWritten" : 834092135,
      "mapInputRecords" : -1,
      "mapOutputBytes" : -1,
      "mapOutputRecords" : -1,
      "combineInputRecords" : 0,
      "reduceInputGroups" : 8402176,
      "reduceInputRecords" : 8402176,
      "reduceShuffleBytes" : 857022180,
      "reduceOutputRecords" : 8402176,
      "spilledRecords" : 8176784,
      "mapInputBytes" : -1,
      "resourceUsageMetrics" : {
        "cumulativeCpuUsage" : 19380,
        "virtualMemoryUsage" : 1162158080,
        "physicalMemoryUsage" : 646676480,
        "heapUsage" : 626524160
      },
      "location" : {
        "layers" : [ "default-rack", "Slave12" ]
      },
      "hostName" : "/default-rack/Slave12"
    } ],
    "finishTime" : 1405339749427,
    "preferredLocations" : [ ],
    "taskType" : "REDUCE",
    "taskStatus" : "SUCCESS",
    "taskID" : "task_201407031547_1842_r_000005",
    "inputBytes" : 857022180,
    "inputRecords" : 8402176,
    "outputBytes" : 840217600,
    "outputRecords" : 8402176
  } ],
  "submitTime" : 1405339650605,
  "launchTime" : 1405339650783,
  "totalMaps" : 38,
  "totalReduces" : 6,
  "otherTasks" : [ {
    "startTime" : 1405339650802,
    "attempts" : [ {
      "result" : "SUCCESS",
      "startTime" : 1405339650941,
      "finishTime" : 1405339651635,
      "attemptID" : "attempt_201407031547_1842_m_000039_0",
      "shuffleFinished" : -1,
      "sortFinished" : -1,
      "hdfsBytesRead" : -1,
      "hdfsBytesWritten" : -1,
      "fileBytesRead" : -1,
      "fileBytesWritten" : 60247,
      "mapInputRecords" : -1,
      "mapOutputBytes" : -1,
      "mapOutputRecords" : -1,
      "combineInputRecords" : -1,
      "reduceInputGroups" : -1,
      "reduceInputRecords" : -1,
      "reduceShuffleBytes" : -1,
      "reduceOutputRecords" : -1,
      "spilledRecords" : 0,
      "mapInputBytes" : -1,
      "resourceUsageMetrics" : {
        "cumulativeCpuUsage" : 50,
        "virtualMemoryUsage" : 937193472,
        "physicalMemoryUsage" : 61198336,
        "heapUsage" : 64487424
      },
      "location" : {
        "layers" : [ "default-rack", "Master1" ]
      },
      "hostName" : "/default-rack/Master1"
    } ],
    "finishTime" : 1405339651706,
    "preferredLocations" : [ ],
    "taskType" : "SETUP",
    "taskStatus" : "SUCCESS",
    "taskID" : "task_201407031547_1842_m_000039",
    "inputBytes" : -1,
    "inputRecords" : -1,
    "outputBytes" : -1,
    "outputRecords" : -1
  }, {
    "startTime" : 1405339749428,
    "attempts" : [ {
      "result" : "SUCCESS",
      "startTime" : 1405339740905,
      "finishTime" : 1405339741829,
      "attemptID" : "attempt_201407031547_1842_m_000038_0",
      "shuffleFinished" : -1,
      "sortFinished" : -1,
      "hdfsBytesRead" : -1,
      "hdfsBytesWritten" : -1,
      "fileBytesRead" : -1,
      "fileBytesWritten" : 60247,
      "mapInputRecords" : -1,
      "mapOutputBytes" : -1,
      "mapOutputRecords" : -1,
      "combineInputRecords" : -1,
      "reduceInputGroups" : -1,
      "reduceInputRecords" : -1,
      "reduceShuffleBytes" : -1,
      "reduceOutputRecords" : -1,
      "spilledRecords" : 0,
      "mapInputBytes" : -1,
      "resourceUsageMetrics" : {
        "cumulativeCpuUsage" : 20,
        "virtualMemoryUsage" : 942608384,
        "physicalMemoryUsage" : 399253504,
        "heapUsage" : 403177472
      },
      "location" : {
        "layers" : [ "default-rack", "Slave12" ]
      },
      "hostName" : "/default-rack/Slave12"
    } ],
    "finishTime" : 1405339750634,
    "preferredLocations" : [ ],
    "taskType" : "CLEANUP",
    "taskStatus" : "SUCCESS",
    "taskID" : "task_201407031547_1842_m_000038",
    "inputBytes" : -1,
    "inputRecords" : -1,
    "outputBytes" : -1,
    "outputRecords" : -1
  } ],
  "priority" : "NORMAL"
}