{
  "priority" : "NORMAL",
  "jobID" : "job_201407031547_2131",
  "user" : "itri-hadoop",
  "jobName" : "TeraSort",
  "mapTasks" : [ {
    "startTime" : 1405478874296,
    "attempts" : [ {
      "result" : "SUCCESS",
      "location" : {
        "layers" : [ "default-rack", "Master1" ]
      },
      "hostName" : "/default-rack/Master1",
      "startTime" : 1405478874297,
      "finishTime" : 1405478887419,
      "attemptID" : "attempt_201407031547_2131_m_000018_0",
      "shuffleFinished" : -1,
      "sortFinished" : -1,
      "hdfsBytesRead" : 84080989,
      "hdfsBytesWritten" : -1,
      "fileBytesRead" : 85779373,
      "fileBytesWritten" : 171585297,
      "mapInputRecords" : 840808,
      "mapOutputBytes" : 84080800,
      "mapOutputRecords" : 840808,
      "combineInputRecords" : 0,
      "reduceInputGroups" : -1,
      "reduceInputRecords" : -1,
      "reduceShuffleBytes" : -1,
      "reduceOutputRecords" : -1,
      "spilledRecords" : 1681616,
      "mapInputBytes" : 84080800,
      "resourceUsageMetrics" : {
        "cumulativeCpuUsage" : 4060,
        "virtualMemoryUsage" : 1159041024,
        "physicalMemoryUsage" : 506798080,
        "heapUsage" : 594018304
      }
    } ],
    "finishTime" : 1405478887693,
    "preferredLocations" : [ {
      "layers" : [ "default-rack", "Master1" ]
    }, {
      "layers" : [ "default-rack", "Slave12" ]
    }, {
      "layers" : [ "default-rack", "Slave11" ]
    } ],
    "taskType" : "MAP",
    "taskStatus" : "SUCCESS",
    "taskID" : "task_201407031547_2131_m_000018",
    "inputBytes" : 84080989,
    "inputRecords" : 840808,
    "outputBytes" : 171585297,
    "outputRecords" : 840808
  }, {
    "startTime" : 1405478874296,
    "attempts" : [ {
      "result" : "SUCCESS",
      "location" : {
        "layers" : [ "default-rack", "Master1" ]
      },
      "hostName" : "/default-rack/Master1",
      "startTime" : 1405478874297,
      "finishTime" : 1405478891410,
      "attemptID" : "attempt_201407031547_2131_m_000000_0",
      "shuffleFinished" : -1,
      "sortFinished" : -1,
      "hdfsBytesRead" : 268439645,
      "hdfsBytesWritten" : -1,
      "fileBytesRead" : 273857151,
      "fileBytesWritten" : 547669004,
      "mapInputRecords" : 2684355,
      "mapOutputBytes" : 268435500,
      "mapOutputRecords" : 2684355,
      "combineInputRecords" : 0,
      "reduceInputGroups" : -1,
      "reduceInputRecords" : -1,
      "reduceShuffleBytes" : -1,
      "reduceOutputRecords" : -1,
      "spilledRecords" : 5368710,
      "mapInputBytes" : 268435500,
      "resourceUsageMetrics" : {
        "cumulativeCpuUsage" : 9440,
        "virtualMemoryUsage" : 1160327168,
        "physicalMemoryUsage" : 507076608,
        "heapUsage" : 649068544
      }
    } ],
    "finishTime" : 1405478891551,
    "preferredLocations" : [ {
      "layers" : [ "default-rack", "192\\.168\\.1\\.100" ]
    }, {
      "layers" : [ "default-rack", "192\\.168\\.1\\.102" ]
    }, {
      "layers" : [ "default-rack", "192\\.168\\.1\\.103" ]
    } ],
    "taskType" : "MAP",
    "taskStatus" : "SUCCESS",
    "taskID" : "task_201407031547_2131_m_000000",
    "inputBytes" : 268439645,
    "inputRecords" : 2684355,
    "outputBytes" : 547669004,
    "outputRecords" : 2684355
  }, {
    "startTime" : 1405478874299,
    "attempts" : [ {
      "result" : "SUCCESS",
      "location" : {
        "layers" : [ "default-rack", "Slave13" ]
      },
      "hostName" : "/default-rack/Slave13",
      "startTime" : 1405478869909,
      "finishTime" : 1405478875518,
      "attemptID" : "attempt_201407031547_2131_m_000019_0",
      "shuffleFinished" : -1,
      "sortFinished" : -1,
      "hdfsBytesRead" : 84080989,
      "hdfsBytesWritten" : -1,
      "fileBytesRead" : 85782455,
      "fileBytesWritten" : 171585295,
      "mapInputRecords" : 840808,
      "mapOutputBytes" : 84080800,
      "mapOutputRecords" : 840808,
      "combineInputRecords" : 0,
      "reduceInputGroups" : -1,
      "reduceInputRecords" : -1,
      "reduceShuffleBytes" : -1,
      "reduceOutputRecords" : -1,
      "spilledRecords" : 1681616,
      "mapInputBytes" : 84080800,
      "resourceUsageMetrics" : {
        "cumulativeCpuUsage" : 4160,
        "virtualMemoryUsage" : 1162260480,
        "physicalMemoryUsage" : 237666304,
        "heapUsage" : 471597056
      }
    } ],
    "finishTime" : 1405478880133,
    "preferredLocations" : [ {
      "layers" : [ "default-rack", "Slave13" ]
    }, {
      "layers" : [ "default-rack", "Slave11" ]
    }, {
      "layers" : [ "default-rack", "Slave12" ]
    } ],
    "taskType" : "MAP",
    "taskStatus" : "SUCCESS",
    "taskID" : "task_201407031547_2131_m_000019",
    "inputBytes" : 84080989,
    "inputRecords" : 840808,
    "outputBytes" : 171585295,
    "outputRecords" : 840808
  }, {
    "startTime" : 1405478874300,
    "attempts" : [ {
      "result" : "SUCCESS",
      "location" : {
        "layers" : [ "default-rack", "Slave13" ]
      },
      "hostName" : "/default-rack/Slave13",
      "startTime" : 1405478869909,
      "finishTime" : 1405478886398,
      "attemptID" : "attempt_201407031547_2131_m_000001_0",
      "shuffleFinished" : -1,
      "sortFinished" : -1,
      "hdfsBytesRead" : 268439645,
      "hdfsBytesWritten" : -1,
      "fileBytesRead" : 273858283,
      "fileBytesWritten" : 547669002,
      "mapInputRecords" : 2684355,
      "mapOutputBytes" : 268435500,
      "mapOutputRecords" : 2684355,
      "combineInputRecords" : 0,
      "reduceInputGroups" : -1,
      "reduceInputRecords" : -1,
      "reduceShuffleBytes" : -1,
      "reduceOutputRecords" : -1,
      "spilledRecords" : 5368710,
      "mapInputBytes" : 268435500,
      "resourceUsageMetrics" : {
        "cumulativeCpuUsage" : 9960,
        "virtualMemoryUsage" : 1160294400,
        "physicalMemoryUsage" : 521293824,
        "heapUsage" : 600571904
      }
    } ],
    "finishTime" : 1405478891165,
    "preferredLocations" : [ {
      "layers" : [ "default-rack", "192\\.168\\.1\\.100" ]
    }, {
      "layers" : [ "default-rack", "192\\.168\\.1\\.102" ]
    }, {
      "layers" : [ "default-rack", "192\\.168\\.1\\.101" ]
    } ],
    "taskType" : "MAP",
    "taskStatus" : "SUCCESS",
    "taskID" : "task_201407031547_2131_m_000001",
    "inputBytes" : 268439645,
    "inputRecords" : 2684355,
    "outputBytes" : 547669002,
    "outputRecords" : 2684355
  }, {
    "startTime" : 1405478874508,
    "attempts" : [ {
      "result" : "SUCCESS",
      "location" : {
        "layers" : [ "default-rack", "Slave11" ]
      },
      "hostName" : "/default-rack/Slave11",
      "startTime" : 1405478884483,
      "finishTime" : 1405478900230,
      "attemptID" : "attempt_201407031547_2131_m_000002_0",
      "shuffleFinished" : -1,
      "sortFinished" : -1,
      "hdfsBytesRead" : 268439645,
      "hdfsBytesWritten" : -1,
      "fileBytesRead" : 273850541,
      "fileBytesWritten" : 547668798,
      "mapInputRecords" : 2684354,
      "mapOutputBytes" : 268435400,
      "mapOutputRecords" : 2684354,
      "combineInputRecords" : 0,
      "reduceInputGroups" : -1,
      "reduceInputRecords" : -1,
      "reduceShuffleBytes" : -1,
      "reduceOutputRecords" : -1,
      "spilledRecords" : 5368708,
      "mapInputBytes" : 268435400,
      "resourceUsageMetrics" : {
        "cumulativeCpuUsage" : 9900,
        "virtualMemoryUsage" : 1158701056,
        "physicalMemoryUsage" : 519340032,
        "heapUsage" : 602406912
      }
    } ],
    "finishTime" : 1405478890383,
    "preferredLocations" : [ {
      "layers" : [ "default-rack", "192\\.168\\.1\\.100" ]
    }, {
      "layers" : [ "default-rack", "192\\.168\\.1\\.101" ]
    }, {
      "layers" : [ "default-rack", "192\\.168\\.1\\.102" ]
    } ],
    "taskType" : "MAP",
    "taskStatus" : "SUCCESS",
    "taskID" : "task_201407031547_2131_m_000002",
    "inputBytes" : 268439645,
    "inputRecords" : 2684354,
    "outputBytes" : 547668798,
    "outputRecords" : 2684354
  }, {
    "startTime" : 1405478874508,
    "attempts" : [ {
      "result" : "SUCCESS",
      "location" : {
        "layers" : [ "default-rack", "Slave11" ]
      },
      "hostName" : "/default-rack/Slave11",
      "startTime" : 1405478884483,
      "finishTime" : 1405478897660,
      "attemptID" : "attempt_201407031547_2131_m_000003_0",
      "shuffleFinished" : -1,
      "sortFinished" : -1,
      "hdfsBytesRead" : 268439645,
      "hdfsBytesWritten" : -1,
      "fileBytesRead" : 273852599,
      "fileBytesWritten" : 547669002,
      "mapInputRecords" : 2684355,
      "mapOutputBytes" : 268435500,
      "mapOutputRecords" : 2684355,
      "combineInputRecords" : 0,
      "reduceInputGroups" : -1,
      "reduceInputRecords" : -1,
      "reduceShuffleBytes" : -1,
      "reduceOutputRecords" : -1,
      "spilledRecords" : 5368710,
      "mapInputBytes" : 268435500,
      "resourceUsageMetrics" : {
        "cumulativeCpuUsage" : 9320,
        "virtualMemoryUsage" : 1157222400,
        "physicalMemoryUsage" : 243458048,
        "heapUsage" : 187695104
      }
    } ],
    "finishTime" : 1405478887979,
    "preferredLocations" : [ {
      "layers" : [ "default-rack", "192\\.168\\.1\\.100" ]
    }, {
      "layers" : [ "default-rack", "192\\.168\\.1\\.102" ]
    }, {
      "layers" : [ "default-rack", "192\\.168\\.1\\.101" ]
    } ],
    "taskType" : "MAP",
    "taskStatus" : "SUCCESS",
    "taskID" : "task_201407031547_2131_m_000003",
    "inputBytes" : 268439645,
    "inputRecords" : 2684355,
    "outputBytes" : 547669002,
    "outputRecords" : 2684355
  }, {
    "startTime" : 1405478874509,
    "attempts" : [ {
      "result" : "SUCCESS",
      "location" : {
        "layers" : [ "default-rack", "Slave12" ]
      },
      "hostName" : "/default-rack/Slave12",
      "startTime" : 1405478865019,
      "finishTime" : 1405478901003,
      "attemptID" : "attempt_201407031547_2131_m_000004_0",
      "shuffleFinished" : -1,
      "sortFinished" : -1,
      "hdfsBytesRead" : 268439645,
      "hdfsBytesWritten" : -1,
      "fileBytesRead" : 273851541,
      "fileBytesWritten" : 547668800,
      "mapInputRecords" : 2684354,
      "mapOutputBytes" : 268435400,
      "mapOutputRecords" : 2684354,
      "combineInputRecords" : 0,
      "reduceInputGroups" : -1,
      "reduceInputRecords" : -1,
      "reduceShuffleBytes" : -1,
      "reduceOutputRecords" : -1,
      "spilledRecords" : 5368708,
      "mapInputBytes" : 268435400,
      "resourceUsageMetrics" : {
        "cumulativeCpuUsage" : 10650,
        "virtualMemoryUsage" : 1157832704,
        "physicalMemoryUsage" : 520904704,
        "heapUsage" : 655622144
      }
    } ],
    "finishTime" : 1405478910768,
    "preferredLocations" : [ {
      "layers" : [ "default-rack", "192\\.168\\.1\\.100" ]
    }, {
      "layers" : [ "default-rack", "192\\.168\\.1\\.101" ]
    }, {
      "layers" : [ "default-rack", "192\\.168\\.1\\.103" ]
    } ],
    "taskType" : "MAP",
    "taskStatus" : "SUCCESS",
    "taskID" : "task_201407031547_2131_m_000004",
    "inputBytes" : 268439645,
    "inputRecords" : 2684354,
    "outputBytes" : 547668800,
    "outputRecords" : 2684354
  }, {
    "startTime" : 1405478874509,
    "attempts" : [ {
      "result" : "SUCCESS",
      "location" : {
        "layers" : [ "default-rack", "Slave12" ]
      },
      "hostName" : "/default-rack/Slave12",
      "startTime" : 1405478865019,
      "finishTime" : 1405478877643,
      "attemptID" : "attempt_201407031547_2131_m_000005_0",
      "shuffleFinished" : -1,
      "sortFinished" : -1,
      "hdfsBytesRead" : 268439645,
      "hdfsBytesWritten" : -1,
      "fileBytesRead" : 273845345,
      "fileBytesWritten" : 547669004,
      "mapInputRecords" : 2684355,
      "mapOutputBytes" : 268435500,
      "mapOutputRecords" : 2684355,
      "combineInputRecords" : 0,
      "reduceInputGroups" : -1,
      "reduceInputRecords" : -1,
      "reduceShuffleBytes" : -1,
      "reduceOutputRecords" : -1,
      "spilledRecords" : 5368710,
      "mapInputBytes" : 268435500,
      "resourceUsageMetrics" : {
        "cumulativeCpuUsage" : 9510,
        "virtualMemoryUsage" : 1161502720,
        "physicalMemoryUsage" : 255397888,
        "heapUsage" : 195035136
      }
    } ],
    "finishTime" : 1405478887321,
    "preferredLocations" : [ {
      "layers" : [ "default-rack", "192\\.168\\.1\\.101" ]
    }, {
      "layers" : [ "default-rack", "192\\.168\\.1\\.100" ]
    }, {
      "layers" : [ "default-rack", "192\\.168\\.1\\.102" ]
    } ],
    "taskType" : "MAP",
    "taskStatus" : "SUCCESS",
    "taskID" : "task_201407031547_2131_m_000005",
    "inputBytes" : 268439645,
    "inputRecords" : 2684355,
    "outputBytes" : 547669004,
    "outputRecords" : 2684355
  }, {
    "startTime" : 1405478880133,
    "attempts" : [ {
      "result" : "SUCCESS",
      "location" : {
        "layers" : [ "default-rack", "Slave13" ]
      },
      "hostName" : "/default-rack/Slave13",
      "startTime" : 1405478875658,
      "finishTime" : 1405478891907,
      "attemptID" : "attempt_201407031547_2131_m_000006_0",
      "shuffleFinished" : -1,
      "sortFinished" : -1,
      "hdfsBytesRead" : 268439645,
      "hdfsBytesWritten" : -1,
      "fileBytesRead" : 273851621,
      "fileBytesWritten" : 547668798,
      "mapInputRecords" : 2684354,
      "mapOutputBytes" : 268435400,
      "mapOutputRecords" : 2684354,
      "combineInputRecords" : 0,
      "reduceInputGroups" : -1,
      "reduceInputRecords" : -1,
      "reduceShuffleBytes" : -1,
      "reduceOutputRecords" : -1,
      "spilledRecords" : 5368708,
      "mapInputBytes" : 268435400,
      "resourceUsageMetrics" : {
        "cumulativeCpuUsage" : 8220,
        "virtualMemoryUsage" : 1160925184,
        "physicalMemoryUsage" : 450539520,
        "heapUsage" : 392429568
      }
    } ],
    "finishTime" : 1405478896720,
    "preferredLocations" : [ {
      "layers" : [ "default-rack", "192\\.168\\.1\\.100" ]
    }, {
      "layers" : [ "default-rack", "192\\.168\\.1\\.102" ]
    }, {
      "layers" : [ "default-rack", "192\\.168\\.1\\.101" ]
    } ],
    "taskType" : "MAP",
    "taskStatus" : "SUCCESS",
    "taskID" : "task_201407031547_2131_m_000006",
    "inputBytes" : 268439645,
    "inputRecords" : 2684354,
    "outputBytes" : 547668798,
    "outputRecords" : 2684354
  }, {
    "startTime" : 1405478887322,
    "attempts" : [ {
      "result" : "SUCCESS",
      "location" : {
        "layers" : [ "default-rack", "Slave12" ]
      },
      "hostName" : "/default-rack/Slave12",
      "startTime" : 1405478877674,
      "finishTime" : 1405478907086,
      "attemptID" : "attempt_201407031547_2131_m_000007_0",
      "shuffleFinished" : -1,
      "sortFinished" : -1,
      "hdfsBytesRead" : 268439645,
      "hdfsBytesWritten" : -1,
      "fileBytesRead" : 273853645,
      "fileBytesWritten" : 547669004,
      "mapInputRecords" : 2684355,
      "mapOutputBytes" : 268435500,
      "mapOutputRecords" : 2684355,
      "combineInputRecords" : 0,
      "reduceInputGroups" : -1,
      "reduceInputRecords" : -1,
      "reduceShuffleBytes" : -1,
      "reduceOutputRecords" : -1,
      "spilledRecords" : 5368710,
      "mapInputBytes" : 268435500,
      "resourceUsageMetrics" : {
        "cumulativeCpuUsage" : 8530,
        "virtualMemoryUsage" : 1162166272,
        "physicalMemoryUsage" : 526929920,
        "heapUsage" : 646709248
      }
    } ],
    "finishTime" : 1405478916744,
    "preferredLocations" : [ {
      "layers" : [ "default-rack", "192\\.168\\.1\\.100" ]
    }, {
      "layers" : [ "default-rack", "192\\.168\\.1\\.103" ]
    }, {
      "layers" : [ "default-rack", "192\\.168\\.1\\.102" ]
    } ],
    "taskType" : "MAP",
    "taskStatus" : "SUCCESS",
    "taskID" : "task_201407031547_2131_m_000007",
    "inputBytes" : 268439645,
    "inputRecords" : 2684355,
    "outputBytes" : 547669004,
    "outputRecords" : 2684355
  }, {
    "startTime" : 1405478887693,
    "attempts" : [ {
      "result" : "SUCCESS",
      "location" : {
        "layers" : [ "default-rack", "Master1" ]
      },
      "hostName" : "/default-rack/Master1",
      "startTime" : 1405478887694,
      "finishTime" : 1405478907250,
      "attemptID" : "attempt_201407031547_2131_m_000008_0",
      "shuffleFinished" : -1,
      "sortFinished" : -1,
      "hdfsBytesRead" : 268439645,
      "hdfsBytesWritten" : -1,
      "fileBytesRead" : 273858995,
      "fileBytesWritten" : 547669004,
      "mapInputRecords" : 2684355,
      "mapOutputBytes" : 268435500,
      "mapOutputRecords" : 2684355,
      "combineInputRecords" : 0,
      "reduceInputGroups" : -1,
      "reduceInputRecords" : -1,
      "reduceShuffleBytes" : -1,
      "reduceOutputRecords" : -1,
      "spilledRecords" : 5368710,
      "mapInputBytes" : 268435500,
      "resourceUsageMetrics" : {
        "cumulativeCpuUsage" : 8250,
        "virtualMemoryUsage" : 1160036352,
        "physicalMemoryUsage" : 522977280,
        "heapUsage" : 683409408
      }
    } ],
    "finishTime" : 1405478907555,
    "preferredLocations" : [ {
      "layers" : [ "default-rack", "192\\.168\\.1\\.103" ]
    }, {
      "layers" : [ "default-rack", "192\\.168\\.1\\.100" ]
    }, {
      "layers" : [ "default-rack", "192\\.168\\.1\\.102" ]
    } ],
    "taskType" : "MAP",
    "taskStatus" : "SUCCESS",
    "taskID" : "task_201407031547_2131_m_000008",
    "inputBytes" : 268439645,
    "inputRecords" : 2684355,
    "outputBytes" : 547669004,
    "outputRecords" : 2684355
  }, {
    "startTime" : 1405478887979,
    "attempts" : [ {
      "result" : "SUCCESS",
      "location" : {
        "layers" : [ "default-rack", "Slave11" ]
      },
      "hostName" : "/default-rack/Slave11",
      "startTime" : 1405478897829,
      "finishTime" : 1405478923330,
      "attemptID" : "attempt_201407031547_2131_m_000009_0",
      "shuffleFinished" : -1,
      "sortFinished" : -1,
      "hdfsBytesRead" : 268439645,
      "hdfsBytesWritten" : -1,
      "fileBytesRead" : 273851767,
      "fileBytesWritten" : 547669002,
      "mapInputRecords" : 2684355,
      "mapOutputBytes" : 268435500,
      "mapOutputRecords" : 2684355,
      "combineInputRecords" : 0,
      "reduceInputGroups" : -1,
      "reduceInputRecords" : -1,
      "reduceShuffleBytes" : -1,
      "reduceOutputRecords" : -1,
      "spilledRecords" : 5368710,
      "mapInputBytes" : 268435500,
      "resourceUsageMetrics" : {
        "cumulativeCpuUsage" : 8670,
        "virtualMemoryUsage" : 1165225984,
        "physicalMemoryUsage" : 551391232,
        "heapUsage" : 655097856
      }
    } ],
    "finishTime" : 1405478913659,
    "preferredLocations" : [ {
      "layers" : [ "default-rack", "192\\.168\\.1\\.103" ]
    }, {
      "layers" : [ "default-rack", "192\\.168\\.1\\.100" ]
    }, {
      "layers" : [ "default-rack", "192\\.168\\.1\\.102" ]
    } ],
    "taskType" : "MAP",
    "taskStatus" : "SUCCESS",
    "taskID" : "task_201407031547_2131_m_000009",
    "inputBytes" : 268439645,
    "inputRecords" : 2684355,
    "outputBytes" : 547669002,
    "outputRecords" : 2684355
  }, {
    "startTime" : 1405478890383,
    "attempts" : [ {
      "result" : "SUCCESS",
      "location" : {
        "layers" : [ "default-rack", "Slave11" ]
      },
      "hostName" : "/default-rack/Slave11",
      "startTime" : 1405478900232,
      "finishTime" : 1405478919354,
      "attemptID" : "attempt_201407031547_2131_m_000010_0",
      "shuffleFinished" : -1,
      "sortFinished" : -1,
      "hdfsBytesRead" : 268439645,
      "hdfsBytesWritten" : -1,
      "fileBytesRead" : 273854729,
      "fileBytesWritten" : 547669003,
      "mapInputRecords" : 2684355,
      "mapOutputBytes" : 268435500,
      "mapOutputRecords" : 2684355,
      "combineInputRecords" : 0,
      "reduceInputGroups" : -1,
      "reduceInputRecords" : -1,
      "reduceShuffleBytes" : -1,
      "reduceOutputRecords" : -1,
      "spilledRecords" : 5368710,
      "mapInputBytes" : 268435500,
      "resourceUsageMetrics" : {
        "cumulativeCpuUsage" : 7860,
        "virtualMemoryUsage" : 1159364608,
        "physicalMemoryUsage" : 521949184,
        "heapUsage" : 680525824
      }
    } ],
    "finishTime" : 1405478909605,
    "preferredLocations" : [ {
      "layers" : [ "default-rack", "192\\.168\\.1\\.103" ]
    }, {
      "layers" : [ "default-rack", "192\\.168\\.1\\.100" ]
    }, {
      "layers" : [ "default-rack", "192\\.168\\.1\\.101" ]
    } ],
    "taskType" : "MAP",
    "taskStatus" : "SUCCESS",
    "taskID" : "task_201407031547_2131_m_000010",
    "inputBytes" : 268439645,
    "inputRecords" : 2684355,
    "outputBytes" : 547669003,
    "outputRecords" : 2684355
  }, {
    "startTime" : 1405478891165,
    "attempts" : [ {
      "result" : "SUCCESS",
      "location" : {
        "layers" : [ "default-rack", "Slave13" ]
      },
      "hostName" : "/default-rack/Slave13",
      "startTime" : 1405478886689,
      "finishTime" : 1405478916948,
      "attemptID" : "attempt_201407031547_2131_m_000011_0",
      "shuffleFinished" : -1,
      "sortFinished" : -1,
      "hdfsBytesRead" : 268439645,
      "hdfsBytesWritten" : -1,
      "fileBytesRead" : 273851513,
      "fileBytesWritten" : 547668799,
      "mapInputRecords" : 2684354,
      "mapOutputBytes" : 268435400,
      "mapOutputRecords" : 2684354,
      "combineInputRecords" : 0,
      "reduceInputGroups" : -1,
      "reduceInputRecords" : -1,
      "reduceShuffleBytes" : -1,
      "reduceOutputRecords" : -1,
      "spilledRecords" : 5368708,
      "mapInputBytes" : 268435400,
      "resourceUsageMetrics" : {
        "cumulativeCpuUsage" : 7530,
        "virtualMemoryUsage" : 1161289728,
        "physicalMemoryUsage" : 532287488,
        "heapUsage" : 666107904
      }
    } ],
    "finishTime" : 1405478921497,
    "preferredLocations" : [ {
      "layers" : [ "default-rack", "192\\.168\\.1\\.103" ]
    }, {
      "layers" : [ "default-rack", "192\\.168\\.1\\.101" ]
    }, {
      "layers" : [ "default-rack", "192\\.168\\.1\\.100" ]
    } ],
    "taskType" : "MAP",
    "taskStatus" : "SUCCESS",
    "taskID" : "task_201407031547_2131_m_000011",
    "inputBytes" : 268439645,
    "inputRecords" : 2684354,
    "outputBytes" : 547668799,
    "outputRecords" : 2684354
  }, {
    "startTime" : 1405478891551,
    "attempts" : [ {
      "result" : "SUCCESS",
      "location" : {
        "layers" : [ "default-rack", "Master1" ]
      },
      "hostName" : "/default-rack/Master1",
      "startTime" : 1405478891552,
      "finishTime" : 1405478912563,
      "attemptID" : "attempt_201407031547_2131_m_000012_0",
      "shuffleFinished" : -1,
      "sortFinished" : -1,
      "hdfsBytesRead" : 268439645,
      "hdfsBytesWritten" : -1,
      "fileBytesRead" : 273849035,
      "fileBytesWritten" : 547669005,
      "mapInputRecords" : 2684355,
      "mapOutputBytes" : 268435500,
      "mapOutputRecords" : 2684355,
      "combineInputRecords" : 0,
      "reduceInputGroups" : -1,
      "reduceInputRecords" : -1,
      "reduceShuffleBytes" : -1,
      "reduceOutputRecords" : -1,
      "spilledRecords" : 5368710,
      "mapInputBytes" : 268435500,
      "resourceUsageMetrics" : {
        "cumulativeCpuUsage" : 8130,
        "virtualMemoryUsage" : 1161322496,
        "physicalMemoryUsage" : 517156864,
        "heapUsage" : 681050112
      }
    } ],
    "finishTime" : 1405478912779,
    "preferredLocations" : [ {
      "layers" : [ "default-rack", "192\\.168\\.1\\.100" ]
    }, {
      "layers" : [ "default-rack", "192\\.168\\.1\\.103" ]
    }, {
      "layers" : [ "default-rack", "192\\.168\\.1\\.101" ]
    } ],
    "taskType" : "MAP",
    "taskStatus" : "SUCCESS",
    "taskID" : "task_201407031547_2131_m_000012",
    "inputBytes" : 268439645,
    "inputRecords" : 2684355,
    "outputBytes" : 547669005,
    "outputRecords" : 2684355
  }, {
    "startTime" : 1405478896720,
    "attempts" : [ {
      "result" : "SUCCESS",
      "location" : {
        "layers" : [ "default-rack", "Slave13" ]
      },
      "hostName" : "/default-rack/Slave13",
      "startTime" : 1405478892610,
      "finishTime" : 1405478922901,
      "attemptID" : "attempt_201407031547_2131_m_000013_0",
      "shuffleFinished" : -1,
      "sortFinished" : -1,
      "hdfsBytesRead" : 268439645,
      "hdfsBytesWritten" : -1,
      "fileBytesRead" : 273859169,
      "fileBytesWritten" : 547668799,
      "mapInputRecords" : 2684354,
      "mapOutputBytes" : 268435400,
      "mapOutputRecords" : 2684354,
      "combineInputRecords" : 0,
      "reduceInputGroups" : -1,
      "reduceInputRecords" : -1,
      "reduceShuffleBytes" : -1,
      "reduceOutputRecords" : -1,
      "spilledRecords" : 5368708,
      "mapInputBytes" : 268435400,
      "resourceUsageMetrics" : {
        "cumulativeCpuUsage" : 7610,
        "virtualMemoryUsage" : 1160925184,
        "physicalMemoryUsage" : 509497344,
        "heapUsage" : 655884288
      }
    } ],
    "finishTime" : 1405478927635,
    "preferredLocations" : [ {
      "layers" : [ "default-rack", "192\\.168\\.1\\.103" ]
    }, {
      "layers" : [ "default-rack", "192\\.168\\.1\\.101" ]
    }, {
      "layers" : [ "default-rack", "192\\.168\\.1\\.102" ]
    } ],
    "taskType" : "MAP",
    "taskStatus" : "SUCCESS",
    "taskID" : "task_201407031547_2131_m_000013",
    "inputBytes" : 268439645,
    "inputRecords" : 2684354,
    "outputBytes" : 547668799,
    "outputRecords" : 2684354
  }, {
    "startTime" : 1405478907555,
    "attempts" : [ {
      "result" : "SUCCESS",
      "location" : {
        "layers" : [ "default-rack", "Master1" ]
      },
      "hostName" : "/default-rack/Master1",
      "startTime" : 1405478907556,
      "finishTime" : 1405478938395,
      "attemptID" : "attempt_201407031547_2131_m_000014_0",
      "shuffleFinished" : -1,
      "sortFinished" : -1,
      "hdfsBytesRead" : 268439645,
      "hdfsBytesWritten" : -1,
      "fileBytesRead" : 273861623,
      "fileBytesWritten" : 547669005,
      "mapInputRecords" : 2684355,
      "mapOutputBytes" : 268435500,
      "mapOutputRecords" : 2684355,
      "combineInputRecords" : 0,
      "reduceInputGroups" : -1,
      "reduceInputRecords" : -1,
      "reduceShuffleBytes" : -1,
      "reduceOutputRecords" : -1,
      "spilledRecords" : 5368710,
      "mapInputBytes" : 268435500,
      "resourceUsageMetrics" : {
        "cumulativeCpuUsage" : 8480,
        "virtualMemoryUsage" : 1160036352,
        "physicalMemoryUsage" : 537083904,
        "heapUsage" : 697827328
      }
    } ],
    "finishTime" : 1405478938400,
    "preferredLocations" : [ {
      "layers" : [ "default-rack", "192\\.168\\.1\\.103" ]
    }, {
      "layers" : [ "default-rack", "192\\.168\\.1\\.102" ]
    }, {
      "layers" : [ "default-rack", "192\\.168\\.1\\.101" ]
    } ],
    "taskType" : "MAP",
    "taskStatus" : "SUCCESS",
    "taskID" : "task_201407031547_2131_m_000014",
    "inputBytes" : 268439645,
    "inputRecords" : 2684355,
    "outputBytes" : 547669005,
    "outputRecords" : 2684355
  }, {
    "startTime" : 1405478909605,
    "attempts" : [ {
      "result" : "SUCCESS",
      "location" : {
        "layers" : [ "default-rack", "Slave11" ]
      },
      "hostName" : "/default-rack/Slave11",
      "startTime" : 1405478919455,
      "finishTime" : 1405478933441,
      "attemptID" : "attempt_201407031547_2131_m_000015_0",
      "shuffleFinished" : -1,
      "sortFinished" : -1,
      "hdfsBytesRead" : 268439645,
      "hdfsBytesWritten" : -1,
      "fileBytesRead" : 273853479,
      "fileBytesWritten" : 547668799,
      "mapInputRecords" : 2684354,
      "mapOutputBytes" : 268435400,
      "mapOutputRecords" : 2684354,
      "combineInputRecords" : 0,
      "reduceInputGroups" : -1,
      "reduceInputRecords" : -1,
      "reduceShuffleBytes" : -1,
      "reduceOutputRecords" : -1,
      "spilledRecords" : 5368708,
      "mapInputBytes" : 268435400,
      "resourceUsageMetrics" : {
        "cumulativeCpuUsage" : 7240,
        "virtualMemoryUsage" : 1159364608,
        "physicalMemoryUsage" : 550948864,
        "heapUsage" : 754712576
      }
    } ],
    "finishTime" : 1405478923880,
    "preferredLocations" : [ {
      "layers" : [ "default-rack", "192\\.168\\.1\\.103" ]
    }, {
      "layers" : [ "default-rack", "192\\.168\\.1\\.101" ]
    }, {
      "layers" : [ "default-rack", "192\\.168\\.1\\.102" ]
    } ],
    "taskType" : "MAP",
    "taskStatus" : "SUCCESS",
    "taskID" : "task_201407031547_2131_m_000015",
    "inputBytes" : 268439645,
    "inputRecords" : 2684354,
    "outputBytes" : 547668799,
    "outputRecords" : 2684354
  }, {
    "startTime" : 1405478910768,
    "attempts" : [ {
      "result" : "SUCCESS",
      "location" : {
        "layers" : [ "default-rack", "Slave12" ]
      },
      "hostName" : "/default-rack/Slave12",
      "startTime" : 1405478901120,
      "finishTime" : 1405478931943,
      "attemptID" : "attempt_201407031547_2131_m_000016_0",
      "shuffleFinished" : -1,
      "sortFinished" : -1,
      "hdfsBytesRead" : 268439645,
      "hdfsBytesWritten" : -1,
      "fileBytesRead" : 273856047,
      "fileBytesWritten" : 547669005,
      "mapInputRecords" : 2684355,
      "mapOutputBytes" : 268435500,
      "mapOutputRecords" : 2684355,
      "combineInputRecords" : 0,
      "reduceInputGroups" : -1,
      "reduceInputRecords" : -1,
      "reduceShuffleBytes" : -1,
      "reduceOutputRecords" : -1,
      "spilledRecords" : 5368710,
      "mapInputBytes" : 268435500,
      "resourceUsageMetrics" : {
        "cumulativeCpuUsage" : 7890,
        "virtualMemoryUsage" : 1158828032,
        "physicalMemoryUsage" : 538718208,
        "heapUsage" : 710410240
      }
    }, {
      "result" : "KILLED",
      "location" : null,
      "hostName" : null,
      "startTime" : 1405478943327,
      "finishTime" : 1405478952448,
      "attemptID" : "attempt_201407031547_2131_m_000016_1",
      "shuffleFinished" : -1,
      "sortFinished" : -1,
      "hdfsBytesRead" : -1,
      "hdfsBytesWritten" : -1,
      "fileBytesRead" : -1,
      "fileBytesWritten" : -1,
      "mapInputRecords" : -1,
      "mapOutputBytes" : -1,
      "mapOutputRecords" : -1,
      "combineInputRecords" : -1,
      "reduceInputGroups" : -1,
      "reduceInputRecords" : -1,
      "reduceShuffleBytes" : -1,
      "reduceOutputRecords" : -1,
      "spilledRecords" : -1,
      "mapInputBytes" : -1,
      "resourceUsageMetrics" : {
        "cumulativeCpuUsage" : 0,
        "virtualMemoryUsage" : 0,
        "physicalMemoryUsage" : 0,
        "heapUsage" : 0
      }
    } ],
    "finishTime" : 1405478941666,
    "preferredLocations" : [ {
      "layers" : [ "default-rack", "192\\.168\\.1\\.103" ]
    }, {
      "layers" : [ "default-rack", "192\\.168\\.1\\.101" ]
    }, {
      "layers" : [ "default-rack", "192\\.168\\.1\\.102" ]
    } ],
    "taskType" : "MAP",
    "taskStatus" : "SUCCESS",
    "taskID" : "task_201407031547_2131_m_000016",
    "inputBytes" : 268439645,
    "inputRecords" : 2684355,
    "outputBytes" : 547669005,
    "outputRecords" : 2684355
  }, {
    "startTime" : 1405478912779,
    "attempts" : [ {
      "result" : "SUCCESS",
      "location" : {
        "layers" : [ "default-rack", "Master1" ]
      },
      "hostName" : "/default-rack/Master1",
      "startTime" : 1405478912782,
      "finishTime" : 1405478929062,
      "attemptID" : "attempt_201407031547_2131_m_000017_0",
      "shuffleFinished" : -1,
      "sortFinished" : -1,
      "hdfsBytesRead" : 268439645,
      "hdfsBytesWritten" : -1,
      "fileBytesRead" : 273859089,
      "fileBytesWritten" : 547669005,
      "mapInputRecords" : 2684355,
      "mapOutputBytes" : 268435500,
      "mapOutputRecords" : 2684355,
      "combineInputRecords" : 0,
      "reduceInputGroups" : -1,
      "reduceInputRecords" : -1,
      "reduceShuffleBytes" : -1,
      "reduceOutputRecords" : -1,
      "spilledRecords" : 5368710,
      "mapInputBytes" : 268435500,
      "resourceUsageMetrics" : {
        "cumulativeCpuUsage" : 7440,
        "virtualMemoryUsage" : 1161322496,
        "physicalMemoryUsage" : 411144192,
        "heapUsage" : 681050112
      }
    } ],
    "finishTime" : 1405478929316,
    "preferredLocations" : [ {
      "layers" : [ "default-rack", "192\\.168\\.1\\.103" ]
    }, {
      "layers" : [ "default-rack", "192\\.168\\.1\\.100" ]
    }, {
      "layers" : [ "default-rack", "192\\.168\\.1\\.102" ]
    } ],
    "taskType" : "MAP",
    "taskStatus" : "SUCCESS",
    "taskID" : "task_201407031547_2131_m_000017",
    "inputBytes" : 268439645,
    "inputRecords" : 2684355,
    "outputBytes" : 547669005,
    "outputRecords" : 2684355
  } ],
  "finishTime" : 1405478969142,
  "reduceTasks" : [ {
    "startTime" : 1405478887322,
    "attempts" : [ {
      "result" : "SUCCESS",
      "location" : {
        "layers" : [ "default-rack", "Slave12" ]
      },
      "hostName" : "/default-rack/Slave12",
      "startTime" : 1405478877674,
      "finishTime" : 1405478956505,
      "attemptID" : "attempt_201407031547_2131_r_000000_0",
      "shuffleFinished" : 1405478935944,
      "sortFinished" : 1405478935977,
      "hdfsBytesRead" : -1,
      "hdfsBytesWritten" : 1000425800,
      "fileBytesRead" : 856265232,
      "fileBytesWritten" : 856325387,
      "mapInputRecords" : -1,
      "mapOutputBytes" : -1,
      "mapOutputRecords" : -1,
      "combineInputRecords" : 0,
      "reduceInputGroups" : 10004258,
      "reduceInputRecords" : 10004258,
      "reduceShuffleBytes" : 1020434436,
      "reduceOutputRecords" : 10004258,
      "spilledRecords" : 8394757,
      "mapInputBytes" : -1,
      "resourceUsageMetrics" : {
        "cumulativeCpuUsage" : 19410,
        "virtualMemoryUsage" : 944582656,
        "physicalMemoryUsage" : 513245184,
        "heapUsage" : 479199232
      }
    } ],
    "finishTime" : 1405478966237,
    "preferredLocations" : [ ],
    "taskType" : "REDUCE",
    "taskStatus" : "SUCCESS",
    "taskID" : "task_201407031547_2131_r_000000",
    "inputBytes" : 1020434436,
    "inputRecords" : 10004258,
    "outputBytes" : 1000425800,
    "outputRecords" : 10004258
  }, {
    "startTime" : 1405478887376,
    "attempts" : [ {
      "result" : "SUCCESS",
      "location" : {
        "layers" : [ "default-rack", "Slave11" ]
      },
      "hostName" : "/default-rack/Slave11",
      "startTime" : 1405478897382,
      "finishTime" : 1405478974830,
      "attemptID" : "attempt_201407031547_2131_r_000001_0",
      "shuffleFinished" : 1405478958022,
      "sortFinished" : 1405478958058,
      "hdfsBytesRead" : -1,
      "hdfsBytesWritten" : 993657200,
      "fileBytesRead" : 850450314,
      "fileBytesWritten" : 850510467,
      "mapInputRecords" : -1,
      "mapOutputBytes" : -1,
      "mapOutputRecords" : -1,
      "combineInputRecords" : 0,
      "reduceInputGroups" : 9936572,
      "reduceInputRecords" : 9936572,
      "reduceShuffleBytes" : 1013530464,
      "reduceOutputRecords" : 9936572,
      "spilledRecords" : 8337748,
      "mapInputBytes" : -1,
      "resourceUsageMetrics" : {
        "cumulativeCpuUsage" : 20060,
        "virtualMemoryUsage" : 943628288,
        "physicalMemoryUsage" : 261500928,
        "heapUsage" : 249036800
      }
    } ],
    "finishTime" : 1405478965090,
    "preferredLocations" : [ ],
    "taskType" : "REDUCE",
    "taskStatus" : "SUCCESS",
    "taskID" : "task_201407031547_2131_r_000001",
    "inputBytes" : 1013530464,
    "inputRecords" : 9936572,
    "outputBytes" : 993657200,
    "outputRecords" : 9936572
  }, {
    "startTime" : 1405478887391,
    "attempts" : [ {
      "result" : "SUCCESS",
      "location" : {
        "layers" : [ "default-rack", "Master1" ]
      },
      "hostName" : "/default-rack/Master1",
      "startTime" : 1405478887395,
      "finishTime" : 1405478957422,
      "attemptID" : "attempt_201407031547_2131_r_000002_0",
      "shuffleFinished" : 1405478942806,
      "sortFinished" : 1405478942831,
      "hdfsBytesRead" : -1,
      "hdfsBytesWritten" : 999987900,
      "fileBytesRead" : 855751866,
      "fileBytesWritten" : 855812021,
      "mapInputRecords" : -1,
      "mapOutputBytes" : -1,
      "mapOutputRecords" : -1,
      "combineInputRecords" : 0,
      "reduceInputGroups" : 9999879,
      "reduceInputRecords" : 9999879,
      "reduceShuffleBytes" : 1019987778,
      "reduceOutputRecords" : 9999879,
      "spilledRecords" : 8389724,
      "mapInputBytes" : -1,
      "resourceUsageMetrics" : {
        "cumulativeCpuUsage" : 19480,
        "virtualMemoryUsage" : 944709632,
        "physicalMemoryUsage" : 548028416,
        "heapUsage" : 500170752
      }
    } ],
    "finishTime" : 1405478957447,
    "preferredLocations" : [ ],
    "taskType" : "REDUCE",
    "taskStatus" : "SUCCESS",
    "taskID" : "task_201407031547_2131_r_000002",
    "inputBytes" : 1019987778,
    "inputRecords" : 9999879,
    "outputBytes" : 999987900,
    "outputRecords" : 9999879
  }, {
    "startTime" : 1405478887607,
    "attempts" : [ {
      "result" : "SUCCESS",
      "location" : {
        "layers" : [ "default-rack", "Slave13" ]
      },
      "hostName" : "/default-rack/Slave13",
      "startTime" : 1405478883132,
      "finishTime" : 1405478962919,
      "attemptID" : "attempt_201407031547_2131_r_000003_0",
      "shuffleFinished" : 1405478941867,
      "sortFinished" : 1405478941903,
      "hdfsBytesRead" : -1,
      "hdfsBytesWritten" : 1007959300,
      "fileBytesRead" : 862406448,
      "fileBytesWritten" : 862466601,
      "mapInputRecords" : -1,
      "mapOutputBytes" : -1,
      "mapOutputRecords" : -1,
      "combineInputRecords" : 0,
      "reduceInputGroups" : 10079593,
      "reduceInputRecords" : 10079593,
      "reduceShuffleBytes" : 1028118606,
      "reduceOutputRecords" : 10079593,
      "spilledRecords" : 8454965,
      "mapInputBytes" : -1,
      "resourceUsageMetrics" : {
        "cumulativeCpuUsage" : 20290,
        "virtualMemoryUsage" : 943861760,
        "physicalMemoryUsage" : 501989376,
        "heapUsage" : 445382656
      }
    } ],
    "finishTime" : 1405478967631,
    "preferredLocations" : [ ],
    "taskType" : "REDUCE",
    "taskStatus" : "SUCCESS",
    "taskID" : "task_201407031547_2131_r_000003",
    "inputBytes" : 1028118606,
    "inputRecords" : 10079593,
    "outputBytes" : 1007959300,
    "outputRecords" : 10079593
  }, {
    "startTime" : 1405478887623,
    "attempts" : [ {
      "result" : "SUCCESS",
      "location" : {
        "layers" : [ "default-rack", "Slave12" ]
      },
      "hostName" : "/default-rack/Slave12",
      "startTime" : 1405478877976,
      "finishTime" : 1405478956547,
      "attemptID" : "attempt_201407031547_2131_r_000004_0",
      "shuffleFinished" : 1405478937004,
      "sortFinished" : 1405478937093,
      "hdfsBytesRead" : -1,
      "hdfsBytesWritten" : 997969800,
      "fileBytesRead" : 799210410,
      "fileBytesWritten" : 799270565,
      "mapInputRecords" : -1,
      "mapOutputBytes" : -1,
      "mapOutputRecords" : -1,
      "combineInputRecords" : 0,
      "reduceInputGroups" : 9979698,
      "reduceInputRecords" : 9979698,
      "reduceShuffleBytes" : 1017929316,
      "reduceOutputRecords" : 9979698,
      "spilledRecords" : 7835396,
      "mapInputBytes" : -1,
      "resourceUsageMetrics" : {
        "cumulativeCpuUsage" : 19420,
        "virtualMemoryUsage" : 943910912,
        "physicalMemoryUsage" : 334135296,
        "heapUsage" : 364904448
      }
    }, {
      "result" : "KILLED",
      "location" : null,
      "hostName" : null,
      "startTime" : 1405478945793,
      "finishTime" : 1405478963376,
      "attemptID" : "attempt_201407031547_2131_r_000004_1",
      "shuffleFinished" : -1,
      "sortFinished" : -1,
      "hdfsBytesRead" : -1,
      "hdfsBytesWritten" : -1,
      "fileBytesRead" : -1,
      "fileBytesWritten" : -1,
      "mapInputRecords" : -1,
      "mapOutputBytes" : -1,
      "mapOutputRecords" : -1,
      "combineInputRecords" : -1,
      "reduceInputGroups" : -1,
      "reduceInputRecords" : -1,
      "reduceShuffleBytes" : -1,
      "reduceOutputRecords" : -1,
      "spilledRecords" : -1,
      "mapInputBytes" : -1,
      "resourceUsageMetrics" : {
        "cumulativeCpuUsage" : 0,
        "virtualMemoryUsage" : 0,
        "physicalMemoryUsage" : 0,
        "heapUsage" : 0
      }
    } ],
    "finishTime" : 1405478966237,
    "preferredLocations" : [ ],
    "taskType" : "REDUCE",
    "taskStatus" : "SUCCESS",
    "taskID" : "task_201407031547_2131_r_000004",
    "inputBytes" : 1017929316,
    "inputRecords" : 9979698,
    "outputBytes" : 997969800,
    "outputRecords" : 9979698
  } ],
  "submitTime" : 1405478873267,
  "totalReduces" : 5,
  "queue" : "default",
  "jobProperties" : {
    "fs.s3n.impl" : "org.apache.hadoop.fs.s3native.NativeS3FileSystem",
    "mapred.task.cache.levels" : "2",
    "mapreduce.job.restart.recover" : "true",
    "mapreduce.job.counters.max" : "120",
    "dfs.client.use.datanode.hostname" : "false",
    "hadoop.tmp.dir" : "/tmp/hadoop-${user.name}",
    "hadoop.native.lib" : "true",
    "map.sort.class" : "org.apache.hadoop.util.QuickSort",
    "dfs.namenode.decommission.nodes.per.interval" : "5",
    "dfs.https.need.client.auth" : "false",
    "dfs.datanode.drop.cache.behind.writes" : "false",
    "ipc.client.idlethreshold" : "4000",
    "mapred.system.dir" : "${hadoop.tmp.dir}/mapred/system",
    "dfs.datanode.data.dir.perm" : "755",
    "mapred.job.tracker.persist.jobstatus.hours" : "0",
    "dfs.namenode.logging.level" : "info",
    "dfs.datanode.address" : "0.0.0.0:50010",
    "io.skip.checksum.errors" : "false",
    "dfs.block.access.token.enable" : "false",
    "fs.default.name" : "hdfs://Master1:9000",
    "mapred.cluster.reduce.memory.mb" : "-1",
    "mapred.child.tmp" : "./tmp",
    "fs.har.impl.disable.cache" : "true",
    "dfs.safemode.threshold.pct" : "0.999f",
    "mapred.skip.reduce.max.skip.groups" : "0",
    "mapred.heartbeats.in.second" : "100",
    "dfs.namenode.handler.count" : "10",
    "dfs.blockreport.initialDelay" : "0",
    "mapred.tasktracker.dns.nameserver" : "default",
    "io.sort.factor" : "10",
    "dfs.datanode.drop.cache.behind.reads" : "false",
    "mapred.task.timeout" : "600000",
    "mapred.max.tracker.failures" : "4",
    "hadoop.rpc.socket.factory.class.default" : "org.apache.hadoop.net.StandardSocketFactory",
    "mapred.job.tracker.jobhistory.lru.cache.size" : "5",
    "fs.hdfs.impl" : "org.apache.hadoop.hdfs.DistributedFileSystem",
    "mapred.queue.default.acl-administer-jobs" : "*",
    "dfs.namenode.stale.datanode.interval" : "30000",
    "mapred.output.key.class" : "org.apache.hadoop.io.Text",
    "dfs.block.access.key.update.interval" : "600",
    "mapred.skip.map.auto.incr.proc.count" : "true",
    "mapreduce.job.complete.cancel.delegation.tokens" : "true",
    "io.mapfile.bloom.size" : "1048576",
    "mapreduce.reduce.shuffle.connect.timeout" : "180000",
    "dfs.safemode.extension" : "30000",
    "mapred.jobtracker.blacklist.fault-timeout-window" : "180",
    "dfs.namenode.write.stale.datanode.ratio" : "0.5f",
    "hadoop.skip.worker.version.check" : "false",
    "tasktracker.http.threads" : "40",
    "net.topology.impl" : "org.apache.hadoop.net.NetworkTopology",
    "mapred.job.shuffle.merge.percent" : "0.8",
    "fs.ftp.impl" : "org.apache.hadoop.fs.ftp.FTPFileSystem",
    "user.name" : "itri-hadoop",
    "dfs.namenode.kerberos.internal.spnego.principal" : "${dfs.web.authentication.kerberos.principal}",
    "mapred.output.compress" : "true",
    "io.bytes.per.checksum" : "512",
    "mapred.combine.recordsBeforeProgress" : "10000",
    "mapred.healthChecker.script.timeout" : "600000",
    "mapred.cache.files.filesizes" : "237",
    "topology.node.switch.mapping.impl" : "org.apache.hadoop.net.ScriptBasedMapping",
    "dfs.https.server.keystore.resource" : "ssl-server.xml",
    "mapred.reduce.slowstart.completed.maps" : "0.07",
    "mapred.reduce.max.attempts" : "4",
    "dfs.namenode.safemode.min.datanodes" : "0",
    "mapreduce.ifile.readahead.bytes" : "4194304",
    "fs.ramfs.impl" : "org.apache.hadoop.fs.InMemoryFileSystem",
    "dfs.block.access.token.lifetime" : "600",
    "mapred.skip.map.max.skip.records" : "0",
    "dfs.name.edits.dir" : "${dfs.name.dir}",
    "mapred.cluster.map.memory.mb" : "-1",
    "hadoop.security.group.mapping" : "org.apache.hadoop.security.ShellBasedUnixGroupsMapping",
    "mapred.job.tracker.persist.jobstatus.dir" : "/jobtracker/jobsInfo",
    "mapred.jar" : "hdfs://Master1:9000/tmp/hadoop-itri-hadoop/mapred/staging/itri-hadoop/.staging/job_201407031547_2131/job.jar",
    "fs.s3.buffer.dir" : "${hadoop.tmp.dir}/s3",
    "dfs.block.size" : "67108864",
    "job.end.retry.attempts" : "0",
    "fs.file.impl" : "org.apache.hadoop.fs.LocalFileSystem",
    "dfs.namenode.avoid.write.stale.datanode" : "false",
    "dfs.datanode.max.xcievers" : "4096",
    "mapred.local.dir.minspacestart" : "0",
    "mapred.output.compression.type" : "RECORD",
    "dfs.datanode.ipc.address" : "0.0.0.0:50020",
    "dfs.permissions" : "true",
    "topology.script.number.args" : "100",
    "mapreduce.job.counters.groups.max" : "50",
    "io.mapfile.bloom.error.rate" : "0.005",
    "mapred.cluster.max.reduce.memory.mb" : "-1",
    "mapred.max.tracker.blacklists" : "4",
    "mapred.task.profile.maps" : "0-2",
    "mapred.jobtracker.jobSchedulable" : "org.apache.hadoop.mapred.JobSchedulable",
    "dfs.datanode.https.address" : "0.0.0.0:50475",
    "mapred.userlog.retain.hours" : "24",
    "dfs.secondary.http.address" : "0.0.0.0:50090",
    "dfs.namenode.replication.work.multiplier.per.iteration" : "2",
    "dfs.replication.max" : "512",
    "mapred.job.tracker.persist.jobstatus.active" : "false",
    "hadoop.security.authorization" : "false",
    "local.cache.size" : "10737418240",
    "mapred.min.split.size" : "268435456",
    "dfs.namenode.delegation.token.renew-interval" : "86400000",
    "mapred.map.tasks" : "20",
    "mapred.child.java.opts" : "-Xmx200m",
    "mapred.partitioner.class" : "org.apache.hadoop.examples.terasort.TeraSort$TotalOrderPartitioner",
    "mapred.output.value.class" : "org.apache.hadoop.io.Text",
    "dfs.https.client.keystore.resource" : "ssl-client.xml",
    "ipc.client.fallback-to-simple-auth-allowed" : "false",
    "mapred.job.queue.name" : "default",
    "mapred.job.tracker.retiredjobs.cache.size" : "1000",
    "dfs.https.address" : "0.0.0.0:50470",
    "dfs.balance.bandwidthPerSec" : "1048576",
    "ipc.server.listen.queue.size" : "128",
    "dfs.namenode.invalidate.work.pct.per.iteration" : "0.32f",
    "mapred.inmem.merge.threshold" : "1100",
    "job.end.retry.interval" : "30000",
    "mapred.skip.attempts.to.start.skipping" : "2",
    "mapreduce.tasktracker.outofband.heartbeat.damper" : "1000000",
    "hadoop.security.use-weak-http-crypto" : "false",
    "fs.checkpoint.dir" : "${hadoop.tmp.dir}/dfs/namesecondary",
    "dfs.namenode.avoid.read.stale.datanode" : "false",
    "mapred.reduce.tasks" : "5",
    "mapred.merge.recordsBeforeProgress" : "10000",
    "mapred.userlog.limit.kb" : "0",
    "mapred.job.reduce.memory.mb" : "-1",
    "webinterface.private.actions" : "false",
    "dfs.max.objects" : "0",
    "hadoop.security.token.service.use_ip" : "true",
    "io.sort.spill.percent" : "0.6",
    "mapred.job.shuffle.input.buffer.percent" : "0.5",
    "mapred.map.tasks.speculative.execution" : "true",
    "hadoop.http.authentication.type" : "simple",
    "mapred.job.name" : "TeraSort",
    "hadoop.util.hash.type" : "murmur",
    "dfs.datanode.dns.nameserver" : "default",
    "hadoop.security.instrumentation.requires.admin" : "false",
    "dfs.blockreport.intervalMsec" : "3600000",
    "dfs.datanode.readahead.bytes" : "4193404",
    "mapred.map.max.attempts" : "4",
    "mapreduce.job.acl-view-job" : " ",
    "mapreduce.ifile.readahead" : "true",
    "mapred.jobtracker.nodegroup.aware" : "false",
    "mapred.job.tracker.handler.count" : "10",
    "dfs.client.block.write.retries" : "3",
    "mapred.input.format.class" : "org.apache.hadoop.examples.terasort.TeraInputFormat",
    "mapreduce.reduce.shuffle.read.timeout" : "180000",
    "mapred.tasktracker.expiry.interval" : "600000",
    "dfs.secondary.namenode.kerberos.internal.spnego.principal" : "${dfs.web.authentication.kerberos.principal}",
    "dfs.https.enable" : "false",
    "mapred.jobtracker.job.history.block.size" : "3145728",
    "mapred.jobtracker.maxtasks.per.job" : "-1",
    "keep.failed.task.files" : "false",
    "dfs.datanode.use.datanode.hostname" : "false",
    "mapred.output.format.class" : "org.apache.hadoop.examples.terasort.TeraOutputFormat",
    "dfs.datanode.failed.volumes.tolerated" : "0",
    "ipc.client.tcpnodelay" : "false",
    "mapred.task.profile.reduces" : "0-2",
    "io.map.index.skip" : "0",
    "mapred.output.compression.codec" : "org.apache.hadoop.io.compress.DefaultCodec",
    "hadoop.http.authentication.token.validity" : "36000",
    "ipc.server.tcpnodelay" : "false",
    "hadoop.jetty.logs.serve.aliases" : "true",
    "mapred.working.dir" : "hdfs://Master1:9000/user/itri-hadoop",
    "mapred.jobtracker.blacklist.fault-bucket-width" : "15",
    "dfs.namenode.delegation.key.update-interval" : "86400000",
    "mapred.used.genericoptionsparser" : "true",
    "mapred.job.map.memory.mb" : "-1",
    "dfs.default.chunk.view.size" : "32768",
    "hadoop.logfile.size" : "10000000",
    "mapred.cache.files.timestamps" : "1405478872606",
    "mapred.reduce.tasks.speculative.execution" : "true",
    "mapreduce.tasktracker.outofband.heartbeat" : "false",
    "mapreduce.job.dir" : "hdfs://Master1:9000/tmp/hadoop-itri-hadoop/mapred/staging/itri-hadoop/.staging/job_201407031547_2131",
    "mapreduce.reduce.input.limit" : "-1",
    "dfs.datanode.du.reserved" : "0",
    "dfs.datanode.sync.behind.writes" : "false",
    "hadoop.security.authentication" : "simple",
    "fs.checkpoint.period" : "3600",
    "mapred.job.reuse.jvm.num.tasks" : "4",
    "dfs.web.ugi" : "webuser,webgroup",
    "mapred.jobtracker.completeuserjobs.maximum" : "100",
    "dfs.df.interval" : "60000",
    "mapred.task.tracker.task-controller" : "org.apache.hadoop.mapred.DefaultTaskController",
    "dfs.data.dir" : "${hadoop.tmp.dir}/dfs/data",
    "fs.s3.maxRetries" : "4",
    "dfs.datanode.dns.interface" : "default",
    "mapred.cluster.max.map.memory.mb" : "-1",
    "mapreduce.reduce.shuffle.maxfetchfailures" : "10",
    "mapred.map.child.java.opts" : "-Xmx900M",
    "mapreduce.job.acl-modify-job" : " ",
    "fs.hftp.impl" : "org.apache.hadoop.hdfs.HftpFileSystem",
    "mapred.local.dir" : "${hadoop.tmp.dir}/mapred/local",
    "dfs.permissions.supergroup" : "supergroup",
    "fs.s3.sleepTimeSeconds" : "10",
    "fs.trash.interval" : "0",
    "mapred.submit.replication" : "10",
    "dfs.replication.min" : "1",
    "fs.har.impl" : "org.apache.hadoop.fs.HarFileSystem",
    "hadoop.relaxed.worker.version.check" : "false",
    "mapred.map.output.compression.codec" : "org.apache.hadoop.io.compress.DefaultCodec",
    "mapreduce.job.cache.files.visibilities" : "true",
    "mapred.tasktracker.dns.interface" : "default",
    "dfs.http.address" : "0.0.0.0:50070",
    "dfs.namenode.decommission.interval" : "30",
    "mapred.cache.files" : "hdfs://Master1:9000/tera-in5G/_partition.lst#_partition.lst",
    "mapred.job.tracker" : "Master1:9001",
    "dfs.heartbeat.interval" : "3",
    "hadoop.http.authentication.signature.secret.file" : "${user.home}/hadoop-http-auth-signature-secret",
    "io.seqfile.sorter.recordlimit" : "1000000",
    "mapreduce.job.submithost" : "Master1",
    "dfs.name.dir" : "${hadoop.tmp.dir}/dfs/name",
    "mapred.jobtracker.taskScheduler" : "org.apache.hadoop.mapred.JobQueueTaskScheduler",
    "mapred.line.input.format.linespermap" : "1",
    "mapred.create.symlink" : "yes",
    "dfs.datanode.http.address" : "0.0.0.0:50075",
    "fs.webhdfs.impl" : "org.apache.hadoop.hdfs.web.WebHdfsFileSystem",
    "mapred.local.dir.minspacekill" : "0",
    "dfs.image.transfer.bandwidthPerSec" : "0",
    "dfs.replication.interval" : "3",
    "io.sort.record.percent" : "0.03",
    "hadoop.http.authentication.kerberos.principal" : "HTTP/localhost@LOCALHOST",
    "fs.kfs.impl" : "org.apache.hadoop.fs.kfs.KosmosFileSystem",
    "mapred.tasktracker.reduce.tasks.maximum" : "3",
    "mapred.temp.dir" : "${hadoop.tmp.dir}/mapred/temp",
    "dfs.replication" : "1",
    "fs.checkpoint.edits.dir" : "${fs.checkpoint.dir}",
    "mapreduce.jobhistory.max-age-ms" : "2592000000",
    "mapred.tasktracker.tasks.sleeptime-before-sigkill" : "5000",
    "mapred.job.reduce.input.buffer.percent" : "0.8",
    "mapred.tasktracker.indexcache.mb" : "10",
    "dfs.webhdfs.enabled" : "false",
    "mapreduce.job.split.metainfo.maxsize" : "10000000",
    "hadoop.logfile.count" : "10",
    "mapred.skip.reduce.auto.incr.proc.count" : "true",
    "mapreduce.job.submithostaddress" : "192.168.1.100",
    "terasort.final.sync" : "true",
    "io.seqfile.compress.blocksize" : "1000000",
    "fs.s3.block.size" : "67108864",
    "mapred.tasktracker.taskmemorymanager.monitoring-interval" : "5000",
    "hadoop.http.authentication.simple.anonymous.allowed" : "true",
    "mapreduce.jobtracker.staging.root.dir" : "${hadoop.tmp.dir}/mapred/staging",
    "mapred.acls.enabled" : "false",
    "mapred.queue.default.state" : "RUNNING",
    "mapred.queue.names" : "default",
    "fs.hsftp.impl" : "org.apache.hadoop.hdfs.HsftpFileSystem",
    "dfs.access.time.precision" : "3600000",
    "mapred.task.tracker.http.address" : "0.0.0.0:50060",
    "io.seqfile.lazydecompress" : "true",
    "mapred.reduce.parallel.copies" : "5",
    "mapred.disk.healthChecker.interval" : "60000",
    "mapred.output.dir" : "hdfs://Master1:9000/tera-out",
    "ipc.client.connection.maxidletime" : "10000",
    "io.sort.mb" : "400",
    "mapred.reduce.child.java.opts" : "-Xmx700M",
    "mapred.task.tracker.report.address" : "127.0.0.1:0",
    "hadoop.security.uid.cache.secs" : "14400",
    "mapred.compress.map.output" : "false",
    "ipc.client.kill.max" : "10",
    "mapred.healthChecker.interval" : "60000",
    "ipc.client.connect.max.retries" : "10",
    "fs.s3.impl" : "org.apache.hadoop.fs.s3.S3FileSystem",
    "mapred.user.jobconf.limit" : "5242880",
    "mapreduce.job.counters.group.name.max" : "128",
    "mapred.job.tracker.http.address" : "0.0.0.0:50030",
    "mapred.input.dir" : "hdfs://Master1:9000/tera-in5G",
    "io.file.buffer.size" : "4096",
    "mapred.jobtracker.restart.recover" : "false",
    "io.serializations" : "org.apache.hadoop.io.serializer.WritableSerialization",
    "mapred.task.profile" : "false",
    "dfs.datanode.handler.count" : "3",
    "mapreduce.input.num.files" : "2",
    "mapreduce.jobhistory.cleaner.interval-ms" : "86400000",
    "dfs.replication.considerLoad" : "true",
    "jobclient.output.filter" : "FAILED",
    "dfs.namenode.edits.toleration.length" : "0",
    "hadoop.http.authentication.kerberos.keytab" : "${user.home}/hadoop.keytab",
    "dfs.namenode.delegation.token.max-lifetime" : "604800000",
    "mapred.tasktracker.map.tasks.maximum" : "2",
    "fs.checkpoint.size" : "67108864",
    "io.compression.codecs" : "org.apache.hadoop.io.compress.DefaultCodec,org.apache.hadoop.io.compress.GzipCodec,org.apache.hadoop.io.compress.BZip2Codec,org.apache.hadoop.io.compress.SnappyCodec",
    "mapreduce.job.counters.counter.name.max" : "64"
  },
  "computonsPerMapInputByte" : -1,
  "computonsPerMapOutputByte" : -1,
  "computonsPerReduceInputByte" : -1,
  "computonsPerReduceOutputByte" : -1,
  "heapMegabytes" : 200,
  "outcome" : "SUCCESS",
  "jobtype" : "JAVA",
  "directDependantJobs" : [ ],
  "successfulMapAttemptCDFs" : [ {
    "maximum" : 13122,
    "minimum" : 5609,
    "numberValues" : 2,
    "rankings" : [ {
      "relativeRanking" : 0.05,
      "datum" : 5609
    }, {
      "relativeRanking" : 0.1,
      "datum" : 5609
    }, {
      "relativeRanking" : 0.15,
      "datum" : 5609
    }, {
      "relativeRanking" : 0.2,
      "datum" : 5609
    }, {
      "relativeRanking" : 0.25,
      "datum" : 5609
    }, {
      "relativeRanking" : 0.3,
      "datum" : 5609
    }, {
      "relativeRanking" : 0.35,
      "datum" : 5609
    }, {
      "relativeRanking" : 0.4,
      "datum" : 5609
    }, {
      "relativeRanking" : 0.45,
      "datum" : 5609
    }, {
      "relativeRanking" : 0.5,
      "datum" : 5609
    }, {
      "relativeRanking" : 0.55,
      "datum" : 5609
    }, {
      "relativeRanking" : 0.6,
      "datum" : 5609
    }, {
      "relativeRanking" : 0.65,
      "datum" : 5609
    }, {
      "relativeRanking" : 0.7,
      "datum" : 5609
    }, {
      "relativeRanking" : 0.75,
      "datum" : 5609
    }, {
      "relativeRanking" : 0.8,
      "datum" : 5609
    }, {
      "relativeRanking" : 0.85,
      "datum" : 5609
    }, {
      "relativeRanking" : 0.9,
      "datum" : 5609
    }, {
      "relativeRanking" : 0.95,
      "datum" : 5609
    } ]
  }, {
    "maximum" : 35984,
    "minimum" : 12624,
    "numberValues" : 18,
    "rankings" : [ {
      "relativeRanking" : 0.05,
      "datum" : 12624
    }, {
      "relativeRanking" : 0.1,
      "datum" : 12624
    }, {
      "relativeRanking" : 0.15,
      "datum" : 13177
    }, {
      "relativeRanking" : 0.2,
      "datum" : 13986
    }, {
      "relativeRanking" : 0.25,
      "datum" : 15747
    }, {
      "relativeRanking" : 0.3,
      "datum" : 16249
    }, {
      "relativeRanking" : 0.35,
      "datum" : 16280
    }, {
      "relativeRanking" : 0.4,
      "datum" : 16489
    }, {
      "relativeRanking" : 0.45,
      "datum" : 17113
    }, {
      "relativeRanking" : 0.5,
      "datum" : 19122
    }, {
      "relativeRanking" : 0.55,
      "datum" : 19122
    }, {
      "relativeRanking" : 0.6,
      "datum" : 19556
    }, {
      "relativeRanking" : 0.65,
      "datum" : 21011
    }, {
      "relativeRanking" : 0.7,
      "datum" : 25501
    }, {
      "relativeRanking" : 0.75,
      "datum" : 29412
    }, {
      "relativeRanking" : 0.8,
      "datum" : 30259
    }, {
      "relativeRanking" : 0.85,
      "datum" : 30291
    }, {
      "relativeRanking" : 0.9,
      "datum" : 30823
    }, {
      "relativeRanking" : 0.95,
      "datum" : 30839
    } ]
  }, {
    "maximum" : 9223372036854775807,
    "minimum" : -9223372036854775808,
    "numberValues" : 0,
    "rankings" : [ ]
  }, {
    "maximum" : 9223372036854775807,
    "minimum" : -9223372036854775808,
    "numberValues" : 0,
    "rankings" : [ ]
  } ],
  "failedMapAttemptCDFs" : [ {
    "maximum" : 9223372036854775807,
    "minimum" : -9223372036854775808,
    "numberValues" : 0,
    "rankings" : [ ]
  }, {
    "maximum" : 9223372036854775807,
    "minimum" : -9223372036854775808,
    "numberValues" : 0,
    "rankings" : [ ]
  }, {
    "maximum" : 9223372036854775807,
    "minimum" : -9223372036854775808,
    "numberValues" : 0,
    "rankings" : [ ]
  }, {
    "maximum" : 9223372036854775807,
    "minimum" : -9223372036854775808,
    "numberValues" : 0,
    "rankings" : [ ]
  } ],
  "successfulReduceAttemptCDF" : {
    "maximum" : 79787,
    "minimum" : 70027,
    "numberValues" : 5,
    "rankings" : [ {
      "relativeRanking" : 0.05,
      "datum" : 70027
    }, {
      "relativeRanking" : 0.1,
      "datum" : 70027
    }, {
      "relativeRanking" : 0.15,
      "datum" : 70027
    }, {
      "relativeRanking" : 0.2,
      "datum" : 70027
    }, {
      "relativeRanking" : 0.25,
      "datum" : 70027
    }, {
      "relativeRanking" : 0.3,
      "datum" : 70027
    }, {
      "relativeRanking" : 0.35,
      "datum" : 70027
    }, {
      "relativeRanking" : 0.4,
      "datum" : 77448
    }, {
      "relativeRanking" : 0.45,
      "datum" : 77448
    }, {
      "relativeRanking" : 0.5,
      "datum" : 77448
    }, {
      "relativeRanking" : 0.55,
      "datum" : 77448
    }, {
      "relativeRanking" : 0.6,
      "datum" : 78571
    }, {
      "relativeRanking" : 0.65,
      "datum" : 78571
    }, {
      "relativeRanking" : 0.7,
      "datum" : 78571
    }, {
      "relativeRanking" : 0.75,
      "datum" : 78571
    }, {
      "relativeRanking" : 0.8,
      "datum" : 78831
    }, {
      "relativeRanking" : 0.85,
      "datum" : 78831
    }, {
      "relativeRanking" : 0.9,
      "datum" : 78831
    }, {
      "relativeRanking" : 0.95,
      "datum" : 78831
    } ]
  },
  "failedReduceAttemptCDF" : {
    "maximum" : 9223372036854775807,
    "minimum" : -9223372036854775808,
    "numberValues" : 0,
    "rankings" : [ ]
  },
  "mapperTriesToSucceed" : [ 1.0 ],
  "failedMapperFraction" : 0.0,
  "relativeTime" : 0,
  "clusterMapMB" : -1,
  "clusterReduceMB" : -1,
  "jobMapMB" : 200,
  "jobReduceMB" : 200,
  "launchTime" : 1405478873383,
  "totalMaps" : 20,
  "otherTasks" : [ {
    "startTime" : 1405478873389,
    "attempts" : [ {
      "result" : "SUCCESS",
      "location" : {
        "layers" : [ "default-rack", "Master1" ]
      },
      "hostName" : "/default-rack/Master1",
      "startTime" : 1405478873474,
      "finishTime" : 1405478874105,
      "attemptID" : "attempt_201407031547_2131_m_000021_0",
      "shuffleFinished" : -1,
      "sortFinished" : -1,
      "hdfsBytesRead" : -1,
      "hdfsBytesWritten" : -1,
      "fileBytesRead" : -1,
      "fileBytesWritten" : 60247,
      "mapInputRecords" : -1,
      "mapOutputBytes" : -1,
      "mapOutputRecords" : -1,
      "combineInputRecords" : -1,
      "reduceInputGroups" : -1,
      "reduceInputRecords" : -1,
      "reduceShuffleBytes" : -1,
      "reduceOutputRecords" : -1,
      "spilledRecords" : 0,
      "mapInputBytes" : -1,
      "resourceUsageMetrics" : {
        "cumulativeCpuUsage" : 60,
        "virtualMemoryUsage" : 1156030464,
        "physicalMemoryUsage" : 61984768,
        "heapUsage" : 64487424
      }
    } ],
    "finishTime" : 1405478874295,
    "preferredLocations" : [ ],
    "taskType" : "SETUP",
    "taskStatus" : "SUCCESS",
    "taskID" : "task_201407031547_2131_m_000021",
    "inputBytes" : -1,
    "inputRecords" : -1,
    "outputBytes" : -1,
    "outputRecords" : -1
  }, {
    "startTime" : 1405478967634,
    "attempts" : [ {
      "result" : "SUCCESS",
      "location" : {
        "layers" : [ "default-rack", "Slave13" ]
      },
      "hostName" : "/default-rack/Slave13",
      "startTime" : 1405478963158,
      "finishTime" : 1405478964396,
      "attemptID" : "attempt_201407031547_2131_m_000020_0",
      "shuffleFinished" : -1,
      "sortFinished" : -1,
      "hdfsBytesRead" : -1,
      "hdfsBytesWritten" : -1,
      "fileBytesRead" : -1,
      "fileBytesWritten" : 60245,
      "mapInputRecords" : -1,
      "mapOutputBytes" : -1,
      "mapOutputRecords" : -1,
      "combineInputRecords" : -1,
      "reduceInputGroups" : -1,
      "reduceInputRecords" : -1,
      "reduceShuffleBytes" : -1,
      "reduceOutputRecords" : -1,
      "spilledRecords" : 0,
      "mapInputBytes" : -1,
      "resourceUsageMetrics" : {
        "cumulativeCpuUsage" : 30,
        "virtualMemoryUsage" : 1161289728,
        "physicalMemoryUsage" : 532844544,
        "heapUsage" : 666107904
      }
    } ],
    "finishTime" : 1405478969141,
    "preferredLocations" : [ ],
    "taskType" : "CLEANUP",
    "taskStatus" : "SUCCESS",
    "taskID" : "task_201407031547_2131_m_000020",
    "inputBytes" : -1,
    "inputRecords" : -1,
    "outputBytes" : -1,
    "outputRecords" : -1
  } ]
}