{
  "priority" : "NORMAL",
  "jobID" : "job_201407031547_1576",
  "user" : "itri-hadoop",
  "jobName" : "TeraSort",
  "jobProperties" : {
    "fs.s3n.impl" : "org.apache.hadoop.fs.s3native.NativeS3FileSystem",
    "mapred.task.cache.levels" : "2",
    "mapreduce.job.restart.recover" : "true",
    "mapreduce.job.counters.max" : "120",
    "dfs.client.use.datanode.hostname" : "false",
    "hadoop.tmp.dir" : "/tmp/hadoop-${user.name}",
    "hadoop.native.lib" : "true",
    "map.sort.class" : "org.apache.hadoop.util.QuickSort",
    "dfs.namenode.decommission.nodes.per.interval" : "5",
    "dfs.https.need.client.auth" : "false",
    "dfs.datanode.drop.cache.behind.writes" : "false",
    "ipc.client.idlethreshold" : "4000",
    "mapred.system.dir" : "${hadoop.tmp.dir}/mapred/system",
    "dfs.datanode.data.dir.perm" : "755",
    "mapred.job.tracker.persist.jobstatus.hours" : "0",
    "dfs.namenode.logging.level" : "info",
    "dfs.datanode.address" : "0.0.0.0:50010",
    "io.skip.checksum.errors" : "false",
    "dfs.block.access.token.enable" : "false",
    "fs.default.name" : "hdfs://Master1:9000",
    "mapred.cluster.reduce.memory.mb" : "-1",
    "mapred.child.tmp" : "./tmp",
    "fs.har.impl.disable.cache" : "true",
    "dfs.safemode.threshold.pct" : "0.999f",
    "mapred.skip.reduce.max.skip.groups" : "0",
    "mapred.heartbeats.in.second" : "100",
    "dfs.namenode.handler.count" : "10",
    "dfs.blockreport.initialDelay" : "0",
    "mapred.tasktracker.dns.nameserver" : "default",
    "io.sort.factor" : "10",
    "dfs.datanode.drop.cache.behind.reads" : "false",
    "mapred.task.timeout" : "600000",
    "mapred.max.tracker.failures" : "4",
    "hadoop.rpc.socket.factory.class.default" : "org.apache.hadoop.net.StandardSocketFactory",
    "mapred.job.tracker.jobhistory.lru.cache.size" : "5",
    "fs.hdfs.impl" : "org.apache.hadoop.hdfs.DistributedFileSystem",
    "mapred.queue.default.acl-administer-jobs" : "*",
    "dfs.namenode.stale.datanode.interval" : "30000",
    "mapred.output.key.class" : "org.apache.hadoop.io.Text",
    "dfs.block.access.key.update.interval" : "600",
    "mapred.skip.map.auto.incr.proc.count" : "true",
    "mapreduce.job.complete.cancel.delegation.tokens" : "true",
    "io.mapfile.bloom.size" : "1048576",
    "mapreduce.reduce.shuffle.connect.timeout" : "180000",
    "dfs.safemode.extension" : "30000",
    "mapred.jobtracker.blacklist.fault-timeout-window" : "180",
    "dfs.namenode.write.stale.datanode.ratio" : "0.5f",
    "hadoop.skip.worker.version.check" : "false",
    "tasktracker.http.threads" : "40",
    "net.topology.impl" : "org.apache.hadoop.net.NetworkTopology",
    "mapred.job.shuffle.merge.percent" : "0.5",
    "fs.ftp.impl" : "org.apache.hadoop.fs.ftp.FTPFileSystem",
    "user.name" : "itri-hadoop",
    "dfs.namenode.kerberos.internal.spnego.principal" : "${dfs.web.authentication.kerberos.principal}",
    "mapred.output.compress" : "true",
    "io.bytes.per.checksum" : "512",
    "mapred.combine.recordsBeforeProgress" : "10000",
    "mapred.healthChecker.script.timeout" : "600000",
    "mapred.cache.files.filesizes" : "210",
    "topology.node.switch.mapping.impl" : "org.apache.hadoop.net.ScriptBasedMapping",
    "dfs.https.server.keystore.resource" : "ssl-server.xml",
    "mapred.reduce.slowstart.completed.maps" : "0.06",
    "mapred.reduce.max.attempts" : "4",
    "dfs.namenode.safemode.min.datanodes" : "0",
    "mapreduce.ifile.readahead.bytes" : "4194304",
    "fs.ramfs.impl" : "org.apache.hadoop.fs.InMemoryFileSystem",
    "dfs.block.access.token.lifetime" : "600",
    "mapred.skip.map.max.skip.records" : "0",
    "dfs.name.edits.dir" : "${dfs.name.dir}",
    "mapred.cluster.map.memory.mb" : "-1",
    "hadoop.security.group.mapping" : "org.apache.hadoop.security.ShellBasedUnixGroupsMapping",
    "mapred.job.tracker.persist.jobstatus.dir" : "/jobtracker/jobsInfo",
    "mapred.jar" : "hdfs://Master1:9000/tmp/hadoop-itri-hadoop/mapred/staging/itri-hadoop/.staging/job_201407031547_1576/job.jar",
    "fs.s3.buffer.dir" : "${hadoop.tmp.dir}/s3",
    "dfs.block.size" : "67108864",
    "job.end.retry.attempts" : "0",
    "fs.file.impl" : "org.apache.hadoop.fs.LocalFileSystem",
    "dfs.namenode.avoid.write.stale.datanode" : "false",
    "dfs.datanode.max.xcievers" : "4096",
    "mapred.local.dir.minspacestart" : "0",
    "mapred.output.compression.type" : "RECORD",
    "dfs.datanode.ipc.address" : "0.0.0.0:50020",
    "dfs.permissions" : "true",
    "topology.script.number.args" : "100",
    "mapreduce.job.counters.groups.max" : "50",
    "io.mapfile.bloom.error.rate" : "0.005",
    "mapred.cluster.max.reduce.memory.mb" : "-1",
    "mapred.max.tracker.blacklists" : "4",
    "mapred.task.profile.maps" : "0-2",
    "mapred.jobtracker.jobSchedulable" : "org.apache.hadoop.mapred.JobSchedulable",
    "dfs.datanode.https.address" : "0.0.0.0:50475",
    "mapred.userlog.retain.hours" : "24",
    "dfs.secondary.http.address" : "0.0.0.0:50090",
    "dfs.namenode.replication.work.multiplier.per.iteration" : "2",
    "dfs.replication.max" : "512",
    "mapred.job.tracker.persist.jobstatus.active" : "false",
    "hadoop.security.authorization" : "false",
    "local.cache.size" : "10737418240",
    "mapred.min.split.size" : "268435456",
    "dfs.namenode.delegation.token.renew-interval" : "86400000",
    "mapred.map.tasks" : "94",
    "mapred.child.java.opts" : "-Xmx200m",
    "mapred.partitioner.class" : "org.apache.hadoop.examples.terasort.TeraSort$TotalOrderPartitioner",
    "mapred.output.value.class" : "org.apache.hadoop.io.Text",
    "dfs.https.client.keystore.resource" : "ssl-client.xml",
    "ipc.client.fallback-to-simple-auth-allowed" : "false",
    "mapred.job.queue.name" : "default",
    "mapred.job.tracker.retiredjobs.cache.size" : "1000",
    "dfs.https.address" : "0.0.0.0:50470",
    "dfs.balance.bandwidthPerSec" : "1048576",
    "ipc.server.listen.queue.size" : "128",
    "dfs.namenode.invalidate.work.pct.per.iteration" : "0.32f",
    "mapred.inmem.merge.threshold" : "1100",
    "job.end.retry.interval" : "30000",
    "mapred.skip.attempts.to.start.skipping" : "2",
    "mapreduce.tasktracker.outofband.heartbeat.damper" : "1000000",
    "hadoop.security.use-weak-http-crypto" : "false",
    "fs.checkpoint.dir" : "${hadoop.tmp.dir}/dfs/namesecondary",
    "dfs.namenode.avoid.read.stale.datanode" : "false",
    "mapred.reduce.tasks" : "4",
    "mapred.merge.recordsBeforeProgress" : "10000",
    "mapred.userlog.limit.kb" : "0",
    "mapred.job.reduce.memory.mb" : "-1",
    "webinterface.private.actions" : "false",
    "dfs.max.objects" : "0",
    "hadoop.security.token.service.use_ip" : "true",
    "io.sort.spill.percent" : "0.6",
    "mapred.job.shuffle.input.buffer.percent" : "0.8",
    "mapred.map.tasks.speculative.execution" : "true",
    "hadoop.http.authentication.type" : "simple",
    "mapred.job.name" : "TeraSort",
    "hadoop.util.hash.type" : "murmur",
    "dfs.datanode.dns.nameserver" : "default",
    "hadoop.security.instrumentation.requires.admin" : "false",
    "dfs.blockreport.intervalMsec" : "3600000",
    "dfs.datanode.readahead.bytes" : "4193404",
    "mapred.map.max.attempts" : "4",
    "mapreduce.job.acl-view-job" : " ",
    "mapreduce.ifile.readahead" : "true",
    "mapred.jobtracker.nodegroup.aware" : "false",
    "mapred.job.tracker.handler.count" : "10",
    "dfs.client.block.write.retries" : "3",
    "mapred.input.format.class" : "org.apache.hadoop.examples.terasort.TeraInputFormat",
    "mapreduce.reduce.shuffle.read.timeout" : "180000",
    "mapred.tasktracker.expiry.interval" : "600000",
    "dfs.secondary.namenode.kerberos.internal.spnego.principal" : "${dfs.web.authentication.kerberos.principal}",
    "dfs.https.enable" : "false",
    "mapred.jobtracker.job.history.block.size" : "3145728",
    "mapred.jobtracker.maxtasks.per.job" : "-1",
    "keep.failed.task.files" : "false",
    "dfs.datanode.use.datanode.hostname" : "false",
    "mapred.output.format.class" : "org.apache.hadoop.examples.terasort.TeraOutputFormat",
    "dfs.datanode.failed.volumes.tolerated" : "0",
    "ipc.client.tcpnodelay" : "false",
    "mapred.task.profile.reduces" : "0-2",
    "io.map.index.skip" : "0",
    "mapred.output.compression.codec" : "org.apache.hadoop.io.compress.DefaultCodec",
    "hadoop.http.authentication.token.validity" : "36000",
    "ipc.server.tcpnodelay" : "false",
    "hadoop.jetty.logs.serve.aliases" : "true",
    "mapred.working.dir" : "hdfs://Master1:9000/user/itri-hadoop",
    "mapred.jobtracker.blacklist.fault-bucket-width" : "15",
    "dfs.namenode.delegation.key.update-interval" : "86400000",
    "mapred.used.genericoptionsparser" : "true",
    "mapred.job.map.memory.mb" : "-1",
    "dfs.default.chunk.view.size" : "32768",
    "hadoop.logfile.size" : "10000000",
    "mapred.cache.files.timestamps" : "1405211724235",
    "mapred.reduce.tasks.speculative.execution" : "true",
    "mapreduce.tasktracker.outofband.heartbeat" : "false",
    "mapreduce.job.dir" : "hdfs://Master1:9000/tmp/hadoop-itri-hadoop/mapred/staging/itri-hadoop/.staging/job_201407031547_1576",
    "mapreduce.reduce.input.limit" : "-1",
    "dfs.datanode.du.reserved" : "0",
    "dfs.datanode.sync.behind.writes" : "false",
    "hadoop.security.authentication" : "simple",
    "fs.checkpoint.period" : "3600",
    "mapred.job.reuse.jvm.num.tasks" : "4",
    "dfs.web.ugi" : "webuser,webgroup",
    "mapred.jobtracker.completeuserjobs.maximum" : "100",
    "dfs.df.interval" : "60000",
    "mapred.task.tracker.task-controller" : "org.apache.hadoop.mapred.DefaultTaskController",
    "dfs.data.dir" : "${hadoop.tmp.dir}/dfs/data",
    "fs.s3.maxRetries" : "4",
    "dfs.datanode.dns.interface" : "default",
    "mapred.cluster.max.map.memory.mb" : "-1",
    "mapreduce.reduce.shuffle.maxfetchfailures" : "10",
    "mapred.map.child.java.opts" : "-Xmx600M",
    "mapreduce.job.acl-modify-job" : " ",
    "fs.hftp.impl" : "org.apache.hadoop.hdfs.HftpFileSystem",
    "mapred.local.dir" : "${hadoop.tmp.dir}/mapred/local",
    "dfs.permissions.supergroup" : "supergroup",
    "fs.s3.sleepTimeSeconds" : "10",
    "fs.trash.interval" : "0",
    "mapred.submit.replication" : "10",
    "dfs.replication.min" : "1",
    "fs.har.impl" : "org.apache.hadoop.fs.HarFileSystem",
    "hadoop.relaxed.worker.version.check" : "false",
    "mapred.map.output.compression.codec" : "org.apache.hadoop.io.compress.DefaultCodec",
    "mapreduce.job.cache.files.visibilities" : "true",
    "mapred.tasktracker.dns.interface" : "default",
    "dfs.http.address" : "0.0.0.0:50070",
    "dfs.namenode.decommission.interval" : "30",
    "mapred.cache.files" : "hdfs://Master1:9000/tera-in25G/_partition.lst#_partition.lst",
    "mapred.job.tracker" : "Master1:9001",
    "dfs.heartbeat.interval" : "3",
    "hadoop.http.authentication.signature.secret.file" : "${user.home}/hadoop-http-auth-signature-secret",
    "io.seqfile.sorter.recordlimit" : "1000000",
    "mapreduce.job.submithost" : "Master1",
    "dfs.name.dir" : "${hadoop.tmp.dir}/dfs/name",
    "mapred.jobtracker.taskScheduler" : "org.apache.hadoop.mapred.JobQueueTaskScheduler",
    "mapred.line.input.format.linespermap" : "1",
    "mapred.create.symlink" : "yes",
    "dfs.datanode.http.address" : "0.0.0.0:50075",
    "fs.webhdfs.impl" : "org.apache.hadoop.hdfs.web.WebHdfsFileSystem",
    "mapred.local.dir.minspacekill" : "0",
    "dfs.image.transfer.bandwidthPerSec" : "0",
    "dfs.replication.interval" : "3",
    "io.sort.record.percent" : "0.04",
    "hadoop.http.authentication.kerberos.principal" : "HTTP/localhost@LOCALHOST",
    "fs.kfs.impl" : "org.apache.hadoop.fs.kfs.KosmosFileSystem",
    "mapred.tasktracker.reduce.tasks.maximum" : "3",
    "mapred.temp.dir" : "${hadoop.tmp.dir}/mapred/temp",
    "dfs.replication" : "1",
    "fs.checkpoint.edits.dir" : "${fs.checkpoint.dir}",
    "mapreduce.jobhistory.max-age-ms" : "2592000000",
    "mapred.tasktracker.tasks.sleeptime-before-sigkill" : "5000",
    "mapred.job.reduce.input.buffer.percent" : "0.7",
    "mapred.tasktracker.indexcache.mb" : "10",
    "dfs.webhdfs.enabled" : "false",
    "mapreduce.job.split.metainfo.maxsize" : "10000000",
    "hadoop.logfile.count" : "10",
    "mapred.skip.reduce.auto.incr.proc.count" : "true",
    "mapreduce.job.submithostaddress" : "192.168.1.100",
    "terasort.final.sync" : "true",
    "io.seqfile.compress.blocksize" : "1000000",
    "fs.s3.block.size" : "67108864",
    "mapred.tasktracker.taskmemorymanager.monitoring-interval" : "5000",
    "hadoop.http.authentication.simple.anonymous.allowed" : "true",
    "mapreduce.jobtracker.staging.root.dir" : "${hadoop.tmp.dir}/mapred/staging",
    "mapred.acls.enabled" : "false",
    "mapred.queue.default.state" : "RUNNING",
    "mapred.queue.names" : "default",
    "fs.hsftp.impl" : "org.apache.hadoop.hdfs.HsftpFileSystem",
    "dfs.access.time.precision" : "3600000",
    "mapred.task.tracker.http.address" : "0.0.0.0:50060",
    "io.seqfile.lazydecompress" : "true",
    "mapred.reduce.parallel.copies" : "5",
    "mapred.disk.healthChecker.interval" : "60000",
    "mapred.output.dir" : "hdfs://Master1:9000/tera-out",
    "ipc.client.connection.maxidletime" : "10000",
    "io.sort.mb" : "300",
    "mapred.reduce.child.java.opts" : "-Xmx500M",
    "mapred.task.tracker.report.address" : "127.0.0.1:0",
    "hadoop.security.uid.cache.secs" : "14400",
    "mapred.compress.map.output" : "false",
    "ipc.client.kill.max" : "10",
    "mapred.healthChecker.interval" : "60000",
    "ipc.client.connect.max.retries" : "10",
    "fs.s3.impl" : "org.apache.hadoop.fs.s3.S3FileSystem",
    "mapred.user.jobconf.limit" : "5242880",
    "mapreduce.job.counters.group.name.max" : "128",
    "mapred.job.tracker.http.address" : "0.0.0.0:50030",
    "mapred.input.dir" : "hdfs://Master1:9000/tera-in25G",
    "io.file.buffer.size" : "4096",
    "mapred.jobtracker.restart.recover" : "false",
    "io.serializations" : "org.apache.hadoop.io.serializer.WritableSerialization",
    "mapred.task.profile" : "false",
    "dfs.datanode.handler.count" : "3",
    "mapreduce.input.num.files" : "2",
    "mapreduce.jobhistory.cleaner.interval-ms" : "86400000",
    "dfs.replication.considerLoad" : "true",
    "jobclient.output.filter" : "FAILED",
    "dfs.namenode.edits.toleration.length" : "0",
    "hadoop.http.authentication.kerberos.keytab" : "${user.home}/hadoop.keytab",
    "dfs.namenode.delegation.token.max-lifetime" : "604800000",
    "mapred.tasktracker.map.tasks.maximum" : "3",
    "fs.checkpoint.size" : "67108864",
    "io.compression.codecs" : "org.apache.hadoop.io.compress.DefaultCodec,org.apache.hadoop.io.compress.GzipCodec,org.apache.hadoop.io.compress.BZip2Codec,org.apache.hadoop.io.compress.SnappyCodec",
    "mapreduce.job.counters.counter.name.max" : "64"
  },
  "computonsPerMapInputByte" : -1,
  "computonsPerMapOutputByte" : -1,
  "computonsPerReduceInputByte" : -1,
  "computonsPerReduceOutputByte" : -1,
  "heapMegabytes" : 200,
  "outcome" : "RUNNING",
  "jobtype" : "JAVA",
  "directDependantJobs" : [ ],
  "successfulMapAttemptCDFs" : [ {
    "maximum" : 14570,
    "minimum" : 9398,
    "rankings" : [ {
      "relativeRanking" : 0.05,
      "datum" : 9398
    }, {
      "relativeRanking" : 0.1,
      "datum" : 9398
    }, {
      "relativeRanking" : 0.15,
      "datum" : 9398
    }, {
      "relativeRanking" : 0.2,
      "datum" : 9398
    }, {
      "relativeRanking" : 0.25,
      "datum" : 9398
    }, {
      "relativeRanking" : 0.3,
      "datum" : 9398
    }, {
      "relativeRanking" : 0.35,
      "datum" : 9398
    }, {
      "relativeRanking" : 0.4,
      "datum" : 9398
    }, {
      "relativeRanking" : 0.45,
      "datum" : 9398
    }, {
      "relativeRanking" : 0.5,
      "datum" : 9398
    }, {
      "relativeRanking" : 0.55,
      "datum" : 9398
    }, {
      "relativeRanking" : 0.6,
      "datum" : 9398
    }, {
      "relativeRanking" : 0.65,
      "datum" : 9398
    }, {
      "relativeRanking" : 0.7,
      "datum" : 9398
    }, {
      "relativeRanking" : 0.75,
      "datum" : 9398
    }, {
      "relativeRanking" : 0.8,
      "datum" : 9398
    }, {
      "relativeRanking" : 0.85,
      "datum" : 9398
    }, {
      "relativeRanking" : 0.9,
      "datum" : 9398
    }, {
      "relativeRanking" : 0.95,
      "datum" : 9398
    } ],
    "numberValues" : 2
  }, {
    "maximum" : 29816,
    "minimum" : 11590,
    "rankings" : [ {
      "relativeRanking" : 0.05,
      "datum" : 11590
    }, {
      "relativeRanking" : 0.1,
      "datum" : 13631
    }, {
      "relativeRanking" : 0.15,
      "datum" : 14917
    }, {
      "relativeRanking" : 0.2,
      "datum" : 14993
    }, {
      "relativeRanking" : 0.25,
      "datum" : 15049
    }, {
      "relativeRanking" : 0.3,
      "datum" : 15962
    }, {
      "relativeRanking" : 0.35,
      "datum" : 16317
    }, {
      "relativeRanking" : 0.4,
      "datum" : 16824
    }, {
      "relativeRanking" : 0.45,
      "datum" : 16960
    }, {
      "relativeRanking" : 0.5,
      "datum" : 17397
    }, {
      "relativeRanking" : 0.55,
      "datum" : 18054
    }, {
      "relativeRanking" : 0.6,
      "datum" : 18456
    }, {
      "relativeRanking" : 0.65,
      "datum" : 18698
    }, {
      "relativeRanking" : 0.7,
      "datum" : 19130
    }, {
      "relativeRanking" : 0.75,
      "datum" : 20706
    }, {
      "relativeRanking" : 0.8,
      "datum" : 21701
    }, {
      "relativeRanking" : 0.85,
      "datum" : 23178
    }, {
      "relativeRanking" : 0.9,
      "datum" : 24442
    }, {
      "relativeRanking" : 0.95,
      "datum" : 28870
    } ],
    "numberValues" : 27
  }, {
    "maximum" : 9223372036854775807,
    "minimum" : -9223372036854775808,
    "rankings" : [ ],
    "numberValues" : 0
  }, {
    "maximum" : 9223372036854775807,
    "minimum" : -9223372036854775808,
    "rankings" : [ ],
    "numberValues" : 0
  } ],
  "failedMapAttemptCDFs" : [ {
    "maximum" : 9223372036854775807,
    "minimum" : -9223372036854775808,
    "rankings" : [ ],
    "numberValues" : 0
  }, {
    "maximum" : 9223372036854775807,
    "minimum" : -9223372036854775808,
    "rankings" : [ ],
    "numberValues" : 0
  }, {
    "maximum" : 9223372036854775807,
    "minimum" : -9223372036854775808,
    "rankings" : [ ],
    "numberValues" : 0
  }, {
    "maximum" : 9223372036854775807,
    "minimum" : -9223372036854775808,
    "rankings" : [ ],
    "numberValues" : 0
  } ],
  "successfulReduceAttemptCDF" : {
    "maximum" : 9223372036854775807,
    "minimum" : -9223372036854775808,
    "rankings" : [ ],
    "numberValues" : 0
  },
  "failedReduceAttemptCDF" : {
    "maximum" : 22509,
    "minimum" : 9066,
    "rankings" : [ {
      "relativeRanking" : 0.05,
      "datum" : 9066
    }, {
      "relativeRanking" : 0.1,
      "datum" : 9066
    }, {
      "relativeRanking" : 0.15,
      "datum" : 9066
    }, {
      "relativeRanking" : 0.2,
      "datum" : 9158
    }, {
      "relativeRanking" : 0.25,
      "datum" : 9158
    }, {
      "relativeRanking" : 0.3,
      "datum" : 9321
    }, {
      "relativeRanking" : 0.35,
      "datum" : 9321
    }, {
      "relativeRanking" : 0.4,
      "datum" : 9974
    }, {
      "relativeRanking" : 0.45,
      "datum" : 9974
    }, {
      "relativeRanking" : 0.5,
      "datum" : 10458
    }, {
      "relativeRanking" : 0.55,
      "datum" : 11065
    }, {
      "relativeRanking" : 0.6,
      "datum" : 11065
    }, {
      "relativeRanking" : 0.65,
      "datum" : 11413
    }, {
      "relativeRanking" : 0.7,
      "datum" : 11413
    }, {
      "relativeRanking" : 0.75,
      "datum" : 12297
    }, {
      "relativeRanking" : 0.8,
      "datum" : 12297
    }, {
      "relativeRanking" : 0.85,
      "datum" : 13913
    }, {
      "relativeRanking" : 0.9,
      "datum" : 13913
    }, {
      "relativeRanking" : 0.95,
      "datum" : 15384
    } ],
    "numberValues" : 11
  },
  "mapperTriesToSucceed" : [ 1.0 ],
  "failedMapperFraction" : 0.0,
  "relativeTime" : 0,
  "clusterMapMB" : -1,
  "clusterReduceMB" : -1,
  "jobMapMB" : 200,
  "jobReduceMB" : 200,
  "mapTasks" : [ {
    "startTime" : 1405211726740,
    "attempts" : [ {
      "result" : "SUCCESS",
      "location" : {
        "layers" : [ "default-rack", "Master1" ]
      },
      "hostName" : "/default-rack/Master1",
      "startTime" : 1405211726741,
      "finishTime" : 1405211736139,
      "attemptID" : "attempt_201407031547_1576_m_000093_0",
      "shuffleFinished" : -1,
      "sortFinished" : -1,
      "hdfsBytesRead" : 151969118,
      "hdfsBytesWritten" : -1,
      "fileBytesRead" : 155033046,
      "fileBytesWritten" : 310077234,
      "mapInputRecords" : 1519690,
      "mapOutputBytes" : 151969000,
      "mapOutputRecords" : 1519690,
      "combineInputRecords" : 0,
      "reduceInputGroups" : -1,
      "reduceInputRecords" : -1,
      "reduceShuffleBytes" : -1,
      "reduceOutputRecords" : -1,
      "spilledRecords" : 3039380,
      "mapInputBytes" : 151969000,
      "resourceUsageMetrics" : {
        "cumulativeCpuUsage" : 6070,
        "virtualMemoryUsage" : 833576960,
        "physicalMemoryUsage" : 396099584,
        "heapUsage" : 439353344
      }
    } ],
    "finishTime" : 1405211736326,
    "preferredLocations" : [ {
      "layers" : [ "default-rack", "Master1" ]
    }, {
      "layers" : [ "default-rack", "Slave12" ]
    }, {
      "layers" : [ "default-rack", "Slave13" ]
    } ],
    "taskType" : "MAP",
    "taskStatus" : "SUCCESS",
    "taskID" : "task_201407031547_1576_m_000093",
    "inputBytes" : 151969118,
    "inputRecords" : 1519690,
    "outputBytes" : 310077234,
    "outputRecords" : 1519690
  }, {
    "startTime" : 1405211726740,
    "attempts" : [ {
      "result" : "SUCCESS",
      "location" : {
        "layers" : [ "default-rack", "Master1" ]
      },
      "hostName" : "/default-rack/Master1",
      "startTime" : 1405211726741,
      "finishTime" : 1405211740613,
      "attemptID" : "attempt_201407031547_1576_m_000000_0",
      "shuffleFinished" : -1,
      "sortFinished" : -1,
      "hdfsBytesRead" : 268439646,
      "hdfsBytesWritten" : -1,
      "fileBytesRead" : 273839912,
      "fileBytesWritten" : 547668941,
      "mapInputRecords" : 2684355,
      "mapOutputBytes" : 268435500,
      "mapOutputRecords" : 2684355,
      "combineInputRecords" : 0,
      "reduceInputGroups" : -1,
      "reduceInputRecords" : -1,
      "reduceShuffleBytes" : -1,
      "reduceOutputRecords" : -1,
      "spilledRecords" : 5368710,
      "mapInputBytes" : 268435500,
      "resourceUsageMetrics" : {
        "cumulativeCpuUsage" : 9520,
        "virtualMemoryUsage" : 834473984,
        "physicalMemoryUsage" : 404848640,
        "heapUsage" : 456654848
      }
    } ],
    "finishTime" : 1405211740839,
    "preferredLocations" : [ {
      "layers" : [ "default-rack", "192\\.168\\.1\\.102" ]
    }, {
      "layers" : [ "default-rack", "192\\.168\\.1\\.101" ]
    }, {
      "layers" : [ "default-rack", "192\\.168\\.1\\.103" ]
    } ],
    "taskType" : "MAP",
    "taskStatus" : "SUCCESS",
    "taskID" : "task_201407031547_1576_m_000000",
    "inputBytes" : 268439646,
    "inputRecords" : 2684355,
    "outputBytes" : 547668941,
    "outputRecords" : 2684355
  }, {
    "startTime" : 1405211726774,
    "attempts" : [ {
      "result" : "SUCCESS",
      "location" : {
        "layers" : [ "default-rack", "Slave11" ]
      },
      "hostName" : "/default-rack/Slave11",
      "startTime" : 1405211734448,
      "finishTime" : 1405211749018,
      "attemptID" : "attempt_201407031547_1576_m_000092_0",
      "shuffleFinished" : -1,
      "sortFinished" : -1,
      "hdfsBytesRead" : 151969118,
      "hdfsBytesWritten" : -1,
      "fileBytesRead" : 155032870,
      "fileBytesWritten" : 310077234,
      "mapInputRecords" : 1519690,
      "mapOutputBytes" : 151969000,
      "mapOutputRecords" : 1519690,
      "combineInputRecords" : 0,
      "reduceInputGroups" : -1,
      "reduceInputRecords" : -1,
      "reduceShuffleBytes" : -1,
      "reduceOutputRecords" : -1,
      "spilledRecords" : 3039380,
      "mapInputBytes" : 151969000,
      "resourceUsageMetrics" : {
        "cumulativeCpuUsage" : 5720,
        "virtualMemoryUsage" : 831479808,
        "physicalMemoryUsage" : 394321920,
        "heapUsage" : 439353344
      }
    } ],
    "finishTime" : 1405211741908,
    "preferredLocations" : [ {
      "layers" : [ "default-rack", "Slave12" ]
    }, {
      "layers" : [ "default-rack", "Slave13" ]
    }, {
      "layers" : [ "default-rack", "Slave11" ]
    } ],
    "taskType" : "MAP",
    "taskStatus" : "SUCCESS",
    "taskID" : "task_201407031547_1576_m_000092",
    "inputBytes" : 151969118,
    "inputRecords" : 1519690,
    "outputBytes" : 310077234,
    "outputRecords" : 1519690
  }, {
    "startTime" : 1405211726775,
    "attempts" : [ {
      "result" : "SUCCESS",
      "location" : {
        "layers" : [ "default-rack", "Slave11" ]
      },
      "hostName" : "/default-rack/Slave11",
      "startTime" : 1405211734448,
      "finishTime" : 1405211753578,
      "attemptID" : "attempt_201407031547_1576_m_000001_0",
      "shuffleFinished" : -1,
      "sortFinished" : -1,
      "hdfsBytesRead" : 268439646,
      "hdfsBytesWritten" : -1,
      "fileBytesRead" : 273846418,
      "fileBytesWritten" : 547668941,
      "mapInputRecords" : 2684355,
      "mapOutputBytes" : 268435500,
      "mapOutputRecords" : 2684355,
      "combineInputRecords" : 0,
      "reduceInputGroups" : -1,
      "reduceInputRecords" : -1,
      "reduceShuffleBytes" : -1,
      "reduceOutputRecords" : -1,
      "spilledRecords" : 5368710,
      "mapInputBytes" : 268435500,
      "resourceUsageMetrics" : {
        "cumulativeCpuUsage" : 9190,
        "virtualMemoryUsage" : 832196608,
        "physicalMemoryUsage" : 395063296,
        "heapUsage" : 439353344
      }
    } ],
    "finishTime" : 1405211746319,
    "preferredLocations" : [ {
      "layers" : [ "default-rack", "192\\.168\\.1\\.101" ]
    }, {
      "layers" : [ "default-rack", "192\\.168\\.1\\.103" ]
    }, {
      "layers" : [ "default-rack", "192\\.168\\.1\\.102" ]
    } ],
    "taskType" : "MAP",
    "taskStatus" : "SUCCESS",
    "taskID" : "task_201407031547_1576_m_000001",
    "inputBytes" : 268439646,
    "inputRecords" : 2684355,
    "outputBytes" : 547668941,
    "outputRecords" : 2684355
  }, {
    "startTime" : 1405211726775,
    "attempts" : [ {
      "result" : "SUCCESS",
      "location" : {
        "layers" : [ "default-rack", "Slave13" ]
      },
      "hostName" : "/default-rack/Slave13",
      "startTime" : 1405211723489,
      "finishTime" : 1405211740373,
      "attemptID" : "attempt_201407031547_1576_m_000002_0",
      "shuffleFinished" : -1,
      "sortFinished" : -1,
      "hdfsBytesRead" : 268439646,
      "hdfsBytesWritten" : -1,
      "fileBytesRead" : 273848484,
      "fileBytesWritten" : 547668736,
      "mapInputRecords" : 2684354,
      "mapOutputBytes" : 268435400,
      "mapOutputRecords" : 2684354,
      "combineInputRecords" : 0,
      "reduceInputGroups" : -1,
      "reduceInputRecords" : -1,
      "reduceShuffleBytes" : -1,
      "reduceOutputRecords" : -1,
      "spilledRecords" : 5368708,
      "mapInputBytes" : 268435400,
      "resourceUsageMetrics" : {
        "cumulativeCpuUsage" : 9610,
        "virtualMemoryUsage" : 833576960,
        "physicalMemoryUsage" : 276316160,
        "heapUsage" : 218890240
      }
    } ],
    "finishTime" : 1405211744161,
    "preferredLocations" : [ {
      "layers" : [ "default-rack", "192\\.168\\.1\\.103" ]
    }, {
      "layers" : [ "default-rack", "192\\.168\\.1\\.101" ]
    }, {
      "layers" : [ "default-rack", "192\\.168\\.1\\.100" ]
    } ],
    "taskType" : "MAP",
    "taskStatus" : "SUCCESS",
    "taskID" : "task_201407031547_1576_m_000002",
    "inputBytes" : 268439646,
    "inputRecords" : 2684354,
    "outputBytes" : 547668736,
    "outputRecords" : 2684354
  }, {
    "startTime" : 1405211726775,
    "attempts" : [ {
      "result" : "SUCCESS",
      "location" : {
        "layers" : [ "default-rack", "Slave13" ]
      },
      "hostName" : "/default-rack/Slave13",
      "startTime" : 1405211723489,
      "finishTime" : 1405211747123,
      "attemptID" : "attempt_201407031547_1576_m_000003_0",
      "shuffleFinished" : -1,
      "sortFinished" : -1,
      "hdfsBytesRead" : 268439646,
      "hdfsBytesWritten" : -1,
      "fileBytesRead" : 273840916,
      "fileBytesWritten" : 547668940,
      "mapInputRecords" : 2684355,
      "mapOutputBytes" : 268435500,
      "mapOutputRecords" : 2684355,
      "combineInputRecords" : 0,
      "reduceInputGroups" : -1,
      "reduceInputRecords" : -1,
      "reduceShuffleBytes" : -1,
      "reduceOutputRecords" : -1,
      "spilledRecords" : 5368710,
      "mapInputBytes" : 268435500,
      "resourceUsageMetrics" : {
        "cumulativeCpuUsage" : 10100,
        "virtualMemoryUsage" : 832196608,
        "physicalMemoryUsage" : 278536192,
        "heapUsage" : 439353344
      }
    } ],
    "finishTime" : 1405211750999,
    "preferredLocations" : [ {
      "layers" : [ "default-rack", "192\\.168\\.1\\.101" ]
    }, {
      "layers" : [ "default-rack", "192\\.168\\.1\\.100" ]
    }, {
      "layers" : [ "default-rack", "192\\.168\\.1\\.102" ]
    } ],
    "taskType" : "MAP",
    "taskStatus" : "SUCCESS",
    "taskID" : "task_201407031547_1576_m_000003",
    "inputBytes" : 268439646,
    "inputRecords" : 2684355,
    "outputBytes" : 547668940,
    "outputRecords" : 2684355
  }, {
    "startTime" : 1405211726804,
    "attempts" : [ {
      "result" : "SUCCESS",
      "location" : {
        "layers" : [ "default-rack", "Slave12" ]
      },
      "hostName" : "/default-rack/Slave12",
      "startTime" : 1405211719520,
      "finishTime" : 1405211731110,
      "attemptID" : "attempt_201407031547_1576_m_000004_0",
      "shuffleFinished" : -1,
      "sortFinished" : -1,
      "hdfsBytesRead" : 268439646,
      "hdfsBytesWritten" : -1,
      "fileBytesRead" : 273842242,
      "fileBytesWritten" : 547668736,
      "mapInputRecords" : 2684354,
      "mapOutputBytes" : 268435400,
      "mapOutputRecords" : 2684354,
      "combineInputRecords" : 0,
      "reduceInputGroups" : -1,
      "reduceInputRecords" : -1,
      "reduceShuffleBytes" : -1,
      "reduceOutputRecords" : -1,
      "spilledRecords" : 5368708,
      "mapInputBytes" : 268435400,
      "resourceUsageMetrics" : {
        "cumulativeCpuUsage" : 9340,
        "virtualMemoryUsage" : 833687552,
        "physicalMemoryUsage" : 262561792,
        "heapUsage" : 439353344
      }
    } ],
    "finishTime" : 1405211738741,
    "preferredLocations" : [ {
      "layers" : [ "default-rack", "192\\.168\\.1\\.102" ]
    }, {
      "layers" : [ "default-rack", "192\\.168\\.1\\.101" ]
    }, {
      "layers" : [ "default-rack", "192\\.168\\.1\\.100" ]
    } ],
    "taskType" : "MAP",
    "taskStatus" : "SUCCESS",
    "taskID" : "task_201407031547_1576_m_000004",
    "inputBytes" : 268439646,
    "inputRecords" : 2684354,
    "outputBytes" : 547668736,
    "outputRecords" : 2684354
  }, {
    "startTime" : 1405211726805,
    "attempts" : [ {
      "result" : "SUCCESS",
      "location" : {
        "layers" : [ "default-rack", "Slave12" ]
      },
      "hostName" : "/default-rack/Slave12",
      "startTime" : 1405211719521,
      "finishTime" : 1405211738985,
      "attemptID" : "attempt_201407031547_1576_m_000005_0",
      "shuffleFinished" : -1,
      "sortFinished" : -1,
      "hdfsBytesRead" : 268439646,
      "hdfsBytesWritten" : -1,
      "fileBytesRead" : 273848056,
      "fileBytesWritten" : 547668940,
      "mapInputRecords" : 2684355,
      "mapOutputBytes" : 268435500,
      "mapOutputRecords" : 2684355,
      "combineInputRecords" : 0,
      "reduceInputGroups" : -1,
      "reduceInputRecords" : -1,
      "reduceShuffleBytes" : -1,
      "reduceOutputRecords" : -1,
      "spilledRecords" : 5368710,
      "mapInputBytes" : 268435500,
      "resourceUsageMetrics" : {
        "cumulativeCpuUsage" : 9440,
        "virtualMemoryUsage" : 829276160,
        "physicalMemoryUsage" : 392441856,
        "heapUsage" : 439353344
      }
    } ],
    "finishTime" : 1405211746943,
    "preferredLocations" : [ {
      "layers" : [ "default-rack", "192\\.168\\.1\\.101" ]
    }, {
      "layers" : [ "default-rack", "192\\.168\\.1\\.100" ]
    }, {
      "layers" : [ "default-rack", "192\\.168\\.1\\.102" ]
    } ],
    "taskType" : "MAP",
    "taskStatus" : "SUCCESS",
    "taskID" : "task_201407031547_1576_m_000005",
    "inputBytes" : 268439646,
    "inputRecords" : 2684355,
    "outputBytes" : 547668940,
    "outputRecords" : 2684355
  }, {
    "startTime" : 1405211736326,
    "attempts" : [ {
      "result" : "SUCCESS",
      "location" : {
        "layers" : [ "default-rack", "Master1" ]
      },
      "hostName" : "/default-rack/Master1",
      "startTime" : 1405211736327,
      "finishTime" : 1405211752644,
      "attemptID" : "attempt_201407031547_1576_m_000006_0",
      "shuffleFinished" : -1,
      "sortFinished" : -1,
      "hdfsBytesRead" : 268439646,
      "hdfsBytesWritten" : -1,
      "fileBytesRead" : 273842504,
      "fileBytesWritten" : 547668737,
      "mapInputRecords" : 2684354,
      "mapOutputBytes" : 268435400,
      "mapOutputRecords" : 2684354,
      "combineInputRecords" : 0,
      "reduceInputGroups" : -1,
      "reduceInputRecords" : -1,
      "reduceShuffleBytes" : -1,
      "reduceOutputRecords" : -1,
      "spilledRecords" : 5368708,
      "mapInputBytes" : 268435400,
      "resourceUsageMetrics" : {
        "cumulativeCpuUsage" : 7830,
        "virtualMemoryUsage" : 834240512,
        "physicalMemoryUsage" : 403800064,
        "heapUsage" : 454819840
      }
    } ],
    "finishTime" : 1405211752714,
    "preferredLocations" : [ {
      "layers" : [ "default-rack", "192\\.168\\.1\\.101" ]
    }, {
      "layers" : [ "default-rack", "192\\.168\\.1\\.103" ]
    }, {
      "layers" : [ "default-rack", "192\\.168\\.1\\.100" ]
    } ],
    "taskType" : "MAP",
    "taskStatus" : "SUCCESS",
    "taskID" : "task_201407031547_1576_m_000006",
    "inputBytes" : 268439646,
    "inputRecords" : 2684354,
    "outputBytes" : 547668737,
    "outputRecords" : 2684354
  }, {
    "startTime" : 1405211738741,
    "attempts" : [ {
      "result" : "SUCCESS",
      "location" : {
        "layers" : [ "default-rack", "Slave12" ]
      },
      "hostName" : "/default-rack/Slave12",
      "startTime" : 1405211731248,
      "finishTime" : 1405211746297,
      "attemptID" : "attempt_201407031547_1576_m_000007_0",
      "shuffleFinished" : -1,
      "sortFinished" : -1,
      "hdfsBytesRead" : 268439646,
      "hdfsBytesWritten" : -1,
      "fileBytesRead" : 273836744,
      "fileBytesWritten" : 547668940,
      "mapInputRecords" : 2684355,
      "mapOutputBytes" : 268435500,
      "mapOutputRecords" : 2684355,
      "combineInputRecords" : 0,
      "reduceInputGroups" : -1,
      "reduceInputRecords" : -1,
      "reduceShuffleBytes" : -1,
      "reduceOutputRecords" : -1,
      "spilledRecords" : 5368710,
      "mapInputBytes" : 268435500,
      "resourceUsageMetrics" : {
        "cumulativeCpuUsage" : 7600,
        "virtualMemoryUsage" : 834351104,
        "physicalMemoryUsage" : 384966656,
        "heapUsage" : 331350016
      }
    } ],
    "finishTime" : 1405211754071,
    "preferredLocations" : [ {
      "layers" : [ "default-rack", "192\\.168\\.1\\.101" ]
    }, {
      "layers" : [ "default-rack", "192\\.168\\.1\\.102" ]
    }, {
      "layers" : [ "default-rack", "192\\.168\\.1\\.103" ]
    } ],
    "taskType" : "MAP",
    "taskStatus" : "SUCCESS",
    "taskID" : "task_201407031547_1576_m_000007",
    "inputBytes" : 268439646,
    "inputRecords" : 2684355,
    "outputBytes" : 547668940,
    "outputRecords" : 2684355
  }, {
    "startTime" : 1405211740840,
    "attempts" : [ {
      "result" : "SUCCESS",
      "location" : {
        "layers" : [ "default-rack", "Master1" ]
      },
      "hostName" : "/default-rack/Master1",
      "startTime" : 1405211741102,
      "finishTime" : 1405211758062,
      "attemptID" : "attempt_201407031547_1576_m_000008_0",
      "shuffleFinished" : -1,
      "sortFinished" : -1,
      "hdfsBytesRead" : 268439646,
      "hdfsBytesWritten" : -1,
      "fileBytesRead" : 273844338,
      "fileBytesWritten" : 547668941,
      "mapInputRecords" : 2684355,
      "mapOutputBytes" : 268435500,
      "mapOutputRecords" : 2684355,
      "combineInputRecords" : 0,
      "reduceInputGroups" : -1,
      "reduceInputRecords" : -1,
      "reduceShuffleBytes" : -1,
      "reduceOutputRecords" : -1,
      "spilledRecords" : 5368710,
      "mapInputBytes" : 268435500,
      "resourceUsageMetrics" : {
        "cumulativeCpuUsage" : 7580,
        "virtualMemoryUsage" : 835469312,
        "physicalMemoryUsage" : 415805440,
        "heapUsage" : 477626368
      }
    } ],
    "finishTime" : 1405211758407,
    "preferredLocations" : [ {
      "layers" : [ "default-rack", "192\\.168\\.1\\.101" ]
    }, {
      "layers" : [ "default-rack", "192\\.168\\.1\\.102" ]
    }, {
      "layers" : [ "default-rack", "192\\.168\\.1\\.100" ]
    } ],
    "taskType" : "MAP",
    "taskStatus" : "SUCCESS",
    "taskID" : "task_201407031547_1576_m_000008",
    "inputBytes" : 268439646,
    "inputRecords" : 2684355,
    "outputBytes" : 547668941,
    "outputRecords" : 2684355
  }, {
    "startTime" : 1405211741909,
    "attempts" : [ {
      "result" : "SUCCESS",
      "location" : {
        "layers" : [ "default-rack", "Slave11" ]
      },
      "hostName" : "/default-rack/Slave11",
      "startTime" : 1405211749306,
      "finishTime" : 1405211762937,
      "attemptID" : "attempt_201407031547_1576_m_000009_0",
      "shuffleFinished" : -1,
      "sortFinished" : -1,
      "hdfsBytesRead" : 268439646,
      "hdfsBytesWritten" : -1,
      "fileBytesRead" : 273849564,
      "fileBytesWritten" : 547668737,
      "mapInputRecords" : 2684354,
      "mapOutputBytes" : 268435400,
      "mapOutputRecords" : 2684354,
      "combineInputRecords" : 0,
      "reduceInputGroups" : -1,
      "reduceInputRecords" : -1,
      "reduceShuffleBytes" : -1,
      "reduceOutputRecords" : -1,
      "spilledRecords" : 5368708,
      "mapInputBytes" : 268435400,
      "resourceUsageMetrics" : {
        "cumulativeCpuUsage" : 7700,
        "virtualMemoryUsage" : 832143360,
        "physicalMemoryUsage" : 394043392,
        "heapUsage" : 350748672
      }
    } ],
    "finishTime" : 1405211756120,
    "preferredLocations" : [ {
      "layers" : [ "default-rack", "192\\.168\\.1\\.101" ]
    }, {
      "layers" : [ "default-rack", "192\\.168\\.1\\.100" ]
    }, {
      "layers" : [ "default-rack", "192\\.168\\.1\\.102" ]
    } ],
    "taskType" : "MAP",
    "taskStatus" : "SUCCESS",
    "taskID" : "task_201407031547_1576_m_000009",
    "inputBytes" : 268439646,
    "inputRecords" : 2684354,
    "outputBytes" : 547668737,
    "outputRecords" : 2684354
  }, {
    "startTime" : 1405211744162,
    "attempts" : [ {
      "result" : "SUCCESS",
      "location" : {
        "layers" : [ "default-rack", "Slave13" ]
      },
      "hostName" : "/default-rack/Slave13",
      "startTime" : 1405211740676,
      "finishTime" : 1405211758073,
      "attemptID" : "attempt_201407031547_1576_m_000010_0",
      "shuffleFinished" : -1,
      "sortFinished" : -1,
      "hdfsBytesRead" : 268439646,
      "hdfsBytesWritten" : -1,
      "fileBytesRead" : 273834916,
      "fileBytesWritten" : 547668941,
      "mapInputRecords" : 2684355,
      "mapOutputBytes" : 268435500,
      "mapOutputRecords" : 2684355,
      "combineInputRecords" : 0,
      "reduceInputGroups" : -1,
      "reduceInputRecords" : -1,
      "reduceShuffleBytes" : -1,
      "reduceOutputRecords" : -1,
      "spilledRecords" : 5368710,
      "mapInputBytes" : 268435500,
      "resourceUsageMetrics" : {
        "cumulativeCpuUsage" : 7650,
        "virtualMemoryUsage" : 834240512,
        "physicalMemoryUsage" : 386998272,
        "heapUsage" : 333447168
      }
    } ],
    "finishTime" : 1405211761861,
    "preferredLocations" : [ {
      "layers" : [ "default-rack", "192\\.168\\.1\\.101" ]
    }, {
      "layers" : [ "default-rack", "192\\.168\\.1\\.102" ]
    }, {
      "layers" : [ "default-rack", "192\\.168\\.1\\.100" ]
    } ],
    "taskType" : "MAP",
    "taskStatus" : "SUCCESS",
    "taskID" : "task_201407031547_1576_m_000010",
    "inputBytes" : 268439646,
    "inputRecords" : 2684355,
    "outputBytes" : 547668941,
    "outputRecords" : 2684355
  }, {
    "startTime" : 1405211746319,
    "attempts" : [ {
      "result" : "SUCCESS",
      "location" : {
        "layers" : [ "default-rack", "Slave11" ]
      },
      "hostName" : "/default-rack/Slave11",
      "startTime" : 1405211753717,
      "finishTime" : 1405211772173,
      "attemptID" : "attempt_201407031547_1576_m_000011_0",
      "shuffleFinished" : -1,
      "sortFinished" : -1,
      "hdfsBytesRead" : 268439646,
      "hdfsBytesWritten" : -1,
      "fileBytesRead" : 273841768,
      "fileBytesWritten" : 547668738,
      "mapInputRecords" : 2684354,
      "mapOutputBytes" : 268435400,
      "mapOutputRecords" : 2684354,
      "combineInputRecords" : 0,
      "reduceInputGroups" : -1,
      "reduceInputRecords" : -1,
      "reduceShuffleBytes" : -1,
      "reduceOutputRecords" : -1,
      "spilledRecords" : 5368708,
      "mapInputBytes" : 268435400,
      "resourceUsageMetrics" : {
        "cumulativeCpuUsage" : 7590,
        "virtualMemoryUsage" : 833191936,
        "physicalMemoryUsage" : 397959168,
        "heapUsage" : 386400256
      }
    } ],
    "finishTime" : 1405211764873,
    "preferredLocations" : [ {
      "layers" : [ "default-rack", "192\\.168\\.1\\.101" ]
    }, {
      "layers" : [ "default-rack", "192\\.168\\.1\\.100" ]
    }, {
      "layers" : [ "default-rack", "192\\.168\\.1\\.102" ]
    } ],
    "taskType" : "MAP",
    "taskStatus" : "SUCCESS",
    "taskID" : "task_201407031547_1576_m_000011",
    "inputBytes" : 268439646,
    "inputRecords" : 2684354,
    "outputBytes" : 547668738,
    "outputRecords" : 2684354
  }, {
    "startTime" : 1405211746943,
    "attempts" : [ {
      "result" : "SUCCESS",
      "location" : {
        "layers" : [ "default-rack", "Slave12" ]
      },
      "hostName" : "/default-rack/Slave12",
      "startTime" : 1405211739450,
      "finishTime" : 1405211761151,
      "attemptID" : "attempt_201407031547_1576_m_000012_0",
      "shuffleFinished" : -1,
      "sortFinished" : -1,
      "hdfsBytesRead" : 268439646,
      "hdfsBytesWritten" : -1,
      "fileBytesRead" : 273835410,
      "fileBytesWritten" : 547668941,
      "mapInputRecords" : 2684355,
      "mapOutputBytes" : 268435500,
      "mapOutputRecords" : 2684355,
      "combineInputRecords" : 0,
      "reduceInputGroups" : -1,
      "reduceInputRecords" : -1,
      "reduceShuffleBytes" : -1,
      "reduceOutputRecords" : -1,
      "spilledRecords" : 5368710,
      "mapInputBytes" : 268435500,
      "resourceUsageMetrics" : {
        "cumulativeCpuUsage" : 7550,
        "virtualMemoryUsage" : 830271488,
        "physicalMemoryUsage" : 365510656,
        "heapUsage" : 316669952
      }
    } ],
    "finishTime" : 1405211768663,
    "preferredLocations" : [ {
      "layers" : [ "default-rack", "192\\.168\\.1\\.101" ]
    }, {
      "layers" : [ "default-rack", "192\\.168\\.1\\.102" ]
    }, {
      "layers" : [ "default-rack", "192\\.168\\.1\\.103" ]
    } ],
    "taskType" : "MAP",
    "taskStatus" : "SUCCESS",
    "taskID" : "task_201407031547_1576_m_000012",
    "inputBytes" : 268439646,
    "inputRecords" : 2684355,
    "outputBytes" : 547668941,
    "outputRecords" : 2684355
  }, {
    "startTime" : 1405211750999,
    "attempts" : [ {
      "result" : "SUCCESS",
      "location" : {
        "layers" : [ "default-rack", "Slave13" ]
      },
      "hostName" : "/default-rack/Slave13",
      "startTime" : 1405211747545,
      "finishTime" : 1405211765599,
      "attemptID" : "attempt_201407031547_1576_m_000013_0",
      "shuffleFinished" : -1,
      "sortFinished" : -1,
      "hdfsBytesRead" : 268439646,
      "hdfsBytesWritten" : -1,
      "fileBytesRead" : 273846580,
      "fileBytesWritten" : 547668737,
      "mapInputRecords" : 2684354,
      "mapOutputBytes" : 268435400,
      "mapOutputRecords" : 2684354,
      "combineInputRecords" : 0,
      "reduceInputGroups" : -1,
      "reduceInputRecords" : -1,
      "reduceShuffleBytes" : -1,
      "reduceOutputRecords" : -1,
      "spilledRecords" : 5368708,
      "mapInputBytes" : 268435400,
      "resourceUsageMetrics" : {
        "cumulativeCpuUsage" : 7780,
        "virtualMemoryUsage" : 833191936,
        "physicalMemoryUsage" : 397651968,
        "heapUsage" : 444071936
      }
    } ],
    "finishTime" : 1405211769370,
    "preferredLocations" : [ {
      "layers" : [ "default-rack", "192\\.168\\.1\\.101" ]
    }, {
      "layers" : [ "default-rack", "192\\.168\\.1\\.103" ]
    }, {
      "layers" : [ "default-rack", "192\\.168\\.1\\.102" ]
    } ],
    "taskType" : "MAP",
    "taskStatus" : "SUCCESS",
    "taskID" : "task_201407031547_1576_m_000013",
    "inputBytes" : 268439646,
    "inputRecords" : 2684354,
    "outputBytes" : 547668737,
    "outputRecords" : 2684354
  }, {
    "startTime" : 1405211752714,
    "attempts" : [ {
      "result" : "SUCCESS",
      "location" : {
        "layers" : [ "default-rack", "Master1" ]
      },
      "hostName" : "/default-rack/Master1",
      "startTime" : 1405211752715,
      "finishTime" : 1405211768677,
      "attemptID" : "attempt_201407031547_1576_m_000014_0",
      "shuffleFinished" : -1,
      "sortFinished" : -1,
      "hdfsBytesRead" : 268439646,
      "hdfsBytesWritten" : -1,
      "fileBytesRead" : 273848822,
      "fileBytesWritten" : 547668942,
      "mapInputRecords" : 2684355,
      "mapOutputBytes" : 268435500,
      "mapOutputRecords" : 2684355,
      "combineInputRecords" : 0,
      "reduceInputGroups" : -1,
      "reduceInputRecords" : -1,
      "reduceShuffleBytes" : -1,
      "reduceOutputRecords" : -1,
      "spilledRecords" : 5368710,
      "mapInputBytes" : 268435500,
      "resourceUsageMetrics" : {
        "cumulativeCpuUsage" : 8120,
        "virtualMemoryUsage" : 834240512,
        "physicalMemoryUsage" : 413974528,
        "heapUsage" : 463470592
      }
    } ],
    "finishTime" : 1405211768964,
    "preferredLocations" : [ {
      "layers" : [ "default-rack", "192\\.168\\.1\\.103" ]
    }, {
      "layers" : [ "default-rack", "192\\.168\\.1\\.101" ]
    }, {
      "layers" : [ "default-rack", "192\\.168\\.1\\.100" ]
    } ],
    "taskType" : "MAP",
    "taskStatus" : "SUCCESS",
    "taskID" : "task_201407031547_1576_m_000014",
    "inputBytes" : 268439646,
    "inputRecords" : 2684355,
    "outputBytes" : 547668942,
    "outputRecords" : 2684355
  }, {
    "startTime" : 1405211754071,
    "attempts" : [ {
      "result" : "SUCCESS",
      "location" : {
        "layers" : [ "default-rack", "Slave12" ]
      },
      "hostName" : "/default-rack/Slave12",
      "startTime" : 1405211746578,
      "finishTime" : 1405211763402,
      "attemptID" : "attempt_201407031547_1576_m_000015_0",
      "shuffleFinished" : -1,
      "sortFinished" : -1,
      "hdfsBytesRead" : 268439646,
      "hdfsBytesWritten" : -1,
      "fileBytesRead" : 273835086,
      "fileBytesWritten" : 547668737,
      "mapInputRecords" : 2684354,
      "mapOutputBytes" : 268435400,
      "mapOutputRecords" : 2684354,
      "combineInputRecords" : 0,
      "reduceInputGroups" : -1,
      "reduceInputRecords" : -1,
      "reduceShuffleBytes" : -1,
      "reduceOutputRecords" : -1,
      "spilledRecords" : 5368708,
      "mapInputBytes" : 268435400,
      "resourceUsageMetrics" : {
        "cumulativeCpuUsage" : 8160,
        "virtualMemoryUsage" : 834351104,
        "physicalMemoryUsage" : 409481216,
        "heapUsage" : 448266240
      }
    } ],
    "finishTime" : 1405211771024,
    "preferredLocations" : [ {
      "layers" : [ "default-rack", "192\\.168\\.1\\.103" ]
    }, {
      "layers" : [ "default-rack", "192\\.168\\.1\\.101" ]
    }, {
      "layers" : [ "default-rack", "192\\.168\\.1\\.102" ]
    } ],
    "taskType" : "MAP",
    "taskStatus" : "SUCCESS",
    "taskID" : "task_201407031547_1576_m_000015",
    "inputBytes" : 268439646,
    "inputRecords" : 2684354,
    "outputBytes" : 547668737,
    "outputRecords" : 2684354
  }, {
    "startTime" : 1405211756121,
    "attempts" : [ {
      "result" : "SUCCESS",
      "location" : {
        "layers" : [ "default-rack", "Slave11" ]
      },
      "hostName" : "/default-rack/Slave11",
      "startTime" : 1405211763517,
      "finishTime" : 1405211778510,
      "attemptID" : "attempt_201407031547_1576_m_000016_0",
      "shuffleFinished" : -1,
      "sortFinished" : -1,
      "hdfsBytesRead" : 268439646,
      "hdfsBytesWritten" : -1,
      "fileBytesRead" : 273840510,
      "fileBytesWritten" : 547668942,
      "mapInputRecords" : 2684355,
      "mapOutputBytes" : 268435500,
      "mapOutputRecords" : 2684355,
      "combineInputRecords" : 0,
      "reduceInputGroups" : -1,
      "reduceInputRecords" : -1,
      "reduceShuffleBytes" : -1,
      "reduceOutputRecords" : -1,
      "spilledRecords" : 5368710,
      "mapInputBytes" : 268435500,
      "resourceUsageMetrics" : {
        "cumulativeCpuUsage" : 7270,
        "virtualMemoryUsage" : 832143360,
        "physicalMemoryUsage" : 395563008,
        "heapUsage" : 446169088
      }
    } ],
    "finishTime" : 1405211771379,
    "preferredLocations" : [ {
      "layers" : [ "default-rack", "192\\.168\\.1\\.101" ]
    }, {
      "layers" : [ "default-rack", "192\\.168\\.1\\.100" ]
    }, {
      "layers" : [ "default-rack", "192\\.168\\.1\\.102" ]
    } ],
    "taskType" : "MAP",
    "taskStatus" : "SUCCESS",
    "taskID" : "task_201407031547_1576_m_000016",
    "inputBytes" : 268439646,
    "inputRecords" : 2684355,
    "outputBytes" : 547668942,
    "outputRecords" : 2684355
  }, {
    "startTime" : 1405211758408,
    "attempts" : [ {
      "result" : "SUCCESS",
      "location" : {
        "layers" : [ "default-rack", "Master1" ]
      },
      "hostName" : "/default-rack/Master1",
      "startTime" : 1405211758408,
      "finishTime" : 1405211777106,
      "attemptID" : "attempt_201407031547_1576_m_000017_0",
      "shuffleFinished" : -1,
      "sortFinished" : -1,
      "hdfsBytesRead" : 268439646,
      "hdfsBytesWritten" : -1,
      "fileBytesRead" : 273844030,
      "fileBytesWritten" : 547668942,
      "mapInputRecords" : 2684355,
      "mapOutputBytes" : 268435500,
      "mapOutputRecords" : 2684355,
      "combineInputRecords" : 0,
      "reduceInputGroups" : -1,
      "reduceInputRecords" : -1,
      "reduceShuffleBytes" : -1,
      "reduceOutputRecords" : -1,
      "spilledRecords" : 5368710,
      "mapInputBytes" : 268435500,
      "resourceUsageMetrics" : {
        "cumulativeCpuUsage" : 7630,
        "virtualMemoryUsage" : 835469312,
        "physicalMemoryUsage" : 374796288,
        "heapUsage" : 477102080
      }
    } ],
    "finishTime" : 1405211777197,
    "preferredLocations" : [ {
      "layers" : [ "default-rack", "192\\.168\\.1\\.102" ]
    }, {
      "layers" : [ "default-rack", "192\\.168\\.1\\.101" ]
    }, {
      "layers" : [ "default-rack", "192\\.168\\.1\\.100" ]
    } ],
    "taskType" : "MAP",
    "taskStatus" : "SUCCESS",
    "taskID" : "task_201407031547_1576_m_000017",
    "inputBytes" : 268439646,
    "inputRecords" : 2684355,
    "outputBytes" : 547668942,
    "outputRecords" : 2684355
  }, {
    "startTime" : 1405211761861,
    "attempts" : [ {
      "result" : "SUCCESS",
      "location" : {
        "layers" : [ "default-rack", "Slave13" ]
      },
      "hostName" : "/default-rack/Slave13",
      "startTime" : 1405211758375,
      "finishTime" : 1405211779081,
      "attemptID" : "attempt_201407031547_1576_m_000018_0",
      "shuffleFinished" : -1,
      "sortFinished" : -1,
      "hdfsBytesRead" : 268439646,
      "hdfsBytesWritten" : -1,
      "fileBytesRead" : 273843900,
      "fileBytesWritten" : 547668737,
      "mapInputRecords" : 2684354,
      "mapOutputBytes" : 268435400,
      "mapOutputRecords" : 2684354,
      "combineInputRecords" : 0,
      "reduceInputGroups" : -1,
      "reduceInputRecords" : -1,
      "reduceShuffleBytes" : -1,
      "reduceOutputRecords" : -1,
      "spilledRecords" : 5368708,
      "mapInputBytes" : 268435400,
      "resourceUsageMetrics" : {
        "cumulativeCpuUsage" : 8070,
        "virtualMemoryUsage" : 834240512,
        "physicalMemoryUsage" : 406687744,
        "heapUsage" : 451674112
      }
    } ],
    "finishTime" : 1405211782686,
    "preferredLocations" : [ {
      "layers" : [ "default-rack", "192\\.168\\.1\\.101" ]
    }, {
      "layers" : [ "default-rack", "192\\.168\\.1\\.103" ]
    }, {
      "layers" : [ "default-rack", "192\\.168\\.1\\.102" ]
    } ],
    "taskType" : "MAP",
    "taskStatus" : "SUCCESS",
    "taskID" : "task_201407031547_1576_m_000018",
    "inputBytes" : 268439646,
    "inputRecords" : 2684354,
    "outputBytes" : 547668737,
    "outputRecords" : 2684354
  }, {
    "startTime" : 1405211764873,
    "attempts" : [ {
      "result" : "SUCCESS",
      "location" : {
        "layers" : [ "default-rack", "Slave11" ]
      },
      "hostName" : "/default-rack/Slave11",
      "startTime" : 1405211772270,
      "finishTime" : 1405211787187,
      "attemptID" : "attempt_201407031547_1576_m_000019_0",
      "shuffleFinished" : -1,
      "sortFinished" : -1,
      "hdfsBytesRead" : 268439646,
      "hdfsBytesWritten" : -1,
      "fileBytesRead" : 273844256,
      "fileBytesWritten" : 547668942,
      "mapInputRecords" : 2684355,
      "mapOutputBytes" : 268435500,
      "mapOutputRecords" : 2684355,
      "combineInputRecords" : 0,
      "reduceInputGroups" : -1,
      "reduceInputRecords" : -1,
      "reduceShuffleBytes" : -1,
      "reduceOutputRecords" : -1,
      "spilledRecords" : 5368710,
      "mapInputBytes" : 268435500,
      "resourceUsageMetrics" : {
        "cumulativeCpuUsage" : 7450,
        "virtualMemoryUsage" : 833191936,
        "physicalMemoryUsage" : 402087936,
        "heapUsage" : 450101248
      }
    } ],
    "finishTime" : 1405211779845,
    "preferredLocations" : [ {
      "layers" : [ "default-rack", "192\\.168\\.1\\.100" ]
    }, {
      "layers" : [ "default-rack", "192\\.168\\.1\\.101" ]
    }, {
      "layers" : [ "default-rack", "192\\.168\\.1\\.102" ]
    } ],
    "taskType" : "MAP",
    "taskStatus" : "SUCCESS",
    "taskID" : "task_201407031547_1576_m_000019",
    "inputBytes" : 268439646,
    "inputRecords" : 2684355,
    "outputBytes" : 547668942,
    "outputRecords" : 2684355
  }, {
    "startTime" : 1405211768663,
    "attempts" : [ {
      "result" : "SUCCESS",
      "location" : {
        "layers" : [ "default-rack", "Slave12" ]
      },
      "hostName" : "/default-rack/Slave12",
      "startTime" : 1405211761224,
      "finishTime" : 1405211790316,
      "attemptID" : "attempt_201407031547_1576_m_000020_0",
      "shuffleFinished" : -1,
      "sortFinished" : -1,
      "hdfsBytesRead" : 268439646,
      "hdfsBytesWritten" : -1,
      "fileBytesRead" : 273840902,
      "fileBytesWritten" : 547668737,
      "mapInputRecords" : 2684354,
      "mapOutputBytes" : 268435400,
      "mapOutputRecords" : 2684354,
      "combineInputRecords" : 0,
      "reduceInputGroups" : -1,
      "reduceInputRecords" : -1,
      "reduceShuffleBytes" : -1,
      "reduceOutputRecords" : -1,
      "spilledRecords" : 5368708,
      "mapInputBytes" : 268435400,
      "resourceUsageMetrics" : {
        "cumulativeCpuUsage" : 7900,
        "virtualMemoryUsage" : 830271488,
        "physicalMemoryUsage" : 409083904,
        "heapUsage" : 448004096
      }
    } ],
    "finishTime" : 1405211798113,
    "preferredLocations" : [ {
      "layers" : [ "default-rack", "192\\.168\\.1\\.101" ]
    }, {
      "layers" : [ "default-rack", "192\\.168\\.1\\.100" ]
    }, {
      "layers" : [ "default-rack", "192\\.168\\.1\\.103" ]
    } ],
    "taskType" : "MAP",
    "taskStatus" : "SUCCESS",
    "taskID" : "task_201407031547_1576_m_000020",
    "inputBytes" : 268439646,
    "inputRecords" : 2684354,
    "outputBytes" : 547668737,
    "outputRecords" : 2684354
  }, {
    "startTime" : 1405211768964,
    "attempts" : [ {
      "result" : "SUCCESS",
      "location" : {
        "layers" : [ "default-rack", "Master1" ]
      },
      "hostName" : "/default-rack/Master1",
      "startTime" : 1405211768965,
      "finishTime" : 1405211792143,
      "attemptID" : "attempt_201407031547_1576_m_000021_0",
      "shuffleFinished" : -1,
      "sortFinished" : -1,
      "hdfsBytesRead" : 268439646,
      "hdfsBytesWritten" : -1,
      "fileBytesRead" : 273846756,
      "fileBytesWritten" : 547668942,
      "mapInputRecords" : 2684355,
      "mapOutputBytes" : 268435500,
      "mapOutputRecords" : 2684355,
      "combineInputRecords" : 0,
      "reduceInputGroups" : -1,
      "reduceInputRecords" : -1,
      "reduceShuffleBytes" : -1,
      "reduceOutputRecords" : -1,
      "spilledRecords" : 5368710,
      "mapInputBytes" : 268435500,
      "resourceUsageMetrics" : {
        "cumulativeCpuUsage" : 7980,
        "virtualMemoryUsage" : 834240512,
        "physicalMemoryUsage" : 414339072,
        "heapUsage" : 472907776
      }
    } ],
    "finishTime" : 1405211792441,
    "preferredLocations" : [ {
      "layers" : [ "default-rack", "192\\.168\\.1\\.101" ]
    }, {
      "layers" : [ "default-rack", "192\\.168\\.1\\.100" ]
    }, {
      "layers" : [ "default-rack", "192\\.168\\.1\\.103" ]
    } ],
    "taskType" : "MAP",
    "taskStatus" : "SUCCESS",
    "taskID" : "task_201407031547_1576_m_000021",
    "inputBytes" : 268439646,
    "inputRecords" : 2684355,
    "outputBytes" : 547668942,
    "outputRecords" : 2684355
  }, {
    "startTime" : 1405211769371,
    "attempts" : [ {
      "result" : "SUCCESS",
      "location" : {
        "layers" : [ "default-rack", "Slave13" ]
      },
      "hostName" : "/default-rack/Slave13",
      "startTime" : 1405211765885,
      "finishTime" : 1405211795701,
      "attemptID" : "attempt_201407031547_1576_m_000022_0",
      "shuffleFinished" : -1,
      "sortFinished" : -1,
      "hdfsBytesRead" : 268439646,
      "hdfsBytesWritten" : -1,
      "fileBytesRead" : 273839338,
      "fileBytesWritten" : 547668737,
      "mapInputRecords" : 2684354,
      "mapOutputBytes" : 268435400,
      "mapOutputRecords" : 2684354,
      "combineInputRecords" : 0,
      "reduceInputGroups" : -1,
      "reduceInputRecords" : -1,
      "reduceShuffleBytes" : -1,
      "reduceOutputRecords" : -1,
      "spilledRecords" : 5368708,
      "mapInputBytes" : 268435400,
      "resourceUsageMetrics" : {
        "cumulativeCpuUsage" : 8220,
        "virtualMemoryUsage" : 833191936,
        "physicalMemoryUsage" : 399089664,
        "heapUsage" : 446955520
      }
    } ],
    "finishTime" : 1405211799190,
    "preferredLocations" : [ {
      "layers" : [ "default-rack", "192\\.168\\.1\\.101" ]
    }, {
      "layers" : [ "default-rack", "192\\.168\\.1\\.103" ]
    }, {
      "layers" : [ "default-rack", "192\\.168\\.1\\.100" ]
    } ],
    "taskType" : "MAP",
    "taskStatus" : "SUCCESS",
    "taskID" : "task_201407031547_1576_m_000022",
    "inputBytes" : 268439646,
    "inputRecords" : 2684354,
    "outputBytes" : 547668737,
    "outputRecords" : 2684354
  }, {
    "startTime" : 1405211771326,
    "attempts" : [ {
      "result" : "SUCCESS",
      "location" : {
        "layers" : [ "default-rack", "Slave12" ]
      },
      "hostName" : "/default-rack/Slave12",
      "startTime" : 1405211763833,
      "finishTime" : 1405211792703,
      "attemptID" : "attempt_201407031547_1576_m_000023_0",
      "shuffleFinished" : -1,
      "sortFinished" : -1,
      "hdfsBytesRead" : 268439646,
      "hdfsBytesWritten" : -1,
      "fileBytesRead" : 273838380,
      "fileBytesWritten" : 547668941,
      "mapInputRecords" : 2684355,
      "mapOutputBytes" : 268435500,
      "mapOutputRecords" : 2684355,
      "combineInputRecords" : 0,
      "reduceInputGroups" : -1,
      "reduceInputRecords" : -1,
      "reduceShuffleBytes" : -1,
      "reduceOutputRecords" : -1,
      "spilledRecords" : 5368710,
      "mapInputBytes" : 268435500,
      "resourceUsageMetrics" : {
        "cumulativeCpuUsage" : 8350,
        "virtualMemoryUsage" : 834351104,
        "physicalMemoryUsage" : 412319744,
        "heapUsage" : 450887680
      }
    } ],
    "finishTime" : 1405211800444,
    "preferredLocations" : [ {
      "layers" : [ "default-rack", "192\\.168\\.1\\.101" ]
    }, {
      "layers" : [ "default-rack", "192\\.168\\.1\\.100" ]
    }, {
      "layers" : [ "default-rack", "192\\.168\\.1\\.102" ]
    } ],
    "taskType" : "MAP",
    "taskStatus" : "SUCCESS",
    "taskID" : "task_201407031547_1576_m_000023",
    "inputBytes" : 268439646,
    "inputRecords" : 2684355,
    "outputBytes" : 547668941,
    "outputRecords" : 2684355
  }, {
    "startTime" : 1405211771384,
    "attempts" : [ {
      "result" : "SUCCESS",
      "location" : {
        "layers" : [ "default-rack", "Slave11" ]
      },
      "hostName" : "/default-rack/Slave11",
      "startTime" : 1405211778781,
      "finishTime" : 1405211797070,
      "attemptID" : "attempt_201407031547_1576_m_000024_0",
      "shuffleFinished" : -1,
      "sortFinished" : -1,
      "hdfsBytesRead" : 268439646,
      "hdfsBytesWritten" : -1,
      "fileBytesRead" : 273858374,
      "fileBytesWritten" : 547668942,
      "mapInputRecords" : 2684355,
      "mapOutputBytes" : 268435500,
      "mapOutputRecords" : 2684355,
      "combineInputRecords" : 0,
      "reduceInputGroups" : -1,
      "reduceInputRecords" : -1,
      "reduceShuffleBytes" : -1,
      "reduceOutputRecords" : -1,
      "spilledRecords" : 5368710,
      "mapInputBytes" : 268435500,
      "resourceUsageMetrics" : {
        "cumulativeCpuUsage" : 7490,
        "virtualMemoryUsage" : 832143360,
        "physicalMemoryUsage" : 397221888,
        "heapUsage" : 446955520
      }
    } ],
    "finishTime" : 1405211789948,
    "preferredLocations" : [ {
      "layers" : [ "default-rack", "192\\.168\\.1\\.100" ]
    }, {
      "layers" : [ "default-rack", "192\\.168\\.1\\.101" ]
    }, {
      "layers" : [ "default-rack", "192\\.168\\.1\\.103" ]
    } ],
    "taskType" : "MAP",
    "taskStatus" : "SUCCESS",
    "taskID" : "task_201407031547_1576_m_000024",
    "inputBytes" : 268439646,
    "inputRecords" : 2684355,
    "outputBytes" : 547668942,
    "outputRecords" : 2684355
  }, {
    "startTime" : 1405211777197,
    "attempts" : [ {
      "result" : "SUCCESS",
      "location" : {
        "layers" : [ "default-rack", "Master1" ]
      },
      "hostName" : "/default-rack/Master1",
      "startTime" : 1405211777198,
      "finishTime" : 1405211801640,
      "attemptID" : "attempt_201407031547_1576_m_000025_0",
      "shuffleFinished" : -1,
      "sortFinished" : -1,
      "hdfsBytesRead" : 268439646,
      "hdfsBytesWritten" : -1,
      "fileBytesRead" : 273841248,
      "fileBytesWritten" : 547668738,
      "mapInputRecords" : 2684354,
      "mapOutputBytes" : 268435400,
      "mapOutputRecords" : 2684354,
      "combineInputRecords" : 0,
      "reduceInputGroups" : -1,
      "reduceInputRecords" : -1,
      "reduceShuffleBytes" : -1,
      "reduceOutputRecords" : -1,
      "spilledRecords" : 5368708,
      "mapInputBytes" : 268435400,
      "resourceUsageMetrics" : {
        "cumulativeCpuUsage" : 9770,
        "virtualMemoryUsage" : 831049728,
        "physicalMemoryUsage" : 245587968,
        "heapUsage" : 456654848
      }
    } ],
    "finishTime" : 1405211801780,
    "preferredLocations" : [ {
      "layers" : [ "default-rack", "192\\.168\\.1\\.101" ]
    }, {
      "layers" : [ "default-rack", "192\\.168\\.1\\.103" ]
    }, {
      "layers" : [ "default-rack", "192\\.168\\.1\\.102" ]
    } ],
    "taskType" : "MAP",
    "taskStatus" : "SUCCESS",
    "taskID" : "task_201407031547_1576_m_000025",
    "inputBytes" : 268439646,
    "inputRecords" : 2684354,
    "outputBytes" : 547668738,
    "outputRecords" : 2684354
  }, {
    "startTime" : 1405211779845,
    "attempts" : [ {
      "result" : "SUCCESS",
      "location" : {
        "layers" : [ "default-rack", "Slave11" ]
      },
      "hostName" : "/default-rack/Slave11",
      "startTime" : 1405211787242,
      "finishTime" : 1405211802910,
      "attemptID" : "attempt_201407031547_1576_m_000026_0",
      "shuffleFinished" : -1,
      "sortFinished" : -1,
      "hdfsBytesRead" : 268439646,
      "hdfsBytesWritten" : -1,
      "fileBytesRead" : 273838766,
      "fileBytesWritten" : 547668942,
      "mapInputRecords" : 2684355,
      "mapOutputBytes" : 268435500,
      "mapOutputRecords" : 2684355,
      "combineInputRecords" : 0,
      "reduceInputGroups" : -1,
      "reduceInputRecords" : -1,
      "reduceShuffleBytes" : -1,
      "reduceOutputRecords" : -1,
      "spilledRecords" : 5368710,
      "mapInputBytes" : 268435500,
      "resourceUsageMetrics" : {
        "cumulativeCpuUsage" : 7580,
        "virtualMemoryUsage" : 833191936,
        "physicalMemoryUsage" : 407007232,
        "heapUsage" : 451411968
      }
    } ],
    "finishTime" : 1405211795676,
    "preferredLocations" : [ {
      "layers" : [ "default-rack", "192\\.168\\.1\\.101" ]
    }, {
      "layers" : [ "default-rack", "192\\.168\\.1\\.103" ]
    }, {
      "layers" : [ "default-rack", "192\\.168\\.1\\.100" ]
    } ],
    "taskType" : "MAP",
    "taskStatus" : "SUCCESS",
    "taskID" : "task_201407031547_1576_m_000026",
    "inputBytes" : 268439646,
    "inputRecords" : 2684355,
    "outputBytes" : 547668942,
    "outputRecords" : 2684355
  }, {
    "startTime" : 1405211782686,
    "attempts" : [ ],
    "finishTime" : -1,
    "preferredLocations" : [ {
      "layers" : [ "default-rack", "192\\.168\\.1\\.103" ]
    }, {
      "layers" : [ "default-rack", "192\\.168\\.1\\.101" ]
    }, {
      "layers" : [ "default-rack", "192\\.168\\.1\\.100" ]
    } ],
    "taskType" : "MAP",
    "taskStatus" : null,
    "taskID" : "task_201407031547_1576_m_000027",
    "inputBytes" : -1,
    "inputRecords" : -1,
    "outputBytes" : -1,
    "outputRecords" : -1
  }, {
    "startTime" : 1405211790251,
    "attempts" : [ ],
    "finishTime" : -1,
    "preferredLocations" : [ {
      "layers" : [ "default-rack", "192\\.168\\.1\\.101" ]
    }, {
      "layers" : [ "default-rack", "192\\.168\\.1\\.103" ]
    }, {
      "layers" : [ "default-rack", "192\\.168\\.1\\.102" ]
    } ],
    "taskType" : "MAP",
    "taskStatus" : null,
    "taskID" : "task_201407031547_1576_m_000028",
    "inputBytes" : -1,
    "inputRecords" : -1,
    "outputBytes" : -1,
    "outputRecords" : -1
  }, {
    "startTime" : 1405211792441,
    "attempts" : [ ],
    "finishTime" : -1,
    "preferredLocations" : [ {
      "layers" : [ "default-rack", "192\\.168\\.1\\.101" ]
    }, {
      "layers" : [ "default-rack", "192\\.168\\.1\\.102" ]
    }, {
      "layers" : [ "default-rack", "192\\.168\\.1\\.100" ]
    } ],
    "taskType" : "MAP",
    "taskStatus" : null,
    "taskID" : "task_201407031547_1576_m_000029",
    "inputBytes" : -1,
    "inputRecords" : -1,
    "outputBytes" : -1,
    "outputRecords" : -1
  }, {
    "startTime" : 1405211795677,
    "attempts" : [ ],
    "finishTime" : -1,
    "preferredLocations" : [ {
      "layers" : [ "default-rack", "192\\.168\\.1\\.100" ]
    }, {
      "layers" : [ "default-rack", "192\\.168\\.1\\.101" ]
    }, {
      "layers" : [ "default-rack", "192\\.168\\.1\\.102" ]
    } ],
    "taskType" : "MAP",
    "taskStatus" : null,
    "taskID" : "task_201407031547_1576_m_000030",
    "inputBytes" : -1,
    "inputRecords" : -1,
    "outputBytes" : -1,
    "outputRecords" : -1
  }, {
    "startTime" : 1405211798113,
    "attempts" : [ ],
    "finishTime" : -1,
    "preferredLocations" : [ {
      "layers" : [ "default-rack", "192\\.168\\.1\\.102" ]
    }, {
      "layers" : [ "default-rack", "192\\.168\\.1\\.101" ]
    }, {
      "layers" : [ "default-rack", "192\\.168\\.1\\.100" ]
    } ],
    "taskType" : "MAP",
    "taskStatus" : null,
    "taskID" : "task_201407031547_1576_m_000031",
    "inputBytes" : -1,
    "inputRecords" : -1,
    "outputBytes" : -1,
    "outputRecords" : -1
  }, {
    "startTime" : 1405211799190,
    "attempts" : [ ],
    "finishTime" : -1,
    "preferredLocations" : [ {
      "layers" : [ "default-rack", "192\\.168\\.1\\.101" ]
    }, {
      "layers" : [ "default-rack", "192\\.168\\.1\\.103" ]
    }, {
      "layers" : [ "default-rack", "192\\.168\\.1\\.100" ]
    } ],
    "taskType" : "MAP",
    "taskStatus" : null,
    "taskID" : "task_201407031547_1576_m_000032",
    "inputBytes" : -1,
    "inputRecords" : -1,
    "outputBytes" : -1,
    "outputRecords" : -1
  }, {
    "startTime" : 1405211800445,
    "attempts" : [ ],
    "finishTime" : -1,
    "preferredLocations" : [ {
      "layers" : [ "default-rack", "192\\.168\\.1\\.101" ]
    }, {
      "layers" : [ "default-rack", "192\\.168\\.1\\.103" ]
    }, {
      "layers" : [ "default-rack", "192\\.168\\.1\\.102" ]
    } ],
    "taskType" : "MAP",
    "taskStatus" : null,
    "taskID" : "task_201407031547_1576_m_000033",
    "inputBytes" : -1,
    "inputRecords" : -1,
    "outputBytes" : -1,
    "outputRecords" : -1
  }, {
    "startTime" : 1405211801781,
    "attempts" : [ ],
    "finishTime" : -1,
    "preferredLocations" : [ {
      "layers" : [ "default-rack", "192\\.168\\.1\\.102" ]
    }, {
      "layers" : [ "default-rack", "192\\.168\\.1\\.101" ]
    }, {
      "layers" : [ "default-rack", "192\\.168\\.1\\.103" ]
    } ],
    "taskType" : "MAP",
    "taskStatus" : null,
    "taskID" : "task_201407031547_1576_m_000034",
    "inputBytes" : -1,
    "inputRecords" : -1,
    "outputBytes" : -1,
    "outputRecords" : -1
  } ],
  "finishTime" : -1,
  "reduceTasks" : [ {
    "startTime" : 1405211746319,
    "attempts" : [ {
      "result" : "FAILED",
      "location" : null,
      "hostName" : null,
      "startTime" : 1405211753717,
      "finishTime" : 1405211769101,
      "attemptID" : "attempt_201407031547_1576_r_000000_0",
      "shuffleFinished" : -1,
      "sortFinished" : -1,
      "hdfsBytesRead" : -1,
      "hdfsBytesWritten" : -1,
      "fileBytesRead" : -1,
      "fileBytesWritten" : -1,
      "mapInputRecords" : -1,
      "mapOutputBytes" : -1,
      "mapOutputRecords" : -1,
      "combineInputRecords" : -1,
      "reduceInputGroups" : -1,
      "reduceInputRecords" : -1,
      "reduceShuffleBytes" : -1,
      "reduceOutputRecords" : -1,
      "spilledRecords" : -1,
      "mapInputBytes" : -1,
      "resourceUsageMetrics" : {
        "cumulativeCpuUsage" : 0,
        "virtualMemoryUsage" : 0,
        "physicalMemoryUsage" : 0,
        "heapUsage" : 0
      }
    } ],
    "finishTime" : -1,
    "preferredLocations" : [ ],
    "taskType" : "REDUCE",
    "taskStatus" : null,
    "taskID" : "task_201407031547_1576_r_000000",
    "inputBytes" : -1,
    "inputRecords" : -1,
    "outputBytes" : -1,
    "outputRecords" : -1
  }, {
    "startTime" : 1405211746465,
    "attempts" : [ {
      "result" : "FAILED",
      "location" : null,
      "hostName" : null,
      "startTime" : 1405211738978,
      "finishTime" : 1405211751275,
      "attemptID" : "attempt_201407031547_1576_r_000001_0",
      "shuffleFinished" : -1,
      "sortFinished" : -1,
      "hdfsBytesRead" : -1,
      "hdfsBytesWritten" : -1,
      "fileBytesRead" : -1,
      "fileBytesWritten" : -1,
      "mapInputRecords" : -1,
      "mapOutputBytes" : -1,
      "mapOutputRecords" : -1,
      "combineInputRecords" : -1,
      "reduceInputGroups" : -1,
      "reduceInputRecords" : -1,
      "reduceShuffleBytes" : -1,
      "reduceOutputRecords" : -1,
      "spilledRecords" : -1,
      "mapInputBytes" : -1,
      "resourceUsageMetrics" : {
        "cumulativeCpuUsage" : 0,
        "virtualMemoryUsage" : 0,
        "physicalMemoryUsage" : 0,
        "heapUsage" : 0
      }
    }, {
      "result" : "FAILED",
      "location" : null,
      "hostName" : null,
      "startTime" : 1405211760551,
      "finishTime" : 1405211770525,
      "attemptID" : "attempt_201407031547_1576_r_000001_1",
      "shuffleFinished" : -1,
      "sortFinished" : -1,
      "hdfsBytesRead" : -1,
      "hdfsBytesWritten" : -1,
      "fileBytesRead" : -1,
      "fileBytesWritten" : -1,
      "mapInputRecords" : -1,
      "mapOutputBytes" : -1,
      "mapOutputRecords" : -1,
      "combineInputRecords" : -1,
      "reduceInputGroups" : -1,
      "reduceInputRecords" : -1,
      "reduceShuffleBytes" : -1,
      "reduceOutputRecords" : -1,
      "spilledRecords" : -1,
      "mapInputBytes" : -1,
      "resourceUsageMetrics" : {
        "cumulativeCpuUsage" : 0,
        "virtualMemoryUsage" : 0,
        "physicalMemoryUsage" : 0,
        "heapUsage" : 0
      }
    }, {
      "result" : "FAILED",
      "location" : null,
      "hostName" : null,
      "startTime" : 1405211789104,
      "finishTime" : 1405211798170,
      "attemptID" : "attempt_201407031547_1576_r_000001_2",
      "shuffleFinished" : -1,
      "sortFinished" : -1,
      "hdfsBytesRead" : -1,
      "hdfsBytesWritten" : -1,
      "fileBytesRead" : -1,
      "fileBytesWritten" : -1,
      "mapInputRecords" : -1,
      "mapOutputBytes" : -1,
      "mapOutputRecords" : -1,
      "combineInputRecords" : -1,
      "reduceInputGroups" : -1,
      "reduceInputRecords" : -1,
      "reduceShuffleBytes" : -1,
      "reduceOutputRecords" : -1,
      "spilledRecords" : -1,
      "mapInputBytes" : -1,
      "resourceUsageMetrics" : {
        "cumulativeCpuUsage" : 0,
        "virtualMemoryUsage" : 0,
        "physicalMemoryUsage" : 0,
        "heapUsage" : 0
      }
    } ],
    "finishTime" : -1,
    "preferredLocations" : [ ],
    "taskType" : "REDUCE",
    "taskStatus" : null,
    "taskID" : "task_201407031547_1576_r_000001",
    "inputBytes" : -1,
    "inputRecords" : -1,
    "outputBytes" : -1,
    "outputRecords" : -1
  }, {
    "startTime" : 1405211746583,
    "attempts" : [ {
      "result" : "FAILED",
      "location" : null,
      "hostName" : null,
      "startTime" : 1405211746594,
      "finishTime" : 1405211760507,
      "attemptID" : "attempt_201407031547_1576_r_000002_0",
      "shuffleFinished" : -1,
      "sortFinished" : -1,
      "hdfsBytesRead" : -1,
      "hdfsBytesWritten" : -1,
      "fileBytesRead" : -1,
      "fileBytesWritten" : -1,
      "mapInputRecords" : -1,
      "mapOutputBytes" : -1,
      "mapOutputRecords" : -1,
      "combineInputRecords" : -1,
      "reduceInputGroups" : -1,
      "reduceInputRecords" : -1,
      "reduceShuffleBytes" : -1,
      "reduceOutputRecords" : -1,
      "spilledRecords" : -1,
      "mapInputBytes" : -1,
      "resourceUsageMetrics" : {
        "cumulativeCpuUsage" : 0,
        "virtualMemoryUsage" : 0,
        "physicalMemoryUsage" : 0,
        "heapUsage" : 0
      }
    }, {
      "result" : "FAILED",
      "location" : null,
      "hostName" : null,
      "startTime" : 1405211753337,
      "finishTime" : 1405211764402,
      "attemptID" : "attempt_201407031547_1576_r_000002_1",
      "shuffleFinished" : -1,
      "sortFinished" : -1,
      "hdfsBytesRead" : -1,
      "hdfsBytesWritten" : -1,
      "fileBytesRead" : -1,
      "fileBytesWritten" : -1,
      "mapInputRecords" : -1,
      "mapOutputBytes" : -1,
      "mapOutputRecords" : -1,
      "combineInputRecords" : -1,
      "reduceInputGroups" : -1,
      "reduceInputRecords" : -1,
      "reduceShuffleBytes" : -1,
      "reduceOutputRecords" : -1,
      "spilledRecords" : -1,
      "mapInputBytes" : -1,
      "resourceUsageMetrics" : {
        "cumulativeCpuUsage" : 0,
        "virtualMemoryUsage" : 0,
        "physicalMemoryUsage" : 0,
        "heapUsage" : 0
      }
    }, {
      "result" : "FAILED",
      "location" : null,
      "hostName" : null,
      "startTime" : 1405211798385,
      "finishTime" : 1405211807543,
      "attemptID" : "attempt_201407031547_1576_r_000002_2",
      "shuffleFinished" : -1,
      "sortFinished" : -1,
      "hdfsBytesRead" : -1,
      "hdfsBytesWritten" : -1,
      "fileBytesRead" : -1,
      "fileBytesWritten" : -1,
      "mapInputRecords" : -1,
      "mapOutputBytes" : -1,
      "mapOutputRecords" : -1,
      "combineInputRecords" : -1,
      "reduceInputGroups" : -1,
      "reduceInputRecords" : -1,
      "reduceShuffleBytes" : -1,
      "reduceOutputRecords" : -1,
      "spilledRecords" : -1,
      "mapInputBytes" : -1,
      "resourceUsageMetrics" : {
        "cumulativeCpuUsage" : 0,
        "virtualMemoryUsage" : 0,
        "physicalMemoryUsage" : 0,
        "heapUsage" : 0
      }
    } ],
    "finishTime" : -1,
    "preferredLocations" : [ ],
    "taskType" : "REDUCE",
    "taskStatus" : null,
    "taskID" : "task_201407031547_1576_r_000002",
    "inputBytes" : -1,
    "inputRecords" : -1,
    "outputBytes" : -1,
    "outputRecords" : -1
  }, {
    "startTime" : 1405211746974,
    "attempts" : [ {
      "result" : "FAILED",
      "location" : null,
      "hostName" : null,
      "startTime" : 1405211743489,
      "finishTime" : 1405211765998,
      "attemptID" : "attempt_201407031547_1576_r_000003_0",
      "shuffleFinished" : -1,
      "sortFinished" : -1,
      "hdfsBytesRead" : -1,
      "hdfsBytesWritten" : -1,
      "fileBytesRead" : -1,
      "fileBytesWritten" : -1,
      "mapInputRecords" : -1,
      "mapOutputBytes" : -1,
      "mapOutputRecords" : -1,
      "combineInputRecords" : -1,
      "reduceInputGroups" : -1,
      "reduceInputRecords" : -1,
      "reduceShuffleBytes" : -1,
      "reduceOutputRecords" : -1,
      "spilledRecords" : -1,
      "mapInputBytes" : -1,
      "resourceUsageMetrics" : {
        "cumulativeCpuUsage" : 0,
        "virtualMemoryUsage" : 0,
        "physicalMemoryUsage" : 0,
        "heapUsage" : 0
      }
    }, {
      "result" : "FAILED",
      "location" : null,
      "hostName" : null,
      "startTime" : 1405211777441,
      "finishTime" : 1405211788854,
      "attemptID" : "attempt_201407031547_1576_r_000003_1",
      "shuffleFinished" : -1,
      "sortFinished" : -1,
      "hdfsBytesRead" : -1,
      "hdfsBytesWritten" : -1,
      "fileBytesRead" : -1,
      "fileBytesWritten" : -1,
      "mapInputRecords" : -1,
      "mapOutputBytes" : -1,
      "mapOutputRecords" : -1,
      "combineInputRecords" : -1,
      "reduceInputGroups" : -1,
      "reduceInputRecords" : -1,
      "reduceShuffleBytes" : -1,
      "reduceOutputRecords" : -1,
      "spilledRecords" : -1,
      "mapInputBytes" : -1,
      "resourceUsageMetrics" : {
        "cumulativeCpuUsage" : 0,
        "virtualMemoryUsage" : 0,
        "physicalMemoryUsage" : 0,
        "heapUsage" : 0
      }
    }, {
      "result" : "FAILED",
      "location" : null,
      "hostName" : null,
      "startTime" : 1405211781834,
      "finishTime" : 1405211792292,
      "attemptID" : "attempt_201407031547_1576_r_000003_2",
      "shuffleFinished" : -1,
      "sortFinished" : -1,
      "hdfsBytesRead" : -1,
      "hdfsBytesWritten" : -1,
      "fileBytesRead" : -1,
      "fileBytesWritten" : -1,
      "mapInputRecords" : -1,
      "mapOutputBytes" : -1,
      "mapOutputRecords" : -1,
      "combineInputRecords" : -1,
      "reduceInputGroups" : -1,
      "reduceInputRecords" : -1,
      "reduceShuffleBytes" : -1,
      "reduceOutputRecords" : -1,
      "spilledRecords" : -1,
      "mapInputBytes" : -1,
      "resourceUsageMetrics" : {
        "cumulativeCpuUsage" : 0,
        "virtualMemoryUsage" : 0,
        "physicalMemoryUsage" : 0,
        "heapUsage" : 0
      }
    }, {
      "result" : "FAILED",
      "location" : null,
      "hostName" : null,
      "startTime" : 1405211785158,
      "finishTime" : 1405211794479,
      "attemptID" : "attempt_201407031547_1576_r_000003_3",
      "shuffleFinished" : -1,
      "sortFinished" : -1,
      "hdfsBytesRead" : -1,
      "hdfsBytesWritten" : -1,
      "fileBytesRead" : -1,
      "fileBytesWritten" : -1,
      "mapInputRecords" : -1,
      "mapOutputBytes" : -1,
      "mapOutputRecords" : -1,
      "combineInputRecords" : -1,
      "reduceInputGroups" : -1,
      "reduceInputRecords" : -1,
      "reduceShuffleBytes" : -1,
      "reduceOutputRecords" : -1,
      "spilledRecords" : -1,
      "mapInputBytes" : -1,
      "resourceUsageMetrics" : {
        "cumulativeCpuUsage" : 0,
        "virtualMemoryUsage" : 0,
        "physicalMemoryUsage" : 0,
        "heapUsage" : 0
      }
    } ],
    "finishTime" : 1405211794479,
    "preferredLocations" : [ ],
    "taskType" : "REDUCE",
    "taskStatus" : "FAILED",
    "taskID" : "task_201407031547_1576_r_000003",
    "inputBytes" : -1,
    "inputRecords" : -1,
    "outputBytes" : -1,
    "outputRecords" : -1
  } ],
  "submitTime" : 1405211725263,
  "launchTime" : 1405211725397,
  "totalMaps" : 94,
  "totalReduces" : 4,
  "otherTasks" : [ {
    "startTime" : 1405211725532,
    "attempts" : [ {
      "result" : "SUCCESS",
      "location" : {
        "layers" : [ "default-rack", "Master1" ]
      },
      "hostName" : "/default-rack/Master1",
      "startTime" : 1405211725673,
      "finishTime" : 1405211726734,
      "attemptID" : "attempt_201407031547_1576_m_000095_0",
      "shuffleFinished" : -1,
      "sortFinished" : -1,
      "hdfsBytesRead" : -1,
      "hdfsBytesWritten" : -1,
      "fileBytesRead" : -1,
      "fileBytesWritten" : 60250,
      "mapInputRecords" : -1,
      "mapOutputBytes" : -1,
      "mapOutputRecords" : -1,
      "combineInputRecords" : -1,
      "reduceInputGroups" : -1,
      "reduceInputRecords" : -1,
      "reduceShuffleBytes" : -1,
      "reduceOutputRecords" : -1,
      "spilledRecords" : 0,
      "mapInputBytes" : -1,
      "resourceUsageMetrics" : {
        "cumulativeCpuUsage" : 90,
        "virtualMemoryUsage" : 831492096,
        "physicalMemoryUsage" : 62676992,
        "heapUsage" : 64487424
      }
    } ],
    "finishTime" : 1405211726739,
    "preferredLocations" : [ ],
    "taskType" : "SETUP",
    "taskStatus" : "SUCCESS",
    "taskID" : "task_201407031547_1576_m_000095",
    "inputBytes" : -1,
    "inputRecords" : -1,
    "outputBytes" : -1,
    "outputRecords" : -1
  } ],
  "queue" : "default"
}