{
  "jobID" : "job_201407031554_0573",
  "user" : "itri-hadoop",
  "jobName" : "word count",
  "jobProperties" : {
    "fs.s3n.impl" : "org.apache.hadoop.fs.s3native.NativeS3FileSystem",
    "mapred.task.cache.levels" : "2",
    "mapreduce.job.restart.recover" : "true",
    "mapreduce.job.counters.max" : "120",
    "dfs.client.use.datanode.hostname" : "false",
    "hadoop.tmp.dir" : "/tmp/hadoop-${user.name}",
    "hadoop.native.lib" : "true",
    "map.sort.class" : "org.apache.hadoop.util.QuickSort",
    "dfs.namenode.decommission.nodes.per.interval" : "5",
    "dfs.https.need.client.auth" : "false",
    "dfs.datanode.drop.cache.behind.writes" : "false",
    "ipc.client.idlethreshold" : "4000",
    "mapred.system.dir" : "${hadoop.tmp.dir}/mapred/system",
    "dfs.datanode.data.dir.perm" : "755",
    "mapred.job.tracker.persist.jobstatus.hours" : "0",
    "dfs.namenode.logging.level" : "info",
    "dfs.datanode.address" : "0.0.0.0:50010",
    "io.skip.checksum.errors" : "false",
    "dfs.block.access.token.enable" : "false",
    "fs.default.name" : "hdfs://Master2:9000",
    "mapred.cluster.reduce.memory.mb" : "-1",
    "mapred.reducer.new-api" : "true",
    "mapred.child.tmp" : "./tmp",
    "fs.har.impl.disable.cache" : "true",
    "dfs.safemode.threshold.pct" : "0.999f",
    "mapred.skip.reduce.max.skip.groups" : "0",
    "mapred.heartbeats.in.second" : "100",
    "dfs.namenode.handler.count" : "10",
    "dfs.blockreport.initialDelay" : "0",
    "mapred.tasktracker.dns.nameserver" : "default",
    "io.sort.factor" : "10",
    "dfs.datanode.drop.cache.behind.reads" : "false",
    "mapred.task.timeout" : "600000",
    "mapred.max.tracker.failures" : "4",
    "hadoop.rpc.socket.factory.class.default" : "org.apache.hadoop.net.StandardSocketFactory",
    "mapred.job.tracker.jobhistory.lru.cache.size" : "5",
    "fs.hdfs.impl" : "org.apache.hadoop.hdfs.DistributedFileSystem",
    "mapred.queue.default.acl-administer-jobs" : "*",
    "dfs.namenode.stale.datanode.interval" : "30000",
    "mapred.output.key.class" : "org.apache.hadoop.io.Text",
    "dfs.block.access.key.update.interval" : "600",
    "mapred.skip.map.auto.incr.proc.count" : "true",
    "mapreduce.job.complete.cancel.delegation.tokens" : "true",
    "io.mapfile.bloom.size" : "1048576",
    "mapreduce.reduce.shuffle.connect.timeout" : "180000",
    "dfs.safemode.extension" : "30000",
    "mapred.jobtracker.blacklist.fault-timeout-window" : "180",
    "dfs.namenode.write.stale.datanode.ratio" : "0.5f",
    "hadoop.skip.worker.version.check" : "false",
    "tasktracker.http.threads" : "40",
    "net.topology.impl" : "org.apache.hadoop.net.NetworkTopology",
    "mapred.job.shuffle.merge.percent" : "0.66",
    "fs.ftp.impl" : "org.apache.hadoop.fs.ftp.FTPFileSystem",
    "user.name" : "itri-hadoop",
    "dfs.namenode.kerberos.internal.spnego.principal" : "${dfs.web.authentication.kerberos.principal}",
    "mapred.output.compress" : "false",
    "io.bytes.per.checksum" : "512",
    "mapred.combine.recordsBeforeProgress" : "10000",
    "mapred.healthChecker.script.timeout" : "600000",
    "topology.node.switch.mapping.impl" : "org.apache.hadoop.net.ScriptBasedMapping",
    "dfs.https.server.keystore.resource" : "ssl-server.xml",
    "mapred.reduce.slowstart.completed.maps" : "0.05",
    "mapred.reduce.max.attempts" : "4",
    "dfs.namenode.safemode.min.datanodes" : "0",
    "mapreduce.ifile.readahead.bytes" : "4194304",
    "fs.ramfs.impl" : "org.apache.hadoop.fs.InMemoryFileSystem",
    "dfs.block.access.token.lifetime" : "600",
    "mapred.skip.map.max.skip.records" : "0",
    "dfs.name.edits.dir" : "${dfs.name.dir}",
    "mapred.cluster.map.memory.mb" : "-1",
    "hadoop.security.group.mapping" : "org.apache.hadoop.security.ShellBasedUnixGroupsMapping",
    "mapred.job.tracker.persist.jobstatus.dir" : "/jobtracker/jobsInfo",
    "mapred.jar" : "hdfs://Master2:9000/tmp/hadoop-itri-hadoop/mapred/staging/itri-hadoop/.staging/job_201407031554_0573/job.jar",
    "fs.s3.buffer.dir" : "${hadoop.tmp.dir}/s3",
    "dfs.block.size" : "67108864",
    "job.end.retry.attempts" : "0",
    "fs.file.impl" : "org.apache.hadoop.fs.LocalFileSystem",
    "dfs.namenode.avoid.write.stale.datanode" : "false",
    "dfs.datanode.max.xcievers" : "4096",
    "mapred.local.dir.minspacestart" : "0",
    "mapred.output.compression.type" : "RECORD",
    "dfs.datanode.ipc.address" : "0.0.0.0:50020",
    "dfs.permissions" : "true",
    "topology.script.number.args" : "100",
    "mapreduce.job.counters.groups.max" : "50",
    "io.mapfile.bloom.error.rate" : "0.005",
    "mapred.cluster.max.reduce.memory.mb" : "-1",
    "mapred.max.tracker.blacklists" : "4",
    "mapred.task.profile.maps" : "0-2",
    "mapred.jobtracker.jobSchedulable" : "org.apache.hadoop.mapred.JobSchedulable",
    "dfs.datanode.https.address" : "0.0.0.0:50475",
    "mapred.userlog.retain.hours" : "24",
    "dfs.secondary.http.address" : "0.0.0.0:50090",
    "dfs.namenode.replication.work.multiplier.per.iteration" : "2",
    "dfs.replication.max" : "512",
    "mapred.job.tracker.persist.jobstatus.active" : "false",
    "hadoop.security.authorization" : "false",
    "local.cache.size" : "10737418240",
    "mapred.min.split.size" : "201326592",
    "dfs.namenode.delegation.token.renew-interval" : "86400000",
    "mapred.map.tasks" : "40",
    "mapred.child.java.opts" : "-Xmx200m",
    "mapred.output.value.class" : "org.apache.hadoop.io.IntWritable",
    "dfs.https.client.keystore.resource" : "ssl-client.xml",
    "ipc.client.fallback-to-simple-auth-allowed" : "false",
    "mapred.job.queue.name" : "default",
    "mapred.job.tracker.retiredjobs.cache.size" : "1000",
    "dfs.https.address" : "0.0.0.0:50470",
    "dfs.balance.bandwidthPerSec" : "1048576",
    "ipc.server.listen.queue.size" : "128",
    "dfs.namenode.invalidate.work.pct.per.iteration" : "0.32f",
    "mapred.inmem.merge.threshold" : "1000",
    "job.end.retry.interval" : "30000",
    "mapred.skip.attempts.to.start.skipping" : "2",
    "mapreduce.tasktracker.outofband.heartbeat.damper" : "1000000",
    "hadoop.security.use-weak-http-crypto" : "false",
    "fs.checkpoint.dir" : "${hadoop.tmp.dir}/dfs/namesecondary",
    "dfs.namenode.avoid.read.stale.datanode" : "false",
    "mapred.reduce.tasks" : "3",
    "mapred.merge.recordsBeforeProgress" : "10000",
    "mapred.userlog.limit.kb" : "0",
    "mapred.job.reduce.memory.mb" : "-1",
    "webinterface.private.actions" : "false",
    "dfs.max.objects" : "0",
    "hadoop.security.token.service.use_ip" : "true",
    "io.sort.spill.percent" : "0.8",
    "mapred.job.shuffle.input.buffer.percent" : "0.70",
    "mapred.map.tasks.speculative.execution" : "true",
    "hadoop.http.authentication.type" : "simple",
    "mapred.job.name" : "word count",
    "hadoop.util.hash.type" : "murmur",
    "dfs.datanode.dns.nameserver" : "default",
    "hadoop.security.instrumentation.requires.admin" : "false",
    "dfs.blockreport.intervalMsec" : "3600000",
    "dfs.datanode.readahead.bytes" : "4193404",
    "mapred.map.max.attempts" : "4",
    "mapreduce.job.acl-view-job" : " ",
    "mapreduce.ifile.readahead" : "true",
    "mapred.jobtracker.nodegroup.aware" : "false",
    "mapred.job.tracker.handler.count" : "10",
    "dfs.client.block.write.retries" : "3",
    "mapreduce.reduce.shuffle.read.timeout" : "180000",
    "mapred.tasktracker.expiry.interval" : "600000",
    "dfs.secondary.namenode.kerberos.internal.spnego.principal" : "${dfs.web.authentication.kerberos.principal}",
    "dfs.https.enable" : "false",
    "mapred.jobtracker.job.history.block.size" : "3145728",
    "mapred.jobtracker.maxtasks.per.job" : "-1",
    "keep.failed.task.files" : "false",
    "dfs.datanode.use.datanode.hostname" : "false",
    "dfs.datanode.failed.volumes.tolerated" : "0",
    "ipc.client.tcpnodelay" : "false",
    "mapred.task.profile.reduces" : "0-2",
    "io.map.index.skip" : "0",
    "mapred.output.compression.codec" : "org.apache.hadoop.io.compress.DefaultCodec",
    "hadoop.http.authentication.token.validity" : "36000",
    "ipc.server.tcpnodelay" : "false",
    "hadoop.jetty.logs.serve.aliases" : "true",
    "mapred.working.dir" : "hdfs://Master2:9000/user/itri-hadoop",
    "mapred.jobtracker.blacklist.fault-bucket-width" : "15",
    "dfs.namenode.delegation.key.update-interval" : "86400000",
    "mapred.used.genericoptionsparser" : "true",
    "mapred.job.map.memory.mb" : "-1",
    "mapred.mapper.new-api" : "true",
    "dfs.default.chunk.view.size" : "32768",
    "hadoop.logfile.size" : "10000000",
    "mapred.reduce.tasks.speculative.execution" : "true",
    "mapreduce.tasktracker.outofband.heartbeat" : "false",
    "mapreduce.job.dir" : "hdfs://Master2:9000/tmp/hadoop-itri-hadoop/mapred/staging/itri-hadoop/.staging/job_201407031554_0573",
    "mapreduce.reduce.input.limit" : "-1",
    "dfs.datanode.du.reserved" : "0",
    "dfs.datanode.sync.behind.writes" : "false",
    "hadoop.security.authentication" : "simple",
    "fs.checkpoint.period" : "3600",
    "mapred.job.reuse.jvm.num.tasks" : "-1",
    "dfs.web.ugi" : "webuser,webgroup",
    "mapred.jobtracker.completeuserjobs.maximum" : "100",
    "dfs.df.interval" : "60000",
    "mapred.task.tracker.task-controller" : "org.apache.hadoop.mapred.DefaultTaskController",
    "dfs.data.dir" : "${hadoop.tmp.dir}/dfs/data",
    "fs.s3.maxRetries" : "4",
    "dfs.datanode.dns.interface" : "default",
    "mapred.cluster.max.map.memory.mb" : "-1",
    "mapreduce.reduce.shuffle.maxfetchfailures" : "10",
    "mapreduce.job.acl-modify-job" : " ",
    "fs.hftp.impl" : "org.apache.hadoop.hdfs.HftpFileSystem",
    "mapred.local.dir" : "${hadoop.tmp.dir}/mapred/local",
    "dfs.permissions.supergroup" : "supergroup",
    "fs.s3.sleepTimeSeconds" : "10",
    "fs.trash.interval" : "0",
    "mapred.submit.replication" : "10",
    "dfs.replication.min" : "1",
    "fs.har.impl" : "org.apache.hadoop.fs.HarFileSystem",
    "hadoop.relaxed.worker.version.check" : "false",
    "mapred.map.output.compression.codec" : "org.apache.hadoop.io.compress.DefaultCodec",
    "mapred.tasktracker.dns.interface" : "default",
    "dfs.http.address" : "0.0.0.0:50070",
    "dfs.namenode.decommission.interval" : "30",
    "mapred.job.tracker" : "Master2:9001",
    "dfs.heartbeat.interval" : "3",
    "hadoop.http.authentication.signature.secret.file" : "${user.home}/hadoop-http-auth-signature-secret",
    "io.seqfile.sorter.recordlimit" : "1000000",
    "mapreduce.job.submithost" : "Master2",
    "dfs.name.dir" : "${hadoop.tmp.dir}/dfs/name",
    "mapred.jobtracker.taskScheduler" : "org.apache.hadoop.mapred.JobQueueTaskScheduler",
    "mapred.line.input.format.linespermap" : "1",
    "dfs.datanode.http.address" : "0.0.0.0:50075",
    "fs.webhdfs.impl" : "org.apache.hadoop.hdfs.web.WebHdfsFileSystem",
    "mapred.local.dir.minspacekill" : "0",
    "dfs.image.transfer.bandwidthPerSec" : "0",
    "dfs.replication.interval" : "3",
    "io.sort.record.percent" : "0.05",
    "hadoop.http.authentication.kerberos.principal" : "HTTP/localhost@LOCALHOST",
    "mapreduce.reduce.class" : "org.apache.hadoop.examples.WordCount$IntSumReducer",
    "fs.kfs.impl" : "org.apache.hadoop.fs.kfs.KosmosFileSystem",
    "mapred.tasktracker.reduce.tasks.maximum" : "3",
    "mapred.temp.dir" : "${hadoop.tmp.dir}/mapred/temp",
    "dfs.replication" : "3",
    "fs.checkpoint.edits.dir" : "${fs.checkpoint.dir}",
    "mapreduce.jobhistory.max-age-ms" : "2592000000",
    "mapred.tasktracker.tasks.sleeptime-before-sigkill" : "5000",
    "mapred.job.reduce.input.buffer.percent" : "0.0",
    "mapred.tasktracker.indexcache.mb" : "10",
    "dfs.webhdfs.enabled" : "false",
    "mapreduce.job.split.metainfo.maxsize" : "10000000",
    "hadoop.logfile.count" : "10",
    "mapred.skip.reduce.auto.incr.proc.count" : "true",
    "mapreduce.job.submithostaddress" : "192.168.1.104",
    "io.seqfile.compress.blocksize" : "1000000",
    "fs.s3.block.size" : "67108864",
    "mapred.tasktracker.taskmemorymanager.monitoring-interval" : "5000",
    "hadoop.http.authentication.simple.anonymous.allowed" : "true",
    "mapreduce.jobtracker.staging.root.dir" : "${hadoop.tmp.dir}/mapred/staging",
    "mapred.acls.enabled" : "false",
    "mapred.queue.default.state" : "RUNNING",
    "mapred.queue.names" : "default",
    "fs.hsftp.impl" : "org.apache.hadoop.hdfs.HsftpFileSystem",
    "dfs.access.time.precision" : "3600000",
    "mapred.task.tracker.http.address" : "0.0.0.0:50060",
    "mapreduce.combine.class" : "org.apache.hadoop.examples.WordCount$IntSumReducer",
    "io.seqfile.lazydecompress" : "true",
    "mapred.reduce.parallel.copies" : "5",
    "mapred.disk.healthChecker.interval" : "60000",
    "mapred.output.dir" : "/word-out",
    "ipc.client.connection.maxidletime" : "10000",
    "io.sort.mb" : "50",
    "mapred.reduce.child.java.opts" : "-Xmx600M",
    "mapred.task.tracker.report.address" : "127.0.0.1:0",
    "hadoop.security.uid.cache.secs" : "14400",
    "mapred.compress.map.output" : "false",
    "ipc.client.kill.max" : "10",
    "mapred.healthChecker.interval" : "60000",
    "ipc.client.connect.max.retries" : "10",
    "mapreduce.map.class" : "org.apache.hadoop.examples.WordCount$TokenizerMapper",
    "fs.s3.impl" : "org.apache.hadoop.fs.s3.S3FileSystem",
    "mapred.user.jobconf.limit" : "5242880",
    "mapreduce.job.counters.group.name.max" : "128",
    "mapred.job.tracker.http.address" : "0.0.0.0:50030",
    "mapred.input.dir" : "hdfs://Master2:9000/word-in5G",
    "io.file.buffer.size" : "4096",
    "mapred.jobtracker.restart.recover" : "false",
    "io.serializations" : "org.apache.hadoop.io.serializer.WritableSerialization",
    "mapred.task.profile" : "false",
    "dfs.datanode.handler.count" : "3",
    "mapreduce.input.num.files" : "20",
    "mapreduce.jobhistory.cleaner.interval-ms" : "86400000",
    "dfs.replication.considerLoad" : "true",
    "jobclient.output.filter" : "FAILED",
    "dfs.namenode.edits.toleration.length" : "0",
    "hadoop.http.authentication.kerberos.keytab" : "${user.home}/hadoop.keytab",
    "dfs.namenode.delegation.token.max-lifetime" : "604800000",
    "mapred.tasktracker.map.tasks.maximum" : "2",
    "fs.checkpoint.size" : "67108864",
    "io.compression.codecs" : "org.apache.hadoop.io.compress.DefaultCodec,org.apache.hadoop.io.compress.GzipCodec,org.apache.hadoop.io.compress.BZip2Codec,org.apache.hadoop.io.compress.SnappyCodec",
    "mapreduce.job.counters.counter.name.max" : "64"
  },
  "computonsPerMapInputByte" : -1,
  "computonsPerMapOutputByte" : -1,
  "computonsPerReduceInputByte" : -1,
  "computonsPerReduceOutputByte" : -1,
  "heapMegabytes" : 200,
  "outcome" : "SUCCESS",
  "jobtype" : "JAVA",
  "directDependantJobs" : [ ],
  "successfulMapAttemptCDFs" : [ {
    "maximum" : 22104,
    "minimum" : 4994,
    "rankings" : [ {
      "datum" : 4994,
      "relativeRanking" : 0.05
    }, {
      "datum" : 5017,
      "relativeRanking" : 0.1
    }, {
      "datum" : 5087,
      "relativeRanking" : 0.15
    }, {
      "datum" : 5158,
      "relativeRanking" : 0.2
    }, {
      "datum" : 5175,
      "relativeRanking" : 0.25
    }, {
      "datum" : 5218,
      "relativeRanking" : 0.3
    }, {
      "datum" : 5256,
      "relativeRanking" : 0.35
    }, {
      "datum" : 5331,
      "relativeRanking" : 0.4
    }, {
      "datum" : 5383,
      "relativeRanking" : 0.45
    }, {
      "datum" : 5460,
      "relativeRanking" : 0.5
    }, {
      "datum" : 17809,
      "relativeRanking" : 0.55
    }, {
      "datum" : 18048,
      "relativeRanking" : 0.6
    }, {
      "datum" : 18403,
      "relativeRanking" : 0.65
    }, {
      "datum" : 18472,
      "relativeRanking" : 0.7
    }, {
      "datum" : 19187,
      "relativeRanking" : 0.75
    }, {
      "datum" : 20571,
      "relativeRanking" : 0.8
    }, {
      "datum" : 20957,
      "relativeRanking" : 0.85
    }, {
      "datum" : 21713,
      "relativeRanking" : 0.9
    }, {
      "datum" : 21884,
      "relativeRanking" : 0.95
    } ],
    "numberValues" : 39
  }, {
    "maximum" : 4976,
    "minimum" : 4976,
    "rankings" : [ {
      "datum" : 4976,
      "relativeRanking" : 0.05
    }, {
      "datum" : 4976,
      "relativeRanking" : 0.1
    }, {
      "datum" : 4976,
      "relativeRanking" : 0.15
    }, {
      "datum" : 4976,
      "relativeRanking" : 0.2
    }, {
      "datum" : 4976,
      "relativeRanking" : 0.25
    }, {
      "datum" : 4976,
      "relativeRanking" : 0.3
    }, {
      "datum" : 4976,
      "relativeRanking" : 0.35
    }, {
      "datum" : 4976,
      "relativeRanking" : 0.4
    }, {
      "datum" : 4976,
      "relativeRanking" : 0.45
    }, {
      "datum" : 4976,
      "relativeRanking" : 0.5
    }, {
      "datum" : 4976,
      "relativeRanking" : 0.55
    }, {
      "datum" : 4976,
      "relativeRanking" : 0.6
    }, {
      "datum" : 4976,
      "relativeRanking" : 0.65
    }, {
      "datum" : 4976,
      "relativeRanking" : 0.7
    }, {
      "datum" : 4976,
      "relativeRanking" : 0.75
    }, {
      "datum" : 4976,
      "relativeRanking" : 0.8
    }, {
      "datum" : 4976,
      "relativeRanking" : 0.85
    }, {
      "datum" : 4976,
      "relativeRanking" : 0.9
    }, {
      "datum" : 4976,
      "relativeRanking" : 0.95
    } ],
    "numberValues" : 1
  }, {
    "maximum" : 9223372036854775807,
    "minimum" : -9223372036854775808,
    "rankings" : [ ],
    "numberValues" : 0
  }, {
    "maximum" : 9223372036854775807,
    "minimum" : -9223372036854775808,
    "rankings" : [ ],
    "numberValues" : 0
  } ],
  "failedMapAttemptCDFs" : [ {
    "maximum" : 9223372036854775807,
    "minimum" : -9223372036854775808,
    "rankings" : [ ],
    "numberValues" : 0
  }, {
    "maximum" : 9223372036854775807,
    "minimum" : -9223372036854775808,
    "rankings" : [ ],
    "numberValues" : 0
  }, {
    "maximum" : 9223372036854775807,
    "minimum" : -9223372036854775808,
    "rankings" : [ ],
    "numberValues" : 0
  }, {
    "maximum" : 9223372036854775807,
    "minimum" : -9223372036854775808,
    "rankings" : [ ],
    "numberValues" : 0
  } ],
  "successfulReduceAttemptCDF" : {
    "maximum" : 54413,
    "minimum" : 52654,
    "rankings" : [ {
      "datum" : 52654,
      "relativeRanking" : 0.05
    }, {
      "datum" : 52654,
      "relativeRanking" : 0.1
    }, {
      "datum" : 52654,
      "relativeRanking" : 0.15
    }, {
      "datum" : 52654,
      "relativeRanking" : 0.2
    }, {
      "datum" : 52654,
      "relativeRanking" : 0.25
    }, {
      "datum" : 52654,
      "relativeRanking" : 0.3
    }, {
      "datum" : 52654,
      "relativeRanking" : 0.35
    }, {
      "datum" : 52654,
      "relativeRanking" : 0.4
    }, {
      "datum" : 52654,
      "relativeRanking" : 0.45
    }, {
      "datum" : 52654,
      "relativeRanking" : 0.5
    }, {
      "datum" : 52654,
      "relativeRanking" : 0.55
    }, {
      "datum" : 52654,
      "relativeRanking" : 0.6
    }, {
      "datum" : 52654,
      "relativeRanking" : 0.65
    }, {
      "datum" : 53371,
      "relativeRanking" : 0.7
    }, {
      "datum" : 53371,
      "relativeRanking" : 0.75
    }, {
      "datum" : 53371,
      "relativeRanking" : 0.8
    }, {
      "datum" : 53371,
      "relativeRanking" : 0.85
    }, {
      "datum" : 53371,
      "relativeRanking" : 0.9
    }, {
      "datum" : 53371,
      "relativeRanking" : 0.95
    } ],
    "numberValues" : 3
  },
  "failedReduceAttemptCDF" : {
    "maximum" : 9223372036854775807,
    "minimum" : -9223372036854775808,
    "rankings" : [ ],
    "numberValues" : 0
  },
  "mapperTriesToSucceed" : [ 1.0 ],
  "failedMapperFraction" : 0.0,
  "relativeTime" : 0,
  "clusterMapMB" : -1,
  "clusterReduceMB" : -1,
  "jobMapMB" : 200,
  "jobReduceMB" : 200,
  "mapTasks" : [ {
    "startTime" : 1404524635822,
    "attempts" : [ {
      "result" : "SUCCESS",
      "startTime" : 1404524632898,
      "finishTime" : 1404524654782,
      "attemptID" : "attempt_201407031554_0573_m_000000_0",
      "shuffleFinished" : -1,
      "sortFinished" : -1,
      "hdfsBytesRead" : 201338985,
      "hdfsBytesWritten" : -1,
      "fileBytesRead" : 43452167,
      "fileBytesWritten" : 54908623,
      "mapInputRecords" : 4921,
      "mapOutputBytes" : 278292915,
      "mapOutputRecords" : 18501694,
      "combineInputRecords" : 19218211,
      "reduceInputGroups" : -1,
      "reduceInputRecords" : -1,
      "reduceShuffleBytes" : -1,
      "reduceOutputRecords" : -1,
      "spilledRecords" : 2061165,
      "mapInputBytes" : -1,
      "resourceUsageMetrics" : {
        "cumulativeCpuUsage" : 26970,
        "virtualMemoryUsage" : 396529664,
        "physicalMemoryUsage" : 171294720,
        "heapUsage" : 164102144
      },
      "location" : {
        "layers" : [ "default-rack", "Slave21" ]
      },
      "hostName" : "/default-rack/Slave21"
    } ],
    "finishTime" : 1404524657799,
    "preferredLocations" : [ {
      "layers" : [ "default-rack", "Master2" ]
    }, {
      "layers" : [ "default-rack", "Slave21" ]
    }, {
      "layers" : [ "default-rack", "Slave22" ]
    } ],
    "taskType" : "MAP",
    "taskStatus" : "SUCCESS",
    "taskID" : "task_201407031554_0573_m_000000",
    "inputBytes" : 201338985,
    "inputRecords" : 4921,
    "outputBytes" : 54908623,
    "outputRecords" : 18501694
  }, {
    "startTime" : 1404524635823,
    "attempts" : [ {
      "result" : "SUCCESS",
      "startTime" : 1404524632898,
      "finishTime" : 1404524654960,
      "attemptID" : "attempt_201407031554_0573_m_000001_0",
      "shuffleFinished" : -1,
      "sortFinished" : -1,
      "hdfsBytesRead" : 201457769,
      "hdfsBytesWritten" : -1,
      "fileBytesRead" : 41308252,
      "fileBytesWritten" : 51624397,
      "mapInputRecords" : 4789,
      "mapOutputBytes" : 278460626,
      "mapOutputRecords" : 18514399,
      "combineInputRecords" : 19229849,
      "reduceInputGroups" : -1,
      "reduceInputRecords" : -1,
      "reduceShuffleBytes" : -1,
      "reduceOutputRecords" : -1,
      "spilledRecords" : 2058633,
      "mapInputBytes" : -1,
      "resourceUsageMetrics" : {
        "cumulativeCpuUsage" : 27400,
        "virtualMemoryUsage" : 397578240,
        "physicalMemoryUsage" : 171286528,
        "heapUsage" : 161218560
      },
      "location" : {
        "layers" : [ "default-rack", "Slave21" ]
      },
      "hostName" : "/default-rack/Slave21"
    } ],
    "finishTime" : 1404524658100,
    "preferredLocations" : [ {
      "layers" : [ "default-rack", "Master2" ]
    }, {
      "layers" : [ "default-rack", "Slave23" ]
    }, {
      "layers" : [ "default-rack", "Slave21" ]
    } ],
    "taskType" : "MAP",
    "taskStatus" : "SUCCESS",
    "taskID" : "task_201407031554_0573_m_000001",
    "inputBytes" : 201457769,
    "inputRecords" : 4789,
    "outputBytes" : 51624397,
    "outputRecords" : 18514399
  }, {
    "startTime" : 1404524635862,
    "attempts" : [ {
      "result" : "SUCCESS",
      "startTime" : 1404524631194,
      "finishTime" : 1404524653054,
      "attemptID" : "attempt_201407031554_0573_m_000002_0",
      "shuffleFinished" : -1,
      "sortFinished" : -1,
      "hdfsBytesRead" : 201330793,
      "hdfsBytesWritten" : -1,
      "fileBytesRead" : 41028399,
      "fileBytesWritten" : 51368844,
      "mapInputRecords" : 171754,
      "mapOutputBytes" : 278036826,
      "mapOutputRecords" : 18587185,
      "combineInputRecords" : 19302627,
      "reduceInputGroups" : -1,
      "reduceInputRecords" : -1,
      "reduceShuffleBytes" : -1,
      "reduceOutputRecords" : -1,
      "spilledRecords" : 2059577,
      "mapInputBytes" : -1,
      "resourceUsageMetrics" : {
        "cumulativeCpuUsage" : 27170,
        "virtualMemoryUsage" : 396730368,
        "physicalMemoryUsage" : 168603648,
        "heapUsage" : 144441344
      },
      "location" : {
        "layers" : [ "default-rack", "Slave22" ]
      },
      "hostName" : "/default-rack/Slave22"
    } ],
    "finishTime" : 1404524657849,
    "preferredLocations" : [ {
      "layers" : [ "default-rack", "Master2" ]
    }, {
      "layers" : [ "default-rack", "Slave22" ]
    }, {
      "layers" : [ "default-rack", "Slave23" ]
    } ],
    "taskType" : "MAP",
    "taskStatus" : "SUCCESS",
    "taskID" : "task_201407031554_0573_m_000002",
    "inputBytes" : 201330793,
    "inputRecords" : 171754,
    "outputBytes" : 51368844,
    "outputRecords" : 18587185
  }, {
    "startTime" : 1404524635863,
    "attempts" : [ {
      "result" : "SUCCESS",
      "startTime" : 1404524631194,
      "finishTime" : 1404524653298,
      "attemptID" : "attempt_201407031554_0573_m_000003_0",
      "shuffleFinished" : -1,
      "sortFinished" : -1,
      "hdfsBytesRead" : 201334889,
      "hdfsBytesWritten" : -1,
      "fileBytesRead" : 42783101,
      "fileBytesWritten" : 53772976,
      "mapInputRecords" : 4809,
      "mapOutputBytes" : 278712050,
      "mapOutputRecords" : 18503748,
      "combineInputRecords" : 19219603,
      "reduceInputGroups" : -1,
      "reduceInputRecords" : -1,
      "reduceShuffleBytes" : -1,
      "reduceOutputRecords" : -1,
      "spilledRecords" : 2058920,
      "mapInputBytes" : -1,
      "resourceUsageMetrics" : {
        "cumulativeCpuUsage" : 27420,
        "virtualMemoryUsage" : 397811712,
        "physicalMemoryUsage" : 168894464,
        "heapUsage" : 146014208
      },
      "location" : {
        "layers" : [ "default-rack", "Slave22" ]
      },
      "hostName" : "/default-rack/Slave22"
    } ],
    "finishTime" : 1404524658150,
    "preferredLocations" : [ {
      "layers" : [ "default-rack", "Slave22" ]
    }, {
      "layers" : [ "default-rack", "Slave21" ]
    }, {
      "layers" : [ "default-rack", "Slave23" ]
    } ],
    "taskType" : "MAP",
    "taskStatus" : "SUCCESS",
    "taskID" : "task_201407031554_0573_m_000003",
    "inputBytes" : 201334889,
    "inputRecords" : 4809,
    "outputBytes" : 53772976,
    "outputRecords" : 18503748
  }, {
    "startTime" : 1404524635919,
    "attempts" : [ {
      "result" : "SUCCESS",
      "startTime" : 1404524636815,
      "finishTime" : 1404524657772,
      "attemptID" : "attempt_201407031554_0573_m_000004_0",
      "shuffleFinished" : -1,
      "sortFinished" : -1,
      "hdfsBytesRead" : 201330793,
      "hdfsBytesWritten" : -1,
      "fileBytesRead" : 40161789,
      "fileBytesWritten" : 50331791,
      "mapInputRecords" : 4782,
      "mapOutputBytes" : 278537661,
      "mapOutputRecords" : 18502662,
      "combineInputRecords" : 19218975,
      "reduceInputGroups" : -1,
      "reduceInputRecords" : -1,
      "reduceShuffleBytes" : -1,
      "reduceOutputRecords" : -1,
      "spilledRecords" : 2060540,
      "mapInputBytes" : -1,
      "resourceUsageMetrics" : {
        "cumulativeCpuUsage" : 26090,
        "virtualMemoryUsage" : 396529664,
        "physicalMemoryUsage" : 170164224,
        "heapUsage" : 163577856
      },
      "location" : {
        "layers" : [ "default-rack", "Slave23" ]
      },
      "hostName" : "/default-rack/Slave23"
    } ],
    "finishTime" : 1404524657172,
    "preferredLocations" : [ {
      "layers" : [ "default-rack", "Slave21" ]
    }, {
      "layers" : [ "default-rack", "Slave23" ]
    }, {
      "layers" : [ "default-rack", "Slave22" ]
    } ],
    "taskType" : "MAP",
    "taskStatus" : "SUCCESS",
    "taskID" : "task_201407031554_0573_m_000004",
    "inputBytes" : 201330793,
    "inputRecords" : 4782,
    "outputBytes" : 50331791,
    "outputRecords" : 18502662
  }, {
    "startTime" : 1404524635920,
    "attempts" : [ {
      "result" : "SUCCESS",
      "startTime" : 1404524636816,
      "finishTime" : 1404524658206,
      "attemptID" : "attempt_201407031554_0573_m_000006_0",
      "shuffleFinished" : -1,
      "sortFinished" : -1,
      "hdfsBytesRead" : 201330793,
      "hdfsBytesWritten" : -1,
      "fileBytesRead" : 40598242,
      "fileBytesWritten" : 50856859,
      "mapInputRecords" : 88346,
      "mapOutputBytes" : 278864488,
      "mapOutputRecords" : 18584652,
      "combineInputRecords" : 19300495,
      "reduceInputGroups" : -1,
      "reduceInputRecords" : -1,
      "reduceShuffleBytes" : -1,
      "reduceOutputRecords" : -1,
      "spilledRecords" : 2060258,
      "mapInputBytes" : -1,
      "resourceUsageMetrics" : {
        "cumulativeCpuUsage" : 26120,
        "virtualMemoryUsage" : 396767232,
        "physicalMemoryUsage" : 169852928,
        "heapUsage" : 164364288
      },
      "location" : {
        "layers" : [ "default-rack", "Slave23" ]
      },
      "hostName" : "/default-rack/Slave23"
    } ],
    "finishTime" : 1404524657475,
    "preferredLocations" : [ {
      "layers" : [ "default-rack", "Master2" ]
    }, {
      "layers" : [ "default-rack", "Slave22" ]
    }, {
      "layers" : [ "default-rack", "Slave23" ]
    } ],
    "taskType" : "MAP",
    "taskStatus" : "SUCCESS",
    "taskID" : "task_201407031554_0573_m_000006",
    "inputBytes" : 201330793,
    "inputRecords" : 88346,
    "outputBytes" : 50856859,
    "outputRecords" : 18584652
  }, {
    "startTime" : 1404524635948,
    "attempts" : [ {
      "result" : "SUCCESS",
      "startTime" : 1404524636018,
      "finishTime" : 1404524657731,
      "attemptID" : "attempt_201407031554_0573_m_000005_0",
      "shuffleFinished" : -1,
      "sortFinished" : -1,
      "hdfsBytesRead" : 201351273,
      "hdfsBytesWritten" : -1,
      "fileBytesRead" : 46331356,
      "fileBytesWritten" : 58774577,
      "mapInputRecords" : 4914,
      "mapOutputBytes" : 277886866,
      "mapOutputRecords" : 18418611,
      "combineInputRecords" : 19133369,
      "reduceInputGroups" : -1,
      "reduceInputRecords" : -1,
      "reduceShuffleBytes" : -1,
      "reduceOutputRecords" : -1,
      "spilledRecords" : 2054552,
      "mapInputBytes" : -1,
      "resourceUsageMetrics" : {
        "cumulativeCpuUsage" : 26900,
        "virtualMemoryUsage" : 397148160,
        "physicalMemoryUsage" : 168357888,
        "heapUsage" : 160956416
      },
      "location" : {
        "layers" : [ "default-rack", "Master2" ]
      },
      "hostName" : "/default-rack/Master2"
    } ],
    "finishTime" : 1404524657945,
    "preferredLocations" : [ {
      "layers" : [ "default-rack", "Master2" ]
    }, {
      "layers" : [ "default-rack", "Slave22" ]
    }, {
      "layers" : [ "default-rack", "Slave21" ]
    } ],
    "taskType" : "MAP",
    "taskStatus" : "SUCCESS",
    "taskID" : "task_201407031554_0573_m_000005",
    "inputBytes" : 201351273,
    "inputRecords" : 4914,
    "outputBytes" : 58774577,
    "outputRecords" : 18418611
  }, {
    "startTime" : 1404524635948,
    "attempts" : [ {
      "result" : "SUCCESS",
      "startTime" : 1404524636018,
      "finishTime" : 1404524656870,
      "attemptID" : "attempt_201407031554_0573_m_000007_0",
      "shuffleFinished" : -1,
      "sortFinished" : -1,
      "hdfsBytesRead" : 201330793,
      "hdfsBytesWritten" : -1,
      "fileBytesRead" : 38815304,
      "fileBytesWritten" : 47779397,
      "mapInputRecords" : 4837,
      "mapOutputBytes" : 277692800,
      "mapOutputRecords" : 18500332,
      "combineInputRecords" : 19215574,
      "reduceInputGroups" : -1,
      "reduceInputRecords" : -1,
      "reduceShuffleBytes" : -1,
      "reduceOutputRecords" : -1,
      "spilledRecords" : 2045392,
      "mapInputBytes" : -1,
      "resourceUsageMetrics" : {
        "cumulativeCpuUsage" : 25900,
        "virtualMemoryUsage" : 395481088,
        "physicalMemoryUsage" : 170958848,
        "heapUsage" : 164102144
      },
      "location" : {
        "layers" : [ "default-rack", "Master2" ]
      },
      "hostName" : "/default-rack/Master2"
    } ],
    "finishTime" : 1404524657042,
    "preferredLocations" : [ {
      "layers" : [ "default-rack", "Master2" ]
    }, {
      "layers" : [ "default-rack", "Slave22" ]
    }, {
      "layers" : [ "default-rack", "Slave23" ]
    } ],
    "taskType" : "MAP",
    "taskStatus" : "SUCCESS",
    "taskID" : "task_201407031554_0573_m_000007",
    "inputBytes" : 201330793,
    "inputRecords" : 4837,
    "outputBytes" : 47779397,
    "outputRecords" : 18500332
  }, {
    "startTime" : 1404524657042,
    "attempts" : [ {
      "result" : "SUCCESS",
      "startTime" : 1404524657043,
      "finishTime" : 1404524675079,
      "attemptID" : "attempt_201407031554_0573_m_000009_0",
      "shuffleFinished" : -1,
      "sortFinished" : -1,
      "hdfsBytesRead" : 201379945,
      "hdfsBytesWritten" : -1,
      "fileBytesRead" : 46663580,
      "fileBytesWritten" : 59348475,
      "mapInputRecords" : 4872,
      "mapOutputBytes" : 278104602,
      "mapOutputRecords" : 18423430,
      "combineInputRecords" : 19138238,
      "reduceInputGroups" : -1,
      "reduceInputRecords" : -1,
      "reduceShuffleBytes" : -1,
      "reduceOutputRecords" : -1,
      "spilledRecords" : 2054904,
      "mapInputBytes" : -1,
      "resourceUsageMetrics" : {
        "cumulativeCpuUsage" : 20530,
        "virtualMemoryUsage" : 396476416,
        "physicalMemoryUsage" : 227643392,
        "heapUsage" : 209190912
      },
      "location" : {
        "layers" : [ "default-rack", "Master2" ]
      },
      "hostName" : "/default-rack/Master2"
    } ],
    "finishTime" : 1404524675144,
    "preferredLocations" : [ {
      "layers" : [ "default-rack", "Master2" ]
    }, {
      "layers" : [ "default-rack", "Slave23" ]
    }, {
      "layers" : [ "default-rack", "Slave22" ]
    } ],
    "taskType" : "MAP",
    "taskStatus" : "SUCCESS",
    "taskID" : "task_201407031554_0573_m_000009",
    "inputBytes" : 201379945,
    "inputRecords" : 4872,
    "outputBytes" : 59348475,
    "outputRecords" : 18423430
  }, {
    "startTime" : 1404524657172,
    "attempts" : [ {
      "result" : "SUCCESS",
      "startTime" : 1404524657994,
      "finishTime" : 1404524676361,
      "attemptID" : "attempt_201407031554_0573_m_000008_0",
      "shuffleFinished" : -1,
      "sortFinished" : -1,
      "hdfsBytesRead" : 201330793,
      "hdfsBytesWritten" : -1,
      "fileBytesRead" : 46677395,
      "fileBytesWritten" : 59365073,
      "mapInputRecords" : 4938,
      "mapOutputBytes" : 278036657,
      "mapOutputRecords" : 18418899,
      "combineInputRecords" : 19133933,
      "reduceInputGroups" : -1,
      "reduceInputRecords" : -1,
      "reduceShuffleBytes" : -1,
      "reduceOutputRecords" : -1,
      "spilledRecords" : 2055734,
      "mapInputBytes" : -1,
      "resourceUsageMetrics" : {
        "cumulativeCpuUsage" : 20420,
        "virtualMemoryUsage" : 397524992,
        "physicalMemoryUsage" : 227610624,
        "heapUsage" : 209190912
      },
      "location" : {
        "layers" : [ "default-rack", "Slave23" ]
      },
      "hostName" : "/default-rack/Slave23"
    } ],
    "finishTime" : 1404524675584,
    "preferredLocations" : [ {
      "layers" : [ "default-rack", "Slave23" ]
    }, {
      "layers" : [ "default-rack", "Slave21" ]
    }, {
      "layers" : [ "default-rack", "Slave22" ]
    } ],
    "taskType" : "MAP",
    "taskStatus" : "SUCCESS",
    "taskID" : "task_201407031554_0573_m_000008",
    "inputBytes" : 201330793,
    "inputRecords" : 4938,
    "outputBytes" : 59365073,
    "outputRecords" : 18418899
  }, {
    "startTime" : 1404524657475,
    "attempts" : [ {
      "result" : "SUCCESS",
      "startTime" : 1404524658295,
      "finishTime" : 1404524677482,
      "attemptID" : "attempt_201407031554_0573_m_000010_0",
      "shuffleFinished" : -1,
      "sortFinished" : -1,
      "hdfsBytesRead" : 201359465,
      "hdfsBytesWritten" : -1,
      "fileBytesRead" : 47128401,
      "fileBytesWritten" : 60097521,
      "mapInputRecords" : 4739,
      "mapOutputBytes" : 278325860,
      "mapOutputRecords" : 18422360,
      "combineInputRecords" : 19136655,
      "reduceInputGroups" : -1,
      "reduceInputRecords" : -1,
      "reduceShuffleBytes" : -1,
      "reduceOutputRecords" : -1,
      "spilledRecords" : 2053913,
      "mapInputBytes" : -1,
      "resourceUsageMetrics" : {
        "cumulativeCpuUsage" : 21570,
        "virtualMemoryUsage" : 397762560,
        "physicalMemoryUsage" : 224452608,
        "heapUsage" : 192937984
      },
      "location" : {
        "layers" : [ "default-rack", "Slave23" ]
      },
      "hostName" : "/default-rack/Slave23"
    } ],
    "finishTime" : 1404524676789,
    "preferredLocations" : [ {
      "layers" : [ "default-rack", "Master2" ]
    }, {
      "layers" : [ "default-rack", "Slave23" ]
    }, {
      "layers" : [ "default-rack", "Slave21" ]
    } ],
    "taskType" : "MAP",
    "taskStatus" : "SUCCESS",
    "taskID" : "task_201407031554_0573_m_000010",
    "inputBytes" : 201359465,
    "inputRecords" : 4739,
    "outputBytes" : 60097521,
    "outputRecords" : 18422360
  }, {
    "startTime" : 1404524657799,
    "attempts" : [ {
      "result" : "SUCCESS",
      "startTime" : 1404524654874,
      "finishTime" : 1404524673808,
      "attemptID" : "attempt_201407031554_0573_m_000013_0",
      "shuffleFinished" : -1,
      "sortFinished" : -1,
      "hdfsBytesRead" : 201330793,
      "hdfsBytesWritten" : -1,
      "fileBytesRead" : 40435460,
      "fileBytesWritten" : 50588210,
      "mapInputRecords" : 88442,
      "mapOutputBytes" : 278202432,
      "mapOutputRecords" : 18502326,
      "combineInputRecords" : 19218661,
      "reduceInputGroups" : -1,
      "reduceInputRecords" : -1,
      "reduceShuffleBytes" : -1,
      "reduceOutputRecords" : -1,
      "spilledRecords" : 2060459,
      "mapInputBytes" : -1,
      "resourceUsageMetrics" : {
        "cumulativeCpuUsage" : 21300,
        "virtualMemoryUsage" : 397524992,
        "physicalMemoryUsage" : 225087488,
        "heapUsage" : 209453056
      },
      "location" : {
        "layers" : [ "default-rack", "Slave21" ]
      },
      "hostName" : "/default-rack/Slave21"
    } ],
    "finishTime" : 1404524676833,
    "preferredLocations" : [ {
      "layers" : [ "default-rack", "Slave22" ]
    }, {
      "layers" : [ "default-rack", "Slave21" ]
    }, {
      "layers" : [ "default-rack", "Slave23" ]
    } ],
    "taskType" : "MAP",
    "taskStatus" : "SUCCESS",
    "taskID" : "task_201407031554_0573_m_000013",
    "inputBytes" : 201330793,
    "inputRecords" : 88442,
    "outputBytes" : 50588210,
    "outputRecords" : 18502326
  }, {
    "startTime" : 1404524657849,
    "attempts" : [ {
      "result" : "SUCCESS",
      "startTime" : 1404524653109,
      "finishTime" : 1404524672741,
      "attemptID" : "attempt_201407031554_0573_m_000011_0",
      "shuffleFinished" : -1,
      "sortFinished" : -1,
      "hdfsBytesRead" : 201367657,
      "hdfsBytesWritten" : -1,
      "fileBytesRead" : 47704692,
      "fileBytesWritten" : 60943282,
      "mapInputRecords" : 4885,
      "mapOutputBytes" : 278585686,
      "mapOutputRecords" : 18422584,
      "combineInputRecords" : 19137147,
      "reduceInputGroups" : -1,
      "reduceInputRecords" : -1,
      "reduceShuffleBytes" : -1,
      "reduceOutputRecords" : -1,
      "spilledRecords" : 2054724,
      "mapInputBytes" : -1,
      "resourceUsageMetrics" : {
        "cumulativeCpuUsage" : 21580,
        "virtualMemoryUsage" : 397725696,
        "physicalMemoryUsage" : 224841728,
        "heapUsage" : 179306496
      },
      "location" : {
        "layers" : [ "default-rack", "Slave22" ]
      },
      "hostName" : "/default-rack/Slave22"
    } ],
    "finishTime" : 1404524677726,
    "preferredLocations" : [ {
      "layers" : [ "default-rack", "Master2" ]
    }, {
      "layers" : [ "default-rack", "Slave22" ]
    }, {
      "layers" : [ "default-rack", "Slave23" ]
    } ],
    "taskType" : "MAP",
    "taskStatus" : "SUCCESS",
    "taskID" : "task_201407031554_0573_m_000011",
    "inputBytes" : 201367657,
    "inputRecords" : 4885,
    "outputBytes" : 60943282,
    "outputRecords" : 18422584
  }, {
    "startTime" : 1404524657945,
    "attempts" : [ {
      "result" : "SUCCESS",
      "startTime" : 1404524657946,
      "finishTime" : 1404524675994,
      "attemptID" : "attempt_201407031554_0573_m_000012_0",
      "shuffleFinished" : -1,
      "sortFinished" : -1,
      "hdfsBytesRead" : 201351273,
      "hdfsBytesWritten" : -1,
      "fileBytesRead" : 46669286,
      "fileBytesWritten" : 59296893,
      "mapInputRecords" : 4838,
      "mapOutputBytes" : 278069578,
      "mapOutputRecords" : 18422766,
      "combineInputRecords" : 19137130,
      "reduceInputGroups" : -1,
      "reduceInputRecords" : -1,
      "reduceShuffleBytes" : -1,
      "reduceOutputRecords" : -1,
      "spilledRecords" : 2053570,
      "mapInputBytes" : -1,
      "resourceUsageMetrics" : {
        "cumulativeCpuUsage" : 20390,
        "virtualMemoryUsage" : 397811712,
        "physicalMemoryUsage" : 221097984,
        "heapUsage" : 171180032
      },
      "location" : {
        "layers" : [ "default-rack", "Master2" ]
      },
      "hostName" : "/default-rack/Master2"
    } ],
    "finishTime" : 1404524676046,
    "preferredLocations" : [ {
      "layers" : [ "default-rack", "Master2" ]
    }, {
      "layers" : [ "default-rack", "Slave22" ]
    }, {
      "layers" : [ "default-rack", "Slave23" ]
    } ],
    "taskType" : "MAP",
    "taskStatus" : "SUCCESS",
    "taskID" : "task_201407031554_0573_m_000012",
    "inputBytes" : 201351273,
    "inputRecords" : 4838,
    "outputBytes" : 59296893,
    "outputRecords" : 18422766
  }, {
    "startTime" : 1404524658101,
    "attempts" : [ {
      "result" : "SUCCESS",
      "startTime" : 1404524655175,
      "finishTime" : 1404524673578,
      "attemptID" : "attempt_201407031554_0573_m_000015_0",
      "shuffleFinished" : -1,
      "sortFinished" : -1,
      "hdfsBytesRead" : 201445481,
      "hdfsBytesWritten" : -1,
      "fileBytesRead" : 45963748,
      "fileBytesWritten" : 58248639,
      "mapInputRecords" : 4885,
      "mapOutputBytes" : 277863605,
      "mapOutputRecords" : 18430546,
      "combineInputRecords" : 19145060,
      "reduceInputGroups" : -1,
      "reduceInputRecords" : -1,
      "reduceShuffleBytes" : -1,
      "reduceOutputRecords" : -1,
      "spilledRecords" : 2054161,
      "mapInputBytes" : -1,
      "resourceUsageMetrics" : {
        "cumulativeCpuUsage" : 21030,
        "virtualMemoryUsage" : 398573568,
        "physicalMemoryUsage" : 227225600,
        "heapUsage" : 209190912
      },
      "location" : {
        "layers" : [ "default-rack", "Slave21" ]
      },
      "hostName" : "/default-rack/Slave21"
    } ],
    "finishTime" : 1404524676531,
    "preferredLocations" : [ {
      "layers" : [ "default-rack", "Master2" ]
    }, {
      "layers" : [ "default-rack", "Slave22" ]
    }, {
      "layers" : [ "default-rack", "Slave21" ]
    } ],
    "taskType" : "MAP",
    "taskStatus" : "SUCCESS",
    "taskID" : "task_201407031554_0573_m_000015",
    "inputBytes" : 201445481,
    "inputRecords" : 4885,
    "outputBytes" : 58248639,
    "outputRecords" : 18430546
  }, {
    "startTime" : 1404524658151,
    "attempts" : [ {
      "result" : "SUCCESS",
      "startTime" : 1404524653411,
      "finishTime" : 1404524673982,
      "attemptID" : "attempt_201407031554_0573_m_000014_0",
      "shuffleFinished" : -1,
      "sortFinished" : -1,
      "hdfsBytesRead" : 201367657,
      "hdfsBytesWritten" : -1,
      "fileBytesRead" : 40083490,
      "fileBytesWritten" : 50241124,
      "mapInputRecords" : 4875,
      "mapOutputBytes" : 278331944,
      "mapOutputRecords" : 18505002,
      "combineInputRecords" : 19220082,
      "reduceInputGroups" : -1,
      "reduceInputRecords" : -1,
      "reduceShuffleBytes" : -1,
      "reduceOutputRecords" : -1,
      "spilledRecords" : 2056988,
      "mapInputBytes" : -1,
      "resourceUsageMetrics" : {
        "cumulativeCpuUsage" : 22400,
        "virtualMemoryUsage" : 398807040,
        "physicalMemoryUsage" : 227966976,
        "heapUsage" : 206307328
      },
      "location" : {
        "layers" : [ "default-rack", "Slave22" ]
      },
      "hostName" : "/default-rack/Slave22"
    } ],
    "finishTime" : 1404524678931,
    "preferredLocations" : [ {
      "layers" : [ "default-rack", "Master2" ]
    }, {
      "layers" : [ "default-rack", "Slave23" ]
    }, {
      "layers" : [ "default-rack", "Slave22" ]
    } ],
    "taskType" : "MAP",
    "taskStatus" : "SUCCESS",
    "taskID" : "task_201407031554_0573_m_000014",
    "inputBytes" : 201367657,
    "inputRecords" : 4875,
    "outputBytes" : 50241124,
    "outputRecords" : 18505002
  }, {
    "startTime" : 1404524675144,
    "attempts" : [ {
      "result" : "SUCCESS",
      "startTime" : 1404524675145,
      "finishTime" : 1404524692550,
      "attemptID" : "attempt_201407031554_0573_m_000016_0",
      "shuffleFinished" : -1,
      "sortFinished" : -1,
      "hdfsBytesRead" : 201367657,
      "hdfsBytesWritten" : -1,
      "fileBytesRead" : 45635070,
      "fileBytesWritten" : 57767722,
      "mapInputRecords" : 4825,
      "mapOutputBytes" : 277574841,
      "mapOutputRecords" : 18419833,
      "combineInputRecords" : 19135515,
      "reduceInputGroups" : -1,
      "reduceInputRecords" : -1,
      "reduceShuffleBytes" : -1,
      "reduceOutputRecords" : -1,
      "spilledRecords" : 2057183,
      "mapInputBytes" : -1,
      "resourceUsageMetrics" : {
        "cumulativeCpuUsage" : 19900,
        "virtualMemoryUsage" : 396476416,
        "physicalMemoryUsage" : 205508608,
        "heapUsage" : 156762112
      },
      "location" : {
        "layers" : [ "default-rack", "Master2" ]
      },
      "hostName" : "/default-rack/Master2"
    } ],
    "finishTime" : 1404524692592,
    "preferredLocations" : [ {
      "layers" : [ "default-rack", "Master2" ]
    }, {
      "layers" : [ "default-rack", "Slave23" ]
    }, {
      "layers" : [ "default-rack", "Slave21" ]
    } ],
    "taskType" : "MAP",
    "taskStatus" : "SUCCESS",
    "taskID" : "task_201407031554_0573_m_000016",
    "inputBytes" : 201367657,
    "inputRecords" : 4825,
    "outputBytes" : 57767722,
    "outputRecords" : 18419833
  }, {
    "startTime" : 1404524675584,
    "attempts" : [ {
      "result" : "SUCCESS",
      "startTime" : 1404524676405,
      "finishTime" : 1404524694214,
      "attemptID" : "attempt_201407031554_0573_m_000018_0",
      "shuffleFinished" : -1,
      "sortFinished" : -1,
      "hdfsBytesRead" : 201330793,
      "hdfsBytesWritten" : -1,
      "fileBytesRead" : 45929013,
      "fileBytesWritten" : 58186551,
      "mapInputRecords" : 4852,
      "mapOutputBytes" : 277704557,
      "mapOutputRecords" : 18420146,
      "combineInputRecords" : 19134162,
      "reduceInputGroups" : -1,
      "reduceInputRecords" : -1,
      "reduceShuffleBytes" : -1,
      "reduceOutputRecords" : -1,
      "spilledRecords" : 2052258,
      "mapInputBytes" : -1,
      "resourceUsageMetrics" : {
        "cumulativeCpuUsage" : 20450,
        "virtualMemoryUsage" : 397524992,
        "physicalMemoryUsage" : 205512704,
        "heapUsage" : 149159936
      },
      "location" : {
        "layers" : [ "default-rack", "Slave23" ]
      },
      "hostName" : "/default-rack/Slave23"
    } ],
    "finishTime" : 1404524693400,
    "preferredLocations" : [ {
      "layers" : [ "default-rack", "Master2" ]
    }, {
      "layers" : [ "default-rack", "Slave23" ]
    }, {
      "layers" : [ "default-rack", "Slave21" ]
    } ],
    "taskType" : "MAP",
    "taskStatus" : "SUCCESS",
    "taskID" : "task_201407031554_0573_m_000018",
    "inputBytes" : 201330793,
    "inputRecords" : 4852,
    "outputBytes" : 58186551,
    "outputRecords" : 18420146
  }, {
    "startTime" : 1404524676047,
    "attempts" : [ {
      "result" : "SUCCESS",
      "startTime" : 1404524676048,
      "finishTime" : 1404524694520,
      "attemptID" : "attempt_201407031554_0573_m_000017_0",
      "shuffleFinished" : -1,
      "sortFinished" : -1,
      "hdfsBytesRead" : 201343081,
      "hdfsBytesWritten" : -1,
      "fileBytesRead" : 45991964,
      "fileBytesWritten" : 58252667,
      "mapInputRecords" : 4845,
      "mapOutputBytes" : 277720771,
      "mapOutputRecords" : 18420672,
      "combineInputRecords" : 19135436,
      "reduceInputGroups" : -1,
      "reduceInputRecords" : -1,
      "reduceShuffleBytes" : -1,
      "reduceOutputRecords" : -1,
      "spilledRecords" : 2054851,
      "mapInputBytes" : -1,
      "resourceUsageMetrics" : {
        "cumulativeCpuUsage" : 21320,
        "virtualMemoryUsage" : 397811712,
        "physicalMemoryUsage" : 175177728,
        "heapUsage" : 141295616
      },
      "location" : {
        "layers" : [ "default-rack", "Master2" ]
      },
      "hostName" : "/default-rack/Master2"
    } ],
    "finishTime" : 1404524694703,
    "preferredLocations" : [ {
      "layers" : [ "default-rack", "Master2" ]
    }, {
      "layers" : [ "default-rack", "Slave21" ]
    }, {
      "layers" : [ "default-rack", "Slave22" ]
    } ],
    "taskType" : "MAP",
    "taskStatus" : "SUCCESS",
    "taskID" : "task_201407031554_0573_m_000017",
    "inputBytes" : 201343081,
    "inputRecords" : 4845,
    "outputBytes" : 58252667,
    "outputRecords" : 18420672
  }, {
    "startTime" : 1404524676531,
    "attempts" : [ {
      "result" : "SUCCESS",
      "startTime" : 1404524673605,
      "finishTime" : 1404524692022,
      "attemptID" : "attempt_201407031554_0573_m_000019_0",
      "shuffleFinished" : -1,
      "sortFinished" : -1,
      "hdfsBytesRead" : 201330793,
      "hdfsBytesWritten" : -1,
      "fileBytesRead" : 46321741,
      "fileBytesWritten" : 58782329,
      "mapInputRecords" : 4838,
      "mapOutputBytes" : 277859538,
      "mapOutputRecords" : 18417465,
      "combineInputRecords" : 19131939,
      "reduceInputGroups" : -1,
      "reduceInputRecords" : -1,
      "reduceShuffleBytes" : -1,
      "reduceOutputRecords" : -1,
      "spilledRecords" : 2054226,
      "mapInputBytes" : -1,
      "resourceUsageMetrics" : {
        "cumulativeCpuUsage" : 21190,
        "virtualMemoryUsage" : 398573568,
        "physicalMemoryUsage" : 207085568,
        "heapUsage" : 155975680
      },
      "location" : {
        "layers" : [ "default-rack", "Slave21" ]
      },
      "hostName" : "/default-rack/Slave21"
    } ],
    "finishTime" : 1404524695230,
    "preferredLocations" : [ {
      "layers" : [ "default-rack", "Slave23" ]
    }, {
      "layers" : [ "default-rack", "Slave21" ]
    }, {
      "layers" : [ "default-rack", "Slave22" ]
    } ],
    "taskType" : "MAP",
    "taskStatus" : "SUCCESS",
    "taskID" : "task_201407031554_0573_m_000019",
    "inputBytes" : 201330793,
    "inputRecords" : 4838,
    "outputBytes" : 58782329,
    "outputRecords" : 18417465
  }, {
    "startTime" : 1404524676789,
    "attempts" : [ {
      "result" : "SUCCESS",
      "startTime" : 1404524677610,
      "finishTime" : 1404524683070,
      "attemptID" : "attempt_201407031554_0573_m_000020_0",
      "shuffleFinished" : -1,
      "sortFinished" : -1,
      "hdfsBytesRead" : 55313030,
      "hdfsBytesWritten" : -1,
      "fileBytesRead" : 9993633,
      "fileBytesWritten" : 13650797,
      "mapInputRecords" : 1357,
      "mapOutputBytes" : 76198688,
      "mapOutputRecords" : 5057067,
      "combineInputRecords" : 5253340,
      "reduceInputGroups" : -1,
      "reduceInputRecords" : -1,
      "reduceShuffleBytes" : -1,
      "reduceOutputRecords" : -1,
      "spilledRecords" : 481838,
      "mapInputBytes" : -1,
      "resourceUsageMetrics" : {
        "cumulativeCpuUsage" : 6110,
        "virtualMemoryUsage" : 397762560,
        "physicalMemoryUsage" : 205512704,
        "heapUsage" : 155451392
      },
      "location" : {
        "layers" : [ "default-rack", "Slave23" ]
      },
      "hostName" : "/default-rack/Slave23"
    } ],
    "finishTime" : 1404524682509,
    "preferredLocations" : [ {
      "layers" : [ "default-rack", "Slave23" ]
    }, {
      "layers" : [ "default-rack", "Slave22" ]
    }, {
      "layers" : [ "default-rack", "Slave21" ]
    } ],
    "taskType" : "MAP",
    "taskStatus" : "SUCCESS",
    "taskID" : "task_201407031554_0573_m_000020",
    "inputBytes" : 55313030,
    "inputRecords" : 1357,
    "outputBytes" : 13650797,
    "outputRecords" : 5057067
  }, {
    "startTime" : 1404524676833,
    "attempts" : [ {
      "result" : "SUCCESS",
      "startTime" : 1404524673908,
      "finishTime" : 1404524679291,
      "attemptID" : "attempt_201407031554_0573_m_000022_0",
      "shuffleFinished" : -1,
      "sortFinished" : -1,
      "hdfsBytesRead" : 55310751,
      "hdfsBytesWritten" : -1,
      "fileBytesRead" : 8813494,
      "fileBytesWritten" : 11929287,
      "mapInputRecords" : 24263,
      "mapOutputBytes" : 76428454,
      "mapOutputRecords" : 5083322,
      "combineInputRecords" : 5279796,
      "reduceInputGroups" : -1,
      "reduceInputRecords" : -1,
      "reduceShuffleBytes" : -1,
      "reduceOutputRecords" : -1,
      "spilledRecords" : 482160,
      "mapInputBytes" : -1,
      "resourceUsageMetrics" : {
        "cumulativeCpuUsage" : 5890,
        "virtualMemoryUsage" : 397524992,
        "physicalMemoryUsage" : 205725696,
        "heapUsage" : 155451392
      },
      "location" : {
        "layers" : [ "default-rack", "Slave21" ]
      },
      "hostName" : "/default-rack/Slave21"
    } ],
    "finishTime" : 1404524682253,
    "preferredLocations" : [ {
      "layers" : [ "default-rack", "Slave21" ]
    }, {
      "layers" : [ "default-rack", "Slave22" ]
    }, {
      "layers" : [ "default-rack", "Slave23" ]
    } ],
    "taskType" : "MAP",
    "taskStatus" : "SUCCESS",
    "taskID" : "task_201407031554_0573_m_000022",
    "inputBytes" : 55310751,
    "inputRecords" : 24263,
    "outputBytes" : 11929287,
    "outputRecords" : 5083322
  }, {
    "startTime" : 1404524677726,
    "attempts" : [ {
      "result" : "SUCCESS",
      "startTime" : 1404524672986,
      "finishTime" : 1404524678079,
      "attemptID" : "attempt_201407031554_0573_m_000021_0",
      "shuffleFinished" : -1,
      "sortFinished" : -1,
      "hdfsBytesRead" : 55312090,
      "hdfsBytesWritten" : -1,
      "fileBytesRead" : 9481303,
      "fileBytesWritten" : 12973877,
      "mapInputRecords" : 1332,
      "mapOutputBytes" : 76437974,
      "mapOutputRecords" : 5082165,
      "combineInputRecords" : 5278847,
      "reduceInputGroups" : -1,
      "reduceInputRecords" : -1,
      "reduceShuffleBytes" : -1,
      "reduceOutputRecords" : -1,
      "spilledRecords" : 483159,
      "mapInputBytes" : -1,
      "resourceUsageMetrics" : {
        "cumulativeCpuUsage" : 5970,
        "virtualMemoryUsage" : 397725696,
        "physicalMemoryUsage" : 171401216,
        "heapUsage" : 181141504
      },
      "location" : {
        "layers" : [ "default-rack", "Slave22" ]
      },
      "hostName" : "/default-rack/Slave22"
    } ],
    "finishTime" : 1404524682846,
    "preferredLocations" : [ {
      "layers" : [ "default-rack", "Master2" ]
    }, {
      "layers" : [ "default-rack", "Slave23" ]
    }, {
      "layers" : [ "default-rack", "Slave22" ]
    } ],
    "taskType" : "MAP",
    "taskStatus" : "SUCCESS",
    "taskID" : "task_201407031554_0573_m_000021",
    "inputBytes" : 55312090,
    "inputRecords" : 1332,
    "outputBytes" : 12973877,
    "outputRecords" : 5082165
  }, {
    "startTime" : 1404524678931,
    "attempts" : [ {
      "result" : "SUCCESS",
      "startTime" : 1404524674191,
      "finishTime" : 1404524679185,
      "attemptID" : "attempt_201407031554_0573_m_000023_0",
      "shuffleFinished" : -1,
      "sortFinished" : -1,
      "hdfsBytesRead" : 55310580,
      "hdfsBytesWritten" : -1,
      "fileBytesRead" : 10225881,
      "fileBytesWritten" : 14044623,
      "mapInputRecords" : 1354,
      "mapOutputBytes" : 76315969,
      "mapOutputRecords" : 5056361,
      "combineInputRecords" : 5253096,
      "reduceInputGroups" : -1,
      "reduceInputRecords" : -1,
      "reduceShuffleBytes" : -1,
      "reduceOutputRecords" : -1,
      "spilledRecords" : 482834,
      "mapInputBytes" : -1,
      "resourceUsageMetrics" : {
        "cumulativeCpuUsage" : 5430,
        "virtualMemoryUsage" : 398807040,
        "physicalMemoryUsage" : 203407360,
        "heapUsage" : 141033472
      },
      "location" : {
        "layers" : [ "default-rack", "Slave22" ]
      },
      "hostName" : "/default-rack/Slave22"
    } ],
    "finishTime" : 1404524684051,
    "preferredLocations" : [ {
      "layers" : [ "default-rack", "Slave21" ]
    }, {
      "layers" : [ "default-rack", "Slave23" ]
    }, {
      "layers" : [ "default-rack", "Slave22" ]
    } ],
    "taskType" : "MAP",
    "taskStatus" : "SUCCESS",
    "taskID" : "task_201407031554_0573_m_000023",
    "inputBytes" : 55310580,
    "inputRecords" : 1354,
    "outputBytes" : 14044623,
    "outputRecords" : 5056361
  }, {
    "startTime" : 1404524682274,
    "attempts" : [ {
      "result" : "SUCCESS",
      "startTime" : 1404524679348,
      "finishTime" : 1404524684790,
      "attemptID" : "attempt_201407031554_0573_m_000024_0",
      "shuffleFinished" : -1,
      "sortFinished" : -1,
      "hdfsBytesRead" : 55310286,
      "hdfsBytesWritten" : -1,
      "fileBytesRead" : 10166805,
      "fileBytesWritten" : 13937675,
      "mapInputRecords" : 1376,
      "mapOutputBytes" : 76305293,
      "mapOutputRecords" : 5057642,
      "combineInputRecords" : 5254522,
      "reduceInputGroups" : -1,
      "reduceInputRecords" : -1,
      "reduceShuffleBytes" : -1,
      "reduceOutputRecords" : -1,
      "spilledRecords" : 483487,
      "mapInputBytes" : -1,
      "resourceUsageMetrics" : {
        "cumulativeCpuUsage" : 6250,
        "virtualMemoryUsage" : 397856768,
        "physicalMemoryUsage" : 226091008,
        "heapUsage" : 173539328
      },
      "location" : {
        "layers" : [ "default-rack", "Slave21" ]
      },
      "hostName" : "/default-rack/Slave21"
    } ],
    "finishTime" : 1404524687992,
    "preferredLocations" : [ {
      "layers" : [ "default-rack", "Master2" ]
    }, {
      "layers" : [ "default-rack", "Slave22" ]
    }, {
      "layers" : [ "default-rack", "Slave21" ]
    } ],
    "taskType" : "MAP",
    "taskStatus" : "SUCCESS",
    "taskID" : "task_201407031554_0573_m_000024",
    "inputBytes" : 55310286,
    "inputRecords" : 1376,
    "outputBytes" : 13937675,
    "outputRecords" : 5057642
  }, {
    "startTime" : 1404524682509,
    "attempts" : [ {
      "result" : "SUCCESS",
      "startTime" : 1404524683330,
      "finishTime" : 1404524688495,
      "attemptID" : "attempt_201407031554_0573_m_000026_0",
      "shuffleFinished" : -1,
      "sortFinished" : -1,
      "hdfsBytesRead" : 55308720,
      "hdfsBytesWritten" : -1,
      "fileBytesRead" : 9350162,
      "fileBytesWritten" : 12699453,
      "mapInputRecords" : 1332,
      "mapOutputBytes" : 76557085,
      "mapOutputRecords" : 5082494,
      "combineInputRecords" : 5278994,
      "reduceInputGroups" : -1,
      "reduceInputRecords" : -1,
      "reduceShuffleBytes" : -1,
      "reduceOutputRecords" : -1,
      "spilledRecords" : 482450,
      "mapInputBytes" : -1,
      "resourceUsageMetrics" : {
        "cumulativeCpuUsage" : 6060,
        "virtualMemoryUsage" : 398094336,
        "physicalMemoryUsage" : 226062336,
        "heapUsage" : 174587904
      },
      "location" : {
        "layers" : [ "default-rack", "Slave23" ]
      },
      "hostName" : "/default-rack/Slave23"
    } ],
    "finishTime" : 1404524687928,
    "preferredLocations" : [ {
      "layers" : [ "default-rack", "Master2" ]
    }, {
      "layers" : [ "default-rack", "Slave21" ]
    }, {
      "layers" : [ "default-rack", "Slave23" ]
    } ],
    "taskType" : "MAP",
    "taskStatus" : "SUCCESS",
    "taskID" : "task_201407031554_0573_m_000026",
    "inputBytes" : 55308720,
    "inputRecords" : 1332,
    "outputBytes" : 12699453,
    "outputRecords" : 5082494
  }, {
    "startTime" : 1404524682846,
    "attempts" : [ {
      "result" : "SUCCESS",
      "startTime" : 1404524678106,
      "finishTime" : 1404524683489,
      "attemptID" : "attempt_201407031554_0573_m_000025_0",
      "shuffleFinished" : -1,
      "sortFinished" : -1,
      "hdfsBytesRead" : 55309453,
      "hdfsBytesWritten" : -1,
      "fileBytesRead" : 8746500,
      "fileBytesWritten" : 11873493,
      "mapInputRecords" : 1320,
      "mapOutputBytes" : 76516349,
      "mapOutputRecords" : 5082886,
      "combineInputRecords" : 5279407,
      "reduceInputGroups" : -1,
      "reduceInputRecords" : -1,
      "reduceShuffleBytes" : -1,
      "reduceOutputRecords" : -1,
      "spilledRecords" : 482302,
      "mapInputBytes" : -1,
      "resourceUsageMetrics" : {
        "cumulativeCpuUsage" : 5830,
        "virtualMemoryUsage" : 398057472,
        "physicalMemoryUsage" : 224120832,
        "heapUsage" : 179568640
      },
      "location" : {
        "layers" : [ "default-rack", "Slave22" ]
      },
      "hostName" : "/default-rack/Slave22"
    } ],
    "finishTime" : 1404524688268,
    "preferredLocations" : [ {
      "layers" : [ "default-rack", "Master2" ]
    }, {
      "layers" : [ "default-rack", "Slave21" ]
    }, {
      "layers" : [ "default-rack", "Slave22" ]
    } ],
    "taskType" : "MAP",
    "taskStatus" : "SUCCESS",
    "taskID" : "task_201407031554_0573_m_000025",
    "inputBytes" : 55309453,
    "inputRecords" : 1320,
    "outputBytes" : 11873493,
    "outputRecords" : 5082886
  }, {
    "startTime" : 1404524684051,
    "attempts" : [ {
      "result" : "SUCCESS",
      "startTime" : 1404524679311,
      "finishTime" : 1404524684486,
      "attemptID" : "attempt_201407031554_0573_m_000027_0",
      "shuffleFinished" : -1,
      "sortFinished" : -1,
      "hdfsBytesRead" : 55308134,
      "hdfsBytesWritten" : -1,
      "fileBytesRead" : 10065642,
      "fileBytesWritten" : 13775042,
      "mapInputRecords" : 1297,
      "mapOutputBytes" : 76122884,
      "mapOutputRecords" : 5048193,
      "combineInputRecords" : 5244742,
      "reduceInputGroups" : -1,
      "reduceInputRecords" : -1,
      "reduceShuffleBytes" : -1,
      "reduceOutputRecords" : -1,
      "spilledRecords" : 482370,
      "mapInputBytes" : -1,
      "resourceUsageMetrics" : {
        "cumulativeCpuUsage" : 5430,
        "virtualMemoryUsage" : 399138816,
        "physicalMemoryUsage" : 228081664,
        "heapUsage" : 201850880
      },
      "location" : {
        "layers" : [ "default-rack", "Slave22" ]
      },
      "hostName" : "/default-rack/Slave22"
    } ],
    "finishTime" : 1404524689473,
    "preferredLocations" : [ {
      "layers" : [ "default-rack", "Master2" ]
    }, {
      "layers" : [ "default-rack", "Slave22" ]
    }, {
      "layers" : [ "default-rack", "Slave21" ]
    } ],
    "taskType" : "MAP",
    "taskStatus" : "SUCCESS",
    "taskID" : "task_201407031554_0573_m_000027",
    "inputBytes" : 55308134,
    "inputRecords" : 1297,
    "outputBytes" : 13775042,
    "outputRecords" : 5048193
  }, {
    "startTime" : 1404524687928,
    "attempts" : [ {
      "result" : "SUCCESS",
      "startTime" : 1404524688749,
      "finishTime" : 1404524693827,
      "attemptID" : "attempt_201407031554_0573_m_000028_0",
      "shuffleFinished" : -1,
      "sortFinished" : -1,
      "hdfsBytesRead" : 55307951,
      "hdfsBytesWritten" : -1,
      "fileBytesRead" : 8891966,
      "fileBytesWritten" : 12021722,
      "mapInputRecords" : 24260,
      "mapOutputBytes" : 76604278,
      "mapOutputRecords" : 5104992,
      "combineInputRecords" : 5301793,
      "reduceInputGroups" : -1,
      "reduceInputRecords" : -1,
      "reduceShuffleBytes" : -1,
      "reduceOutputRecords" : -1,
      "spilledRecords" : 483174,
      "mapInputBytes" : -1,
      "resourceUsageMetrics" : {
        "cumulativeCpuUsage" : 5910,
        "virtualMemoryUsage" : 398094336,
        "physicalMemoryUsage" : 212619264,
        "heapUsage" : 163053568
      },
      "location" : {
        "layers" : [ "default-rack", "Slave23" ]
      },
      "hostName" : "/default-rack/Slave23"
    } ],
    "finishTime" : 1404524693098,
    "preferredLocations" : [ {
      "layers" : [ "default-rack", "Master2" ]
    }, {
      "layers" : [ "default-rack", "Slave23" ]
    }, {
      "layers" : [ "default-rack", "Slave21" ]
    } ],
    "taskType" : "MAP",
    "taskStatus" : "SUCCESS",
    "taskID" : "task_201407031554_0573_m_000028",
    "inputBytes" : 55307951,
    "inputRecords" : 24260,
    "outputBytes" : 12021722,
    "outputRecords" : 5104992
  }, {
    "startTime" : 1404524687993,
    "attempts" : [ {
      "result" : "SUCCESS",
      "startTime" : 1404524685067,
      "finishTime" : 1404524690154,
      "attemptID" : "attempt_201407031554_0573_m_000031_0",
      "shuffleFinished" : -1,
      "sortFinished" : -1,
      "hdfsBytesRead" : 55307192,
      "hdfsBytesWritten" : -1,
      "fileBytesRead" : 10056905,
      "fileBytesWritten" : 13757438,
      "mapInputRecords" : 1343,
      "mapOutputBytes" : 76268192,
      "mapOutputRecords" : 5059155,
      "combineInputRecords" : 5255271,
      "reduceInputGroups" : -1,
      "reduceInputRecords" : -1,
      "reduceShuffleBytes" : -1,
      "reduceOutputRecords" : -1,
      "spilledRecords" : 481574,
      "mapInputBytes" : -1,
      "resourceUsageMetrics" : {
        "cumulativeCpuUsage" : 5860,
        "virtualMemoryUsage" : 397856768,
        "physicalMemoryUsage" : 211750912,
        "heapUsage" : 163053568
      },
      "location" : {
        "layers" : [ "default-rack", "Slave21" ]
      },
      "hostName" : "/default-rack/Slave21"
    } ],
    "finishTime" : 1404524693111,
    "preferredLocations" : [ {
      "layers" : [ "default-rack", "Slave23" ]
    }, {
      "layers" : [ "default-rack", "Slave21" ]
    }, {
      "layers" : [ "default-rack", "Slave22" ]
    } ],
    "taskType" : "MAP",
    "taskStatus" : "SUCCESS",
    "taskID" : "task_201407031554_0573_m_000031",
    "inputBytes" : 55307192,
    "inputRecords" : 1343,
    "outputBytes" : 13757438,
    "outputRecords" : 5059155
  }, {
    "startTime" : 1404524688268,
    "attempts" : [ {
      "result" : "SUCCESS",
      "startTime" : 1404524683528,
      "finishTime" : 1404524688825,
      "attemptID" : "attempt_201407031554_0573_m_000029_0",
      "shuffleFinished" : -1,
      "sortFinished" : -1,
      "hdfsBytesRead" : 55307562,
      "hdfsBytesWritten" : -1,
      "fileBytesRead" : 10148657,
      "fileBytesWritten" : 13906548,
      "mapInputRecords" : 1353,
      "mapOutputBytes" : 76333513,
      "mapOutputRecords" : 5060079,
      "combineInputRecords" : 5256661,
      "reduceInputGroups" : -1,
      "reduceInputRecords" : -1,
      "reduceShuffleBytes" : -1,
      "reduceOutputRecords" : -1,
      "spilledRecords" : 482555,
      "mapInputBytes" : -1,
      "resourceUsageMetrics" : {
        "cumulativeCpuUsage" : 5680,
        "virtualMemoryUsage" : 398057472,
        "physicalMemoryUsage" : 224673792,
        "heapUsage" : 195035136
      },
      "location" : {
        "layers" : [ "default-rack", "Slave22" ]
      },
      "hostName" : "/default-rack/Slave22"
    } ],
    "finishTime" : 1404524693689,
    "preferredLocations" : [ {
      "layers" : [ "default-rack", "Master2" ]
    }, {
      "layers" : [ "default-rack", "Slave23" ]
    }, {
      "layers" : [ "default-rack", "Slave22" ]
    } ],
    "taskType" : "MAP",
    "taskStatus" : "SUCCESS",
    "taskID" : "task_201407031554_0573_m_000029",
    "inputBytes" : 55307562,
    "inputRecords" : 1353,
    "outputBytes" : 13906548,
    "outputRecords" : 5060079
  }, {
    "startTime" : 1404524689473,
    "attempts" : [ {
      "result" : "SUCCESS",
      "startTime" : 1404524684733,
      "finishTime" : 1404524689912,
      "attemptID" : "attempt_201407031554_0573_m_000030_0",
      "shuffleFinished" : -1,
      "sortFinished" : -1,
      "hdfsBytesRead" : 55307411,
      "hdfsBytesWritten" : -1,
      "fileBytesRead" : 10424518,
      "fileBytesWritten" : 14418540,
      "mapInputRecords" : 1341,
      "mapOutputBytes" : 76466150,
      "mapOutputRecords" : 5057246,
      "combineInputRecords" : 5253637,
      "reduceInputGroups" : -1,
      "reduceInputRecords" : -1,
      "reduceShuffleBytes" : -1,
      "reduceOutputRecords" : -1,
      "spilledRecords" : 482323,
      "mapInputBytes" : -1,
      "resourceUsageMetrics" : {
        "cumulativeCpuUsage" : 5810,
        "virtualMemoryUsage" : 399138816,
        "physicalMemoryUsage" : 203481088,
        "heapUsage" : 130809856
      },
      "location" : {
        "layers" : [ "default-rack", "Slave22" ]
      },
      "hostName" : "/default-rack/Slave22"
    } ],
    "finishTime" : 1404524694893,
    "preferredLocations" : [ {
      "layers" : [ "default-rack", "Master2" ]
    }, {
      "layers" : [ "default-rack", "Slave22" ]
    }, {
      "layers" : [ "default-rack", "Slave23" ]
    } ],
    "taskType" : "MAP",
    "taskStatus" : "SUCCESS",
    "taskID" : "task_201407031554_0573_m_000030",
    "inputBytes" : 55307411,
    "inputRecords" : 1341,
    "outputBytes" : 14418540,
    "outputRecords" : 5057246
  }, {
    "startTime" : 1404524692592,
    "attempts" : [ {
      "result" : "SUCCESS",
      "startTime" : 1404524692593,
      "finishTime" : 1404524697811,
      "attemptID" : "attempt_201407031554_0573_m_000033_0",
      "shuffleFinished" : -1,
      "sortFinished" : -1,
      "hdfsBytesRead" : 55307022,
      "hdfsBytesWritten" : -1,
      "fileBytesRead" : 8475663,
      "fileBytesWritten" : 11325923,
      "mapInputRecords" : 1330,
      "mapOutputBytes" : 76282797,
      "mapOutputRecords" : 5082741,
      "combineInputRecords" : 5278932,
      "reduceInputGroups" : -1,
      "reduceInputRecords" : -1,
      "reduceShuffleBytes" : -1,
      "reduceOutputRecords" : -1,
      "spilledRecords" : 480618,
      "mapInputBytes" : -1,
      "resourceUsageMetrics" : {
        "cumulativeCpuUsage" : 5610,
        "virtualMemoryUsage" : 396476416,
        "physicalMemoryUsage" : 223293440,
        "heapUsage" : 174063616
      },
      "location" : {
        "layers" : [ "default-rack", "Master2" ]
      },
      "hostName" : "/default-rack/Master2"
    } ],
    "finishTime" : 1404524698011,
    "preferredLocations" : [ {
      "layers" : [ "default-rack", "Master2" ]
    }, {
      "layers" : [ "default-rack", "Slave22" ]
    }, {
      "layers" : [ "default-rack", "Slave23" ]
    } ],
    "taskType" : "MAP",
    "taskStatus" : "SUCCESS",
    "taskID" : "task_201407031554_0573_m_000033",
    "inputBytes" : 55307022,
    "inputRecords" : 1330,
    "outputBytes" : 11325923,
    "outputRecords" : 5082741
  }, {
    "startTime" : 1404524693098,
    "attempts" : [ {
      "result" : "SUCCESS",
      "startTime" : 1404524693919,
      "finishTime" : 1404524699175,
      "attemptID" : "attempt_201407031554_0573_m_000032_0",
      "shuffleFinished" : -1,
      "sortFinished" : -1,
      "hdfsBytesRead" : 55307172,
      "hdfsBytesWritten" : -1,
      "fileBytesRead" : 10189767,
      "fileBytesWritten" : 14010099,
      "mapInputRecords" : 1303,
      "mapOutputBytes" : 76372936,
      "mapOutputRecords" : 5059558,
      "combineInputRecords" : 5255741,
      "reduceInputGroups" : -1,
      "reduceInputRecords" : -1,
      "reduceShuffleBytes" : -1,
      "reduceOutputRecords" : -1,
      "spilledRecords" : 481587,
      "mapInputBytes" : -1,
      "resourceUsageMetrics" : {
        "cumulativeCpuUsage" : 5550,
        "virtualMemoryUsage" : 398094336,
        "physicalMemoryUsage" : 227573760,
        "heapUsage" : 208142336
      },
      "location" : {
        "layers" : [ "default-rack", "Slave23" ]
      },
      "hostName" : "/default-rack/Slave23"
    } ],
    "finishTime" : 1404524698519,
    "preferredLocations" : [ {
      "layers" : [ "default-rack", "Slave21" ]
    }, {
      "layers" : [ "default-rack", "Slave23" ]
    }, {
      "layers" : [ "default-rack", "Slave22" ]
    } ],
    "taskType" : "MAP",
    "taskStatus" : "SUCCESS",
    "taskID" : "task_201407031554_0573_m_000032",
    "inputBytes" : 55307172,
    "inputRecords" : 1303,
    "outputBytes" : 14010099,
    "outputRecords" : 5059558
  }, {
    "startTime" : 1404524693111,
    "attempts" : [ {
      "result" : "SUCCESS",
      "startTime" : 1404524690186,
      "finishTime" : 1404524695517,
      "attemptID" : "attempt_201407031554_0573_m_000034_0",
      "shuffleFinished" : -1,
      "sortFinished" : -1,
      "hdfsBytesRead" : 55306610,
      "hdfsBytesWritten" : -1,
      "fileBytesRead" : 10224568,
      "fileBytesWritten" : 14044696,
      "mapInputRecords" : 1340,
      "mapOutputBytes" : 76347343,
      "mapOutputRecords" : 5057536,
      "combineInputRecords" : 5254118,
      "reduceInputGroups" : -1,
      "reduceInputRecords" : -1,
      "reduceShuffleBytes" : -1,
      "reduceOutputRecords" : -1,
      "spilledRecords" : 482522,
      "mapInputBytes" : -1,
      "resourceUsageMetrics" : {
        "cumulativeCpuUsage" : 5450,
        "virtualMemoryUsage" : 397856768,
        "physicalMemoryUsage" : 229007360,
        "heapUsage" : 208404480
      },
      "location" : {
        "layers" : [ "default-rack", "Slave21" ]
      },
      "hostName" : "/default-rack/Slave21"
    }, {
      "result" : "KILLED",
      "startTime" : 1404524698012,
      "finishTime" : 1404524699843,
      "attemptID" : "attempt_201407031554_0573_m_000034_1",
      "shuffleFinished" : -1,
      "sortFinished" : -1,
      "hdfsBytesRead" : -1,
      "hdfsBytesWritten" : -1,
      "fileBytesRead" : -1,
      "fileBytesWritten" : -1,
      "mapInputRecords" : -1,
      "mapOutputBytes" : -1,
      "mapOutputRecords" : -1,
      "combineInputRecords" : -1,
      "reduceInputGroups" : -1,
      "reduceInputRecords" : -1,
      "reduceShuffleBytes" : -1,
      "reduceOutputRecords" : -1,
      "spilledRecords" : -1,
      "mapInputBytes" : -1,
      "resourceUsageMetrics" : {
        "cumulativeCpuUsage" : 0,
        "virtualMemoryUsage" : 0,
        "physicalMemoryUsage" : 0,
        "heapUsage" : 0
      },
      "location" : null,
      "hostName" : null
    } ],
    "finishTime" : 1404524698541,
    "preferredLocations" : [ {
      "layers" : [ "default-rack", "Master2" ]
    }, {
      "layers" : [ "default-rack", "Slave22" ]
    }, {
      "layers" : [ "default-rack", "Slave21" ]
    } ],
    "taskType" : "MAP",
    "taskStatus" : "SUCCESS",
    "taskID" : "task_201407031554_0573_m_000034",
    "inputBytes" : 55306610,
    "inputRecords" : 1340,
    "outputBytes" : 14044696,
    "outputRecords" : 5057536
  }, {
    "startTime" : 1404524693400,
    "attempts" : [ {
      "result" : "SUCCESS",
      "startTime" : 1404524694221,
      "finishTime" : 1404524699379,
      "attemptID" : "attempt_201407031554_0573_m_000035_0",
      "shuffleFinished" : -1,
      "sortFinished" : -1,
      "hdfsBytesRead" : 55304936,
      "hdfsBytesWritten" : -1,
      "fileBytesRead" : 10317232,
      "fileBytesWritten" : 14223848,
      "mapInputRecords" : 1365,
      "mapOutputBytes" : 76399192,
      "mapOutputRecords" : 5056270,
      "combineInputRecords" : 5252618,
      "reduceInputGroups" : -1,
      "reduceInputRecords" : -1,
      "reduceShuffleBytes" : -1,
      "reduceOutputRecords" : -1,
      "spilledRecords" : 482142,
      "mapInputBytes" : -1,
      "resourceUsageMetrics" : {
        "cumulativeCpuUsage" : 5540,
        "virtualMemoryUsage" : 397524992,
        "physicalMemoryUsage" : 230522880,
        "heapUsage" : 205783040
      },
      "location" : {
        "layers" : [ "default-rack", "Slave23" ]
      },
      "hostName" : "/default-rack/Slave23"
    }, {
      "result" : "KILLED",
      "startTime" : 1404524695615,
      "finishTime" : 1404524698027,
      "attemptID" : "attempt_201407031554_0573_m_000035_1",
      "shuffleFinished" : -1,
      "sortFinished" : -1,
      "hdfsBytesRead" : -1,
      "hdfsBytesWritten" : -1,
      "fileBytesRead" : -1,
      "fileBytesWritten" : -1,
      "mapInputRecords" : -1,
      "mapOutputBytes" : -1,
      "mapOutputRecords" : -1,
      "combineInputRecords" : -1,
      "reduceInputGroups" : -1,
      "reduceInputRecords" : -1,
      "reduceShuffleBytes" : -1,
      "reduceOutputRecords" : -1,
      "spilledRecords" : -1,
      "mapInputBytes" : -1,
      "resourceUsageMetrics" : {
        "cumulativeCpuUsage" : 0,
        "virtualMemoryUsage" : 0,
        "physicalMemoryUsage" : 0,
        "heapUsage" : 0
      },
      "location" : null,
      "hostName" : null
    } ],
    "finishTime" : 1404524698821,
    "preferredLocations" : [ {
      "layers" : [ "default-rack", "Master2" ]
    }, {
      "layers" : [ "default-rack", "Slave23" ]
    }, {
      "layers" : [ "default-rack", "Slave21" ]
    } ],
    "taskType" : "MAP",
    "taskStatus" : "SUCCESS",
    "taskID" : "task_201407031554_0573_m_000035",
    "inputBytes" : 55304936,
    "inputRecords" : 1365,
    "outputBytes" : 14223848,
    "outputRecords" : 5056270
  }, {
    "startTime" : 1404524693689,
    "attempts" : [ {
      "result" : "SUCCESS",
      "startTime" : 1404524688949,
      "finishTime" : 1404524693966,
      "attemptID" : "attempt_201407031554_0573_m_000039_0",
      "shuffleFinished" : -1,
      "sortFinished" : -1,
      "hdfsBytesRead" : 55303550,
      "hdfsBytesWritten" : -1,
      "fileBytesRead" : 10089180,
      "fileBytesWritten" : 13795535,
      "mapInputRecords" : 1364,
      "mapOutputBytes" : 76282562,
      "mapOutputRecords" : 5060255,
      "combineInputRecords" : 5256909,
      "reduceInputGroups" : -1,
      "reduceInputRecords" : -1,
      "reduceShuffleBytes" : -1,
      "reduceOutputRecords" : -1,
      "spilledRecords" : 482756,
      "mapInputBytes" : -1,
      "resourceUsageMetrics" : {
        "cumulativeCpuUsage" : 5340,
        "virtualMemoryUsage" : 398057472,
        "physicalMemoryUsage" : 228364288,
        "heapUsage" : 194248704
      },
      "location" : {
        "layers" : [ "default-rack", "Slave22" ]
      },
      "hostName" : "/default-rack/Slave22"
    } ],
    "finishTime" : 1404524698807,
    "preferredLocations" : [ {
      "layers" : [ "default-rack", "Master2" ]
    }, {
      "layers" : [ "default-rack", "Slave22" ]
    }, {
      "layers" : [ "default-rack", "Slave21" ]
    } ],
    "taskType" : "MAP",
    "taskStatus" : "SUCCESS",
    "taskID" : "task_201407031554_0573_m_000039",
    "inputBytes" : 55303550,
    "inputRecords" : 1364,
    "outputBytes" : 13795535,
    "outputRecords" : 5060255
  }, {
    "startTime" : 1404524694703,
    "attempts" : [ {
      "result" : "SUCCESS",
      "startTime" : 1404524694704,
      "finishTime" : 1404524699960,
      "attemptID" : "attempt_201407031554_0573_m_000036_0",
      "shuffleFinished" : -1,
      "sortFinished" : -1,
      "hdfsBytesRead" : 55304933,
      "hdfsBytesWritten" : -1,
      "fileBytesRead" : 8985042,
      "fileBytesWritten" : 12139639,
      "mapInputRecords" : 47228,
      "mapOutputBytes" : 76378990,
      "mapOutputRecords" : 5106421,
      "combineInputRecords" : 5303172,
      "reduceInputGroups" : -1,
      "reduceInputRecords" : -1,
      "reduceShuffleBytes" : -1,
      "reduceOutputRecords" : -1,
      "spilledRecords" : 483037,
      "mapInputBytes" : -1,
      "resourceUsageMetrics" : {
        "cumulativeCpuUsage" : 5690,
        "virtualMemoryUsage" : 397811712,
        "physicalMemoryUsage" : 228302848,
        "heapUsage" : 198443008
      },
      "location" : {
        "layers" : [ "default-rack", "Master2" ]
      },
      "hostName" : "/default-rack/Master2"
    }, {
      "result" : "KILLED",
      "startTime" : 1404524699341,
      "finishTime" : 1404524703572,
      "attemptID" : "attempt_201407031554_0573_m_000036_1",
      "shuffleFinished" : -1,
      "sortFinished" : -1,
      "hdfsBytesRead" : -1,
      "hdfsBytesWritten" : -1,
      "fileBytesRead" : -1,
      "fileBytesWritten" : -1,
      "mapInputRecords" : -1,
      "mapOutputBytes" : -1,
      "mapOutputRecords" : -1,
      "combineInputRecords" : -1,
      "reduceInputGroups" : -1,
      "reduceInputRecords" : -1,
      "reduceShuffleBytes" : -1,
      "reduceOutputRecords" : -1,
      "spilledRecords" : -1,
      "mapInputBytes" : -1,
      "resourceUsageMetrics" : {
        "cumulativeCpuUsage" : 0,
        "virtualMemoryUsage" : 0,
        "physicalMemoryUsage" : 0,
        "heapUsage" : 0
      },
      "location" : null,
      "hostName" : null
    } ],
    "finishTime" : 1404524700118,
    "preferredLocations" : [ {
      "layers" : [ "default-rack", "Master2" ]
    }, {
      "layers" : [ "default-rack", "Slave21" ]
    }, {
      "layers" : [ "default-rack", "Slave23" ]
    } ],
    "taskType" : "MAP",
    "taskStatus" : "SUCCESS",
    "taskID" : "task_201407031554_0573_m_000036",
    "inputBytes" : 55304933,
    "inputRecords" : 47228,
    "outputBytes" : 12139639,
    "outputRecords" : 5106421
  }, {
    "startTime" : 1404524694894,
    "attempts" : [ {
      "result" : "SUCCESS",
      "startTime" : 1404524690153,
      "finishTime" : 1404524695129,
      "attemptID" : "attempt_201407031554_0573_m_000037_0",
      "shuffleFinished" : -1,
      "sortFinished" : -1,
      "hdfsBytesRead" : 55303858,
      "hdfsBytesWritten" : -1,
      "fileBytesRead" : 9045949,
      "fileBytesWritten" : 12180859,
      "mapInputRecords" : 1309,
      "mapOutputBytes" : 76260074,
      "mapOutputRecords" : 5070089,
      "combineInputRecords" : 5266431,
      "reduceInputGroups" : -1,
      "reduceInputRecords" : -1,
      "reduceShuffleBytes" : -1,
      "reduceOutputRecords" : -1,
      "spilledRecords" : 482127,
      "mapInputBytes" : -1,
      "resourceUsageMetrics" : {
        "cumulativeCpuUsage" : 5520,
        "virtualMemoryUsage" : 399138816,
        "physicalMemoryUsage" : 228528128,
        "heapUsage" : 192675840
      },
      "location" : {
        "layers" : [ "default-rack", "Slave22" ]
      },
      "hostName" : "/default-rack/Slave22"
    } ],
    "finishTime" : 1404524700012,
    "preferredLocations" : [ {
      "layers" : [ "default-rack", "Master2" ]
    }, {
      "layers" : [ "default-rack", "Slave23" ]
    }, {
      "layers" : [ "default-rack", "Slave21" ]
    } ],
    "taskType" : "MAP",
    "taskStatus" : "SUCCESS",
    "taskID" : "task_201407031554_0573_m_000037",
    "inputBytes" : 55303858,
    "inputRecords" : 1309,
    "outputBytes" : 12180859,
    "outputRecords" : 5070089
  }, {
    "startTime" : 1404524695230,
    "attempts" : [ {
      "result" : "SUCCESS",
      "startTime" : 1404524692304,
      "finishTime" : 1404524697312,
      "attemptID" : "attempt_201407031554_0573_m_000038_0",
      "shuffleFinished" : -1,
      "sortFinished" : -1,
      "hdfsBytesRead" : 55303820,
      "hdfsBytesWritten" : -1,
      "fileBytesRead" : 8782909,
      "fileBytesWritten" : 11877243,
      "mapInputRecords" : 1328,
      "mapOutputBytes" : 76391465,
      "mapOutputRecords" : 5079251,
      "combineInputRecords" : 5275788,
      "reduceInputGroups" : -1,
      "reduceInputRecords" : -1,
      "reduceShuffleBytes" : -1,
      "reduceOutputRecords" : -1,
      "spilledRecords" : 482271,
      "mapInputBytes" : -1,
      "resourceUsageMetrics" : {
        "cumulativeCpuUsage" : 5510,
        "virtualMemoryUsage" : 398573568,
        "physicalMemoryUsage" : 232050688,
        "heapUsage" : 205520896
      },
      "location" : {
        "layers" : [ "default-rack", "Slave21" ]
      },
      "hostName" : "/default-rack/Slave21"
    }, {
      "result" : "KILLED",
      "startTime" : 1404524695273,
      "finishTime" : 1404524697073,
      "attemptID" : "attempt_201407031554_0573_m_000038_1",
      "shuffleFinished" : -1,
      "sortFinished" : -1,
      "hdfsBytesRead" : -1,
      "hdfsBytesWritten" : -1,
      "fileBytesRead" : -1,
      "fileBytesWritten" : -1,
      "mapInputRecords" : -1,
      "mapOutputBytes" : -1,
      "mapOutputRecords" : -1,
      "combineInputRecords" : -1,
      "reduceInputGroups" : -1,
      "reduceInputRecords" : -1,
      "reduceShuffleBytes" : -1,
      "reduceOutputRecords" : -1,
      "spilledRecords" : -1,
      "mapInputBytes" : -1,
      "resourceUsageMetrics" : {
        "cumulativeCpuUsage" : 0,
        "virtualMemoryUsage" : 0,
        "physicalMemoryUsage" : 0,
        "heapUsage" : 0
      },
      "location" : null,
      "hostName" : null
    } ],
    "finishTime" : 1404524700348,
    "preferredLocations" : [ {
      "layers" : [ "default-rack", "Master2" ]
    }, {
      "layers" : [ "default-rack", "Slave23" ]
    }, {
      "layers" : [ "default-rack", "Slave21" ]
    } ],
    "taskType" : "MAP",
    "taskStatus" : "SUCCESS",
    "taskID" : "task_201407031554_0573_m_000038",
    "inputBytes" : 55303820,
    "inputRecords" : 1328,
    "outputBytes" : 11877243,
    "outputRecords" : 5079251
  } ],
  "finishTime" : 1404524713109,
  "reduceTasks" : [ {
    "startTime" : 1404524657173,
    "attempts" : [ {
      "result" : "SUCCESS",
      "startTime" : 1404524657994,
      "finishTime" : 1404524710648,
      "attemptID" : "attempt_201407031554_0573_r_000000_0",
      "shuffleFinished" : 1404524704714,
      "sortFinished" : 1404524706481,
      "hdfsBytesRead" : -1,
      "hdfsBytesWritten" : 57205645,
      "fileBytesRead" : 104385775,
      "fileBytesWritten" : 104444498,
      "mapInputRecords" : -1,
      "mapOutputBytes" : -1,
      "mapOutputRecords" : -1,
      "combineInputRecords" : 0,
      "reduceInputGroups" : 1790426,
      "reduceInputRecords" : 3443858,
      "reduceShuffleBytes" : 104386009,
      "reduceOutputRecords" : 1790426,
      "spilledRecords" : 3443858,
      "mapInputBytes" : -1,
      "resourceUsageMetrics" : {
        "cumulativeCpuUsage" : 6740,
        "virtualMemoryUsage" : 837812224,
        "physicalMemoryUsage" : 234409984,
        "heapUsage" : 231473152
      },
      "location" : {
        "layers" : [ "default-rack", "Slave23" ]
      },
      "hostName" : "/default-rack/Slave23"
    } ],
    "finishTime" : 1404524710135,
    "preferredLocations" : [ ],
    "taskType" : "REDUCE",
    "taskStatus" : "SUCCESS",
    "taskID" : "task_201407031554_0573_r_000000",
    "inputBytes" : 104386009,
    "inputRecords" : 3443858,
    "outputBytes" : 57205645,
    "outputRecords" : 1790426
  }, {
    "startTime" : 1404524657197,
    "attempts" : [ {
      "result" : "SUCCESS",
      "startTime" : 1404524654272,
      "finishTime" : 1404524708685,
      "attemptID" : "attempt_201407031554_0573_r_000001_0",
      "shuffleFinished" : 1404524703077,
      "sortFinished" : 1404524705049,
      "hdfsBytesRead" : -1,
      "hdfsBytesWritten" : 57278159,
      "fileBytesRead" : 104451234,
      "fileBytesWritten" : 104509957,
      "mapInputRecords" : -1,
      "mapOutputBytes" : -1,
      "mapOutputRecords" : -1,
      "combineInputRecords" : 0,
      "reduceInputGroups" : 1792618,
      "reduceInputRecords" : 3446051,
      "reduceShuffleBytes" : 104451468,
      "reduceOutputRecords" : 1792618,
      "spilledRecords" : 3446051,
      "mapInputBytes" : -1,
      "resourceUsageMetrics" : {
        "cumulativeCpuUsage" : 6940,
        "virtualMemoryUsage" : 837951488,
        "physicalMemoryUsage" : 249536512,
        "heapUsage" : 267124736
      },
      "location" : {
        "layers" : [ "default-rack", "Slave21" ]
      },
      "hostName" : "/default-rack/Slave21"
    } ],
    "finishTime" : 1404524711898,
    "preferredLocations" : [ ],
    "taskType" : "REDUCE",
    "taskStatus" : "SUCCESS",
    "taskID" : "task_201407031554_0573_r_000001",
    "inputBytes" : 104451468,
    "inputRecords" : 3446051,
    "outputBytes" : 57278159,
    "outputRecords" : 1792618
  }, {
    "startTime" : 1404524657246,
    "attempts" : [ {
      "result" : "SUCCESS",
      "startTime" : 1404524652507,
      "finishTime" : 1404524705878,
      "attemptID" : "attempt_201407031554_0573_r_000002_0",
      "shuffleFinished" : 1404524700362,
      "sortFinished" : 1404524702316,
      "hdfsBytesRead" : -1,
      "hdfsBytesWritten" : 57331325,
      "fileBytesRead" : 104550145,
      "fileBytesWritten" : 104608868,
      "mapInputRecords" : -1,
      "mapOutputBytes" : -1,
      "mapOutputRecords" : -1,
      "combineInputRecords" : 0,
      "reduceInputGroups" : 1794336,
      "reduceInputRecords" : 3450072,
      "reduceShuffleBytes" : 104550379,
      "reduceOutputRecords" : 1794336,
      "spilledRecords" : 3450072,
      "mapInputBytes" : -1,
      "resourceUsageMetrics" : {
        "cumulativeCpuUsage" : 6970,
        "virtualMemoryUsage" : 836345856,
        "physicalMemoryUsage" : 249102336,
        "heapUsage" : 214171648
      },
      "location" : {
        "layers" : [ "default-rack", "Slave22" ]
      },
      "hostName" : "/default-rack/Slave22"
    } ],
    "finishTime" : 1404524710768,
    "preferredLocations" : [ ],
    "taskType" : "REDUCE",
    "taskStatus" : "SUCCESS",
    "taskID" : "task_201407031554_0573_r_000002",
    "inputBytes" : 104550379,
    "inputRecords" : 3450072,
    "outputBytes" : 57331325,
    "outputRecords" : 1794336
  } ],
  "submitTime" : 1404524634774,
  "launchTime" : 1404524634836,
  "totalMaps" : 40,
  "totalReduces" : 3,
  "otherTasks" : [ {
    "startTime" : 1404524634915,
    "attempts" : [ {
      "result" : "SUCCESS",
      "startTime" : 1404524632071,
      "finishTime" : 1404524632701,
      "attemptID" : "attempt_201407031554_0573_m_000041_0",
      "shuffleFinished" : -1,
      "sortFinished" : -1,
      "hdfsBytesRead" : -1,
      "hdfsBytesWritten" : -1,
      "fileBytesRead" : -1,
      "fileBytesWritten" : 58815,
      "mapInputRecords" : -1,
      "mapOutputBytes" : -1,
      "mapOutputRecords" : -1,
      "combineInputRecords" : -1,
      "reduceInputGroups" : -1,
      "reduceInputRecords" : -1,
      "reduceShuffleBytes" : -1,
      "reduceOutputRecords" : -1,
      "spilledRecords" : 0,
      "mapInputBytes" : -1,
      "resourceUsageMetrics" : {
        "cumulativeCpuUsage" : 70,
        "virtualMemoryUsage" : 392720384,
        "physicalMemoryUsage" : 62304256,
        "heapUsage" : 81788928
      },
      "location" : {
        "layers" : [ "default-rack", "Slave21" ]
      },
      "hostName" : "/default-rack/Slave21"
    } ],
    "finishTime" : 1404524635820,
    "preferredLocations" : [ ],
    "taskType" : "SETUP",
    "taskStatus" : "SUCCESS",
    "taskID" : "task_201407031554_0573_m_000041",
    "inputBytes" : -1,
    "inputRecords" : -1,
    "outputBytes" : -1,
    "outputRecords" : -1
  }, {
    "startTime" : 1404524711900,
    "attempts" : [ {
      "result" : "SUCCESS",
      "startTime" : 1404524708976,
      "finishTime" : 1404524709926,
      "attemptID" : "attempt_201407031554_0573_m_000040_0",
      "shuffleFinished" : -1,
      "sortFinished" : -1,
      "hdfsBytesRead" : -1,
      "hdfsBytesWritten" : -1,
      "fileBytesRead" : -1,
      "fileBytesWritten" : 58815,
      "mapInputRecords" : -1,
      "mapOutputBytes" : -1,
      "mapOutputRecords" : -1,
      "combineInputRecords" : -1,
      "reduceInputGroups" : -1,
      "reduceInputRecords" : -1,
      "reduceShuffleBytes" : -1,
      "reduceOutputRecords" : -1,
      "spilledRecords" : 0,
      "mapInputBytes" : -1,
      "resourceUsageMetrics" : {
        "cumulativeCpuUsage" : 20,
        "virtualMemoryUsage" : 398573568,
        "physicalMemoryUsage" : 232062976,
        "heapUsage" : 205520896
      },
      "location" : {
        "layers" : [ "default-rack", "Slave21" ]
      },
      "hostName" : "/default-rack/Slave21"
    } ],
    "finishTime" : 1404524713109,
    "preferredLocations" : [ ],
    "taskType" : "CLEANUP",
    "taskStatus" : "SUCCESS",
    "taskID" : "task_201407031554_0573_m_000040",
    "inputBytes" : -1,
    "inputRecords" : -1,
    "outputBytes" : -1,
    "outputRecords" : -1
  } ],
  "queue" : "default",
  "priority" : "NORMAL"
}