{
  "priority" : "NORMAL",
  "jobID" : "job_201407031554_0103",
  "user" : "itri-hadoop",
  "jobName" : "word count",
  "queue" : "default",
  "jobProperties" : {
    "fs.s3n.impl" : "org.apache.hadoop.fs.s3native.NativeS3FileSystem",
    "mapred.task.cache.levels" : "2",
    "mapreduce.job.restart.recover" : "true",
    "mapreduce.job.counters.max" : "120",
    "dfs.client.use.datanode.hostname" : "false",
    "hadoop.tmp.dir" : "/tmp/hadoop-${user.name}",
    "hadoop.native.lib" : "true",
    "map.sort.class" : "org.apache.hadoop.util.QuickSort",
    "dfs.namenode.decommission.nodes.per.interval" : "5",
    "dfs.https.need.client.auth" : "false",
    "dfs.datanode.drop.cache.behind.writes" : "false",
    "ipc.client.idlethreshold" : "4000",
    "mapred.system.dir" : "${hadoop.tmp.dir}/mapred/system",
    "dfs.datanode.data.dir.perm" : "755",
    "mapred.job.tracker.persist.jobstatus.hours" : "0",
    "dfs.namenode.logging.level" : "info",
    "dfs.datanode.address" : "0.0.0.0:50010",
    "io.skip.checksum.errors" : "false",
    "dfs.block.access.token.enable" : "false",
    "fs.default.name" : "hdfs://Master2:9000",
    "mapred.cluster.reduce.memory.mb" : "-1",
    "mapred.reducer.new-api" : "true",
    "mapred.child.tmp" : "./tmp",
    "fs.har.impl.disable.cache" : "true",
    "dfs.safemode.threshold.pct" : "0.999f",
    "mapred.skip.reduce.max.skip.groups" : "0",
    "mapred.heartbeats.in.second" : "100",
    "dfs.namenode.handler.count" : "10",
    "dfs.blockreport.initialDelay" : "0",
    "mapred.tasktracker.dns.nameserver" : "default",
    "io.sort.factor" : "10",
    "dfs.datanode.drop.cache.behind.reads" : "false",
    "mapred.task.timeout" : "600000",
    "mapred.max.tracker.failures" : "4",
    "hadoop.rpc.socket.factory.class.default" : "org.apache.hadoop.net.StandardSocketFactory",
    "mapred.job.tracker.jobhistory.lru.cache.size" : "5",
    "fs.hdfs.impl" : "org.apache.hadoop.hdfs.DistributedFileSystem",
    "mapred.queue.default.acl-administer-jobs" : "*",
    "dfs.namenode.stale.datanode.interval" : "30000",
    "mapred.output.key.class" : "org.apache.hadoop.io.Text",
    "dfs.block.access.key.update.interval" : "600",
    "mapred.skip.map.auto.incr.proc.count" : "true",
    "mapreduce.job.complete.cancel.delegation.tokens" : "true",
    "io.mapfile.bloom.size" : "1048576",
    "mapreduce.reduce.shuffle.connect.timeout" : "180000",
    "dfs.safemode.extension" : "30000",
    "mapred.jobtracker.blacklist.fault-timeout-window" : "180",
    "dfs.namenode.write.stale.datanode.ratio" : "0.5f",
    "hadoop.skip.worker.version.check" : "false",
    "tasktracker.http.threads" : "40",
    "net.topology.impl" : "org.apache.hadoop.net.NetworkTopology",
    "mapred.job.shuffle.merge.percent" : "0.66",
    "fs.ftp.impl" : "org.apache.hadoop.fs.ftp.FTPFileSystem",
    "user.name" : "itri-hadoop",
    "dfs.namenode.kerberos.internal.spnego.principal" : "${dfs.web.authentication.kerberos.principal}",
    "mapred.output.compress" : "false",
    "io.bytes.per.checksum" : "512",
    "mapred.combine.recordsBeforeProgress" : "10000",
    "mapred.healthChecker.script.timeout" : "600000",
    "topology.node.switch.mapping.impl" : "org.apache.hadoop.net.ScriptBasedMapping",
    "dfs.https.server.keystore.resource" : "ssl-server.xml",
    "mapred.reduce.slowstart.completed.maps" : "0.05",
    "mapred.reduce.max.attempts" : "4",
    "dfs.namenode.safemode.min.datanodes" : "0",
    "mapreduce.ifile.readahead.bytes" : "4194304",
    "fs.ramfs.impl" : "org.apache.hadoop.fs.InMemoryFileSystem",
    "dfs.block.access.token.lifetime" : "600",
    "mapred.skip.map.max.skip.records" : "0",
    "dfs.name.edits.dir" : "${dfs.name.dir}",
    "mapred.cluster.map.memory.mb" : "-1",
    "hadoop.security.group.mapping" : "org.apache.hadoop.security.ShellBasedUnixGroupsMapping",
    "mapred.job.tracker.persist.jobstatus.dir" : "/jobtracker/jobsInfo",
    "mapred.jar" : "hdfs://Master2:9000/tmp/hadoop-itri-hadoop/mapred/staging/itri-hadoop/.staging/job_201407031554_0103/job.jar",
    "fs.s3.buffer.dir" : "${hadoop.tmp.dir}/s3",
    "dfs.block.size" : "67108864",
    "job.end.retry.attempts" : "0",
    "fs.file.impl" : "org.apache.hadoop.fs.LocalFileSystem",
    "dfs.namenode.avoid.write.stale.datanode" : "false",
    "dfs.datanode.max.xcievers" : "4096",
    "mapred.local.dir.minspacestart" : "0",
    "mapred.output.compression.type" : "RECORD",
    "dfs.datanode.ipc.address" : "0.0.0.0:50020",
    "dfs.permissions" : "true",
    "topology.script.number.args" : "100",
    "mapreduce.job.counters.groups.max" : "50",
    "io.mapfile.bloom.error.rate" : "0.005",
    "mapred.cluster.max.reduce.memory.mb" : "-1",
    "mapred.max.tracker.blacklists" : "4",
    "mapred.task.profile.maps" : "0-2",
    "mapred.jobtracker.jobSchedulable" : "org.apache.hadoop.mapred.JobSchedulable",
    "dfs.datanode.https.address" : "0.0.0.0:50475",
    "mapred.userlog.retain.hours" : "24",
    "dfs.secondary.http.address" : "0.0.0.0:50090",
    "dfs.namenode.replication.work.multiplier.per.iteration" : "2",
    "dfs.replication.max" : "512",
    "mapred.job.tracker.persist.jobstatus.active" : "false",
    "hadoop.security.authorization" : "false",
    "local.cache.size" : "10737418240",
    "mapred.min.split.size" : "268435456",
    "dfs.namenode.delegation.token.renew-interval" : "86400000",
    "mapred.map.tasks" : "40",
    "mapred.child.java.opts" : "-Xmx200m",
    "mapred.output.value.class" : "org.apache.hadoop.io.IntWritable",
    "dfs.https.client.keystore.resource" : "ssl-client.xml",
    "ipc.client.fallback-to-simple-auth-allowed" : "false",
    "mapred.job.queue.name" : "default",
    "mapred.job.tracker.retiredjobs.cache.size" : "1000",
    "dfs.https.address" : "0.0.0.0:50470",
    "dfs.balance.bandwidthPerSec" : "1048576",
    "ipc.server.listen.queue.size" : "128",
    "dfs.namenode.invalidate.work.pct.per.iteration" : "0.32f",
    "mapred.inmem.merge.threshold" : "1000",
    "job.end.retry.interval" : "30000",
    "mapred.skip.attempts.to.start.skipping" : "2",
    "mapreduce.tasktracker.outofband.heartbeat.damper" : "1000000",
    "hadoop.security.use-weak-http-crypto" : "false",
    "fs.checkpoint.dir" : "${hadoop.tmp.dir}/dfs/namesecondary",
    "dfs.namenode.avoid.read.stale.datanode" : "false",
    "mapred.reduce.tasks" : "3",
    "mapred.merge.recordsBeforeProgress" : "10000",
    "mapred.userlog.limit.kb" : "0",
    "mapred.job.reduce.memory.mb" : "-1",
    "webinterface.private.actions" : "false",
    "dfs.max.objects" : "0",
    "hadoop.security.token.service.use_ip" : "true",
    "io.sort.spill.percent" : "0.6",
    "mapred.job.shuffle.input.buffer.percent" : "0.70",
    "mapred.map.tasks.speculative.execution" : "true",
    "hadoop.http.authentication.type" : "simple",
    "mapred.job.name" : "word count",
    "hadoop.util.hash.type" : "murmur",
    "dfs.datanode.dns.nameserver" : "default",
    "hadoop.security.instrumentation.requires.admin" : "false",
    "dfs.blockreport.intervalMsec" : "3600000",
    "dfs.datanode.readahead.bytes" : "4193404",
    "mapred.map.max.attempts" : "4",
    "mapreduce.job.acl-view-job" : " ",
    "mapreduce.ifile.readahead" : "true",
    "mapred.jobtracker.nodegroup.aware" : "false",
    "mapred.job.tracker.handler.count" : "10",
    "dfs.client.block.write.retries" : "3",
    "mapreduce.reduce.shuffle.read.timeout" : "180000",
    "mapred.tasktracker.expiry.interval" : "600000",
    "dfs.secondary.namenode.kerberos.internal.spnego.principal" : "${dfs.web.authentication.kerberos.principal}",
    "dfs.https.enable" : "false",
    "mapred.jobtracker.job.history.block.size" : "3145728",
    "mapred.jobtracker.maxtasks.per.job" : "-1",
    "keep.failed.task.files" : "false",
    "dfs.datanode.use.datanode.hostname" : "false",
    "dfs.datanode.failed.volumes.tolerated" : "0",
    "ipc.client.tcpnodelay" : "false",
    "mapred.task.profile.reduces" : "0-2",
    "io.map.index.skip" : "0",
    "mapred.output.compression.codec" : "org.apache.hadoop.io.compress.DefaultCodec",
    "hadoop.http.authentication.token.validity" : "36000",
    "ipc.server.tcpnodelay" : "false",
    "hadoop.jetty.logs.serve.aliases" : "true",
    "mapred.working.dir" : "hdfs://Master2:9000/user/itri-hadoop",
    "mapred.jobtracker.blacklist.fault-bucket-width" : "15",
    "dfs.namenode.delegation.key.update-interval" : "86400000",
    "mapred.used.genericoptionsparser" : "true",
    "mapred.job.map.memory.mb" : "-1",
    "mapred.mapper.new-api" : "true",
    "dfs.default.chunk.view.size" : "32768",
    "hadoop.logfile.size" : "10000000",
    "mapred.reduce.tasks.speculative.execution" : "true",
    "mapreduce.tasktracker.outofband.heartbeat" : "false",
    "mapreduce.job.dir" : "hdfs://Master2:9000/tmp/hadoop-itri-hadoop/mapred/staging/itri-hadoop/.staging/job_201407031554_0103",
    "mapreduce.reduce.input.limit" : "-1",
    "dfs.datanode.du.reserved" : "0",
    "dfs.datanode.sync.behind.writes" : "false",
    "hadoop.security.authentication" : "simple",
    "fs.checkpoint.period" : "3600",
    "mapred.job.reuse.jvm.num.tasks" : "12",
    "dfs.web.ugi" : "webuser,webgroup",
    "mapred.jobtracker.completeuserjobs.maximum" : "100",
    "dfs.df.interval" : "60000",
    "mapred.task.tracker.task-controller" : "org.apache.hadoop.mapred.DefaultTaskController",
    "dfs.data.dir" : "${hadoop.tmp.dir}/dfs/data",
    "fs.s3.maxRetries" : "4",
    "dfs.datanode.dns.interface" : "default",
    "mapred.cluster.max.map.memory.mb" : "-1",
    "mapreduce.reduce.shuffle.maxfetchfailures" : "10",
    "mapreduce.job.acl-modify-job" : " ",
    "fs.hftp.impl" : "org.apache.hadoop.hdfs.HftpFileSystem",
    "mapred.local.dir" : "${hadoop.tmp.dir}/mapred/local",
    "dfs.permissions.supergroup" : "supergroup",
    "fs.s3.sleepTimeSeconds" : "10",
    "fs.trash.interval" : "0",
    "mapred.submit.replication" : "10",
    "dfs.replication.min" : "1",
    "fs.har.impl" : "org.apache.hadoop.fs.HarFileSystem",
    "hadoop.relaxed.worker.version.check" : "false",
    "mapred.map.output.compression.codec" : "org.apache.hadoop.io.compress.DefaultCodec",
    "mapred.tasktracker.dns.interface" : "default",
    "dfs.http.address" : "0.0.0.0:50070",
    "dfs.namenode.decommission.interval" : "30",
    "mapred.job.tracker" : "Master2:9001",
    "dfs.heartbeat.interval" : "3",
    "hadoop.http.authentication.signature.secret.file" : "${user.home}/hadoop-http-auth-signature-secret",
    "io.seqfile.sorter.recordlimit" : "1000000",
    "mapreduce.job.submithost" : "Master2",
    "dfs.name.dir" : "${hadoop.tmp.dir}/dfs/name",
    "mapred.jobtracker.taskScheduler" : "org.apache.hadoop.mapred.JobQueueTaskScheduler",
    "mapred.line.input.format.linespermap" : "1",
    "dfs.datanode.http.address" : "0.0.0.0:50075",
    "fs.webhdfs.impl" : "org.apache.hadoop.hdfs.web.WebHdfsFileSystem",
    "mapred.local.dir.minspacekill" : "0",
    "dfs.image.transfer.bandwidthPerSec" : "0",
    "dfs.replication.interval" : "3",
    "io.sort.record.percent" : "0.05",
    "hadoop.http.authentication.kerberos.principal" : "HTTP/localhost@LOCALHOST",
    "mapreduce.reduce.class" : "org.apache.hadoop.examples.WordCount$IntSumReducer",
    "fs.kfs.impl" : "org.apache.hadoop.fs.kfs.KosmosFileSystem",
    "mapred.tasktracker.reduce.tasks.maximum" : "4",
    "mapred.temp.dir" : "${hadoop.tmp.dir}/mapred/temp",
    "dfs.replication" : "3",
    "fs.checkpoint.edits.dir" : "${fs.checkpoint.dir}",
    "mapreduce.jobhistory.max-age-ms" : "2592000000",
    "mapred.tasktracker.tasks.sleeptime-before-sigkill" : "5000",
    "mapred.job.reduce.input.buffer.percent" : "0.0",
    "mapred.tasktracker.indexcache.mb" : "10",
    "dfs.webhdfs.enabled" : "false",
    "mapreduce.job.split.metainfo.maxsize" : "10000000",
    "hadoop.logfile.count" : "10",
    "mapred.skip.reduce.auto.incr.proc.count" : "true",
    "mapreduce.job.submithostaddress" : "192.168.1.104",
    "io.seqfile.compress.blocksize" : "1000000",
    "fs.s3.block.size" : "67108864",
    "mapred.tasktracker.taskmemorymanager.monitoring-interval" : "5000",
    "hadoop.http.authentication.simple.anonymous.allowed" : "true",
    "mapreduce.jobtracker.staging.root.dir" : "${hadoop.tmp.dir}/mapred/staging",
    "mapred.acls.enabled" : "false",
    "mapred.queue.default.state" : "RUNNING",
    "mapred.queue.names" : "default",
    "fs.hsftp.impl" : "org.apache.hadoop.hdfs.HsftpFileSystem",
    "dfs.access.time.precision" : "3600000",
    "mapred.task.tracker.http.address" : "0.0.0.0:50060",
    "mapreduce.combine.class" : "org.apache.hadoop.examples.WordCount$IntSumReducer",
    "io.seqfile.lazydecompress" : "true",
    "mapred.reduce.parallel.copies" : "5",
    "mapred.disk.healthChecker.interval" : "60000",
    "mapred.output.dir" : "/word-out",
    "ipc.client.connection.maxidletime" : "10000",
    "io.sort.mb" : "50",
    "mapred.reduce.child.java.opts" : "-Xmx1000M",
    "mapred.task.tracker.report.address" : "127.0.0.1:0",
    "hadoop.security.uid.cache.secs" : "14400",
    "mapred.compress.map.output" : "false",
    "ipc.client.kill.max" : "10",
    "mapred.healthChecker.interval" : "60000",
    "ipc.client.connect.max.retries" : "10",
    "mapreduce.map.class" : "org.apache.hadoop.examples.WordCount$TokenizerMapper",
    "fs.s3.impl" : "org.apache.hadoop.fs.s3.S3FileSystem",
    "mapred.user.jobconf.limit" : "5242880",
    "mapreduce.job.counters.group.name.max" : "128",
    "mapred.job.tracker.http.address" : "0.0.0.0:50030",
    "mapred.input.dir" : "hdfs://Master2:9000/word-in10G",
    "io.file.buffer.size" : "4096",
    "mapred.jobtracker.restart.recover" : "false",
    "io.serializations" : "org.apache.hadoop.io.serializer.WritableSerialization",
    "mapred.task.profile" : "false",
    "dfs.datanode.handler.count" : "3",
    "mapreduce.input.num.files" : "40",
    "mapreduce.jobhistory.cleaner.interval-ms" : "86400000",
    "dfs.replication.considerLoad" : "true",
    "jobclient.output.filter" : "FAILED",
    "dfs.namenode.edits.toleration.length" : "0",
    "hadoop.http.authentication.kerberos.keytab" : "${user.home}/hadoop.keytab",
    "dfs.namenode.delegation.token.max-lifetime" : "604800000",
    "mapred.tasktracker.map.tasks.maximum" : "2",
    "fs.checkpoint.size" : "67108864",
    "io.compression.codecs" : "org.apache.hadoop.io.compress.DefaultCodec,org.apache.hadoop.io.compress.GzipCodec,org.apache.hadoop.io.compress.BZip2Codec,org.apache.hadoop.io.compress.SnappyCodec",
    "mapreduce.job.counters.counter.name.max" : "64"
  },
  "computonsPerMapInputByte" : -1,
  "computonsPerMapOutputByte" : -1,
  "computonsPerReduceInputByte" : -1,
  "computonsPerReduceOutputByte" : -1,
  "heapMegabytes" : 200,
  "outcome" : "SUCCESS",
  "jobtype" : "JAVA",
  "mapTasks" : [ {
    "startTime" : 1404414984277,
    "attempts" : [ {
      "result" : "SUCCESS",
      "location" : {
        "layers" : [ "default-rack", "Slave21" ]
      },
      "hostName" : "/default-rack/Slave21",
      "startTime" : 1404414982666,
      "finishTime" : 1404415007716,
      "attemptID" : "attempt_201407031554_0103_m_000002_0",
      "shuffleFinished" : -1,
      "sortFinished" : -1,
      "hdfsBytesRead" : 256638247,
      "hdfsBytesWritten" : -1,
      "fileBytesRead" : 62542421,
      "fileBytesWritten" : 75312153,
      "mapInputRecords" : 112590,
      "mapOutputBytes" : 354832939,
      "mapOutputRecords" : 23584115,
      "combineInputRecords" : 24563288,
      "reduceInputGroups" : -1,
      "reduceInputRecords" : -1,
      "reduceShuffleBytes" : -1,
      "reduceOutputRecords" : -1,
      "spilledRecords" : 3080755,
      "mapInputBytes" : -1,
      "resourceUsageMetrics" : {
        "cumulativeCpuUsage" : 36310,
        "virtualMemoryUsage" : 397049856,
        "physicalMemoryUsage" : 170082304,
        "heapUsage" : 164364288
      }
    } ],
    "finishTime" : 1404415009612,
    "preferredLocations" : [ {
      "layers" : [ "default-rack", "Master2" ]
    }, {
      "layers" : [ "default-rack", "Slave21" ]
    }, {
      "layers" : [ "default-rack", "Slave22" ]
    } ],
    "taskType" : "MAP",
    "taskStatus" : "SUCCESS",
    "taskID" : "task_201407031554_0103_m_000002",
    "inputBytes" : 256638247,
    "inputRecords" : 112590,
    "outputBytes" : 75312153,
    "outputRecords" : 23584115
  }, {
    "startTime" : 1404414984277,
    "attempts" : [ {
      "result" : "SUCCESS",
      "location" : {
        "layers" : [ "default-rack", "Slave21" ]
      },
      "hostName" : "/default-rack/Slave21",
      "startTime" : 1404414982666,
      "finishTime" : 1404415005312,
      "attemptID" : "attempt_201407031554_0103_m_000005_0",
      "shuffleFinished" : -1,
      "sortFinished" : -1,
      "hdfsBytesRead" : 256637015,
      "hdfsBytesWritten" : -1,
      "fileBytesRead" : 69578646,
      "fileBytesWritten" : 84922798,
      "mapInputRecords" : 6257,
      "mapOutputBytes" : 353981081,
      "mapOutputRecords" : 23476364,
      "combineInputRecords" : 24453663,
      "reduceInputGroups" : -1,
      "reduceInputRecords" : -1,
      "reduceShuffleBytes" : -1,
      "reduceOutputRecords" : -1,
      "spilledRecords" : 3074439,
      "mapInputBytes" : -1,
      "resourceUsageMetrics" : {
        "cumulativeCpuUsage" : 35160,
        "virtualMemoryUsage" : 395481088,
        "physicalMemoryUsage" : 171659264,
        "heapUsage" : 163577856
      }
    } ],
    "finishTime" : 1404415007156,
    "preferredLocations" : [ {
      "layers" : [ "default-rack", "Master2" ]
    }, {
      "layers" : [ "default-rack", "Slave21" ]
    }, {
      "layers" : [ "default-rack", "Slave23" ]
    } ],
    "taskType" : "MAP",
    "taskStatus" : "SUCCESS",
    "taskID" : "task_201407031554_0103_m_000005",
    "inputBytes" : 256637015,
    "inputRecords" : 6257,
    "outputBytes" : 84922798,
    "outputRecords" : 23476364
  }, {
    "startTime" : 1404414984383,
    "attempts" : [ {
      "result" : "SUCCESS",
      "location" : {
        "layers" : [ "default-rack", "Slave22" ]
      },
      "hostName" : "/default-rack/Slave22",
      "startTime" : 1404414981889,
      "finishTime" : 1404415004624,
      "attemptID" : "attempt_201407031554_0103_m_000000_0",
      "shuffleFinished" : -1,
      "sortFinished" : -1,
      "hdfsBytesRead" : 256639996,
      "hdfsBytesWritten" : -1,
      "fileBytesRead" : 70983625,
      "fileBytesWritten" : 86473961,
      "mapInputRecords" : 6287,
      "mapOutputBytes" : 354421684,
      "mapOutputRecords" : 23479252,
      "combineInputRecords" : 24457076,
      "reduceInputGroups" : -1,
      "reduceInputRecords" : -1,
      "reduceShuffleBytes" : -1,
      "reduceOutputRecords" : -1,
      "spilledRecords" : 3076064,
      "mapInputBytes" : -1,
      "resourceUsageMetrics" : {
        "cumulativeCpuUsage" : 35730,
        "virtualMemoryUsage" : 395665408,
        "physicalMemoryUsage" : 170475520,
        "heapUsage" : 162791424
      }
    } ],
    "finishTime" : 1404415007328,
    "preferredLocations" : [ {
      "layers" : [ "default-rack", "Master2" ]
    }, {
      "layers" : [ "default-rack", "Slave23" ]
    }, {
      "layers" : [ "default-rack", "Slave22" ]
    } ],
    "taskType" : "MAP",
    "taskStatus" : "SUCCESS",
    "taskID" : "task_201407031554_0103_m_000000",
    "inputBytes" : 256639996,
    "inputRecords" : 6287,
    "outputBytes" : 86473961,
    "outputRecords" : 23479252
  }, {
    "startTime" : 1404414984383,
    "attempts" : [ {
      "result" : "SUCCESS",
      "location" : {
        "layers" : [ "default-rack", "Slave22" ]
      },
      "hostName" : "/default-rack/Slave22",
      "startTime" : 1404414981889,
      "finishTime" : 1404415004405,
      "attemptID" : "attempt_201407031554_0103_m_000001_0",
      "shuffleFinished" : -1,
      "sortFinished" : -1,
      "hdfsBytesRead" : 256639160,
      "hdfsBytesWritten" : -1,
      "fileBytesRead" : 61932935,
      "fileBytesWritten" : 74625559,
      "mapInputRecords" : 219088,
      "mapOutputBytes" : 354630398,
      "mapOutputRecords" : 23691420,
      "combineInputRecords" : 24671969,
      "reduceInputGroups" : -1,
      "reduceInputRecords" : -1,
      "reduceShuffleBytes" : -1,
      "reduceOutputRecords" : -1,
      "spilledRecords" : 3085765,
      "mapInputBytes" : -1,
      "resourceUsageMetrics" : {
        "cumulativeCpuUsage" : 35430,
        "virtualMemoryUsage" : 395907072,
        "physicalMemoryUsage" : 170119168,
        "heapUsage" : 159121408
      }
    } ],
    "finishTime" : 1404415007025,
    "preferredLocations" : [ {
      "layers" : [ "default-rack", "Master2" ]
    }, {
      "layers" : [ "default-rack", "Slave22" ]
    }, {
      "layers" : [ "default-rack", "Slave23" ]
    } ],
    "taskType" : "MAP",
    "taskStatus" : "SUCCESS",
    "taskID" : "task_201407031554_0103_m_000001",
    "inputBytes" : 256639160,
    "inputRecords" : 219088,
    "outputBytes" : 74625559,
    "outputRecords" : 23691420
  }, {
    "startTime" : 1404414984392,
    "attempts" : [ {
      "result" : "SUCCESS",
      "location" : {
        "layers" : [ "default-rack", "Slave23" ]
      },
      "hostName" : "/default-rack/Slave23",
      "startTime" : 1404414984790,
      "finishTime" : 1404415008963,
      "attemptID" : "attempt_201407031554_0103_m_000003_0",
      "shuffleFinished" : -1,
      "sortFinished" : -1,
      "hdfsBytesRead" : 256637462,
      "hdfsBytesWritten" : -1,
      "fileBytesRead" : 71839268,
      "fileBytesWritten" : 87544465,
      "mapInputRecords" : 6190,
      "mapOutputBytes" : 354734072,
      "mapOutputRecords" : 23478568,
      "combineInputRecords" : 24455975,
      "reduceInputGroups" : -1,
      "reduceInputRecords" : -1,
      "reduceShuffleBytes" : -1,
      "reduceOutputRecords" : -1,
      "spilledRecords" : 3074601,
      "mapInputBytes" : -1,
      "resourceUsageMetrics" : {
        "cumulativeCpuUsage" : 35910,
        "virtualMemoryUsage" : 399110144,
        "physicalMemoryUsage" : 173875200,
        "heapUsage" : 164102144
      }
    } ],
    "finishTime" : 1404415008789,
    "preferredLocations" : [ {
      "layers" : [ "default-rack", "Master2" ]
    }, {
      "layers" : [ "default-rack", "Slave22" ]
    }, {
      "layers" : [ "default-rack", "Slave23" ]
    } ],
    "taskType" : "MAP",
    "taskStatus" : "SUCCESS",
    "taskID" : "task_201407031554_0103_m_000003",
    "inputBytes" : 256637462,
    "inputRecords" : 6190,
    "outputBytes" : 87544465,
    "outputRecords" : 23478568
  }, {
    "startTime" : 1404414984392,
    "attempts" : [ {
      "result" : "SUCCESS",
      "location" : {
        "layers" : [ "default-rack", "Slave23" ]
      },
      "hostName" : "/default-rack/Slave23",
      "startTime" : 1404414984790,
      "finishTime" : 1404415008294,
      "attemptID" : "attempt_201407031554_0103_m_000004_0",
      "shuffleFinished" : -1,
      "sortFinished" : -1,
      "hdfsBytesRead" : 256637190,
      "hdfsBytesWritten" : -1,
      "fileBytesRead" : 70285048,
      "fileBytesWritten" : 85671405,
      "mapInputRecords" : 6253,
      "mapOutputBytes" : 354195759,
      "mapOutputRecords" : 23477445,
      "combineInputRecords" : 24454421,
      "reduceInputGroups" : -1,
      "reduceInputRecords" : -1,
      "reduceShuffleBytes" : -1,
      "reduceOutputRecords" : -1,
      "spilledRecords" : 3073284,
      "mapInputBytes" : -1,
      "resourceUsageMetrics" : {
        "cumulativeCpuUsage" : 35840,
        "virtualMemoryUsage" : 398921728,
        "physicalMemoryUsage" : 171532288,
        "heapUsage" : 163577856
      }
    } ],
    "finishTime" : 1404415008178,
    "preferredLocations" : [ {
      "layers" : [ "default-rack", "Master2" ]
    }, {
      "layers" : [ "default-rack", "Slave22" ]
    }, {
      "layers" : [ "default-rack", "Slave23" ]
    } ],
    "taskType" : "MAP",
    "taskStatus" : "SUCCESS",
    "taskID" : "task_201407031554_0103_m_000004",
    "inputBytes" : 256637190,
    "inputRecords" : 6253,
    "outputBytes" : 85671405,
    "outputRecords" : 23477445
  }, {
    "startTime" : 1404414984428,
    "attempts" : [ {
      "result" : "SUCCESS",
      "location" : {
        "layers" : [ "default-rack", "Master2" ]
      },
      "hostName" : "/default-rack/Master2",
      "startTime" : 1404414984489,
      "finishTime" : 1404415006838,
      "attemptID" : "attempt_201407031554_0103_m_000006_0",
      "shuffleFinished" : -1,
      "sortFinished" : -1,
      "hdfsBytesRead" : 256636365,
      "hdfsBytesWritten" : -1,
      "fileBytesRead" : 72092463,
      "fileBytesWritten" : 87892895,
      "mapInputRecords" : 6087,
      "mapOutputBytes" : 354842515,
      "mapOutputRecords" : 23479607,
      "combineInputRecords" : 24456678,
      "reduceInputGroups" : -1,
      "reduceInputRecords" : -1,
      "reduceShuffleBytes" : -1,
      "reduceOutputRecords" : -1,
      "spilledRecords" : 3073966,
      "mapInputBytes" : -1,
      "resourceUsageMetrics" : {
        "cumulativeCpuUsage" : 35380,
        "virtualMemoryUsage" : 398381056,
        "physicalMemoryUsage" : 170741760,
        "heapUsage" : 131858432
      }
    } ],
    "finishTime" : 1404415006997,
    "preferredLocations" : [ {
      "layers" : [ "default-rack", "Master2" ]
    }, {
      "layers" : [ "default-rack", "Slave23" ]
    }, {
      "layers" : [ "default-rack", "Slave21" ]
    } ],
    "taskType" : "MAP",
    "taskStatus" : "SUCCESS",
    "taskID" : "task_201407031554_0103_m_000006",
    "inputBytes" : 256636365,
    "inputRecords" : 6087,
    "outputBytes" : 87892895,
    "outputRecords" : 23479607
  }, {
    "startTime" : 1404414984428,
    "attempts" : [ {
      "result" : "SUCCESS",
      "location" : {
        "layers" : [ "default-rack", "Master2" ]
      },
      "hostName" : "/default-rack/Master2",
      "startTime" : 1404414984489,
      "finishTime" : 1404415008978,
      "attemptID" : "attempt_201407031554_0103_m_000007_0",
      "shuffleFinished" : -1,
      "sortFinished" : -1,
      "hdfsBytesRead" : 256635555,
      "hdfsBytesWritten" : -1,
      "fileBytesRead" : 64608752,
      "fileBytesWritten" : 77520447,
      "mapInputRecords" : 112592,
      "mapOutputBytes" : 354622719,
      "mapOutputRecords" : 23584181,
      "combineInputRecords" : 24562619,
      "reduceInputGroups" : -1,
      "reduceInputRecords" : -1,
      "reduceShuffleBytes" : -1,
      "reduceOutputRecords" : -1,
      "spilledRecords" : 3078617,
      "mapInputBytes" : -1,
      "resourceUsageMetrics" : {
        "cumulativeCpuUsage" : 35770,
        "virtualMemoryUsage" : 398823424,
        "physicalMemoryUsage" : 171069440,
        "heapUsage" : 161742848
      }
    } ],
    "finishTime" : 1404415009105,
    "preferredLocations" : [ {
      "layers" : [ "default-rack", "Master2" ]
    }, {
      "layers" : [ "default-rack", "Slave23" ]
    }, {
      "layers" : [ "default-rack", "Slave22" ]
    } ],
    "taskType" : "MAP",
    "taskStatus" : "SUCCESS",
    "taskID" : "task_201407031554_0103_m_000007",
    "inputBytes" : 256635555,
    "inputRecords" : 112592,
    "outputBytes" : 77520447,
    "outputRecords" : 23584181
  }, {
    "startTime" : 1404415006997,
    "attempts" : [ {
      "result" : "SUCCESS",
      "location" : {
        "layers" : [ "default-rack", "Master2" ]
      },
      "hostName" : "/default-rack/Master2",
      "startTime" : 1404415006998,
      "finishTime" : 1404415026363,
      "attemptID" : "attempt_201407031554_0103_m_000009_0",
      "shuffleFinished" : -1,
      "sortFinished" : -1,
      "hdfsBytesRead" : 256634993,
      "hdfsBytesWritten" : -1,
      "fileBytesRead" : 70236961,
      "fileBytesWritten" : 85646906,
      "mapInputRecords" : 6278,
      "mapOutputBytes" : 354199981,
      "mapOutputRecords" : 23479018,
      "combineInputRecords" : 24456041,
      "reduceInputGroups" : -1,
      "reduceInputRecords" : -1,
      "reduceShuffleBytes" : -1,
      "reduceOutputRecords" : -1,
      "spilledRecords" : 3073362,
      "mapInputBytes" : -1,
      "resourceUsageMetrics" : {
        "cumulativeCpuUsage" : 27910,
        "virtualMemoryUsage" : 399376384,
        "physicalMemoryUsage" : 229359616,
        "heapUsage" : 206307328
      }
    } ],
    "finishTime" : 1404415026559,
    "preferredLocations" : [ {
      "layers" : [ "default-rack", "Master2" ]
    }, {
      "layers" : [ "default-rack", "Slave22" ]
    }, {
      "layers" : [ "default-rack", "Slave21" ]
    } ],
    "taskType" : "MAP",
    "taskStatus" : "SUCCESS",
    "taskID" : "task_201407031554_0103_m_000009",
    "inputBytes" : 256634993,
    "inputRecords" : 6278,
    "outputBytes" : 85646906,
    "outputRecords" : 23479018
  }, {
    "startTime" : 1404415007025,
    "attempts" : [ {
      "result" : "SUCCESS",
      "location" : {
        "layers" : [ "default-rack", "Slave22" ]
      },
      "hostName" : "/default-rack/Slave22",
      "startTime" : 1404415004457,
      "finishTime" : 1404415025597,
      "attemptID" : "attempt_201407031554_0103_m_000008_0",
      "shuffleFinished" : -1,
      "sortFinished" : -1,
      "hdfsBytesRead" : 256635338,
      "hdfsBytesWritten" : -1,
      "fileBytesRead" : 70866830,
      "fileBytesWritten" : 86410260,
      "mapInputRecords" : 6091,
      "mapOutputBytes" : 354419394,
      "mapOutputRecords" : 23480282,
      "combineInputRecords" : 24457213,
      "reduceInputGroups" : -1,
      "reduceInputRecords" : -1,
      "reduceShuffleBytes" : -1,
      "reduceOutputRecords" : -1,
      "spilledRecords" : 3074098,
      "mapInputBytes" : -1,
      "resourceUsageMetrics" : {
        "cumulativeCpuUsage" : 29630,
        "virtualMemoryUsage" : 396902400,
        "physicalMemoryUsage" : 227368960,
        "heapUsage" : 209190912
      }
    } ],
    "finishTime" : 1404415028409,
    "preferredLocations" : [ {
      "layers" : [ "default-rack", "Slave21" ]
    }, {
      "layers" : [ "default-rack", "Slave23" ]
    }, {
      "layers" : [ "default-rack", "Slave22" ]
    } ],
    "taskType" : "MAP",
    "taskStatus" : "SUCCESS",
    "taskID" : "task_201407031554_0103_m_000008",
    "inputBytes" : 256635338,
    "inputRecords" : 6091,
    "outputBytes" : 86410260,
    "outputRecords" : 23480282
  }, {
    "startTime" : 1404415007156,
    "attempts" : [ {
      "result" : "SUCCESS",
      "location" : {
        "layers" : [ "default-rack", "Slave21" ]
      },
      "hostName" : "/default-rack/Slave21",
      "startTime" : 1404415005545,
      "finishTime" : 1404415024348,
      "attemptID" : "attempt_201407031554_0103_m_000010_0",
      "shuffleFinished" : -1,
      "sortFinished" : -1,
      "hdfsBytesRead" : 256634886,
      "hdfsBytesWritten" : -1,
      "fileBytesRead" : 71498563,
      "fileBytesWritten" : 87146706,
      "mapInputRecords" : 6123,
      "mapOutputBytes" : 354618958,
      "mapOutputRecords" : 23477321,
      "combineInputRecords" : 24454363,
      "reduceInputGroups" : -1,
      "reduceInputRecords" : -1,
      "reduceShuffleBytes" : -1,
      "reduceOutputRecords" : -1,
      "spilledRecords" : 3073370,
      "mapInputBytes" : -1,
      "resourceUsageMetrics" : {
        "cumulativeCpuUsage" : 26730,
        "virtualMemoryUsage" : 396476416,
        "physicalMemoryUsage" : 222437376,
        "heapUsage" : 175374336
      }
    } ],
    "finishTime" : 1404415026182,
    "preferredLocations" : [ {
      "layers" : [ "default-rack", "Master2" ]
    }, {
      "layers" : [ "default-rack", "Slave23" ]
    }, {
      "layers" : [ "default-rack", "Slave21" ]
    } ],
    "taskType" : "MAP",
    "taskStatus" : "SUCCESS",
    "taskID" : "task_201407031554_0103_m_000010",
    "inputBytes" : 256634886,
    "inputRecords" : 6123,
    "outputBytes" : 87146706,
    "outputRecords" : 23477321
  }, {
    "startTime" : 1404415007328,
    "attempts" : [ {
      "result" : "SUCCESS",
      "location" : {
        "layers" : [ "default-rack", "Slave22" ]
      },
      "hostName" : "/default-rack/Slave22",
      "startTime" : 1404415004758,
      "finishTime" : 1404415025181,
      "attemptID" : "attempt_201407031554_0103_m_000012_0",
      "shuffleFinished" : -1,
      "sortFinished" : -1,
      "hdfsBytesRead" : 256634810,
      "hdfsBytesWritten" : -1,
      "fileBytesRead" : 69303080,
      "fileBytesWritten" : 84507477,
      "mapInputRecords" : 6227,
      "mapOutputBytes" : 353884521,
      "mapOutputRecords" : 23479238,
      "combineInputRecords" : 24456343,
      "reduceInputGroups" : -1,
      "reduceInputRecords" : -1,
      "reduceShuffleBytes" : -1,
      "reduceOutputRecords" : -1,
      "spilledRecords" : 3072564,
      "mapInputBytes" : -1,
      "resourceUsageMetrics" : {
        "cumulativeCpuUsage" : 26680,
        "virtualMemoryUsage" : 396992512,
        "physicalMemoryUsage" : 229814272,
        "heapUsage" : 209190912
      }
    } ],
    "finishTime" : 1404415027806,
    "preferredLocations" : [ {
      "layers" : [ "default-rack", "Master2" ]
    }, {
      "layers" : [ "default-rack", "Slave22" ]
    }, {
      "layers" : [ "default-rack", "Slave21" ]
    } ],
    "taskType" : "MAP",
    "taskStatus" : "SUCCESS",
    "taskID" : "task_201407031554_0103_m_000012",
    "inputBytes" : 256634810,
    "inputRecords" : 6227,
    "outputBytes" : 84507477,
    "outputRecords" : 23479238
  }, {
    "startTime" : 1404415008178,
    "attempts" : [ {
      "result" : "SUCCESS",
      "location" : {
        "layers" : [ "default-rack", "Slave23" ]
      },
      "hostName" : "/default-rack/Slave23",
      "startTime" : 1404415008491,
      "finishTime" : 1404415032077,
      "attemptID" : "attempt_201407031554_0103_m_000011_0",
      "shuffleFinished" : -1,
      "sortFinished" : -1,
      "hdfsBytesRead" : 256634837,
      "hdfsBytesWritten" : -1,
      "fileBytesRead" : 70184174,
      "fileBytesWritten" : 85655223,
      "mapInputRecords" : 6197,
      "mapOutputBytes" : 354198447,
      "mapOutputRecords" : 23478639,
      "combineInputRecords" : 24455675,
      "reduceInputGroups" : -1,
      "reduceInputRecords" : -1,
      "reduceShuffleBytes" : -1,
      "reduceOutputRecords" : -1,
      "spilledRecords" : 3073932,
      "mapInputBytes" : -1,
      "resourceUsageMetrics" : {
        "cumulativeCpuUsage" : 30280,
        "virtualMemoryUsage" : 399917056,
        "physicalMemoryUsage" : 229937152,
        "heapUsage" : 209190912
      }
    } ],
    "finishTime" : 1404415032013,
    "preferredLocations" : [ {
      "layers" : [ "default-rack", "Master2" ]
    }, {
      "layers" : [ "default-rack", "Slave23" ]
    }, {
      "layers" : [ "default-rack", "Slave21" ]
    } ],
    "taskType" : "MAP",
    "taskStatus" : "SUCCESS",
    "taskID" : "task_201407031554_0103_m_000011",
    "inputBytes" : 256634837,
    "inputRecords" : 6197,
    "outputBytes" : 85655223,
    "outputRecords" : 23478639
  }, {
    "startTime" : 1404415008789,
    "attempts" : [ {
      "result" : "SUCCESS",
      "location" : {
        "layers" : [ "default-rack", "Slave23" ]
      },
      "hostName" : "/default-rack/Slave23",
      "startTime" : 1404415009102,
      "finishTime" : 1404415032001,
      "attemptID" : "attempt_201407031554_0103_m_000013_0",
      "shuffleFinished" : -1,
      "sortFinished" : -1,
      "hdfsBytesRead" : 256634749,
      "hdfsBytesWritten" : -1,
      "fileBytesRead" : 64171955,
      "fileBytesWritten" : 77101773,
      "mapInputRecords" : 6105,
      "mapOutputBytes" : 355045811,
      "mapOutputRecords" : 23583894,
      "combineInputRecords" : 24562153,
      "reduceInputGroups" : -1,
      "reduceInputRecords" : -1,
      "reduceShuffleBytes" : -1,
      "reduceOutputRecords" : -1,
      "spilledRecords" : 3077418,
      "mapInputBytes" : -1,
      "resourceUsageMetrics" : {
        "cumulativeCpuUsage" : 31310,
        "virtualMemoryUsage" : 400105472,
        "physicalMemoryUsage" : 220524544,
        "heapUsage" : 150994944
      }
    } ],
    "finishTime" : 1404415031712,
    "preferredLocations" : [ {
      "layers" : [ "default-rack", "Slave21" ]
    }, {
      "layers" : [ "default-rack", "Slave23" ]
    }, {
      "layers" : [ "default-rack", "Slave22" ]
    } ],
    "taskType" : "MAP",
    "taskStatus" : "SUCCESS",
    "taskID" : "task_201407031554_0103_m_000013",
    "inputBytes" : 256634749,
    "inputRecords" : 6105,
    "outputBytes" : 77101773,
    "outputRecords" : 23583894
  }, {
    "startTime" : 1404415009105,
    "attempts" : [ {
      "result" : "SUCCESS",
      "location" : {
        "layers" : [ "default-rack", "Master2" ]
      },
      "hostName" : "/default-rack/Master2",
      "startTime" : 1404415009106,
      "finishTime" : 1404415031447,
      "attemptID" : "attempt_201407031554_0103_m_000014_0",
      "shuffleFinished" : -1,
      "sortFinished" : -1,
      "hdfsBytesRead" : 256634712,
      "hdfsBytesWritten" : -1,
      "fileBytesRead" : 68454965,
      "fileBytesWritten" : 83400361,
      "mapInputRecords" : 6212,
      "mapOutputBytes" : 353554088,
      "mapOutputRecords" : 23477343,
      "combineInputRecords" : 24454277,
      "reduceInputGroups" : -1,
      "reduceInputRecords" : -1,
      "reduceShuffleBytes" : -1,
      "reduceOutputRecords" : -1,
      "spilledRecords" : 3073355,
      "mapInputBytes" : -1,
      "resourceUsageMetrics" : {
        "cumulativeCpuUsage" : 29800,
        "virtualMemoryUsage" : 399818752,
        "physicalMemoryUsage" : 220344320,
        "heapUsage" : 171180032
      }
    } ],
    "finishTime" : 1404415031675,
    "preferredLocations" : [ {
      "layers" : [ "default-rack", "Master2" ]
    }, {
      "layers" : [ "default-rack", "Slave21" ]
    }, {
      "layers" : [ "default-rack", "Slave23" ]
    } ],
    "taskType" : "MAP",
    "taskStatus" : "SUCCESS",
    "taskID" : "task_201407031554_0103_m_000014",
    "inputBytes" : 256634712,
    "inputRecords" : 6212,
    "outputBytes" : 83400361,
    "outputRecords" : 23477343
  }, {
    "startTime" : 1404415009612,
    "attempts" : [ {
      "result" : "SUCCESS",
      "location" : {
        "layers" : [ "default-rack", "Slave21" ]
      },
      "hostName" : "/default-rack/Slave21",
      "startTime" : 1404415008001,
      "finishTime" : 1404415027555,
      "attemptID" : "attempt_201407031554_0103_m_000015_0",
      "shuffleFinished" : -1,
      "sortFinished" : -1,
      "hdfsBytesRead" : 256634603,
      "hdfsBytesWritten" : -1,
      "fileBytesRead" : 69856131,
      "fileBytesWritten" : 85237150,
      "mapInputRecords" : 6177,
      "mapOutputBytes" : 354096679,
      "mapOutputRecords" : 23479525,
      "combineInputRecords" : 24456225,
      "reduceInputGroups" : -1,
      "reduceInputRecords" : -1,
      "reduceShuffleBytes" : -1,
      "reduceOutputRecords" : -1,
      "spilledRecords" : 3071730,
      "mapInputBytes" : -1,
      "resourceUsageMetrics" : {
        "cumulativeCpuUsage" : 27960,
        "virtualMemoryUsage" : 398045184,
        "physicalMemoryUsage" : 228327424,
        "heapUsage" : 206569472
      }
    } ],
    "finishTime" : 1404415029193,
    "preferredLocations" : [ {
      "layers" : [ "default-rack", "Master2" ]
    }, {
      "layers" : [ "default-rack", "Slave22" ]
    }, {
      "layers" : [ "default-rack", "Slave21" ]
    } ],
    "taskType" : "MAP",
    "taskStatus" : "SUCCESS",
    "taskID" : "task_201407031554_0103_m_000015",
    "inputBytes" : 256634603,
    "inputRecords" : 6177,
    "outputBytes" : 85237150,
    "outputRecords" : 23479525
  }, {
    "startTime" : 1404415026183,
    "attempts" : [ {
      "result" : "SUCCESS",
      "location" : {
        "layers" : [ "default-rack", "Slave21" ]
      },
      "hostName" : "/default-rack/Slave21",
      "startTime" : 1404415024571,
      "finishTime" : 1404415043554,
      "attemptID" : "attempt_201407031554_0103_m_000016_0",
      "shuffleFinished" : -1,
      "sortFinished" : -1,
      "hdfsBytesRead" : 256634574,
      "hdfsBytesWritten" : -1,
      "fileBytesRead" : 68998855,
      "fileBytesWritten" : 84199750,
      "mapInputRecords" : 6223,
      "mapOutputBytes" : 353765494,
      "mapOutputRecords" : 23477094,
      "combineInputRecords" : 24454533,
      "reduceInputGroups" : -1,
      "reduceInputRecords" : -1,
      "reduceShuffleBytes" : -1,
      "reduceOutputRecords" : -1,
      "spilledRecords" : 3074873,
      "mapInputBytes" : -1,
      "resourceUsageMetrics" : {
        "cumulativeCpuUsage" : 27410,
        "virtualMemoryUsage" : 396476416,
        "physicalMemoryUsage" : 230850560,
        "heapUsage" : 208928768
      }
    } ],
    "finishTime" : 1404415045463,
    "preferredLocations" : [ {
      "layers" : [ "default-rack", "Master2" ]
    }, {
      "layers" : [ "default-rack", "Slave22" ]
    }, {
      "layers" : [ "default-rack", "Slave21" ]
    } ],
    "taskType" : "MAP",
    "taskStatus" : "SUCCESS",
    "taskID" : "task_201407031554_0103_m_000016",
    "inputBytes" : 256634574,
    "inputRecords" : 6223,
    "outputBytes" : 84199750,
    "outputRecords" : 23477094
  }, {
    "startTime" : 1404415026559,
    "attempts" : [ {
      "result" : "SUCCESS",
      "location" : {
        "layers" : [ "default-rack", "Master2" ]
      },
      "hostName" : "/default-rack/Master2",
      "startTime" : 1404415026560,
      "finishTime" : 1404415046505,
      "attemptID" : "attempt_201407031554_0103_m_000017_0",
      "shuffleFinished" : -1,
      "sortFinished" : -1,
      "hdfsBytesRead" : 256634558,
      "hdfsBytesWritten" : -1,
      "fileBytesRead" : 69584754,
      "fileBytesWritten" : 84893463,
      "mapInputRecords" : 6163,
      "mapOutputBytes" : 353986406,
      "mapOutputRecords" : 23478826,
      "combineInputRecords" : 24455717,
      "reduceInputGroups" : -1,
      "reduceInputRecords" : -1,
      "reduceShuffleBytes" : -1,
      "reduceOutputRecords" : -1,
      "spilledRecords" : 3072873,
      "mapInputBytes" : -1,
      "resourceUsageMetrics" : {
        "cumulativeCpuUsage" : 27880,
        "virtualMemoryUsage" : 399376384,
        "physicalMemoryUsage" : 204406784,
        "heapUsage" : 153092096
      }
    } ],
    "finishTime" : 1404415046775,
    "preferredLocations" : [ {
      "layers" : [ "default-rack", "Master2" ]
    }, {
      "layers" : [ "default-rack", "Slave22" ]
    }, {
      "layers" : [ "default-rack", "Slave21" ]
    } ],
    "taskType" : "MAP",
    "taskStatus" : "SUCCESS",
    "taskID" : "task_201407031554_0103_m_000017",
    "inputBytes" : 256634558,
    "inputRecords" : 6163,
    "outputBytes" : 84893463,
    "outputRecords" : 23478826
  }, {
    "startTime" : 1404415027806,
    "attempts" : [ {
      "result" : "SUCCESS",
      "location" : {
        "layers" : [ "default-rack", "Slave22" ]
      },
      "hostName" : "/default-rack/Slave22",
      "startTime" : 1404415025235,
      "finishTime" : 1404415044233,
      "attemptID" : "attempt_201407031554_0103_m_000018_0",
      "shuffleFinished" : -1,
      "sortFinished" : -1,
      "hdfsBytesRead" : 256634486,
      "hdfsBytesWritten" : -1,
      "fileBytesRead" : 71545942,
      "fileBytesWritten" : 87120617,
      "mapInputRecords" : 6198,
      "mapOutputBytes" : 354638828,
      "mapOutputRecords" : 23482323,
      "combineInputRecords" : 24459325,
      "reduceInputGroups" : -1,
      "reduceInputRecords" : -1,
      "reduceShuffleBytes" : -1,
      "reduceOutputRecords" : -1,
      "spilledRecords" : 3072274,
      "mapInputBytes" : -1,
      "resourceUsageMetrics" : {
        "cumulativeCpuUsage" : 27260,
        "virtualMemoryUsage" : 396992512,
        "physicalMemoryUsage" : 206200832,
        "heapUsage" : 157024256
      }
    } ],
    "finishTime" : 1404415047088,
    "preferredLocations" : [ {
      "layers" : [ "default-rack", "Master2" ]
    }, {
      "layers" : [ "default-rack", "Slave22" ]
    }, {
      "layers" : [ "default-rack", "Slave23" ]
    } ],
    "taskType" : "MAP",
    "taskStatus" : "SUCCESS",
    "taskID" : "task_201407031554_0103_m_000018",
    "inputBytes" : 256634486,
    "inputRecords" : 6198,
    "outputBytes" : 87120617,
    "outputRecords" : 23482323
  }, {
    "startTime" : 1404415028409,
    "attempts" : [ {
      "result" : "SUCCESS",
      "location" : {
        "layers" : [ "default-rack", "Slave22" ]
      },
      "hostName" : "/default-rack/Slave22",
      "startTime" : 1404415025839,
      "finishTime" : 1404415045992,
      "attemptID" : "attempt_201407031554_0103_m_000019_0",
      "shuffleFinished" : -1,
      "sortFinished" : -1,
      "hdfsBytesRead" : 256634040,
      "hdfsBytesWritten" : -1,
      "fileBytesRead" : 70179525,
      "fileBytesWritten" : 85654195,
      "mapInputRecords" : 6278,
      "mapOutputBytes" : 354195442,
      "mapOutputRecords" : 23478486,
      "combineInputRecords" : 24455095,
      "reduceInputGroups" : -1,
      "reduceInputRecords" : -1,
      "reduceShuffleBytes" : -1,
      "reduceOutputRecords" : -1,
      "spilledRecords" : 3072964,
      "mapInputBytes" : -1,
      "resourceUsageMetrics" : {
        "cumulativeCpuUsage" : 29070,
        "virtualMemoryUsage" : 396902400,
        "physicalMemoryUsage" : 206487552,
        "heapUsage" : 156762112
      }
    } ],
    "finishTime" : 1404415048596,
    "preferredLocations" : [ {
      "layers" : [ "default-rack", "Slave22" ]
    }, {
      "layers" : [ "default-rack", "Slave21" ]
    }, {
      "layers" : [ "default-rack", "Slave23" ]
    } ],
    "taskType" : "MAP",
    "taskStatus" : "SUCCESS",
    "taskID" : "task_201407031554_0103_m_000019",
    "inputBytes" : 256634040,
    "inputRecords" : 6278,
    "outputBytes" : 85654195,
    "outputRecords" : 23478486
  }, {
    "startTime" : 1404415029193,
    "attempts" : [ {
      "result" : "SUCCESS",
      "location" : {
        "layers" : [ "default-rack", "Slave21" ]
      },
      "hostName" : "/default-rack/Slave21",
      "startTime" : 1404415027581,
      "finishTime" : 1404415046828,
      "attemptID" : "attempt_201407031554_0103_m_000020_0",
      "shuffleFinished" : -1,
      "sortFinished" : -1,
      "hdfsBytesRead" : 256633961,
      "hdfsBytesWritten" : -1,
      "fileBytesRead" : 70940326,
      "fileBytesWritten" : 86433890,
      "mapInputRecords" : 6080,
      "mapOutputBytes" : 354408397,
      "mapOutputRecords" : 23478666,
      "combineInputRecords" : 24455849,
      "reduceInputGroups" : -1,
      "reduceInputRecords" : -1,
      "reduceShuffleBytes" : -1,
      "reduceOutputRecords" : -1,
      "spilledRecords" : 3074798,
      "mapInputBytes" : -1,
      "resourceUsageMetrics" : {
        "cumulativeCpuUsage" : 27880,
        "virtualMemoryUsage" : 398045184,
        "physicalMemoryUsage" : 205840384,
        "heapUsage" : 156237824
      }
    } ],
    "finishTime" : 1404415048475,
    "preferredLocations" : [ {
      "layers" : [ "default-rack", "Master2" ]
    }, {
      "layers" : [ "default-rack", "Slave21" ]
    }, {
      "layers" : [ "default-rack", "Slave22" ]
    } ],
    "taskType" : "MAP",
    "taskStatus" : "SUCCESS",
    "taskID" : "task_201407031554_0103_m_000020",
    "inputBytes" : 256633961,
    "inputRecords" : 6080,
    "outputBytes" : 86433890,
    "outputRecords" : 23478666
  }, {
    "startTime" : 1404415031675,
    "attempts" : [ {
      "result" : "SUCCESS",
      "location" : {
        "layers" : [ "default-rack", "Master2" ]
      },
      "hostName" : "/default-rack/Master2",
      "startTime" : 1404415031676,
      "finishTime" : 1404415051495,
      "attemptID" : "attempt_201407031554_0103_m_000022_0",
      "shuffleFinished" : -1,
      "sortFinished" : -1,
      "hdfsBytesRead" : 256633760,
      "hdfsBytesWritten" : -1,
      "fileBytesRead" : 59633907,
      "fileBytesWritten" : 71108627,
      "mapInputRecords" : 6169,
      "mapOutputBytes" : 354623914,
      "mapOutputRecords" : 23585376,
      "combineInputRecords" : 24563740,
      "reduceInputGroups" : -1,
      "reduceInputRecords" : -1,
      "reduceShuffleBytes" : -1,
      "reduceOutputRecords" : -1,
      "spilledRecords" : 3077572,
      "mapInputBytes" : -1,
      "resourceUsageMetrics" : {
        "cumulativeCpuUsage" : 28340,
        "virtualMemoryUsage" : 399818752,
        "physicalMemoryUsage" : 232390656,
        "heapUsage" : 209190912
      }
    } ],
    "finishTime" : 1404415051589,
    "preferredLocations" : [ {
      "layers" : [ "default-rack", "Master2" ]
    }, {
      "layers" : [ "default-rack", "Slave23" ]
    }, {
      "layers" : [ "default-rack", "Slave21" ]
    } ],
    "taskType" : "MAP",
    "taskStatus" : "SUCCESS",
    "taskID" : "task_201407031554_0103_m_000022",
    "inputBytes" : 256633760,
    "inputRecords" : 6169,
    "outputBytes" : 71108627,
    "outputRecords" : 23585376
  }, {
    "startTime" : 1404415031712,
    "attempts" : [ {
      "result" : "SUCCESS",
      "location" : {
        "layers" : [ "default-rack", "Slave23" ]
      },
      "hostName" : "/default-rack/Slave23",
      "startTime" : 1404415032025,
      "finishTime" : 1404415054104,
      "attemptID" : "attempt_201407031554_0103_m_000021_0",
      "shuffleFinished" : -1,
      "sortFinished" : -1,
      "hdfsBytesRead" : 256633956,
      "hdfsBytesWritten" : -1,
      "fileBytesRead" : 70874990,
      "fileBytesWritten" : 86374235,
      "mapInputRecords" : 6236,
      "mapOutputBytes" : 354405518,
      "mapOutputRecords" : 23477326,
      "combineInputRecords" : 24454158,
      "reduceInputGroups" : -1,
      "reduceInputRecords" : -1,
      "reduceShuffleBytes" : -1,
      "reduceOutputRecords" : -1,
      "spilledRecords" : 3072705,
      "mapInputBytes" : -1,
      "resourceUsageMetrics" : {
        "cumulativeCpuUsage" : 29590,
        "virtualMemoryUsage" : 400105472,
        "physicalMemoryUsage" : 231157760,
        "heapUsage" : 208928768
      }
    } ],
    "finishTime" : 1404415054003,
    "preferredLocations" : [ {
      "layers" : [ "default-rack", "Slave22" ]
    }, {
      "layers" : [ "default-rack", "Slave23" ]
    }, {
      "layers" : [ "default-rack", "Slave21" ]
    } ],
    "taskType" : "MAP",
    "taskStatus" : "SUCCESS",
    "taskID" : "task_201407031554_0103_m_000021",
    "inputBytes" : 256633956,
    "inputRecords" : 6236,
    "outputBytes" : 86374235,
    "outputRecords" : 23477326
  }, {
    "startTime" : 1404415032014,
    "attempts" : [ {
      "result" : "SUCCESS",
      "location" : {
        "layers" : [ "default-rack", "Slave23" ]
      },
      "hostName" : "/default-rack/Slave23",
      "startTime" : 1404415032326,
      "finishTime" : 1404415051955,
      "attemptID" : "attempt_201407031554_0103_m_000023_0",
      "shuffleFinished" : -1,
      "sortFinished" : -1,
      "hdfsBytesRead" : 256633638,
      "hdfsBytesWritten" : -1,
      "fileBytesRead" : 64560306,
      "fileBytesWritten" : 77466356,
      "mapInputRecords" : 6228,
      "mapOutputBytes" : 354831800,
      "mapOutputRecords" : 23584291,
      "combineInputRecords" : 24562242,
      "reduceInputGroups" : -1,
      "reduceInputRecords" : -1,
      "reduceShuffleBytes" : -1,
      "reduceOutputRecords" : -1,
      "spilledRecords" : 3077063,
      "mapInputBytes" : -1,
      "resourceUsageMetrics" : {
        "cumulativeCpuUsage" : 28640,
        "virtualMemoryUsage" : 399917056,
        "physicalMemoryUsage" : 207712256,
        "heapUsage" : 156237824
      }
    } ],
    "finishTime" : 1404415051894,
    "preferredLocations" : [ {
      "layers" : [ "default-rack", "Slave22" ]
    }, {
      "layers" : [ "default-rack", "Slave23" ]
    }, {
      "layers" : [ "default-rack", "Slave21" ]
    } ],
    "taskType" : "MAP",
    "taskStatus" : "SUCCESS",
    "taskID" : "task_201407031554_0103_m_000023",
    "inputBytes" : 256633638,
    "inputRecords" : 6228,
    "outputBytes" : 77466356,
    "outputRecords" : 23584291
  }, {
    "startTime" : 1404415045463,
    "attempts" : [ {
      "result" : "SUCCESS",
      "location" : {
        "layers" : [ "default-rack", "Slave21" ]
      },
      "hostName" : "/default-rack/Slave21",
      "startTime" : 1404415043851,
      "finishTime" : 1404415063977,
      "attemptID" : "attempt_201407031554_0103_m_000025_0",
      "shuffleFinished" : -1,
      "sortFinished" : -1,
      "hdfsBytesRead" : 256633033,
      "hdfsBytesWritten" : -1,
      "fileBytesRead" : 70834291,
      "fileBytesWritten" : 86366159,
      "mapInputRecords" : 6107,
      "mapOutputBytes" : 354406467,
      "mapOutputRecords" : 23477851,
      "combineInputRecords" : 24454401,
      "reduceInputGroups" : -1,
      "reduceInputRecords" : -1,
      "reduceShuffleBytes" : -1,
      "reduceOutputRecords" : -1,
      "spilledRecords" : 3071463,
      "mapInputBytes" : -1,
      "resourceUsageMetrics" : {
        "cumulativeCpuUsage" : 28510,
        "virtualMemoryUsage" : 396476416,
        "physicalMemoryUsage" : 206864384,
        "heapUsage" : 150470656
      }
    } ],
    "finishTime" : 1404415065730,
    "preferredLocations" : [ {
      "layers" : [ "default-rack", "Master2" ]
    }, {
      "layers" : [ "default-rack", "Slave21" ]
    }, {
      "layers" : [ "default-rack", "Slave23" ]
    } ],
    "taskType" : "MAP",
    "taskStatus" : "SUCCESS",
    "taskID" : "task_201407031554_0103_m_000025",
    "inputBytes" : 256633033,
    "inputRecords" : 6107,
    "outputBytes" : 86366159,
    "outputRecords" : 23477851
  }, {
    "startTime" : 1404415046776,
    "attempts" : [ {
      "result" : "SUCCESS",
      "location" : {
        "layers" : [ "default-rack", "Master2" ]
      },
      "hostName" : "/default-rack/Master2",
      "startTime" : 1404415046777,
      "finishTime" : 1404415066877,
      "attemptID" : "attempt_201407031554_0103_m_000024_0",
      "shuffleFinished" : -1,
      "sortFinished" : -1,
      "hdfsBytesRead" : 256633575,
      "hdfsBytesWritten" : -1,
      "fileBytesRead" : 69598909,
      "fileBytesWritten" : 84890111,
      "mapInputRecords" : 6180,
      "mapOutputBytes" : 353982443,
      "mapOutputRecords" : 23478229,
      "combineInputRecords" : 24455406,
      "reduceInputGroups" : -1,
      "reduceInputRecords" : -1,
      "reduceShuffleBytes" : -1,
      "reduceOutputRecords" : -1,
      "spilledRecords" : 3073376,
      "mapInputBytes" : -1,
      "resourceUsageMetrics" : {
        "cumulativeCpuUsage" : 28940,
        "virtualMemoryUsage" : 399376384,
        "physicalMemoryUsage" : 223555584,
        "heapUsage" : 168558592
      }
    } ],
    "finishTime" : 1404415066937,
    "preferredLocations" : [ {
      "layers" : [ "default-rack", "Master2" ]
    }, {
      "layers" : [ "default-rack", "Slave22" ]
    }, {
      "layers" : [ "default-rack", "Slave23" ]
    } ],
    "taskType" : "MAP",
    "taskStatus" : "SUCCESS",
    "taskID" : "task_201407031554_0103_m_000024",
    "inputBytes" : 256633575,
    "inputRecords" : 6180,
    "outputBytes" : 84890111,
    "outputRecords" : 23478229
  }, {
    "startTime" : 1404415047088,
    "attempts" : [ {
      "result" : "SUCCESS",
      "location" : {
        "layers" : [ "default-rack", "Slave22" ]
      },
      "hostName" : "/default-rack/Slave22",
      "startTime" : 1404415044517,
      "finishTime" : 1404415064262,
      "attemptID" : "attempt_201407031554_0103_m_000027_0",
      "shuffleFinished" : -1,
      "sortFinished" : -1,
      "hdfsBytesRead" : 256632932,
      "hdfsBytesWritten" : -1,
      "fileBytesRead" : 71508929,
      "fileBytesWritten" : 87145570,
      "mapInputRecords" : 6152,
      "mapOutputBytes" : 354623496,
      "mapOutputRecords" : 23479094,
      "combineInputRecords" : 24455838,
      "reduceInputGroups" : -1,
      "reduceInputRecords" : -1,
      "reduceShuffleBytes" : -1,
      "reduceOutputRecords" : -1,
      "spilledRecords" : 3072859,
      "mapInputBytes" : -1,
      "resourceUsageMetrics" : {
        "cumulativeCpuUsage" : 28260,
        "virtualMemoryUsage" : 396992512,
        "physicalMemoryUsage" : 232198144,
        "heapUsage" : 207093760
      }
    } ],
    "finishTime" : 1404415067001,
    "preferredLocations" : [ {
      "layers" : [ "default-rack", "Master2" ]
    }, {
      "layers" : [ "default-rack", "Slave21" ]
    }, {
      "layers" : [ "default-rack", "Slave22" ]
    } ],
    "taskType" : "MAP",
    "taskStatus" : "SUCCESS",
    "taskID" : "task_201407031554_0103_m_000027",
    "inputBytes" : 256632932,
    "inputRecords" : 6152,
    "outputBytes" : 87145570,
    "outputRecords" : 23479094
  }, {
    "startTime" : 1404415048475,
    "attempts" : [ {
      "result" : "SUCCESS",
      "location" : {
        "layers" : [ "default-rack", "Slave21" ]
      },
      "hostName" : "/default-rack/Slave21",
      "startTime" : 1404415046863,
      "finishTime" : 1404415066754,
      "attemptID" : "attempt_201407031554_0103_m_000026_0",
      "shuffleFinished" : -1,
      "sortFinished" : -1,
      "hdfsBytesRead" : 256632990,
      "hdfsBytesWritten" : -1,
      "fileBytesRead" : 71530146,
      "fileBytesWritten" : 87140240,
      "mapInputRecords" : 6181,
      "mapOutputBytes" : 354623426,
      "mapOutputRecords" : 23478731,
      "combineInputRecords" : 24455270,
      "reduceInputGroups" : -1,
      "reduceInputRecords" : -1,
      "reduceShuffleBytes" : -1,
      "reduceOutputRecords" : -1,
      "spilledRecords" : 3072007,
      "mapInputBytes" : -1,
      "resourceUsageMetrics" : {
        "cumulativeCpuUsage" : 28210,
        "virtualMemoryUsage" : 398045184,
        "physicalMemoryUsage" : 235077632,
        "heapUsage" : 205783040
      }
    } ],
    "finishTime" : 1404415068439,
    "preferredLocations" : [ {
      "layers" : [ "default-rack", "Master2" ]
    }, {
      "layers" : [ "default-rack", "Slave23" ]
    }, {
      "layers" : [ "default-rack", "Slave21" ]
    } ],
    "taskType" : "MAP",
    "taskStatus" : "SUCCESS",
    "taskID" : "task_201407031554_0103_m_000026",
    "inputBytes" : 256632990,
    "inputRecords" : 6181,
    "outputBytes" : 87140240,
    "outputRecords" : 23478731
  }, {
    "startTime" : 1404415048600,
    "attempts" : [ {
      "result" : "SUCCESS",
      "location" : {
        "layers" : [ "default-rack", "Slave22" ]
      },
      "hostName" : "/default-rack/Slave22",
      "startTime" : 1404415046029,
      "finishTime" : 1404415065182,
      "attemptID" : "attempt_201407031554_0103_m_000029_0",
      "shuffleFinished" : -1,
      "sortFinished" : -1,
      "hdfsBytesRead" : 256632830,
      "hdfsBytesWritten" : -1,
      "fileBytesRead" : 71445610,
      "fileBytesWritten" : 87114851,
      "mapInputRecords" : 6175,
      "mapOutputBytes" : 354616756,
      "mapOutputRecords" : 23477741,
      "combineInputRecords" : 24454138,
      "reduceInputGroups" : -1,
      "reduceInputRecords" : -1,
      "reduceShuffleBytes" : -1,
      "reduceOutputRecords" : -1,
      "spilledRecords" : 3072306,
      "mapInputBytes" : -1,
      "resourceUsageMetrics" : {
        "cumulativeCpuUsage" : 27420,
        "virtualMemoryUsage" : 396902400,
        "physicalMemoryUsage" : 238788608,
        "heapUsage" : 206831616
      }
    } ],
    "finishTime" : 1404415067904,
    "preferredLocations" : [ {
      "layers" : [ "default-rack", "Slave21" ]
    }, {
      "layers" : [ "default-rack", "Slave23" ]
    }, {
      "layers" : [ "default-rack", "Slave22" ]
    } ],
    "taskType" : "MAP",
    "taskStatus" : "SUCCESS",
    "taskID" : "task_201407031554_0103_m_000029",
    "inputBytes" : 256632830,
    "inputRecords" : 6175,
    "outputBytes" : 87114851,
    "outputRecords" : 23477741
  }, {
    "startTime" : 1404415051589,
    "attempts" : [ {
      "result" : "SUCCESS",
      "location" : {
        "layers" : [ "default-rack", "Master2" ]
      },
      "hostName" : "/default-rack/Master2",
      "startTime" : 1404415051590,
      "finishTime" : 1404415072484,
      "attemptID" : "attempt_201407031554_0103_m_000028_0",
      "shuffleFinished" : -1,
      "sortFinished" : -1,
      "hdfsBytesRead" : 256632898,
      "hdfsBytesWritten" : -1,
      "fileBytesRead" : 70212550,
      "fileBytesWritten" : 85614153,
      "mapInputRecords" : 6238,
      "mapOutputBytes" : 354191172,
      "mapOutputRecords" : 23477455,
      "combineInputRecords" : 24454181,
      "reduceInputGroups" : -1,
      "reduceInputRecords" : -1,
      "reduceShuffleBytes" : -1,
      "reduceOutputRecords" : -1,
      "spilledRecords" : 3072479,
      "mapInputBytes" : -1,
      "resourceUsageMetrics" : {
        "cumulativeCpuUsage" : 29610,
        "virtualMemoryUsage" : 399818752,
        "physicalMemoryUsage" : 207843328,
        "heapUsage" : 149422080
      }
    } ],
    "finishTime" : 1404415072656,
    "preferredLocations" : [ {
      "layers" : [ "default-rack", "Master2" ]
    }, {
      "layers" : [ "default-rack", "Slave23" ]
    }, {
      "layers" : [ "default-rack", "Slave21" ]
    } ],
    "taskType" : "MAP",
    "taskStatus" : "SUCCESS",
    "taskID" : "task_201407031554_0103_m_000028",
    "inputBytes" : 256632898,
    "inputRecords" : 6238,
    "outputBytes" : 85614153,
    "outputRecords" : 23477455
  }, {
    "startTime" : 1404415051894,
    "attempts" : [ {
      "result" : "SUCCESS",
      "location" : {
        "layers" : [ "default-rack", "Slave23" ]
      },
      "hostName" : "/default-rack/Slave23",
      "startTime" : 1404415052207,
      "finishTime" : 1404415071790,
      "attemptID" : "attempt_201407031554_0103_m_000030_0",
      "shuffleFinished" : -1,
      "sortFinished" : -1,
      "hdfsBytesRead" : 256632446,
      "hdfsBytesWritten" : -1,
      "fileBytesRead" : 68410249,
      "fileBytesWritten" : 83357291,
      "mapInputRecords" : 6182,
      "mapOutputBytes" : 353562474,
      "mapOutputRecords" : 23479833,
      "combineInputRecords" : 24456359,
      "reduceInputGroups" : -1,
      "reduceInputRecords" : -1,
      "reduceShuffleBytes" : -1,
      "reduceOutputRecords" : -1,
      "spilledRecords" : 3071270,
      "mapInputBytes" : -1,
      "resourceUsageMetrics" : {
        "cumulativeCpuUsage" : 27690,
        "virtualMemoryUsage" : 399917056,
        "physicalMemoryUsage" : 224743424,
        "heapUsage" : 173801472
      }
    } ],
    "finishTime" : 1404415071504,
    "preferredLocations" : [ {
      "layers" : [ "default-rack", "Master2" ]
    }, {
      "layers" : [ "default-rack", "Slave21" ]
    }, {
      "layers" : [ "default-rack", "Slave23" ]
    } ],
    "taskType" : "MAP",
    "taskStatus" : "SUCCESS",
    "taskID" : "task_201407031554_0103_m_000030",
    "inputBytes" : 256632446,
    "inputRecords" : 6182,
    "outputBytes" : 83357291,
    "outputRecords" : 23479833
  }, {
    "startTime" : 1404415054003,
    "attempts" : [ {
      "result" : "SUCCESS",
      "location" : {
        "layers" : [ "default-rack", "Slave23" ]
      },
      "hostName" : "/default-rack/Slave23",
      "startTime" : 1404415054316,
      "finishTime" : 1404415075703,
      "attemptID" : "attempt_201407031554_0103_m_000031_0",
      "shuffleFinished" : -1,
      "sortFinished" : -1,
      "hdfsBytesRead" : 256632157,
      "hdfsBytesWritten" : -1,
      "fileBytesRead" : 61775190,
      "fileBytesWritten" : 74441440,
      "mapInputRecords" : 112634,
      "mapOutputBytes" : 354419735,
      "mapOutputRecords" : 23588240,
      "combineInputRecords" : 24565942,
      "reduceInputGroups" : -1,
      "reduceInputRecords" : -1,
      "reduceShuffleBytes" : -1,
      "reduceOutputRecords" : -1,
      "spilledRecords" : 3075892,
      "mapInputBytes" : -1,
      "resourceUsageMetrics" : {
        "cumulativeCpuUsage" : 29650,
        "virtualMemoryUsage" : 400105472,
        "physicalMemoryUsage" : 209162240,
        "heapUsage" : 157810688
      }
    } ],
    "finishTime" : 1404415075432,
    "preferredLocations" : [ {
      "layers" : [ "default-rack", "Master2" ]
    }, {
      "layers" : [ "default-rack", "Slave22" ]
    }, {
      "layers" : [ "default-rack", "Slave23" ]
    } ],
    "taskType" : "MAP",
    "taskStatus" : "SUCCESS",
    "taskID" : "task_201407031554_0103_m_000031",
    "inputBytes" : 256632157,
    "inputRecords" : 112634,
    "outputBytes" : 74441440,
    "outputRecords" : 23588240
  }, {
    "startTime" : 1404415065730,
    "attempts" : [ {
      "result" : "SUCCESS",
      "location" : {
        "layers" : [ "default-rack", "Slave21" ]
      },
      "hostName" : "/default-rack/Slave21",
      "startTime" : 1404415064118,
      "finishTime" : 1404415083650,
      "attemptID" : "attempt_201407031554_0103_m_000032_0",
      "shuffleFinished" : -1,
      "sortFinished" : -1,
      "hdfsBytesRead" : 256631747,
      "hdfsBytesWritten" : -1,
      "fileBytesRead" : 70852312,
      "fileBytesWritten" : 86350275,
      "mapInputRecords" : 6217,
      "mapOutputBytes" : 354400199,
      "mapOutputRecords" : 23476987,
      "combineInputRecords" : 24453640,
      "reduceInputGroups" : -1,
      "reduceInputRecords" : -1,
      "reduceShuffleBytes" : -1,
      "reduceOutputRecords" : -1,
      "spilledRecords" : 3071944,
      "mapInputBytes" : -1,
      "resourceUsageMetrics" : {
        "cumulativeCpuUsage" : 26030,
        "virtualMemoryUsage" : 410107904,
        "physicalMemoryUsage" : 244289536,
        "heapUsage" : 207880192
      }
    } ],
    "finishTime" : 1404415085302,
    "preferredLocations" : [ {
      "layers" : [ "default-rack", "Slave21" ]
    }, {
      "layers" : [ "default-rack", "Slave23" ]
    }, {
      "layers" : [ "default-rack", "Slave22" ]
    } ],
    "taskType" : "MAP",
    "taskStatus" : "SUCCESS",
    "taskID" : "task_201407031554_0103_m_000032",
    "inputBytes" : 256631747,
    "inputRecords" : 6217,
    "outputBytes" : 86350275,
    "outputRecords" : 23476987
  }, {
    "startTime" : 1404415066937,
    "attempts" : [ {
      "result" : "SUCCESS",
      "location" : {
        "layers" : [ "default-rack", "Master2" ]
      },
      "hostName" : "/default-rack/Master2",
      "startTime" : 1404415066938,
      "finishTime" : 1404415086326,
      "attemptID" : "attempt_201407031554_0103_m_000033_0",
      "shuffleFinished" : -1,
      "sortFinished" : -1,
      "hdfsBytesRead" : 256631423,
      "hdfsBytesWritten" : -1,
      "fileBytesRead" : 69847995,
      "fileBytesWritten" : 85201494,
      "mapInputRecords" : 6378,
      "mapOutputBytes" : 354093502,
      "mapOutputRecords" : 23480295,
      "combineInputRecords" : 24456740,
      "reduceInputGroups" : -1,
      "reduceInputRecords" : -1,
      "reduceShuffleBytes" : -1,
      "reduceOutputRecords" : -1,
      "spilledRecords" : 3071528,
      "mapInputBytes" : -1,
      "resourceUsageMetrics" : {
        "cumulativeCpuUsage" : 28320,
        "virtualMemoryUsage" : 406716416,
        "physicalMemoryUsage" : 234958848,
        "heapUsage" : 175898624
      }
    } ],
    "finishTime" : 1404415086531,
    "preferredLocations" : [ {
      "layers" : [ "default-rack", "Master2" ]
    }, {
      "layers" : [ "default-rack", "Slave23" ]
    }, {
      "layers" : [ "default-rack", "Slave22" ]
    } ],
    "taskType" : "MAP",
    "taskStatus" : "SUCCESS",
    "taskID" : "task_201407031554_0103_m_000033",
    "inputBytes" : 256631423,
    "inputRecords" : 6378,
    "outputBytes" : 85201494,
    "outputRecords" : 23480295
  }, {
    "startTime" : 1404415067001,
    "attempts" : [ {
      "result" : "SUCCESS",
      "location" : {
        "layers" : [ "default-rack", "Slave22" ]
      },
      "hostName" : "/default-rack/Slave22",
      "startTime" : 1404415064430,
      "finishTime" : 1404415084340,
      "attemptID" : "attempt_201407031554_0103_m_000034_0",
      "shuffleFinished" : -1,
      "sortFinished" : -1,
      "hdfsBytesRead" : 256630778,
      "hdfsBytesWritten" : -1,
      "fileBytesRead" : 69206021,
      "fileBytesWritten" : 84479743,
      "mapInputRecords" : 6233,
      "mapOutputBytes" : 353872324,
      "mapOutputRecords" : 23478303,
      "combineInputRecords" : 24454640,
      "reduceInputGroups" : -1,
      "reduceInputRecords" : -1,
      "reduceShuffleBytes" : -1,
      "reduceOutputRecords" : -1,
      "spilledRecords" : 3071712,
      "mapInputBytes" : -1,
      "resourceUsageMetrics" : {
        "cumulativeCpuUsage" : 27410,
        "virtualMemoryUsage" : 410624000,
        "physicalMemoryUsage" : 218345472,
        "heapUsage" : 157024256
      }
    } ],
    "finishTime" : 1404415087020,
    "preferredLocations" : [ {
      "layers" : [ "default-rack", "Master2" ]
    }, {
      "layers" : [ "default-rack", "Slave22" ]
    }, {
      "layers" : [ "default-rack", "Slave23" ]
    } ],
    "taskType" : "MAP",
    "taskStatus" : "SUCCESS",
    "taskID" : "task_201407031554_0103_m_000034",
    "inputBytes" : 256630778,
    "inputRecords" : 6233,
    "outputBytes" : 84479743,
    "outputRecords" : 23478303
  }, {
    "startTime" : 1404415067904,
    "attempts" : [ {
      "result" : "SUCCESS",
      "location" : {
        "layers" : [ "default-rack", "Slave22" ]
      },
      "hostName" : "/default-rack/Slave22",
      "startTime" : 1404415065333,
      "finishTime" : 1404415085737,
      "attemptID" : "attempt_201407031554_0103_m_000035_0",
      "shuffleFinished" : -1,
      "sortFinished" : -1,
      "hdfsBytesRead" : 256630704,
      "hdfsBytesWritten" : -1,
      "fileBytesRead" : 70546737,
      "fileBytesWritten" : 85993101,
      "mapInputRecords" : 6081,
      "mapOutputBytes" : 354296773,
      "mapOutputRecords" : 23477934,
      "combineInputRecords" : 24454313,
      "reduceInputGroups" : -1,
      "reduceInputRecords" : -1,
      "reduceShuffleBytes" : -1,
      "reduceOutputRecords" : -1,
      "spilledRecords" : 3071280,
      "mapInputBytes" : -1,
      "resourceUsageMetrics" : {
        "cumulativeCpuUsage" : 30210,
        "virtualMemoryUsage" : 405221376,
        "physicalMemoryUsage" : 215134208,
        "heapUsage" : 159121408
      }
    } ],
    "finishTime" : 1404415088525,
    "preferredLocations" : [ {
      "layers" : [ "default-rack", "Slave22" ]
    }, {
      "layers" : [ "default-rack", "Slave21" ]
    }, {
      "layers" : [ "default-rack", "Slave23" ]
    } ],
    "taskType" : "MAP",
    "taskStatus" : "SUCCESS",
    "taskID" : "task_201407031554_0103_m_000035",
    "inputBytes" : 256630704,
    "inputRecords" : 6081,
    "outputBytes" : 85993101,
    "outputRecords" : 23477934
  }, {
    "startTime" : 1404415068440,
    "attempts" : [ {
      "result" : "SUCCESS",
      "location" : {
        "layers" : [ "default-rack", "Slave21" ]
      },
      "hostName" : "/default-rack/Slave21",
      "startTime" : 1404415066828,
      "finishTime" : 1404415086933,
      "attemptID" : "attempt_201407031554_0103_m_000036_0",
      "shuffleFinished" : -1,
      "sortFinished" : -1,
      "hdfsBytesRead" : 256630522,
      "hdfsBytesWritten" : -1,
      "fileBytesRead" : 68630729,
      "fileBytesWritten" : 83714960,
      "mapInputRecords" : 6264,
      "mapOutputBytes" : 353660835,
      "mapOutputRecords" : 23478707,
      "combineInputRecords" : 24455091,
      "reduceInputGroups" : -1,
      "reduceInputRecords" : -1,
      "reduceShuffleBytes" : -1,
      "reduceOutputRecords" : -1,
      "spilledRecords" : 3071129,
      "mapInputBytes" : -1,
      "resourceUsageMetrics" : {
        "cumulativeCpuUsage" : 28200,
        "virtualMemoryUsage" : 406364160,
        "physicalMemoryUsage" : 214249472,
        "heapUsage" : 157548544
      }
    } ],
    "finishTime" : 1404415088614,
    "preferredLocations" : [ {
      "layers" : [ "default-rack", "Master2" ]
    }, {
      "layers" : [ "default-rack", "Slave23" ]
    }, {
      "layers" : [ "default-rack", "Slave21" ]
    } ],
    "taskType" : "MAP",
    "taskStatus" : "SUCCESS",
    "taskID" : "task_201407031554_0103_m_000036",
    "inputBytes" : 256630522,
    "inputRecords" : 6264,
    "outputBytes" : 83714960,
    "outputRecords" : 23478707
  }, {
    "startTime" : 1404415071504,
    "attempts" : [ {
      "result" : "SUCCESS",
      "location" : {
        "layers" : [ "default-rack", "Slave23" ]
      },
      "hostName" : "/default-rack/Slave23",
      "startTime" : 1404415071817,
      "finishTime" : 1404415091804,
      "attemptID" : "attempt_201407031554_0103_m_000039_0",
      "shuffleFinished" : -1,
      "sortFinished" : -1,
      "hdfsBytesRead" : 256628322,
      "hdfsBytesWritten" : -1,
      "fileBytesRead" : 70159411,
      "fileBytesWritten" : 85566084,
      "mapInputRecords" : 6174,
      "mapOutputBytes" : 354177774,
      "mapOutputRecords" : 23475908,
      "combineInputRecords" : 24451814,
      "reduceInputGroups" : -1,
      "reduceInputRecords" : -1,
      "reduceShuffleBytes" : -1,
      "reduceOutputRecords" : -1,
      "spilledRecords" : 3070172,
      "mapInputBytes" : -1,
      "resourceUsageMetrics" : {
        "cumulativeCpuUsage" : 26310,
        "virtualMemoryUsage" : 412499968,
        "physicalMemoryUsage" : 245837824,
        "heapUsage" : 209190912
      }
    }, {
      "result" : "KILLED",
      "location" : null,
      "hostName" : null,
      "startTime" : 1404415086532,
      "finishTime" : 1404415094393,
      "attemptID" : "attempt_201407031554_0103_m_000039_1",
      "shuffleFinished" : -1,
      "sortFinished" : -1,
      "hdfsBytesRead" : -1,
      "hdfsBytesWritten" : -1,
      "fileBytesRead" : -1,
      "fileBytesWritten" : -1,
      "mapInputRecords" : -1,
      "mapOutputBytes" : -1,
      "mapOutputRecords" : -1,
      "combineInputRecords" : -1,
      "reduceInputGroups" : -1,
      "reduceInputRecords" : -1,
      "reduceShuffleBytes" : -1,
      "reduceOutputRecords" : -1,
      "spilledRecords" : -1,
      "mapInputBytes" : -1,
      "resourceUsageMetrics" : {
        "cumulativeCpuUsage" : 0,
        "virtualMemoryUsage" : 0,
        "physicalMemoryUsage" : 0,
        "heapUsage" : 0
      }
    } ],
    "finishTime" : 1404415091687,
    "preferredLocations" : [ {
      "layers" : [ "default-rack", "Master2" ]
    }, {
      "layers" : [ "default-rack", "Slave23" ]
    }, {
      "layers" : [ "default-rack", "Slave22" ]
    } ],
    "taskType" : "MAP",
    "taskStatus" : "SUCCESS",
    "taskID" : "task_201407031554_0103_m_000039",
    "inputBytes" : 256628322,
    "inputRecords" : 6174,
    "outputBytes" : 85566084,
    "outputRecords" : 23475908
  }, {
    "startTime" : 1404415072656,
    "attempts" : [ {
      "result" : "SUCCESS",
      "location" : {
        "layers" : [ "default-rack", "Master2" ]
      },
      "hostName" : "/default-rack/Master2",
      "startTime" : 1404415072657,
      "finishTime" : 1404415092170,
      "attemptID" : "attempt_201407031554_0103_m_000037_0",
      "shuffleFinished" : -1,
      "sortFinished" : -1,
      "hdfsBytesRead" : 256629662,
      "hdfsBytesWritten" : -1,
      "fileBytesRead" : 70462434,
      "fileBytesWritten" : 85961709,
      "mapInputRecords" : 6303,
      "mapOutputBytes" : 354296418,
      "mapOutputRecords" : 23478354,
      "combineInputRecords" : 24454486,
      "reduceInputGroups" : -1,
      "reduceInputRecords" : -1,
      "reduceShuffleBytes" : -1,
      "reduceOutputRecords" : -1,
      "spilledRecords" : 3071175,
      "mapInputBytes" : -1,
      "resourceUsageMetrics" : {
        "cumulativeCpuUsage" : 28910,
        "virtualMemoryUsage" : 407158784,
        "physicalMemoryUsage" : 247054336,
        "heapUsage" : 206569472
      }
    }, {
      "result" : "KILLED",
      "location" : null,
      "hostName" : null,
      "startTime" : 1404415083691,
      "finishTime" : 1404415092714,
      "attemptID" : "attempt_201407031554_0103_m_000037_1",
      "shuffleFinished" : -1,
      "sortFinished" : -1,
      "hdfsBytesRead" : -1,
      "hdfsBytesWritten" : -1,
      "fileBytesRead" : -1,
      "fileBytesWritten" : -1,
      "mapInputRecords" : -1,
      "mapOutputBytes" : -1,
      "mapOutputRecords" : -1,
      "combineInputRecords" : -1,
      "reduceInputGroups" : -1,
      "reduceInputRecords" : -1,
      "reduceShuffleBytes" : -1,
      "reduceOutputRecords" : -1,
      "spilledRecords" : -1,
      "mapInputBytes" : -1,
      "resourceUsageMetrics" : {
        "cumulativeCpuUsage" : 0,
        "virtualMemoryUsage" : 0,
        "physicalMemoryUsage" : 0,
        "heapUsage" : 0
      }
    } ],
    "finishTime" : 1404415092247,
    "preferredLocations" : [ {
      "layers" : [ "default-rack", "Master2" ]
    }, {
      "layers" : [ "default-rack", "Slave21" ]
    }, {
      "layers" : [ "default-rack", "Slave22" ]
    } ],
    "taskType" : "MAP",
    "taskStatus" : "SUCCESS",
    "taskID" : "task_201407031554_0103_m_000037",
    "inputBytes" : 256629662,
    "inputRecords" : 6303,
    "outputBytes" : 85961709,
    "outputRecords" : 23478354
  }, {
    "startTime" : 1404415075432,
    "attempts" : [ {
      "result" : "SUCCESS",
      "location" : {
        "layers" : [ "default-rack", "Slave23" ]
      },
      "hostName" : "/default-rack/Slave23",
      "startTime" : 1404415075745,
      "finishTime" : 1404415098181,
      "attemptID" : "attempt_201407031554_0103_m_000038_0",
      "shuffleFinished" : -1,
      "sortFinished" : -1,
      "hdfsBytesRead" : 256629203,
      "hdfsBytesWritten" : -1,
      "fileBytesRead" : 72696677,
      "fileBytesWritten" : 88552564,
      "mapInputRecords" : 6345,
      "mapOutputBytes" : 355051139,
      "mapOutputRecords" : 23480517,
      "combineInputRecords" : 24456301,
      "reduceInputGroups" : -1,
      "reduceInputRecords" : -1,
      "reduceShuffleBytes" : -1,
      "reduceOutputRecords" : -1,
      "spilledRecords" : 3069637,
      "mapInputBytes" : -1,
      "resourceUsageMetrics" : {
        "cumulativeCpuUsage" : 29730,
        "virtualMemoryUsage" : 411639808,
        "physicalMemoryUsage" : 246099968,
        "heapUsage" : 207093760
      }
    }, {
      "result" : "KILLED",
      "location" : null,
      "hostName" : null,
      "startTime" : 1404415084448,
      "finishTime" : 1404415097459,
      "attemptID" : "attempt_201407031554_0103_m_000038_1",
      "shuffleFinished" : -1,
      "sortFinished" : -1,
      "hdfsBytesRead" : -1,
      "hdfsBytesWritten" : -1,
      "fileBytesRead" : -1,
      "fileBytesWritten" : -1,
      "mapInputRecords" : -1,
      "mapOutputBytes" : -1,
      "mapOutputRecords" : -1,
      "combineInputRecords" : -1,
      "reduceInputGroups" : -1,
      "reduceInputRecords" : -1,
      "reduceShuffleBytes" : -1,
      "reduceOutputRecords" : -1,
      "spilledRecords" : -1,
      "mapInputBytes" : -1,
      "resourceUsageMetrics" : {
        "cumulativeCpuUsage" : 0,
        "virtualMemoryUsage" : 0,
        "physicalMemoryUsage" : 0,
        "heapUsage" : 0
      }
    } ],
    "finishTime" : 1404415098013,
    "preferredLocations" : [ {
      "layers" : [ "default-rack", "Master2" ]
    }, {
      "layers" : [ "default-rack", "Slave21" ]
    }, {
      "layers" : [ "default-rack", "Slave22" ]
    } ],
    "taskType" : "MAP",
    "taskStatus" : "SUCCESS",
    "taskID" : "task_201407031554_0103_m_000038",
    "inputBytes" : 256629203,
    "inputRecords" : 6345,
    "outputBytes" : 88552564,
    "outputRecords" : 23480517
  } ],
  "finishTime" : 1404415113679,
  "reduceTasks" : [ {
    "startTime" : 1404415007026,
    "attempts" : [ {
      "result" : "SUCCESS",
      "location" : {
        "layers" : [ "default-rack", "Slave22" ]
      },
      "hostName" : "/default-rack/Slave22",
      "startTime" : 1404415004457,
      "finishTime" : 1404415109010,
      "attemptID" : "attempt_201407031554_0103_r_000000_0",
      "shuffleFinished" : 1404415098254,
      "sortFinished" : 1404415101375,
      "hdfsBytesRead" : -1,
      "hdfsBytesWritten" : 118700510,
      "fileBytesRead" : 210604369,
      "fileBytesWritten" : 210663094,
      "mapInputRecords" : -1,
      "mapOutputBytes" : -1,
      "mapOutputRecords" : -1,
      "combineInputRecords" : 0,
      "reduceInputGroups" : 3271089,
      "reduceInputRecords" : 6561402,
      "reduceShuffleBytes" : 210604603,
      "reduceOutputRecords" : 3271089,
      "spilledRecords" : 6561402,
      "mapInputBytes" : -1,
      "resourceUsageMetrics" : {
        "cumulativeCpuUsage" : 10620,
        "virtualMemoryUsage" : 1270640640,
        "physicalMemoryUsage" : 422002688,
        "heapUsage" : 516423680
      }
    } ],
    "finishTime" : 1404415111830,
    "preferredLocations" : [ ],
    "taskType" : "REDUCE",
    "taskStatus" : "SUCCESS",
    "taskID" : "task_201407031554_0103_r_000000",
    "inputBytes" : 210604603,
    "inputRecords" : 6561402,
    "outputBytes" : 118700510,
    "outputRecords" : 3271089
  }, {
    "startTime" : 1404415007156,
    "attempts" : [ {
      "result" : "SUCCESS",
      "location" : {
        "layers" : [ "default-rack", "Slave21" ]
      },
      "hostName" : "/default-rack/Slave21",
      "startTime" : 1404415005545,
      "finishTime" : 1404415109144,
      "attemptID" : "attempt_201407031554_0103_r_000001_0",
      "shuffleFinished" : 1404415099536,
      "sortFinished" : 1404415102782,
      "hdfsBytesRead" : -1,
      "hdfsBytesWritten" : 118752742,
      "fileBytesRead" : 210681413,
      "fileBytesWritten" : 210740138,
      "mapInputRecords" : -1,
      "mapOutputBytes" : -1,
      "mapOutputRecords" : -1,
      "combineInputRecords" : 0,
      "reduceInputGroups" : 3271698,
      "reduceInputRecords" : 6563198,
      "reduceShuffleBytes" : 210681647,
      "reduceOutputRecords" : 3271698,
      "spilledRecords" : 6563198,
      "mapInputBytes" : -1,
      "resourceUsageMetrics" : {
        "cumulativeCpuUsage" : 10470,
        "virtualMemoryUsage" : 1272381440,
        "physicalMemoryUsage" : 395878400,
        "heapUsage" : 340787200
      }
    } ],
    "finishTime" : 1404415110954,
    "preferredLocations" : [ ],
    "taskType" : "REDUCE",
    "taskStatus" : "SUCCESS",
    "taskID" : "task_201407031554_0103_r_000001",
    "inputBytes" : 210681647,
    "inputRecords" : 6563198,
    "outputBytes" : 118752742,
    "outputRecords" : 3271698
  }, {
    "startTime" : 1404415007275,
    "attempts" : [ {
      "result" : "SUCCESS",
      "location" : {
        "layers" : [ "default-rack", "Slave23" ]
      },
      "hostName" : "/default-rack/Slave23",
      "startTime" : 1404415007587,
      "finishTime" : 1404415112470,
      "attemptID" : "attempt_201407031554_0103_r_000002_0",
      "shuffleFinished" : 1404415101466,
      "sortFinished" : 1404415104972,
      "hdfsBytesRead" : -1,
      "hdfsBytesWritten" : 118839515,
      "fileBytesRead" : 210857823,
      "fileBytesWritten" : 210916548,
      "mapInputRecords" : -1,
      "mapOutputBytes" : -1,
      "mapOutputRecords" : -1,
      "combineInputRecords" : 0,
      "reduceInputGroups" : 3273712,
      "reduceInputRecords" : 6568929,
      "reduceShuffleBytes" : 210858057,
      "reduceOutputRecords" : 3273712,
      "spilledRecords" : 6568929,
      "mapInputBytes" : -1,
      "resourceUsageMetrics" : {
        "cumulativeCpuUsage" : 10940,
        "virtualMemoryUsage" : 1273389056,
        "physicalMemoryUsage" : 401629184,
        "heapUsage" : 499384320
      }
    } ],
    "finishTime" : 1404415112167,
    "preferredLocations" : [ ],
    "taskType" : "REDUCE",
    "taskStatus" : "SUCCESS",
    "taskID" : "task_201407031554_0103_r_000002",
    "inputBytes" : 210858057,
    "inputRecords" : 6568929,
    "outputBytes" : 118839515,
    "outputRecords" : 3273712
  } ],
  "submitTime" : 1404414983242,
  "launchTime" : 1404414983312,
  "totalMaps" : 40,
  "totalReduces" : 3,
  "otherTasks" : [ {
    "startTime" : 1404414983371,
    "attempts" : [ {
      "result" : "SUCCESS",
      "location" : {
        "layers" : [ "default-rack", "Slave21" ]
      },
      "hostName" : "/default-rack/Slave21",
      "startTime" : 1404414981891,
      "finishTime" : 1404414982631,
      "attemptID" : "attempt_201407031554_0103_m_000041_0",
      "shuffleFinished" : -1,
      "sortFinished" : -1,
      "hdfsBytesRead" : -1,
      "hdfsBytesWritten" : -1,
      "fileBytesRead" : -1,
      "fileBytesWritten" : 58817,
      "mapInputRecords" : -1,
      "mapOutputBytes" : -1,
      "mapOutputRecords" : -1,
      "combineInputRecords" : -1,
      "reduceInputGroups" : -1,
      "reduceInputRecords" : -1,
      "reduceShuffleBytes" : -1,
      "reduceOutputRecords" : -1,
      "spilledRecords" : 0,
      "mapInputBytes" : -1,
      "resourceUsageMetrics" : {
        "cumulativeCpuUsage" : 60,
        "virtualMemoryUsage" : 393768960,
        "physicalMemoryUsage" : 62312448,
        "heapUsage" : 64487424
      }
    } ],
    "finishTime" : 1404414984276,
    "preferredLocations" : [ ],
    "taskType" : "SETUP",
    "taskStatus" : "SUCCESS",
    "taskID" : "task_201407031554_0103_m_000041",
    "inputBytes" : -1,
    "inputRecords" : -1,
    "outputBytes" : -1,
    "outputRecords" : -1
  }, {
    "startTime" : 1404415112168,
    "attempts" : [ {
      "result" : "SUCCESS",
      "location" : {
        "layers" : [ "default-rack", "Slave23" ]
      },
      "hostName" : "/default-rack/Slave23",
      "startTime" : 1404415112482,
      "finishTime" : 1404415113966,
      "attemptID" : "attempt_201407031554_0103_m_000040_0",
      "shuffleFinished" : -1,
      "sortFinished" : -1,
      "hdfsBytesRead" : -1,
      "hdfsBytesWritten" : -1,
      "fileBytesRead" : -1,
      "fileBytesWritten" : 58817,
      "mapInputRecords" : -1,
      "mapOutputBytes" : -1,
      "mapOutputRecords" : -1,
      "combineInputRecords" : -1,
      "reduceInputGroups" : -1,
      "reduceInputRecords" : -1,
      "reduceShuffleBytes" : -1,
      "reduceOutputRecords" : -1,
      "spilledRecords" : 0,
      "mapInputBytes" : -1,
      "resourceUsageMetrics" : {
        "cumulativeCpuUsage" : 30,
        "virtualMemoryUsage" : 409542656,
        "physicalMemoryUsage" : 243908608,
        "heapUsage" : 207093760
      }
    } ],
    "finishTime" : 1404415113679,
    "preferredLocations" : [ ],
    "taskType" : "CLEANUP",
    "taskStatus" : "SUCCESS",
    "taskID" : "task_201407031554_0103_m_000040",
    "inputBytes" : -1,
    "inputRecords" : -1,
    "outputBytes" : -1,
    "outputRecords" : -1
  } ],
  "directDependantJobs" : [ ],
  "successfulMapAttemptCDFs" : [ {
    "maximum" : 25050,
    "minimum" : 18803,
    "rankings" : [ {
      "datum" : 18803,
      "relativeRanking" : 0.05
    }, {
      "datum" : 18998,
      "relativeRanking" : 0.1
    }, {
      "datum" : 19247,
      "relativeRanking" : 0.15
    }, {
      "datum" : 19388,
      "relativeRanking" : 0.2
    }, {
      "datum" : 19532,
      "relativeRanking" : 0.25
    }, {
      "datum" : 19583,
      "relativeRanking" : 0.3
    }, {
      "datum" : 19745,
      "relativeRanking" : 0.35
    }, {
      "datum" : 19891,
      "relativeRanking" : 0.4
    }, {
      "datum" : 19945,
      "relativeRanking" : 0.45
    }, {
      "datum" : 20100,
      "relativeRanking" : 0.5
    }, {
      "datum" : 20126,
      "relativeRanking" : 0.55
    }, {
      "datum" : 20404,
      "relativeRanking" : 0.6
    }, {
      "datum" : 20894,
      "relativeRanking" : 0.65
    }, {
      "datum" : 21387,
      "relativeRanking" : 0.7
    }, {
      "datum" : 22341,
      "relativeRanking" : 0.75
    }, {
      "datum" : 22516,
      "relativeRanking" : 0.8
    }, {
      "datum" : 22735,
      "relativeRanking" : 0.85
    }, {
      "datum" : 23504,
      "relativeRanking" : 0.9
    }, {
      "datum" : 24173,
      "relativeRanking" : 0.95
    } ],
    "numberValues" : 39
  }, {
    "maximum" : 22436,
    "minimum" : 22436,
    "rankings" : [ {
      "datum" : 22436,
      "relativeRanking" : 0.05
    }, {
      "datum" : 22436,
      "relativeRanking" : 0.1
    }, {
      "datum" : 22436,
      "relativeRanking" : 0.15
    }, {
      "datum" : 22436,
      "relativeRanking" : 0.2
    }, {
      "datum" : 22436,
      "relativeRanking" : 0.25
    }, {
      "datum" : 22436,
      "relativeRanking" : 0.3
    }, {
      "datum" : 22436,
      "relativeRanking" : 0.35
    }, {
      "datum" : 22436,
      "relativeRanking" : 0.4
    }, {
      "datum" : 22436,
      "relativeRanking" : 0.45
    }, {
      "datum" : 22436,
      "relativeRanking" : 0.5
    }, {
      "datum" : 22436,
      "relativeRanking" : 0.55
    }, {
      "datum" : 22436,
      "relativeRanking" : 0.6
    }, {
      "datum" : 22436,
      "relativeRanking" : 0.65
    }, {
      "datum" : 22436,
      "relativeRanking" : 0.7
    }, {
      "datum" : 22436,
      "relativeRanking" : 0.75
    }, {
      "datum" : 22436,
      "relativeRanking" : 0.8
    }, {
      "datum" : 22436,
      "relativeRanking" : 0.85
    }, {
      "datum" : 22436,
      "relativeRanking" : 0.9
    }, {
      "datum" : 22436,
      "relativeRanking" : 0.95
    } ],
    "numberValues" : 1
  }, {
    "maximum" : 9223372036854775807,
    "minimum" : -9223372036854775808,
    "rankings" : [ ],
    "numberValues" : 0
  }, {
    "maximum" : 9223372036854775807,
    "minimum" : -9223372036854775808,
    "rankings" : [ ],
    "numberValues" : 0
  } ],
  "failedMapAttemptCDFs" : [ {
    "maximum" : 9223372036854775807,
    "minimum" : -9223372036854775808,
    "rankings" : [ ],
    "numberValues" : 0
  }, {
    "maximum" : 9223372036854775807,
    "minimum" : -9223372036854775808,
    "rankings" : [ ],
    "numberValues" : 0
  }, {
    "maximum" : 9223372036854775807,
    "minimum" : -9223372036854775808,
    "rankings" : [ ],
    "numberValues" : 0
  }, {
    "maximum" : 9223372036854775807,
    "minimum" : -9223372036854775808,
    "rankings" : [ ],
    "numberValues" : 0
  } ],
  "successfulReduceAttemptCDF" : {
    "maximum" : 104883,
    "minimum" : 103599,
    "rankings" : [ {
      "datum" : 103599,
      "relativeRanking" : 0.05
    }, {
      "datum" : 103599,
      "relativeRanking" : 0.1
    }, {
      "datum" : 103599,
      "relativeRanking" : 0.15
    }, {
      "datum" : 103599,
      "relativeRanking" : 0.2
    }, {
      "datum" : 103599,
      "relativeRanking" : 0.25
    }, {
      "datum" : 103599,
      "relativeRanking" : 0.3
    }, {
      "datum" : 103599,
      "relativeRanking" : 0.35
    }, {
      "datum" : 103599,
      "relativeRanking" : 0.4
    }, {
      "datum" : 103599,
      "relativeRanking" : 0.45
    }, {
      "datum" : 103599,
      "relativeRanking" : 0.5
    }, {
      "datum" : 103599,
      "relativeRanking" : 0.55
    }, {
      "datum" : 103599,
      "relativeRanking" : 0.6
    }, {
      "datum" : 103599,
      "relativeRanking" : 0.65
    }, {
      "datum" : 104553,
      "relativeRanking" : 0.7
    }, {
      "datum" : 104553,
      "relativeRanking" : 0.75
    }, {
      "datum" : 104553,
      "relativeRanking" : 0.8
    }, {
      "datum" : 104553,
      "relativeRanking" : 0.85
    }, {
      "datum" : 104553,
      "relativeRanking" : 0.9
    }, {
      "datum" : 104553,
      "relativeRanking" : 0.95
    } ],
    "numberValues" : 3
  },
  "failedReduceAttemptCDF" : {
    "maximum" : 9223372036854775807,
    "minimum" : -9223372036854775808,
    "rankings" : [ ],
    "numberValues" : 0
  },
  "mapperTriesToSucceed" : [ 1.0 ],
  "failedMapperFraction" : 0.0,
  "relativeTime" : 0,
  "clusterMapMB" : -1,
  "clusterReduceMB" : -1,
  "jobMapMB" : 200,
  "jobReduceMB" : 200
}