{
  "jobID" : "job_201407031554_0549",
  "user" : "itri-hadoop",
  "jobName" : "word count",
  "failedMapperFraction" : 0.0,
  "relativeTime" : 0,
  "clusterMapMB" : -1,
  "clusterReduceMB" : -1,
  "jobReduceMB" : 200,
  "mapTasks" : [ {
    "startTime" : 1404517989220,
    "attempts" : [ {
      "result" : "SUCCESS",
      "startTime" : 1404517989221,
      "finishTime" : 1404518011968,
      "attemptID" : "attempt_201407031554_0549_m_000001_0",
      "shuffleFinished" : -1,
      "sortFinished" : -1,
      "hdfsBytesRead" : 256638682,
      "hdfsBytesWritten" : -1,
      "fileBytesRead" : 56600574,
      "fileBytesWritten" : 70679446,
      "mapInputRecords" : 6253,
      "mapOutputBytes" : 354730889,
      "mapOutputRecords" : 23583859,
      "combineInputRecords" : 24472748,
      "reduceInputGroups" : -1,
      "reduceInputRecords" : -1,
      "reduceShuffleBytes" : -1,
      "reduceOutputRecords" : -1,
      "spilledRecords" : 2636222,
      "mapInputBytes" : -1,
      "resourceUsageMetrics" : {
        "cumulativeCpuUsage" : 35110,
        "virtualMemoryUsage" : 397049856,
        "physicalMemoryUsage" : 198610944,
        "heapUsage" : 188743680
      },
      "location" : {
        "layers" : [ "default-rack", "Master2" ]
      },
      "hostName" : "/default-rack/Master2"
    } ],
    "finishTime" : 1404518012212,
    "preferredLocations" : [ {
      "layers" : [ "default-rack", "Master2" ]
    }, {
      "layers" : [ "default-rack", "Slave23" ]
    }, {
      "layers" : [ "default-rack", "Slave22" ]
    } ],
    "taskType" : "MAP",
    "taskStatus" : "SUCCESS",
    "taskID" : "task_201407031554_0549_m_000001",
    "inputBytes" : 256638682,
    "inputRecords" : 6253,
    "outputBytes" : 70679446,
    "outputRecords" : 23583859
  }, {
    "startTime" : 1404517989220,
    "attempts" : [ {
      "result" : "SUCCESS",
      "startTime" : 1404517989221,
      "finishTime" : 1404518012110,
      "attemptID" : "attempt_201407031554_0549_m_000004_0",
      "shuffleFinished" : -1,
      "sortFinished" : -1,
      "hdfsBytesRead" : 256636878,
      "hdfsBytesWritten" : -1,
      "fileBytesRead" : 60584091,
      "fileBytesWritten" : 75831313,
      "mapInputRecords" : 6290,
      "mapOutputBytes" : 354192159,
      "mapOutputRecords" : 23476253,
      "combineInputRecords" : 24364697,
      "reduceInputGroups" : -1,
      "reduceInputRecords" : -1,
      "reduceShuffleBytes" : -1,
      "reduceOutputRecords" : -1,
      "spilledRecords" : 2633097,
      "mapInputBytes" : -1,
      "resourceUsageMetrics" : {
        "cumulativeCpuUsage" : 35660,
        "virtualMemoryUsage" : 398073856,
        "physicalMemoryUsage" : 198389760,
        "heapUsage" : 186384384
      },
      "location" : {
        "layers" : [ "default-rack", "Master2" ]
      },
      "hostName" : "/default-rack/Master2"
    } ],
    "finishTime" : 1404518012213,
    "preferredLocations" : [ {
      "layers" : [ "default-rack", "Master2" ]
    }, {
      "layers" : [ "default-rack", "Slave22" ]
    }, {
      "layers" : [ "default-rack", "Slave21" ]
    } ],
    "taskType" : "MAP",
    "taskStatus" : "SUCCESS",
    "taskID" : "task_201407031554_0549_m_000004",
    "inputBytes" : 256636878,
    "inputRecords" : 6290,
    "outputBytes" : 75831313,
    "outputRecords" : 23476253
  }, {
    "startTime" : 1404517989266,
    "attempts" : [ {
      "result" : "SUCCESS",
      "startTime" : 1404517986495,
      "finishTime" : 1404518010565,
      "attemptID" : "attempt_201407031554_0549_m_000000_0",
      "shuffleFinished" : -1,
      "sortFinished" : -1,
      "hdfsBytesRead" : 256639622,
      "hdfsBytesWritten" : -1,
      "fileBytesRead" : 59736039,
      "fileBytesWritten" : 74468477,
      "mapInputRecords" : 6182,
      "mapOutputBytes" : 353773529,
      "mapOutputRecords" : 23476900,
      "combineInputRecords" : 24365638,
      "reduceInputGroups" : -1,
      "reduceInputRecords" : -1,
      "reduceShuffleBytes" : -1,
      "reduceOutputRecords" : -1,
      "spilledRecords" : 2633933,
      "mapInputBytes" : -1,
      "resourceUsageMetrics" : {
        "cumulativeCpuUsage" : 37120,
        "virtualMemoryUsage" : 397967360,
        "physicalMemoryUsage" : 197447680,
        "heapUsage" : 188481536
      },
      "location" : {
        "layers" : [ "default-rack", "Slave21" ]
      },
      "hostName" : "/default-rack/Slave21"
    } ],
    "finishTime" : 1404518013666,
    "preferredLocations" : [ {
      "layers" : [ "default-rack", "Slave21" ]
    }, {
      "layers" : [ "default-rack", "Slave22" ]
    }, {
      "layers" : [ "default-rack", "Slave23" ]
    } ],
    "taskType" : "MAP",
    "taskStatus" : "SUCCESS",
    "taskID" : "task_201407031554_0549_m_000000",
    "inputBytes" : 256639622,
    "inputRecords" : 6182,
    "outputBytes" : 74468477,
    "outputRecords" : 23476900
  }, {
    "startTime" : 1404517989266,
    "attempts" : [ {
      "result" : "SUCCESS",
      "startTime" : 1404517986495,
      "finishTime" : 1404518010316,
      "attemptID" : "attempt_201407031554_0549_m_000002_0",
      "shuffleFinished" : -1,
      "sortFinished" : -1,
      "hdfsBytesRead" : 256637343,
      "hdfsBytesWritten" : -1,
      "fileBytesRead" : 53056131,
      "fileBytesWritten" : 65030917,
      "mapInputRecords" : 112705,
      "mapOutputBytes" : 354630886,
      "mapOutputRecords" : 23585648,
      "combineInputRecords" : 24474247,
      "reduceInputGroups" : -1,
      "reduceInputRecords" : -1,
      "reduceShuffleBytes" : -1,
      "reduceOutputRecords" : -1,
      "spilledRecords" : 2634810,
      "mapInputBytes" : -1,
      "resourceUsageMetrics" : {
        "cumulativeCpuUsage" : 36380,
        "virtualMemoryUsage" : 395882496,
        "physicalMemoryUsage" : 195317760,
        "heapUsage" : 189267968
      },
      "location" : {
        "layers" : [ "default-rack", "Slave21" ]
      },
      "hostName" : "/default-rack/Slave21"
    } ],
    "finishTime" : 1404518013364,
    "preferredLocations" : [ {
      "layers" : [ "default-rack", "Slave23" ]
    }, {
      "layers" : [ "default-rack", "Slave22" ]
    }, {
      "layers" : [ "default-rack", "Slave21" ]
    } ],
    "taskType" : "MAP",
    "taskStatus" : "SUCCESS",
    "taskID" : "task_201407031554_0549_m_000002",
    "inputBytes" : 256637343,
    "inputRecords" : 112705,
    "outputBytes" : 65030917,
    "outputRecords" : 23585648
  }, {
    "startTime" : 1404517989341,
    "attempts" : [ {
      "result" : "SUCCESS",
      "startTime" : 1404517990199,
      "finishTime" : 1404518015360,
      "attemptID" : "attempt_201407031554_0549_m_000003_0",
      "shuffleFinished" : -1,
      "sortFinished" : -1,
      "hdfsBytesRead" : 256637172,
      "hdfsBytesWritten" : -1,
      "fileBytesRead" : 60988092,
      "fileBytesWritten" : 76539267,
      "mapInputRecords" : 6226,
      "mapOutputBytes" : 354420571,
      "mapOutputRecords" : 23479791,
      "combineInputRecords" : 24367928,
      "reduceInputGroups" : -1,
      "reduceInputRecords" : -1,
      "reduceShuffleBytes" : -1,
      "reduceOutputRecords" : -1,
      "spilledRecords" : 2632442,
      "mapInputBytes" : -1,
      "resourceUsageMetrics" : {
        "cumulativeCpuUsage" : 38430,
        "virtualMemoryUsage" : 396972032,
        "physicalMemoryUsage" : 198328320,
        "heapUsage" : 181141504
      },
      "location" : {
        "layers" : [ "default-rack", "Slave23" ]
      },
      "hostName" : "/default-rack/Slave23"
    } ],
    "finishTime" : 1404518014635,
    "preferredLocations" : [ {
      "layers" : [ "default-rack", "Slave23" ]
    }, {
      "layers" : [ "default-rack", "Slave21" ]
    }, {
      "layers" : [ "default-rack", "Slave22" ]
    } ],
    "taskType" : "MAP",
    "taskStatus" : "SUCCESS",
    "taskID" : "task_201407031554_0549_m_000003",
    "inputBytes" : 256637172,
    "inputRecords" : 6226,
    "outputBytes" : 76539267,
    "outputRecords" : 23479791
  }, {
    "startTime" : 1404517989341,
    "attempts" : [ {
      "result" : "SUCCESS",
      "startTime" : 1404517990199,
      "finishTime" : 1404518013655,
      "attemptID" : "attempt_201407031554_0549_m_000006_0",
      "shuffleFinished" : -1,
      "sortFinished" : -1,
      "hdfsBytesRead" : 256635312,
      "hdfsBytesWritten" : -1,
      "fileBytesRead" : 55563916,
      "fileBytesWritten" : 69208680,
      "mapInputRecords" : 6141,
      "mapOutputBytes" : 355269135,
      "mapOutputRecords" : 23586242,
      "combineInputRecords" : 24474363,
      "reduceInputGroups" : -1,
      "reduceInputRecords" : -1,
      "reduceShuffleBytes" : -1,
      "reduceOutputRecords" : -1,
      "spilledRecords" : 2633603,
      "mapInputBytes" : -1,
      "resourceUsageMetrics" : {
        "cumulativeCpuUsage" : 36690,
        "virtualMemoryUsage" : 400191488,
        "physicalMemoryUsage" : 197857280,
        "heapUsage" : 187957248
      },
      "location" : {
        "layers" : [ "default-rack", "Slave23" ]
      },
      "hostName" : "/default-rack/Slave23"
    } ],
    "finishTime" : 1404518013129,
    "preferredLocations" : [ {
      "layers" : [ "default-rack", "Master2" ]
    }, {
      "layers" : [ "default-rack", "Slave21" ]
    }, {
      "layers" : [ "default-rack", "Slave23" ]
    } ],
    "taskType" : "MAP",
    "taskStatus" : "SUCCESS",
    "taskID" : "task_201407031554_0549_m_000006",
    "inputBytes" : 256635312,
    "inputRecords" : 6141,
    "outputBytes" : 69208680,
    "outputRecords" : 23586242
  }, {
    "startTime" : 1404517989386,
    "attempts" : [ {
      "result" : "SUCCESS",
      "startTime" : 1404517984857,
      "finishTime" : 1404518009750,
      "attemptID" : "attempt_201407031554_0549_m_000005_0",
      "shuffleFinished" : -1,
      "sortFinished" : -1,
      "hdfsBytesRead" : 256636045,
      "hdfsBytesWritten" : -1,
      "fileBytesRead" : 52797466,
      "fileBytesWritten" : 64691690,
      "mapInputRecords" : 6102,
      "mapOutputBytes" : 355054010,
      "mapOutputRecords" : 23585548,
      "combineInputRecords" : 24473923,
      "reduceInputGroups" : -1,
      "reduceInputRecords" : -1,
      "reduceShuffleBytes" : -1,
      "reduceOutputRecords" : -1,
      "spilledRecords" : 2634593,
      "mapInputBytes" : -1,
      "resourceUsageMetrics" : {
        "cumulativeCpuUsage" : 38620,
        "virtualMemoryUsage" : 397017088,
        "physicalMemoryUsage" : 201191424,
        "heapUsage" : 188743680
      },
      "location" : {
        "layers" : [ "default-rack", "Slave22" ]
      },
      "hostName" : "/default-rack/Slave22"
    } ],
    "finishTime" : 1404518014381,
    "preferredLocations" : [ {
      "layers" : [ "default-rack", "Master2" ]
    }, {
      "layers" : [ "default-rack", "Slave21" ]
    }, {
      "layers" : [ "default-rack", "Slave22" ]
    } ],
    "taskType" : "MAP",
    "taskStatus" : "SUCCESS",
    "taskID" : "task_201407031554_0549_m_000005",
    "inputBytes" : 256636045,
    "inputRecords" : 6102,
    "outputBytes" : 64691690,
    "outputRecords" : 23585548
  }, {
    "startTime" : 1404517989387,
    "attempts" : [ {
      "result" : "SUCCESS",
      "startTime" : 1404517984857,
      "finishTime" : 1404518010516,
      "attemptID" : "attempt_201407031554_0549_m_000007_0",
      "shuffleFinished" : -1,
      "sortFinished" : -1,
      "hdfsBytesRead" : 256634726,
      "hdfsBytesWritten" : -1,
      "fileBytesRead" : 60104811,
      "fileBytesWritten" : 75105482,
      "mapInputRecords" : 6182,
      "mapOutputBytes" : 353986489,
      "mapOutputRecords" : 23478739,
      "combineInputRecords" : 24366600,
      "reduceInputGroups" : -1,
      "reduceInputRecords" : -1,
      "reduceShuffleBytes" : -1,
      "reduceOutputRecords" : -1,
      "spilledRecords" : 2631589,
      "mapInputBytes" : -1,
      "resourceUsageMetrics" : {
        "cumulativeCpuUsage" : 39340,
        "virtualMemoryUsage" : 394801152,
        "physicalMemoryUsage" : 196100096,
        "heapUsage" : 189005824
      },
      "location" : {
        "layers" : [ "default-rack", "Slave22" ]
      },
      "hostName" : "/default-rack/Slave22"
    } ],
    "finishTime" : 1404518015285,
    "preferredLocations" : [ {
      "layers" : [ "default-rack", "Master2" ]
    }, {
      "layers" : [ "default-rack", "Slave22" ]
    }, {
      "layers" : [ "default-rack", "Slave21" ]
    } ],
    "taskType" : "MAP",
    "taskStatus" : "SUCCESS",
    "taskID" : "task_201407031554_0549_m_000007",
    "inputBytes" : 256634726,
    "inputRecords" : 6182,
    "outputBytes" : 75105482,
    "outputRecords" : 23478739
  }, {
    "startTime" : 1404518012214,
    "attempts" : [ {
      "result" : "SUCCESS",
      "startTime" : 1404518012218,
      "finishTime" : 1404518032362,
      "attemptID" : "attempt_201407031554_0549_m_000008_0",
      "shuffleFinished" : -1,
      "sortFinished" : -1,
      "hdfsBytesRead" : 256634543,
      "hdfsBytesWritten" : -1,
      "fileBytesRead" : 53406790,
      "fileBytesWritten" : 65474392,
      "mapInputRecords" : 112606,
      "mapOutputBytes" : 355468766,
      "mapOutputRecords" : 23689644,
      "combineInputRecords" : 24579127,
      "reduceInputGroups" : -1,
      "reduceInputRecords" : -1,
      "reduceShuffleBytes" : -1,
      "reduceOutputRecords" : -1,
      "spilledRecords" : 2639156,
      "mapInputBytes" : -1,
      "resourceUsageMetrics" : {
        "cumulativeCpuUsage" : 28230,
        "virtualMemoryUsage" : 398045184,
        "physicalMemoryUsage" : 198516736,
        "heapUsage" : 184811520
      },
      "location" : {
        "layers" : [ "default-rack", "Master2" ]
      },
      "hostName" : "/default-rack/Master2"
    } ],
    "finishTime" : 1404518032380,
    "preferredLocations" : [ {
      "layers" : [ "default-rack", "Master2" ]
    }, {
      "layers" : [ "default-rack", "Slave23" ]
    }, {
      "layers" : [ "default-rack", "Slave21" ]
    } ],
    "taskType" : "MAP",
    "taskStatus" : "SUCCESS",
    "taskID" : "task_201407031554_0549_m_000008",
    "inputBytes" : 256634543,
    "inputRecords" : 112606,
    "outputBytes" : 65474392,
    "outputRecords" : 23689644
  }, {
    "startTime" : 1404518012214,
    "attempts" : [ {
      "result" : "SUCCESS",
      "startTime" : 1404518012218,
      "finishTime" : 1404518033084,
      "attemptID" : "attempt_201407031554_0549_m_000009_0",
      "shuffleFinished" : -1,
      "sortFinished" : -1,
      "hdfsBytesRead" : 256634154,
      "hdfsBytesWritten" : -1,
      "fileBytesRead" : 60554666,
      "fileBytesWritten" : 75803080,
      "mapInputRecords" : 6191,
      "mapOutputBytes" : 354193051,
      "mapOutputRecords" : 23477544,
      "combineInputRecords" : 24365343,
      "reduceInputGroups" : -1,
      "reduceInputRecords" : -1,
      "reduceShuffleBytes" : -1,
      "reduceOutputRecords" : -1,
      "spilledRecords" : 2631882,
      "mapInputBytes" : -1,
      "resourceUsageMetrics" : {
        "cumulativeCpuUsage" : 29090,
        "virtualMemoryUsage" : 399069184,
        "physicalMemoryUsage" : 202547200,
        "heapUsage" : 184287232
      },
      "location" : {
        "layers" : [ "default-rack", "Master2" ]
      },
      "hostName" : "/default-rack/Master2"
    } ],
    "finishTime" : 1404518033290,
    "preferredLocations" : [ {
      "layers" : [ "default-rack", "Master2" ]
    }, {
      "layers" : [ "default-rack", "Slave23" ]
    }, {
      "layers" : [ "default-rack", "Slave22" ]
    } ],
    "taskType" : "MAP",
    "taskStatus" : "SUCCESS",
    "taskID" : "task_201407031554_0549_m_000009",
    "inputBytes" : 256634154,
    "inputRecords" : 6191,
    "outputBytes" : 75803080,
    "outputRecords" : 23477544
  }, {
    "startTime" : 1404518013130,
    "attempts" : [ {
      "result" : "SUCCESS",
      "startTime" : 1404518013919,
      "finishTime" : 1404518034126,
      "attemptID" : "attempt_201407031554_0549_m_000010_0",
      "shuffleFinished" : -1,
      "sortFinished" : -1,
      "hdfsBytesRead" : 256634003,
      "hdfsBytesWritten" : -1,
      "fileBytesRead" : 62368083,
      "fileBytesWritten" : 78620311,
      "mapInputRecords" : 6226,
      "mapOutputBytes" : 355051836,
      "mapOutputRecords" : 23479830,
      "combineInputRecords" : 24367470,
      "reduceInputGroups" : -1,
      "reduceInputRecords" : -1,
      "reduceShuffleBytes" : -1,
      "reduceOutputRecords" : -1,
      "spilledRecords" : 2631187,
      "mapInputBytes" : -1,
      "resourceUsageMetrics" : {
        "cumulativeCpuUsage" : 27640,
        "virtualMemoryUsage" : 401186816,
        "physicalMemoryUsage" : 203206656,
        "heapUsage" : 168296448
      },
      "location" : {
        "layers" : [ "default-rack", "Slave23" ]
      },
      "hostName" : "/default-rack/Slave23"
    } ],
    "finishTime" : 1404518033340,
    "preferredLocations" : [ {
      "layers" : [ "default-rack", "Master2" ]
    }, {
      "layers" : [ "default-rack", "Slave22" ]
    }, {
      "layers" : [ "default-rack", "Slave23" ]
    } ],
    "taskType" : "MAP",
    "taskStatus" : "SUCCESS",
    "taskID" : "task_201407031554_0549_m_000010",
    "inputBytes" : 256634003,
    "inputRecords" : 6226,
    "outputBytes" : 78620311,
    "outputRecords" : 23479830
  }, {
    "startTime" : 1404518013365,
    "attempts" : [ {
      "result" : "SUCCESS",
      "startTime" : 1404518010518,
      "finishTime" : 1404518030896,
      "attemptID" : "attempt_201407031554_0549_m_000011_0",
      "shuffleFinished" : -1,
      "sortFinished" : -1,
      "hdfsBytesRead" : 256633784,
      "hdfsBytesWritten" : -1,
      "fileBytesRead" : 60126781,
      "fileBytesWritten" : 75096286,
      "mapInputRecords" : 6188,
      "mapOutputBytes" : 353988963,
      "mapOutputRecords" : 23479827,
      "combineInputRecords" : 24367577,
      "reduceInputGroups" : -1,
      "reduceInputRecords" : -1,
      "reduceShuffleBytes" : -1,
      "reduceOutputRecords" : -1,
      "spilledRecords" : 2631169,
      "mapInputBytes" : -1,
      "resourceUsageMetrics" : {
        "cumulativeCpuUsage" : 28910,
        "virtualMemoryUsage" : 396877824,
        "physicalMemoryUsage" : 199118848,
        "heapUsage" : 184287232
      },
      "location" : {
        "layers" : [ "default-rack", "Slave21" ]
      },
      "hostName" : "/default-rack/Slave21"
    } ],
    "finishTime" : 1404518033837,
    "preferredLocations" : [ {
      "layers" : [ "default-rack", "Slave22" ]
    }, {
      "layers" : [ "default-rack", "Slave23" ]
    }, {
      "layers" : [ "default-rack", "Slave21" ]
    } ],
    "taskType" : "MAP",
    "taskStatus" : "SUCCESS",
    "taskID" : "task_201407031554_0549_m_000011",
    "inputBytes" : 256633784,
    "inputRecords" : 6188,
    "outputBytes" : 75096286,
    "outputRecords" : 23479827
  }, {
    "startTime" : 1404518013666,
    "attempts" : [ {
      "result" : "SUCCESS",
      "startTime" : 1404518010820,
      "finishTime" : 1404518031461,
      "attemptID" : "attempt_201407031554_0549_m_000012_0",
      "shuffleFinished" : -1,
      "sortFinished" : -1,
      "hdfsBytesRead" : 256633764,
      "hdfsBytesWritten" : -1,
      "fileBytesRead" : 60977798,
      "fileBytesWritten" : 76527244,
      "mapInputRecords" : 6241,
      "mapOutputBytes" : 354409593,
      "mapOutputRecords" : 23478457,
      "combineInputRecords" : 24366471,
      "reduceInputGroups" : -1,
      "reduceInputRecords" : -1,
      "reduceShuffleBytes" : -1,
      "reduceOutputRecords" : -1,
      "spilledRecords" : 2632298,
      "mapInputBytes" : -1,
      "resourceUsageMetrics" : {
        "cumulativeCpuUsage" : 29830,
        "virtualMemoryUsage" : 398962688,
        "physicalMemoryUsage" : 200372224,
        "heapUsage" : 184287232
      },
      "location" : {
        "layers" : [ "default-rack", "Slave21" ]
      },
      "hostName" : "/default-rack/Slave21"
    } ],
    "finishTime" : 1404518034440,
    "preferredLocations" : [ {
      "layers" : [ "default-rack", "Slave22" ]
    }, {
      "layers" : [ "default-rack", "Slave21" ]
    }, {
      "layers" : [ "default-rack", "Slave23" ]
    } ],
    "taskType" : "MAP",
    "taskStatus" : "SUCCESS",
    "taskID" : "task_201407031554_0549_m_000012",
    "inputBytes" : 256633764,
    "inputRecords" : 6241,
    "outputBytes" : 76527244,
    "outputRecords" : 23478457
  }, {
    "startTime" : 1404518014381,
    "attempts" : [ {
      "result" : "SUCCESS",
      "startTime" : 1404518009773,
      "finishTime" : 1404518030571,
      "attemptID" : "attempt_201407031554_0549_m_000013_0",
      "shuffleFinished" : -1,
      "sortFinished" : -1,
      "hdfsBytesRead" : 256633614,
      "hdfsBytesWritten" : -1,
      "fileBytesRead" : 50128286,
      "fileBytesWritten" : 61300630,
      "mapInputRecords" : 6167,
      "mapOutputBytes" : 353975597,
      "mapOutputRecords" : 23583073,
      "combineInputRecords" : 24470273,
      "reduceInputGroups" : -1,
      "reduceInputRecords" : -1,
      "reduceShuffleBytes" : -1,
      "reduceOutputRecords" : -1,
      "spilledRecords" : 2612473,
      "mapInputBytes" : -1,
      "resourceUsageMetrics" : {
        "cumulativeCpuUsage" : 29470,
        "virtualMemoryUsage" : 398012416,
        "physicalMemoryUsage" : 195731456,
        "heapUsage" : 164102144
      },
      "location" : {
        "layers" : [ "default-rack", "Slave22" ]
      },
      "hostName" : "/default-rack/Slave22"
    } ],
    "finishTime" : 1404518035464,
    "preferredLocations" : [ {
      "layers" : [ "default-rack", "Master2" ]
    }, {
      "layers" : [ "default-rack", "Slave22" ]
    }, {
      "layers" : [ "default-rack", "Slave23" ]
    } ],
    "taskType" : "MAP",
    "taskStatus" : "SUCCESS",
    "taskID" : "task_201407031554_0549_m_000013",
    "inputBytes" : 256633614,
    "inputRecords" : 6167,
    "outputBytes" : 61300630,
    "outputRecords" : 23583073
  }, {
    "startTime" : 1404518014635,
    "attempts" : [ {
      "result" : "SUCCESS",
      "startTime" : 1404518015425,
      "finishTime" : 1404518037329,
      "attemptID" : "attempt_201407031554_0549_m_000015_0",
      "shuffleFinished" : -1,
      "sortFinished" : -1,
      "hdfsBytesRead" : 256631528,
      "hdfsBytesWritten" : -1,
      "fileBytesRead" : 61590505,
      "fileBytesWritten" : 77509358,
      "mapInputRecords" : 6104,
      "mapOutputBytes" : 354725052,
      "mapOutputRecords" : 23478630,
      "combineInputRecords" : 24365929,
      "reduceInputGroups" : -1,
      "reduceInputRecords" : -1,
      "reduceShuffleBytes" : -1,
      "reduceOutputRecords" : -1,
      "spilledRecords" : 2629971,
      "mapInputBytes" : -1,
      "resourceUsageMetrics" : {
        "cumulativeCpuUsage" : 30420,
        "virtualMemoryUsage" : 397967360,
        "physicalMemoryUsage" : 198672384,
        "heapUsage" : 176160768
      },
      "location" : {
        "layers" : [ "default-rack", "Slave23" ]
      },
      "hostName" : "/default-rack/Slave23"
    } ],
    "finishTime" : 1404518036654,
    "preferredLocations" : [ {
      "layers" : [ "default-rack", "Master2" ]
    }, {
      "layers" : [ "default-rack", "Slave23" ]
    }, {
      "layers" : [ "default-rack", "Slave21" ]
    } ],
    "taskType" : "MAP",
    "taskStatus" : "SUCCESS",
    "taskID" : "task_201407031554_0549_m_000015",
    "inputBytes" : 256631528,
    "inputRecords" : 6104,
    "outputBytes" : 77509358,
    "outputRecords" : 23478630
  }, {
    "startTime" : 1404518015285,
    "attempts" : [ {
      "result" : "SUCCESS",
      "startTime" : 1404518010677,
      "finishTime" : 1404518031844,
      "attemptID" : "attempt_201407031554_0549_m_000014_0",
      "shuffleFinished" : -1,
      "sortFinished" : -1,
      "hdfsBytesRead" : 256633202,
      "hdfsBytesWritten" : -1,
      "fileBytesRead" : 60952955,
      "fileBytesWritten" : 76484716,
      "mapInputRecords" : 6178,
      "mapOutputBytes" : 354416921,
      "mapOutputRecords" : 23480302,
      "combineInputRecords" : 24367855,
      "reduceInputGroups" : -1,
      "reduceInputRecords" : -1,
      "reduceShuffleBytes" : -1,
      "reduceOutputRecords" : -1,
      "spilledRecords" : 2631078,
      "mapInputBytes" : -1,
      "resourceUsageMetrics" : {
        "cumulativeCpuUsage" : 30230,
        "virtualMemoryUsage" : 395796480,
        "physicalMemoryUsage" : 199237632,
        "heapUsage" : 184549376
      },
      "location" : {
        "layers" : [ "default-rack", "Slave22" ]
      },
      "hostName" : "/default-rack/Slave22"
    } ],
    "finishTime" : 1404518036631,
    "preferredLocations" : [ {
      "layers" : [ "default-rack", "Master2" ]
    }, {
      "layers" : [ "default-rack", "Slave22" ]
    }, {
      "layers" : [ "default-rack", "Slave21" ]
    } ],
    "taskType" : "MAP",
    "taskStatus" : "SUCCESS",
    "taskID" : "task_201407031554_0549_m_000014",
    "inputBytes" : 256633202,
    "inputRecords" : 6178,
    "outputBytes" : 76484716,
    "outputRecords" : 23480302
  }, {
    "startTime" : 1404518032380,
    "attempts" : [ {
      "result" : "SUCCESS",
      "startTime" : 1404518032381,
      "finishTime" : 1404518052216,
      "attemptID" : "attempt_201407031554_0549_m_000016_0",
      "shuffleFinished" : -1,
      "sortFinished" : -1,
      "hdfsBytesRead" : 256631525,
      "hdfsBytesWritten" : -1,
      "fileBytesRead" : 53889876,
      "fileBytesWritten" : 66116388,
      "mapInputRecords" : 218982,
      "mapOutputBytes" : 354415816,
      "mapOutputRecords" : 23693606,
      "combineInputRecords" : 24582444,
      "reduceInputGroups" : -1,
      "reduceInputRecords" : -1,
      "reduceShuffleBytes" : -1,
      "reduceOutputRecords" : -1,
      "spilledRecords" : 2637290,
      "mapInputBytes" : -1,
      "resourceUsageMetrics" : {
        "cumulativeCpuUsage" : 27160,
        "virtualMemoryUsage" : 398045184,
        "physicalMemoryUsage" : 198840320,
        "heapUsage" : 185073664
      },
      "location" : {
        "layers" : [ "default-rack", "Master2" ]
      },
      "hostName" : "/default-rack/Master2"
    } ],
    "finishTime" : 1404518052251,
    "preferredLocations" : [ {
      "layers" : [ "default-rack", "Master2" ]
    }, {
      "layers" : [ "default-rack", "Slave21" ]
    }, {
      "layers" : [ "default-rack", "Slave23" ]
    } ],
    "taskType" : "MAP",
    "taskStatus" : "SUCCESS",
    "taskID" : "task_201407031554_0549_m_000016",
    "inputBytes" : 256631525,
    "inputRecords" : 218982,
    "outputBytes" : 66116388,
    "outputRecords" : 23693606
  }, {
    "startTime" : 1404518033290,
    "attempts" : [ {
      "result" : "SUCCESS",
      "startTime" : 1404518033291,
      "finishTime" : 1404518053547,
      "attemptID" : "attempt_201407031554_0549_m_000017_0",
      "shuffleFinished" : -1,
      "sortFinished" : -1,
      "hdfsBytesRead" : 256630450,
      "hdfsBytesWritten" : -1,
      "fileBytesRead" : 54021542,
      "fileBytesWritten" : 66381247,
      "mapInputRecords" : 6098,
      "mapOutputBytes" : 354720700,
      "mapOutputRecords" : 23584488,
      "combineInputRecords" : 24472138,
      "reduceInputGroups" : -1,
      "reduceInputRecords" : -1,
      "reduceShuffleBytes" : -1,
      "reduceOutputRecords" : -1,
      "spilledRecords" : 2632662,
      "mapInputBytes" : -1,
      "resourceUsageMetrics" : {
        "cumulativeCpuUsage" : 29220,
        "virtualMemoryUsage" : 399069184,
        "physicalMemoryUsage" : 201404416,
        "heapUsage" : 184811520
      },
      "location" : {
        "layers" : [ "default-rack", "Master2" ]
      },
      "hostName" : "/default-rack/Master2"
    }, {
      "result" : "KILLED",
      "startTime" : 1404518043788,
      "finishTime" : 1404518050736,
      "attemptID" : "attempt_201407031554_0549_m_000017_1",
      "shuffleFinished" : -1,
      "sortFinished" : -1,
      "hdfsBytesRead" : -1,
      "hdfsBytesWritten" : -1,
      "fileBytesRead" : -1,
      "fileBytesWritten" : -1,
      "mapInputRecords" : -1,
      "mapOutputBytes" : -1,
      "mapOutputRecords" : -1,
      "combineInputRecords" : -1,
      "reduceInputGroups" : -1,
      "reduceInputRecords" : -1,
      "reduceShuffleBytes" : -1,
      "reduceOutputRecords" : -1,
      "spilledRecords" : -1,
      "mapInputBytes" : -1,
      "resourceUsageMetrics" : {
        "cumulativeCpuUsage" : 0,
        "virtualMemoryUsage" : 0,
        "physicalMemoryUsage" : 0,
        "heapUsage" : 0
      },
      "location" : null,
      "hostName" : null
    } ],
    "finishTime" : 1404518053756,
    "preferredLocations" : [ {
      "layers" : [ "default-rack", "Master2" ]
    }, {
      "layers" : [ "default-rack", "Slave23" ]
    }, {
      "layers" : [ "default-rack", "Slave21" ]
    } ],
    "taskType" : "MAP",
    "taskStatus" : "SUCCESS",
    "taskID" : "task_201407031554_0549_m_000017",
    "inputBytes" : 256630450,
    "inputRecords" : 6098,
    "outputBytes" : 66381247,
    "outputRecords" : 23584488
  }, {
    "startTime" : 1404518033341,
    "attempts" : [ {
      "result" : "SUCCESS",
      "startTime" : 1404518034130,
      "finishTime" : 1404518052723,
      "attemptID" : "attempt_201407031554_0549_m_000018_0",
      "shuffleFinished" : -1,
      "sortFinished" : -1,
      "hdfsBytesRead" : 256630412,
      "hdfsBytesWritten" : -1,
      "fileBytesRead" : 52731950,
      "fileBytesWritten" : 64609864,
      "mapInputRecords" : 6203,
      "mapOutputBytes" : 354723409,
      "mapOutputRecords" : 23584253,
      "combineInputRecords" : 24471599,
      "reduceInputGroups" : -1,
      "reduceInputRecords" : -1,
      "reduceShuffleBytes" : -1,
      "reduceOutputRecords" : -1,
      "spilledRecords" : 2631270,
      "mapInputBytes" : -1,
      "resourceUsageMetrics" : {
        "cumulativeCpuUsage" : 26760,
        "virtualMemoryUsage" : 401186816,
        "physicalMemoryUsage" : 205762560,
        "heapUsage" : 179830784
      },
      "location" : {
        "layers" : [ "default-rack", "Slave23" ]
      },
      "hostName" : "/default-rack/Slave23"
    } ],
    "finishTime" : 1404518052015,
    "preferredLocations" : [ {
      "layers" : [ "default-rack", "Master2" ]
    }, {
      "layers" : [ "default-rack", "Slave23" ]
    }, {
      "layers" : [ "default-rack", "Slave21" ]
    } ],
    "taskType" : "MAP",
    "taskStatus" : "SUCCESS",
    "taskID" : "task_201407031554_0549_m_000018",
    "inputBytes" : 256630412,
    "inputRecords" : 6203,
    "outputBytes" : 64609864,
    "outputRecords" : 23584253
  }, {
    "startTime" : 1404518033837,
    "attempts" : [ {
      "result" : "SUCCESS",
      "startTime" : 1404518030991,
      "finishTime" : 1404518048681,
      "attemptID" : "attempt_201407031554_0549_m_000019_0",
      "shuffleFinished" : -1,
      "sortFinished" : -1,
      "hdfsBytesRead" : 256630142,
      "hdfsBytesWritten" : -1,
      "fileBytesRead" : 60124628,
      "fileBytesWritten" : 75045143,
      "mapInputRecords" : 6216,
      "mapOutputBytes" : 353987119,
      "mapOutputRecords" : 23480401,
      "combineInputRecords" : 24367710,
      "reduceInputGroups" : -1,
      "reduceInputRecords" : -1,
      "reduceShuffleBytes" : -1,
      "reduceOutputRecords" : -1,
      "spilledRecords" : 2629292,
      "mapInputBytes" : -1,
      "resourceUsageMetrics" : {
        "cumulativeCpuUsage" : 26380,
        "virtualMemoryUsage" : 396877824,
        "physicalMemoryUsage" : 199168000,
        "heapUsage" : 164364288
      },
      "location" : {
        "layers" : [ "default-rack", "Slave21" ]
      },
      "hostName" : "/default-rack/Slave21"
    } ],
    "finishTime" : 1404518051596,
    "preferredLocations" : [ {
      "layers" : [ "default-rack", "Master2" ]
    }, {
      "layers" : [ "default-rack", "Slave22" ]
    }, {
      "layers" : [ "default-rack", "Slave21" ]
    } ],
    "taskType" : "MAP",
    "taskStatus" : "SUCCESS",
    "taskID" : "task_201407031554_0549_m_000019",
    "inputBytes" : 256630142,
    "inputRecords" : 6216,
    "outputBytes" : 75045143,
    "outputRecords" : 23480401
  } ],
  "finishTime" : 1404518065888,
  "reduceTasks" : [ {
    "startTime" : 1404518012214,
    "attempts" : [ {
      "result" : "SUCCESS",
      "startTime" : 1404518012218,
      "finishTime" : 1404518063911,
      "attemptID" : "attempt_201407031554_0549_r_000000_0",
      "shuffleFinished" : 1404518059015,
      "sortFinished" : 1404518060225,
      "hdfsBytesRead" : -1,
      "hdfsBytesWritten" : 42930620,
      "fileBytesRead" : 75009786,
      "fileBytesWritten" : 75068508,
      "mapInputRecords" : -1,
      "mapOutputBytes" : -1,
      "mapOutputRecords" : -1,
      "combineInputRecords" : 0,
      "reduceInputGroups" : 1343603,
      "reduceInputRecords" : 2457103,
      "reduceShuffleBytes" : 75009900,
      "reduceOutputRecords" : 1343603,
      "spilledRecords" : 2457103,
      "mapInputBytes" : -1,
      "resourceUsageMetrics" : {
        "cumulativeCpuUsage" : 5610,
        "virtualMemoryUsage" : 1162248192,
        "physicalMemoryUsage" : 235474944,
        "heapUsage" : 257163264
      },
      "location" : {
        "layers" : [ "default-rack", "Master2" ]
      },
      "hostName" : "/default-rack/Master2"
    } ],
    "finishTime" : 1404518063951,
    "preferredLocations" : [ ],
    "taskType" : "REDUCE",
    "taskStatus" : "SUCCESS",
    "taskID" : "task_201407031554_0549_r_000000",
    "inputBytes" : 75009900,
    "inputRecords" : 2457103,
    "outputBytes" : 42930620,
    "outputRecords" : 1343603
  }, {
    "startTime" : 1404518012226,
    "attempts" : [ {
      "result" : "SUCCESS",
      "startTime" : 1404518013016,
      "finishTime" : 1404518064833,
      "attemptID" : "attempt_201407031554_0549_r_000001_0",
      "shuffleFinished" : 1404518059874,
      "sortFinished" : 1404518061060,
      "hdfsBytesRead" : -1,
      "hdfsBytesWritten" : 42994113,
      "fileBytesRead" : 75058472,
      "fileBytesWritten" : 75117194,
      "mapInputRecords" : -1,
      "mapOutputBytes" : -1,
      "mapOutputRecords" : -1,
      "combineInputRecords" : 0,
      "reduceInputGroups" : 1345085,
      "reduceInputRecords" : 2458119,
      "reduceShuffleBytes" : 75058586,
      "reduceOutputRecords" : 1345085,
      "spilledRecords" : 2458119,
      "mapInputBytes" : -1,
      "resourceUsageMetrics" : {
        "cumulativeCpuUsage" : 5350,
        "virtualMemoryUsage" : 1163816960,
        "physicalMemoryUsage" : 237502464,
        "heapUsage" : 181665792
      },
      "location" : {
        "layers" : [ "default-rack", "Slave23" ]
      },
      "hostName" : "/default-rack/Slave23"
    } ],
    "finishTime" : 1404518064105,
    "preferredLocations" : [ ],
    "taskType" : "REDUCE",
    "taskStatus" : "SUCCESS",
    "taskID" : "task_201407031554_0549_r_000001",
    "inputBytes" : 75058586,
    "inputRecords" : 2458119,
    "outputBytes" : 42994113,
    "outputRecords" : 1345085
  }, {
    "startTime" : 1404518012274,
    "attempts" : [ {
      "result" : "SUCCESS",
      "startTime" : 1404518007666,
      "finishTime" : 1404518059287,
      "attemptID" : "attempt_201407031554_0549_r_000002_0",
      "shuffleFinished" : 1404518054535,
      "sortFinished" : 1404518056114,
      "hdfsBytesRead" : -1,
      "hdfsBytesWritten" : 42948592,
      "fileBytesRead" : 75050560,
      "fileBytesWritten" : 75109282,
      "mapInputRecords" : -1,
      "mapOutputBytes" : -1,
      "mapOutputRecords" : -1,
      "combineInputRecords" : 0,
      "reduceInputGroups" : 1344505,
      "reduceInputRecords" : 2458703,
      "reduceShuffleBytes" : 75050674,
      "reduceOutputRecords" : 1344505,
      "spilledRecords" : 2458703,
      "mapInputBytes" : -1,
      "resourceUsageMetrics" : {
        "cumulativeCpuUsage" : 5400,
        "virtualMemoryUsage" : 1164423168,
        "physicalMemoryUsage" : 201314304,
        "heapUsage" : 173539328
      },
      "location" : {
        "layers" : [ "default-rack", "Slave22" ]
      },
      "hostName" : "/default-rack/Slave22"
    } ],
    "finishTime" : 1404518064142,
    "preferredLocations" : [ ],
    "taskType" : "REDUCE",
    "taskStatus" : "SUCCESS",
    "taskID" : "task_201407031554_0549_r_000002",
    "inputBytes" : 75050674,
    "inputRecords" : 2458703,
    "outputBytes" : 42948592,
    "outputRecords" : 1344505
  }, {
    "startTime" : 1404518012460,
    "attempts" : [ {
      "result" : "SUCCESS",
      "startTime" : 1404518009614,
      "finishTime" : 1404518062142,
      "attemptID" : "attempt_201407031554_0549_r_000003_0",
      "shuffleFinished" : 1404518057573,
      "sortFinished" : 1404518058969,
      "hdfsBytesRead" : -1,
      "hdfsBytesWritten" : 42941804,
      "fileBytesRead" : 74876785,
      "fileBytesWritten" : 74935507,
      "mapInputRecords" : -1,
      "mapOutputBytes" : -1,
      "mapOutputRecords" : -1,
      "combineInputRecords" : 0,
      "reduceInputGroups" : 1344187,
      "reduceInputRecords" : 2453353,
      "reduceShuffleBytes" : 74876899,
      "reduceOutputRecords" : 1344187,
      "spilledRecords" : 2453353,
      "mapInputBytes" : -1,
      "resourceUsageMetrics" : {
        "cumulativeCpuUsage" : 5230,
        "virtualMemoryUsage" : 1162403840,
        "physicalMemoryUsage" : 222580736,
        "heapUsage" : 150994944
      },
      "location" : {
        "layers" : [ "default-rack", "Slave21" ]
      },
      "hostName" : "/default-rack/Slave21"
    } ],
    "finishTime" : 1404518065283,
    "preferredLocations" : [ ],
    "taskType" : "REDUCE",
    "taskStatus" : "SUCCESS",
    "taskID" : "task_201407031554_0549_r_000003",
    "inputBytes" : 74876899,
    "inputRecords" : 2453353,
    "outputBytes" : 42941804,
    "outputRecords" : 1344187
  } ],
  "submitTime" : 1404517988143,
  "launchTime" : 1404517988234,
  "totalMaps" : 20,
  "totalReduces" : 4,
  "otherTasks" : [ {
    "startTime" : 1404517988313,
    "attempts" : [ {
      "result" : "SUCCESS",
      "startTime" : 1404517988399,
      "finishTime" : 1404517989005,
      "attemptID" : "attempt_201407031554_0549_m_000021_0",
      "shuffleFinished" : -1,
      "sortFinished" : -1,
      "hdfsBytesRead" : -1,
      "hdfsBytesWritten" : -1,
      "fileBytesRead" : -1,
      "fileBytesWritten" : 58814,
      "mapInputRecords" : -1,
      "mapOutputBytes" : -1,
      "mapOutputRecords" : -1,
      "combineInputRecords" : -1,
      "reduceInputGroups" : -1,
      "reduceInputRecords" : -1,
      "reduceShuffleBytes" : -1,
      "reduceOutputRecords" : -1,
      "spilledRecords" : 0,
      "mapInputBytes" : -1,
      "resourceUsageMetrics" : {
        "cumulativeCpuUsage" : 40,
        "virtualMemoryUsage" : 394817536,
        "physicalMemoryUsage" : 62369792,
        "heapUsage" : 64487424
      },
      "location" : {
        "layers" : [ "default-rack", "Master2" ]
      },
      "hostName" : "/default-rack/Master2"
    } ],
    "finishTime" : 1404517989219,
    "preferredLocations" : [ ],
    "taskType" : "SETUP",
    "taskStatus" : "SUCCESS",
    "taskID" : "task_201407031554_0549_m_000021",
    "inputBytes" : -1,
    "inputRecords" : -1,
    "outputBytes" : -1,
    "outputRecords" : -1
  }, {
    "startTime" : 1404518065284,
    "attempts" : [ {
      "result" : "SUCCESS",
      "startTime" : 1404518062439,
      "finishTime" : 1404518062789,
      "attemptID" : "attempt_201407031554_0549_m_000020_0",
      "shuffleFinished" : -1,
      "sortFinished" : -1,
      "hdfsBytesRead" : -1,
      "hdfsBytesWritten" : -1,
      "fileBytesRead" : -1,
      "fileBytesWritten" : 58814,
      "mapInputRecords" : -1,
      "mapOutputBytes" : -1,
      "mapOutputRecords" : -1,
      "combineInputRecords" : -1,
      "reduceInputGroups" : -1,
      "reduceInputRecords" : -1,
      "reduceShuffleBytes" : -1,
      "reduceOutputRecords" : -1,
      "spilledRecords" : 0,
      "mapInputBytes" : -1,
      "resourceUsageMetrics" : {
        "cumulativeCpuUsage" : 40,
        "virtualMemoryUsage" : 396877824,
        "physicalMemoryUsage" : 199172096,
        "heapUsage" : 164364288
      },
      "location" : {
        "layers" : [ "default-rack", "Slave21" ]
      },
      "hostName" : "/default-rack/Slave21"
    } ],
    "finishTime" : 1404518065888,
    "preferredLocations" : [ ],
    "taskType" : "CLEANUP",
    "taskStatus" : "SUCCESS",
    "taskID" : "task_201407031554_0549_m_000020",
    "inputBytes" : -1,
    "inputRecords" : -1,
    "outputBytes" : -1,
    "outputRecords" : -1
  } ],
  "queue" : "default",
  "jobProperties" : {
    "fs.s3n.impl" : "org.apache.hadoop.fs.s3native.NativeS3FileSystem",
    "mapred.task.cache.levels" : "2",
    "mapreduce.job.restart.recover" : "true",
    "mapreduce.job.counters.max" : "120",
    "dfs.client.use.datanode.hostname" : "false",
    "hadoop.tmp.dir" : "/tmp/hadoop-${user.name}",
    "hadoop.native.lib" : "true",
    "map.sort.class" : "org.apache.hadoop.util.QuickSort",
    "dfs.namenode.decommission.nodes.per.interval" : "5",
    "dfs.https.need.client.auth" : "false",
    "dfs.datanode.drop.cache.behind.writes" : "false",
    "ipc.client.idlethreshold" : "4000",
    "mapred.system.dir" : "${hadoop.tmp.dir}/mapred/system",
    "dfs.datanode.data.dir.perm" : "755",
    "mapred.job.tracker.persist.jobstatus.hours" : "0",
    "dfs.namenode.logging.level" : "info",
    "dfs.datanode.address" : "0.0.0.0:50010",
    "io.skip.checksum.errors" : "false",
    "dfs.block.access.token.enable" : "false",
    "fs.default.name" : "hdfs://Master2:9000",
    "mapred.cluster.reduce.memory.mb" : "-1",
    "mapred.reducer.new-api" : "true",
    "mapred.child.tmp" : "./tmp",
    "fs.har.impl.disable.cache" : "true",
    "dfs.safemode.threshold.pct" : "0.999f",
    "mapred.skip.reduce.max.skip.groups" : "0",
    "mapred.heartbeats.in.second" : "100",
    "dfs.namenode.handler.count" : "10",
    "dfs.blockreport.initialDelay" : "0",
    "mapred.tasktracker.dns.nameserver" : "default",
    "io.sort.factor" : "10",
    "dfs.datanode.drop.cache.behind.reads" : "false",
    "mapred.task.timeout" : "600000",
    "mapred.max.tracker.failures" : "4",
    "hadoop.rpc.socket.factory.class.default" : "org.apache.hadoop.net.StandardSocketFactory",
    "mapred.job.tracker.jobhistory.lru.cache.size" : "5",
    "fs.hdfs.impl" : "org.apache.hadoop.hdfs.DistributedFileSystem",
    "mapred.queue.default.acl-administer-jobs" : "*",
    "dfs.namenode.stale.datanode.interval" : "30000",
    "mapred.output.key.class" : "org.apache.hadoop.io.Text",
    "dfs.block.access.key.update.interval" : "600",
    "mapred.skip.map.auto.incr.proc.count" : "true",
    "mapreduce.job.complete.cancel.delegation.tokens" : "true",
    "io.mapfile.bloom.size" : "1048576",
    "mapreduce.reduce.shuffle.connect.timeout" : "180000",
    "dfs.safemode.extension" : "30000",
    "mapred.jobtracker.blacklist.fault-timeout-window" : "180",
    "dfs.namenode.write.stale.datanode.ratio" : "0.5f",
    "hadoop.skip.worker.version.check" : "false",
    "tasktracker.http.threads" : "40",
    "net.topology.impl" : "org.apache.hadoop.net.NetworkTopology",
    "mapred.job.shuffle.merge.percent" : "0.66",
    "fs.ftp.impl" : "org.apache.hadoop.fs.ftp.FTPFileSystem",
    "user.name" : "itri-hadoop",
    "dfs.namenode.kerberos.internal.spnego.principal" : "${dfs.web.authentication.kerberos.principal}",
    "mapred.output.compress" : "false",
    "io.bytes.per.checksum" : "512",
    "mapred.combine.recordsBeforeProgress" : "10000",
    "mapred.healthChecker.script.timeout" : "600000",
    "topology.node.switch.mapping.impl" : "org.apache.hadoop.net.ScriptBasedMapping",
    "dfs.https.server.keystore.resource" : "ssl-server.xml",
    "mapred.reduce.slowstart.completed.maps" : "0.05",
    "mapred.reduce.max.attempts" : "4",
    "dfs.namenode.safemode.min.datanodes" : "0",
    "mapreduce.ifile.readahead.bytes" : "4194304",
    "fs.ramfs.impl" : "org.apache.hadoop.fs.InMemoryFileSystem",
    "dfs.block.access.token.lifetime" : "600",
    "mapred.skip.map.max.skip.records" : "0",
    "dfs.name.edits.dir" : "${dfs.name.dir}",
    "mapred.cluster.map.memory.mb" : "-1",
    "hadoop.security.group.mapping" : "org.apache.hadoop.security.ShellBasedUnixGroupsMapping",
    "mapred.job.tracker.persist.jobstatus.dir" : "/jobtracker/jobsInfo",
    "mapred.jar" : "hdfs://Master2:9000/tmp/hadoop-itri-hadoop/mapred/staging/itri-hadoop/.staging/job_201407031554_0549/job.jar",
    "fs.s3.buffer.dir" : "${hadoop.tmp.dir}/s3",
    "dfs.block.size" : "67108864",
    "job.end.retry.attempts" : "0",
    "fs.file.impl" : "org.apache.hadoop.fs.LocalFileSystem",
    "dfs.namenode.avoid.write.stale.datanode" : "false",
    "dfs.datanode.max.xcievers" : "4096",
    "mapred.local.dir.minspacestart" : "0",
    "mapred.output.compression.type" : "RECORD",
    "dfs.datanode.ipc.address" : "0.0.0.0:50020",
    "dfs.permissions" : "true",
    "topology.script.number.args" : "100",
    "mapreduce.job.counters.groups.max" : "50",
    "io.mapfile.bloom.error.rate" : "0.005",
    "mapred.cluster.max.reduce.memory.mb" : "-1",
    "mapred.max.tracker.blacklists" : "4",
    "mapred.task.profile.maps" : "0-2",
    "mapred.jobtracker.jobSchedulable" : "org.apache.hadoop.mapred.JobSchedulable",
    "dfs.datanode.https.address" : "0.0.0.0:50475",
    "mapred.userlog.retain.hours" : "24",
    "dfs.secondary.http.address" : "0.0.0.0:50090",
    "dfs.namenode.replication.work.multiplier.per.iteration" : "2",
    "dfs.replication.max" : "512",
    "mapred.job.tracker.persist.jobstatus.active" : "false",
    "hadoop.security.authorization" : "false",
    "local.cache.size" : "10737418240",
    "mapred.min.split.size" : "268435456",
    "dfs.namenode.delegation.token.renew-interval" : "86400000",
    "mapred.map.tasks" : "20",
    "mapred.child.java.opts" : "-Xmx200m",
    "mapred.output.value.class" : "org.apache.hadoop.io.IntWritable",
    "dfs.https.client.keystore.resource" : "ssl-client.xml",
    "ipc.client.fallback-to-simple-auth-allowed" : "false",
    "mapred.job.queue.name" : "default",
    "mapred.job.tracker.retiredjobs.cache.size" : "1000",
    "dfs.https.address" : "0.0.0.0:50470",
    "dfs.balance.bandwidthPerSec" : "1048576",
    "ipc.server.listen.queue.size" : "128",
    "dfs.namenode.invalidate.work.pct.per.iteration" : "0.32f",
    "mapred.inmem.merge.threshold" : "1000",
    "job.end.retry.interval" : "30000",
    "mapred.skip.attempts.to.start.skipping" : "2",
    "mapreduce.tasktracker.outofband.heartbeat.damper" : "1000000",
    "hadoop.security.use-weak-http-crypto" : "false",
    "fs.checkpoint.dir" : "${hadoop.tmp.dir}/dfs/namesecondary",
    "dfs.namenode.avoid.read.stale.datanode" : "false",
    "mapred.reduce.tasks" : "4",
    "mapred.merge.recordsBeforeProgress" : "10000",
    "mapred.userlog.limit.kb" : "0",
    "mapred.job.reduce.memory.mb" : "-1",
    "webinterface.private.actions" : "false",
    "dfs.max.objects" : "0",
    "hadoop.security.token.service.use_ip" : "true",
    "io.sort.spill.percent" : "0.6",
    "mapred.job.shuffle.input.buffer.percent" : "0.70",
    "mapred.map.tasks.speculative.execution" : "true",
    "hadoop.http.authentication.type" : "simple",
    "mapred.job.name" : "word count",
    "hadoop.util.hash.type" : "murmur",
    "dfs.datanode.dns.nameserver" : "default",
    "hadoop.security.instrumentation.requires.admin" : "false",
    "dfs.blockreport.intervalMsec" : "3600000",
    "dfs.datanode.readahead.bytes" : "4193404",
    "mapred.map.max.attempts" : "4",
    "mapreduce.job.acl-view-job" : " ",
    "mapreduce.ifile.readahead" : "true",
    "mapred.jobtracker.nodegroup.aware" : "false",
    "mapred.job.tracker.handler.count" : "10",
    "dfs.client.block.write.retries" : "3",
    "mapreduce.reduce.shuffle.read.timeout" : "180000",
    "mapred.tasktracker.expiry.interval" : "600000",
    "dfs.secondary.namenode.kerberos.internal.spnego.principal" : "${dfs.web.authentication.kerberos.principal}",
    "dfs.https.enable" : "false",
    "mapred.jobtracker.job.history.block.size" : "3145728",
    "mapred.jobtracker.maxtasks.per.job" : "-1",
    "keep.failed.task.files" : "false",
    "dfs.datanode.use.datanode.hostname" : "false",
    "dfs.datanode.failed.volumes.tolerated" : "0",
    "ipc.client.tcpnodelay" : "false",
    "mapred.task.profile.reduces" : "0-2",
    "io.map.index.skip" : "0",
    "mapred.output.compression.codec" : "org.apache.hadoop.io.compress.DefaultCodec",
    "hadoop.http.authentication.token.validity" : "36000",
    "ipc.server.tcpnodelay" : "false",
    "hadoop.jetty.logs.serve.aliases" : "true",
    "mapred.working.dir" : "hdfs://Master2:9000/user/itri-hadoop",
    "mapred.jobtracker.blacklist.fault-bucket-width" : "15",
    "dfs.namenode.delegation.key.update-interval" : "86400000",
    "mapred.used.genericoptionsparser" : "true",
    "mapred.job.map.memory.mb" : "-1",
    "mapred.mapper.new-api" : "true",
    "dfs.default.chunk.view.size" : "32768",
    "hadoop.logfile.size" : "10000000",
    "mapred.reduce.tasks.speculative.execution" : "true",
    "mapreduce.tasktracker.outofband.heartbeat" : "false",
    "mapreduce.job.dir" : "hdfs://Master2:9000/tmp/hadoop-itri-hadoop/mapred/staging/itri-hadoop/.staging/job_201407031554_0549",
    "mapreduce.reduce.input.limit" : "-1",
    "dfs.datanode.du.reserved" : "0",
    "dfs.datanode.sync.behind.writes" : "false",
    "hadoop.security.authentication" : "simple",
    "fs.checkpoint.period" : "3600",
    "mapred.job.reuse.jvm.num.tasks" : "8",
    "dfs.web.ugi" : "webuser,webgroup",
    "mapred.jobtracker.completeuserjobs.maximum" : "100",
    "dfs.df.interval" : "60000",
    "mapred.task.tracker.task-controller" : "org.apache.hadoop.mapred.DefaultTaskController",
    "dfs.data.dir" : "${hadoop.tmp.dir}/dfs/data",
    "fs.s3.maxRetries" : "4",
    "dfs.datanode.dns.interface" : "default",
    "mapred.cluster.max.map.memory.mb" : "-1",
    "mapreduce.reduce.shuffle.maxfetchfailures" : "10",
    "mapreduce.job.acl-modify-job" : " ",
    "fs.hftp.impl" : "org.apache.hadoop.hdfs.HftpFileSystem",
    "mapred.local.dir" : "${hadoop.tmp.dir}/mapred/local",
    "dfs.permissions.supergroup" : "supergroup",
    "fs.s3.sleepTimeSeconds" : "10",
    "fs.trash.interval" : "0",
    "mapred.submit.replication" : "10",
    "dfs.replication.min" : "1",
    "fs.har.impl" : "org.apache.hadoop.fs.HarFileSystem",
    "hadoop.relaxed.worker.version.check" : "false",
    "mapred.map.output.compression.codec" : "org.apache.hadoop.io.compress.DefaultCodec",
    "mapred.tasktracker.dns.interface" : "default",
    "dfs.http.address" : "0.0.0.0:50070",
    "dfs.namenode.decommission.interval" : "30",
    "mapred.job.tracker" : "Master2:9001",
    "dfs.heartbeat.interval" : "3",
    "hadoop.http.authentication.signature.secret.file" : "${user.home}/hadoop-http-auth-signature-secret",
    "io.seqfile.sorter.recordlimit" : "1000000",
    "mapreduce.job.submithost" : "Master2",
    "dfs.name.dir" : "${hadoop.tmp.dir}/dfs/name",
    "mapred.jobtracker.taskScheduler" : "org.apache.hadoop.mapred.JobQueueTaskScheduler",
    "mapred.line.input.format.linespermap" : "1",
    "dfs.datanode.http.address" : "0.0.0.0:50075",
    "fs.webhdfs.impl" : "org.apache.hadoop.hdfs.web.WebHdfsFileSystem",
    "mapred.local.dir.minspacekill" : "0",
    "dfs.image.transfer.bandwidthPerSec" : "0",
    "dfs.replication.interval" : "3",
    "io.sort.record.percent" : "0.05",
    "hadoop.http.authentication.kerberos.principal" : "HTTP/localhost@LOCALHOST",
    "mapreduce.reduce.class" : "org.apache.hadoop.examples.WordCount$IntSumReducer",
    "fs.kfs.impl" : "org.apache.hadoop.fs.kfs.KosmosFileSystem",
    "mapred.tasktracker.reduce.tasks.maximum" : "2",
    "mapred.temp.dir" : "${hadoop.tmp.dir}/mapred/temp",
    "dfs.replication" : "3",
    "fs.checkpoint.edits.dir" : "${fs.checkpoint.dir}",
    "mapreduce.jobhistory.max-age-ms" : "2592000000",
    "mapred.tasktracker.tasks.sleeptime-before-sigkill" : "5000",
    "mapred.job.reduce.input.buffer.percent" : "0.0",
    "mapred.tasktracker.indexcache.mb" : "10",
    "dfs.webhdfs.enabled" : "false",
    "mapreduce.job.split.metainfo.maxsize" : "10000000",
    "hadoop.logfile.count" : "10",
    "mapred.skip.reduce.auto.incr.proc.count" : "true",
    "mapreduce.job.submithostaddress" : "192.168.1.104",
    "io.seqfile.compress.blocksize" : "1000000",
    "fs.s3.block.size" : "67108864",
    "mapred.tasktracker.taskmemorymanager.monitoring-interval" : "5000",
    "hadoop.http.authentication.simple.anonymous.allowed" : "true",
    "mapreduce.jobtracker.staging.root.dir" : "${hadoop.tmp.dir}/mapred/staging",
    "mapred.acls.enabled" : "false",
    "mapred.queue.default.state" : "RUNNING",
    "mapred.queue.names" : "default",
    "fs.hsftp.impl" : "org.apache.hadoop.hdfs.HsftpFileSystem",
    "dfs.access.time.precision" : "3600000",
    "mapred.task.tracker.http.address" : "0.0.0.0:50060",
    "mapreduce.combine.class" : "org.apache.hadoop.examples.WordCount$IntSumReducer",
    "io.seqfile.lazydecompress" : "true",
    "mapred.reduce.parallel.copies" : "5",
    "mapred.disk.healthChecker.interval" : "60000",
    "mapred.output.dir" : "/word-out",
    "ipc.client.connection.maxidletime" : "10000",
    "io.sort.mb" : "75",
    "mapred.reduce.child.java.opts" : "-Xmx900M",
    "mapred.task.tracker.report.address" : "127.0.0.1:0",
    "hadoop.security.uid.cache.secs" : "14400",
    "mapred.compress.map.output" : "false",
    "ipc.client.kill.max" : "10",
    "mapred.healthChecker.interval" : "60000",
    "ipc.client.connect.max.retries" : "10",
    "mapreduce.map.class" : "org.apache.hadoop.examples.WordCount$TokenizerMapper",
    "fs.s3.impl" : "org.apache.hadoop.fs.s3.S3FileSystem",
    "mapred.user.jobconf.limit" : "5242880",
    "mapreduce.job.counters.group.name.max" : "128",
    "mapred.job.tracker.http.address" : "0.0.0.0:50030",
    "mapred.input.dir" : "hdfs://Master2:9000/word-in5G",
    "io.file.buffer.size" : "4096",
    "mapred.jobtracker.restart.recover" : "false",
    "io.serializations" : "org.apache.hadoop.io.serializer.WritableSerialization",
    "mapred.task.profile" : "false",
    "dfs.datanode.handler.count" : "3",
    "mapreduce.input.num.files" : "20",
    "mapreduce.jobhistory.cleaner.interval-ms" : "86400000",
    "dfs.replication.considerLoad" : "true",
    "jobclient.output.filter" : "FAILED",
    "dfs.namenode.edits.toleration.length" : "0",
    "hadoop.http.authentication.kerberos.keytab" : "${user.home}/hadoop.keytab",
    "dfs.namenode.delegation.token.max-lifetime" : "604800000",
    "mapred.tasktracker.map.tasks.maximum" : "2",
    "fs.checkpoint.size" : "67108864",
    "io.compression.codecs" : "org.apache.hadoop.io.compress.DefaultCodec,org.apache.hadoop.io.compress.GzipCodec,org.apache.hadoop.io.compress.BZip2Codec,org.apache.hadoop.io.compress.SnappyCodec",
    "mapreduce.job.counters.counter.name.max" : "64"
  },
  "computonsPerMapInputByte" : -1,
  "computonsPerMapOutputByte" : -1,
  "computonsPerReduceInputByte" : -1,
  "computonsPerReduceOutputByte" : -1,
  "heapMegabytes" : 200,
  "outcome" : "SUCCESS",
  "jobtype" : "JAVA",
  "directDependantJobs" : [ ],
  "successfulMapAttemptCDFs" : [ {
    "maximum" : 25659,
    "minimum" : 17690,
    "rankings" : [ {
      "relativeRanking" : 0.05,
      "datum" : 17690
    }, {
      "relativeRanking" : 0.1,
      "datum" : 18593
    }, {
      "relativeRanking" : 0.15,
      "datum" : 19835
    }, {
      "relativeRanking" : 0.2,
      "datum" : 20144
    }, {
      "relativeRanking" : 0.25,
      "datum" : 20207
    }, {
      "relativeRanking" : 0.3,
      "datum" : 20256
    }, {
      "relativeRanking" : 0.35,
      "datum" : 20378
    }, {
      "relativeRanking" : 0.4,
      "datum" : 20641
    }, {
      "relativeRanking" : 0.45,
      "datum" : 20798
    }, {
      "relativeRanking" : 0.5,
      "datum" : 20866
    }, {
      "relativeRanking" : 0.55,
      "datum" : 21167
    }, {
      "relativeRanking" : 0.6,
      "datum" : 21904
    }, {
      "relativeRanking" : 0.65,
      "datum" : 22747
    }, {
      "relativeRanking" : 0.7,
      "datum" : 22889
    }, {
      "relativeRanking" : 0.75,
      "datum" : 23456
    }, {
      "relativeRanking" : 0.8,
      "datum" : 23821
    }, {
      "relativeRanking" : 0.85,
      "datum" : 24070
    }, {
      "relativeRanking" : 0.9,
      "datum" : 24893
    }, {
      "relativeRanking" : 0.95,
      "datum" : 25161
    } ],
    "numberValues" : 20
  }, {
    "maximum" : 9223372036854775807,
    "minimum" : -9223372036854775808,
    "rankings" : [ ],
    "numberValues" : 0
  }, {
    "maximum" : 9223372036854775807,
    "minimum" : -9223372036854775808,
    "rankings" : [ ],
    "numberValues" : 0
  }, {
    "maximum" : 9223372036854775807,
    "minimum" : -9223372036854775808,
    "rankings" : [ ],
    "numberValues" : 0
  } ],
  "failedMapAttemptCDFs" : [ {
    "maximum" : 9223372036854775807,
    "minimum" : -9223372036854775808,
    "rankings" : [ ],
    "numberValues" : 0
  }, {
    "maximum" : 9223372036854775807,
    "minimum" : -9223372036854775808,
    "rankings" : [ ],
    "numberValues" : 0
  }, {
    "maximum" : 9223372036854775807,
    "minimum" : -9223372036854775808,
    "rankings" : [ ],
    "numberValues" : 0
  }, {
    "maximum" : 9223372036854775807,
    "minimum" : -9223372036854775808,
    "rankings" : [ ],
    "numberValues" : 0
  } ],
  "successfulReduceAttemptCDF" : {
    "maximum" : 52528,
    "minimum" : 51621,
    "rankings" : [ {
      "relativeRanking" : 0.05,
      "datum" : 51621
    }, {
      "relativeRanking" : 0.1,
      "datum" : 51621
    }, {
      "relativeRanking" : 0.15,
      "datum" : 51621
    }, {
      "relativeRanking" : 0.2,
      "datum" : 51621
    }, {
      "relativeRanking" : 0.25,
      "datum" : 51621
    }, {
      "relativeRanking" : 0.3,
      "datum" : 51621
    }, {
      "relativeRanking" : 0.35,
      "datum" : 51621
    }, {
      "relativeRanking" : 0.4,
      "datum" : 51621
    }, {
      "relativeRanking" : 0.45,
      "datum" : 51621
    }, {
      "relativeRanking" : 0.5,
      "datum" : 51693
    }, {
      "relativeRanking" : 0.55,
      "datum" : 51693
    }, {
      "relativeRanking" : 0.6,
      "datum" : 51693
    }, {
      "relativeRanking" : 0.65,
      "datum" : 51693
    }, {
      "relativeRanking" : 0.7,
      "datum" : 51693
    }, {
      "relativeRanking" : 0.75,
      "datum" : 51817
    }, {
      "relativeRanking" : 0.8,
      "datum" : 51817
    }, {
      "relativeRanking" : 0.85,
      "datum" : 51817
    }, {
      "relativeRanking" : 0.9,
      "datum" : 51817
    }, {
      "relativeRanking" : 0.95,
      "datum" : 51817
    } ],
    "numberValues" : 4
  },
  "failedReduceAttemptCDF" : {
    "maximum" : 9223372036854775807,
    "minimum" : -9223372036854775808,
    "rankings" : [ ],
    "numberValues" : 0
  },
  "mapperTriesToSucceed" : [ 1.0 ],
  "jobMapMB" : 200,
  "priority" : "NORMAL"
}