{
  "jobID" : "job_201407031554_0582",
  "user" : "itri-hadoop",
  "jobName" : "word count",
  "failedReduceAttemptCDF" : {
    "minimum" : -9223372036854775808,
    "maximum" : 9223372036854775807,
    "rankings" : [ ],
    "numberValues" : 0
  },
  "mapperTriesToSucceed" : [ 1.0 ],
  "failedMapperFraction" : 0.0,
  "relativeTime" : 0,
  "clusterMapMB" : -1,
  "clusterReduceMB" : -1,
  "jobMapMB" : 200,
  "jobReduceMB" : 200,
  "mapTasks" : [ {
    "startTime" : 1404526488212,
    "attempts" : [ {
      "result" : "SUCCESS",
      "startTime" : 1404526488213,
      "finishTime" : 1404526499296,
      "attemptID" : "attempt_201407031554_0582_m_000000_0",
      "shuffleFinished" : -1,
      "sortFinished" : -1,
      "hdfsBytesRead" : 134230121,
      "hdfsBytesWritten" : -1,
      "fileBytesRead" : 32851382,
      "fileBytesWritten" : 39977485,
      "mapInputRecords" : 3241,
      "mapOutputBytes" : 185536290,
      "mapOutputRecords" : 12335206,
      "combineInputRecords" : 12874804,
      "reduceInputGroups" : -1,
      "reduceInputRecords" : -1,
      "reduceShuffleBytes" : -1,
      "reduceOutputRecords" : -1,
      "spilledRecords" : 1552747,
      "mapInputBytes" : -1,
      "resourceUsageMetrics" : {
        "cumulativeCpuUsage" : 21060,
        "virtualMemoryUsage" : 398422016,
        "physicalMemoryUsage" : 171577344,
        "heapUsage" : 160956416
      },
      "location" : {
        "layers" : [ "default-rack", "Master2" ]
      },
      "hostName" : "/default-rack/Master2"
    } ],
    "finishTime" : 1404526499356,
    "preferredLocations" : [ {
      "layers" : [ "default-rack", "Master2" ]
    }, {
      "layers" : [ "default-rack", "Slave21" ]
    }, {
      "layers" : [ "default-rack", "Slave22" ]
    } ],
    "taskType" : "MAP",
    "taskStatus" : "SUCCESS",
    "taskID" : "task_201407031554_0582_m_000000",
    "inputBytes" : 134230121,
    "inputRecords" : 3241,
    "outputBytes" : 39977485,
    "outputRecords" : 12335206
  }, {
    "startTime" : 1404526488212,
    "attempts" : [ {
      "result" : "SUCCESS",
      "startTime" : 1404526488213,
      "finishTime" : 1404526499798,
      "attemptID" : "attempt_201407031554_0582_m_000001_0",
      "shuffleFinished" : -1,
      "sortFinished" : -1,
      "hdfsBytesRead" : 134381673,
      "hdfsBytesWritten" : -1,
      "fileBytesRead" : 31389264,
      "fileBytesWritten" : 37721414,
      "mapInputRecords" : 3186,
      "mapOutputBytes" : 185745223,
      "mapOutputRecords" : 12350438,
      "combineInputRecords" : 12889060,
      "reduceInputGroups" : -1,
      "reduceInputRecords" : -1,
      "reduceShuffleBytes" : -1,
      "reduceOutputRecords" : -1,
      "spilledRecords" : 1550227,
      "mapInputBytes" : -1,
      "resourceUsageMetrics" : {
        "cumulativeCpuUsage" : 21780,
        "virtualMemoryUsage" : 398065664,
        "physicalMemoryUsage" : 170463232,
        "heapUsage" : 147849216
      },
      "location" : {
        "layers" : [ "default-rack", "Master2" ]
      },
      "hostName" : "/default-rack/Master2"
    } ],
    "finishTime" : 1404526499959,
    "preferredLocations" : [ {
      "layers" : [ "default-rack", "Master2" ]
    }, {
      "layers" : [ "default-rack", "Slave23" ]
    }, {
      "layers" : [ "default-rack", "Slave21" ]
    } ],
    "taskType" : "MAP",
    "taskStatus" : "SUCCESS",
    "taskID" : "task_201407031554_0582_m_000001",
    "inputBytes" : 134381673,
    "inputRecords" : 3186,
    "outputBytes" : 37721414,
    "outputRecords" : 12350438
  }, {
    "startTime" : 1404526488284,
    "attempts" : [ {
      "result" : "SUCCESS",
      "startTime" : 1404526485396,
      "finishTime" : 1404526497173,
      "attemptID" : "attempt_201407031554_0582_m_000003_0",
      "shuffleFinished" : -1,
      "sortFinished" : -1,
      "hdfsBytesRead" : 134226025,
      "hdfsBytesWritten" : -1,
      "fileBytesRead" : 32410914,
      "fileBytesWritten" : 39212279,
      "mapInputRecords" : 3194,
      "mapOutputBytes" : 185808922,
      "mapOutputRecords" : 12335516,
      "combineInputRecords" : 12874973,
      "reduceInputGroups" : -1,
      "reduceInputRecords" : -1,
      "reduceShuffleBytes" : -1,
      "reduceOutputRecords" : -1,
      "spilledRecords" : 1552095,
      "mapInputBytes" : -1,
      "resourceUsageMetrics" : {
        "cumulativeCpuUsage" : 21130,
        "virtualMemoryUsage" : 400191488,
        "physicalMemoryUsage" : 171864064,
        "heapUsage" : 163577856
      },
      "location" : {
        "layers" : [ "default-rack", "Slave21" ]
      },
      "hostName" : "/default-rack/Slave21"
    } ],
    "finishTime" : 1404526500338,
    "preferredLocations" : [ {
      "layers" : [ "default-rack", "Slave21" ]
    }, {
      "layers" : [ "default-rack", "Slave22" ]
    }, {
      "layers" : [ "default-rack", "Slave23" ]
    } ],
    "taskType" : "MAP",
    "taskStatus" : "SUCCESS",
    "taskID" : "task_201407031554_0582_m_000003",
    "inputBytes" : 134226025,
    "inputRecords" : 3194,
    "outputBytes" : 39212279,
    "outputRecords" : 12335516
  }, {
    "startTime" : 1404526488284,
    "attempts" : [ {
      "result" : "SUCCESS",
      "startTime" : 1404526485396,
      "finishTime" : 1404526497578,
      "attemptID" : "attempt_201407031554_0582_m_000004_0",
      "shuffleFinished" : -1,
      "sortFinished" : -1,
      "hdfsBytesRead" : 134242409,
      "hdfsBytesWritten" : -1,
      "fileBytesRead" : 30589707,
      "fileBytesWritten" : 36874521,
      "mapInputRecords" : 3172,
      "mapOutputBytes" : 185713281,
      "mapOutputRecords" : 12335678,
      "combineInputRecords" : 12875200,
      "reduceInputGroups" : -1,
      "reduceInputRecords" : -1,
      "reduceShuffleBytes" : -1,
      "reduceOutputRecords" : -1,
      "spilledRecords" : 1552653,
      "mapInputBytes" : -1,
      "resourceUsageMetrics" : {
        "cumulativeCpuUsage" : 22390,
        "virtualMemoryUsage" : 397045760,
        "physicalMemoryUsage" : 170328064,
        "heapUsage" : 163840000
      },
      "location" : {
        "layers" : [ "default-rack", "Slave21" ]
      },
      "hostName" : "/default-rack/Slave21"
    } ],
    "finishTime" : 1404526500640,
    "preferredLocations" : [ {
      "layers" : [ "default-rack", "Slave23" ]
    }, {
      "layers" : [ "default-rack", "Slave21" ]
    }, {
      "layers" : [ "default-rack", "Slave22" ]
    } ],
    "taskType" : "MAP",
    "taskStatus" : "SUCCESS",
    "taskID" : "task_201407031554_0582_m_000004",
    "inputBytes" : 134242409,
    "inputRecords" : 3172,
    "outputBytes" : 36874521,
    "outputRecords" : 12335678
  }, {
    "startTime" : 1404526488302,
    "attempts" : [ {
      "result" : "SUCCESS",
      "startTime" : 1404526483573,
      "finishTime" : 1404526495836,
      "attemptID" : "attempt_201407031554_0582_m_000002_0",
      "shuffleFinished" : -1,
      "sortFinished" : -1,
      "hdfsBytesRead" : 134221929,
      "hdfsBytesWritten" : -1,
      "fileBytesRead" : 31253963,
      "fileBytesWritten" : 37608740,
      "mapInputRecords" : 114552,
      "mapOutputBytes" : 185357119,
      "mapOutputRecords" : 12391279,
      "combineInputRecords" : 12931237,
      "reduceInputGroups" : -1,
      "reduceInputRecords" : -1,
      "reduceShuffleBytes" : -1,
      "reduceOutputRecords" : -1,
      "spilledRecords" : 1554367,
      "mapInputBytes" : -1,
      "resourceUsageMetrics" : {
        "cumulativeCpuUsage" : 23330,
        "virtualMemoryUsage" : 395689984,
        "physicalMemoryUsage" : 167276544,
        "heapUsage" : 164102144
      },
      "location" : {
        "layers" : [ "default-rack", "Slave22" ]
      },
      "hostName" : "/default-rack/Slave22"
    } ],
    "finishTime" : 1404526500656,
    "preferredLocations" : [ {
      "layers" : [ "default-rack", "Master2" ]
    }, {
      "layers" : [ "default-rack", "Slave22" ]
    }, {
      "layers" : [ "default-rack", "Slave23" ]
    } ],
    "taskType" : "MAP",
    "taskStatus" : "SUCCESS",
    "taskID" : "task_201407031554_0582_m_000002",
    "inputBytes" : 134221929,
    "inputRecords" : 114552,
    "outputBytes" : 37608740,
    "outputRecords" : 12391279
  }, {
    "startTime" : 1404526488302,
    "attempts" : [ {
      "result" : "SUCCESS",
      "startTime" : 1404526483574,
      "finishTime" : 1404526495452,
      "attemptID" : "attempt_201407031554_0582_m_000005_0",
      "shuffleFinished" : -1,
      "sortFinished" : -1,
      "hdfsBytesRead" : 134221929,
      "hdfsBytesWritten" : -1,
      "fileBytesRead" : 34213388,
      "fileBytesWritten" : 42604679,
      "mapInputRecords" : 3296,
      "mapOutputBytes" : 185239406,
      "mapOutputRecords" : 12277012,
      "combineInputRecords" : 12815446,
      "reduceInputGroups" : -1,
      "reduceInputRecords" : -1,
      "reduceShuffleBytes" : -1,
      "reduceOutputRecords" : -1,
      "spilledRecords" : 1548441,
      "mapInputBytes" : -1,
      "resourceUsageMetrics" : {
        "cumulativeCpuUsage" : 22360,
        "virtualMemoryUsage" : 397197312,
        "physicalMemoryUsage" : 159571968,
        "heapUsage" : 135266304
      },
      "location" : {
        "layers" : [ "default-rack", "Slave22" ]
      },
      "hostName" : "/default-rack/Slave22"
    } ],
    "finishTime" : 1404526500354,
    "preferredLocations" : [ {
      "layers" : [ "default-rack", "Master2" ]
    }, {
      "layers" : [ "default-rack", "Slave22" ]
    }, {
      "layers" : [ "default-rack", "Slave21" ]
    } ],
    "taskType" : "MAP",
    "taskStatus" : "SUCCESS",
    "taskID" : "task_201407031554_0582_m_000005",
    "inputBytes" : 134221929,
    "inputRecords" : 3296,
    "outputBytes" : 42604679,
    "outputRecords" : 12277012
  }, {
    "startTime" : 1404526488368,
    "attempts" : [ {
      "result" : "SUCCESS",
      "startTime" : 1404526489270,
      "finishTime" : 1404526500760,
      "attemptID" : "attempt_201407031554_0582_m_000006_0",
      "shuffleFinished" : -1,
      "sortFinished" : -1,
      "hdfsBytesRead" : 134221929,
      "hdfsBytesWritten" : -1,
      "fileBytesRead" : 30908076,
      "fileBytesWritten" : 37266748,
      "mapInputRecords" : 58874,
      "mapOutputBytes" : 185911030,
      "mapOutputRecords" : 12390080,
      "combineInputRecords" : 12930142,
      "reduceInputGroups" : -1,
      "reduceInputRecords" : -1,
      "reduceShuffleBytes" : -1,
      "reduceOutputRecords" : -1,
      "spilledRecords" : 1554979,
      "mapInputBytes" : -1,
      "resourceUsageMetrics" : {
        "cumulativeCpuUsage" : 21590,
        "virtualMemoryUsage" : 396574720,
        "physicalMemoryUsage" : 163041280,
        "heapUsage" : 142606336
      },
      "location" : {
        "layers" : [ "default-rack", "Slave23" ]
      },
      "hostName" : "/default-rack/Slave23"
    } ],
    "finishTime" : 1404526500128,
    "preferredLocations" : [ {
      "layers" : [ "default-rack", "Master2" ]
    }, {
      "layers" : [ "default-rack", "Slave22" ]
    }, {
      "layers" : [ "default-rack", "Slave23" ]
    } ],
    "taskType" : "MAP",
    "taskStatus" : "SUCCESS",
    "taskID" : "task_201407031554_0582_m_000006",
    "inputBytes" : 134221929,
    "inputRecords" : 58874,
    "outputBytes" : 37266748,
    "outputRecords" : 12390080
  }, {
    "startTime" : 1404526488368,
    "attempts" : [ {
      "result" : "SUCCESS",
      "startTime" : 1404526489270,
      "finishTime" : 1404526500203,
      "attemptID" : "attempt_201407031554_0582_m_000007_0",
      "shuffleFinished" : -1,
      "sortFinished" : -1,
      "hdfsBytesRead" : 134340713,
      "hdfsBytesWritten" : -1,
      "fileBytesRead" : 29051629,
      "fileBytesWritten" : 35223388,
      "mapInputRecords" : 3117,
      "mapOutputBytes" : 185291898,
      "mapOutputRecords" : 12344227,
      "combineInputRecords" : 12883280,
      "reduceInputGroups" : -1,
      "reduceInputRecords" : -1,
      "reduceShuffleBytes" : -1,
      "reduceOutputRecords" : -1,
      "spilledRecords" : 1545398,
      "mapInputBytes" : -1,
      "resourceUsageMetrics" : {
        "cumulativeCpuUsage" : 20680,
        "virtualMemoryUsage" : 395812864,
        "physicalMemoryUsage" : 167112704,
        "heapUsage" : 163840000
      },
      "location" : {
        "layers" : [ "default-rack", "Slave23" ]
      },
      "hostName" : "/default-rack/Slave23"
    } ],
    "finishTime" : 1404526499526,
    "preferredLocations" : [ {
      "layers" : [ "default-rack", "Master2" ]
    }, {
      "layers" : [ "default-rack", "Slave22" ]
    }, {
      "layers" : [ "default-rack", "Slave23" ]
    } ],
    "taskType" : "MAP",
    "taskStatus" : "SUCCESS",
    "taskID" : "task_201407031554_0582_m_000007",
    "inputBytes" : 134340713,
    "inputRecords" : 3117,
    "outputBytes" : 35223388,
    "outputRecords" : 12344227
  }, {
    "startTime" : 1404526499356,
    "attempts" : [ {
      "result" : "SUCCESS",
      "startTime" : 1404526499357,
      "finishTime" : 1404526508838,
      "attemptID" : "attempt_201407031554_0582_m_000009_0",
      "shuffleFinished" : -1,
      "sortFinished" : -1,
      "hdfsBytesRead" : 134283369,
      "hdfsBytesWritten" : -1,
      "fileBytesRead" : 34458642,
      "fileBytesWritten" : 42954715,
      "mapInputRecords" : 3224,
      "mapOutputBytes" : 185446396,
      "mapOutputRecords" : 12285634,
      "combineInputRecords" : 12823371,
      "reduceInputGroups" : -1,
      "reduceInputRecords" : -1,
      "reduceShuffleBytes" : -1,
      "reduceOutputRecords" : -1,
      "spilledRecords" : 1546900,
      "mapInputBytes" : -1,
      "resourceUsageMetrics" : {
        "cumulativeCpuUsage" : 15920,
        "virtualMemoryUsage" : 399085568,
        "physicalMemoryUsage" : 227942400,
        "heapUsage" : 208928768
      },
      "location" : {
        "layers" : [ "default-rack", "Master2" ]
      },
      "hostName" : "/default-rack/Master2"
    } ],
    "finishTime" : 1404526508989,
    "preferredLocations" : [ {
      "layers" : [ "default-rack", "Master2" ]
    }, {
      "layers" : [ "default-rack", "Slave23" ]
    }, {
      "layers" : [ "default-rack", "Slave22" ]
    } ],
    "taskType" : "MAP",
    "taskStatus" : "SUCCESS",
    "taskID" : "task_201407031554_0582_m_000009",
    "inputBytes" : 134283369,
    "inputRecords" : 3224,
    "outputBytes" : 42954715,
    "outputRecords" : 12285634
  }, {
    "startTime" : 1404526499526,
    "attempts" : [ {
      "result" : "SUCCESS",
      "startTime" : 1404526500356,
      "finishTime" : 1404526509875,
      "attemptID" : "attempt_201407031554_0582_m_000008_0",
      "shuffleFinished" : -1,
      "sortFinished" : -1,
      "hdfsBytesRead" : 134230121,
      "hdfsBytesWritten" : -1,
      "fileBytesRead" : 34452640,
      "fileBytesWritten" : 42973715,
      "mapInputRecords" : 3265,
      "mapOutputBytes" : 185369834,
      "mapOutputRecords" : 12279783,
      "combineInputRecords" : 12817880,
      "reduceInputGroups" : -1,
      "reduceInputRecords" : -1,
      "reduceShuffleBytes" : -1,
      "reduceOutputRecords" : -1,
      "spilledRecords" : 1548089,
      "mapInputBytes" : -1,
      "resourceUsageMetrics" : {
        "cumulativeCpuUsage" : 16230,
        "virtualMemoryUsage" : 397524992,
        "physicalMemoryUsage" : 224755712,
        "heapUsage" : 209190912
      },
      "location" : {
        "layers" : [ "default-rack", "Slave23" ]
      },
      "hostName" : "/default-rack/Slave23"
    } ],
    "finishTime" : 1404526509111,
    "preferredLocations" : [ {
      "layers" : [ "default-rack", "Slave22" ]
    }, {
      "layers" : [ "default-rack", "Slave21" ]
    }, {
      "layers" : [ "default-rack", "Slave23" ]
    } ],
    "taskType" : "MAP",
    "taskStatus" : "SUCCESS",
    "taskID" : "task_201407031554_0582_m_000008",
    "inputBytes" : 134230121,
    "inputRecords" : 3265,
    "outputBytes" : 42973715,
    "outputRecords" : 12279783
  }, {
    "startTime" : 1404526499959,
    "attempts" : [ {
      "result" : "SUCCESS",
      "startTime" : 1404526499962,
      "finishTime" : 1404526509270,
      "attemptID" : "attempt_201407031554_0582_m_000010_0",
      "shuffleFinished" : -1,
      "sortFinished" : -1,
      "hdfsBytesRead" : 134254697,
      "hdfsBytesWritten" : -1,
      "fileBytesRead" : 34887272,
      "fileBytesWritten" : 43495516,
      "mapInputRecords" : 3161,
      "mapOutputBytes" : 185566838,
      "mapOutputRecords" : 12282061,
      "combineInputRecords" : 12819975,
      "reduceInputGroups" : -1,
      "reduceInputRecords" : -1,
      "reduceShuffleBytes" : -1,
      "reduceOutputRecords" : -1,
      "spilledRecords" : 1547688,
      "mapInputBytes" : -1,
      "resourceUsageMetrics" : {
        "cumulativeCpuUsage" : 14770,
        "virtualMemoryUsage" : 398012416,
        "physicalMemoryUsage" : 225943552,
        "heapUsage" : 193724416
      },
      "location" : {
        "layers" : [ "default-rack", "Master2" ]
      },
      "hostName" : "/default-rack/Master2"
    } ],
    "finishTime" : 1404526509290,
    "preferredLocations" : [ {
      "layers" : [ "default-rack", "Master2" ]
    }, {
      "layers" : [ "default-rack", "Slave23" ]
    }, {
      "layers" : [ "default-rack", "Slave21" ]
    } ],
    "taskType" : "MAP",
    "taskStatus" : "SUCCESS",
    "taskID" : "task_201407031554_0582_m_000010",
    "inputBytes" : 134254697,
    "inputRecords" : 3161,
    "outputBytes" : 43495516,
    "outputRecords" : 12282061
  }, {
    "startTime" : 1404526500129,
    "attempts" : [ {
      "result" : "SUCCESS",
      "startTime" : 1404526500958,
      "finishTime" : 1404526510056,
      "attemptID" : "attempt_201407031554_0582_m_000011_0",
      "shuffleFinished" : -1,
      "sortFinished" : -1,
      "hdfsBytesRead" : 134221929,
      "hdfsBytesWritten" : -1,
      "fileBytesRead" : 35353323,
      "fileBytesWritten" : 44026364,
      "mapInputRecords" : 3295,
      "mapOutputBytes" : 185694039,
      "mapOutputRecords" : 12280187,
      "combineInputRecords" : 12817936,
      "reduceInputGroups" : -1,
      "reduceInputRecords" : -1,
      "reduceShuffleBytes" : -1,
      "reduceOutputRecords" : -1,
      "spilledRecords" : 1546543,
      "mapInputBytes" : -1,
      "resourceUsageMetrics" : {
        "cumulativeCpuUsage" : 15760,
        "virtualMemoryUsage" : 397238272,
        "physicalMemoryUsage" : 225550336,
        "heapUsage" : 203948032
      },
      "location" : {
        "layers" : [ "default-rack", "Slave23" ]
      },
      "hostName" : "/default-rack/Slave23"
    } ],
    "finishTime" : 1404526509412,
    "preferredLocations" : [ {
      "layers" : [ "default-rack", "Master2" ]
    }, {
      "layers" : [ "default-rack", "Slave22" ]
    }, {
      "layers" : [ "default-rack", "Slave23" ]
    } ],
    "taskType" : "MAP",
    "taskStatus" : "SUCCESS",
    "taskID" : "task_201407031554_0582_m_000011",
    "inputBytes" : 134221929,
    "inputRecords" : 3295,
    "outputBytes" : 44026364,
    "outputRecords" : 12280187
  }, {
    "startTime" : 1404526500339,
    "attempts" : [ {
      "result" : "SUCCESS",
      "startTime" : 1404526497391,
      "finishTime" : 1404526506551,
      "attemptID" : "attempt_201407031554_0582_m_000013_0",
      "shuffleFinished" : -1,
      "sortFinished" : -1,
      "hdfsBytesRead" : 134221929,
      "hdfsBytesWritten" : -1,
      "fileBytesRead" : 30736462,
      "fileBytesWritten" : 37042813,
      "mapInputRecords" : 58960,
      "mapOutputBytes" : 185466075,
      "mapOutputRecords" : 12334105,
      "combineInputRecords" : 12873753,
      "reduceInputGroups" : -1,
      "reduceInputRecords" : -1,
      "reduceShuffleBytes" : -1,
      "reduceOutputRecords" : -1,
      "spilledRecords" : 1552569,
      "mapInputBytes" : -1,
      "resourceUsageMetrics" : {
        "cumulativeCpuUsage" : 15800,
        "virtualMemoryUsage" : 401186816,
        "physicalMemoryUsage" : 226459648,
        "heapUsage" : 177733632
      },
      "location" : {
        "layers" : [ "default-rack", "Slave21" ]
      },
      "hostName" : "/default-rack/Slave21"
    } ],
    "finishTime" : 1404526509762,
    "preferredLocations" : [ {
      "layers" : [ "default-rack", "Slave23" ]
    }, {
      "layers" : [ "default-rack", "Slave22" ]
    }, {
      "layers" : [ "default-rack", "Slave21" ]
    } ],
    "taskType" : "MAP",
    "taskStatus" : "SUCCESS",
    "taskID" : "task_201407031554_0582_m_000013",
    "inputBytes" : 134221929,
    "inputRecords" : 58960,
    "outputBytes" : 37042813,
    "outputRecords" : 12334105
  }, {
    "startTime" : 1404526500355,
    "attempts" : [ {
      "result" : "SUCCESS",
      "startTime" : 1404526495578,
      "finishTime" : 1404526505092,
      "attemptID" : "attempt_201407031554_0582_m_000012_0",
      "shuffleFinished" : -1,
      "sortFinished" : -1,
      "hdfsBytesRead" : 134226025,
      "hdfsBytesWritten" : -1,
      "fileBytesRead" : 34421775,
      "fileBytesWritten" : 42939536,
      "mapInputRecords" : 3249,
      "mapOutputBytes" : 185366679,
      "mapOutputRecords" : 12280420,
      "combineInputRecords" : 12818244,
      "reduceInputGroups" : -1,
      "reduceInputRecords" : -1,
      "reduceShuffleBytes" : -1,
      "reduceOutputRecords" : -1,
      "spilledRecords" : 1546943,
      "mapInputBytes" : -1,
      "resourceUsageMetrics" : {
        "cumulativeCpuUsage" : 15750,
        "virtualMemoryUsage" : 397144064,
        "physicalMemoryUsage" : 223588352,
        "heapUsage" : 208404480
      },
      "location" : {
        "layers" : [ "default-rack", "Slave22" ]
      },
      "hostName" : "/default-rack/Slave22"
    } ],
    "finishTime" : 1404526510015,
    "preferredLocations" : [ {
      "layers" : [ "default-rack", "Master2" ]
    }, {
      "layers" : [ "default-rack", "Slave22" ]
    }, {
      "layers" : [ "default-rack", "Slave23" ]
    } ],
    "taskType" : "MAP",
    "taskStatus" : "SUCCESS",
    "taskID" : "task_201407031554_0582_m_000012",
    "inputBytes" : 134226025,
    "inputRecords" : 3249,
    "outputBytes" : 42939536,
    "outputRecords" : 12280420
  }, {
    "startTime" : 1404526500640,
    "attempts" : [ {
      "result" : "SUCCESS",
      "startTime" : 1404526497693,
      "finishTime" : 1404526506928,
      "attemptID" : "attempt_201407031554_0582_m_000015_0",
      "shuffleFinished" : -1,
      "sortFinished" : -1,
      "hdfsBytesRead" : 134283369,
      "hdfsBytesWritten" : -1,
      "fileBytesRead" : 33967483,
      "fileBytesWritten" : 42246342,
      "mapInputRecords" : 3253,
      "mapOutputBytes" : 185226719,
      "mapOutputRecords" : 12286244,
      "combineInputRecords" : 12824649,
      "reduceInputGroups" : -1,
      "reduceInputRecords" : -1,
      "reduceShuffleBytes" : -1,
      "reduceOutputRecords" : -1,
      "spilledRecords" : 1548365,
      "mapInputBytes" : -1,
      "resourceUsageMetrics" : {
        "cumulativeCpuUsage" : 15780,
        "virtualMemoryUsage" : 398041088,
        "physicalMemoryUsage" : 228233216,
        "heapUsage" : 209190912
      },
      "location" : {
        "layers" : [ "default-rack", "Slave21" ]
      },
      "hostName" : "/default-rack/Slave21"
    } ],
    "finishTime" : 1404526510063,
    "preferredLocations" : [ {
      "layers" : [ "default-rack", "Master2" ]
    }, {
      "layers" : [ "default-rack", "Slave22" ]
    }, {
      "layers" : [ "default-rack", "Slave21" ]
    } ],
    "taskType" : "MAP",
    "taskStatus" : "SUCCESS",
    "taskID" : "task_201407031554_0582_m_000015",
    "inputBytes" : 134283369,
    "inputRecords" : 3253,
    "outputBytes" : 42246342,
    "outputRecords" : 12286244
  }, {
    "startTime" : 1404526500656,
    "attempts" : [ {
      "result" : "SUCCESS",
      "startTime" : 1404526495880,
      "finishTime" : 1404526505594,
      "attemptID" : "attempt_201407031554_0582_m_000014_0",
      "shuffleFinished" : -1,
      "sortFinished" : -1,
      "hdfsBytesRead" : 134250601,
      "hdfsBytesWritten" : -1,
      "fileBytesRead" : 30492472,
      "fileBytesWritten" : 36835709,
      "mapInputRecords" : 3215,
      "mapOutputBytes" : 185558584,
      "mapOutputRecords" : 12336611,
      "combineInputRecords" : 12875780,
      "reduceInputGroups" : -1,
      "reduceInputRecords" : -1,
      "reduceShuffleBytes" : -1,
      "reduceOutputRecords" : -1,
      "spilledRecords" : 1551279,
      "mapInputBytes" : -1,
      "resourceUsageMetrics" : {
        "cumulativeCpuUsage" : 15890,
        "virtualMemoryUsage" : 396685312,
        "physicalMemoryUsage" : 223911936,
        "heapUsage" : 208928768
      },
      "location" : {
        "layers" : [ "default-rack", "Slave22" ]
      },
      "hostName" : "/default-rack/Slave22"
    } ],
    "finishTime" : 1404526510617,
    "preferredLocations" : [ {
      "layers" : [ "default-rack", "Master2" ]
    }, {
      "layers" : [ "default-rack", "Slave23" ]
    }, {
      "layers" : [ "default-rack", "Slave22" ]
    } ],
    "taskType" : "MAP",
    "taskStatus" : "SUCCESS",
    "taskID" : "task_201407031554_0582_m_000014",
    "inputBytes" : 134250601,
    "inputRecords" : 3215,
    "outputBytes" : 36835709,
    "outputRecords" : 12336611
  }, {
    "startTime" : 1404526508989,
    "attempts" : [ {
      "result" : "SUCCESS",
      "startTime" : 1404526508990,
      "finishTime" : 1404526517807,
      "attemptID" : "attempt_201407031554_0582_m_000016_0",
      "shuffleFinished" : -1,
      "sortFinished" : -1,
      "hdfsBytesRead" : 134238313,
      "hdfsBytesWritten" : -1,
      "fileBytesRead" : 33715256,
      "fileBytesWritten" : 41849609,
      "mapInputRecords" : 3234,
      "mapOutputBytes" : 185044410,
      "mapOutputRecords" : 12280417,
      "combineInputRecords" : 12818527,
      "reduceInputGroups" : -1,
      "reduceInputRecords" : -1,
      "reduceShuffleBytes" : -1,
      "reduceOutputRecords" : -1,
      "spilledRecords" : 1547641,
      "mapInputBytes" : -1,
      "resourceUsageMetrics" : {
        "cumulativeCpuUsage" : 14720,
        "virtualMemoryUsage" : 399085568,
        "physicalMemoryUsage" : 206913536,
        "heapUsage" : 155713536
      },
      "location" : {
        "layers" : [ "default-rack", "Master2" ]
      },
      "hostName" : "/default-rack/Master2"
    } ],
    "finishTime" : 1404526518015,
    "preferredLocations" : [ {
      "layers" : [ "default-rack", "Master2" ]
    }, {
      "layers" : [ "default-rack", "Slave23" ]
    }, {
      "layers" : [ "default-rack", "Slave21" ]
    } ],
    "taskType" : "MAP",
    "taskStatus" : "SUCCESS",
    "taskID" : "task_201407031554_0582_m_000016",
    "inputBytes" : 134238313,
    "inputRecords" : 3234,
    "outputBytes" : 41849609,
    "outputRecords" : 12280417
  }, {
    "startTime" : 1404526509111,
    "attempts" : [ {
      "result" : "SUCCESS",
      "startTime" : 1404526509940,
      "finishTime" : 1404526518549,
      "attemptID" : "attempt_201407031554_0582_m_000018_0",
      "shuffleFinished" : -1,
      "sortFinished" : -1,
      "hdfsBytesRead" : 134266985,
      "hdfsBytesWritten" : -1,
      "fileBytesRead" : 33948550,
      "fileBytesWritten" : 42181660,
      "mapInputRecords" : 3251,
      "mapOutputBytes" : 185198864,
      "mapOutputRecords" : 12284490,
      "combineInputRecords" : 12822053,
      "reduceInputGroups" : -1,
      "reduceInputRecords" : -1,
      "reduceShuffleBytes" : -1,
      "reduceOutputRecords" : -1,
      "spilledRecords" : 1545800,
      "mapInputBytes" : -1,
      "resourceUsageMetrics" : {
        "cumulativeCpuUsage" : 14080,
        "virtualMemoryUsage" : 397524992,
        "physicalMemoryUsage" : 205832192,
        "heapUsage" : 153092096
      },
      "location" : {
        "layers" : [ "default-rack", "Slave23" ]
      },
      "hostName" : "/default-rack/Slave23"
    } ],
    "finishTime" : 1404526517841,
    "preferredLocations" : [ {
      "layers" : [ "default-rack", "Master2" ]
    }, {
      "layers" : [ "default-rack", "Slave23" ]
    }, {
      "layers" : [ "default-rack", "Slave21" ]
    } ],
    "taskType" : "MAP",
    "taskStatus" : "SUCCESS",
    "taskID" : "task_201407031554_0582_m_000018",
    "inputBytes" : 134266985,
    "inputRecords" : 3251,
    "outputBytes" : 42181660,
    "outputRecords" : 12284490
  }, {
    "startTime" : 1404526509290,
    "attempts" : [ {
      "result" : "SUCCESS",
      "startTime" : 1404526509291,
      "finishTime" : 1404526519258,
      "attemptID" : "attempt_201407031554_0582_m_000017_0",
      "shuffleFinished" : -1,
      "sortFinished" : -1,
      "hdfsBytesRead" : 134226025,
      "hdfsBytesWritten" : -1,
      "fileBytesRead" : 33932226,
      "fileBytesWritten" : 42219612,
      "mapInputRecords" : 3241,
      "mapOutputBytes" : 185147164,
      "mapOutputRecords" : 12281239,
      "combineInputRecords" : 12819208,
      "reduceInputGroups" : -1,
      "reduceInputRecords" : -1,
      "reduceShuffleBytes" : -1,
      "reduceOutputRecords" : -1,
      "spilledRecords" : 1547380,
      "mapInputBytes" : -1,
      "resourceUsageMetrics" : {
        "cumulativeCpuUsage" : 16220,
        "virtualMemoryUsage" : 398012416,
        "physicalMemoryUsage" : 206163968,
        "heapUsage" : 157024256
      },
      "location" : {
        "layers" : [ "default-rack", "Master2" ]
      },
      "hostName" : "/default-rack/Master2"
    } ],
    "finishTime" : 1404526519520,
    "preferredLocations" : [ {
      "layers" : [ "default-rack", "Master2" ]
    }, {
      "layers" : [ "default-rack", "Slave21" ]
    }, {
      "layers" : [ "default-rack", "Slave22" ]
    } ],
    "taskType" : "MAP",
    "taskStatus" : "SUCCESS",
    "taskID" : "task_201407031554_0582_m_000017",
    "inputBytes" : 134226025,
    "inputRecords" : 3241,
    "outputBytes" : 42219612,
    "outputRecords" : 12281239
  }, {
    "startTime" : 1404526509413,
    "attempts" : [ {
      "result" : "SUCCESS",
      "startTime" : 1404526510242,
      "finishTime" : 1404526520035,
      "attemptID" : "attempt_201407031554_0582_m_000019_0",
      "shuffleFinished" : -1,
      "sortFinished" : -1,
      "hdfsBytesRead" : 134234217,
      "hdfsBytesWritten" : -1,
      "fileBytesRead" : 34182752,
      "fileBytesWritten" : 42558160,
      "mapInputRecords" : 3212,
      "mapOutputBytes" : 185264766,
      "mapOutputRecords" : 12280786,
      "combineInputRecords" : 12818342,
      "reduceInputGroups" : -1,
      "reduceInputRecords" : -1,
      "reduceShuffleBytes" : -1,
      "reduceOutputRecords" : -1,
      "spilledRecords" : 1546360,
      "mapInputBytes" : -1,
      "resourceUsageMetrics" : {
        "cumulativeCpuUsage" : 16390,
        "virtualMemoryUsage" : 397570048,
        "physicalMemoryUsage" : 206442496,
        "heapUsage" : 156499968
      },
      "location" : {
        "layers" : [ "default-rack", "Slave23" ]
      },
      "hostName" : "/default-rack/Slave23"
    } ],
    "finishTime" : 1404526519347,
    "preferredLocations" : [ {
      "layers" : [ "default-rack", "Slave21" ]
    }, {
      "layers" : [ "default-rack", "Slave23" ]
    }, {
      "layers" : [ "default-rack", "Slave22" ]
    } ],
    "taskType" : "MAP",
    "taskStatus" : "SUCCESS",
    "taskID" : "task_201407031554_0582_m_000019",
    "inputBytes" : 134234217,
    "inputRecords" : 3212,
    "outputBytes" : 42558160,
    "outputRecords" : 12280786
  }, {
    "startTime" : 1404526509763,
    "attempts" : [ {
      "result" : "SUCCESS",
      "startTime" : 1404526506815,
      "finishTime" : 1404526515099,
      "attemptID" : "attempt_201407031554_0582_m_000020_0",
      "shuffleFinished" : -1,
      "sortFinished" : -1,
      "hdfsBytesRead" : 122421894,
      "hdfsBytesWritten" : -1,
      "fileBytesRead" : 29928112,
      "fileBytesWritten" : 37401402,
      "mapInputRecords" : 2948,
      "mapOutputBytes" : 168729119,
      "mapOutputRecords" : 11196483,
      "combineInputRecords" : 11687749,
      "reduceInputGroups" : -1,
      "reduceInputRecords" : -1,
      "reduceShuffleBytes" : -1,
      "reduceOutputRecords" : -1,
      "spilledRecords" : 1381522,
      "mapInputBytes" : -1,
      "resourceUsageMetrics" : {
        "cumulativeCpuUsage" : 14320,
        "virtualMemoryUsage" : 401186816,
        "physicalMemoryUsage" : 173809664,
        "heapUsage" : 179044352
      },
      "location" : {
        "layers" : [ "default-rack", "Slave21" ]
      },
      "hostName" : "/default-rack/Slave21"
    } ],
    "finishTime" : 1404526518201,
    "preferredLocations" : [ {
      "layers" : [ "default-rack", "Slave22" ]
    }, {
      "layers" : [ "default-rack", "Slave23" ]
    }, {
      "layers" : [ "default-rack", "Slave21" ]
    } ],
    "taskType" : "MAP",
    "taskStatus" : "SUCCESS",
    "taskID" : "task_201407031554_0582_m_000020",
    "inputBytes" : 122421894,
    "inputRecords" : 2948,
    "outputBytes" : 37401402,
    "outputRecords" : 11196483
  }, {
    "startTime" : 1404526510015,
    "attempts" : [ {
      "result" : "SUCCESS",
      "startTime" : 1404526505239,
      "finishTime" : 1404526514026,
      "attemptID" : "attempt_201407031554_0582_m_000021_0",
      "shuffleFinished" : -1,
      "sortFinished" : -1,
      "hdfsBytesRead" : 122420954,
      "hdfsBytesWritten" : -1,
      "fileBytesRead" : 29097585,
      "fileBytesWritten" : 35675638,
      "mapInputRecords" : 3012,
      "mapOutputBytes" : 169194599,
      "mapOutputRecords" : 11248653,
      "combineInputRecords" : 11740824,
      "reduceInputGroups" : -1,
      "reduceInputRecords" : -1,
      "reduceShuffleBytes" : -1,
      "reduceOutputRecords" : -1,
      "spilledRecords" : 1385233,
      "mapInputBytes" : -1,
      "resourceUsageMetrics" : {
        "cumulativeCpuUsage" : 13910,
        "virtualMemoryUsage" : 397144064,
        "physicalMemoryUsage" : 203145216,
        "heapUsage" : 136314880
      },
      "location" : {
        "layers" : [ "default-rack", "Slave22" ]
      },
      "hostName" : "/default-rack/Slave22"
    } ],
    "finishTime" : 1404526518981,
    "preferredLocations" : [ {
      "layers" : [ "default-rack", "Master2" ]
    }, {
      "layers" : [ "default-rack", "Slave23" ]
    }, {
      "layers" : [ "default-rack", "Slave22" ]
    } ],
    "taskType" : "MAP",
    "taskStatus" : "SUCCESS",
    "taskID" : "task_201407031554_0582_m_000021",
    "inputBytes" : 122420954,
    "inputRecords" : 3012,
    "outputBytes" : 35675638,
    "outputRecords" : 11248653
  }, {
    "startTime" : 1404526510063,
    "attempts" : [ {
      "result" : "SUCCESS",
      "startTime" : 1404526507116,
      "finishTime" : 1404526515360,
      "attemptID" : "attempt_201407031554_0582_m_000022_0",
      "shuffleFinished" : -1,
      "sortFinished" : -1,
      "hdfsBytesRead" : 122419615,
      "hdfsBytesWritten" : -1,
      "fileBytesRead" : 27249725,
      "fileBytesWritten" : 33048479,
      "mapInputRecords" : 53745,
      "mapOutputBytes" : 169164811,
      "mapOutputRecords" : 11251543,
      "combineInputRecords" : 11743518,
      "reduceInputGroups" : -1,
      "reduceInputRecords" : -1,
      "reduceShuffleBytes" : -1,
      "reduceOutputRecords" : -1,
      "spilledRecords" : 1384378,
      "mapInputBytes" : -1,
      "resourceUsageMetrics" : {
        "cumulativeCpuUsage" : 13970,
        "virtualMemoryUsage" : 398372864,
        "physicalMemoryUsage" : 207368192,
        "heapUsage" : 157286400
      },
      "location" : {
        "layers" : [ "default-rack", "Slave21" ]
      },
      "hostName" : "/default-rack/Slave21"
    } ],
    "finishTime" : 1404526518502,
    "preferredLocations" : [ {
      "layers" : [ "default-rack", "Slave21" ]
    }, {
      "layers" : [ "default-rack", "Slave22" ]
    }, {
      "layers" : [ "default-rack", "Slave23" ]
    } ],
    "taskType" : "MAP",
    "taskStatus" : "SUCCESS",
    "taskID" : "task_201407031554_0582_m_000022",
    "inputBytes" : 122419615,
    "inputRecords" : 53745,
    "outputBytes" : 33048479,
    "outputRecords" : 11251543
  }, {
    "startTime" : 1404526510618,
    "attempts" : [ {
      "result" : "SUCCESS",
      "startTime" : 1404526505841,
      "finishTime" : 1404526514784,
      "attemptID" : "attempt_201407031554_0582_m_000023_0",
      "shuffleFinished" : -1,
      "sortFinished" : -1,
      "hdfsBytesRead" : 122419444,
      "hdfsBytesWritten" : -1,
      "fileBytesRead" : 30571928,
      "fileBytesWritten" : 38363984,
      "mapInputRecords" : 3002,
      "mapOutputBytes" : 168974175,
      "mapOutputRecords" : 11194157,
      "combineInputRecords" : 11685364,
      "reduceInputGroups" : -1,
      "reduceInputRecords" : -1,
      "reduceShuffleBytes" : -1,
      "reduceOutputRecords" : -1,
      "spilledRecords" : 1381500,
      "mapInputBytes" : -1,
      "resourceUsageMetrics" : {
        "cumulativeCpuUsage" : 13440,
        "virtualMemoryUsage" : 396685312,
        "physicalMemoryUsage" : 205258752,
        "heapUsage" : 156762112
      },
      "location" : {
        "layers" : [ "default-rack", "Slave22" ]
      },
      "hostName" : "/default-rack/Slave22"
    } ],
    "finishTime" : 1404526519587,
    "preferredLocations" : [ {
      "layers" : [ "default-rack", "Slave23" ]
    }, {
      "layers" : [ "default-rack", "Slave21" ]
    }, {
      "layers" : [ "default-rack", "Slave22" ]
    } ],
    "taskType" : "MAP",
    "taskStatus" : "SUCCESS",
    "taskID" : "task_201407031554_0582_m_000023",
    "inputBytes" : 122419444,
    "inputRecords" : 3002,
    "outputBytes" : 38363984,
    "outputRecords" : 11194157
  }, {
    "startTime" : 1404526517841,
    "attempts" : [ {
      "result" : "SUCCESS",
      "startTime" : 1404526518671,
      "finishTime" : 1404526527758,
      "attemptID" : "attempt_201407031554_0582_m_000026_0",
      "shuffleFinished" : -1,
      "sortFinished" : -1,
      "hdfsBytesRead" : 122417584,
      "hdfsBytesWritten" : -1,
      "fileBytesRead" : 28746544,
      "fileBytesWritten" : 34988177,
      "mapInputRecords" : 2947,
      "mapOutputBytes" : 169460213,
      "mapOutputRecords" : 11250726,
      "combineInputRecords" : 11742260,
      "reduceInputGroups" : -1,
      "reduceInputRecords" : -1,
      "reduceShuffleBytes" : -1,
      "reduceOutputRecords" : -1,
      "spilledRecords" : 1383533,
      "mapInputBytes" : -1,
      "resourceUsageMetrics" : {
        "cumulativeCpuUsage" : 14840,
        "virtualMemoryUsage" : 397856768,
        "physicalMemoryUsage" : 231841792,
        "heapUsage" : 206307328
      },
      "location" : {
        "layers" : [ "default-rack", "Slave23" ]
      },
      "hostName" : "/default-rack/Slave23"
    } ],
    "finishTime" : 1404526527176,
    "preferredLocations" : [ {
      "layers" : [ "default-rack", "Master2" ]
    }, {
      "layers" : [ "default-rack", "Slave21" ]
    }, {
      "layers" : [ "default-rack", "Slave23" ]
    } ],
    "taskType" : "MAP",
    "taskStatus" : "SUCCESS",
    "taskID" : "task_201407031554_0582_m_000026",
    "inputBytes" : 122417584,
    "inputRecords" : 2947,
    "outputBytes" : 34988177,
    "outputRecords" : 11250726
  }, {
    "startTime" : 1404526518015,
    "attempts" : [ {
      "result" : "SUCCESS",
      "startTime" : 1404526518016,
      "finishTime" : 1404526525852,
      "attemptID" : "attempt_201407031554_0582_m_000024_0",
      "shuffleFinished" : -1,
      "sortFinished" : -1,
      "hdfsBytesRead" : 122419150,
      "hdfsBytesWritten" : -1,
      "fileBytesRead" : 30321237,
      "fileBytesWritten" : 38016229,
      "mapInputRecords" : 2994,
      "mapOutputBytes" : 168952753,
      "mapOutputRecords" : 11199241,
      "combineInputRecords" : 11690026,
      "reduceInputGroups" : -1,
      "reduceInputRecords" : -1,
      "reduceShuffleBytes" : -1,
      "reduceOutputRecords" : -1,
      "spilledRecords" : 1380410,
      "mapInputBytes" : -1,
      "resourceUsageMetrics" : {
        "cumulativeCpuUsage" : 13270,
        "virtualMemoryUsage" : 399417344,
        "physicalMemoryUsage" : 231931904,
        "heapUsage" : 201850880
      },
      "location" : {
        "layers" : [ "default-rack", "Master2" ]
      },
      "hostName" : "/default-rack/Master2"
    } ],
    "finishTime" : 1404526526139,
    "preferredLocations" : [ {
      "layers" : [ "default-rack", "Master2" ]
    }, {
      "layers" : [ "default-rack", "Slave22" ]
    }, {
      "layers" : [ "default-rack", "Slave21" ]
    } ],
    "taskType" : "MAP",
    "taskStatus" : "SUCCESS",
    "taskID" : "task_201407031554_0582_m_000024",
    "inputBytes" : 122419150,
    "inputRecords" : 2994,
    "outputBytes" : 38016229,
    "outputRecords" : 11199241
  }, {
    "startTime" : 1404526518201,
    "attempts" : [ {
      "result" : "SUCCESS",
      "startTime" : 1404526515253,
      "finishTime" : 1404526523870,
      "attemptID" : "attempt_201407031554_0582_m_000025_0",
      "shuffleFinished" : -1,
      "sortFinished" : -1,
      "hdfsBytesRead" : 122418317,
      "hdfsBytesWritten" : -1,
      "fileBytesRead" : 27053352,
      "fileBytesWritten" : 32883676,
      "mapInputRecords" : 2930,
      "mapOutputBytes" : 169340729,
      "mapOutputRecords" : 11249870,
      "combineInputRecords" : 11741832,
      "reduceInputGroups" : -1,
      "reduceInputRecords" : -1,
      "reduceShuffleBytes" : -1,
      "reduceOutputRecords" : -1,
      "spilledRecords" : 1384094,
      "mapInputBytes" : -1,
      "resourceUsageMetrics" : {
        "cumulativeCpuUsage" : 14570,
        "virtualMemoryUsage" : 401518592,
        "physicalMemoryUsage" : 226770944,
        "heapUsage" : 179044352
      },
      "location" : {
        "layers" : [ "default-rack", "Slave21" ]
      },
      "hostName" : "/default-rack/Slave21"
    } ],
    "finishTime" : 1404526526934,
    "preferredLocations" : [ {
      "layers" : [ "default-rack", "Master2" ]
    }, {
      "layers" : [ "default-rack", "Slave21" ]
    }, {
      "layers" : [ "default-rack", "Slave22" ]
    } ],
    "taskType" : "MAP",
    "taskStatus" : "SUCCESS",
    "taskID" : "task_201407031554_0582_m_000025",
    "inputBytes" : 122418317,
    "inputRecords" : 2930,
    "outputBytes" : 32883676,
    "outputRecords" : 11249870
  }, {
    "startTime" : 1404526518502,
    "attempts" : [ {
      "result" : "SUCCESS",
      "startTime" : 1404526515555,
      "finishTime" : 1404526523907,
      "attemptID" : "attempt_201407031554_0582_m_000027_0",
      "shuffleFinished" : -1,
      "sortFinished" : -1,
      "hdfsBytesRead" : 122416998,
      "hdfsBytesWritten" : -1,
      "fileBytesRead" : 30073712,
      "fileBytesWritten" : 37655150,
      "mapInputRecords" : 2929,
      "mapOutputBytes" : 168759770,
      "mapOutputRecords" : 11192495,
      "combineInputRecords" : 11682807,
      "reduceInputGroups" : -1,
      "reduceInputRecords" : -1,
      "reduceShuffleBytes" : -1,
      "reduceOutputRecords" : -1,
      "spilledRecords" : 1379000,
      "mapInputBytes" : -1,
      "resourceUsageMetrics" : {
        "cumulativeCpuUsage" : 14110,
        "virtualMemoryUsage" : 398372864,
        "physicalMemoryUsage" : 229531648,
        "heapUsage" : 207093760
      },
      "location" : {
        "layers" : [ "default-rack", "Slave21" ]
      },
      "hostName" : "/default-rack/Slave21"
    } ],
    "finishTime" : 1404526526934,
    "preferredLocations" : [ {
      "layers" : [ "default-rack", "Master2" ]
    }, {
      "layers" : [ "default-rack", "Slave22" ]
    }, {
      "layers" : [ "default-rack", "Slave21" ]
    } ],
    "taskType" : "MAP",
    "taskStatus" : "SUCCESS",
    "taskID" : "task_201407031554_0582_m_000027",
    "inputBytes" : 122416998,
    "inputRecords" : 2929,
    "outputBytes" : 37655150,
    "outputRecords" : 11192495
  }, {
    "startTime" : 1404526518985,
    "attempts" : [ {
      "result" : "SUCCESS",
      "startTime" : 1404526514209,
      "finishTime" : 1404526523155,
      "attemptID" : "attempt_201407031554_0582_m_000029_0",
      "shuffleFinished" : -1,
      "sortFinished" : -1,
      "hdfsBytesRead" : 122416426,
      "hdfsBytesWritten" : -1,
      "fileBytesRead" : 30320081,
      "fileBytesWritten" : 38037814,
      "mapInputRecords" : 2979,
      "mapOutputBytes" : 168928285,
      "mapOutputRecords" : 11196758,
      "combineInputRecords" : 11687946,
      "reduceInputGroups" : -1,
      "reduceInputRecords" : -1,
      "reduceShuffleBytes" : -1,
      "reduceOutputRecords" : -1,
      "spilledRecords" : 1381635,
      "mapInputBytes" : -1,
      "resourceUsageMetrics" : {
        "cumulativeCpuUsage" : 14530,
        "virtualMemoryUsage" : 397475840,
        "physicalMemoryUsage" : 230150144,
        "heapUsage" : 206569472
      },
      "location" : {
        "layers" : [ "default-rack", "Slave22" ]
      },
      "hostName" : "/default-rack/Slave22"
    } ],
    "finishTime" : 1404526528025,
    "preferredLocations" : [ {
      "layers" : [ "default-rack", "Master2" ]
    }, {
      "layers" : [ "default-rack", "Slave23" ]
    }, {
      "layers" : [ "default-rack", "Slave22" ]
    } ],
    "taskType" : "MAP",
    "taskStatus" : "SUCCESS",
    "taskID" : "task_201407031554_0582_m_000029",
    "inputBytes" : 122416426,
    "inputRecords" : 2979,
    "outputBytes" : 38037814,
    "outputRecords" : 11196758
  }, {
    "startTime" : 1404526519347,
    "attempts" : [ {
      "result" : "SUCCESS",
      "startTime" : 1404526520176,
      "finishTime" : 1404526528195,
      "attemptID" : "attempt_201407031554_0582_m_000028_0",
      "shuffleFinished" : -1,
      "sortFinished" : -1,
      "hdfsBytesRead" : 122416815,
      "hdfsBytesWritten" : -1,
      "fileBytesRead" : 27376952,
      "fileBytesWritten" : 33264234,
      "mapInputRecords" : 53732,
      "mapOutputBytes" : 169557736,
      "mapOutputRecords" : 11299564,
      "combineInputRecords" : 11791930,
      "reduceInputGroups" : -1,
      "reduceInputRecords" : -1,
      "reduceShuffleBytes" : -1,
      "reduceOutputRecords" : -1,
      "spilledRecords" : 1386466,
      "mapInputBytes" : -1,
      "resourceUsageMetrics" : {
        "cumulativeCpuUsage" : 14380,
        "virtualMemoryUsage" : 397570048,
        "physicalMemoryUsage" : 229801984,
        "heapUsage" : 203948032
      },
      "location" : {
        "layers" : [ "default-rack", "Slave23" ]
      },
      "hostName" : "/default-rack/Slave23"
    } ],
    "finishTime" : 1404526527478,
    "preferredLocations" : [ {
      "layers" : [ "default-rack", "Master2" ]
    }, {
      "layers" : [ "default-rack", "Slave23" ]
    }, {
      "layers" : [ "default-rack", "Slave21" ]
    } ],
    "taskType" : "MAP",
    "taskStatus" : "SUCCESS",
    "taskID" : "task_201407031554_0582_m_000028",
    "inputBytes" : 122416815,
    "inputRecords" : 53732,
    "outputBytes" : 33264234,
    "outputRecords" : 11299564
  }, {
    "startTime" : 1404526519520,
    "attempts" : [ {
      "result" : "SUCCESS",
      "startTime" : 1404526519521,
      "finishTime" : 1404526527344,
      "attemptID" : "attempt_201407031554_0582_m_000030_0",
      "shuffleFinished" : -1,
      "sortFinished" : -1,
      "hdfsBytesRead" : 122416275,
      "hdfsBytesWritten" : -1,
      "fileBytesRead" : 31355738,
      "fileBytesWritten" : 39347210,
      "mapInputRecords" : 2931,
      "mapOutputBytes" : 169357797,
      "mapOutputRecords" : 11199643,
      "combineInputRecords" : 11690361,
      "reduceInputGroups" : -1,
      "reduceInputRecords" : -1,
      "reduceShuffleBytes" : -1,
      "reduceOutputRecords" : -1,
      "spilledRecords" : 1380452,
      "mapInputBytes" : -1,
      "resourceUsageMetrics" : {
        "cumulativeCpuUsage" : 13120,
        "virtualMemoryUsage" : 398012416,
        "physicalMemoryUsage" : 230567936,
        "heapUsage" : 206569472
      },
      "location" : {
        "layers" : [ "default-rack", "Master2" ]
      },
      "hostName" : "/default-rack/Master2"
    } ],
    "finishTime" : 1404526527644,
    "preferredLocations" : [ {
      "layers" : [ "default-rack", "Master2" ]
    }, {
      "layers" : [ "default-rack", "Slave22" ]
    }, {
      "layers" : [ "default-rack", "Slave23" ]
    } ],
    "taskType" : "MAP",
    "taskStatus" : "SUCCESS",
    "taskID" : "task_201407031554_0582_m_000030",
    "inputBytes" : 122416275,
    "inputRecords" : 2931,
    "outputBytes" : 39347210,
    "outputRecords" : 11199643
  }, {
    "startTime" : 1404526519588,
    "attempts" : [ {
      "result" : "SUCCESS",
      "startTime" : 1404526514811,
      "finishTime" : 1404526523438,
      "attemptID" : "attempt_201407031554_0582_m_000031_0",
      "shuffleFinished" : -1,
      "sortFinished" : -1,
      "hdfsBytesRead" : 122416056,
      "hdfsBytesWritten" : -1,
      "fileBytesRead" : 30086397,
      "fileBytesWritten" : 37666417,
      "mapInputRecords" : 2947,
      "mapOutputBytes" : 168841799,
      "mapOutputRecords" : 11198588,
      "combineInputRecords" : 11689109,
      "reduceInputGroups" : -1,
      "reduceInputRecords" : -1,
      "reduceShuffleBytes" : -1,
      "reduceOutputRecords" : -1,
      "spilledRecords" : 1379281,
      "mapInputBytes" : -1,
      "resourceUsageMetrics" : {
        "cumulativeCpuUsage" : 14370,
        "virtualMemoryUsage" : 397017088,
        "physicalMemoryUsage" : 225710080,
        "heapUsage" : 178782208
      },
      "location" : {
        "layers" : [ "default-rack", "Slave22" ]
      },
      "hostName" : "/default-rack/Slave22"
    } ],
    "finishTime" : 1404526528326,
    "preferredLocations" : [ {
      "layers" : [ "default-rack", "Slave23" ]
    }, {
      "layers" : [ "default-rack", "Slave21" ]
    }, {
      "layers" : [ "default-rack", "Slave22" ]
    } ],
    "taskType" : "MAP",
    "taskStatus" : "SUCCESS",
    "taskID" : "task_201407031554_0582_m_000031",
    "inputBytes" : 122416056,
    "inputRecords" : 2947,
    "outputBytes" : 37666417,
    "outputRecords" : 11198588
  }, {
    "startTime" : 1404526526139,
    "attempts" : [ {
      "result" : "SUCCESS",
      "startTime" : 1404526526140,
      "finishTime" : 1404526534164,
      "attemptID" : "attempt_201407031554_0582_m_000033_0",
      "shuffleFinished" : -1,
      "sortFinished" : -1,
      "hdfsBytesRead" : 122415886,
      "hdfsBytesWritten" : -1,
      "fileBytesRead" : 25666258,
      "fileBytesWritten" : 31390026,
      "mapInputRecords" : 3050,
      "mapOutputBytes" : 168683699,
      "mapOutputRecords" : 11238846,
      "combineInputRecords" : 11729744,
      "reduceInputGroups" : -1,
      "reduceInputRecords" : -1,
      "reduceShuffleBytes" : -1,
      "reduceOutputRecords" : -1,
      "spilledRecords" : 1376336,
      "mapInputBytes" : -1,
      "resourceUsageMetrics" : {
        "cumulativeCpuUsage" : 13930,
        "virtualMemoryUsage" : 399417344,
        "physicalMemoryUsage" : 208904192,
        "heapUsage" : 158072832
      },
      "location" : {
        "layers" : [ "default-rack", "Master2" ]
      },
      "hostName" : "/default-rack/Master2"
    } ],
    "finishTime" : 1404526534264,
    "preferredLocations" : [ {
      "layers" : [ "default-rack", "Master2" ]
    }, {
      "layers" : [ "default-rack", "Slave22" ]
    }, {
      "layers" : [ "default-rack", "Slave23" ]
    } ],
    "taskType" : "MAP",
    "taskStatus" : "SUCCESS",
    "taskID" : "task_201407031554_0582_m_000033",
    "inputBytes" : 122415886,
    "inputRecords" : 3050,
    "outputBytes" : 31390026,
    "outputRecords" : 11238846
  }, {
    "startTime" : 1404526526934,
    "attempts" : [ {
      "result" : "SUCCESS",
      "startTime" : 1404526523988,
      "finishTime" : 1404526531605,
      "attemptID" : "attempt_201407031554_0582_m_000032_0",
      "shuffleFinished" : -1,
      "sortFinished" : -1,
      "hdfsBytesRead" : 122416036,
      "hdfsBytesWritten" : -1,
      "fileBytesRead" : 30540918,
      "fileBytesWritten" : 38330453,
      "mapInputRecords" : 2976,
      "mapOutputBytes" : 169039759,
      "mapOutputRecords" : 11198674,
      "combineInputRecords" : 11689323,
      "reduceInputGroups" : -1,
      "reduceInputRecords" : -1,
      "reduceShuffleBytes" : -1,
      "reduceOutputRecords" : -1,
      "spilledRecords" : 1379743,
      "mapInputBytes" : -1,
      "resourceUsageMetrics" : {
        "cumulativeCpuUsage" : 12700,
        "virtualMemoryUsage" : 401518592,
        "physicalMemoryUsage" : 227311616,
        "heapUsage" : 201588736
      },
      "location" : {
        "layers" : [ "default-rack", "Slave21" ]
      },
      "hostName" : "/default-rack/Slave21"
    } ],
    "finishTime" : 1404526534763,
    "preferredLocations" : [ {
      "layers" : [ "default-rack", "Slave23" ]
    }, {
      "layers" : [ "default-rack", "Slave21" ]
    }, {
      "layers" : [ "default-rack", "Slave22" ]
    } ],
    "taskType" : "MAP",
    "taskStatus" : "SUCCESS",
    "taskID" : "task_201407031554_0582_m_000032",
    "inputBytes" : 122416036,
    "inputRecords" : 2976,
    "outputBytes" : 38330453,
    "outputRecords" : 11198674
  }, {
    "startTime" : 1404526526934,
    "attempts" : [ {
      "result" : "SUCCESS",
      "startTime" : 1404526523988,
      "finishTime" : 1404526532516,
      "attemptID" : "attempt_201407031554_0582_m_000034_0",
      "shuffleFinished" : -1,
      "sortFinished" : -1,
      "hdfsBytesRead" : 122415474,
      "hdfsBytesWritten" : -1,
      "fileBytesRead" : 30538553,
      "fileBytesWritten" : 38331116,
      "mapInputRecords" : 2929,
      "mapOutputBytes" : 169050242,
      "mapOutputRecords" : 11199882,
      "combineInputRecords" : 11690556,
      "reduceInputGroups" : -1,
      "reduceInputRecords" : -1,
      "reduceShuffleBytes" : -1,
      "reduceOutputRecords" : -1,
      "spilledRecords" : 1380035,
      "mapInputBytes" : -1,
      "resourceUsageMetrics" : {
        "cumulativeCpuUsage" : 14510,
        "virtualMemoryUsage" : 398372864,
        "physicalMemoryUsage" : 209383424,
        "heapUsage" : 158597120
      },
      "location" : {
        "layers" : [ "default-rack", "Slave21" ]
      },
      "hostName" : "/default-rack/Slave21"
    } ],
    "finishTime" : 1404526535668,
    "preferredLocations" : [ {
      "layers" : [ "default-rack", "Master2" ]
    }, {
      "layers" : [ "default-rack", "Slave22" ]
    }, {
      "layers" : [ "default-rack", "Slave21" ]
    } ],
    "taskType" : "MAP",
    "taskStatus" : "SUCCESS",
    "taskID" : "task_201407031554_0582_m_000034",
    "inputBytes" : 122415474,
    "inputRecords" : 2929,
    "outputBytes" : 38331116,
    "outputRecords" : 11199882
  }, {
    "startTime" : 1404526527176,
    "attempts" : [ {
      "result" : "SUCCESS",
      "startTime" : 1404526528005,
      "finishTime" : 1404526536110,
      "attemptID" : "attempt_201407031554_0582_m_000035_0",
      "shuffleFinished" : -1,
      "sortFinished" : -1,
      "hdfsBytesRead" : 122413800,
      "hdfsBytesWritten" : -1,
      "fileBytesRead" : 30937033,
      "fileBytesWritten" : 38789204,
      "mapInputRecords" : 2943,
      "mapOutputBytes" : 169158214,
      "mapOutputRecords" : 11196569,
      "combineInputRecords" : 11686803,
      "reduceInputGroups" : -1,
      "reduceInputRecords" : -1,
      "reduceShuffleBytes" : -1,
      "reduceOutputRecords" : -1,
      "spilledRecords" : 1378405,
      "mapInputBytes" : -1,
      "resourceUsageMetrics" : {
        "cumulativeCpuUsage" : 14070,
        "virtualMemoryUsage" : 397856768,
        "physicalMemoryUsage" : 206970880,
        "heapUsage" : 146276352
      },
      "location" : {
        "layers" : [ "default-rack", "Slave23" ]
      },
      "hostName" : "/default-rack/Slave23"
    } ],
    "finishTime" : 1404526535312,
    "preferredLocations" : [ {
      "layers" : [ "default-rack", "Master2" ]
    }, {
      "layers" : [ "default-rack", "Slave23" ]
    }, {
      "layers" : [ "default-rack", "Slave21" ]
    } ],
    "taskType" : "MAP",
    "taskStatus" : "SUCCESS",
    "taskID" : "task_201407031554_0582_m_000035",
    "inputBytes" : 122413800,
    "inputRecords" : 2943,
    "outputBytes" : 38789204,
    "outputRecords" : 11196569
  }, {
    "startTime" : 1404526527478,
    "attempts" : [ {
      "result" : "SUCCESS",
      "startTime" : 1404526528308,
      "finishTime" : 1404526537257,
      "attemptID" : "attempt_201407031554_0582_m_000036_0",
      "shuffleFinished" : -1,
      "sortFinished" : -1,
      "hdfsBytesRead" : 122413797,
      "hdfsBytesWritten" : -1,
      "fileBytesRead" : 27695544,
      "fileBytesWritten" : 33558946,
      "mapInputRecords" : 104430,
      "mapOutputBytes" : 169058697,
      "mapOutputRecords" : 11302327,
      "combineInputRecords" : 11794342,
      "reduceInputGroups" : -1,
      "reduceInputRecords" : -1,
      "reduceShuffleBytes" : -1,
      "reduceOutputRecords" : -1,
      "spilledRecords" : 1385593,
      "mapInputBytes" : -1,
      "resourceUsageMetrics" : {
        "cumulativeCpuUsage" : 14970,
        "virtualMemoryUsage" : 397570048,
        "physicalMemoryUsage" : 207638528,
        "heapUsage" : 158859264
      },
      "location" : {
        "layers" : [ "default-rack", "Slave23" ]
      },
      "hostName" : "/default-rack/Slave23"
    } ],
    "finishTime" : 1404526536518,
    "preferredLocations" : [ {
      "layers" : [ "default-rack", "Master2" ]
    }, {
      "layers" : [ "default-rack", "Slave21" ]
    }, {
      "layers" : [ "default-rack", "Slave23" ]
    } ],
    "taskType" : "MAP",
    "taskStatus" : "SUCCESS",
    "taskID" : "task_201407031554_0582_m_000036",
    "inputBytes" : 122413797,
    "inputRecords" : 104430,
    "outputBytes" : 33558946,
    "outputRecords" : 11302327
  }, {
    "startTime" : 1404526527644,
    "attempts" : [ {
      "result" : "SUCCESS",
      "startTime" : 1404526527645,
      "finishTime" : 1404526535460,
      "attemptID" : "attempt_201407031554_0582_m_000037_0",
      "shuffleFinished" : -1,
      "sortFinished" : -1,
      "hdfsBytesRead" : 122412722,
      "hdfsBytesWritten" : -1,
      "fileBytesRead" : 27833912,
      "fileBytesWritten" : 33686967,
      "mapInputRecords" : 2912,
      "mapOutputBytes" : 168975477,
      "mapOutputRecords" : 11234050,
      "combineInputRecords" : 11725939,
      "reduceInputGroups" : -1,
      "reduceInputRecords" : -1,
      "reduceShuffleBytes" : -1,
      "reduceOutputRecords" : -1,
      "spilledRecords" : 1384040,
      "mapInputBytes" : -1,
      "resourceUsageMetrics" : {
        "cumulativeCpuUsage" : 13070,
        "virtualMemoryUsage" : 398344192,
        "physicalMemoryUsage" : 208338944,
        "heapUsage" : 151781376
      },
      "location" : {
        "layers" : [ "default-rack", "Master2" ]
      },
      "hostName" : "/default-rack/Master2"
    } ],
    "finishTime" : 1404526535468,
    "preferredLocations" : [ {
      "layers" : [ "default-rack", "Master2" ]
    }, {
      "layers" : [ "default-rack", "Slave23" ]
    }, {
      "layers" : [ "default-rack", "Slave21" ]
    } ],
    "taskType" : "MAP",
    "taskStatus" : "SUCCESS",
    "taskID" : "task_201407031554_0582_m_000037",
    "inputBytes" : 122412722,
    "inputRecords" : 2912,
    "outputBytes" : 33686967,
    "outputRecords" : 11234050
  }, {
    "startTime" : 1404526528025,
    "attempts" : [ {
      "result" : "SUCCESS",
      "startTime" : 1404526523249,
      "finishTime" : 1404526531770,
      "attemptID" : "attempt_201407031554_0582_m_000039_0",
      "shuffleFinished" : -1,
      "sortFinished" : -1,
      "hdfsBytesRead" : 122412414,
      "hdfsBytesWritten" : -1,
      "fileBytesRead" : 30089765,
      "fileBytesWritten" : 37669390,
      "mapInputRecords" : 2965,
      "mapOutputBytes" : 168788255,
      "mapOutputRecords" : 11195911,
      "combineInputRecords" : 11686637,
      "reduceInputGroups" : -1,
      "reduceInputRecords" : -1,
      "reduceShuffleBytes" : -1,
      "reduceOutputRecords" : -1,
      "spilledRecords" : 1379799,
      "mapInputBytes" : -1,
      "resourceUsageMetrics" : {
        "cumulativeCpuUsage" : 13810,
        "virtualMemoryUsage" : 397475840,
        "physicalMemoryUsage" : 207142912,
        "heapUsage" : 146800640
      },
      "location" : {
        "layers" : [ "default-rack", "Slave22" ]
      },
      "hostName" : "/default-rack/Slave22"
    } ],
    "finishTime" : 1404526536760,
    "preferredLocations" : [ {
      "layers" : [ "default-rack", "Master2" ]
    }, {
      "layers" : [ "default-rack", "Slave22" ]
    }, {
      "layers" : [ "default-rack", "Slave21" ]
    } ],
    "taskType" : "MAP",
    "taskStatus" : "SUCCESS",
    "taskID" : "task_201407031554_0582_m_000039",
    "inputBytes" : 122412414,
    "inputRecords" : 2965,
    "outputBytes" : 37669390,
    "outputRecords" : 11195911
  }, {
    "startTime" : 1404526528327,
    "attempts" : [ {
      "result" : "SUCCESS",
      "startTime" : 1404526523550,
      "finishTime" : 1404526533039,
      "attemptID" : "attempt_201407031554_0582_m_000038_0",
      "shuffleFinished" : -1,
      "sortFinished" : -1,
      "hdfsBytesRead" : 122412684,
      "hdfsBytesWritten" : -1,
      "fileBytesRead" : 26939009,
      "fileBytesWritten" : 32832508,
      "mapInputRecords" : 2988,
      "mapOutputBytes" : 169164825,
      "mapOutputRecords" : 11247642,
      "combineInputRecords" : 11738814,
      "reduceInputGroups" : -1,
      "reduceInputRecords" : -1,
      "reduceShuffleBytes" : -1,
      "reduceOutputRecords" : -1,
      "spilledRecords" : 1381895,
      "mapInputBytes" : -1,
      "resourceUsageMetrics" : {
        "cumulativeCpuUsage" : 15740,
        "virtualMemoryUsage" : 397017088,
        "physicalMemoryUsage" : 209457152,
        "heapUsage" : 158334976
      },
      "location" : {
        "layers" : [ "default-rack", "Slave22" ]
      },
      "hostName" : "/default-rack/Slave22"
    } ],
    "finishTime" : 1404526537966,
    "preferredLocations" : [ {
      "layers" : [ "default-rack", "Master2" ]
    }, {
      "layers" : [ "default-rack", "Slave23" ]
    }, {
      "layers" : [ "default-rack", "Slave21" ]
    } ],
    "taskType" : "MAP",
    "taskStatus" : "SUCCESS",
    "taskID" : "task_201407031554_0582_m_000038",
    "inputBytes" : 122412684,
    "inputRecords" : 2988,
    "outputBytes" : 32832508,
    "outputRecords" : 11247642
  } ],
  "finishTime" : 1404526549831,
  "reduceTasks" : [ {
    "startTime" : 1404526499526,
    "attempts" : [ {
      "result" : "SUCCESS",
      "startTime" : 1404526500356,
      "finishTime" : 1404526546763,
      "attemptID" : "attempt_201407031554_0582_r_000000_0",
      "shuffleFinished" : 1404526542150,
      "sortFinished" : 1404526543605,
      "hdfsBytesRead" : -1,
      "hdfsBytesWritten" : 42930620,
      "fileBytesRead" : 79696956,
      "fileBytesWritten" : 79755680,
      "mapInputRecords" : -1,
      "mapOutputBytes" : -1,
      "mapOutputRecords" : -1,
      "combineInputRecords" : 0,
      "reduceInputGroups" : 1343603,
      "reduceInputRecords" : 2634608,
      "reduceShuffleBytes" : 79697190,
      "reduceOutputRecords" : 1343603,
      "spilledRecords" : 2634608,
      "mapInputBytes" : -1,
      "resourceUsageMetrics" : {
        "cumulativeCpuUsage" : 6050,
        "virtualMemoryUsage" : 1273323520,
        "physicalMemoryUsage" : 232087552,
        "heapUsage" : 213385216
      },
      "location" : {
        "layers" : [ "default-rack", "Slave23" ]
      },
      "hostName" : "/default-rack/Slave23"
    } ],
    "finishTime" : 1404526546209,
    "preferredLocations" : [ ],
    "taskType" : "REDUCE",
    "taskStatus" : "SUCCESS",
    "taskID" : "task_201407031554_0582_r_000000",
    "inputBytes" : 79697190,
    "inputRecords" : 2634608,
    "outputBytes" : 42930620,
    "outputRecords" : 1343603
  }, {
    "startTime" : 1404526499657,
    "attempts" : [ {
      "result" : "SUCCESS",
      "startTime" : 1404526499659,
      "finishTime" : 1404526548821,
      "attemptID" : "attempt_201407031554_0582_r_000001_0",
      "shuffleFinished" : 1404526543475,
      "sortFinished" : 1404526544967,
      "hdfsBytesRead" : -1,
      "hdfsBytesWritten" : 42994113,
      "fileBytesRead" : 79745725,
      "fileBytesWritten" : 79804449,
      "mapInputRecords" : -1,
      "mapOutputBytes" : -1,
      "mapOutputRecords" : -1,
      "combineInputRecords" : 0,
      "reduceInputGroups" : 1345085,
      "reduceInputRecords" : 2635448,
      "reduceShuffleBytes" : 79745959,
      "reduceOutputRecords" : 1345085,
      "spilledRecords" : 2635448,
      "mapInputBytes" : -1,
      "resourceUsageMetrics" : {
        "cumulativeCpuUsage" : 5930,
        "virtualMemoryUsage" : 1275486208,
        "physicalMemoryUsage" : 209043456,
        "heapUsage" : 209715200
      },
      "location" : {
        "layers" : [ "default-rack", "Master2" ]
      },
      "hostName" : "/default-rack/Master2"
    } ],
    "finishTime" : 1404526548923,
    "preferredLocations" : [ ],
    "taskType" : "REDUCE",
    "taskStatus" : "SUCCESS",
    "taskID" : "task_201407031554_0582_r_000001",
    "inputBytes" : 79745959,
    "inputRecords" : 2635448,
    "outputBytes" : 42994113,
    "outputRecords" : 1345085
  }, {
    "startTime" : 1404526499736,
    "attempts" : [ {
      "result" : "SUCCESS",
      "startTime" : 1404526496788,
      "finishTime" : 1404526544783,
      "attemptID" : "attempt_201407031554_0582_r_000002_0",
      "shuffleFinished" : 1404526539682,
      "sortFinished" : 1404526541192,
      "hdfsBytesRead" : -1,
      "hdfsBytesWritten" : 42948592,
      "fileBytesRead" : 79723907,
      "fileBytesWritten" : 79782631,
      "mapInputRecords" : -1,
      "mapOutputBytes" : -1,
      "mapOutputRecords" : -1,
      "combineInputRecords" : 0,
      "reduceInputGroups" : 1344505,
      "reduceInputRecords" : 2635556,
      "reduceShuffleBytes" : 79724141,
      "reduceOutputRecords" : 1344505,
      "spilledRecords" : 2635556,
      "mapInputBytes" : -1,
      "resourceUsageMetrics" : {
        "cumulativeCpuUsage" : 6180,
        "virtualMemoryUsage" : 1273581568,
        "physicalMemoryUsage" : 204103680,
        "heapUsage" : 152829952
      },
      "location" : {
        "layers" : [ "default-rack", "Slave21" ]
      },
      "hostName" : "/default-rack/Slave21"
    } ],
    "finishTime" : 1404526547791,
    "preferredLocations" : [ ],
    "taskType" : "REDUCE",
    "taskStatus" : "SUCCESS",
    "taskID" : "task_201407031554_0582_r_000002",
    "inputBytes" : 79724141,
    "inputRecords" : 2635556,
    "outputBytes" : 42948592,
    "outputRecords" : 1344505
  }, {
    "startTime" : 1404526499752,
    "attempts" : [ {
      "result" : "SUCCESS",
      "startTime" : 1404526494976,
      "finishTime" : 1404526543001,
      "attemptID" : "attempt_201407031554_0582_r_000003_0",
      "shuffleFinished" : 1404526537799,
      "sortFinished" : 1404526539567,
      "hdfsBytesRead" : -1,
      "hdfsBytesWritten" : 42941804,
      "fileBytesRead" : 79512361,
      "fileBytesWritten" : 79571085,
      "mapInputRecords" : -1,
      "mapOutputBytes" : -1,
      "mapOutputRecords" : -1,
      "combineInputRecords" : 0,
      "reduceInputGroups" : 1344187,
      "reduceInputRecords" : 2629361,
      "reduceShuffleBytes" : 79512595,
      "reduceOutputRecords" : 1344187,
      "spilledRecords" : 2629361,
      "mapInputBytes" : -1,
      "resourceUsageMetrics" : {
        "cumulativeCpuUsage" : 6400,
        "virtualMemoryUsage" : 1272111104,
        "physicalMemoryUsage" : 179978240,
        "heapUsage" : 124518400
      },
      "location" : {
        "layers" : [ "default-rack", "Slave22" ]
      },
      "hostName" : "/default-rack/Slave22"
    } ],
    "finishTime" : 1404526547990,
    "preferredLocations" : [ ],
    "taskType" : "REDUCE",
    "taskStatus" : "SUCCESS",
    "taskID" : "task_201407031554_0582_r_000003",
    "inputBytes" : 79512595,
    "inputRecords" : 2629361,
    "outputBytes" : 42941804,
    "outputRecords" : 1344187
  } ],
  "submitTime" : 1404526487253,
  "launchTime" : 1404526487305,
  "totalMaps" : 40,
  "totalReduces" : 4,
  "otherTasks" : [ {
    "startTime" : 1404526487306,
    "attempts" : [ {
      "result" : "SUCCESS",
      "startTime" : 1404526487379,
      "finishTime" : 1404526487996,
      "attemptID" : "attempt_201407031554_0582_m_000041_0",
      "shuffleFinished" : -1,
      "sortFinished" : -1,
      "hdfsBytesRead" : -1,
      "hdfsBytesWritten" : -1,
      "fileBytesRead" : -1,
      "fileBytesWritten" : 58816,
      "mapInputRecords" : -1,
      "mapOutputBytes" : -1,
      "mapOutputRecords" : -1,
      "combineInputRecords" : -1,
      "reduceInputGroups" : -1,
      "reduceInputRecords" : -1,
      "reduceShuffleBytes" : -1,
      "reduceOutputRecords" : -1,
      "spilledRecords" : 0,
      "mapInputBytes" : -1,
      "resourceUsageMetrics" : {
        "cumulativeCpuUsage" : 50,
        "virtualMemoryUsage" : 393232384,
        "physicalMemoryUsage" : 62599168,
        "heapUsage" : 64487424
      },
      "location" : {
        "layers" : [ "default-rack", "Master2" ]
      },
      "hostName" : "/default-rack/Master2"
    } ],
    "finishTime" : 1404526488211,
    "preferredLocations" : [ ],
    "taskType" : "SETUP",
    "taskStatus" : "SUCCESS",
    "taskID" : "task_201407031554_0582_m_000041",
    "inputBytes" : -1,
    "inputRecords" : -1,
    "outputBytes" : -1,
    "outputRecords" : -1
  }, {
    "startTime" : 1404526548925,
    "attempts" : [ {
      "result" : "SUCCESS",
      "startTime" : 1404526548927,
      "finishTime" : 1404526549653,
      "attemptID" : "attempt_201407031554_0582_m_000040_0",
      "shuffleFinished" : -1,
      "sortFinished" : -1,
      "hdfsBytesRead" : -1,
      "hdfsBytesWritten" : -1,
      "fileBytesRead" : -1,
      "fileBytesWritten" : 58816,
      "mapInputRecords" : -1,
      "mapOutputBytes" : -1,
      "mapOutputRecords" : -1,
      "combineInputRecords" : -1,
      "reduceInputGroups" : -1,
      "reduceInputRecords" : -1,
      "reduceShuffleBytes" : -1,
      "reduceOutputRecords" : -1,
      "spilledRecords" : 0,
      "mapInputBytes" : -1,
      "resourceUsageMetrics" : {
        "cumulativeCpuUsage" : 40,
        "virtualMemoryUsage" : 398344192,
        "physicalMemoryUsage" : 208789504,
        "heapUsage" : 149422080
      },
      "location" : {
        "layers" : [ "default-rack", "Master2" ]
      },
      "hostName" : "/default-rack/Master2"
    } ],
    "finishTime" : 1404526549831,
    "preferredLocations" : [ ],
    "taskType" : "CLEANUP",
    "taskStatus" : "SUCCESS",
    "taskID" : "task_201407031554_0582_m_000040",
    "inputBytes" : -1,
    "inputRecords" : -1,
    "outputBytes" : -1,
    "outputRecords" : -1
  } ],
  "queue" : "default",
  "jobProperties" : {
    "fs.s3n.impl" : "org.apache.hadoop.fs.s3native.NativeS3FileSystem",
    "mapred.task.cache.levels" : "2",
    "mapreduce.job.restart.recover" : "true",
    "mapreduce.job.counters.max" : "120",
    "dfs.client.use.datanode.hostname" : "false",
    "hadoop.tmp.dir" : "/tmp/hadoop-${user.name}",
    "hadoop.native.lib" : "true",
    "map.sort.class" : "org.apache.hadoop.util.QuickSort",
    "dfs.namenode.decommission.nodes.per.interval" : "5",
    "dfs.https.need.client.auth" : "false",
    "dfs.datanode.drop.cache.behind.writes" : "false",
    "ipc.client.idlethreshold" : "4000",
    "mapred.system.dir" : "${hadoop.tmp.dir}/mapred/system",
    "dfs.datanode.data.dir.perm" : "755",
    "mapred.job.tracker.persist.jobstatus.hours" : "0",
    "dfs.namenode.logging.level" : "info",
    "dfs.datanode.address" : "0.0.0.0:50010",
    "io.skip.checksum.errors" : "false",
    "dfs.block.access.token.enable" : "false",
    "fs.default.name" : "hdfs://Master2:9000",
    "mapred.cluster.reduce.memory.mb" : "-1",
    "mapred.reducer.new-api" : "true",
    "mapred.child.tmp" : "./tmp",
    "fs.har.impl.disable.cache" : "true",
    "dfs.safemode.threshold.pct" : "0.999f",
    "mapred.skip.reduce.max.skip.groups" : "0",
    "mapred.heartbeats.in.second" : "100",
    "dfs.namenode.handler.count" : "10",
    "dfs.blockreport.initialDelay" : "0",
    "mapred.tasktracker.dns.nameserver" : "default",
    "io.sort.factor" : "10",
    "dfs.datanode.drop.cache.behind.reads" : "false",
    "mapred.task.timeout" : "600000",
    "mapred.max.tracker.failures" : "4",
    "hadoop.rpc.socket.factory.class.default" : "org.apache.hadoop.net.StandardSocketFactory",
    "mapred.job.tracker.jobhistory.lru.cache.size" : "5",
    "fs.hdfs.impl" : "org.apache.hadoop.hdfs.DistributedFileSystem",
    "mapred.queue.default.acl-administer-jobs" : "*",
    "dfs.namenode.stale.datanode.interval" : "30000",
    "mapred.output.key.class" : "org.apache.hadoop.io.Text",
    "dfs.block.access.key.update.interval" : "600",
    "mapred.skip.map.auto.incr.proc.count" : "true",
    "mapreduce.job.complete.cancel.delegation.tokens" : "true",
    "io.mapfile.bloom.size" : "1048576",
    "mapreduce.reduce.shuffle.connect.timeout" : "180000",
    "dfs.safemode.extension" : "30000",
    "mapred.jobtracker.blacklist.fault-timeout-window" : "180",
    "dfs.namenode.write.stale.datanode.ratio" : "0.5f",
    "hadoop.skip.worker.version.check" : "false",
    "tasktracker.http.threads" : "40",
    "net.topology.impl" : "org.apache.hadoop.net.NetworkTopology",
    "mapred.job.shuffle.merge.percent" : "0.66",
    "fs.ftp.impl" : "org.apache.hadoop.fs.ftp.FTPFileSystem",
    "user.name" : "itri-hadoop",
    "dfs.namenode.kerberos.internal.spnego.principal" : "${dfs.web.authentication.kerberos.principal}",
    "mapred.output.compress" : "false",
    "io.bytes.per.checksum" : "512",
    "mapred.combine.recordsBeforeProgress" : "10000",
    "mapred.healthChecker.script.timeout" : "600000",
    "topology.node.switch.mapping.impl" : "org.apache.hadoop.net.ScriptBasedMapping",
    "dfs.https.server.keystore.resource" : "ssl-server.xml",
    "mapred.reduce.slowstart.completed.maps" : "0.05",
    "mapred.reduce.max.attempts" : "4",
    "dfs.namenode.safemode.min.datanodes" : "0",
    "mapreduce.ifile.readahead.bytes" : "4194304",
    "fs.ramfs.impl" : "org.apache.hadoop.fs.InMemoryFileSystem",
    "dfs.block.access.token.lifetime" : "600",
    "mapred.skip.map.max.skip.records" : "0",
    "dfs.name.edits.dir" : "${dfs.name.dir}",
    "mapred.cluster.map.memory.mb" : "-1",
    "hadoop.security.group.mapping" : "org.apache.hadoop.security.ShellBasedUnixGroupsMapping",
    "mapred.job.tracker.persist.jobstatus.dir" : "/jobtracker/jobsInfo",
    "mapred.jar" : "hdfs://Master2:9000/tmp/hadoop-itri-hadoop/mapred/staging/itri-hadoop/.staging/job_201407031554_0582/job.jar",
    "fs.s3.buffer.dir" : "${hadoop.tmp.dir}/s3",
    "dfs.block.size" : "67108864",
    "job.end.retry.attempts" : "0",
    "fs.file.impl" : "org.apache.hadoop.fs.LocalFileSystem",
    "dfs.namenode.avoid.write.stale.datanode" : "false",
    "dfs.datanode.max.xcievers" : "4096",
    "mapred.local.dir.minspacestart" : "0",
    "mapred.output.compression.type" : "RECORD",
    "dfs.datanode.ipc.address" : "0.0.0.0:50020",
    "dfs.permissions" : "true",
    "topology.script.number.args" : "100",
    "mapreduce.job.counters.groups.max" : "50",
    "io.mapfile.bloom.error.rate" : "0.005",
    "mapred.cluster.max.reduce.memory.mb" : "-1",
    "mapred.max.tracker.blacklists" : "4",
    "mapred.task.profile.maps" : "0-2",
    "mapred.jobtracker.jobSchedulable" : "org.apache.hadoop.mapred.JobSchedulable",
    "dfs.datanode.https.address" : "0.0.0.0:50475",
    "mapred.userlog.retain.hours" : "24",
    "dfs.secondary.http.address" : "0.0.0.0:50090",
    "dfs.namenode.replication.work.multiplier.per.iteration" : "2",
    "dfs.replication.max" : "512",
    "mapred.job.tracker.persist.jobstatus.active" : "false",
    "hadoop.security.authorization" : "false",
    "local.cache.size" : "10737418240",
    "mapred.min.split.size" : "134217728",
    "dfs.namenode.delegation.token.renew-interval" : "86400000",
    "mapred.map.tasks" : "40",
    "mapred.child.java.opts" : "-Xmx200m",
    "mapred.output.value.class" : "org.apache.hadoop.io.IntWritable",
    "dfs.https.client.keystore.resource" : "ssl-client.xml",
    "ipc.client.fallback-to-simple-auth-allowed" : "false",
    "mapred.job.queue.name" : "default",
    "mapred.job.tracker.retiredjobs.cache.size" : "1000",
    "dfs.https.address" : "0.0.0.0:50470",
    "dfs.balance.bandwidthPerSec" : "1048576",
    "ipc.server.listen.queue.size" : "128",
    "dfs.namenode.invalidate.work.pct.per.iteration" : "0.32f",
    "mapred.inmem.merge.threshold" : "1000",
    "job.end.retry.interval" : "30000",
    "mapred.skip.attempts.to.start.skipping" : "2",
    "mapreduce.tasktracker.outofband.heartbeat.damper" : "1000000",
    "hadoop.security.use-weak-http-crypto" : "false",
    "fs.checkpoint.dir" : "${hadoop.tmp.dir}/dfs/namesecondary",
    "dfs.namenode.avoid.read.stale.datanode" : "false",
    "mapred.reduce.tasks" : "4",
    "mapred.merge.recordsBeforeProgress" : "10000",
    "mapred.userlog.limit.kb" : "0",
    "mapred.job.reduce.memory.mb" : "-1",
    "webinterface.private.actions" : "false",
    "dfs.max.objects" : "0",
    "hadoop.security.token.service.use_ip" : "true",
    "io.sort.spill.percent" : "0.5",
    "mapred.job.shuffle.input.buffer.percent" : "0.70",
    "mapred.map.tasks.speculative.execution" : "true",
    "hadoop.http.authentication.type" : "simple",
    "mapred.job.name" : "word count",
    "hadoop.util.hash.type" : "murmur",
    "dfs.datanode.dns.nameserver" : "default",
    "hadoop.security.instrumentation.requires.admin" : "false",
    "dfs.blockreport.intervalMsec" : "3600000",
    "dfs.datanode.readahead.bytes" : "4193404",
    "mapred.map.max.attempts" : "4",
    "mapreduce.job.acl-view-job" : " ",
    "mapreduce.ifile.readahead" : "true",
    "mapred.jobtracker.nodegroup.aware" : "false",
    "mapred.job.tracker.handler.count" : "10",
    "dfs.client.block.write.retries" : "3",
    "mapreduce.reduce.shuffle.read.timeout" : "180000",
    "mapred.tasktracker.expiry.interval" : "600000",
    "dfs.secondary.namenode.kerberos.internal.spnego.principal" : "${dfs.web.authentication.kerberos.principal}",
    "dfs.https.enable" : "false",
    "mapred.jobtracker.job.history.block.size" : "3145728",
    "mapred.jobtracker.maxtasks.per.job" : "-1",
    "keep.failed.task.files" : "false",
    "dfs.datanode.use.datanode.hostname" : "false",
    "dfs.datanode.failed.volumes.tolerated" : "0",
    "ipc.client.tcpnodelay" : "false",
    "mapred.task.profile.reduces" : "0-2",
    "io.map.index.skip" : "0",
    "mapred.output.compression.codec" : "org.apache.hadoop.io.compress.DefaultCodec",
    "hadoop.http.authentication.token.validity" : "36000",
    "ipc.server.tcpnodelay" : "false",
    "hadoop.jetty.logs.serve.aliases" : "true",
    "mapred.working.dir" : "hdfs://Master2:9000/user/itri-hadoop",
    "mapred.jobtracker.blacklist.fault-bucket-width" : "15",
    "dfs.namenode.delegation.key.update-interval" : "86400000",
    "mapred.used.genericoptionsparser" : "true",
    "mapred.job.map.memory.mb" : "-1",
    "mapred.mapper.new-api" : "true",
    "dfs.default.chunk.view.size" : "32768",
    "hadoop.logfile.size" : "10000000",
    "mapred.reduce.tasks.speculative.execution" : "true",
    "mapreduce.tasktracker.outofband.heartbeat" : "false",
    "mapreduce.job.dir" : "hdfs://Master2:9000/tmp/hadoop-itri-hadoop/mapred/staging/itri-hadoop/.staging/job_201407031554_0582",
    "mapreduce.reduce.input.limit" : "-1",
    "dfs.datanode.du.reserved" : "0",
    "dfs.datanode.sync.behind.writes" : "false",
    "hadoop.security.authentication" : "simple",
    "fs.checkpoint.period" : "3600",
    "mapred.job.reuse.jvm.num.tasks" : "12",
    "dfs.web.ugi" : "webuser,webgroup",
    "mapred.jobtracker.completeuserjobs.maximum" : "100",
    "dfs.df.interval" : "60000",
    "mapred.task.tracker.task-controller" : "org.apache.hadoop.mapred.DefaultTaskController",
    "dfs.data.dir" : "${hadoop.tmp.dir}/dfs/data",
    "fs.s3.maxRetries" : "4",
    "dfs.datanode.dns.interface" : "default",
    "mapred.cluster.max.map.memory.mb" : "-1",
    "mapreduce.reduce.shuffle.maxfetchfailures" : "10",
    "mapreduce.job.acl-modify-job" : " ",
    "fs.hftp.impl" : "org.apache.hadoop.hdfs.HftpFileSystem",
    "mapred.local.dir" : "${hadoop.tmp.dir}/mapred/local",
    "dfs.permissions.supergroup" : "supergroup",
    "fs.s3.sleepTimeSeconds" : "10",
    "fs.trash.interval" : "0",
    "mapred.submit.replication" : "10",
    "dfs.replication.min" : "1",
    "fs.har.impl" : "org.apache.hadoop.fs.HarFileSystem",
    "hadoop.relaxed.worker.version.check" : "false",
    "mapred.map.output.compression.codec" : "org.apache.hadoop.io.compress.DefaultCodec",
    "mapred.tasktracker.dns.interface" : "default",
    "dfs.http.address" : "0.0.0.0:50070",
    "dfs.namenode.decommission.interval" : "30",
    "mapred.job.tracker" : "Master2:9001",
    "dfs.heartbeat.interval" : "3",
    "hadoop.http.authentication.signature.secret.file" : "${user.home}/hadoop-http-auth-signature-secret",
    "io.seqfile.sorter.recordlimit" : "1000000",
    "mapreduce.job.submithost" : "Master2",
    "dfs.name.dir" : "${hadoop.tmp.dir}/dfs/name",
    "mapred.jobtracker.taskScheduler" : "org.apache.hadoop.mapred.JobQueueTaskScheduler",
    "mapred.line.input.format.linespermap" : "1",
    "dfs.datanode.http.address" : "0.0.0.0:50075",
    "fs.webhdfs.impl" : "org.apache.hadoop.hdfs.web.WebHdfsFileSystem",
    "mapred.local.dir.minspacekill" : "0",
    "dfs.image.transfer.bandwidthPerSec" : "0",
    "dfs.replication.interval" : "3",
    "io.sort.record.percent" : "0.05",
    "hadoop.http.authentication.kerberos.principal" : "HTTP/localhost@LOCALHOST",
    "mapreduce.reduce.class" : "org.apache.hadoop.examples.WordCount$IntSumReducer",
    "fs.kfs.impl" : "org.apache.hadoop.fs.kfs.KosmosFileSystem",
    "mapred.tasktracker.reduce.tasks.maximum" : "1",
    "mapred.temp.dir" : "${hadoop.tmp.dir}/mapred/temp",
    "dfs.replication" : "3",
    "fs.checkpoint.edits.dir" : "${fs.checkpoint.dir}",
    "mapreduce.jobhistory.max-age-ms" : "2592000000",
    "mapred.tasktracker.tasks.sleeptime-before-sigkill" : "5000",
    "mapred.job.reduce.input.buffer.percent" : "0.0",
    "mapred.tasktracker.indexcache.mb" : "10",
    "dfs.webhdfs.enabled" : "false",
    "mapreduce.job.split.metainfo.maxsize" : "10000000",
    "hadoop.logfile.count" : "10",
    "mapred.skip.reduce.auto.incr.proc.count" : "true",
    "mapreduce.job.submithostaddress" : "192.168.1.104",
    "io.seqfile.compress.blocksize" : "1000000",
    "fs.s3.block.size" : "67108864",
    "mapred.tasktracker.taskmemorymanager.monitoring-interval" : "5000",
    "hadoop.http.authentication.simple.anonymous.allowed" : "true",
    "mapreduce.jobtracker.staging.root.dir" : "${hadoop.tmp.dir}/mapred/staging",
    "mapred.acls.enabled" : "false",
    "mapred.queue.default.state" : "RUNNING",
    "mapred.queue.names" : "default",
    "fs.hsftp.impl" : "org.apache.hadoop.hdfs.HsftpFileSystem",
    "dfs.access.time.precision" : "3600000",
    "mapred.task.tracker.http.address" : "0.0.0.0:50060",
    "mapreduce.combine.class" : "org.apache.hadoop.examples.WordCount$IntSumReducer",
    "io.seqfile.lazydecompress" : "true",
    "mapred.reduce.parallel.copies" : "5",
    "mapred.disk.healthChecker.interval" : "60000",
    "mapred.output.dir" : "/word-out",
    "ipc.client.connection.maxidletime" : "10000",
    "io.sort.mb" : "50",
    "mapred.reduce.child.java.opts" : "-Xmx1000M",
    "mapred.task.tracker.report.address" : "127.0.0.1:0",
    "hadoop.security.uid.cache.secs" : "14400",
    "mapred.compress.map.output" : "false",
    "ipc.client.kill.max" : "10",
    "mapred.healthChecker.interval" : "60000",
    "ipc.client.connect.max.retries" : "10",
    "mapreduce.map.class" : "org.apache.hadoop.examples.WordCount$TokenizerMapper",
    "fs.s3.impl" : "org.apache.hadoop.fs.s3.S3FileSystem",
    "mapred.user.jobconf.limit" : "5242880",
    "mapreduce.job.counters.group.name.max" : "128",
    "mapred.job.tracker.http.address" : "0.0.0.0:50030",
    "mapred.input.dir" : "hdfs://Master2:9000/word-in5G",
    "io.file.buffer.size" : "4096",
    "mapred.jobtracker.restart.recover" : "false",
    "io.serializations" : "org.apache.hadoop.io.serializer.WritableSerialization",
    "mapred.task.profile" : "false",
    "dfs.datanode.handler.count" : "3",
    "mapreduce.input.num.files" : "20",
    "mapreduce.jobhistory.cleaner.interval-ms" : "86400000",
    "dfs.replication.considerLoad" : "true",
    "jobclient.output.filter" : "FAILED",
    "dfs.namenode.edits.toleration.length" : "0",
    "hadoop.http.authentication.kerberos.keytab" : "${user.home}/hadoop.keytab",
    "dfs.namenode.delegation.token.max-lifetime" : "604800000",
    "mapred.tasktracker.map.tasks.maximum" : "2",
    "fs.checkpoint.size" : "67108864",
    "io.compression.codecs" : "org.apache.hadoop.io.compress.DefaultCodec,org.apache.hadoop.io.compress.GzipCodec,org.apache.hadoop.io.compress.BZip2Codec,org.apache.hadoop.io.compress.SnappyCodec",
    "mapreduce.job.counters.counter.name.max" : "64"
  },
  "computonsPerMapInputByte" : -1,
  "computonsPerMapOutputByte" : -1,
  "computonsPerReduceInputByte" : -1,
  "computonsPerReduceOutputByte" : -1,
  "heapMegabytes" : 200,
  "outcome" : "SUCCESS",
  "jobtype" : "JAVA",
  "directDependantJobs" : [ ],
  "successfulMapAttemptCDFs" : [ {
    "minimum" : 7617,
    "maximum" : 12263,
    "rankings" : [ {
      "datum" : 7617,
      "relativeRanking" : 0.05
    }, {
      "datum" : 7823,
      "relativeRanking" : 0.1
    }, {
      "datum" : 8019,
      "relativeRanking" : 0.15
    }, {
      "datum" : 8105,
      "relativeRanking" : 0.2
    }, {
      "datum" : 8284,
      "relativeRanking" : 0.25
    }, {
      "datum" : 8521,
      "relativeRanking" : 0.3
    }, {
      "datum" : 8609,
      "relativeRanking" : 0.35
    }, {
      "datum" : 8627,
      "relativeRanking" : 0.4
    }, {
      "datum" : 8817,
      "relativeRanking" : 0.45
    }, {
      "datum" : 8946,
      "relativeRanking" : 0.5
    }, {
      "datum" : 9087,
      "relativeRanking" : 0.55
    }, {
      "datum" : 9160,
      "relativeRanking" : 0.6
    }, {
      "datum" : 9308,
      "relativeRanking" : 0.65
    }, {
      "datum" : 9514,
      "relativeRanking" : 0.7
    }, {
      "datum" : 9714,
      "relativeRanking" : 0.75
    }, {
      "datum" : 9967,
      "relativeRanking" : 0.8
    }, {
      "datum" : 11083,
      "relativeRanking" : 0.85
    }, {
      "datum" : 11585,
      "relativeRanking" : 0.9
    }, {
      "datum" : 11878,
      "relativeRanking" : 0.95
    } ],
    "numberValues" : 39
  }, {
    "minimum" : 9489,
    "maximum" : 9489,
    "rankings" : [ {
      "datum" : 9489,
      "relativeRanking" : 0.05
    }, {
      "datum" : 9489,
      "relativeRanking" : 0.1
    }, {
      "datum" : 9489,
      "relativeRanking" : 0.15
    }, {
      "datum" : 9489,
      "relativeRanking" : 0.2
    }, {
      "datum" : 9489,
      "relativeRanking" : 0.25
    }, {
      "datum" : 9489,
      "relativeRanking" : 0.3
    }, {
      "datum" : 9489,
      "relativeRanking" : 0.35
    }, {
      "datum" : 9489,
      "relativeRanking" : 0.4
    }, {
      "datum" : 9489,
      "relativeRanking" : 0.45
    }, {
      "datum" : 9489,
      "relativeRanking" : 0.5
    }, {
      "datum" : 9489,
      "relativeRanking" : 0.55
    }, {
      "datum" : 9489,
      "relativeRanking" : 0.6
    }, {
      "datum" : 9489,
      "relativeRanking" : 0.65
    }, {
      "datum" : 9489,
      "relativeRanking" : 0.7
    }, {
      "datum" : 9489,
      "relativeRanking" : 0.75
    }, {
      "datum" : 9489,
      "relativeRanking" : 0.8
    }, {
      "datum" : 9489,
      "relativeRanking" : 0.85
    }, {
      "datum" : 9489,
      "relativeRanking" : 0.9
    }, {
      "datum" : 9489,
      "relativeRanking" : 0.95
    } ],
    "numberValues" : 1
  }, {
    "minimum" : -9223372036854775808,
    "maximum" : 9223372036854775807,
    "rankings" : [ ],
    "numberValues" : 0
  }, {
    "minimum" : -9223372036854775808,
    "maximum" : 9223372036854775807,
    "rankings" : [ ],
    "numberValues" : 0
  } ],
  "failedMapAttemptCDFs" : [ {
    "minimum" : -9223372036854775808,
    "maximum" : 9223372036854775807,
    "rankings" : [ ],
    "numberValues" : 0
  }, {
    "minimum" : -9223372036854775808,
    "maximum" : 9223372036854775807,
    "rankings" : [ ],
    "numberValues" : 0
  }, {
    "minimum" : -9223372036854775808,
    "maximum" : 9223372036854775807,
    "rankings" : [ ],
    "numberValues" : 0
  }, {
    "minimum" : -9223372036854775808,
    "maximum" : 9223372036854775807,
    "rankings" : [ ],
    "numberValues" : 0
  } ],
  "successfulReduceAttemptCDF" : {
    "minimum" : 46407,
    "maximum" : 49162,
    "rankings" : [ {
      "datum" : 46407,
      "relativeRanking" : 0.05
    }, {
      "datum" : 46407,
      "relativeRanking" : 0.1
    }, {
      "datum" : 46407,
      "relativeRanking" : 0.15
    }, {
      "datum" : 46407,
      "relativeRanking" : 0.2
    }, {
      "datum" : 46407,
      "relativeRanking" : 0.25
    }, {
      "datum" : 46407,
      "relativeRanking" : 0.3
    }, {
      "datum" : 46407,
      "relativeRanking" : 0.35
    }, {
      "datum" : 46407,
      "relativeRanking" : 0.4
    }, {
      "datum" : 46407,
      "relativeRanking" : 0.45
    }, {
      "datum" : 47995,
      "relativeRanking" : 0.5
    }, {
      "datum" : 47995,
      "relativeRanking" : 0.55
    }, {
      "datum" : 47995,
      "relativeRanking" : 0.6
    }, {
      "datum" : 47995,
      "relativeRanking" : 0.65
    }, {
      "datum" : 47995,
      "relativeRanking" : 0.7
    }, {
      "datum" : 48025,
      "relativeRanking" : 0.75
    }, {
      "datum" : 48025,
      "relativeRanking" : 0.8
    }, {
      "datum" : 48025,
      "relativeRanking" : 0.85
    }, {
      "datum" : 48025,
      "relativeRanking" : 0.9
    }, {
      "datum" : 48025,
      "relativeRanking" : 0.95
    } ],
    "numberValues" : 4
  },
  "priority" : "NORMAL"
}