{
  "name" : "<root>",
  "children" : [ {
    "name" : "default-rack",
    "children" : [ {
      "name" : "Slave1",
      "children" : null
    }, {
      "name" : "Slave2",
      "children" : null
    }, {
      "name" : "Slave3",
      "children" : null
    }, {
      "name" : "Slave4",
      "children" : null
    }, {
      "name" : "Slave5",
      "children" : null
    }, {
      "name" : "Slave6",
      "children" : null
    }, {
      "name" : "Slave7",
      "children" : null
    }, {
      "name" : "Master",
      "children" : null
    } ]
  } ]
}