{
  "priority" : "NORMAL",
  "jobID" : "job_201407020230_0594",
  "user" : "trend-hadoop",
  "jobName" : "pairs-co-occur",
  "queue" : "default",
  "jobProperties" : {
    "fs.s3n.impl" : "org.apache.hadoop.fs.s3native.NativeS3FileSystem",
    "mapred.task.cache.levels" : "2",
    "mapreduce.job.restart.recover" : "true",
    "mapreduce.job.counters.max" : "120",
    "dfs.client.use.datanode.hostname" : "false",
    "hadoop.tmp.dir" : "/tmp/hadoop-${user.name}",
    "hadoop.native.lib" : "true",
    "map.sort.class" : "org.apache.hadoop.util.QuickSort",
    "dfs.namenode.decommission.nodes.per.interval" : "5",
    "dfs.https.need.client.auth" : "false",
    "dfs.datanode.drop.cache.behind.writes" : "false",
    "ipc.client.idlethreshold" : "4000",
    "mapred.system.dir" : "${hadoop.tmp.dir}/mapred/system",
    "dfs.datanode.data.dir.perm" : "755",
    "mapred.job.tracker.persist.jobstatus.hours" : "0",
    "dfs.namenode.logging.level" : "info",
    "dfs.datanode.address" : "0.0.0.0:50010",
    "io.skip.checksum.errors" : "false",
    "dfs.block.access.token.enable" : "false",
    "fs.default.name" : "hdfs://Master:9000",
    "mapred.cluster.reduce.memory.mb" : "-1",
    "mapred.reducer.new-api" : "true",
    "mapred.child.tmp" : "./tmp",
    "fs.har.impl.disable.cache" : "true",
    "dfs.safemode.threshold.pct" : "0.999f",
    "mapred.skip.reduce.max.skip.groups" : "0",
    "mapred.heartbeats.in.second" : "100",
    "dfs.namenode.handler.count" : "10",
    "dfs.blockreport.initialDelay" : "0",
    "mapred.tasktracker.dns.nameserver" : "default",
    "io.sort.factor" : "10",
    "dfs.datanode.drop.cache.behind.reads" : "false",
    "mapred.task.timeout" : "600000",
    "mapred.max.tracker.failures" : "4",
    "hadoop.rpc.socket.factory.class.default" : "org.apache.hadoop.net.StandardSocketFactory",
    "mapred.job.tracker.jobhistory.lru.cache.size" : "5",
    "fs.hdfs.impl" : "org.apache.hadoop.hdfs.DistributedFileSystem",
    "mapred.queue.default.acl-administer-jobs" : "*",
    "dfs.namenode.stale.datanode.interval" : "30000",
    "mapred.output.key.class" : "WordPair",
    "dfs.block.access.key.update.interval" : "600",
    "mapred.skip.map.auto.incr.proc.count" : "true",
    "mapreduce.job.complete.cancel.delegation.tokens" : "true",
    "io.mapfile.bloom.size" : "1048576",
    "mapreduce.reduce.shuffle.connect.timeout" : "180000",
    "dfs.safemode.extension" : "30000",
    "mapred.jobtracker.blacklist.fault-timeout-window" : "180",
    "dfs.namenode.write.stale.datanode.ratio" : "0.5f",
    "hadoop.skip.worker.version.check" : "false",
    "tasktracker.http.threads" : "40",
    "net.topology.impl" : "org.apache.hadoop.net.NetworkTopology",
    "mapred.job.shuffle.merge.percent" : "0.5",
    "fs.ftp.impl" : "org.apache.hadoop.fs.ftp.FTPFileSystem",
    "user.name" : "trend-hadoop",
    "dfs.namenode.kerberos.internal.spnego.principal" : "${dfs.web.authentication.kerberos.principal}",
    "mapred.output.compress" : "false",
    "io.bytes.per.checksum" : "512",
    "mapred.combine.recordsBeforeProgress" : "10000",
    "mapred.healthChecker.script.timeout" : "600000",
    "topology.node.switch.mapping.impl" : "org.apache.hadoop.net.ScriptBasedMapping",
    "dfs.https.server.keystore.resource" : "ssl-server.xml",
    "mapred.reduce.slowstart.completed.maps" : "0.07",
    "mapred.reduce.max.attempts" : "4",
    "dfs.namenode.safemode.min.datanodes" : "0",
    "mapreduce.ifile.readahead.bytes" : "4194304",
    "fs.ramfs.impl" : "org.apache.hadoop.fs.InMemoryFileSystem",
    "dfs.block.access.token.lifetime" : "600",
    "mapred.skip.map.max.skip.records" : "0",
    "dfs.name.edits.dir" : "${dfs.name.dir}",
    "mapred.cluster.map.memory.mb" : "-1",
    "hadoop.security.group.mapping" : "org.apache.hadoop.security.ShellBasedUnixGroupsMapping",
    "mapred.job.tracker.persist.jobstatus.dir" : "/jobtracker/jobsInfo",
    "mapred.jar" : "hdfs://Master:9000/tmp/hadoop-trend-hadoop/mapred/staging/trend-hadoop/.staging/job_201407020230_0594/job.jar",
    "fs.s3.buffer.dir" : "${hadoop.tmp.dir}/s3",
    "dfs.block.size" : "67108864",
    "job.end.retry.attempts" : "0",
    "fs.file.impl" : "org.apache.hadoop.fs.LocalFileSystem",
    "dfs.namenode.avoid.write.stale.datanode" : "false",
    "dfs.datanode.max.xcievers" : "4096",
    "mapred.local.dir.minspacestart" : "0",
    "mapred.output.compression.type" : "RECORD",
    "dfs.datanode.ipc.address" : "0.0.0.0:50020",
    "dfs.permissions" : "true",
    "topology.script.number.args" : "100",
    "mapreduce.job.counters.groups.max" : "50",
    "io.mapfile.bloom.error.rate" : "0.005",
    "mapred.cluster.max.reduce.memory.mb" : "-1",
    "mapred.max.tracker.blacklists" : "4",
    "mapred.task.profile.maps" : "0-2",
    "mapred.jobtracker.jobSchedulable" : "org.apache.hadoop.mapred.JobSchedulable",
    "dfs.datanode.https.address" : "0.0.0.0:50475",
    "mapred.userlog.retain.hours" : "24",
    "dfs.secondary.http.address" : "0.0.0.0:50090",
    "dfs.namenode.replication.work.multiplier.per.iteration" : "2",
    "dfs.replication.max" : "512",
    "mapred.job.tracker.persist.jobstatus.active" : "false",
    "hadoop.security.authorization" : "false",
    "local.cache.size" : "10737418240",
    "mapred.min.split.size" : "134217728",
    "dfs.namenode.delegation.token.renew-interval" : "86400000",
    "mapred.map.tasks" : "35",
    "mapred.child.java.opts" : "-Xmx200m",
    "mapred.output.value.class" : "org.apache.hadoop.io.IntWritable",
    "dfs.https.client.keystore.resource" : "ssl-client.xml",
    "ipc.client.fallback-to-simple-auth-allowed" : "false",
    "mapred.job.queue.name" : "default",
    "mapred.job.tracker.retiredjobs.cache.size" : "1000",
    "dfs.https.address" : "0.0.0.0:50470",
    "dfs.balance.bandwidthPerSec" : "1048576",
    "ipc.server.listen.queue.size" : "128",
    "dfs.namenode.invalidate.work.pct.per.iteration" : "0.32f",
    "mapred.inmem.merge.threshold" : "800",
    "job.end.retry.interval" : "30000",
    "mapred.skip.attempts.to.start.skipping" : "2",
    "mapreduce.tasktracker.outofband.heartbeat.damper" : "1000000",
    "hadoop.security.use-weak-http-crypto" : "false",
    "fs.checkpoint.dir" : "${hadoop.tmp.dir}/dfs/namesecondary",
    "dfs.namenode.avoid.read.stale.datanode" : "false",
    "mapred.reduce.tasks" : "4",
    "mapred.merge.recordsBeforeProgress" : "10000",
    "mapred.userlog.limit.kb" : "0",
    "mapred.job.reduce.memory.mb" : "-1",
    "webinterface.private.actions" : "false",
    "dfs.max.objects" : "0",
    "hadoop.security.token.service.use_ip" : "true",
    "io.sort.spill.percent" : "0.8",
    "mapred.job.shuffle.input.buffer.percent" : "0.9",
    "mapred.map.tasks.speculative.execution" : "true",
    "hadoop.http.authentication.type" : "simple",
    "mapred.job.name" : "pairs-co-occur",
    "hadoop.util.hash.type" : "murmur",
    "dfs.datanode.dns.nameserver" : "default",
    "hadoop.security.instrumentation.requires.admin" : "false",
    "dfs.blockreport.intervalMsec" : "3600000",
    "dfs.datanode.readahead.bytes" : "4193404",
    "mapred.map.max.attempts" : "4",
    "mapreduce.job.acl-view-job" : " ",
    "mapreduce.ifile.readahead" : "true",
    "mapred.jobtracker.nodegroup.aware" : "false",
    "mapred.job.tracker.handler.count" : "10",
    "dfs.client.block.write.retries" : "3",
    "mapreduce.reduce.shuffle.read.timeout" : "180000",
    "mapred.tasktracker.expiry.interval" : "600000",
    "dfs.secondary.namenode.kerberos.internal.spnego.principal" : "${dfs.web.authentication.kerberos.principal}",
    "dfs.https.enable" : "false",
    "mapred.jobtracker.job.history.block.size" : "3145728",
    "mapred.jobtracker.maxtasks.per.job" : "-1",
    "keep.failed.task.files" : "false",
    "dfs.datanode.use.datanode.hostname" : "false",
    "dfs.datanode.failed.volumes.tolerated" : "0",
    "ipc.client.tcpnodelay" : "false",
    "mapred.task.profile.reduces" : "0-2",
    "io.map.index.skip" : "0",
    "mapred.output.compression.codec" : "org.apache.hadoop.io.compress.DefaultCodec",
    "hadoop.http.authentication.token.validity" : "36000",
    "ipc.server.tcpnodelay" : "false",
    "hadoop.jetty.logs.serve.aliases" : "true",
    "mapred.working.dir" : "hdfs://Master:9000/user/trend-hadoop",
    "mapred.jobtracker.blacklist.fault-bucket-width" : "15",
    "dfs.namenode.delegation.key.update-interval" : "86400000",
    "mapred.used.genericoptionsparser" : "true",
    "mapred.job.map.memory.mb" : "-1",
    "mapred.mapper.new-api" : "true",
    "dfs.default.chunk.view.size" : "32768",
    "hadoop.logfile.size" : "10000000",
    "mapred.reduce.tasks.speculative.execution" : "true",
    "mapreduce.tasktracker.outofband.heartbeat" : "false",
    "mapreduce.job.dir" : "hdfs://Master:9000/tmp/hadoop-trend-hadoop/mapred/staging/trend-hadoop/.staging/job_201407020230_0594",
    "mapreduce.reduce.input.limit" : "-1",
    "dfs.datanode.du.reserved" : "0",
    "dfs.datanode.sync.behind.writes" : "false",
    "hadoop.security.authentication" : "simple",
    "fs.checkpoint.period" : "3600",
    "mapred.job.reuse.jvm.num.tasks" : "16",
    "dfs.web.ugi" : "webuser,webgroup",
    "mapred.jobtracker.completeuserjobs.maximum" : "100",
    "dfs.df.interval" : "60000",
    "mapred.task.tracker.task-controller" : "org.apache.hadoop.mapred.DefaultTaskController",
    "dfs.data.dir" : "${hadoop.tmp.dir}/dfs/data",
    "fs.s3.maxRetries" : "4",
    "dfs.datanode.dns.interface" : "default",
    "mapred.cluster.max.map.memory.mb" : "-1",
    "mapreduce.reduce.shuffle.maxfetchfailures" : "10",
    "mapred.map.child.java.opts" : "-Xmx600M",
    "mapreduce.job.acl-modify-job" : " ",
    "fs.hftp.impl" : "org.apache.hadoop.hdfs.HftpFileSystem",
    "mapred.local.dir" : "${hadoop.tmp.dir}/mapred/local",
    "dfs.permissions.supergroup" : "supergroup",
    "fs.s3.sleepTimeSeconds" : "10",
    "fs.trash.interval" : "0",
    "mapred.submit.replication" : "10",
    "dfs.replication.min" : "1",
    "fs.har.impl" : "org.apache.hadoop.fs.HarFileSystem",
    "hadoop.relaxed.worker.version.check" : "false",
    "mapred.map.output.compression.codec" : "org.apache.hadoop.io.compress.DefaultCodec",
    "mapred.tasktracker.dns.interface" : "default",
    "dfs.http.address" : "0.0.0.0:50070",
    "dfs.namenode.decommission.interval" : "30",
    "mapred.job.tracker" : "Master:9001",
    "dfs.heartbeat.interval" : "3",
    "hadoop.http.authentication.signature.secret.file" : "${user.home}/hadoop-http-auth-signature-secret",
    "io.seqfile.sorter.recordlimit" : "1000000",
    "mapreduce.job.submithost" : "Master",
    "dfs.name.dir" : "${hadoop.tmp.dir}/dfs/name",
    "mapred.jobtracker.taskScheduler" : "org.apache.hadoop.mapred.JobQueueTaskScheduler",
    "mapred.line.input.format.linespermap" : "1",
    "dfs.datanode.http.address" : "0.0.0.0:50075",
    "fs.webhdfs.impl" : "org.apache.hadoop.hdfs.web.WebHdfsFileSystem",
    "mapred.local.dir.minspacekill" : "0",
    "dfs.image.transfer.bandwidthPerSec" : "0",
    "dfs.replication.interval" : "3",
    "io.sort.record.percent" : "0.08",
    "hadoop.http.authentication.kerberos.principal" : "HTTP/localhost@LOCALHOST",
    "mapreduce.reduce.class" : "PairsReducer",
    "fs.kfs.impl" : "org.apache.hadoop.fs.kfs.KosmosFileSystem",
    "mapred.tasktracker.reduce.tasks.maximum" : "1",
    "mapred.temp.dir" : "${hadoop.tmp.dir}/mapred/temp",
    "dfs.replication" : "3",
    "fs.checkpoint.edits.dir" : "${fs.checkpoint.dir}",
    "mapreduce.jobhistory.max-age-ms" : "2592000000",
    "mapred.tasktracker.tasks.sleeptime-before-sigkill" : "5000",
    "mapred.job.reduce.input.buffer.percent" : "0.5",
    "mapred.tasktracker.indexcache.mb" : "10",
    "dfs.webhdfs.enabled" : "false",
    "mapreduce.job.split.metainfo.maxsize" : "10000000",
    "hadoop.logfile.count" : "10",
    "mapred.skip.reduce.auto.incr.proc.count" : "true",
    "mapreduce.job.submithostaddress" : "192.168.168.50",
    "io.seqfile.compress.blocksize" : "1000000",
    "fs.s3.block.size" : "67108864",
    "mapred.tasktracker.taskmemorymanager.monitoring-interval" : "5000",
    "hadoop.http.authentication.simple.anonymous.allowed" : "true",
    "mapreduce.jobtracker.staging.root.dir" : "${hadoop.tmp.dir}/mapred/staging",
    "mapred.acls.enabled" : "false",
    "mapred.queue.default.state" : "RUNNING",
    "mapred.queue.names" : "default",
    "fs.hsftp.impl" : "org.apache.hadoop.hdfs.HsftpFileSystem",
    "dfs.access.time.precision" : "3600000",
    "mapred.task.tracker.http.address" : "0.0.0.0:50060",
    "mapreduce.combine.class" : "PairsReducer",
    "io.seqfile.lazydecompress" : "true",
    "mapred.reduce.parallel.copies" : "5",
    "mapred.disk.healthChecker.interval" : "60000",
    "mapred.output.dir" : "/wiki-out",
    "ipc.client.connection.maxidletime" : "10000",
    "io.sort.mb" : "200",
    "mapred.reduce.child.java.opts" : "-Xmx500M",
    "mapred.task.tracker.report.address" : "127.0.0.1:0",
    "hadoop.security.uid.cache.secs" : "14400",
    "mapred.compress.map.output" : "false",
    "ipc.client.kill.max" : "10",
    "mapred.healthChecker.interval" : "60000",
    "ipc.client.connect.max.retries" : "10",
    "mapreduce.map.class" : "PairsOccurrenceMapper",
    "fs.s3.impl" : "org.apache.hadoop.fs.s3.S3FileSystem",
    "mapred.user.jobconf.limit" : "5242880",
    "mapreduce.job.counters.group.name.max" : "128",
    "mapred.job.tracker.http.address" : "0.0.0.0:50030",
    "mapred.input.dir" : "hdfs://Master:9000/wiki-in400M",
    "io.file.buffer.size" : "4096",
    "mapred.jobtracker.restart.recover" : "false",
    "io.serializations" : "org.apache.hadoop.io.serializer.WritableSerialization",
    "mapred.task.profile" : "false",
    "dfs.datanode.handler.count" : "3",
    "mapreduce.input.num.files" : "35",
    "mapreduce.jobhistory.cleaner.interval-ms" : "86400000",
    "dfs.replication.considerLoad" : "true",
    "jobclient.output.filter" : "FAILED",
    "dfs.namenode.edits.toleration.length" : "0",
    "hadoop.http.authentication.kerberos.keytab" : "${user.home}/hadoop.keytab",
    "dfs.namenode.delegation.token.max-lifetime" : "604800000",
    "mapred.tasktracker.map.tasks.maximum" : "1",
    "fs.checkpoint.size" : "67108864",
    "io.compression.codecs" : "org.apache.hadoop.io.compress.DefaultCodec,org.apache.hadoop.io.compress.GzipCodec,org.apache.hadoop.io.compress.BZip2Codec,org.apache.hadoop.io.compress.SnappyCodec",
    "mapreduce.job.counters.counter.name.max" : "64"
  },
  "computonsPerMapInputByte" : -1,
  "computonsPerMapOutputByte" : -1,
  "computonsPerReduceInputByte" : -1,
  "computonsPerReduceOutputByte" : -1,
  "heapMegabytes" : 200,
  "outcome" : "SUCCESS",
  "jobtype" : "JAVA",
  "directDependantJobs" : [ ],
  "mapTasks" : [ {
    "startTime" : 1404728648356,
    "attempts" : [ {
      "location" : {
        "layers" : [ "default-rack", "Slave4" ]
      },
      "hostName" : "/default-rack/Slave4",
      "result" : "SUCCESS",
      "startTime" : 1404639486069,
      "finishTime" : 1404639665237,
      "attemptID" : "attempt_201407020230_0594_m_000001_0",
      "shuffleFinished" : -1,
      "sortFinished" : -1,
      "hdfsBytesRead" : 12555263,
      "hdfsBytesWritten" : -1,
      "fileBytesRead" : 97358843,
      "fileBytesWritten" : 174363076,
      "mapInputRecords" : 69442,
      "mapOutputBytes" : 125838118,
      "mapOutputRecords" : 7636470,
      "combineInputRecords" : 12523128,
      "reduceInputGroups" : -1,
      "reduceInputRecords" : -1,
      "reduceShuffleBytes" : -1,
      "reduceOutputRecords" : -1,
      "spilledRecords" : 8617168,
      "mapInputBytes" : -1,
      "resourceUsageMetrics" : {
        "cumulativeCpuUsage" : 193290,
        "virtualMemoryUsage" : 1213542400,
        "physicalMemoryUsage" : 492068864,
        "heapUsage" : 559939584
      }
    } ],
    "finishTime" : 1404728827822,
    "preferredLocations" : [ {
      "layers" : [ "default-rack", "Master" ]
    }, {
      "layers" : [ "default-rack", "Slave4" ]
    }, {
      "layers" : [ "default-rack", "Slave5" ]
    } ],
    "taskType" : "MAP",
    "taskStatus" : "SUCCESS",
    "taskID" : "task_201407020230_0594_m_000001",
    "inputBytes" : 12555263,
    "inputRecords" : 69442,
    "outputBytes" : 174363076,
    "outputRecords" : 7636470
  }, {
    "startTime" : 1404728648356,
    "attempts" : [ {
      "location" : {
        "layers" : [ "default-rack", "Slave4" ]
      },
      "hostName" : "/default-rack/Slave4",
      "result" : "SUCCESS",
      "startTime" : 1404639486070,
      "finishTime" : 1404639661626,
      "attemptID" : "attempt_201407020230_0594_m_000004_0",
      "shuffleFinished" : -1,
      "sortFinished" : -1,
      "hdfsBytesRead" : 12526971,
      "hdfsBytesWritten" : -1,
      "fileBytesRead" : 96351781,
      "fileBytesWritten" : 172816947,
      "mapInputRecords" : 72153,
      "mapOutputBytes" : 125092470,
      "mapOutputRecords" : 7561714,
      "combineInputRecords" : 12377487,
      "reduceInputGroups" : -1,
      "reduceInputRecords" : -1,
      "reduceShuffleBytes" : -1,
      "reduceOutputRecords" : -1,
      "spilledRecords" : 8504809,
      "mapInputBytes" : -1,
      "resourceUsageMetrics" : {
        "cumulativeCpuUsage" : 191300,
        "virtualMemoryUsage" : 1217912832,
        "physicalMemoryUsage" : 492003328,
        "heapUsage" : 559939584
      }
    } ],
    "finishTime" : 1404728824180,
    "preferredLocations" : [ {
      "layers" : [ "default-rack", "Master" ]
    }, {
      "layers" : [ "default-rack", "Slave4" ]
    }, {
      "layers" : [ "default-rack", "Slave5" ]
    } ],
    "taskType" : "MAP",
    "taskStatus" : "SUCCESS",
    "taskID" : "task_201407020230_0594_m_000004",
    "inputBytes" : 12526971,
    "inputRecords" : 72153,
    "outputBytes" : 172816947,
    "outputRecords" : 7561714
  }, {
    "startTime" : 1404728648388,
    "attempts" : [ {
      "location" : {
        "layers" : [ "default-rack", "Slave3" ]
      },
      "hostName" : "/default-rack/Slave3",
      "result" : "SUCCESS",
      "startTime" : 1404727283693,
      "finishTime" : 1404727419919,
      "attemptID" : "attempt_201407020230_0594_m_000002_0",
      "shuffleFinished" : -1,
      "sortFinished" : -1,
      "hdfsBytesRead" : 12542322,
      "hdfsBytesWritten" : -1,
      "fileBytesRead" : 97257487,
      "fileBytesWritten" : 174186807,
      "mapInputRecords" : 70209,
      "mapOutputBytes" : 125610444,
      "mapOutputRecords" : 7621040,
      "combineInputRecords" : 12503594,
      "reduceInputGroups" : -1,
      "reduceInputRecords" : -1,
      "reduceShuffleBytes" : -1,
      "reduceOutputRecords" : -1,
      "spilledRecords" : 8611082,
      "mapInputBytes" : -1,
      "resourceUsageMetrics" : {
        "cumulativeCpuUsage" : 147510,
        "virtualMemoryUsage" : 1216520192,
        "physicalMemoryUsage" : 489623552,
        "heapUsage" : 559939584
      }
    } ],
    "finishTime" : 1404728785001,
    "preferredLocations" : [ {
      "layers" : [ "default-rack", "Master" ]
    }, {
      "layers" : [ "default-rack", "Slave3" ]
    }, {
      "layers" : [ "default-rack", "Slave2" ]
    } ],
    "taskType" : "MAP",
    "taskStatus" : "SUCCESS",
    "taskID" : "task_201407020230_0594_m_000002",
    "inputBytes" : 12542322,
    "inputRecords" : 70209,
    "outputBytes" : 174186807,
    "outputRecords" : 7621040
  }, {
    "startTime" : 1404728648389,
    "attempts" : [ {
      "location" : {
        "layers" : [ "default-rack", "Slave3" ]
      },
      "hostName" : "/default-rack/Slave3",
      "result" : "SUCCESS",
      "startTime" : 1404727283693,
      "finishTime" : 1404727417459,
      "attemptID" : "attempt_201407020230_0594_m_000006_0",
      "shuffleFinished" : -1,
      "sortFinished" : -1,
      "hdfsBytesRead" : 12523520,
      "hdfsBytesWritten" : -1,
      "fileBytesRead" : 96771569,
      "fileBytesWritten" : 173151211,
      "mapInputRecords" : 69336,
      "mapOutputBytes" : 125405284,
      "mapOutputRecords" : 7592280,
      "combineInputRecords" : 12440462,
      "reduceInputGroups" : -1,
      "reduceInputRecords" : -1,
      "reduceShuffleBytes" : -1,
      "reduceOutputRecords" : -1,
      "spilledRecords" : 8541957,
      "mapInputBytes" : -1,
      "resourceUsageMetrics" : {
        "cumulativeCpuUsage" : 145080,
        "virtualMemoryUsage" : 1205891072,
        "physicalMemoryUsage" : 490708992,
        "heapUsage" : 559939584
      }
    } ],
    "finishTime" : 1404728782280,
    "preferredLocations" : [ {
      "layers" : [ "default-rack", "Master" ]
    }, {
      "layers" : [ "default-rack", "Slave7" ]
    }, {
      "layers" : [ "default-rack", "Slave3" ]
    } ],
    "taskType" : "MAP",
    "taskStatus" : "SUCCESS",
    "taskID" : "task_201407020230_0594_m_000006",
    "inputBytes" : 12523520,
    "inputRecords" : 69336,
    "outputBytes" : 173151211,
    "outputRecords" : 7592280
  }, {
    "startTime" : 1404728648458,
    "attempts" : [ {
      "location" : {
        "layers" : [ "default-rack", "Master" ]
      },
      "hostName" : "/default-rack/Master",
      "result" : "SUCCESS",
      "startTime" : 1404728648555,
      "finishTime" : 1404728761471,
      "attemptID" : "attempt_201407020230_0594_m_000000_0",
      "shuffleFinished" : -1,
      "sortFinished" : -1,
      "hdfsBytesRead" : 12575747,
      "hdfsBytesWritten" : -1,
      "fileBytesRead" : 96218943,
      "fileBytesWritten" : 172226384,
      "mapInputRecords" : 70292,
      "mapOutputBytes" : 125852860,
      "mapOutputRecords" : 7625586,
      "combineInputRecords" : 12450666,
      "reduceInputGroups" : -1,
      "reduceInputRecords" : -1,
      "reduceShuffleBytes" : -1,
      "reduceOutputRecords" : -1,
      "spilledRecords" : 8503230,
      "mapInputBytes" : -1,
      "resourceUsageMetrics" : {
        "cumulativeCpuUsage" : 123190,
        "virtualMemoryUsage" : 1215643648,
        "physicalMemoryUsage" : 485801984,
        "heapUsage" : 628621312
      }
    } ],
    "finishTime" : 1404728761605,
    "preferredLocations" : [ {
      "layers" : [ "default-rack", "Master" ]
    }, {
      "layers" : [ "default-rack", "Slave1" ]
    }, {
      "layers" : [ "default-rack", "Slave5" ]
    } ],
    "taskType" : "MAP",
    "taskStatus" : "SUCCESS",
    "taskID" : "task_201407020230_0594_m_000000",
    "inputBytes" : 12575747,
    "inputRecords" : 70292,
    "outputBytes" : 172226384,
    "outputRecords" : 7625586
  }, {
    "startTime" : 1404728648459,
    "attempts" : [ {
      "location" : {
        "layers" : [ "default-rack", "Master" ]
      },
      "hostName" : "/default-rack/Master",
      "result" : "SUCCESS",
      "startTime" : 1404728648555,
      "finishTime" : 1404728762335,
      "attemptID" : "attempt_201407020230_0594_m_000003_0",
      "shuffleFinished" : -1,
      "sortFinished" : -1,
      "hdfsBytesRead" : 12540113,
      "hdfsBytesWritten" : -1,
      "fileBytesRead" : 96870000,
      "fileBytesWritten" : 173524941,
      "mapInputRecords" : 72022,
      "mapOutputBytes" : 125290022,
      "mapOutputRecords" : 7580298,
      "combineInputRecords" : 12428776,
      "reduceInputGroups" : -1,
      "reduceInputRecords" : -1,
      "reduceShuffleBytes" : -1,
      "reduceOutputRecords" : -1,
      "spilledRecords" : 8552063,
      "mapInputBytes" : -1,
      "resourceUsageMetrics" : {
        "cumulativeCpuUsage" : 124460,
        "virtualMemoryUsage" : 1214660608,
        "physicalMemoryUsage" : 487645184,
        "heapUsage" : 628621312
      }
    } ],
    "finishTime" : 1404728762512,
    "preferredLocations" : [ {
      "layers" : [ "default-rack", "Master" ]
    }, {
      "layers" : [ "default-rack", "Slave7" ]
    }, {
      "layers" : [ "default-rack", "Slave6" ]
    } ],
    "taskType" : "MAP",
    "taskStatus" : "SUCCESS",
    "taskID" : "task_201407020230_0594_m_000003",
    "inputBytes" : 12540113,
    "inputRecords" : 72022,
    "outputBytes" : 173524941,
    "outputRecords" : 7580298
  }, {
    "startTime" : 1404728648512,
    "attempts" : [ {
      "location" : {
        "layers" : [ "default-rack", "Slave6" ]
      },
      "hostName" : "/default-rack/Slave6",
      "result" : "SUCCESS",
      "startTime" : 1404727457888,
      "finishTime" : 1404727590861,
      "attemptID" : "attempt_201407020230_0594_m_000005_0",
      "shuffleFinished" : -1,
      "sortFinished" : -1,
      "hdfsBytesRead" : 12525989,
      "hdfsBytesWritten" : -1,
      "fileBytesRead" : 97236536,
      "fileBytesWritten" : 174239759,
      "mapInputRecords" : 70212,
      "mapOutputBytes" : 125295674,
      "mapOutputRecords" : 7572980,
      "combineInputRecords" : 12433992,
      "reduceInputGroups" : -1,
      "reduceInputRecords" : -1,
      "reduceShuffleBytes" : -1,
      "reduceOutputRecords" : -1,
      "spilledRecords" : 8576009,
      "mapInputBytes" : -1,
      "resourceUsageMetrics" : {
        "cumulativeCpuUsage" : 143920,
        "virtualMemoryUsage" : 1216147456,
        "physicalMemoryUsage" : 490389504,
        "heapUsage" : 559939584
      }
    } ],
    "finishTime" : 1404728781749,
    "preferredLocations" : [ {
      "layers" : [ "default-rack", "Master" ]
    }, {
      "layers" : [ "default-rack", "Slave6" ]
    }, {
      "layers" : [ "default-rack", "Slave7" ]
    } ],
    "taskType" : "MAP",
    "taskStatus" : "SUCCESS",
    "taskID" : "task_201407020230_0594_m_000005",
    "inputBytes" : 12525989,
    "inputRecords" : 70212,
    "outputBytes" : 174239759,
    "outputRecords" : 7572980
  }, {
    "startTime" : 1404728648512,
    "attempts" : [ {
      "location" : {
        "layers" : [ "default-rack", "Slave6" ]
      },
      "hostName" : "/default-rack/Slave6",
      "result" : "SUCCESS",
      "startTime" : 1404727457888,
      "finishTime" : 1404727590018,
      "attemptID" : "attempt_201407020230_0594_m_000013_0",
      "shuffleFinished" : -1,
      "sortFinished" : -1,
      "hdfsBytesRead" : 12458709,
      "hdfsBytesWritten" : -1,
      "fileBytesRead" : 96744894,
      "fileBytesWritten" : 173545624,
      "mapInputRecords" : 69176,
      "mapOutputBytes" : 124715750,
      "mapOutputRecords" : 7545516,
      "combineInputRecords" : 12386461,
      "reduceInputGroups" : -1,
      "reduceInputRecords" : -1,
      "reduceShuffleBytes" : -1,
      "reduceOutputRecords" : -1,
      "spilledRecords" : 8550095,
      "mapInputBytes" : -1,
      "resourceUsageMetrics" : {
        "cumulativeCpuUsage" : 143310,
        "virtualMemoryUsage" : 1214824448,
        "physicalMemoryUsage" : 489259008,
        "heapUsage" : 559939584
      }
    } ],
    "finishTime" : 1404728780842,
    "preferredLocations" : [ {
      "layers" : [ "default-rack", "Master" ]
    }, {
      "layers" : [ "default-rack", "Slave6" ]
    }, {
      "layers" : [ "default-rack", "Slave7" ]
    } ],
    "taskType" : "MAP",
    "taskStatus" : "SUCCESS",
    "taskID" : "task_201407020230_0594_m_000013",
    "inputBytes" : 12458709,
    "inputRecords" : 69176,
    "outputBytes" : 173545624,
    "outputRecords" : 7545516
  }, {
    "startTime" : 1404728648512,
    "attempts" : [ {
      "location" : {
        "layers" : [ "default-rack", "Slave5" ]
      },
      "hostName" : "/default-rack/Slave5",
      "result" : "SUCCESS",
      "startTime" : 1404727010817,
      "finishTime" : 1404727145821,
      "attemptID" : "attempt_201407020230_0594_m_000007_0",
      "shuffleFinished" : -1,
      "sortFinished" : -1,
      "hdfsBytesRead" : 12507171,
      "hdfsBytesWritten" : -1,
      "fileBytesRead" : 97123123,
      "fileBytesWritten" : 173966395,
      "mapInputRecords" : 69080,
      "mapOutputBytes" : 125267238,
      "mapOutputRecords" : 7584834,
      "combineInputRecords" : 12450683,
      "reduceInputGroups" : -1,
      "reduceInputRecords" : -1,
      "reduceShuffleBytes" : -1,
      "reduceOutputRecords" : -1,
      "spilledRecords" : 8582459,
      "mapInputBytes" : -1,
      "resourceUsageMetrics" : {
        "cumulativeCpuUsage" : 145450,
        "virtualMemoryUsage" : 1217048576,
        "physicalMemoryUsage" : 489205760,
        "heapUsage" : 559939584
      }
    } ],
    "finishTime" : 1404728783614,
    "preferredLocations" : [ {
      "layers" : [ "default-rack", "Master" ]
    }, {
      "layers" : [ "default-rack", "Slave5" ]
    }, {
      "layers" : [ "default-rack", "Slave3" ]
    } ],
    "taskType" : "MAP",
    "taskStatus" : "SUCCESS",
    "taskID" : "task_201407020230_0594_m_000007",
    "inputBytes" : 12507171,
    "inputRecords" : 69080,
    "outputBytes" : 173966395,
    "outputRecords" : 7584834
  }, {
    "startTime" : 1404728648513,
    "attempts" : [ {
      "location" : {
        "layers" : [ "default-rack", "Slave5" ]
      },
      "hostName" : "/default-rack/Slave5",
      "result" : "SUCCESS",
      "startTime" : 1404727010817,
      "finishTime" : 1404727144189,
      "attemptID" : "attempt_201407020230_0594_m_000011_0",
      "shuffleFinished" : -1,
      "sortFinished" : -1,
      "hdfsBytesRead" : 12470778,
      "hdfsBytesWritten" : -1,
      "fileBytesRead" : 96568819,
      "fileBytesWritten" : 173140883,
      "mapInputRecords" : 69273,
      "mapOutputBytes" : 124870438,
      "mapOutputRecords" : 7566486,
      "combineInputRecords" : 12406910,
      "reduceInputGroups" : -1,
      "reduceInputRecords" : -1,
      "reduceShuffleBytes" : -1,
      "reduceOutputRecords" : -1,
      "spilledRecords" : 8544602,
      "mapInputBytes" : -1,
      "resourceUsageMetrics" : {
        "cumulativeCpuUsage" : 144320,
        "virtualMemoryUsage" : 1216458752,
        "physicalMemoryUsage" : 491524096,
        "heapUsage" : 559939584
      }
    } ],
    "finishTime" : 1404728782105,
    "preferredLocations" : [ {
      "layers" : [ "default-rack", "Master" ]
    }, {
      "layers" : [ "default-rack", "Slave5" ]
    }, {
      "layers" : [ "default-rack", "Slave1" ]
    } ],
    "taskType" : "MAP",
    "taskStatus" : "SUCCESS",
    "taskID" : "task_201407020230_0594_m_000011",
    "inputBytes" : 12470778,
    "inputRecords" : 69273,
    "outputBytes" : 173140883,
    "outputRecords" : 7566486
  }, {
    "startTime" : 1404728648513,
    "attempts" : [ {
      "location" : {
        "layers" : [ "default-rack", "Slave7" ]
      },
      "hostName" : "/default-rack/Slave7",
      "result" : "SUCCESS",
      "startTime" : 1404728645313,
      "finishTime" : 1404728770732,
      "attemptID" : "attempt_201407020230_0594_m_000012_0",
      "shuffleFinished" : -1,
      "sortFinished" : -1,
      "hdfsBytesRead" : 12470000,
      "hdfsBytesWritten" : -1,
      "fileBytesRead" : 96604460,
      "fileBytesWritten" : 172862323,
      "mapInputRecords" : 67323,
      "mapOutputBytes" : 125064940,
      "mapOutputRecords" : 7578560,
      "combineInputRecords" : 12420031,
      "reduceInputGroups" : -1,
      "reduceInputRecords" : -1,
      "reduceShuffleBytes" : -1,
      "reduceOutputRecords" : -1,
      "spilledRecords" : 8529499,
      "mapInputBytes" : -1,
      "resourceUsageMetrics" : {
        "cumulativeCpuUsage" : 134710,
        "virtualMemoryUsage" : 1213960192,
        "physicalMemoryUsage" : 487292928,
        "heapUsage" : 542113792
      }
    } ],
    "finishTime" : 1404728774203,
    "preferredLocations" : [ {
      "layers" : [ "default-rack", "Master" ]
    }, {
      "layers" : [ "default-rack", "Slave1" ]
    }, {
      "layers" : [ "default-rack", "Slave7" ]
    } ],
    "taskType" : "MAP",
    "taskStatus" : "SUCCESS",
    "taskID" : "task_201407020230_0594_m_000012",
    "inputBytes" : 12470000,
    "inputRecords" : 67323,
    "outputBytes" : 172862323,
    "outputRecords" : 7578560
  }, {
    "startTime" : 1404728648514,
    "attempts" : [ {
      "location" : {
        "layers" : [ "default-rack", "Slave7" ]
      },
      "hostName" : "/default-rack/Slave7",
      "result" : "SUCCESS",
      "startTime" : 1404728645314,
      "finishTime" : 1404728768599,
      "attemptID" : "attempt_201407020230_0594_m_000016_0",
      "shuffleFinished" : -1,
      "sortFinished" : -1,
      "hdfsBytesRead" : 12452776,
      "hdfsBytesWritten" : -1,
      "fileBytesRead" : 95999352,
      "fileBytesWritten" : 172143980,
      "mapInputRecords" : 69925,
      "mapOutputBytes" : 124563886,
      "mapOutputRecords" : 7532494,
      "combineInputRecords" : 12336609,
      "reduceInputGroups" : -1,
      "reduceInputRecords" : -1,
      "reduceShuffleBytes" : -1,
      "reduceOutputRecords" : -1,
      "spilledRecords" : 8482544,
      "mapInputBytes" : -1,
      "resourceUsageMetrics" : {
        "cumulativeCpuUsage" : 133290,
        "virtualMemoryUsage" : 1216765952,
        "physicalMemoryUsage" : 490315776,
        "heapUsage" : 559939584
      }
    } ],
    "finishTime" : 1404728772089,
    "preferredLocations" : [ {
      "layers" : [ "default-rack", "Master" ]
    }, {
      "layers" : [ "default-rack", "Slave2" ]
    }, {
      "layers" : [ "default-rack", "Slave7" ]
    } ],
    "taskType" : "MAP",
    "taskStatus" : "SUCCESS",
    "taskID" : "task_201407020230_0594_m_000016",
    "inputBytes" : 12452776,
    "inputRecords" : 69925,
    "outputBytes" : 172143980,
    "outputRecords" : 7532494
  }, {
    "startTime" : 1404728648524,
    "attempts" : [ {
      "location" : {
        "layers" : [ "default-rack", "Slave1" ]
      },
      "hostName" : "/default-rack/Slave1",
      "result" : "SUCCESS",
      "startTime" : 1404728233958,
      "finishTime" : 1404728348295,
      "attemptID" : "attempt_201407020230_0594_m_000008_0",
      "shuffleFinished" : -1,
      "sortFinished" : -1,
      "hdfsBytesRead" : 12506379,
      "hdfsBytesWritten" : -1,
      "fileBytesRead" : 97086096,
      "fileBytesWritten" : 173966826,
      "mapInputRecords" : 70622,
      "mapOutputBytes" : 125104624,
      "mapOutputRecords" : 7574726,
      "combineInputRecords" : 12438765,
      "reduceInputGroups" : -1,
      "reduceInputRecords" : -1,
      "reduceShuffleBytes" : -1,
      "reduceOutputRecords" : -1,
      "spilledRecords" : 8581329,
      "mapInputBytes" : -1,
      "resourceUsageMetrics" : {
        "cumulativeCpuUsage" : 124760,
        "virtualMemoryUsage" : 1215016960,
        "physicalMemoryUsage" : 486092800,
        "heapUsage" : 628621312
      }
    } ],
    "finishTime" : 1404728763257,
    "preferredLocations" : [ {
      "layers" : [ "default-rack", "Master" ]
    }, {
      "layers" : [ "default-rack", "Slave3" ]
    }, {
      "layers" : [ "default-rack", "Slave1" ]
    } ],
    "taskType" : "MAP",
    "taskStatus" : "SUCCESS",
    "taskID" : "task_201407020230_0594_m_000008",
    "inputBytes" : 12506379,
    "inputRecords" : 70622,
    "outputBytes" : 173966826,
    "outputRecords" : 7574726
  }, {
    "startTime" : 1404728648524,
    "attempts" : [ {
      "location" : {
        "layers" : [ "default-rack", "Slave1" ]
      },
      "hostName" : "/default-rack/Slave1",
      "result" : "SUCCESS",
      "startTime" : 1404728233958,
      "finishTime" : 1404728347989,
      "attemptID" : "attempt_201407020230_0594_m_000009_0",
      "shuffleFinished" : -1,
      "sortFinished" : -1,
      "hdfsBytesRead" : 12485810,
      "hdfsBytesWritten" : -1,
      "fileBytesRead" : 96521679,
      "fileBytesWritten" : 172908824,
      "mapInputRecords" : 70334,
      "mapOutputBytes" : 124907300,
      "mapOutputRecords" : 7560118,
      "combineInputRecords" : 12392138,
      "reduceInputGroups" : -1,
      "reduceInputRecords" : -1,
      "reduceShuffleBytes" : -1,
      "reduceOutputRecords" : -1,
      "spilledRecords" : 8523725,
      "mapInputBytes" : -1,
      "resourceUsageMetrics" : {
        "cumulativeCpuUsage" : 125440,
        "virtualMemoryUsage" : 1217380352,
        "physicalMemoryUsage" : 487624704,
        "heapUsage" : 628621312
      }
    } ],
    "finishTime" : 1404728762954,
    "preferredLocations" : [ {
      "layers" : [ "default-rack", "Master" ]
    }, {
      "layers" : [ "default-rack", "Slave1" ]
    }, {
      "layers" : [ "default-rack", "Slave2" ]
    } ],
    "taskType" : "MAP",
    "taskStatus" : "SUCCESS",
    "taskID" : "task_201407020230_0594_m_000009",
    "inputBytes" : 12485810,
    "inputRecords" : 70334,
    "outputBytes" : 172908824,
    "outputRecords" : 7560118
  }, {
    "startTime" : 1404728648525,
    "attempts" : [ {
      "location" : {
        "layers" : [ "default-rack", "Slave2" ]
      },
      "hostName" : "/default-rack/Slave2",
      "result" : "SUCCESS",
      "startTime" : 1404729144708,
      "finishTime" : 1404729256744,
      "attemptID" : "attempt_201407020230_0594_m_000014_0",
      "shuffleFinished" : -1,
      "sortFinished" : -1,
      "hdfsBytesRead" : 12456134,
      "hdfsBytesWritten" : -1,
      "fileBytesRead" : 95713553,
      "fileBytesWritten" : 171829512,
      "mapInputRecords" : 71413,
      "mapOutputBytes" : 124330098,
      "mapOutputRecords" : 7501734,
      "combineInputRecords" : 12278332,
      "reduceInputGroups" : -1,
      "reduceInputRecords" : -1,
      "reduceShuffleBytes" : -1,
      "reduceOutputRecords" : -1,
      "spilledRecords" : 8443389,
      "mapInputBytes" : -1,
      "resourceUsageMetrics" : {
        "cumulativeCpuUsage" : 122180,
        "virtualMemoryUsage" : 1206235136,
        "physicalMemoryUsage" : 488513536,
        "heapUsage" : 628621312
      }
    } ],
    "finishTime" : 1404728760841,
    "preferredLocations" : [ {
      "layers" : [ "default-rack", "Master" ]
    }, {
      "layers" : [ "default-rack", "Slave4" ]
    }, {
      "layers" : [ "default-rack", "Slave2" ]
    } ],
    "taskType" : "MAP",
    "taskStatus" : "SUCCESS",
    "taskID" : "task_201407020230_0594_m_000014",
    "inputBytes" : 12456134,
    "inputRecords" : 71413,
    "outputBytes" : 171829512,
    "outputRecords" : 7501734
  }, {
    "startTime" : 1404728648526,
    "attempts" : [ {
      "location" : {
        "layers" : [ "default-rack", "Slave2" ]
      },
      "hostName" : "/default-rack/Slave2",
      "result" : "SUCCESS",
      "startTime" : 1404729144708,
      "finishTime" : 1404729257009,
      "attemptID" : "attempt_201407020230_0594_m_000020_0",
      "shuffleFinished" : -1,
      "sortFinished" : -1,
      "hdfsBytesRead" : 12444914,
      "hdfsBytesWritten" : -1,
      "fileBytesRead" : 96025385,
      "fileBytesWritten" : 172049520,
      "mapInputRecords" : 68254,
      "mapOutputBytes" : 124654662,
      "mapOutputRecords" : 7543398,
      "combineInputRecords" : 12345795,
      "reduceInputGroups" : -1,
      "reduceInputRecords" : -1,
      "reduceShuffleBytes" : -1,
      "reduceOutputRecords" : -1,
      "spilledRecords" : 8471517,
      "mapInputBytes" : -1,
      "resourceUsageMetrics" : {
        "cumulativeCpuUsage" : 122390,
        "virtualMemoryUsage" : 1206231040,
        "physicalMemoryUsage" : 485740544,
        "heapUsage" : 628621312
      }
    } ],
    "finishTime" : 1404728761144,
    "preferredLocations" : [ {
      "layers" : [ "default-rack", "Master" ]
    }, {
      "layers" : [ "default-rack", "Slave2" ]
    }, {
      "layers" : [ "default-rack", "Slave5" ]
    } ],
    "taskType" : "MAP",
    "taskStatus" : "SUCCESS",
    "taskID" : "task_201407020230_0594_m_000020",
    "inputBytes" : 12444914,
    "inputRecords" : 68254,
    "outputBytes" : 172049520,
    "outputRecords" : 7543398
  }, {
    "startTime" : 1404728760842,
    "attempts" : [ {
      "location" : {
        "layers" : [ "default-rack", "Slave2" ]
      },
      "hostName" : "/default-rack/Slave2",
      "result" : "SUCCESS",
      "startTime" : 1404729256916,
      "finishTime" : 1404729352109,
      "attemptID" : "attempt_201407020230_0594_m_000025_0",
      "shuffleFinished" : -1,
      "sortFinished" : -1,
      "hdfsBytesRead" : 12410911,
      "hdfsBytesWritten" : -1,
      "fileBytesRead" : 95029712,
      "fileBytesWritten" : 170232982,
      "mapInputRecords" : 69802,
      "mapOutputBytes" : 124147972,
      "mapOutputRecords" : 7521272,
      "combineInputRecords" : 12282564,
      "reduceInputGroups" : -1,
      "reduceInputRecords" : -1,
      "reduceShuffleBytes" : -1,
      "reduceOutputRecords" : -1,
      "spilledRecords" : 8399183,
      "mapInputBytes" : -1,
      "resourceUsageMetrics" : {
        "cumulativeCpuUsage" : 103370,
        "virtualMemoryUsage" : 1209393152,
        "physicalMemoryUsage" : 699150336,
        "heapUsage" : 613416960
      }
    } ],
    "finishTime" : 1404728856258,
    "preferredLocations" : [ {
      "layers" : [ "default-rack", "Master" ]
    }, {
      "layers" : [ "default-rack", "Slave2" ]
    }, {
      "layers" : [ "default-rack", "Slave4" ]
    } ],
    "taskType" : "MAP",
    "taskStatus" : "SUCCESS",
    "taskID" : "task_201407020230_0594_m_000025",
    "inputBytes" : 12410911,
    "inputRecords" : 69802,
    "outputBytes" : 170232982,
    "outputRecords" : 7521272
  }, {
    "startTime" : 1404728761145,
    "attempts" : [ {
      "location" : {
        "layers" : [ "default-rack", "Slave2" ]
      },
      "hostName" : "/default-rack/Slave2",
      "result" : "SUCCESS",
      "startTime" : 1404729257220,
      "finishTime" : 1404729351961,
      "attemptID" : "attempt_201407020230_0594_m_000027_0",
      "shuffleFinished" : -1,
      "sortFinished" : -1,
      "hdfsBytesRead" : 12371929,
      "hdfsBytesWritten" : -1,
      "fileBytesRead" : 96032778,
      "fileBytesWritten" : 172319064,
      "mapInputRecords" : 68633,
      "mapOutputBytes" : 123912568,
      "mapOutputRecords" : 7508828,
      "combineInputRecords" : 12323000,
      "reduceInputGroups" : -1,
      "reduceInputRecords" : -1,
      "reduceShuffleBytes" : -1,
      "reduceOutputRecords" : -1,
      "spilledRecords" : 8505534,
      "mapInputBytes" : -1,
      "resourceUsageMetrics" : {
        "cumulativeCpuUsage" : 102770,
        "virtualMemoryUsage" : 1209389056,
        "physicalMemoryUsage" : 697761792,
        "heapUsage" : 613416960
      }
    } ],
    "finishTime" : 1404728855956,
    "preferredLocations" : [ {
      "layers" : [ "default-rack", "Master" ]
    }, {
      "layers" : [ "default-rack", "Slave1" ]
    }, {
      "layers" : [ "default-rack", "Slave2" ]
    } ],
    "taskType" : "MAP",
    "taskStatus" : "SUCCESS",
    "taskID" : "task_201407020230_0594_m_000027",
    "inputBytes" : 12371929,
    "inputRecords" : 68633,
    "outputBytes" : 172319064,
    "outputRecords" : 7508828
  }, {
    "startTime" : 1404728761605,
    "attempts" : [ {
      "location" : {
        "layers" : [ "default-rack", "Master" ]
      },
      "hostName" : "/default-rack/Master",
      "result" : "SUCCESS",
      "startTime" : 1404728761609,
      "finishTime" : 1404728856760,
      "attemptID" : "attempt_201407020230_0594_m_000010_0",
      "shuffleFinished" : -1,
      "sortFinished" : -1,
      "hdfsBytesRead" : 12472565,
      "hdfsBytesWritten" : -1,
      "fileBytesRead" : 96516549,
      "fileBytesWritten" : 173025647,
      "mapInputRecords" : 69994,
      "mapOutputBytes" : 124769060,
      "mapOutputRecords" : 7546302,
      "combineInputRecords" : 12374806,
      "reduceInputGroups" : -1,
      "reduceInputRecords" : -1,
      "reduceShuffleBytes" : -1,
      "reduceOutputRecords" : -1,
      "spilledRecords" : 8523462,
      "mapInputBytes" : -1,
      "resourceUsageMetrics" : {
        "cumulativeCpuUsage" : 102740,
        "virtualMemoryUsage" : 1218801664,
        "physicalMemoryUsage" : 700985344,
        "heapUsage" : 616562688
      }
    } ],
    "finishTime" : 1404728856993,
    "preferredLocations" : [ {
      "layers" : [ "default-rack", "Master" ]
    }, {
      "layers" : [ "default-rack", "Slave3" ]
    }, {
      "layers" : [ "default-rack", "Slave1" ]
    } ],
    "taskType" : "MAP",
    "taskStatus" : "SUCCESS",
    "taskID" : "task_201407020230_0594_m_000010",
    "inputBytes" : 12472565,
    "inputRecords" : 69994,
    "outputBytes" : 173025647,
    "outputRecords" : 7546302
  }, {
    "startTime" : 1404728762512,
    "attempts" : [ {
      "location" : {
        "layers" : [ "default-rack", "Master" ]
      },
      "hostName" : "/default-rack/Master",
      "result" : "SUCCESS",
      "startTime" : 1404728762514,
      "finishTime" : 1404728858544,
      "attemptID" : "attempt_201407020230_0594_m_000015_0",
      "shuffleFinished" : -1,
      "sortFinished" : -1,
      "hdfsBytesRead" : 12455726,
      "hdfsBytesWritten" : -1,
      "fileBytesRead" : 96607995,
      "fileBytesWritten" : 173354898,
      "mapInputRecords" : 68408,
      "mapOutputBytes" : 124731134,
      "mapOutputRecords" : 7546842,
      "combineInputRecords" : 12385071,
      "reduceInputGroups" : -1,
      "reduceInputRecords" : -1,
      "reduceShuffleBytes" : -1,
      "reduceOutputRecords" : -1,
      "spilledRecords" : 8550328,
      "mapInputBytes" : -1,
      "resourceUsageMetrics" : {
        "cumulativeCpuUsage" : 103030,
        "virtualMemoryUsage" : 1217818624,
        "physicalMemoryUsage" : 699891712,
        "heapUsage" : 614989824
      }
    } ],
    "finishTime" : 1404728858813,
    "preferredLocations" : [ {
      "layers" : [ "default-rack", "Master" ]
    }, {
      "layers" : [ "default-rack", "Slave3" ]
    }, {
      "layers" : [ "default-rack", "Slave4" ]
    } ],
    "taskType" : "MAP",
    "taskStatus" : "SUCCESS",
    "taskID" : "task_201407020230_0594_m_000015",
    "inputBytes" : 12455726,
    "inputRecords" : 68408,
    "outputBytes" : 173354898,
    "outputRecords" : 7546842
  }, {
    "startTime" : 1404728762954,
    "attempts" : [ {
      "location" : {
        "layers" : [ "default-rack", "Slave1" ]
      },
      "hostName" : "/default-rack/Slave1",
      "result" : "SUCCESS",
      "startTime" : 1404728348286,
      "finishTime" : 1404728442333,
      "attemptID" : "attempt_201407020230_0594_m_000024_0",
      "shuffleFinished" : -1,
      "sortFinished" : -1,
      "hdfsBytesRead" : 12414462,
      "hdfsBytesWritten" : -1,
      "fileBytesRead" : 95091484,
      "fileBytesWritten" : 170770350,
      "mapInputRecords" : 75924,
      "mapOutputBytes" : 123438414,
      "mapOutputRecords" : 7457476,
      "combineInputRecords" : 12207991,
      "reduceInputGroups" : -1,
      "reduceInputRecords" : -1,
      "reduceShuffleBytes" : -1,
      "reduceOutputRecords" : -1,
      "spilledRecords" : 8398792,
      "mapInputBytes" : -1,
      "resourceUsageMetrics" : {
        "cumulativeCpuUsage" : 99300,
        "virtualMemoryUsage" : 1220538368,
        "physicalMemoryUsage" : 700116992,
        "heapUsage" : 603979776
      }
    } ],
    "finishTime" : 1404728857163,
    "preferredLocations" : [ {
      "layers" : [ "default-rack", "Master" ]
    }, {
      "layers" : [ "default-rack", "Slave1" ]
    }, {
      "layers" : [ "default-rack", "Slave3" ]
    } ],
    "taskType" : "MAP",
    "taskStatus" : "SUCCESS",
    "taskID" : "task_201407020230_0594_m_000024",
    "inputBytes" : 12414462,
    "inputRecords" : 75924,
    "outputBytes" : 170770350,
    "outputRecords" : 7457476
  }, {
    "startTime" : 1404728763258,
    "attempts" : [ {
      "location" : {
        "layers" : [ "default-rack", "Slave1" ]
      },
      "hostName" : "/default-rack/Slave1",
      "result" : "SUCCESS",
      "startTime" : 1404728348589,
      "finishTime" : 1404728443123,
      "attemptID" : "attempt_201407020230_0594_m_000028_0",
      "shuffleFinished" : -1,
      "sortFinished" : -1,
      "hdfsBytesRead" : 12364757,
      "hdfsBytesWritten" : -1,
      "fileBytesRead" : 95618072,
      "fileBytesWritten" : 171286278,
      "mapInputRecords" : 65823,
      "mapOutputBytes" : 124117076,
      "mapOutputRecords" : 7526872,
      "combineInputRecords" : 12322689,
      "reduceInputGroups" : -1,
      "reduceInputRecords" : -1,
      "reduceShuffleBytes" : -1,
      "reduceOutputRecords" : -1,
      "spilledRecords" : 8460148,
      "mapInputBytes" : -1,
      "resourceUsageMetrics" : {
        "cumulativeCpuUsage" : 102120,
        "virtualMemoryUsage" : 1218174976,
        "physicalMemoryUsage" : 699895808,
        "heapUsage" : 614465536
      }
    } ],
    "finishTime" : 1404728858071,
    "preferredLocations" : [ {
      "layers" : [ "default-rack", "Master" ]
    }, {
      "layers" : [ "default-rack", "Slave1" ]
    }, {
      "layers" : [ "default-rack", "Slave3" ]
    } ],
    "taskType" : "MAP",
    "taskStatus" : "SUCCESS",
    "taskID" : "task_201407020230_0594_m_000028",
    "inputBytes" : 12364757,
    "inputRecords" : 65823,
    "outputBytes" : 171286278,
    "outputRecords" : 7526872
  }, {
    "startTime" : 1404728772090,
    "attempts" : [ {
      "location" : {
        "layers" : [ "default-rack", "Slave7" ]
      },
      "hostName" : "/default-rack/Slave7",
      "result" : "SUCCESS",
      "startTime" : 1404728768807,
      "finishTime" : 1404728852225,
      "attemptID" : "attempt_201407020230_0594_m_000023_0",
      "shuffleFinished" : -1,
      "sortFinished" : -1,
      "hdfsBytesRead" : 12430810,
      "hdfsBytesWritten" : -1,
      "fileBytesRead" : 96258190,
      "fileBytesWritten" : 172523805,
      "mapInputRecords" : 71270,
      "mapOutputBytes" : 124366770,
      "mapOutputRecords" : 7539188,
      "combineInputRecords" : 12362100,
      "reduceInputGroups" : -1,
      "reduceInputRecords" : -1,
      "reduceShuffleBytes" : -1,
      "reduceOutputRecords" : -1,
      "spilledRecords" : 8510872,
      "mapInputBytes" : -1,
      "resourceUsageMetrics" : {
        "cumulativeCpuUsage" : 89610,
        "virtualMemoryUsage" : 1219923968,
        "physicalMemoryUsage" : 668758016,
        "heapUsage" : 581959680
      }
    } ],
    "finishTime" : 1404728855672,
    "preferredLocations" : [ {
      "layers" : [ "default-rack", "Master" ]
    }, {
      "layers" : [ "default-rack", "Slave7" ]
    }, {
      "layers" : [ "default-rack", "Slave6" ]
    } ],
    "taskType" : "MAP",
    "taskStatus" : "SUCCESS",
    "taskID" : "task_201407020230_0594_m_000023",
    "inputBytes" : 12430810,
    "inputRecords" : 71270,
    "outputBytes" : 172523805,
    "outputRecords" : 7539188
  }, {
    "startTime" : 1404728774204,
    "attempts" : [ {
      "location" : {
        "layers" : [ "default-rack", "Slave7" ]
      },
      "hostName" : "/default-rack/Slave7",
      "result" : "SUCCESS",
      "startTime" : 1404728770921,
      "finishTime" : 1404728853922,
      "attemptID" : "attempt_201407020230_0594_m_000026_0",
      "shuffleFinished" : -1,
      "sortFinished" : -1,
      "hdfsBytesRead" : 12396698,
      "hdfsBytesWritten" : -1,
      "fileBytesRead" : 96364597,
      "fileBytesWritten" : 172824196,
      "mapInputRecords" : 67855,
      "mapOutputBytes" : 124106798,
      "mapOutputRecords" : 7501090,
      "combineInputRecords" : 12320076,
      "reduceInputGroups" : -1,
      "reduceInputRecords" : -1,
      "reduceShuffleBytes" : -1,
      "reduceOutputRecords" : -1,
      "spilledRecords" : 8510179,
      "mapInputBytes" : -1,
      "resourceUsageMetrics" : {
        "cumulativeCpuUsage" : 89310,
        "virtualMemoryUsage" : 1217118208,
        "physicalMemoryUsage" : 680808448,
        "heapUsage" : 596115456
      }
    } ],
    "finishTime" : 1404728857485,
    "preferredLocations" : [ {
      "layers" : [ "default-rack", "Master" ]
    }, {
      "layers" : [ "default-rack", "Slave7" ]
    }, {
      "layers" : [ "default-rack", "Slave5" ]
    } ],
    "taskType" : "MAP",
    "taskStatus" : "SUCCESS",
    "taskID" : "task_201407020230_0594_m_000026",
    "inputBytes" : 12396698,
    "inputRecords" : 67855,
    "outputBytes" : 172824196,
    "outputRecords" : 7501090
  }, {
    "startTime" : 1404728780843,
    "attempts" : [ {
      "location" : {
        "layers" : [ "default-rack", "Slave6" ]
      },
      "hostName" : "/default-rack/Slave6",
      "result" : "SUCCESS",
      "startTime" : 1404727590128,
      "finishTime" : 1404727678769,
      "attemptID" : "attempt_201407020230_0594_m_000017_0",
      "shuffleFinished" : -1,
      "sortFinished" : -1,
      "hdfsBytesRead" : 12449601,
      "hdfsBytesWritten" : -1,
      "fileBytesRead" : 95741722,
      "fileBytesWritten" : 171589964,
      "mapInputRecords" : 71622,
      "mapOutputBytes" : 124321590,
      "mapOutputRecords" : 7507818,
      "combineInputRecords" : 12290668,
      "reduceInputGroups" : -1,
      "reduceInputRecords" : -1,
      "reduceShuffleBytes" : -1,
      "reduceOutputRecords" : -1,
      "spilledRecords" : 8439518,
      "mapInputBytes" : -1,
      "resourceUsageMetrics" : {
        "cumulativeCpuUsage" : 95490,
        "virtualMemoryUsage" : 1217982464,
        "physicalMemoryUsage" : 679120896,
        "heapUsage" : 594542592
      }
    } ],
    "finishTime" : 1404728869775,
    "preferredLocations" : [ {
      "layers" : [ "default-rack", "Master" ]
    }, {
      "layers" : [ "default-rack", "Slave5" ]
    }, {
      "layers" : [ "default-rack", "Slave6" ]
    } ],
    "taskType" : "MAP",
    "taskStatus" : "SUCCESS",
    "taskID" : "task_201407020230_0594_m_000017",
    "inputBytes" : 12449601,
    "inputRecords" : 71622,
    "outputBytes" : 171589964,
    "outputRecords" : 7507818
  }, {
    "startTime" : 1404728781750,
    "attempts" : [ {
      "location" : {
        "layers" : [ "default-rack", "Slave6" ]
      },
      "hostName" : "/default-rack/Slave6",
      "result" : "SUCCESS",
      "startTime" : 1404727591035,
      "finishTime" : 1404727680335,
      "attemptID" : "attempt_201407020230_0594_m_000018_0",
      "shuffleFinished" : -1,
      "sortFinished" : -1,
      "hdfsBytesRead" : 12448786,
      "hdfsBytesWritten" : -1,
      "fileBytesRead" : 96059759,
      "fileBytesWritten" : 171992949,
      "mapInputRecords" : 74516,
      "mapOutputBytes" : 124196660,
      "mapOutputRecords" : 7543974,
      "combineInputRecords" : 12368360,
      "reduceInputGroups" : -1,
      "reduceInputRecords" : -1,
      "reduceShuffleBytes" : -1,
      "reduceOutputRecords" : -1,
      "spilledRecords" : 8505114,
      "mapInputBytes" : -1,
      "resourceUsageMetrics" : {
        "cumulativeCpuUsage" : 95860,
        "virtualMemoryUsage" : 1219305472,
        "physicalMemoryUsage" : 670433280,
        "heapUsage" : 584581120
      }
    } ],
    "finishTime" : 1404728871283,
    "preferredLocations" : [ {
      "layers" : [ "default-rack", "Master" ]
    }, {
      "layers" : [ "default-rack", "Slave5" ]
    }, {
      "layers" : [ "default-rack", "Slave6" ]
    } ],
    "taskType" : "MAP",
    "taskStatus" : "SUCCESS",
    "taskID" : "task_201407020230_0594_m_000018",
    "inputBytes" : 12448786,
    "inputRecords" : 74516,
    "outputBytes" : 171992949,
    "outputRecords" : 7543974
  }, {
    "startTime" : 1404728782105,
    "attempts" : [ {
      "location" : {
        "layers" : [ "default-rack", "Slave5" ]
      },
      "hostName" : "/default-rack/Slave5",
      "result" : "SUCCESS",
      "startTime" : 1404727144321,
      "finishTime" : 1404727229737,
      "attemptID" : "attempt_201407020230_0594_m_000019_0",
      "shuffleFinished" : -1,
      "sortFinished" : -1,
      "hdfsBytesRead" : 12444998,
      "hdfsBytesWritten" : -1,
      "fileBytesRead" : 96537213,
      "fileBytesWritten" : 173106905,
      "mapInputRecords" : 68058,
      "mapOutputBytes" : 124733734,
      "mapOutputRecords" : 7555196,
      "combineInputRecords" : 12393489,
      "reduceInputGroups" : -1,
      "reduceInputRecords" : -1,
      "reduceShuffleBytes" : -1,
      "reduceOutputRecords" : -1,
      "spilledRecords" : 8545121,
      "mapInputBytes" : -1,
      "resourceUsageMetrics" : {
        "cumulativeCpuUsage" : 92330,
        "virtualMemoryUsage" : 1219616768,
        "physicalMemoryUsage" : 678547456,
        "heapUsage" : 592445440
      }
    } ],
    "finishTime" : 1404728867754,
    "preferredLocations" : [ {
      "layers" : [ "default-rack", "Master" ]
    }, {
      "layers" : [ "default-rack", "Slave6" ]
    }, {
      "layers" : [ "default-rack", "Slave5" ]
    } ],
    "taskType" : "MAP",
    "taskStatus" : "SUCCESS",
    "taskID" : "task_201407020230_0594_m_000019",
    "inputBytes" : 12444998,
    "inputRecords" : 68058,
    "outputBytes" : 173106905,
    "outputRecords" : 7555196
  }, {
    "startTime" : 1404728782280,
    "attempts" : [ {
      "location" : {
        "layers" : [ "default-rack", "Slave3" ]
      },
      "hostName" : "/default-rack/Slave3",
      "result" : "SUCCESS",
      "startTime" : 1404727417486,
      "finishTime" : 1404727511783,
      "attemptID" : "attempt_201407020230_0594_m_000022_0",
      "shuffleFinished" : -1,
      "sortFinished" : -1,
      "hdfsBytesRead" : 12435796,
      "hdfsBytesWritten" : -1,
      "fileBytesRead" : 95766727,
      "fileBytesWritten" : 171530029,
      "mapInputRecords" : 70277,
      "mapOutputBytes" : 124313206,
      "mapOutputRecords" : 7514770,
      "combineInputRecords" : 12305069,
      "reduceInputGroups" : -1,
      "reduceInputRecords" : -1,
      "reduceShuffleBytes" : -1,
      "reduceOutputRecords" : -1,
      "spilledRecords" : 8448180,
      "mapInputBytes" : -1,
      "resourceUsageMetrics" : {
        "cumulativeCpuUsage" : 100990,
        "virtualMemoryUsage" : 1209049088,
        "physicalMemoryUsage" : 677974016,
        "heapUsage" : 591921152
      }
    } ],
    "finishTime" : 1404728876669,
    "preferredLocations" : [ {
      "layers" : [ "default-rack", "Master" ]
    }, {
      "layers" : [ "default-rack", "Slave3" ]
    }, {
      "layers" : [ "default-rack", "Slave5" ]
    } ],
    "taskType" : "MAP",
    "taskStatus" : "SUCCESS",
    "taskID" : "task_201407020230_0594_m_000022",
    "inputBytes" : 12435796,
    "inputRecords" : 70277,
    "outputBytes" : 171530029,
    "outputRecords" : 7514770
  }, {
    "startTime" : 1404728783615,
    "attempts" : [ {
      "location" : {
        "layers" : [ "default-rack", "Slave5" ]
      },
      "hostName" : "/default-rack/Slave5",
      "result" : "SUCCESS",
      "startTime" : 1404727145830,
      "finishTime" : 1404727233636,
      "attemptID" : "attempt_201407020230_0594_m_000021_0",
      "shuffleFinished" : -1,
      "sortFinished" : -1,
      "hdfsBytesRead" : 12438192,
      "hdfsBytesWritten" : -1,
      "fileBytesRead" : 95457901,
      "fileBytesWritten" : 171088169,
      "mapInputRecords" : 74508,
      "mapOutputBytes" : 124039240,
      "mapOutputRecords" : 7500172,
      "combineInputRecords" : 12271570,
      "reduceInputGroups" : -1,
      "reduceInputRecords" : -1,
      "reduceShuffleBytes" : -1,
      "reduceOutputRecords" : -1,
      "spilledRecords" : 8417560,
      "mapInputBytes" : -1,
      "resourceUsageMetrics" : {
        "cumulativeCpuUsage" : 94690,
        "virtualMemoryUsage" : 1220206592,
        "physicalMemoryUsage" : 677806080,
        "heapUsage" : 575143936
      }
    } ],
    "finishTime" : 1404728871673,
    "preferredLocations" : [ {
      "layers" : [ "default-rack", "Master" ]
    }, {
      "layers" : [ "default-rack", "Slave6" ]
    }, {
      "layers" : [ "default-rack", "Slave5" ]
    } ],
    "taskType" : "MAP",
    "taskStatus" : "SUCCESS",
    "taskID" : "task_201407020230_0594_m_000021",
    "inputBytes" : 12438192,
    "inputRecords" : 74508,
    "outputBytes" : 171088169,
    "outputRecords" : 7500172
  }, {
    "startTime" : 1404728785002,
    "attempts" : [ {
      "location" : {
        "layers" : [ "default-rack", "Slave3" ]
      },
      "hostName" : "/default-rack/Slave3",
      "result" : "SUCCESS",
      "startTime" : 1404727420211,
      "finishTime" : 1404727513744,
      "attemptID" : "attempt_201407020230_0594_m_000031_0",
      "shuffleFinished" : -1,
      "sortFinished" : -1,
      "hdfsBytesRead" : 12288755,
      "hdfsBytesWritten" : -1,
      "fileBytesRead" : 94587092,
      "fileBytesWritten" : 169361495,
      "mapInputRecords" : 64633,
      "mapOutputBytes" : 123285052,
      "mapOutputRecords" : 7452768,
      "combineInputRecords" : 12183246,
      "reduceInputGroups" : -1,
      "reduceInputRecords" : -1,
      "reduceShuffleBytes" : -1,
      "reduceOutputRecords" : -1,
      "spilledRecords" : 8342578,
      "mapInputBytes" : -1,
      "resourceUsageMetrics" : {
        "cumulativeCpuUsage" : 100370,
        "virtualMemoryUsage" : 1219678208,
        "physicalMemoryUsage" : 683384832,
        "heapUsage" : 598212608
      }
    } ],
    "finishTime" : 1404728878786,
    "preferredLocations" : [ {
      "layers" : [ "default-rack", "Master" ]
    }, {
      "layers" : [ "default-rack", "Slave5" ]
    }, {
      "layers" : [ "default-rack", "Slave3" ]
    } ],
    "taskType" : "MAP",
    "taskStatus" : "SUCCESS",
    "taskID" : "task_201407020230_0594_m_000031",
    "inputBytes" : 12288755,
    "inputRecords" : 64633,
    "outputBytes" : 169361495,
    "outputRecords" : 7452768
  }, {
    "startTime" : 1404728824181,
    "attempts" : [ {
      "location" : {
        "layers" : [ "default-rack", "Slave4" ]
      },
      "hostName" : "/default-rack/Slave4",
      "result" : "SUCCESS",
      "startTime" : 1404639661884,
      "finishTime" : 1404639778974,
      "attemptID" : "attempt_201407020230_0594_m_000030_0",
      "shuffleFinished" : -1,
      "sortFinished" : -1,
      "hdfsBytesRead" : 12311829,
      "hdfsBytesWritten" : -1,
      "fileBytesRead" : 94806328,
      "fileBytesWritten" : 170017430,
      "mapInputRecords" : 67951,
      "mapOutputBytes" : 123101648,
      "mapOutputRecords" : 7431706,
      "combineInputRecords" : 12171942,
      "reduceInputGroups" : -1,
      "reduceInputRecords" : -1,
      "reduceShuffleBytes" : -1,
      "reduceOutputRecords" : -1,
      "spilledRecords" : 8371763,
      "mapInputBytes" : -1,
      "resourceUsageMetrics" : {
        "cumulativeCpuUsage" : 125570,
        "virtualMemoryUsage" : 1221070848,
        "physicalMemoryUsage" : 680706048,
        "heapUsage" : 594542592
      }
    }, {
      "location" : null,
      "hostName" : null,
      "result" : "KILLED",
      "startTime" : 1404728857005,
      "finishTime" : 1404728944159,
      "attemptID" : "attempt_201407020230_0594_m_000030_1",
      "shuffleFinished" : -1,
      "sortFinished" : -1,
      "hdfsBytesRead" : -1,
      "hdfsBytesWritten" : -1,
      "fileBytesRead" : -1,
      "fileBytesWritten" : -1,
      "mapInputRecords" : -1,
      "mapOutputBytes" : -1,
      "mapOutputRecords" : -1,
      "combineInputRecords" : -1,
      "reduceInputGroups" : -1,
      "reduceInputRecords" : -1,
      "reduceShuffleBytes" : -1,
      "reduceOutputRecords" : -1,
      "spilledRecords" : -1,
      "mapInputBytes" : -1,
      "resourceUsageMetrics" : {
        "cumulativeCpuUsage" : 0,
        "virtualMemoryUsage" : 0,
        "physicalMemoryUsage" : 0,
        "heapUsage" : 0
      }
    } ],
    "finishTime" : 1404728941516,
    "preferredLocations" : [ {
      "layers" : [ "default-rack", "Master" ]
    }, {
      "layers" : [ "default-rack", "Slave4" ]
    }, {
      "layers" : [ "default-rack", "Slave6" ]
    } ],
    "taskType" : "MAP",
    "taskStatus" : "SUCCESS",
    "taskID" : "task_201407020230_0594_m_000030",
    "inputBytes" : 12311829,
    "inputRecords" : 67951,
    "outputBytes" : 170017430,
    "outputRecords" : 7431706
  }, {
    "startTime" : 1404728827822,
    "attempts" : [ {
      "location" : {
        "layers" : [ "default-rack", "Slave4" ]
      },
      "hostName" : "/default-rack/Slave4",
      "result" : "SUCCESS",
      "startTime" : 1404639665526,
      "finishTime" : 1404639686510,
      "attemptID" : "attempt_201407020230_0594_m_000034_0",
      "shuffleFinished" : -1,
      "sortFinished" : -1,
      "hdfsBytesRead" : 2128092,
      "hdfsBytesWritten" : -1,
      "fileBytesRead" : 16750780,
      "fileBytesWritten" : 33528168,
      "mapInputRecords" : 11585,
      "mapOutputBytes" : 21375000,
      "mapOutputRecords" : 1302192,
      "combineInputRecords" : 1302192,
      "reduceInputGroups" : -1,
      "reduceInputRecords" : -1,
      "reduceShuffleBytes" : -1,
      "reduceOutputRecords" : -1,
      "spilledRecords" : 1688920,
      "mapInputBytes" : -1,
      "resourceUsageMetrics" : {
        "cumulativeCpuUsage" : 22470,
        "virtualMemoryUsage" : 1216700416,
        "physicalMemoryUsage" : 682569728,
        "heapUsage" : 522190848
      }
    } ],
    "finishTime" : 1404728848985,
    "preferredLocations" : [ {
      "layers" : [ "default-rack", "Master" ]
    }, {
      "layers" : [ "default-rack", "Slave4" ]
    }, {
      "layers" : [ "default-rack", "Slave3" ]
    } ],
    "taskType" : "MAP",
    "taskStatus" : "SUCCESS",
    "taskID" : "task_201407020230_0594_m_000034",
    "inputBytes" : 2128092,
    "inputRecords" : 11585,
    "outputBytes" : 33528168,
    "outputRecords" : 1302192
  }, {
    "startTime" : 1404728848986,
    "attempts" : [ {
      "location" : {
        "layers" : [ "default-rack", "Slave2" ]
      },
      "hostName" : "/default-rack/Slave2",
      "result" : "SUCCESS",
      "startTime" : 1404729352335,
      "finishTime" : 1404729444169,
      "attemptID" : "attempt_201407020230_0594_m_000029_1",
      "shuffleFinished" : -1,
      "sortFinished" : -1,
      "hdfsBytesRead" : 12328737,
      "hdfsBytesWritten" : -1,
      "fileBytesRead" : 94803643,
      "fileBytesWritten" : 170029493,
      "mapInputRecords" : 72713,
      "mapOutputBytes" : 123026920,
      "mapOutputRecords" : 7440636,
      "combineInputRecords" : 12180204,
      "reduceInputGroups" : -1,
      "reduceInputRecords" : -1,
      "reduceShuffleBytes" : -1,
      "reduceOutputRecords" : -1,
      "spilledRecords" : 8368020,
      "mapInputBytes" : -1,
      "resourceUsageMetrics" : {
        "cumulativeCpuUsage" : 98560,
        "virtualMemoryUsage" : 1209393152,
        "physicalMemoryUsage" : 696045568,
        "heapUsage" : 610271232
      }
    }, {
      "location" : null,
      "hostName" : null,
      "result" : "KILLED",
      "startTime" : 1404639686689,
      "finishTime" : 1404639788972,
      "attemptID" : "attempt_201407020230_0594_m_000029_0",
      "shuffleFinished" : -1,
      "sortFinished" : -1,
      "hdfsBytesRead" : -1,
      "hdfsBytesWritten" : -1,
      "fileBytesRead" : -1,
      "fileBytesWritten" : -1,
      "mapInputRecords" : -1,
      "mapOutputBytes" : -1,
      "mapOutputRecords" : -1,
      "combineInputRecords" : -1,
      "reduceInputGroups" : -1,
      "reduceInputRecords" : -1,
      "reduceShuffleBytes" : -1,
      "reduceOutputRecords" : -1,
      "spilledRecords" : -1,
      "mapInputBytes" : -1,
      "resourceUsageMetrics" : {
        "cumulativeCpuUsage" : 0,
        "virtualMemoryUsage" : 0,
        "physicalMemoryUsage" : 0,
        "heapUsage" : 0
      }
    } ],
    "finishTime" : 1404728948335,
    "preferredLocations" : [ {
      "layers" : [ "default-rack", "Master" ]
    }, {
      "layers" : [ "default-rack", "Slave2" ]
    }, {
      "layers" : [ "default-rack", "Slave1" ]
    } ],
    "taskType" : "MAP",
    "taskStatus" : "SUCCESS",
    "taskID" : "task_201407020230_0594_m_000029",
    "inputBytes" : 12328737,
    "inputRecords" : 72713,
    "outputBytes" : 170029493,
    "outputRecords" : 7440636
  }, {
    "startTime" : 1404728855672,
    "attempts" : [ {
      "location" : {
        "layers" : [ "default-rack", "Slave7" ]
      },
      "hostName" : "/default-rack/Slave7",
      "result" : "SUCCESS",
      "startTime" : 1404728852388,
      "finishTime" : 1404728931485,
      "attemptID" : "attempt_201407020230_0594_m_000032_0",
      "shuffleFinished" : -1,
      "sortFinished" : -1,
      "hdfsBytesRead" : 12075278,
      "hdfsBytesWritten" : -1,
      "fileBytesRead" : 93763210,
      "fileBytesWritten" : 168229154,
      "mapInputRecords" : 63723,
      "mapOutputBytes" : 121122984,
      "mapOutputRecords" : 7324142,
      "combineInputRecords" : 12016314,
      "reduceInputGroups" : -1,
      "reduceInputRecords" : -1,
      "reduceShuffleBytes" : -1,
      "reduceOutputRecords" : -1,
      "spilledRecords" : 8291238,
      "mapInputBytes" : -1,
      "resourceUsageMetrics" : {
        "cumulativeCpuUsage" : 85770,
        "virtualMemoryUsage" : 1219923968,
        "physicalMemoryUsage" : 694763520,
        "heapUsage" : 607649792
      }
    }, {
      "location" : null,
      "hostName" : null,
      "result" : "KILLED",
      "startTime" : 1404728443403,
      "finishTime" : 1404728523955,
      "attemptID" : "attempt_201407020230_0594_m_000032_1",
      "shuffleFinished" : -1,
      "sortFinished" : -1,
      "hdfsBytesRead" : -1,
      "hdfsBytesWritten" : -1,
      "fileBytesRead" : -1,
      "fileBytesWritten" : -1,
      "mapInputRecords" : -1,
      "mapOutputBytes" : -1,
      "mapOutputRecords" : -1,
      "combineInputRecords" : -1,
      "reduceInputGroups" : -1,
      "reduceInputRecords" : -1,
      "reduceShuffleBytes" : -1,
      "reduceOutputRecords" : -1,
      "spilledRecords" : -1,
      "mapInputBytes" : -1,
      "resourceUsageMetrics" : {
        "cumulativeCpuUsage" : 0,
        "virtualMemoryUsage" : 0,
        "physicalMemoryUsage" : 0,
        "heapUsage" : 0
      }
    } ],
    "finishTime" : 1404728934943,
    "preferredLocations" : [ {
      "layers" : [ "default-rack", "Master" ]
    }, {
      "layers" : [ "default-rack", "Slave2" ]
    }, {
      "layers" : [ "default-rack", "Slave3" ]
    } ],
    "taskType" : "MAP",
    "taskStatus" : "SUCCESS",
    "taskID" : "task_201407020230_0594_m_000032",
    "inputBytes" : 12075278,
    "inputRecords" : 63723,
    "outputBytes" : 168229154,
    "outputRecords" : 7324142
  }, {
    "startTime" : 1404728855956,
    "attempts" : [ {
      "location" : {
        "layers" : [ "default-rack", "Slave2" ]
      },
      "hostName" : "/default-rack/Slave2",
      "result" : "SUCCESS",
      "startTime" : 1404729352033,
      "finishTime" : 1404729440815,
      "attemptID" : "attempt_201407020230_0594_m_000033_0",
      "shuffleFinished" : -1,
      "sortFinished" : -1,
      "hdfsBytesRead" : 11856605,
      "hdfsBytesWritten" : -1,
      "fileBytesRead" : 92371183,
      "fileBytesWritten" : 165826543,
      "mapInputRecords" : 63860,
      "mapOutputBytes" : 118874456,
      "mapOutputRecords" : 7200068,
      "combineInputRecords" : 11830636,
      "reduceInputGroups" : -1,
      "reduceInputRecords" : -1,
      "reduceShuffleBytes" : -1,
      "reduceOutputRecords" : -1,
      "spilledRecords" : 8184943,
      "mapInputBytes" : -1,
      "resourceUsageMetrics" : {
        "cumulativeCpuUsage" : 94580,
        "virtualMemoryUsage" : 1209389056,
        "physicalMemoryUsage" : 696238080,
        "heapUsage" : 559415296
      }
    }, {
      "location" : null,
      "hostName" : null,
      "result" : "KILLED",
      "startTime" : 1404728442498,
      "finishTime" : 1404728534037,
      "attemptID" : "attempt_201407020230_0594_m_000033_1",
      "shuffleFinished" : -1,
      "sortFinished" : -1,
      "hdfsBytesRead" : -1,
      "hdfsBytesWritten" : -1,
      "fileBytesRead" : -1,
      "fileBytesWritten" : -1,
      "mapInputRecords" : -1,
      "mapOutputBytes" : -1,
      "mapOutputRecords" : -1,
      "combineInputRecords" : -1,
      "reduceInputGroups" : -1,
      "reduceInputRecords" : -1,
      "reduceShuffleBytes" : -1,
      "reduceOutputRecords" : -1,
      "spilledRecords" : -1,
      "mapInputBytes" : -1,
      "resourceUsageMetrics" : {
        "cumulativeCpuUsage" : 0,
        "virtualMemoryUsage" : 0,
        "physicalMemoryUsage" : 0,
        "heapUsage" : 0
      }
    } ],
    "finishTime" : 1404728945016,
    "preferredLocations" : [ {
      "layers" : [ "default-rack", "Master" ]
    }, {
      "layers" : [ "default-rack", "Slave1" ]
    }, {
      "layers" : [ "default-rack", "Slave2" ]
    } ],
    "taskType" : "MAP",
    "taskStatus" : "SUCCESS",
    "taskID" : "task_201407020230_0594_m_000033",
    "inputBytes" : 11856605,
    "inputRecords" : 63860,
    "outputBytes" : 165826543,
    "outputRecords" : 7200068
  } ],
  "finishTime" : 1404729091934,
  "reduceTasks" : [ {
    "startTime" : 1404728761606,
    "attempts" : [ {
      "location" : {
        "layers" : [ "default-rack", "Master" ]
      },
      "hostName" : "/default-rack/Master",
      "result" : "SUCCESS",
      "startTime" : 1404728761610,
      "finishTime" : 1404729068339,
      "attemptID" : "attempt_201407020230_0594_r_000000_0",
      "shuffleFinished" : 1404728950955,
      "sortFinished" : 1404728951120,
      "hdfsBytesRead" : -1,
      "hdfsBytesWritten" : 701935365,
      "fileBytesRead" : 342505771,
      "fileBytesWritten" : 342565145,
      "mapInputRecords" : -1,
      "mapOutputBytes" : -1,
      "mapOutputRecords" : -1,
      "combineInputRecords" : 22539512,
      "reduceInputGroups" : 18134309,
      "reduceInputRecords" : 24625663,
      "reduceShuffleBytes" : 667751098,
      "reduceOutputRecords" : 18134309,
      "spilledRecords" : 15465298,
      "mapInputBytes" : -1,
      "resourceUsageMetrics" : {
        "cumulativeCpuUsage" : 264930,
        "virtualMemoryUsage" : 1124126720,
        "physicalMemoryUsage" : 613109760,
        "heapUsage" : 523763712
      }
    } ],
    "finishTime" : 1404729068527,
    "preferredLocations" : [ ],
    "taskType" : "REDUCE",
    "taskStatus" : "SUCCESS",
    "taskID" : "task_201407020230_0594_r_000000",
    "inputBytes" : 667751098,
    "inputRecords" : 24625663,
    "outputBytes" : 701935365,
    "outputRecords" : 18134309
  }, {
    "startTime" : 1404728761631,
    "attempts" : [ {
      "location" : {
        "layers" : [ "default-rack", "Slave4" ]
      },
      "hostName" : "/default-rack/Slave4",
      "result" : "SUCCESS",
      "startTime" : 1404639599340,
      "finishTime" : 1404639928475,
      "attemptID" : "attempt_201407020230_0594_r_000001_0",
      "shuffleFinished" : 1404639790823,
      "sortFinished" : 1404639791031,
      "hdfsBytesRead" : -1,
      "hdfsBytesWritten" : 673189376,
      "fileBytesRead" : 326081768,
      "fileBytesWritten" : 326141142,
      "mapInputRecords" : -1,
      "mapOutputBytes" : -1,
      "mapOutputRecords" : -1,
      "combineInputRecords" : 22310206,
      "reduceInputGroups" : 17787671,
      "reduceInputRecords" : 24296177,
      "reduceShuffleBytes" : 645116395,
      "reduceOutputRecords" : 17787671,
      "spilledRecords" : 15221186,
      "mapInputBytes" : -1,
      "resourceUsageMetrics" : {
        "cumulativeCpuUsage" : 347990,
        "virtualMemoryUsage" : 1116147712,
        "physicalMemoryUsage" : 599855104,
        "heapUsage" : 510656512
      }
    } ],
    "finishTime" : 1404729091025,
    "preferredLocations" : [ ],
    "taskType" : "REDUCE",
    "taskStatus" : "SUCCESS",
    "taskID" : "task_201407020230_0594_r_000001",
    "inputBytes" : 645116395,
    "inputRecords" : 24296177,
    "outputBytes" : 673189376,
    "outputRecords" : 17787671
  }, {
    "startTime" : 1404728761724,
    "attempts" : [ {
      "location" : {
        "layers" : [ "default-rack", "Slave3" ]
      },
      "hostName" : "/default-rack/Slave3",
      "result" : "SUCCESS",
      "startTime" : 1404727396932,
      "finishTime" : 1404727694668,
      "attemptID" : "attempt_201407020230_0594_r_000002_0",
      "shuffleFinished" : 1404727587314,
      "sortFinished" : 1404727587444,
      "hdfsBytesRead" : -1,
      "hdfsBytesWritten" : 673592272,
      "fileBytesRead" : 326221873,
      "fileBytesWritten" : 326281247,
      "mapInputRecords" : -1,
      "mapOutputBytes" : -1,
      "mapOutputRecords" : -1,
      "combineInputRecords" : 22292633,
      "reduceInputGroups" : 17796368,
      "reduceInputRecords" : 24287358,
      "reduceShuffleBytes" : 644785592,
      "reduceOutputRecords" : 17796368,
      "spilledRecords" : 15223933,
      "mapInputBytes" : -1,
      "resourceUsageMetrics" : {
        "cumulativeCpuUsage" : 265230,
        "virtualMemoryUsage" : 1122562048,
        "physicalMemoryUsage" : 614297600,
        "heapUsage" : 523763712
      }
    } ],
    "finishTime" : 1404729059558,
    "preferredLocations" : [ ],
    "taskType" : "REDUCE",
    "taskStatus" : "SUCCESS",
    "taskID" : "task_201407020230_0594_r_000002",
    "inputBytes" : 644785592,
    "inputRecords" : 24287358,
    "outputBytes" : 673592272,
    "outputRecords" : 17796368
  }, {
    "startTime" : 1404728761746,
    "attempts" : [ {
      "location" : {
        "layers" : [ "default-rack", "Slave1" ]
      },
      "hostName" : "/default-rack/Slave1",
      "result" : "SUCCESS",
      "startTime" : 1404728347078,
      "finishTime" : 1404728650818,
      "attemptID" : "attempt_201407020230_0594_r_000003_0",
      "shuffleFinished" : 1404728538306,
      "sortFinished" : 1404728538467,
      "hdfsBytesRead" : -1,
      "hdfsBytesWritten" : 673184321,
      "fileBytesRead" : 326066441,
      "fileBytesWritten" : 326125815,
      "mapInputRecords" : -1,
      "mapOutputBytes" : -1,
      "mapOutputRecords" : -1,
      "combineInputRecords" : 22310062,
      "reduceInputGroups" : 17787507,
      "reduceInputRecords" : 24295323,
      "reduceShuffleBytes" : 645114376,
      "reduceOutputRecords" : 17787507,
      "spilledRecords" : 15220317,
      "mapInputBytes" : -1,
      "resourceUsageMetrics" : {
        "cumulativeCpuUsage" : 260040,
        "virtualMemoryUsage" : 1108766720,
        "physicalMemoryUsage" : 613720064,
        "heapUsage" : 523763712
      }
    } ],
    "finishTime" : 1404729065759,
    "preferredLocations" : [ ],
    "taskType" : "REDUCE",
    "taskStatus" : "SUCCESS",
    "taskID" : "task_201407020230_0594_r_000003",
    "inputBytes" : 645114376,
    "inputRecords" : 24295323,
    "outputBytes" : 673184321,
    "outputRecords" : 17787507
  } ],
  "submitTime" : 1404728646120,
  "launchTime" : 1404728646208,
  "totalMaps" : 35,
  "totalReduces" : 4,
  "otherTasks" : [ {
    "startTime" : 1404728646236,
    "attempts" : [ {
      "location" : {
        "layers" : [ "default-rack", "Slave4" ]
      },
      "hostName" : "/default-rack/Slave4",
      "result" : "SUCCESS",
      "startTime" : 1404639484059,
      "finishTime" : 1404639485992,
      "attemptID" : "attempt_201407020230_0594_m_000036_0",
      "shuffleFinished" : -1,
      "sortFinished" : -1,
      "hdfsBytesRead" : -1,
      "hdfsBytesWritten" : -1,
      "fileBytesRead" : -1,
      "fileBytesWritten" : 59468,
      "mapInputRecords" : -1,
      "mapOutputBytes" : -1,
      "mapOutputRecords" : -1,
      "combineInputRecords" : -1,
      "reduceInputGroups" : -1,
      "reduceInputRecords" : -1,
      "reduceShuffleBytes" : -1,
      "reduceOutputRecords" : -1,
      "spilledRecords" : 0,
      "mapInputBytes" : -1,
      "resourceUsageMetrics" : {
        "cumulativeCpuUsage" : 230,
        "virtualMemoryUsage" : 1219457024,
        "physicalMemoryUsage" : 123105280,
        "heapUsage" : 504889344
      }
    } ],
    "finishTime" : 1404728648354,
    "preferredLocations" : [ ],
    "taskType" : "SETUP",
    "taskStatus" : "SUCCESS",
    "taskID" : "task_201407020230_0594_m_000036",
    "inputBytes" : -1,
    "inputRecords" : -1,
    "outputBytes" : -1,
    "outputRecords" : -1
  }, {
    "startTime" : 1404729091027,
    "attempts" : [ {
      "location" : {
        "layers" : [ "default-rack", "Slave4" ]
      },
      "hostName" : "/default-rack/Slave4",
      "result" : "SUCCESS",
      "startTime" : 1404639928716,
      "finishTime" : 1404639929488,
      "attemptID" : "attempt_201407020230_0594_m_000035_0",
      "shuffleFinished" : -1,
      "sortFinished" : -1,
      "hdfsBytesRead" : -1,
      "hdfsBytesWritten" : -1,
      "fileBytesRead" : -1,
      "fileBytesWritten" : 59468,
      "mapInputRecords" : -1,
      "mapOutputBytes" : -1,
      "mapOutputRecords" : -1,
      "combineInputRecords" : -1,
      "reduceInputGroups" : -1,
      "reduceInputRecords" : -1,
      "reduceShuffleBytes" : -1,
      "reduceOutputRecords" : -1,
      "spilledRecords" : 0,
      "mapInputBytes" : -1,
      "resourceUsageMetrics" : {
        "cumulativeCpuUsage" : 160,
        "virtualMemoryUsage" : 1216704512,
        "physicalMemoryUsage" : 145694720,
        "heapUsage" : 504889344
      }
    } ],
    "finishTime" : 1404729091933,
    "preferredLocations" : [ ],
    "taskType" : "CLEANUP",
    "taskStatus" : "SUCCESS",
    "taskID" : "task_201407020230_0594_m_000035",
    "inputBytes" : -1,
    "inputRecords" : -1,
    "outputBytes" : -1,
    "outputRecords" : -1
  } ],
  "successfulMapAttemptCDFs" : [ {
    "maximum" : 179168,
    "minimum" : 20984,
    "rankings" : [ {
      "datum" : 20984,
      "relativeRanking" : 0.05
    }, {
      "datum" : 83418,
      "relativeRanking" : 0.1
    }, {
      "datum" : 87806,
      "relativeRanking" : 0.15
    }, {
      "datum" : 88641,
      "relativeRanking" : 0.2
    }, {
      "datum" : 89300,
      "relativeRanking" : 0.25
    }, {
      "datum" : 93533,
      "relativeRanking" : 0.3
    }, {
      "datum" : 94047,
      "relativeRanking" : 0.35
    }, {
      "datum" : 94534,
      "relativeRanking" : 0.4
    }, {
      "datum" : 95151,
      "relativeRanking" : 0.45
    }, {
      "datum" : 96030,
      "relativeRanking" : 0.5
    }, {
      "datum" : 112036,
      "relativeRanking" : 0.55
    }, {
      "datum" : 112916,
      "relativeRanking" : 0.6
    }, {
      "datum" : 114031,
      "relativeRanking" : 0.65
    }, {
      "datum" : 114337,
      "relativeRanking" : 0.7
    }, {
      "datum" : 123285,
      "relativeRanking" : 0.75
    }, {
      "datum" : 132130,
      "relativeRanking" : 0.8
    }, {
      "datum" : 132973,
      "relativeRanking" : 0.85
    }, {
      "datum" : 133766,
      "relativeRanking" : 0.9
    }, {
      "datum" : 136226,
      "relativeRanking" : 0.95
    } ],
    "numberValues" : 34
  }, {
    "maximum" : 79097,
    "minimum" : 79097,
    "rankings" : [ {
      "datum" : 79097,
      "relativeRanking" : 0.05
    }, {
      "datum" : 79097,
      "relativeRanking" : 0.1
    }, {
      "datum" : 79097,
      "relativeRanking" : 0.15
    }, {
      "datum" : 79097,
      "relativeRanking" : 0.2
    }, {
      "datum" : 79097,
      "relativeRanking" : 0.25
    }, {
      "datum" : 79097,
      "relativeRanking" : 0.3
    }, {
      "datum" : 79097,
      "relativeRanking" : 0.35
    }, {
      "datum" : 79097,
      "relativeRanking" : 0.4
    }, {
      "datum" : 79097,
      "relativeRanking" : 0.45
    }, {
      "datum" : 79097,
      "relativeRanking" : 0.5
    }, {
      "datum" : 79097,
      "relativeRanking" : 0.55
    }, {
      "datum" : 79097,
      "relativeRanking" : 0.6
    }, {
      "datum" : 79097,
      "relativeRanking" : 0.65
    }, {
      "datum" : 79097,
      "relativeRanking" : 0.7
    }, {
      "datum" : 79097,
      "relativeRanking" : 0.75
    }, {
      "datum" : 79097,
      "relativeRanking" : 0.8
    }, {
      "datum" : 79097,
      "relativeRanking" : 0.85
    }, {
      "datum" : 79097,
      "relativeRanking" : 0.9
    }, {
      "datum" : 79097,
      "relativeRanking" : 0.95
    } ],
    "numberValues" : 1
  }, {
    "maximum" : 9223372036854775807,
    "minimum" : -9223372036854775808,
    "rankings" : [ ],
    "numberValues" : 0
  }, {
    "maximum" : 9223372036854775807,
    "minimum" : -9223372036854775808,
    "rankings" : [ ],
    "numberValues" : 0
  } ],
  "failedMapAttemptCDFs" : [ {
    "maximum" : 9223372036854775807,
    "minimum" : -9223372036854775808,
    "rankings" : [ ],
    "numberValues" : 0
  }, {
    "maximum" : 9223372036854775807,
    "minimum" : -9223372036854775808,
    "rankings" : [ ],
    "numberValues" : 0
  }, {
    "maximum" : 9223372036854775807,
    "minimum" : -9223372036854775808,
    "rankings" : [ ],
    "numberValues" : 0
  }, {
    "maximum" : 9223372036854775807,
    "minimum" : -9223372036854775808,
    "rankings" : [ ],
    "numberValues" : 0
  } ],
  "successfulReduceAttemptCDF" : {
    "maximum" : 329135,
    "minimum" : 297736,
    "rankings" : [ {
      "datum" : 297736,
      "relativeRanking" : 0.05
    }, {
      "datum" : 297736,
      "relativeRanking" : 0.1
    }, {
      "datum" : 297736,
      "relativeRanking" : 0.15
    }, {
      "datum" : 297736,
      "relativeRanking" : 0.2
    }, {
      "datum" : 297736,
      "relativeRanking" : 0.25
    }, {
      "datum" : 297736,
      "relativeRanking" : 0.3
    }, {
      "datum" : 297736,
      "relativeRanking" : 0.35
    }, {
      "datum" : 297736,
      "relativeRanking" : 0.4
    }, {
      "datum" : 297736,
      "relativeRanking" : 0.45
    }, {
      "datum" : 303740,
      "relativeRanking" : 0.5
    }, {
      "datum" : 303740,
      "relativeRanking" : 0.55
    }, {
      "datum" : 303740,
      "relativeRanking" : 0.6
    }, {
      "datum" : 303740,
      "relativeRanking" : 0.65
    }, {
      "datum" : 303740,
      "relativeRanking" : 0.7
    }, {
      "datum" : 306729,
      "relativeRanking" : 0.75
    }, {
      "datum" : 306729,
      "relativeRanking" : 0.8
    }, {
      "datum" : 306729,
      "relativeRanking" : 0.85
    }, {
      "datum" : 306729,
      "relativeRanking" : 0.9
    }, {
      "datum" : 306729,
      "relativeRanking" : 0.95
    } ],
    "numberValues" : 4
  },
  "failedReduceAttemptCDF" : {
    "maximum" : 9223372036854775807,
    "minimum" : -9223372036854775808,
    "rankings" : [ ],
    "numberValues" : 0
  },
  "mapperTriesToSucceed" : [ 0.9714285714285714, 0.02857142857142857 ],
  "failedMapperFraction" : 0.0,
  "relativeTime" : 0,
  "clusterMapMB" : -1,
  "clusterReduceMB" : -1,
  "jobMapMB" : 200,
  "jobReduceMB" : 200
}