{
  "jobID" : "job_201407020230_0511",
  "user" : "trend-hadoop",
  "jobName" : "pairs-co-occur",
  "failedReduceAttemptCDF" : {
    "minimum" : -9223372036854775808,
    "maximum" : 9223372036854775807,
    "rankings" : [ ],
    "numberValues" : 0
  },
  "mapperTriesToSucceed" : [ 1.0 ],
  "failedMapperFraction" : 0.0,
  "relativeTime" : 0,
  "clusterMapMB" : -1,
  "clusterReduceMB" : -1,
  "jobMapMB" : 200,
  "jobReduceMB" : 200,
  "mapTasks" : [ {
    "startTime" : 1404655855690,
    "attempts" : [ {
      "result" : "SUCCESS",
      "startTime" : 1404654220696,
      "finishTime" : 1404654354894,
      "attemptID" : "attempt_201407020230_0511_m_000000_0",
      "shuffleFinished" : -1,
      "sortFinished" : -1,
      "hdfsBytesRead" : 12575747,
      "hdfsBytesWritten" : -1,
      "fileBytesRead" : 129290250,
      "fileBytesWritten" : 205354085,
      "mapInputRecords" : 70292,
      "mapOutputBytes" : 125852860,
      "mapOutputRecords" : 7625586,
      "combineInputRecords" : 12612055,
      "reduceInputGroups" : -1,
      "reduceInputRecords" : -1,
      "reduceShuffleBytes" : -1,
      "reduceOutputRecords" : -1,
      "spilledRecords" : 10198378,
      "mapInputBytes" : -1,
      "resourceUsageMetrics" : {
        "cumulativeCpuUsage" : 156290,
        "virtualMemoryUsage" : 1430220800,
        "physicalMemoryUsage" : 683642880,
        "heapUsage" : 819986432
      },
      "location" : {
        "layers" : [ "default-rack", "Slave5" ]
      },
      "hostName" : "/default-rack/Slave5"
    } ],
    "finishTime" : 1404655989909,
    "preferredLocations" : [ {
      "layers" : [ "default-rack", "Master" ]
    }, {
      "layers" : [ "default-rack", "Slave5" ]
    }, {
      "layers" : [ "default-rack", "Slave7" ]
    } ],
    "taskType" : "MAP",
    "taskStatus" : "SUCCESS",
    "taskID" : "task_201407020230_0511_m_000000",
    "inputBytes" : 12575747,
    "inputRecords" : 70292,
    "outputBytes" : 205354085,
    "outputRecords" : 7625586
  }, {
    "startTime" : 1404655855691,
    "attempts" : [ {
      "result" : "SUCCESS",
      "startTime" : 1404654220696,
      "finishTime" : 1404654354393,
      "attemptID" : "attempt_201407020230_0511_m_000008_0",
      "shuffleFinished" : -1,
      "sortFinished" : -1,
      "hdfsBytesRead" : 12523520,
      "hdfsBytesWritten" : -1,
      "fileBytesRead" : 130500327,
      "fileBytesWritten" : 206945204,
      "mapInputRecords" : 69336,
      "mapOutputBytes" : 125405284,
      "mapOutputRecords" : 7592280,
      "combineInputRecords" : 12607782,
      "reduceInputGroups" : -1,
      "reduceInputRecords" : -1,
      "reduceShuffleBytes" : -1,
      "reduceOutputRecords" : -1,
      "spilledRecords" : 10266942,
      "mapInputBytes" : -1,
      "resourceUsageMetrics" : {
        "cumulativeCpuUsage" : 154220,
        "virtualMemoryUsage" : 1434935296,
        "physicalMemoryUsage" : 687390720,
        "heapUsage" : 819986432
      },
      "location" : {
        "layers" : [ "default-rack", "Slave5" ]
      },
      "hostName" : "/default-rack/Slave5"
    } ],
    "finishTime" : 1404655989606,
    "preferredLocations" : [ {
      "layers" : [ "default-rack", "Master" ]
    }, {
      "layers" : [ "default-rack", "Slave4" ]
    }, {
      "layers" : [ "default-rack", "Slave5" ]
    } ],
    "taskType" : "MAP",
    "taskStatus" : "SUCCESS",
    "taskID" : "task_201407020230_0511_m_000008",
    "inputBytes" : 12523520,
    "inputRecords" : 69336,
    "outputBytes" : 206945204,
    "outputRecords" : 7592280
  }, {
    "startTime" : 1404655855697,
    "attempts" : [ {
      "result" : "SUCCESS",
      "startTime" : 1404655855790,
      "finishTime" : 1404655975685,
      "attemptID" : "attempt_201407020230_0511_m_000001_0",
      "shuffleFinished" : -1,
      "sortFinished" : -1,
      "hdfsBytesRead" : 12555263,
      "hdfsBytesWritten" : -1,
      "fileBytesRead" : 130807150,
      "fileBytesWritten" : 207874817,
      "mapInputRecords" : 69442,
      "mapOutputBytes" : 125838118,
      "mapOutputRecords" : 7636470,
      "combineInputRecords" : 12689382,
      "reduceInputGroups" : -1,
      "reduceInputRecords" : -1,
      "reduceShuffleBytes" : -1,
      "reduceOutputRecords" : -1,
      "spilledRecords" : 10332399,
      "mapInputBytes" : -1,
      "resourceUsageMetrics" : {
        "cumulativeCpuUsage" : 144490,
        "virtualMemoryUsage" : 1432276992,
        "physicalMemoryUsage" : 662736896,
        "heapUsage" : 806354944
      },
      "location" : {
        "layers" : [ "default-rack", "Master" ]
      },
      "hostName" : "/default-rack/Master"
    } ],
    "finishTime" : 1404655975791,
    "preferredLocations" : [ {
      "layers" : [ "default-rack", "Master" ]
    }, {
      "layers" : [ "default-rack", "Slave3" ]
    }, {
      "layers" : [ "default-rack", "Slave4" ]
    } ],
    "taskType" : "MAP",
    "taskStatus" : "SUCCESS",
    "taskID" : "task_201407020230_0511_m_000001",
    "inputBytes" : 12555263,
    "inputRecords" : 69442,
    "outputBytes" : 207874817,
    "outputRecords" : 7636470
  }, {
    "startTime" : 1404655855698,
    "attempts" : [ {
      "result" : "SUCCESS",
      "startTime" : 1404655855790,
      "finishTime" : 1404655971585,
      "attemptID" : "attempt_201407020230_0511_m_000002_0",
      "shuffleFinished" : -1,
      "sortFinished" : -1,
      "hdfsBytesRead" : 12545410,
      "hdfsBytesWritten" : -1,
      "fileBytesRead" : 127848516,
      "fileBytesWritten" : 203225073,
      "mapInputRecords" : 82989,
      "mapOutputBytes" : 123920500,
      "mapOutputRecords" : 7463474,
      "combineInputRecords" : 12327757,
      "reduceInputGroups" : -1,
      "reduceInputRecords" : -1,
      "reduceShuffleBytes" : -1,
      "reduceOutputRecords" : -1,
      "spilledRecords" : 10001140,
      "mapInputBytes" : -1,
      "resourceUsageMetrics" : {
        "cumulativeCpuUsage" : 137860,
        "virtualMemoryUsage" : 1432707072,
        "physicalMemoryUsage" : 662257664,
        "heapUsage" : 806354944
      },
      "location" : {
        "layers" : [ "default-rack", "Master" ]
      },
      "hostName" : "/default-rack/Master"
    } ],
    "finishTime" : 1404655971868,
    "preferredLocations" : [ {
      "layers" : [ "default-rack", "Master" ]
    }, {
      "layers" : [ "default-rack", "Slave3" ]
    }, {
      "layers" : [ "default-rack", "Slave1" ]
    } ],
    "taskType" : "MAP",
    "taskStatus" : "SUCCESS",
    "taskID" : "task_201407020230_0511_m_000002",
    "inputBytes" : 12545410,
    "inputRecords" : 82989,
    "outputBytes" : 203225073,
    "outputRecords" : 7463474
  }, {
    "startTime" : 1404655855735,
    "attempts" : [ {
      "result" : "SUCCESS",
      "startTime" : 1404654493929,
      "finishTime" : 1404654631886,
      "attemptID" : "attempt_201407020230_0511_m_000003_0",
      "shuffleFinished" : -1,
      "sortFinished" : -1,
      "hdfsBytesRead" : 12542984,
      "hdfsBytesWritten" : -1,
      "fileBytesRead" : 131294561,
      "fileBytesWritten" : 208425482,
      "mapInputRecords" : 72873,
      "mapOutputBytes" : 125165602,
      "mapOutputRecords" : 7555522,
      "combineInputRecords" : 12582886,
      "reduceInputGroups" : -1,
      "reduceInputRecords" : -1,
      "reduceShuffleBytes" : -1,
      "reduceOutputRecords" : -1,
      "spilledRecords" : 10306253,
      "mapInputBytes" : -1,
      "resourceUsageMetrics" : {
        "cumulativeCpuUsage" : 160480,
        "virtualMemoryUsage" : 1434337280,
        "physicalMemoryUsage" : 686362624,
        "heapUsage" : 830472192
      },
      "location" : {
        "layers" : [ "default-rack", "Slave3" ]
      },
      "hostName" : "/default-rack/Slave3"
    } ],
    "finishTime" : 1404655993841,
    "preferredLocations" : [ {
      "layers" : [ "default-rack", "Master" ]
    }, {
      "layers" : [ "default-rack", "Slave4" ]
    }, {
      "layers" : [ "default-rack", "Slave3" ]
    } ],
    "taskType" : "MAP",
    "taskStatus" : "SUCCESS",
    "taskID" : "task_201407020230_0511_m_000003",
    "inputBytes" : 12542984,
    "inputRecords" : 72873,
    "outputBytes" : 208425482,
    "outputRecords" : 7555522
  }, {
    "startTime" : 1404655855736,
    "attempts" : [ {
      "result" : "SUCCESS",
      "startTime" : 1404654493929,
      "finishTime" : 1404654629264,
      "attemptID" : "attempt_201407020230_0511_m_000004_0",
      "shuffleFinished" : -1,
      "sortFinished" : -1,
      "hdfsBytesRead" : 12542322,
      "hdfsBytesWritten" : -1,
      "fileBytesRead" : 130777764,
      "fileBytesWritten" : 207766613,
      "mapInputRecords" : 70209,
      "mapOutputBytes" : 125610444,
      "mapOutputRecords" : 7621040,
      "combineInputRecords" : 12665553,
      "reduceInputGroups" : -1,
      "reduceInputRecords" : -1,
      "reduceShuffleBytes" : -1,
      "reduceOutputRecords" : -1,
      "spilledRecords" : 10330467,
      "mapInputBytes" : -1,
      "resourceUsageMetrics" : {
        "cumulativeCpuUsage" : 155380,
        "virtualMemoryUsage" : 1434992640,
        "physicalMemoryUsage" : 681689088,
        "heapUsage" : 834666496
      },
      "location" : {
        "layers" : [ "default-rack", "Slave3" ]
      },
      "hostName" : "/default-rack/Slave3"
    } ],
    "finishTime" : 1404655991421,
    "preferredLocations" : [ {
      "layers" : [ "default-rack", "Master" ]
    }, {
      "layers" : [ "default-rack", "Slave3" ]
    }, {
      "layers" : [ "default-rack", "Slave6" ]
    } ],
    "taskType" : "MAP",
    "taskStatus" : "SUCCESS",
    "taskID" : "task_201407020230_0511_m_000004",
    "inputBytes" : 12542322,
    "inputRecords" : 70209,
    "outputBytes" : 207766613,
    "outputRecords" : 7621040
  }, {
    "startTime" : 1404655855759,
    "attempts" : [ {
      "result" : "SUCCESS",
      "startTime" : 1404656350617,
      "finishTime" : 1404656468507,
      "attemptID" : "attempt_201407020230_0511_m_000005_0",
      "shuffleFinished" : -1,
      "sortFinished" : -1,
      "hdfsBytesRead" : 12540113,
      "hdfsBytesWritten" : -1,
      "fileBytesRead" : 130541963,
      "fileBytesWritten" : 207255648,
      "mapInputRecords" : 72022,
      "mapOutputBytes" : 125290022,
      "mapOutputRecords" : 7580298,
      "combineInputRecords" : 12598177,
      "reduceInputGroups" : -1,
      "reduceInputRecords" : -1,
      "reduceShuffleBytes" : -1,
      "reduceOutputRecords" : -1,
      "spilledRecords" : 10274266,
      "mapInputBytes" : -1,
      "resourceUsageMetrics" : {
        "cumulativeCpuUsage" : 138720,
        "virtualMemoryUsage" : 1434705920,
        "physicalMemoryUsage" : 663789568,
        "heapUsage" : 806354944
      },
      "location" : {
        "layers" : [ "default-rack", "Slave2" ]
      },
      "hostName" : "/default-rack/Slave2"
    } ],
    "finishTime" : 1404655973814,
    "preferredLocations" : [ {
      "layers" : [ "default-rack", "Master" ]
    }, {
      "layers" : [ "default-rack", "Slave2" ]
    }, {
      "layers" : [ "default-rack", "Slave4" ]
    } ],
    "taskType" : "MAP",
    "taskStatus" : "SUCCESS",
    "taskID" : "task_201407020230_0511_m_000005",
    "inputBytes" : 12540113,
    "inputRecords" : 72022,
    "outputBytes" : 207255648,
    "outputRecords" : 7580298
  }, {
    "startTime" : 1404655855759,
    "attempts" : [ {
      "result" : "SUCCESS",
      "startTime" : 1404656350617,
      "finishTime" : 1404656469527,
      "attemptID" : "attempt_201407020230_0511_m_000007_0",
      "shuffleFinished" : -1,
      "sortFinished" : -1,
      "hdfsBytesRead" : 12525989,
      "hdfsBytesWritten" : -1,
      "fileBytesRead" : 131229823,
      "fileBytesWritten" : 208297588,
      "mapInputRecords" : 70212,
      "mapOutputBytes" : 125295674,
      "mapOutputRecords" : 7572980,
      "combineInputRecords" : 12605606,
      "reduceInputGroups" : -1,
      "reduceInputRecords" : -1,
      "reduceShuffleBytes" : -1,
      "reduceOutputRecords" : -1,
      "spilledRecords" : 10314841,
      "mapInputBytes" : -1,
      "resourceUsageMetrics" : {
        "cumulativeCpuUsage" : 139150,
        "virtualMemoryUsage" : 1435926528,
        "physicalMemoryUsage" : 667074560,
        "heapUsage" : 806354944
      },
      "location" : {
        "layers" : [ "default-rack", "Slave2" ]
      },
      "hostName" : "/default-rack/Slave2"
    } ],
    "finishTime" : 1404655975033,
    "preferredLocations" : [ {
      "layers" : [ "default-rack", "Master" ]
    }, {
      "layers" : [ "default-rack", "Slave2" ]
    }, {
      "layers" : [ "default-rack", "Slave1" ]
    } ],
    "taskType" : "MAP",
    "taskStatus" : "SUCCESS",
    "taskID" : "task_201407020230_0511_m_000007",
    "inputBytes" : 12525989,
    "inputRecords" : 70212,
    "outputBytes" : 208297588,
    "outputRecords" : 7572980
  }, {
    "startTime" : 1404655855782,
    "attempts" : [ {
      "result" : "SUCCESS",
      "startTime" : 1404655853737,
      "finishTime" : 1404655980640,
      "attemptID" : "attempt_201407020230_0511_m_000006_0",
      "shuffleFinished" : -1,
      "sortFinished" : -1,
      "hdfsBytesRead" : 12526971,
      "hdfsBytesWritten" : -1,
      "fileBytesRead" : 129849566,
      "fileBytesWritten" : 206369685,
      "mapInputRecords" : 72153,
      "mapOutputBytes" : 125092470,
      "mapOutputRecords" : 7561714,
      "combineInputRecords" : 12549858,
      "reduceInputGroups" : -1,
      "reduceInputRecords" : -1,
      "reduceShuffleBytes" : -1,
      "reduceOutputRecords" : -1,
      "spilledRecords" : 10217502,
      "mapInputBytes" : -1,
      "resourceUsageMetrics" : {
        "cumulativeCpuUsage" : 146960,
        "virtualMemoryUsage" : 1431355392,
        "physicalMemoryUsage" : 685592576,
        "heapUsage" : 817889280
      },
      "location" : {
        "layers" : [ "default-rack", "Slave7" ]
      },
      "hostName" : "/default-rack/Slave7"
    } ],
    "finishTime" : 1404655983026,
    "preferredLocations" : [ {
      "layers" : [ "default-rack", "Master" ]
    }, {
      "layers" : [ "default-rack", "Slave7" ]
    }, {
      "layers" : [ "default-rack", "Slave4" ]
    } ],
    "taskType" : "MAP",
    "taskStatus" : "SUCCESS",
    "taskID" : "task_201407020230_0511_m_000006",
    "inputBytes" : 12526971,
    "inputRecords" : 72153,
    "outputBytes" : 206369685,
    "outputRecords" : 7561714
  }, {
    "startTime" : 1404655855783,
    "attempts" : [ {
      "result" : "SUCCESS",
      "startTime" : 1404655853737,
      "finishTime" : 1404655979973,
      "attemptID" : "attempt_201407020230_0511_m_000011_0",
      "shuffleFinished" : -1,
      "sortFinished" : -1,
      "hdfsBytesRead" : 12508344,
      "hdfsBytesWritten" : -1,
      "fileBytesRead" : 129812097,
      "fileBytesWritten" : 205952037,
      "mapInputRecords" : 78232,
      "mapOutputBytes" : 124202394,
      "mapOutputRecords" : 7506196,
      "combineInputRecords" : 12471069,
      "reduceInputGroups" : -1,
      "reduceInputRecords" : -1,
      "reduceShuffleBytes" : -1,
      "reduceOutputRecords" : -1,
      "spilledRecords" : 10184976,
      "mapInputBytes" : -1,
      "resourceUsageMetrics" : {
        "cumulativeCpuUsage" : 146290,
        "virtualMemoryUsage" : 1436377088,
        "physicalMemoryUsage" : 682262528,
        "heapUsage" : 823656448
      },
      "location" : {
        "layers" : [ "default-rack", "Slave7" ]
      },
      "hostName" : "/default-rack/Slave7"
    } ],
    "finishTime" : 1404655982120,
    "preferredLocations" : [ {
      "layers" : [ "default-rack", "Master" ]
    }, {
      "layers" : [ "default-rack", "Slave7" ]
    }, {
      "layers" : [ "default-rack", "Slave6" ]
    } ],
    "taskType" : "MAP",
    "taskStatus" : "SUCCESS",
    "taskID" : "task_201407020230_0511_m_000011",
    "inputBytes" : 12508344,
    "inputRecords" : 78232,
    "outputBytes" : 205952037,
    "outputRecords" : 7506196
  }, {
    "startTime" : 1404655855793,
    "attempts" : [ {
      "result" : "SUCCESS",
      "startTime" : 1404566697386,
      "finishTime" : 1404566878993,
      "attemptID" : "attempt_201407020230_0511_m_000010_0",
      "shuffleFinished" : -1,
      "sortFinished" : -1,
      "hdfsBytesRead" : 12508553,
      "hdfsBytesWritten" : -1,
      "fileBytesRead" : 130562094,
      "fileBytesWritten" : 206858517,
      "mapInputRecords" : 75847,
      "mapOutputBytes" : 124544736,
      "mapOutputRecords" : 7528800,
      "combineInputRecords" : 12528948,
      "reduceInputGroups" : -1,
      "reduceInputRecords" : -1,
      "reduceShuffleBytes" : -1,
      "reduceOutputRecords" : -1,
      "spilledRecords" : 10243665,
      "mapInputBytes" : -1,
      "resourceUsageMetrics" : {
        "cumulativeCpuUsage" : 210340,
        "virtualMemoryUsage" : 1434820608,
        "physicalMemoryUsage" : 690556928,
        "heapUsage" : 818413568
      },
      "location" : {
        "layers" : [ "default-rack", "Slave4" ]
      },
      "hostName" : "/default-rack/Slave4"
    } ],
    "finishTime" : 1404656037600,
    "preferredLocations" : [ {
      "layers" : [ "default-rack", "Master" ]
    }, {
      "layers" : [ "default-rack", "Slave4" ]
    }, {
      "layers" : [ "default-rack", "Slave6" ]
    } ],
    "taskType" : "MAP",
    "taskStatus" : "SUCCESS",
    "taskID" : "task_201407020230_0511_m_000010",
    "inputBytes" : 12508553,
    "inputRecords" : 75847,
    "outputBytes" : 206858517,
    "outputRecords" : 7528800
  }, {
    "startTime" : 1404655855793,
    "attempts" : [ {
      "result" : "SUCCESS",
      "startTime" : 1404566697387,
      "finishTime" : 1404566876242,
      "attemptID" : "attempt_201407020230_0511_m_000017_0",
      "shuffleFinished" : -1,
      "sortFinished" : -1,
      "hdfsBytesRead" : 12470000,
      "hdfsBytesWritten" : -1,
      "fileBytesRead" : 130380679,
      "fileBytesWritten" : 206697311,
      "mapInputRecords" : 67323,
      "mapOutputBytes" : 125064940,
      "mapOutputRecords" : 7578560,
      "combineInputRecords" : 12591394,
      "reduceInputGroups" : -1,
      "reduceInputRecords" : -1,
      "reduceShuffleBytes" : -1,
      "reduceOutputRecords" : -1,
      "spilledRecords" : 10256774,
      "mapInputBytes" : -1,
      "resourceUsageMetrics" : {
        "cumulativeCpuUsage" : 206640,
        "virtualMemoryUsage" : 1431572480,
        "physicalMemoryUsage" : 684769280,
        "heapUsage" : 817364992
      },
      "location" : {
        "layers" : [ "default-rack", "Slave4" ]
      },
      "hostName" : "/default-rack/Slave4"
    } ],
    "finishTime" : 1404656034879,
    "preferredLocations" : [ {
      "layers" : [ "default-rack", "Master" ]
    }, {
      "layers" : [ "default-rack", "Slave1" ]
    }, {
      "layers" : [ "default-rack", "Slave4" ]
    } ],
    "taskType" : "MAP",
    "taskStatus" : "SUCCESS",
    "taskID" : "task_201407020230_0511_m_000017",
    "inputBytes" : 12470000,
    "inputRecords" : 67323,
    "outputBytes" : 206697311,
    "outputRecords" : 7578560
  }, {
    "startTime" : 1404655855807,
    "attempts" : [ {
      "result" : "SUCCESS",
      "startTime" : 1404654668640,
      "finishTime" : 1404654803692,
      "attemptID" : "attempt_201407020230_0511_m_000009_0",
      "shuffleFinished" : -1,
      "sortFinished" : -1,
      "hdfsBytesRead" : 12516212,
      "hdfsBytesWritten" : -1,
      "fileBytesRead" : 130959254,
      "fileBytesWritten" : 207395711,
      "mapInputRecords" : 70181,
      "mapOutputBytes" : 125302766,
      "mapOutputRecords" : 7594506,
      "combineInputRecords" : 12623877,
      "reduceInputGroups" : -1,
      "reduceInputRecords" : -1,
      "reduceShuffleBytes" : -1,
      "reduceOutputRecords" : -1,
      "spilledRecords" : 10293576,
      "mapInputBytes" : -1,
      "resourceUsageMetrics" : {
        "cumulativeCpuUsage" : 154750,
        "virtualMemoryUsage" : 1433501696,
        "physicalMemoryUsage" : 687448064,
        "heapUsage" : 832045056
      },
      "location" : {
        "layers" : [ "default-rack", "Slave6" ]
      },
      "hostName" : "/default-rack/Slave6"
    } ],
    "finishTime" : 1404655991176,
    "preferredLocations" : [ {
      "layers" : [ "default-rack", "Master" ]
    }, {
      "layers" : [ "default-rack", "Slave6" ]
    }, {
      "layers" : [ "default-rack", "Slave2" ]
    } ],
    "taskType" : "MAP",
    "taskStatus" : "SUCCESS",
    "taskID" : "task_201407020230_0511_m_000009",
    "inputBytes" : 12516212,
    "inputRecords" : 70181,
    "outputBytes" : 207395711,
    "outputRecords" : 7594506
  }, {
    "startTime" : 1404655855807,
    "attempts" : [ {
      "result" : "SUCCESS",
      "startTime" : 1404654668640,
      "finishTime" : 1404654802409,
      "attemptID" : "attempt_201407020230_0511_m_000014_0",
      "shuffleFinished" : -1,
      "sortFinished" : -1,
      "hdfsBytesRead" : 12485810,
      "hdfsBytesWritten" : -1,
      "fileBytesRead" : 130454984,
      "fileBytesWritten" : 206901176,
      "mapInputRecords" : 70334,
      "mapOutputBytes" : 124907300,
      "mapOutputRecords" : 7560118,
      "combineInputRecords" : 12567318,
      "reduceInputGroups" : -1,
      "reduceInputRecords" : -1,
      "reduceShuffleBytes" : -1,
      "reduceOutputRecords" : -1,
      "spilledRecords" : 10258559,
      "mapInputBytes" : -1,
      "resourceUsageMetrics" : {
        "cumulativeCpuUsage" : 153390,
        "virtualMemoryUsage" : 1431687168,
        "physicalMemoryUsage" : 685314048,
        "heapUsage" : 818937856
      },
      "location" : {
        "layers" : [ "default-rack", "Slave6" ]
      },
      "hostName" : "/default-rack/Slave6"
    } ],
    "finishTime" : 1404655989966,
    "preferredLocations" : [ {
      "layers" : [ "default-rack", "Master" ]
    }, {
      "layers" : [ "default-rack", "Slave6" ]
    }, {
      "layers" : [ "default-rack", "Slave3" ]
    } ],
    "taskType" : "MAP",
    "taskStatus" : "SUCCESS",
    "taskID" : "task_201407020230_0511_m_000014",
    "inputBytes" : 12485810,
    "inputRecords" : 70334,
    "outputBytes" : 206901176,
    "outputRecords" : 7560118
  }, {
    "startTime" : 1404655855833,
    "attempts" : [ {
      "result" : "SUCCESS",
      "startTime" : 1404655441629,
      "finishTime" : 1404655563035,
      "attemptID" : "attempt_201407020230_0511_m_000012_0",
      "shuffleFinished" : -1,
      "sortFinished" : -1,
      "hdfsBytesRead" : 12507171,
      "hdfsBytesWritten" : -1,
      "fileBytesRead" : 131032427,
      "fileBytesWritten" : 207935755,
      "mapInputRecords" : 69080,
      "mapOutputBytes" : 125267238,
      "mapOutputRecords" : 7584834,
      "combineInputRecords" : 12619975,
      "reduceInputGroups" : -1,
      "reduceInputRecords" : -1,
      "reduceShuffleBytes" : -1,
      "reduceOutputRecords" : -1,
      "spilledRecords" : 10315324,
      "mapInputBytes" : -1,
      "resourceUsageMetrics" : {
        "cumulativeCpuUsage" : 144870,
        "virtualMemoryUsage" : 1432186880,
        "physicalMemoryUsage" : 661291008,
        "heapUsage" : 806354944
      },
      "location" : {
        "layers" : [ "default-rack", "Slave1" ]
      },
      "hostName" : "/default-rack/Slave1"
    } ],
    "finishTime" : 1404655977495,
    "preferredLocations" : [ {
      "layers" : [ "default-rack", "Master" ]
    }, {
      "layers" : [ "default-rack", "Slave7" ]
    }, {
      "layers" : [ "default-rack", "Slave1" ]
    } ],
    "taskType" : "MAP",
    "taskStatus" : "SUCCESS",
    "taskID" : "task_201407020230_0511_m_000012",
    "inputBytes" : 12507171,
    "inputRecords" : 69080,
    "outputBytes" : 207935755,
    "outputRecords" : 7584834
  }, {
    "startTime" : 1404655855833,
    "attempts" : [ {
      "result" : "SUCCESS",
      "startTime" : 1404655441629,
      "finishTime" : 1404655560478,
      "attemptID" : "attempt_201407020230_0511_m_000013_0",
      "shuffleFinished" : -1,
      "sortFinished" : -1,
      "hdfsBytesRead" : 12506379,
      "hdfsBytesWritten" : -1,
      "fileBytesRead" : 130861159,
      "fileBytesWritten" : 207795353,
      "mapInputRecords" : 70622,
      "mapOutputBytes" : 125104624,
      "mapOutputRecords" : 7574726,
      "combineInputRecords" : 12613214,
      "reduceInputGroups" : -1,
      "reduceInputRecords" : -1,
      "reduceShuffleBytes" : -1,
      "reduceOutputRecords" : -1,
      "spilledRecords" : 10314093,
      "mapInputBytes" : -1,
      "resourceUsageMetrics" : {
        "cumulativeCpuUsage" : 142050,
        "virtualMemoryUsage" : 1423470592,
        "physicalMemoryUsage" : 661995520,
        "heapUsage" : 806354944
      },
      "location" : {
        "layers" : [ "default-rack", "Slave1" ]
      },
      "hostName" : "/default-rack/Slave1"
    } ],
    "finishTime" : 1404655975079,
    "preferredLocations" : [ {
      "layers" : [ "default-rack", "Master" ]
    }, {
      "layers" : [ "default-rack", "Slave1" ]
    }, {
      "layers" : [ "default-rack", "Slave2" ]
    } ],
    "taskType" : "MAP",
    "taskStatus" : "SUCCESS",
    "taskID" : "task_201407020230_0511_m_000013",
    "inputBytes" : 12506379,
    "inputRecords" : 70622,
    "outputBytes" : 207795353,
    "outputRecords" : 7574726
  }, {
    "startTime" : 1404655971868,
    "attempts" : [ {
      "result" : "SUCCESS",
      "startTime" : 1404655971871,
      "finishTime" : 1404656070045,
      "attemptID" : "attempt_201407020230_0511_m_000015_0",
      "shuffleFinished" : -1,
      "sortFinished" : -1,
      "hdfsBytesRead" : 12472565,
      "hdfsBytesWritten" : -1,
      "fileBytesRead" : 130506223,
      "fileBytesWritten" : 207072659,
      "mapInputRecords" : 69994,
      "mapOutputBytes" : 124769060,
      "mapOutputRecords" : 7546302,
      "combineInputRecords" : 12551894,
      "reduceInputGroups" : -1,
      "reduceInputRecords" : -1,
      "reduceShuffleBytes" : -1,
      "reduceOutputRecords" : -1,
      "spilledRecords" : 10262958,
      "mapInputBytes" : -1,
      "resourceUsageMetrics" : {
        "cumulativeCpuUsage" : 109600,
        "virtualMemoryUsage" : 1435865088,
        "physicalMemoryUsage" : 680079360,
        "heapUsage" : 815792128
      },
      "location" : {
        "layers" : [ "default-rack", "Master" ]
      },
      "hostName" : "/default-rack/Master"
    } ],
    "finishTime" : 1404656070212,
    "preferredLocations" : [ {
      "layers" : [ "default-rack", "Master" ]
    }, {
      "layers" : [ "default-rack", "Slave3" ]
    }, {
      "layers" : [ "default-rack", "Slave1" ]
    } ],
    "taskType" : "MAP",
    "taskStatus" : "SUCCESS",
    "taskID" : "task_201407020230_0511_m_000015",
    "inputBytes" : 12472565,
    "inputRecords" : 69994,
    "outputBytes" : 207072659,
    "outputRecords" : 7546302
  }, {
    "startTime" : 1404655973815,
    "attempts" : [ {
      "result" : "SUCCESS",
      "startTime" : 1404656468574,
      "finishTime" : 1404656567689,
      "attemptID" : "attempt_201407020230_0511_m_000016_0",
      "shuffleFinished" : -1,
      "sortFinished" : -1,
      "hdfsBytesRead" : 12470778,
      "hdfsBytesWritten" : -1,
      "fileBytesRead" : 130472156,
      "fileBytesWritten" : 207094871,
      "mapInputRecords" : 69273,
      "mapOutputBytes" : 124870438,
      "mapOutputRecords" : 7566486,
      "combineInputRecords" : 12579460,
      "reduceInputGroups" : -1,
      "reduceInputRecords" : -1,
      "reduceShuffleBytes" : -1,
      "reduceOutputRecords" : -1,
      "spilledRecords" : 10282058,
      "mapInputBytes" : -1,
      "resourceUsageMetrics" : {
        "cumulativeCpuUsage" : 115570,
        "virtualMemoryUsage" : 1437863936,
        "physicalMemoryUsage" : 682360832,
        "heapUsage" : 815792128
      },
      "location" : {
        "layers" : [ "default-rack", "Slave2" ]
      },
      "hostName" : "/default-rack/Slave2"
    } ],
    "finishTime" : 1404656073176,
    "preferredLocations" : [ {
      "layers" : [ "default-rack", "Master" ]
    }, {
      "layers" : [ "default-rack", "Slave2" ]
    }, {
      "layers" : [ "default-rack", "Slave6" ]
    } ],
    "taskType" : "MAP",
    "taskStatus" : "SUCCESS",
    "taskID" : "task_201407020230_0511_m_000016",
    "inputBytes" : 12470778,
    "inputRecords" : 69273,
    "outputBytes" : 207094871,
    "outputRecords" : 7566486
  }, {
    "startTime" : 1404655975034,
    "attempts" : [ {
      "result" : "SUCCESS",
      "startTime" : 1404656469793,
      "finishTime" : 1404656567195,
      "attemptID" : "attempt_201407020230_0511_m_000018_0",
      "shuffleFinished" : -1,
      "sortFinished" : -1,
      "hdfsBytesRead" : 12458709,
      "hdfsBytesWritten" : -1,
      "fileBytesRead" : 130844348,
      "fileBytesWritten" : 207696867,
      "mapInputRecords" : 69176,
      "mapOutputBytes" : 124715750,
      "mapOutputRecords" : 7545516,
      "combineInputRecords" : 12564808,
      "reduceInputGroups" : -1,
      "reduceInputRecords" : -1,
      "reduceShuffleBytes" : -1,
      "reduceOutputRecords" : -1,
      "spilledRecords" : 10296073,
      "mapInputBytes" : -1,
      "resourceUsageMetrics" : {
        "cumulativeCpuUsage" : 111710,
        "virtualMemoryUsage" : 1439084544,
        "physicalMemoryUsage" : 682708992,
        "heapUsage" : 800587776
      },
      "location" : {
        "layers" : [ "default-rack", "Slave2" ]
      },
      "hostName" : "/default-rack/Slave2"
    } ],
    "finishTime" : 1404656072558,
    "preferredLocations" : [ {
      "layers" : [ "default-rack", "Master" ]
    }, {
      "layers" : [ "default-rack", "Slave2" ]
    }, {
      "layers" : [ "default-rack", "Slave7" ]
    } ],
    "taskType" : "MAP",
    "taskStatus" : "SUCCESS",
    "taskID" : "task_201407020230_0511_m_000018",
    "inputBytes" : 12458709,
    "inputRecords" : 69176,
    "outputBytes" : 207696867,
    "outputRecords" : 7545516
  }, {
    "startTime" : 1404655975080,
    "attempts" : [ {
      "result" : "SUCCESS",
      "startTime" : 1404655560776,
      "finishTime" : 1404655657749,
      "attemptID" : "attempt_201407020230_0511_m_000021_0",
      "shuffleFinished" : -1,
      "sortFinished" : -1,
      "hdfsBytesRead" : 12452776,
      "hdfsBytesWritten" : -1,
      "fileBytesRead" : 129783438,
      "fileBytesWritten" : 205986210,
      "mapInputRecords" : 69925,
      "mapOutputBytes" : 124563886,
      "mapOutputRecords" : 7532494,
      "combineInputRecords" : 12511225,
      "reduceInputGroups" : -1,
      "reduceInputRecords" : -1,
      "reduceShuffleBytes" : -1,
      "reduceOutputRecords" : -1,
      "spilledRecords" : 10213363,
      "mapInputBytes" : -1,
      "resourceUsageMetrics" : {
        "cumulativeCpuUsage" : 108200,
        "virtualMemoryUsage" : 1426763776,
        "physicalMemoryUsage" : 679444480,
        "heapUsage" : 815792128
      },
      "location" : {
        "layers" : [ "default-rack", "Slave1" ]
      },
      "hostName" : "/default-rack/Slave1"
    } ],
    "finishTime" : 1404656072301,
    "preferredLocations" : [ {
      "layers" : [ "default-rack", "Master" ]
    }, {
      "layers" : [ "default-rack", "Slave1" ]
    }, {
      "layers" : [ "default-rack", "Slave5" ]
    } ],
    "taskType" : "MAP",
    "taskStatus" : "SUCCESS",
    "taskID" : "task_201407020230_0511_m_000021",
    "inputBytes" : 12452776,
    "inputRecords" : 69925,
    "outputBytes" : 205986210,
    "outputRecords" : 7532494
  }, {
    "startTime" : 1404655975792,
    "attempts" : [ {
      "result" : "SUCCESS",
      "startTime" : 1404655975794,
      "finishTime" : 1404656074310,
      "attemptID" : "attempt_201407020230_0511_m_000019_0",
      "shuffleFinished" : -1,
      "sortFinished" : -1,
      "hdfsBytesRead" : 12456134,
      "hdfsBytesWritten" : -1,
      "fileBytesRead" : 129199785,
      "fileBytesWritten" : 205371552,
      "mapInputRecords" : 71413,
      "mapOutputBytes" : 124330098,
      "mapOutputRecords" : 7501734,
      "combineInputRecords" : 12449755,
      "reduceInputGroups" : -1,
      "reduceInputRecords" : -1,
      "reduceShuffleBytes" : -1,
      "reduceOutputRecords" : -1,
      "spilledRecords" : 10151877,
      "mapInputBytes" : -1,
      "resourceUsageMetrics" : {
        "cumulativeCpuUsage" : 115490,
        "virtualMemoryUsage" : 1435435008,
        "physicalMemoryUsage" : 678887424,
        "heapUsage" : 770703360
      },
      "location" : {
        "layers" : [ "default-rack", "Master" ]
      },
      "hostName" : "/default-rack/Master"
    } ],
    "finishTime" : 1404656074440,
    "preferredLocations" : [ {
      "layers" : [ "default-rack", "Master" ]
    }, {
      "layers" : [ "default-rack", "Slave4" ]
    }, {
      "layers" : [ "default-rack", "Slave6" ]
    } ],
    "taskType" : "MAP",
    "taskStatus" : "SUCCESS",
    "taskID" : "task_201407020230_0511_m_000019",
    "inputBytes" : 12456134,
    "inputRecords" : 71413,
    "outputBytes" : 205371552,
    "outputRecords" : 7501734
  }, {
    "startTime" : 1404655977496,
    "attempts" : [ {
      "result" : "SUCCESS",
      "startTime" : 1404655563191,
      "finishTime" : 1404655662344,
      "attemptID" : "attempt_201407020230_0511_m_000025_0",
      "shuffleFinished" : -1,
      "sortFinished" : -1,
      "hdfsBytesRead" : 12444914,
      "hdfsBytesWritten" : -1,
      "fileBytesRead" : 129728657,
      "fileBytesWritten" : 205801904,
      "mapInputRecords" : 68254,
      "mapOutputBytes" : 124654662,
      "mapOutputRecords" : 7543398,
      "combineInputRecords" : 12522916,
      "reduceInputGroups" : -1,
      "reduceInputRecords" : -1,
      "reduceShuffleBytes" : -1,
      "reduceOutputRecords" : -1,
      "spilledRecords" : 10196747,
      "mapInputBytes" : -1,
      "resourceUsageMetrics" : {
        "cumulativeCpuUsage" : 116100,
        "virtualMemoryUsage" : 1435344896,
        "physicalMemoryUsage" : 679211008,
        "heapUsage" : 767033344
      },
      "location" : {
        "layers" : [ "default-rack", "Slave1" ]
      },
      "hostName" : "/default-rack/Slave1"
    } ],
    "finishTime" : 1404656076833,
    "preferredLocations" : [ {
      "layers" : [ "default-rack", "Master" ]
    }, {
      "layers" : [ "default-rack", "Slave1" ]
    }, {
      "layers" : [ "default-rack", "Slave5" ]
    } ],
    "taskType" : "MAP",
    "taskStatus" : "SUCCESS",
    "taskID" : "task_201407020230_0511_m_000025",
    "inputBytes" : 12444914,
    "inputRecords" : 68254,
    "outputBytes" : 205801904,
    "outputRecords" : 7543398
  }, {
    "startTime" : 1404655982120,
    "attempts" : [ {
      "result" : "SUCCESS",
      "startTime" : 1404655979992,
      "finishTime" : 1404656063410,
      "attemptID" : "attempt_201407020230_0511_m_000020_0",
      "shuffleFinished" : -1,
      "sortFinished" : -1,
      "hdfsBytesRead" : 12455726,
      "hdfsBytesWritten" : -1,
      "fileBytesRead" : 130576743,
      "fileBytesWritten" : 207382981,
      "mapInputRecords" : 68408,
      "mapOutputBytes" : 124731134,
      "mapOutputRecords" : 7546842,
      "combineInputRecords" : 12560786,
      "reduceInputGroups" : -1,
      "reduceInputRecords" : -1,
      "reduceShuffleBytes" : -1,
      "reduceOutputRecords" : -1,
      "spilledRecords" : 10288024,
      "mapInputBytes" : -1,
      "resourceUsageMetrics" : {
        "cumulativeCpuUsage" : 97490,
        "virtualMemoryUsage" : 1439535104,
        "physicalMemoryUsage" : 680431616,
        "heapUsage" : 795344896
      },
      "location" : {
        "layers" : [ "default-rack", "Slave7" ]
      },
      "hostName" : "/default-rack/Slave7"
    } ],
    "finishTime" : 1404656065654,
    "preferredLocations" : [ {
      "layers" : [ "default-rack", "Master" ]
    }, {
      "layers" : [ "default-rack", "Slave7" ]
    }, {
      "layers" : [ "default-rack", "Slave4" ]
    } ],
    "taskType" : "MAP",
    "taskStatus" : "SUCCESS",
    "taskID" : "task_201407020230_0511_m_000020",
    "inputBytes" : 12455726,
    "inputRecords" : 68408,
    "outputBytes" : 207382981,
    "outputRecords" : 7546842
  }, {
    "startTime" : 1404655983026,
    "attempts" : [ {
      "result" : "SUCCESS",
      "startTime" : 1404655980898,
      "finishTime" : 1404656064262,
      "attemptID" : "attempt_201407020230_0511_m_000023_0",
      "shuffleFinished" : -1,
      "sortFinished" : -1,
      "hdfsBytesRead" : 12448786,
      "hdfsBytesWritten" : -1,
      "fileBytesRead" : 129904500,
      "fileBytesWritten" : 205894280,
      "mapInputRecords" : 74516,
      "mapOutputBytes" : 124196660,
      "mapOutputRecords" : 7543974,
      "combineInputRecords" : 12549360,
      "reduceInputGroups" : -1,
      "reduceInputRecords" : -1,
      "reduceShuffleBytes" : -1,
      "reduceOutputRecords" : -1,
      "spilledRecords" : 10247366,
      "mapInputBytes" : -1,
      "resourceUsageMetrics" : {
        "cumulativeCpuUsage" : 97120,
        "virtualMemoryUsage" : 1434722304,
        "physicalMemoryUsage" : 683749376,
        "heapUsage" : 790102016
      },
      "location" : {
        "layers" : [ "default-rack", "Slave7" ]
      },
      "hostName" : "/default-rack/Slave7"
    } ],
    "finishTime" : 1404656066572,
    "preferredLocations" : [ {
      "layers" : [ "default-rack", "Master" ]
    }, {
      "layers" : [ "default-rack", "Slave7" ]
    }, {
      "layers" : [ "default-rack", "Slave2" ]
    } ],
    "taskType" : "MAP",
    "taskStatus" : "SUCCESS",
    "taskID" : "task_201407020230_0511_m_000023",
    "inputBytes" : 12448786,
    "inputRecords" : 74516,
    "outputBytes" : 205894280,
    "outputRecords" : 7543974
  }, {
    "startTime" : 1404655989606,
    "attempts" : [ {
      "result" : "SUCCESS",
      "startTime" : 1404654354606,
      "finishTime" : 1404654444867,
      "attemptID" : "attempt_201407020230_0511_m_000026_0",
      "shuffleFinished" : -1,
      "sortFinished" : -1,
      "hdfsBytesRead" : 12438192,
      "hdfsBytesWritten" : -1,
      "fileBytesRead" : 129550608,
      "fileBytesWritten" : 205236173,
      "mapInputRecords" : 74508,
      "mapOutputBytes" : 124039240,
      "mapOutputRecords" : 7500172,
      "combineInputRecords" : 12448140,
      "reduceInputGroups" : -1,
      "reduceInputRecords" : -1,
      "reduceShuffleBytes" : -1,
      "reduceOutputRecords" : -1,
      "spilledRecords" : 10153186,
      "mapInputBytes" : -1,
      "resourceUsageMetrics" : {
        "cumulativeCpuUsage" : 105820,
        "virtualMemoryUsage" : 1438093312,
        "physicalMemoryUsage" : 685518848,
        "heapUsage" : 790626304
      },
      "location" : {
        "layers" : [ "default-rack", "Slave5" ]
      },
      "hostName" : "/default-rack/Slave5"
    } ],
    "finishTime" : 1404656080069,
    "preferredLocations" : [ {
      "layers" : [ "default-rack", "Master" ]
    }, {
      "layers" : [ "default-rack", "Slave5" ]
    }, {
      "layers" : [ "default-rack", "Slave3" ]
    } ],
    "taskType" : "MAP",
    "taskStatus" : "SUCCESS",
    "taskID" : "task_201407020230_0511_m_000026",
    "inputBytes" : 12438192,
    "inputRecords" : 74508,
    "outputBytes" : 205236173,
    "outputRecords" : 7500172
  }, {
    "startTime" : 1404655989909,
    "attempts" : [ {
      "result" : "SUCCESS",
      "startTime" : 1404654354909,
      "finishTime" : 1404654445583,
      "attemptID" : "attempt_201407020230_0511_m_000029_0",
      "shuffleFinished" : -1,
      "sortFinished" : -1,
      "hdfsBytesRead" : 12430810,
      "hdfsBytesWritten" : -1,
      "fileBytesRead" : 130178206,
      "fileBytesWritten" : 206502680,
      "mapInputRecords" : 71270,
      "mapOutputBytes" : 124366770,
      "mapOutputRecords" : 7539188,
      "combineInputRecords" : 12540492,
      "reduceInputGroups" : -1,
      "reduceInputRecords" : -1,
      "reduceShuffleBytes" : -1,
      "reduceOutputRecords" : -1,
      "spilledRecords" : 10254370,
      "mapInputBytes" : -1,
      "resourceUsageMetrics" : {
        "cumulativeCpuUsage" : 108020,
        "virtualMemoryUsage" : 1434644480,
        "physicalMemoryUsage" : 682438656,
        "heapUsage" : 791674880
      },
      "location" : {
        "layers" : [ "default-rack", "Slave5" ]
      },
      "hostName" : "/default-rack/Slave5"
    } ],
    "finishTime" : 1404656080674,
    "preferredLocations" : [ {
      "layers" : [ "default-rack", "Master" ]
    }, {
      "layers" : [ "default-rack", "Slave5" ]
    }, {
      "layers" : [ "default-rack", "Slave7" ]
    } ],
    "taskType" : "MAP",
    "taskStatus" : "SUCCESS",
    "taskID" : "task_201407020230_0511_m_000029",
    "inputBytes" : 12430810,
    "inputRecords" : 71270,
    "outputBytes" : 206502680,
    "outputRecords" : 7539188
  }, {
    "startTime" : 1404655989967,
    "attempts" : [ {
      "result" : "SUCCESS",
      "startTime" : 1404654802710,
      "finishTime" : 1404654888654,
      "attemptID" : "attempt_201407020230_0511_m_000030_0",
      "shuffleFinished" : -1,
      "sortFinished" : -1,
      "hdfsBytesRead" : 12414462,
      "hdfsBytesWritten" : -1,
      "fileBytesRead" : 128795235,
      "fileBytesWritten" : 204521952,
      "mapInputRecords" : 75924,
      "mapOutputBytes" : 123438414,
      "mapOutputRecords" : 7457476,
      "combineInputRecords" : 12379858,
      "reduceInputGroups" : -1,
      "reduceInputRecords" : -1,
      "reduceShuffleBytes" : -1,
      "reduceOutputRecords" : -1,
      "spilledRecords" : 10121497,
      "mapInputBytes" : -1,
      "resourceUsageMetrics" : {
        "cumulativeCpuUsage" : 99050,
        "virtualMemoryUsage" : 1434845184,
        "physicalMemoryUsage" : 683122688,
        "heapUsage" : 791150592
      },
      "location" : {
        "layers" : [ "default-rack", "Slave6" ]
      },
      "hostName" : "/default-rack/Slave6"
    } ],
    "finishTime" : 1404656076219,
    "preferredLocations" : [ {
      "layers" : [ "default-rack", "Master" ]
    }, {
      "layers" : [ "default-rack", "Slave6" ]
    }, {
      "layers" : [ "default-rack", "Slave7" ]
    } ],
    "taskType" : "MAP",
    "taskStatus" : "SUCCESS",
    "taskID" : "task_201407020230_0511_m_000030",
    "inputBytes" : 12414462,
    "inputRecords" : 75924,
    "outputBytes" : 204521952,
    "outputRecords" : 7457476
  }, {
    "startTime" : 1404655991176,
    "attempts" : [ {
      "result" : "SUCCESS",
      "startTime" : 1404654803920,
      "finishTime" : 1404654891683,
      "attemptID" : "attempt_201407020230_0511_m_000032_0",
      "shuffleFinished" : -1,
      "sortFinished" : -1,
      "hdfsBytesRead" : 12396698,
      "hdfsBytesWritten" : -1,
      "fileBytesRead" : 130512017,
      "fileBytesWritten" : 207025635,
      "mapInputRecords" : 67855,
      "mapOutputBytes" : 124106798,
      "mapOutputRecords" : 7501090,
      "combineInputRecords" : 12495801,
      "reduceInputGroups" : -1,
      "reduceInputRecords" : -1,
      "reduceShuffleBytes" : -1,
      "reduceOutputRecords" : -1,
      "spilledRecords" : 10254702,
      "mapInputBytes" : -1,
      "resourceUsageMetrics" : {
        "cumulativeCpuUsage" : 101100,
        "virtualMemoryUsage" : 1436659712,
        "physicalMemoryUsage" : 685436928,
        "heapUsage" : 805306368
      },
      "location" : {
        "layers" : [ "default-rack", "Slave6" ]
      },
      "hostName" : "/default-rack/Slave6"
    } ],
    "finishTime" : 1404656079236,
    "preferredLocations" : [ {
      "layers" : [ "default-rack", "Master" ]
    }, {
      "layers" : [ "default-rack", "Slave6" ]
    }, {
      "layers" : [ "default-rack", "Slave1" ]
    } ],
    "taskType" : "MAP",
    "taskStatus" : "SUCCESS",
    "taskID" : "task_201407020230_0511_m_000032",
    "inputBytes" : 12396698,
    "inputRecords" : 67855,
    "outputBytes" : 207025635,
    "outputRecords" : 7501090
  }, {
    "startTime" : 1404655991421,
    "attempts" : [ {
      "result" : "SUCCESS",
      "startTime" : 1404654629521,
      "finishTime" : 1404654718420,
      "attemptID" : "attempt_201407020230_0511_m_000024_0",
      "shuffleFinished" : -1,
      "sortFinished" : -1,
      "hdfsBytesRead" : 12444998,
      "hdfsBytesWritten" : -1,
      "fileBytesRead" : 130484528,
      "fileBytesWritten" : 207118643,
      "mapInputRecords" : 68058,
      "mapOutputBytes" : 124733734,
      "mapOutputRecords" : 7555196,
      "combineInputRecords" : 12565517,
      "reduceInputGroups" : -1,
      "reduceInputRecords" : -1,
      "reduceShuffleBytes" : -1,
      "reduceOutputRecords" : -1,
      "spilledRecords" : 10283572,
      "mapInputBytes" : -1,
      "resourceUsageMetrics" : {
        "cumulativeCpuUsage" : 100280,
        "virtualMemoryUsage" : 1438150656,
        "physicalMemoryUsage" : 679841792,
        "heapUsage" : 807927808
      },
      "location" : {
        "layers" : [ "default-rack", "Slave3" ]
      },
      "hostName" : "/default-rack/Slave3"
    } ],
    "finishTime" : 1404656080347,
    "preferredLocations" : [ {
      "layers" : [ "default-rack", "Master" ]
    }, {
      "layers" : [ "default-rack", "Slave4" ]
    }, {
      "layers" : [ "default-rack", "Slave3" ]
    } ],
    "taskType" : "MAP",
    "taskStatus" : "SUCCESS",
    "taskID" : "task_201407020230_0511_m_000024",
    "inputBytes" : 12444998,
    "inputRecords" : 68058,
    "outputBytes" : 207118643,
    "outputRecords" : 7555196
  }, {
    "startTime" : 1404655993841,
    "attempts" : [ {
      "result" : "SUCCESS",
      "startTime" : 1404654631941,
      "finishTime" : 1404654720670,
      "attemptID" : "attempt_201407020230_0511_m_000027_0",
      "shuffleFinished" : -1,
      "sortFinished" : -1,
      "hdfsBytesRead" : 12435796,
      "hdfsBytesWritten" : -1,
      "fileBytesRead" : 129805370,
      "fileBytesWritten" : 205619892,
      "mapInputRecords" : 70277,
      "mapOutputBytes" : 124313206,
      "mapOutputRecords" : 7514770,
      "combineInputRecords" : 12483357,
      "reduceInputGroups" : -1,
      "reduceInputRecords" : -1,
      "reduceShuffleBytes" : -1,
      "reduceOutputRecords" : -1,
      "spilledRecords" : 10186398,
      "mapInputBytes" : -1,
      "resourceUsageMetrics" : {
        "cumulativeCpuUsage" : 102390,
        "virtualMemoryUsage" : 1437495296,
        "physicalMemoryUsage" : 684261376,
        "heapUsage" : 803733504
      },
      "location" : {
        "layers" : [ "default-rack", "Slave3" ]
      },
      "hostName" : "/default-rack/Slave3"
    } ],
    "finishTime" : 1404656082767,
    "preferredLocations" : [ {
      "layers" : [ "default-rack", "Master" ]
    }, {
      "layers" : [ "default-rack", "Slave3" ]
    }, {
      "layers" : [ "default-rack", "Slave2" ]
    } ],
    "taskType" : "MAP",
    "taskStatus" : "SUCCESS",
    "taskID" : "task_201407020230_0511_m_000027",
    "inputBytes" : 12435796,
    "inputRecords" : 70277,
    "outputBytes" : 205619892,
    "outputRecords" : 7514770
  }, {
    "startTime" : 1404656034880,
    "attempts" : [ {
      "result" : "SUCCESS",
      "startTime" : 1404566876357,
      "finishTime" : 1404566989601,
      "attemptID" : "attempt_201407020230_0511_m_000022_0",
      "shuffleFinished" : -1,
      "sortFinished" : -1,
      "hdfsBytesRead" : 12449601,
      "hdfsBytesWritten" : -1,
      "fileBytesRead" : 129704090,
      "fileBytesWritten" : 205613501,
      "mapInputRecords" : 71622,
      "mapOutputBytes" : 124321590,
      "mapOutputRecords" : 7507818,
      "combineInputRecords" : 12464231,
      "reduceInputGroups" : -1,
      "reduceInputRecords" : -1,
      "reduceShuffleBytes" : -1,
      "reduceOutputRecords" : -1,
      "spilledRecords" : 10170759,
      "mapInputBytes" : -1,
      "resourceUsageMetrics" : {
        "cumulativeCpuUsage" : 128370,
        "virtualMemoryUsage" : 1434730496,
        "physicalMemoryUsage" : 682807296,
        "heapUsage" : 788529152
      },
      "location" : {
        "layers" : [ "default-rack", "Slave4" ]
      },
      "hostName" : "/default-rack/Slave4"
    } ],
    "finishTime" : 1404656148238,
    "preferredLocations" : [ {
      "layers" : [ "default-rack", "Master" ]
    }, {
      "layers" : [ "default-rack", "Slave4" ]
    }, {
      "layers" : [ "default-rack", "Slave2" ]
    } ],
    "taskType" : "MAP",
    "taskStatus" : "SUCCESS",
    "taskID" : "task_201407020230_0511_m_000022",
    "inputBytes" : 12449601,
    "inputRecords" : 71622,
    "outputBytes" : 205613501,
    "outputRecords" : 7507818
  }, {
    "startTime" : 1404656037600,
    "attempts" : [ {
      "result" : "SUCCESS",
      "startTime" : 1404566879077,
      "finishTime" : 1404566994389,
      "attemptID" : "attempt_201407020230_0511_m_000031_0",
      "shuffleFinished" : -1,
      "sortFinished" : -1,
      "hdfsBytesRead" : 12410911,
      "hdfsBytesWritten" : -1,
      "fileBytesRead" : 128703721,
      "fileBytesWritten" : 203961059,
      "mapInputRecords" : 69802,
      "mapOutputBytes" : 124147972,
      "mapOutputRecords" : 7521272,
      "combineInputRecords" : 12460031,
      "reduceInputGroups" : -1,
      "reduceInputRecords" : -1,
      "reduceShuffleBytes" : -1,
      "reduceOutputRecords" : -1,
      "spilledRecords" : 10126417,
      "mapInputBytes" : -1,
      "resourceUsageMetrics" : {
        "cumulativeCpuUsage" : 133550,
        "virtualMemoryUsage" : 1437978624,
        "physicalMemoryUsage" : 688418816,
        "heapUsage" : 790626304
      },
      "location" : {
        "layers" : [ "default-rack", "Slave4" ]
      },
      "hostName" : "/default-rack/Slave4"
    } ],
    "finishTime" : 1404656153069,
    "preferredLocations" : [ {
      "layers" : [ "default-rack", "Master" ]
    }, {
      "layers" : [ "default-rack", "Slave4" ]
    }, {
      "layers" : [ "default-rack", "Slave1" ]
    } ],
    "taskType" : "MAP",
    "taskStatus" : "SUCCESS",
    "taskID" : "task_201407020230_0511_m_000031",
    "inputBytes" : 12410911,
    "inputRecords" : 69802,
    "outputBytes" : 203961059,
    "outputRecords" : 7521272
  }, {
    "startTime" : 1404656065655,
    "attempts" : [ {
      "result" : "SUCCESS",
      "startTime" : 1404656063526,
      "finishTime" : 1404656145034,
      "attemptID" : "attempt_201407020230_0511_m_000033_0",
      "shuffleFinished" : -1,
      "sortFinished" : -1,
      "hdfsBytesRead" : 12371929,
      "hdfsBytesWritten" : -1,
      "fileBytesRead" : 130123210,
      "fileBytesWritten" : 206445560,
      "mapInputRecords" : 68633,
      "mapOutputBytes" : 123912568,
      "mapOutputRecords" : 7508828,
      "combineInputRecords" : 12497700,
      "reduceInputGroups" : -1,
      "reduceInputRecords" : -1,
      "reduceShuffleBytes" : -1,
      "reduceOutputRecords" : -1,
      "spilledRecords" : 10251673,
      "mapInputBytes" : -1,
      "resourceUsageMetrics" : {
        "cumulativeCpuUsage" : 94430,
        "virtualMemoryUsage" : 1439535104,
        "physicalMemoryUsage" : 680787968,
        "heapUsage" : 797442048
      },
      "location" : {
        "layers" : [ "default-rack", "Slave7" ]
      },
      "hostName" : "/default-rack/Slave7"
    }, {
      "result" : "KILLED",
      "startTime" : 1404654445671,
      "finishTime" : 1404654515360,
      "attemptID" : "attempt_201407020230_0511_m_000033_1",
      "shuffleFinished" : -1,
      "sortFinished" : -1,
      "hdfsBytesRead" : -1,
      "hdfsBytesWritten" : -1,
      "fileBytesRead" : -1,
      "fileBytesWritten" : -1,
      "mapInputRecords" : -1,
      "mapOutputBytes" : -1,
      "mapOutputRecords" : -1,
      "combineInputRecords" : -1,
      "reduceInputGroups" : -1,
      "reduceInputRecords" : -1,
      "reduceShuffleBytes" : -1,
      "reduceOutputRecords" : -1,
      "spilledRecords" : -1,
      "mapInputBytes" : -1,
      "resourceUsageMetrics" : {
        "cumulativeCpuUsage" : 0,
        "virtualMemoryUsage" : 0,
        "physicalMemoryUsage" : 0,
        "heapUsage" : 0
      },
      "location" : null,
      "hostName" : null
    } ],
    "finishTime" : 1404656147401,
    "preferredLocations" : [ {
      "layers" : [ "default-rack", "Master" ]
    }, {
      "layers" : [ "default-rack", "Slave7" ]
    }, {
      "layers" : [ "default-rack", "Slave5" ]
    } ],
    "taskType" : "MAP",
    "taskStatus" : "SUCCESS",
    "taskID" : "task_201407020230_0511_m_000033",
    "inputBytes" : 12371929,
    "inputRecords" : 68633,
    "outputBytes" : 206445560,
    "outputRecords" : 7508828
  }, {
    "startTime" : 1404656066572,
    "attempts" : [ {
      "result" : "SUCCESS",
      "startTime" : 1404656064443,
      "finishTime" : 1404656146009,
      "attemptID" : "attempt_201407020230_0511_m_000037_0",
      "shuffleFinished" : -1,
      "sortFinished" : -1,
      "hdfsBytesRead" : 12311829,
      "hdfsBytesWritten" : -1,
      "fileBytesRead" : 128641704,
      "fileBytesWritten" : 203906414,
      "mapInputRecords" : 67951,
      "mapOutputBytes" : 123101648,
      "mapOutputRecords" : 7431706,
      "combineInputRecords" : 12343128,
      "reduceInputGroups" : -1,
      "reduceInputRecords" : -1,
      "reduceShuffleBytes" : -1,
      "reduceOutputRecords" : -1,
      "spilledRecords" : 10100775,
      "mapInputBytes" : -1,
      "resourceUsageMetrics" : {
        "cumulativeCpuUsage" : 93560,
        "virtualMemoryUsage" : 1434722304,
        "physicalMemoryUsage" : 683823104,
        "heapUsage" : 791674880
      },
      "location" : {
        "layers" : [ "default-rack", "Slave7" ]
      },
      "hostName" : "/default-rack/Slave7"
    } ],
    "finishTime" : 1404656148306,
    "preferredLocations" : [ {
      "layers" : [ "default-rack", "Master" ]
    }, {
      "layers" : [ "default-rack", "Slave6" ]
    }, {
      "layers" : [ "default-rack", "Slave7" ]
    } ],
    "taskType" : "MAP",
    "taskStatus" : "SUCCESS",
    "taskID" : "task_201407020230_0511_m_000037",
    "inputBytes" : 12311829,
    "inputRecords" : 67951,
    "outputBytes" : 203906414,
    "outputRecords" : 7431706
  }, {
    "startTime" : 1404656070212,
    "attempts" : [ {
      "result" : "SUCCESS",
      "startTime" : 1404656070214,
      "finishTime" : 1404656166082,
      "attemptID" : "attempt_201407020230_0511_m_000028_0",
      "shuffleFinished" : -1,
      "sortFinished" : -1,
      "hdfsBytesRead" : 12433660,
      "hdfsBytesWritten" : -1,
      "fileBytesRead" : 129177245,
      "fileBytesWritten" : 204978682,
      "mapInputRecords" : 73689,
      "mapOutputBytes" : 123979654,
      "mapOutputRecords" : 7498062,
      "combineInputRecords" : 12447565,
      "reduceInputGroups" : -1,
      "reduceInputRecords" : -1,
      "reduceShuffleBytes" : -1,
      "reduceOutputRecords" : -1,
      "spilledRecords" : 10158490,
      "mapInputBytes" : -1,
      "resourceUsageMetrics" : {
        "cumulativeCpuUsage" : 108940,
        "virtualMemoryUsage" : 1435865088,
        "physicalMemoryUsage" : 680161280,
        "heapUsage" : 793772032
      },
      "location" : {
        "layers" : [ "default-rack", "Master" ]
      },
      "hostName" : "/default-rack/Master"
    } ],
    "finishTime" : 1404656166164,
    "preferredLocations" : [ {
      "layers" : [ "default-rack", "Master" ]
    }, {
      "layers" : [ "default-rack", "Slave1" ]
    }, {
      "layers" : [ "default-rack", "Slave2" ]
    } ],
    "taskType" : "MAP",
    "taskStatus" : "SUCCESS",
    "taskID" : "task_201407020230_0511_m_000028",
    "inputBytes" : 12433660,
    "inputRecords" : 73689,
    "outputBytes" : 204978682,
    "outputRecords" : 7498062
  }, {
    "startTime" : 1404656072301,
    "attempts" : [ {
      "result" : "SUCCESS",
      "startTime" : 1404655657996,
      "finishTime" : 1404655754603,
      "attemptID" : "attempt_201407020230_0511_m_000035_0",
      "shuffleFinished" : -1,
      "sortFinished" : -1,
      "hdfsBytesRead" : 12353033,
      "hdfsBytesWritten" : -1,
      "fileBytesRead" : 129249679,
      "fileBytesWritten" : 204836730,
      "mapInputRecords" : 68230,
      "mapOutputBytes" : 123737856,
      "mapOutputRecords" : 7499224,
      "combineInputRecords" : 12457193,
      "reduceInputGroups" : -1,
      "reduceInputRecords" : -1,
      "reduceShuffleBytes" : -1,
      "reduceOutputRecords" : -1,
      "spilledRecords" : 10169540,
      "mapInputBytes" : -1,
      "resourceUsageMetrics" : {
        "cumulativeCpuUsage" : 106860,
        "virtualMemoryUsage" : 1426763776,
        "physicalMemoryUsage" : 679526400,
        "heapUsage" : 801112064
      },
      "location" : {
        "layers" : [ "default-rack", "Slave1" ]
      },
      "hostName" : "/default-rack/Slave1"
    } ],
    "finishTime" : 1404656169212,
    "preferredLocations" : [ {
      "layers" : [ "default-rack", "Master" ]
    }, {
      "layers" : [ "default-rack", "Slave6" ]
    }, {
      "layers" : [ "default-rack", "Slave1" ]
    } ],
    "taskType" : "MAP",
    "taskStatus" : "SUCCESS",
    "taskID" : "task_201407020230_0511_m_000035",
    "inputBytes" : 12353033,
    "inputRecords" : 68230,
    "outputBytes" : 204836730,
    "outputRecords" : 7499224
  }, {
    "startTime" : 1404656072571,
    "attempts" : [ {
      "result" : "SUCCESS",
      "startTime" : 1404656567332,
      "finishTime" : 1404656664320,
      "attemptID" : "attempt_201407020230_0511_m_000034_0",
      "shuffleFinished" : -1,
      "sortFinished" : -1,
      "hdfsBytesRead" : 12364757,
      "hdfsBytesWritten" : -1,
      "fileBytesRead" : 129396046,
      "fileBytesWritten" : 205112321,
      "mapInputRecords" : 65823,
      "mapOutputBytes" : 124117076,
      "mapOutputRecords" : 7526872,
      "combineInputRecords" : 12502592,
      "reduceInputGroups" : -1,
      "reduceInputRecords" : -1,
      "reduceShuffleBytes" : -1,
      "reduceOutputRecords" : -1,
      "spilledRecords" : 10194402,
      "mapInputBytes" : -1,
      "resourceUsageMetrics" : {
        "cumulativeCpuUsage" : 112340,
        "virtualMemoryUsage" : 1439084544,
        "physicalMemoryUsage" : 684900352,
        "heapUsage" : 816840704
      },
      "location" : {
        "layers" : [ "default-rack", "Slave2" ]
      },
      "hostName" : "/default-rack/Slave2"
    }, {
      "result" : "KILLED",
      "startTime" : 1404654718445,
      "finishTime" : 1404654808620,
      "attemptID" : "attempt_201407020230_0511_m_000034_1",
      "shuffleFinished" : -1,
      "sortFinished" : -1,
      "hdfsBytesRead" : -1,
      "hdfsBytesWritten" : -1,
      "fileBytesRead" : -1,
      "fileBytesWritten" : -1,
      "mapInputRecords" : -1,
      "mapOutputBytes" : -1,
      "mapOutputRecords" : -1,
      "combineInputRecords" : -1,
      "reduceInputGroups" : -1,
      "reduceInputRecords" : -1,
      "reduceShuffleBytes" : -1,
      "reduceOutputRecords" : -1,
      "spilledRecords" : -1,
      "mapInputBytes" : -1,
      "resourceUsageMetrics" : {
        "cumulativeCpuUsage" : 0,
        "virtualMemoryUsage" : 0,
        "physicalMemoryUsage" : 0,
        "heapUsage" : 0
      },
      "location" : null,
      "hostName" : null
    } ],
    "finishTime" : 1404656169793,
    "preferredLocations" : [ {
      "layers" : [ "default-rack", "Master" ]
    }, {
      "layers" : [ "default-rack", "Slave2" ]
    }, {
      "layers" : [ "default-rack", "Slave3" ]
    } ],
    "taskType" : "MAP",
    "taskStatus" : "SUCCESS",
    "taskID" : "task_201407020230_0511_m_000034",
    "inputBytes" : 12364757,
    "inputRecords" : 65823,
    "outputBytes" : 205112321,
    "outputRecords" : 7526872
  }, {
    "startTime" : 1404656073177,
    "attempts" : [ {
      "result" : "SUCCESS",
      "startTime" : 1404656567938,
      "finishTime" : 1404656666231,
      "attemptID" : "attempt_201407020230_0511_m_000039_0",
      "shuffleFinished" : -1,
      "sortFinished" : -1,
      "hdfsBytesRead" : 12288755,
      "hdfsBytesWritten" : -1,
      "fileBytesRead" : 128440565,
      "fileBytesWritten" : 203281465,
      "mapInputRecords" : 64633,
      "mapOutputBytes" : 123285052,
      "mapOutputRecords" : 7452768,
      "combineInputRecords" : 12357497,
      "reduceInputGroups" : -1,
      "reduceInputRecords" : -1,
      "reduceShuffleBytes" : -1,
      "reduceOutputRecords" : -1,
      "spilledRecords" : 10074325,
      "mapInputBytes" : -1,
      "resourceUsageMetrics" : {
        "cumulativeCpuUsage" : 116670,
        "virtualMemoryUsage" : 1437863936,
        "physicalMemoryUsage" : 684650496,
        "heapUsage" : 816840704
      },
      "location" : {
        "layers" : [ "default-rack", "Slave2" ]
      },
      "hostName" : "/default-rack/Slave2"
    }, {
      "result" : "KILLED",
      "startTime" : 1404654460747,
      "finishTime" : 1404654539411,
      "attemptID" : "attempt_201407020230_0511_m_000039_1",
      "shuffleFinished" : -1,
      "sortFinished" : -1,
      "hdfsBytesRead" : -1,
      "hdfsBytesWritten" : -1,
      "fileBytesRead" : -1,
      "fileBytesWritten" : -1,
      "mapInputRecords" : -1,
      "mapOutputBytes" : -1,
      "mapOutputRecords" : -1,
      "combineInputRecords" : -1,
      "reduceInputGroups" : -1,
      "reduceInputRecords" : -1,
      "reduceShuffleBytes" : -1,
      "reduceOutputRecords" : -1,
      "spilledRecords" : -1,
      "mapInputBytes" : -1,
      "resourceUsageMetrics" : {
        "cumulativeCpuUsage" : 0,
        "virtualMemoryUsage" : 0,
        "physicalMemoryUsage" : 0,
        "heapUsage" : 0
      },
      "location" : null,
      "hostName" : null
    } ],
    "finishTime" : 1404656171606,
    "preferredLocations" : [ {
      "layers" : [ "default-rack", "Master" ]
    }, {
      "layers" : [ "default-rack", "Slave2" ]
    }, {
      "layers" : [ "default-rack", "Slave5" ]
    } ],
    "taskType" : "MAP",
    "taskStatus" : "SUCCESS",
    "taskID" : "task_201407020230_0511_m_000039",
    "inputBytes" : 12288755,
    "inputRecords" : 64633,
    "outputBytes" : 203281465,
    "outputRecords" : 7452768
  }, {
    "startTime" : 1404656074441,
    "attempts" : [ {
      "result" : "SUCCESS",
      "startTime" : 1404656074443,
      "finishTime" : 1404656170601,
      "attemptID" : "attempt_201407020230_0511_m_000036_0",
      "shuffleFinished" : -1,
      "sortFinished" : -1,
      "hdfsBytesRead" : 12328737,
      "hdfsBytesWritten" : -1,
      "fileBytesRead" : 128616612,
      "fileBytesWritten" : 203893601,
      "mapInputRecords" : 72713,
      "mapOutputBytes" : 123026920,
      "mapOutputRecords" : 7440636,
      "combineInputRecords" : 12353240,
      "reduceInputGroups" : -1,
      "reduceInputRecords" : -1,
      "reduceShuffleBytes" : -1,
      "reduceOutputRecords" : -1,
      "spilledRecords" : 10096636,
      "mapInputBytes" : -1,
      "resourceUsageMetrics" : {
        "cumulativeCpuUsage" : 110190,
        "virtualMemoryUsage" : 1435435008,
        "physicalMemoryUsage" : 681070592,
        "heapUsage" : 780664832
      },
      "location" : {
        "layers" : [ "default-rack", "Master" ]
      },
      "hostName" : "/default-rack/Master"
    } ],
    "finishTime" : 1404656170689,
    "preferredLocations" : [ {
      "layers" : [ "default-rack", "Master" ]
    }, {
      "layers" : [ "default-rack", "Slave1" ]
    }, {
      "layers" : [ "default-rack", "Slave5" ]
    } ],
    "taskType" : "MAP",
    "taskStatus" : "SUCCESS",
    "taskID" : "task_201407020230_0511_m_000036",
    "inputBytes" : 12328737,
    "inputRecords" : 72713,
    "outputBytes" : 203893601,
    "outputRecords" : 7440636
  }, {
    "startTime" : 1404656076220,
    "attempts" : [ {
      "result" : "SUCCESS",
      "startTime" : 1404654888959,
      "finishTime" : 1404654977320,
      "attemptID" : "attempt_201407020230_0511_m_000038_0",
      "shuffleFinished" : -1,
      "sortFinished" : -1,
      "hdfsBytesRead" : 12296939,
      "hdfsBytesWritten" : -1,
      "fileBytesRead" : 128374920,
      "fileBytesWritten" : 203458338,
      "mapInputRecords" : 68970,
      "mapOutputBytes" : 123053642,
      "mapOutputRecords" : 7451218,
      "combineInputRecords" : 12367642,
      "reduceInputGroups" : -1,
      "reduceInputRecords" : -1,
      "reduceShuffleBytes" : -1,
      "reduceOutputRecords" : -1,
      "spilledRecords" : 10099504,
      "mapInputBytes" : -1,
      "resourceUsageMetrics" : {
        "cumulativeCpuUsage" : 103250,
        "virtualMemoryUsage" : 1434845184,
        "physicalMemoryUsage" : 683393024,
        "heapUsage" : 792199168
      },
      "location" : {
        "layers" : [ "default-rack", "Slave6" ]
      },
      "hostName" : "/default-rack/Slave6"
    }, {
      "result" : "KILLED",
      "startTime" : 1404654720864,
      "finishTime" : 1404654804633,
      "attemptID" : "attempt_201407020230_0511_m_000038_1",
      "shuffleFinished" : -1,
      "sortFinished" : -1,
      "hdfsBytesRead" : -1,
      "hdfsBytesWritten" : -1,
      "fileBytesRead" : -1,
      "fileBytesWritten" : -1,
      "mapInputRecords" : -1,
      "mapOutputBytes" : -1,
      "mapOutputRecords" : -1,
      "combineInputRecords" : -1,
      "reduceInputGroups" : -1,
      "reduceInputRecords" : -1,
      "reduceShuffleBytes" : -1,
      "reduceOutputRecords" : -1,
      "spilledRecords" : -1,
      "mapInputBytes" : -1,
      "resourceUsageMetrics" : {
        "cumulativeCpuUsage" : 0,
        "virtualMemoryUsage" : 0,
        "physicalMemoryUsage" : 0,
        "heapUsage" : 0
      },
      "location" : null,
      "hostName" : null
    } ],
    "finishTime" : 1404656164591,
    "preferredLocations" : [ {
      "layers" : [ "default-rack", "Master" ]
    }, {
      "layers" : [ "default-rack", "Slave1" ]
    }, {
      "layers" : [ "default-rack", "Slave3" ]
    } ],
    "taskType" : "MAP",
    "taskStatus" : "SUCCESS",
    "taskID" : "task_201407020230_0511_m_000038",
    "inputBytes" : 12296939,
    "inputRecords" : 68970,
    "outputBytes" : 203458338,
    "outputRecords" : 7451218
  }, {
    "startTime" : 1404656076833,
    "attempts" : [ {
      "result" : "SUCCESS",
      "startTime" : 1404655662528,
      "finishTime" : 1404655756240,
      "attemptID" : "attempt_201407020230_0511_m_000041_0",
      "shuffleFinished" : -1,
      "sortFinished" : -1,
      "hdfsBytesRead" : 11856605,
      "hdfsBytesWritten" : -1,
      "fileBytesRead" : 125956389,
      "fileBytesWritten" : 199450181,
      "mapInputRecords" : 63860,
      "mapOutputBytes" : 118874456,
      "mapOutputRecords" : 7200068,
      "combineInputRecords" : 11989371,
      "reduceInputGroups" : -1,
      "reduceInputRecords" : -1,
      "reduceShuffleBytes" : -1,
      "reduceOutputRecords" : -1,
      "spilledRecords" : 9903301,
      "mapInputBytes" : -1,
      "resourceUsageMetrics" : {
        "cumulativeCpuUsage" : 108490,
        "virtualMemoryUsage" : 1435344896,
        "physicalMemoryUsage" : 681394176,
        "heapUsage" : 808976384
      },
      "location" : {
        "layers" : [ "default-rack", "Slave1" ]
      },
      "hostName" : "/default-rack/Slave1"
    } ],
    "finishTime" : 1404656170722,
    "preferredLocations" : [ {
      "layers" : [ "default-rack", "Master" ]
    }, {
      "layers" : [ "default-rack", "Slave7" ]
    }, {
      "layers" : [ "default-rack", "Slave1" ]
    } ],
    "taskType" : "MAP",
    "taskStatus" : "SUCCESS",
    "taskID" : "task_201407020230_0511_m_000041",
    "inputBytes" : 11856605,
    "inputRecords" : 63860,
    "outputBytes" : 199450181,
    "outputRecords" : 7200068
  }, {
    "startTime" : 1404656079237,
    "attempts" : [ {
      "result" : "SUCCESS",
      "startTime" : 1404654891976,
      "finishTime" : 1404654979292,
      "attemptID" : "attempt_201407020230_0511_m_000040_0",
      "shuffleFinished" : -1,
      "sortFinished" : -1,
      "hdfsBytesRead" : 12075278,
      "hdfsBytesWritten" : -1,
      "fileBytesRead" : 127590924,
      "fileBytesWritten" : 202113087,
      "mapInputRecords" : 63723,
      "mapOutputBytes" : 121122984,
      "mapOutputRecords" : 7324142,
      "combineInputRecords" : 12183029,
      "reduceInputGroups" : -1,
      "reduceInputRecords" : -1,
      "reduceShuffleBytes" : -1,
      "reduceOutputRecords" : -1,
      "spilledRecords" : 10018373,
      "mapInputBytes" : -1,
      "resourceUsageMetrics" : {
        "cumulativeCpuUsage" : 102400,
        "virtualMemoryUsage" : 1436659712,
        "physicalMemoryUsage" : 685629440,
        "heapUsage" : 807403520
      },
      "location" : {
        "layers" : [ "default-rack", "Slave6" ]
      },
      "hostName" : "/default-rack/Slave6"
    } ],
    "finishTime" : 1404656166700,
    "preferredLocations" : [ {
      "layers" : [ "default-rack", "Master" ]
    }, {
      "layers" : [ "default-rack", "Slave5" ]
    }, {
      "layers" : [ "default-rack", "Slave7" ]
    } ],
    "taskType" : "MAP",
    "taskStatus" : "SUCCESS",
    "taskID" : "task_201407020230_0511_m_000040",
    "inputBytes" : 12075278,
    "inputRecords" : 63723,
    "outputBytes" : 202113087,
    "outputRecords" : 7324142
  }, {
    "startTime" : 1404656080070,
    "attempts" : [ {
      "result" : "SUCCESS",
      "startTime" : 1404654445066,
      "finishTime" : 1404654460725,
      "attemptID" : "attempt_201407020230_0511_m_000042_0",
      "shuffleFinished" : -1,
      "sortFinished" : -1,
      "hdfsBytesRead" : 2128092,
      "hdfsBytesWritten" : -1,
      "fileBytesRead" : 17114820,
      "fileBytesWritten" : 32968006,
      "mapInputRecords" : 11585,
      "mapOutputBytes" : 21375000,
      "mapOutputRecords" : 1302192,
      "combineInputRecords" : 2169414,
      "reduceInputGroups" : -1,
      "reduceInputRecords" : -1,
      "reduceShuffleBytes" : -1,
      "reduceOutputRecords" : -1,
      "spilledRecords" : 1656281,
      "mapInputBytes" : -1,
      "resourceUsageMetrics" : {
        "cumulativeCpuUsage" : 17140,
        "virtualMemoryUsage" : 1438093312,
        "physicalMemoryUsage" : 683778048,
        "heapUsage" : 792723456
      },
      "location" : {
        "layers" : [ "default-rack", "Slave5" ]
      },
      "hostName" : "/default-rack/Slave5"
    } ],
    "finishTime" : 1404656095751,
    "preferredLocations" : [ {
      "layers" : [ "default-rack", "Master" ]
    }, {
      "layers" : [ "default-rack", "Slave3" ]
    }, {
      "layers" : [ "default-rack", "Slave1" ]
    } ],
    "taskType" : "MAP",
    "taskStatus" : "SUCCESS",
    "taskID" : "task_201407020230_0511_m_000042",
    "inputBytes" : 2128092,
    "inputRecords" : 11585,
    "outputBytes" : 32968006,
    "outputRecords" : 1302192
  } ],
  "finishTime" : 1404657170915,
  "reduceTasks" : [ {
    "startTime" : 1404655975080,
    "attempts" : [ {
      "result" : "SUCCESS",
      "startTime" : 1404655560776,
      "finishTime" : 1404656755027,
      "attemptID" : "attempt_201407020230_0511_r_000000_0",
      "shuffleFinished" : 1404655899463,
      "sortFinished" : 1404655998277,
      "hdfsBytesRead" : -1,
      "hdfsBytesWritten" : 3242590758,
      "fileBytesRead" : 5206756736,
      "fileBytesWritten" : 5206816110,
      "mapInputRecords" : -1,
      "mapOutputBytes" : -1,
      "mapOutputRecords" : -1,
      "combineInputRecords" : 22462571,
      "reduceInputGroups" : 84956653,
      "reduceInputRecords" : 151648564,
      "reduceShuffleBytes" : 3209202456,
      "reduceOutputRecords" : 84956653,
      "spilledRecords" : 251192609,
      "mapInputBytes" : -1,
      "resourceUsageMetrics" : {
        "cumulativeCpuUsage" : 1269590,
        "virtualMemoryUsage" : 1123188736,
        "physicalMemoryUsage" : 588722176,
        "heapUsage" : 523763712
      },
      "location" : {
        "layers" : [ "default-rack", "Slave1" ]
      },
      "hostName" : "/default-rack/Slave1"
    } ],
    "finishTime" : 1404657169404,
    "preferredLocations" : [ ],
    "taskType" : "REDUCE",
    "taskStatus" : "SUCCESS",
    "taskID" : "task_201407020230_0511_r_000000",
    "inputBytes" : 3209202456,
    "inputRecords" : 151648564,
    "outputBytes" : 3242590758,
    "outputRecords" : 84956653
  } ],
  "submitTime" : 1404655853658,
  "launchTime" : 1404655853753,
  "totalMaps" : 43,
  "totalReduces" : 1,
  "otherTasks" : [ {
    "startTime" : 1404655853870,
    "attempts" : [ {
      "result" : "SUCCESS",
      "startTime" : 1404654218961,
      "finishTime" : 1404654220439,
      "attemptID" : "attempt_201407020230_0511_m_000044_0",
      "shuffleFinished" : -1,
      "sortFinished" : -1,
      "hdfsBytesRead" : -1,
      "hdfsBytesWritten" : -1,
      "fileBytesRead" : -1,
      "fileBytesWritten" : 59468,
      "mapInputRecords" : -1,
      "mapOutputBytes" : -1,
      "mapOutputRecords" : -1,
      "combineInputRecords" : -1,
      "reduceInputGroups" : -1,
      "reduceInputRecords" : -1,
      "reduceShuffleBytes" : -1,
      "reduceOutputRecords" : -1,
      "spilledRecords" : 0,
      "mapInputBytes" : -1,
      "resourceUsageMetrics" : {
        "cumulativeCpuUsage" : 130,
        "virtualMemoryUsage" : 1429917696,
        "physicalMemoryUsage" : 124178432,
        "heapUsage" : 504889344
      },
      "location" : {
        "layers" : [ "default-rack", "Slave5" ]
      },
      "hostName" : "/default-rack/Slave5"
    } ],
    "finishTime" : 1404655855688,
    "preferredLocations" : [ ],
    "taskType" : "SETUP",
    "taskStatus" : "SUCCESS",
    "taskID" : "task_201407020230_0511_m_000044",
    "inputBytes" : -1,
    "inputRecords" : -1,
    "outputBytes" : -1,
    "outputRecords" : -1
  }, {
    "startTime" : 1404657169405,
    "attempts" : [ {
      "result" : "SUCCESS",
      "startTime" : 1404656755093,
      "finishTime" : 1404656756563,
      "attemptID" : "attempt_201407020230_0511_m_000043_0",
      "shuffleFinished" : -1,
      "sortFinished" : -1,
      "hdfsBytesRead" : -1,
      "hdfsBytesWritten" : -1,
      "fileBytesRead" : -1,
      "fileBytesWritten" : 59468,
      "mapInputRecords" : -1,
      "mapOutputBytes" : -1,
      "mapOutputRecords" : -1,
      "combineInputRecords" : -1,
      "reduceInputGroups" : -1,
      "reduceInputRecords" : -1,
      "reduceShuffleBytes" : -1,
      "reduceOutputRecords" : -1,
      "spilledRecords" : 0,
      "mapInputBytes" : -1,
      "resourceUsageMetrics" : {
        "cumulativeCpuUsage" : 80,
        "virtualMemoryUsage" : 1426763776,
        "physicalMemoryUsage" : 679706624,
        "heapUsage" : 801112064
      },
      "location" : {
        "layers" : [ "default-rack", "Slave1" ]
      },
      "hostName" : "/default-rack/Slave1"
    } ],
    "finishTime" : 1404657170914,
    "preferredLocations" : [ ],
    "taskType" : "CLEANUP",
    "taskStatus" : "SUCCESS",
    "taskID" : "task_201407020230_0511_m_000043",
    "inputBytes" : -1,
    "inputRecords" : -1,
    "outputBytes" : -1,
    "outputRecords" : -1
  } ],
  "queue" : "default",
  "jobProperties" : {
    "fs.s3n.impl" : "org.apache.hadoop.fs.s3native.NativeS3FileSystem",
    "mapred.task.cache.levels" : "2",
    "mapreduce.job.restart.recover" : "true",
    "mapreduce.job.counters.max" : "120",
    "dfs.client.use.datanode.hostname" : "false",
    "hadoop.tmp.dir" : "/tmp/hadoop-${user.name}",
    "hadoop.native.lib" : "true",
    "map.sort.class" : "org.apache.hadoop.util.QuickSort",
    "dfs.namenode.decommission.nodes.per.interval" : "5",
    "dfs.https.need.client.auth" : "false",
    "dfs.datanode.drop.cache.behind.writes" : "false",
    "ipc.client.idlethreshold" : "4000",
    "mapred.system.dir" : "${hadoop.tmp.dir}/mapred/system",
    "dfs.datanode.data.dir.perm" : "755",
    "mapred.job.tracker.persist.jobstatus.hours" : "0",
    "dfs.namenode.logging.level" : "info",
    "dfs.datanode.address" : "0.0.0.0:50010",
    "io.skip.checksum.errors" : "false",
    "dfs.block.access.token.enable" : "false",
    "fs.default.name" : "hdfs://Master:9000",
    "mapred.cluster.reduce.memory.mb" : "-1",
    "mapred.reducer.new-api" : "true",
    "mapred.child.tmp" : "./tmp",
    "fs.har.impl.disable.cache" : "true",
    "dfs.safemode.threshold.pct" : "0.999f",
    "mapred.skip.reduce.max.skip.groups" : "0",
    "mapred.heartbeats.in.second" : "100",
    "dfs.namenode.handler.count" : "10",
    "dfs.blockreport.initialDelay" : "0",
    "mapred.tasktracker.dns.nameserver" : "default",
    "io.sort.factor" : "10",
    "dfs.datanode.drop.cache.behind.reads" : "false",
    "mapred.task.timeout" : "600000",
    "mapred.max.tracker.failures" : "4",
    "hadoop.rpc.socket.factory.class.default" : "org.apache.hadoop.net.StandardSocketFactory",
    "mapred.job.tracker.jobhistory.lru.cache.size" : "5",
    "fs.hdfs.impl" : "org.apache.hadoop.hdfs.DistributedFileSystem",
    "mapred.queue.default.acl-administer-jobs" : "*",
    "dfs.namenode.stale.datanode.interval" : "30000",
    "mapred.output.key.class" : "WordPair",
    "dfs.block.access.key.update.interval" : "600",
    "mapred.skip.map.auto.incr.proc.count" : "true",
    "mapreduce.job.complete.cancel.delegation.tokens" : "true",
    "io.mapfile.bloom.size" : "1048576",
    "mapreduce.reduce.shuffle.connect.timeout" : "180000",
    "dfs.safemode.extension" : "30000",
    "mapred.jobtracker.blacklist.fault-timeout-window" : "180",
    "dfs.namenode.write.stale.datanode.ratio" : "0.5f",
    "hadoop.skip.worker.version.check" : "false",
    "tasktracker.http.threads" : "40",
    "net.topology.impl" : "org.apache.hadoop.net.NetworkTopology",
    "mapred.job.shuffle.merge.percent" : "0.6",
    "fs.ftp.impl" : "org.apache.hadoop.fs.ftp.FTPFileSystem",
    "user.name" : "trend-hadoop",
    "dfs.namenode.kerberos.internal.spnego.principal" : "${dfs.web.authentication.kerberos.principal}",
    "mapred.output.compress" : "false",
    "io.bytes.per.checksum" : "512",
    "mapred.combine.recordsBeforeProgress" : "10000",
    "mapred.healthChecker.script.timeout" : "600000",
    "topology.node.switch.mapping.impl" : "org.apache.hadoop.net.ScriptBasedMapping",
    "dfs.https.server.keystore.resource" : "ssl-server.xml",
    "mapred.reduce.slowstart.completed.maps" : "0.07",
    "mapred.reduce.max.attempts" : "4",
    "dfs.namenode.safemode.min.datanodes" : "0",
    "mapreduce.ifile.readahead.bytes" : "4194304",
    "fs.ramfs.impl" : "org.apache.hadoop.fs.InMemoryFileSystem",
    "dfs.block.access.token.lifetime" : "600",
    "mapred.skip.map.max.skip.records" : "0",
    "dfs.name.edits.dir" : "${dfs.name.dir}",
    "mapred.cluster.map.memory.mb" : "-1",
    "hadoop.security.group.mapping" : "org.apache.hadoop.security.ShellBasedUnixGroupsMapping",
    "mapred.job.tracker.persist.jobstatus.dir" : "/jobtracker/jobsInfo",
    "mapred.jar" : "hdfs://Master:9000/tmp/hadoop-trend-hadoop/mapred/staging/trend-hadoop/.staging/job_201407020230_0511/job.jar",
    "fs.s3.buffer.dir" : "${hadoop.tmp.dir}/s3",
    "dfs.block.size" : "67108864",
    "job.end.retry.attempts" : "0",
    "fs.file.impl" : "org.apache.hadoop.fs.LocalFileSystem",
    "dfs.namenode.avoid.write.stale.datanode" : "false",
    "dfs.datanode.max.xcievers" : "4096",
    "mapred.local.dir.minspacestart" : "0",
    "mapred.output.compression.type" : "RECORD",
    "dfs.datanode.ipc.address" : "0.0.0.0:50020",
    "dfs.permissions" : "true",
    "topology.script.number.args" : "100",
    "mapreduce.job.counters.groups.max" : "50",
    "io.mapfile.bloom.error.rate" : "0.005",
    "mapred.cluster.max.reduce.memory.mb" : "-1",
    "mapred.max.tracker.blacklists" : "4",
    "mapred.task.profile.maps" : "0-2",
    "mapred.jobtracker.jobSchedulable" : "org.apache.hadoop.mapred.JobSchedulable",
    "dfs.datanode.https.address" : "0.0.0.0:50475",
    "mapred.userlog.retain.hours" : "24",
    "dfs.secondary.http.address" : "0.0.0.0:50090",
    "dfs.namenode.replication.work.multiplier.per.iteration" : "2",
    "dfs.replication.max" : "512",
    "mapred.job.tracker.persist.jobstatus.active" : "false",
    "hadoop.security.authorization" : "false",
    "local.cache.size" : "10737418240",
    "mapred.min.split.size" : "134217728",
    "dfs.namenode.delegation.token.renew-interval" : "86400000",
    "mapred.map.tasks" : "43",
    "mapred.child.java.opts" : "-Xmx200m",
    "mapred.output.value.class" : "org.apache.hadoop.io.IntWritable",
    "dfs.https.client.keystore.resource" : "ssl-client.xml",
    "ipc.client.fallback-to-simple-auth-allowed" : "false",
    "mapred.job.queue.name" : "default",
    "mapred.job.tracker.retiredjobs.cache.size" : "1000",
    "dfs.https.address" : "0.0.0.0:50470",
    "dfs.balance.bandwidthPerSec" : "1048576",
    "ipc.server.listen.queue.size" : "128",
    "dfs.namenode.invalidate.work.pct.per.iteration" : "0.32f",
    "mapred.inmem.merge.threshold" : "800",
    "job.end.retry.interval" : "30000",
    "mapred.skip.attempts.to.start.skipping" : "2",
    "mapreduce.tasktracker.outofband.heartbeat.damper" : "1000000",
    "hadoop.security.use-weak-http-crypto" : "false",
    "fs.checkpoint.dir" : "${hadoop.tmp.dir}/dfs/namesecondary",
    "dfs.namenode.avoid.read.stale.datanode" : "false",
    "mapred.reduce.tasks" : "1",
    "mapred.merge.recordsBeforeProgress" : "10000",
    "mapred.userlog.limit.kb" : "0",
    "mapred.job.reduce.memory.mb" : "-1",
    "webinterface.private.actions" : "false",
    "dfs.max.objects" : "0",
    "hadoop.security.token.service.use_ip" : "true",
    "io.sort.spill.percent" : "0.5",
    "mapred.job.shuffle.input.buffer.percent" : "0.6",
    "mapred.map.tasks.speculative.execution" : "true",
    "hadoop.http.authentication.type" : "simple",
    "mapred.job.name" : "pairs-co-occur",
    "hadoop.util.hash.type" : "murmur",
    "dfs.datanode.dns.nameserver" : "default",
    "hadoop.security.instrumentation.requires.admin" : "false",
    "dfs.blockreport.intervalMsec" : "3600000",
    "dfs.datanode.readahead.bytes" : "4193404",
    "mapred.map.max.attempts" : "4",
    "mapreduce.job.acl-view-job" : " ",
    "mapreduce.ifile.readahead" : "true",
    "mapred.jobtracker.nodegroup.aware" : "false",
    "mapred.job.tracker.handler.count" : "10",
    "dfs.client.block.write.retries" : "3",
    "mapreduce.reduce.shuffle.read.timeout" : "180000",
    "mapred.tasktracker.expiry.interval" : "600000",
    "dfs.secondary.namenode.kerberos.internal.spnego.principal" : "${dfs.web.authentication.kerberos.principal}",
    "dfs.https.enable" : "false",
    "mapred.jobtracker.job.history.block.size" : "3145728",
    "mapred.jobtracker.maxtasks.per.job" : "-1",
    "keep.failed.task.files" : "false",
    "dfs.datanode.use.datanode.hostname" : "false",
    "dfs.datanode.failed.volumes.tolerated" : "0",
    "ipc.client.tcpnodelay" : "false",
    "mapred.task.profile.reduces" : "0-2",
    "io.map.index.skip" : "0",
    "mapred.output.compression.codec" : "org.apache.hadoop.io.compress.DefaultCodec",
    "hadoop.http.authentication.token.validity" : "36000",
    "ipc.server.tcpnodelay" : "false",
    "hadoop.jetty.logs.serve.aliases" : "true",
    "mapred.working.dir" : "hdfs://Master:9000/user/trend-hadoop",
    "mapred.jobtracker.blacklist.fault-bucket-width" : "15",
    "dfs.namenode.delegation.key.update-interval" : "86400000",
    "mapred.used.genericoptionsparser" : "true",
    "mapred.job.map.memory.mb" : "-1",
    "mapred.mapper.new-api" : "true",
    "dfs.default.chunk.view.size" : "32768",
    "hadoop.logfile.size" : "10000000",
    "mapred.reduce.tasks.speculative.execution" : "true",
    "mapreduce.tasktracker.outofband.heartbeat" : "false",
    "mapreduce.job.dir" : "hdfs://Master:9000/tmp/hadoop-trend-hadoop/mapred/staging/trend-hadoop/.staging/job_201407020230_0511",
    "mapreduce.reduce.input.limit" : "-1",
    "dfs.datanode.du.reserved" : "0",
    "dfs.datanode.sync.behind.writes" : "false",
    "hadoop.security.authentication" : "simple",
    "fs.checkpoint.period" : "3600",
    "mapred.job.reuse.jvm.num.tasks" : "-1",
    "dfs.web.ugi" : "webuser,webgroup",
    "mapred.jobtracker.completeuserjobs.maximum" : "100",
    "dfs.df.interval" : "60000",
    "mapred.task.tracker.task-controller" : "org.apache.hadoop.mapred.DefaultTaskController",
    "dfs.data.dir" : "${hadoop.tmp.dir}/dfs/data",
    "fs.s3.maxRetries" : "4",
    "dfs.datanode.dns.interface" : "default",
    "mapred.cluster.max.map.memory.mb" : "-1",
    "mapreduce.reduce.shuffle.maxfetchfailures" : "10",
    "mapred.map.child.java.opts" : "-Xmx800M",
    "mapreduce.job.acl-modify-job" : " ",
    "fs.hftp.impl" : "org.apache.hadoop.hdfs.HftpFileSystem",
    "mapred.local.dir" : "${hadoop.tmp.dir}/mapred/local",
    "dfs.permissions.supergroup" : "supergroup",
    "fs.s3.sleepTimeSeconds" : "10",
    "fs.trash.interval" : "0",
    "mapred.submit.replication" : "10",
    "dfs.replication.min" : "1",
    "fs.har.impl" : "org.apache.hadoop.fs.HarFileSystem",
    "hadoop.relaxed.worker.version.check" : "false",
    "mapred.map.output.compression.codec" : "org.apache.hadoop.io.compress.DefaultCodec",
    "mapred.tasktracker.dns.interface" : "default",
    "dfs.http.address" : "0.0.0.0:50070",
    "dfs.namenode.decommission.interval" : "30",
    "mapred.job.tracker" : "Master:9001",
    "dfs.heartbeat.interval" : "3",
    "hadoop.http.authentication.signature.secret.file" : "${user.home}/hadoop-http-auth-signature-secret",
    "io.seqfile.sorter.recordlimit" : "1000000",
    "mapreduce.job.submithost" : "Master",
    "dfs.name.dir" : "${hadoop.tmp.dir}/dfs/name",
    "mapred.jobtracker.taskScheduler" : "org.apache.hadoop.mapred.JobQueueTaskScheduler",
    "mapred.line.input.format.linespermap" : "1",
    "dfs.datanode.http.address" : "0.0.0.0:50075",
    "fs.webhdfs.impl" : "org.apache.hadoop.hdfs.web.WebHdfsFileSystem",
    "mapred.local.dir.minspacekill" : "0",
    "dfs.image.transfer.bandwidthPerSec" : "0",
    "dfs.replication.interval" : "3",
    "io.sort.record.percent" : "0.06",
    "hadoop.http.authentication.kerberos.principal" : "HTTP/localhost@LOCALHOST",
    "mapreduce.reduce.class" : "PairsReducer",
    "fs.kfs.impl" : "org.apache.hadoop.fs.kfs.KosmosFileSystem",
    "mapred.tasktracker.reduce.tasks.maximum" : "4",
    "mapred.temp.dir" : "${hadoop.tmp.dir}/mapred/temp",
    "dfs.replication" : "3",
    "fs.checkpoint.edits.dir" : "${fs.checkpoint.dir}",
    "mapreduce.jobhistory.max-age-ms" : "2592000000",
    "mapred.tasktracker.tasks.sleeptime-before-sigkill" : "5000",
    "mapred.job.reduce.input.buffer.percent" : "0.9",
    "mapred.tasktracker.indexcache.mb" : "10",
    "dfs.webhdfs.enabled" : "false",
    "mapreduce.job.split.metainfo.maxsize" : "10000000",
    "hadoop.logfile.count" : "10",
    "mapred.skip.reduce.auto.incr.proc.count" : "true",
    "mapreduce.job.submithostaddress" : "192.168.168.50",
    "io.seqfile.compress.blocksize" : "1000000",
    "fs.s3.block.size" : "67108864",
    "mapred.tasktracker.taskmemorymanager.monitoring-interval" : "5000",
    "hadoop.http.authentication.simple.anonymous.allowed" : "true",
    "mapreduce.jobtracker.staging.root.dir" : "${hadoop.tmp.dir}/mapred/staging",
    "mapred.acls.enabled" : "false",
    "mapred.queue.default.state" : "RUNNING",
    "mapred.queue.names" : "default",
    "fs.hsftp.impl" : "org.apache.hadoop.hdfs.HsftpFileSystem",
    "dfs.access.time.precision" : "3600000",
    "mapred.task.tracker.http.address" : "0.0.0.0:50060",
    "mapreduce.combine.class" : "PairsReducer",
    "io.seqfile.lazydecompress" : "true",
    "mapred.reduce.parallel.copies" : "5",
    "mapred.disk.healthChecker.interval" : "60000",
    "mapred.output.dir" : "/wiki-out",
    "ipc.client.connection.maxidletime" : "10000",
    "io.sort.mb" : "300",
    "mapred.reduce.child.java.opts" : "-Xmx500M",
    "mapred.task.tracker.report.address" : "127.0.0.1:0",
    "hadoop.security.uid.cache.secs" : "14400",
    "mapred.compress.map.output" : "false",
    "ipc.client.kill.max" : "10",
    "mapred.healthChecker.interval" : "60000",
    "ipc.client.connect.max.retries" : "10",
    "mapreduce.map.class" : "PairsOccurrenceMapper",
    "fs.s3.impl" : "org.apache.hadoop.fs.s3.S3FileSystem",
    "mapred.user.jobconf.limit" : "5242880",
    "mapreduce.job.counters.group.name.max" : "128",
    "mapred.job.tracker.http.address" : "0.0.0.0:50030",
    "mapred.input.dir" : "hdfs://Master:9000/wiki-in500M",
    "io.file.buffer.size" : "4096",
    "mapred.jobtracker.restart.recover" : "false",
    "io.serializations" : "org.apache.hadoop.io.serializer.WritableSerialization",
    "mapred.task.profile" : "false",
    "dfs.datanode.handler.count" : "3",
    "mapreduce.input.num.files" : "43",
    "mapreduce.jobhistory.cleaner.interval-ms" : "86400000",
    "dfs.replication.considerLoad" : "true",
    "jobclient.output.filter" : "FAILED",
    "dfs.namenode.edits.toleration.length" : "0",
    "hadoop.http.authentication.kerberos.keytab" : "${user.home}/hadoop.keytab",
    "dfs.namenode.delegation.token.max-lifetime" : "604800000",
    "mapred.tasktracker.map.tasks.maximum" : "4",
    "fs.checkpoint.size" : "67108864",
    "io.compression.codecs" : "org.apache.hadoop.io.compress.DefaultCodec,org.apache.hadoop.io.compress.GzipCodec,org.apache.hadoop.io.compress.BZip2Codec,org.apache.hadoop.io.compress.SnappyCodec",
    "mapreduce.job.counters.counter.name.max" : "64"
  },
  "computonsPerMapInputByte" : -1,
  "computonsPerMapOutputByte" : -1,
  "computonsPerReduceInputByte" : -1,
  "computonsPerReduceOutputByte" : -1,
  "heapMegabytes" : 200,
  "outcome" : "SUCCESS",
  "jobtype" : "JAVA",
  "directDependantJobs" : [ ],
  "successfulMapAttemptCDFs" : [ {
    "minimum" : 81508,
    "maximum" : 181607,
    "rankings" : [ {
      "relativeRanking" : 0.05,
      "datum" : 81566
    }, {
      "relativeRanking" : 0.1,
      "datum" : 83418
    }, {
      "relativeRanking" : 0.15,
      "datum" : 87763
    }, {
      "relativeRanking" : 0.2,
      "datum" : 88899
    }, {
      "relativeRanking" : 0.25,
      "datum" : 90674
    }, {
      "relativeRanking" : 0.3,
      "datum" : 95868
    }, {
      "relativeRanking" : 0.35,
      "datum" : 96607
    }, {
      "relativeRanking" : 0.4,
      "datum" : 96988
    }, {
      "relativeRanking" : 0.45,
      "datum" : 98174
    }, {
      "relativeRanking" : 0.5,
      "datum" : 98516
    }, {
      "relativeRanking" : 0.55,
      "datum" : 99153
    }, {
      "relativeRanking" : 0.6,
      "datum" : 115312
    }, {
      "relativeRanking" : 0.65,
      "datum" : 117890
    }, {
      "relativeRanking" : 0.7,
      "datum" : 118910
    }, {
      "relativeRanking" : 0.75,
      "datum" : 121406
    }, {
      "relativeRanking" : 0.8,
      "datum" : 126903
    }, {
      "relativeRanking" : 0.85,
      "datum" : 133769
    }, {
      "relativeRanking" : 0.9,
      "datum" : 135052
    }, {
      "relativeRanking" : 0.95,
      "datum" : 137957
    } ],
    "numberValues" : 40
  }, {
    "minimum" : 15659,
    "maximum" : 88361,
    "rankings" : [ {
      "relativeRanking" : 0.05,
      "datum" : 15659
    }, {
      "relativeRanking" : 0.1,
      "datum" : 15659
    }, {
      "relativeRanking" : 0.15,
      "datum" : 15659
    }, {
      "relativeRanking" : 0.2,
      "datum" : 15659
    }, {
      "relativeRanking" : 0.25,
      "datum" : 15659
    }, {
      "relativeRanking" : 0.3,
      "datum" : 15659
    }, {
      "relativeRanking" : 0.35,
      "datum" : 15659
    }, {
      "relativeRanking" : 0.4,
      "datum" : 15659
    }, {
      "relativeRanking" : 0.45,
      "datum" : 15659
    }, {
      "relativeRanking" : 0.5,
      "datum" : 15659
    }, {
      "relativeRanking" : 0.55,
      "datum" : 15659
    }, {
      "relativeRanking" : 0.6,
      "datum" : 15659
    }, {
      "relativeRanking" : 0.65,
      "datum" : 15659
    }, {
      "relativeRanking" : 0.7,
      "datum" : 87316
    }, {
      "relativeRanking" : 0.75,
      "datum" : 87316
    }, {
      "relativeRanking" : 0.8,
      "datum" : 87316
    }, {
      "relativeRanking" : 0.85,
      "datum" : 87316
    }, {
      "relativeRanking" : 0.9,
      "datum" : 87316
    }, {
      "relativeRanking" : 0.95,
      "datum" : 87316
    } ],
    "numberValues" : 3
  }, {
    "minimum" : -9223372036854775808,
    "maximum" : 9223372036854775807,
    "rankings" : [ ],
    "numberValues" : 0
  }, {
    "minimum" : -9223372036854775808,
    "maximum" : 9223372036854775807,
    "rankings" : [ ],
    "numberValues" : 0
  } ],
  "failedMapAttemptCDFs" : [ {
    "minimum" : -9223372036854775808,
    "maximum" : 9223372036854775807,
    "rankings" : [ ],
    "numberValues" : 0
  }, {
    "minimum" : -9223372036854775808,
    "maximum" : 9223372036854775807,
    "rankings" : [ ],
    "numberValues" : 0
  }, {
    "minimum" : -9223372036854775808,
    "maximum" : 9223372036854775807,
    "rankings" : [ ],
    "numberValues" : 0
  }, {
    "minimum" : -9223372036854775808,
    "maximum" : 9223372036854775807,
    "rankings" : [ ],
    "numberValues" : 0
  } ],
  "successfulReduceAttemptCDF" : {
    "minimum" : 1194251,
    "maximum" : 1194251,
    "rankings" : [ {
      "relativeRanking" : 0.05,
      "datum" : 1194251
    }, {
      "relativeRanking" : 0.1,
      "datum" : 1194251
    }, {
      "relativeRanking" : 0.15,
      "datum" : 1194251
    }, {
      "relativeRanking" : 0.2,
      "datum" : 1194251
    }, {
      "relativeRanking" : 0.25,
      "datum" : 1194251
    }, {
      "relativeRanking" : 0.3,
      "datum" : 1194251
    }, {
      "relativeRanking" : 0.35,
      "datum" : 1194251
    }, {
      "relativeRanking" : 0.4,
      "datum" : 1194251
    }, {
      "relativeRanking" : 0.45,
      "datum" : 1194251
    }, {
      "relativeRanking" : 0.5,
      "datum" : 1194251
    }, {
      "relativeRanking" : 0.55,
      "datum" : 1194251
    }, {
      "relativeRanking" : 0.6,
      "datum" : 1194251
    }, {
      "relativeRanking" : 0.65,
      "datum" : 1194251
    }, {
      "relativeRanking" : 0.7,
      "datum" : 1194251
    }, {
      "relativeRanking" : 0.75,
      "datum" : 1194251
    }, {
      "relativeRanking" : 0.8,
      "datum" : 1194251
    }, {
      "relativeRanking" : 0.85,
      "datum" : 1194251
    }, {
      "relativeRanking" : 0.9,
      "datum" : 1194251
    }, {
      "relativeRanking" : 0.95,
      "datum" : 1194251
    } ],
    "numberValues" : 1
  },
  "priority" : "NORMAL"
}