{
  "jobID" : "job_201407020230_0631",
  "user" : "trend-hadoop",
  "jobName" : "pairs-co-occur",
  "mapperTriesToSucceed" : [ 0.9428571428571428, 0.05714285714285714 ],
  "failedMapperFraction" : 0.0,
  "relativeTime" : 0,
  "clusterMapMB" : -1,
  "clusterReduceMB" : -1,
  "jobMapMB" : 200,
  "jobReduceMB" : 200,
  "mapTasks" : [ {
    "startTime" : 1404755151210,
    "attempts" : [ {
      "result" : "SUCCESS",
      "startTime" : 1404754736407,
      "finishTime" : 1404754853244,
      "attemptID" : "attempt_201407020230_0631_m_000000_0",
      "shuffleFinished" : -1,
      "sortFinished" : -1,
      "hdfsBytesRead" : 12575747,
      "hdfsBytesWritten" : -1,
      "fileBytesRead" : 175513011,
      "fileBytesWritten" : 251427784,
      "mapInputRecords" : 70292,
      "mapOutputBytes" : 125852860,
      "mapOutputRecords" : 7625586,
      "combineInputRecords" : 12929233,
      "reduceInputGroups" : -1,
      "reduceInputRecords" : -1,
      "reduceShuffleBytes" : -1,
      "reduceOutputRecords" : -1,
      "spilledRecords" : 12610172,
      "mapInputBytes" : -1,
      "resourceUsageMetrics" : {
        "cumulativeCpuUsage" : 125610,
        "virtualMemoryUsage" : 1215389696,
        "physicalMemoryUsage" : 384339968,
        "heapUsage" : 622854144
      },
      "location" : {
        "layers" : [ "default-rack", "Slave1" ]
      },
      "hostName" : "/default-rack/Slave1"
    } ],
    "finishTime" : 1404755268349,
    "preferredLocations" : [ {
      "layers" : [ "default-rack", "Master" ]
    }, {
      "layers" : [ "default-rack", "Slave1" ]
    }, {
      "layers" : [ "default-rack", "Slave5" ]
    } ],
    "taskType" : "MAP",
    "taskStatus" : "SUCCESS",
    "taskID" : "task_201407020230_0631_m_000000",
    "inputBytes" : 12575747,
    "inputRecords" : 70292,
    "outputBytes" : 251427784,
    "outputRecords" : 7625586
  }, {
    "startTime" : 1404755151210,
    "attempts" : [ {
      "result" : "SUCCESS",
      "startTime" : 1404754736407,
      "finishTime" : 1404754853270,
      "attemptID" : "attempt_201407020230_0631_m_000008_0",
      "shuffleFinished" : -1,
      "sortFinished" : -1,
      "hdfsBytesRead" : 12506379,
      "hdfsBytesWritten" : -1,
      "fileBytesRead" : 177465992,
      "fileBytesWritten" : 254246511,
      "mapInputRecords" : 70622,
      "mapOutputBytes" : 125104624,
      "mapOutputRecords" : 7574726,
      "combineInputRecords" : 12930392,
      "reduceInputGroups" : -1,
      "reduceInputRecords" : -1,
      "reduceShuffleBytes" : -1,
      "reduceOutputRecords" : -1,
      "spilledRecords" : 12744269,
      "mapInputBytes" : -1,
      "resourceUsageMetrics" : {
        "cumulativeCpuUsage" : 124800,
        "virtualMemoryUsage" : 1215348736,
        "physicalMemoryUsage" : 386572288,
        "heapUsage" : 628621312
      },
      "location" : {
        "layers" : [ "default-rack", "Slave1" ]
      },
      "hostName" : "/default-rack/Slave1"
    } ],
    "finishTime" : 1404755268349,
    "preferredLocations" : [ {
      "layers" : [ "default-rack", "Master" ]
    }, {
      "layers" : [ "default-rack", "Slave3" ]
    }, {
      "layers" : [ "default-rack", "Slave1" ]
    } ],
    "taskType" : "MAP",
    "taskStatus" : "SUCCESS",
    "taskID" : "task_201407020230_0631_m_000008",
    "inputBytes" : 12506379,
    "inputRecords" : 70622,
    "outputBytes" : 254246511,
    "outputRecords" : 7574726
  }, {
    "startTime" : 1404755151230,
    "attempts" : [ {
      "result" : "SUCCESS",
      "startTime" : 1404665987669,
      "finishTime" : 1404666170223,
      "attemptID" : "attempt_201407020230_0631_m_000001_0",
      "shuffleFinished" : -1,
      "sortFinished" : -1,
      "hdfsBytesRead" : 12555263,
      "hdfsBytesWritten" : -1,
      "fileBytesRead" : 177918212,
      "fileBytesWritten" : 254829884,
      "mapInputRecords" : 69442,
      "mapOutputBytes" : 125838118,
      "mapOutputRecords" : 7636470,
      "combineInputRecords" : 13008162,
      "reduceInputGroups" : -1,
      "reduceInputRecords" : -1,
      "reduceShuffleBytes" : -1,
      "reduceOutputRecords" : -1,
      "spilledRecords" : 12794584,
      "mapInputBytes" : -1,
      "resourceUsageMetrics" : {
        "cumulativeCpuUsage" : 193390,
        "virtualMemoryUsage" : 1216970752,
        "physicalMemoryUsage" : 354033664,
        "heapUsage" : 507510784
      },
      "location" : {
        "layers" : [ "default-rack", "Slave4" ]
      },
      "hostName" : "/default-rack/Slave4"
    } ],
    "finishTime" : 1404755333908,
    "preferredLocations" : [ {
      "layers" : [ "default-rack", "Master" ]
    }, {
      "layers" : [ "default-rack", "Slave4" ]
    }, {
      "layers" : [ "default-rack", "Slave5" ]
    } ],
    "taskType" : "MAP",
    "taskStatus" : "SUCCESS",
    "taskID" : "task_201407020230_0631_m_000001",
    "inputBytes" : 12555263,
    "inputRecords" : 69442,
    "outputBytes" : 254829884,
    "outputRecords" : 7636470
  }, {
    "startTime" : 1404755151231,
    "attempts" : [ {
      "result" : "SUCCESS",
      "startTime" : 1404665987669,
      "finishTime" : 1404666166417,
      "attemptID" : "attempt_201407020230_0631_m_000004_0",
      "shuffleFinished" : -1,
      "sortFinished" : -1,
      "hdfsBytesRead" : 12526971,
      "hdfsBytesWritten" : -1,
      "fileBytesRead" : 175820737,
      "fileBytesWritten" : 252195742,
      "mapInputRecords" : 72153,
      "mapOutputBytes" : 125092470,
      "mapOutputRecords" : 7561714,
      "combineInputRecords" : 12860511,
      "reduceInputGroups" : -1,
      "reduceInputRecords" : -1,
      "reduceShuffleBytes" : -1,
      "reduceOutputRecords" : -1,
      "spilledRecords" : 12612034,
      "mapInputBytes" : -1,
      "resourceUsageMetrics" : {
        "cumulativeCpuUsage" : 188660,
        "virtualMemoryUsage" : 1214009344,
        "physicalMemoryUsage" : 381214720,
        "heapUsage" : 491257856
      },
      "location" : {
        "layers" : [ "default-rack", "Slave4" ]
      },
      "hostName" : "/default-rack/Slave4"
    } ],
    "finishTime" : 1404755330257,
    "preferredLocations" : [ {
      "layers" : [ "default-rack", "Master" ]
    }, {
      "layers" : [ "default-rack", "Slave4" ]
    }, {
      "layers" : [ "default-rack", "Slave5" ]
    } ],
    "taskType" : "MAP",
    "taskStatus" : "SUCCESS",
    "taskID" : "task_201407020230_0631_m_000004",
    "inputBytes" : 12526971,
    "inputRecords" : 72153,
    "outputBytes" : 252195742,
    "outputRecords" : 7561714
  }, {
    "startTime" : 1404755151286,
    "attempts" : [ {
      "result" : "SUCCESS",
      "startTime" : 1404753512579,
      "finishTime" : 1404753646041,
      "attemptID" : "attempt_201407020230_0631_m_000007_0",
      "shuffleFinished" : -1,
      "sortFinished" : -1,
      "hdfsBytesRead" : 12507171,
      "hdfsBytesWritten" : -1,
      "fileBytesRead" : 177508776,
      "fileBytesWritten" : 254271353,
      "mapInputRecords" : 69080,
      "mapOutputBytes" : 125267238,
      "mapOutputRecords" : 7584834,
      "combineInputRecords" : 12938409,
      "reduceInputGroups" : -1,
      "reduceInputRecords" : -1,
      "reduceShuffleBytes" : -1,
      "reduceOutputRecords" : -1,
      "spilledRecords" : 12741853,
      "mapInputBytes" : -1,
      "resourceUsageMetrics" : {
        "cumulativeCpuUsage" : 140520,
        "virtualMemoryUsage" : 1215201280,
        "physicalMemoryUsage" : 384327680,
        "heapUsage" : 526909440
      },
      "location" : {
        "layers" : [ "default-rack", "Slave5" ]
      },
      "hostName" : "/default-rack/Slave5"
    } ],
    "finishTime" : 1404755284873,
    "preferredLocations" : [ {
      "layers" : [ "default-rack", "Master" ]
    }, {
      "layers" : [ "default-rack", "Slave5" ]
    }, {
      "layers" : [ "default-rack", "Slave3" ]
    } ],
    "taskType" : "MAP",
    "taskStatus" : "SUCCESS",
    "taskID" : "task_201407020230_0631_m_000007",
    "inputBytes" : 12507171,
    "inputRecords" : 69080,
    "outputBytes" : 254271353,
    "outputRecords" : 7584834
  }, {
    "startTime" : 1404755151286,
    "attempts" : [ {
      "result" : "SUCCESS",
      "startTime" : 1404753512579,
      "finishTime" : 1404753644780,
      "attemptID" : "attempt_201407020230_0631_m_000011_0",
      "shuffleFinished" : -1,
      "sortFinished" : -1,
      "hdfsBytesRead" : 12470778,
      "hdfsBytesWritten" : -1,
      "fileBytesRead" : 176391288,
      "fileBytesWritten" : 252854522,
      "mapInputRecords" : 69273,
      "mapOutputBytes" : 124870438,
      "mapOutputRecords" : 7566486,
      "combineInputRecords" : 12892644,
      "reduceInputGroups" : -1,
      "reduceInputRecords" : -1,
      "reduceShuffleBytes" : -1,
      "reduceOutputRecords" : -1,
      "spilledRecords" : 12680499,
      "mapInputBytes" : -1,
      "resourceUsageMetrics" : {
        "cumulativeCpuUsage" : 139590,
        "virtualMemoryUsage" : 1213861888,
        "physicalMemoryUsage" : 383209472,
        "heapUsage" : 477102080
      },
      "location" : {
        "layers" : [ "default-rack", "Slave5" ]
      },
      "hostName" : "/default-rack/Slave5"
    } ],
    "finishTime" : 1404755283665,
    "preferredLocations" : [ {
      "layers" : [ "default-rack", "Master" ]
    }, {
      "layers" : [ "default-rack", "Slave5" ]
    }, {
      "layers" : [ "default-rack", "Slave1" ]
    } ],
    "taskType" : "MAP",
    "taskStatus" : "SUCCESS",
    "taskID" : "task_201407020230_0631_m_000011",
    "inputBytes" : 12470778,
    "inputRecords" : 69273,
    "outputBytes" : 252854522,
    "outputRecords" : 7566486
  }, {
    "startTime" : 1404755151294,
    "attempts" : [ {
      "result" : "SUCCESS",
      "startTime" : 1404755647949,
      "finishTime" : 1404755765069,
      "attemptID" : "attempt_201407020230_0631_m_000002_0",
      "shuffleFinished" : -1,
      "sortFinished" : -1,
      "hdfsBytesRead" : 12542322,
      "hdfsBytesWritten" : -1,
      "fileBytesRead" : 177515078,
      "fileBytesWritten" : 254337647,
      "mapInputRecords" : 70209,
      "mapOutputBytes" : 125610444,
      "mapOutputRecords" : 7621040,
      "combineInputRecords" : 12981067,
      "reduceInputGroups" : -1,
      "reduceInputRecords" : -1,
      "reduceShuffleBytes" : -1,
      "reduceOutputRecords" : -1,
      "spilledRecords" : 12771226,
      "mapInputBytes" : -1,
      "resourceUsageMetrics" : {
        "cumulativeCpuUsage" : 124950,
        "virtualMemoryUsage" : 1216536576,
        "physicalMemoryUsage" : 385773568,
        "heapUsage" : 628621312
      },
      "location" : {
        "layers" : [ "default-rack", "Slave2" ]
      },
      "hostName" : "/default-rack/Slave2"
    } ],
    "finishTime" : 1404755268739,
    "preferredLocations" : [ {
      "layers" : [ "default-rack", "Master" ]
    }, {
      "layers" : [ "default-rack", "Slave3" ]
    }, {
      "layers" : [ "default-rack", "Slave2" ]
    } ],
    "taskType" : "MAP",
    "taskStatus" : "SUCCESS",
    "taskID" : "task_201407020230_0631_m_000002",
    "inputBytes" : 12542322,
    "inputRecords" : 70209,
    "outputBytes" : 254337647,
    "outputRecords" : 7621040
  }, {
    "startTime" : 1404755151294,
    "attempts" : [ {
      "result" : "SUCCESS",
      "startTime" : 1404755647949,
      "finishTime" : 1404755763903,
      "attemptID" : "attempt_201407020230_0631_m_000009_0",
      "shuffleFinished" : -1,
      "sortFinished" : -1,
      "hdfsBytesRead" : 12485810,
      "hdfsBytesWritten" : -1,
      "fileBytesRead" : 176583961,
      "fileBytesWritten" : 252862640,
      "mapInputRecords" : 70334,
      "mapOutputBytes" : 124907300,
      "mapOutputRecords" : 7560118,
      "combineInputRecords" : 12883081,
      "reduceInputGroups" : -1,
      "reduceInputRecords" : -1,
      "reduceShuffleBytes" : -1,
      "reduceOutputRecords" : -1,
      "spilledRecords" : 12664198,
      "mapInputBytes" : -1,
      "resourceUsageMetrics" : {
        "cumulativeCpuUsage" : 123740,
        "virtualMemoryUsage" : 1214599168,
        "physicalMemoryUsage" : 383094784,
        "heapUsage" : 628621312
      },
      "location" : {
        "layers" : [ "default-rack", "Slave2" ]
      },
      "hostName" : "/default-rack/Slave2"
    } ],
    "finishTime" : 1404755267531,
    "preferredLocations" : [ {
      "layers" : [ "default-rack", "Master" ]
    }, {
      "layers" : [ "default-rack", "Slave1" ]
    }, {
      "layers" : [ "default-rack", "Slave2" ]
    } ],
    "taskType" : "MAP",
    "taskStatus" : "SUCCESS",
    "taskID" : "task_201407020230_0631_m_000009",
    "inputBytes" : 12485810,
    "inputRecords" : 70334,
    "outputBytes" : 252862640,
    "outputRecords" : 7560118
  }, {
    "startTime" : 1404755151354,
    "attempts" : [ {
      "result" : "SUCCESS",
      "startTime" : 1404753785603,
      "finishTime" : 1404753922304,
      "attemptID" : "attempt_201407020230_0631_m_000006_0",
      "shuffleFinished" : -1,
      "sortFinished" : -1,
      "hdfsBytesRead" : 12523520,
      "hdfsBytesWritten" : -1,
      "fileBytesRead" : 177014027,
      "fileBytesWritten" : 253295478,
      "mapInputRecords" : 69336,
      "mapOutputBytes" : 125405284,
      "mapOutputRecords" : 7592280,
      "combineInputRecords" : 12928778,
      "reduceInputGroups" : -1,
      "reduceInputRecords" : -1,
      "reduceShuffleBytes" : -1,
      "reduceOutputRecords" : -1,
      "spilledRecords" : 12694805,
      "mapInputBytes" : -1,
      "resourceUsageMetrics" : {
        "cumulativeCpuUsage" : 144630,
        "virtualMemoryUsage" : 1214095360,
        "physicalMemoryUsage" : 382263296,
        "heapUsage" : 490209280
      },
      "location" : {
        "layers" : [ "default-rack", "Slave3" ]
      },
      "hostName" : "/default-rack/Slave3"
    } ],
    "finishTime" : 1404755288265,
    "preferredLocations" : [ {
      "layers" : [ "default-rack", "Master" ]
    }, {
      "layers" : [ "default-rack", "Slave7" ]
    }, {
      "layers" : [ "default-rack", "Slave3" ]
    } ],
    "taskType" : "MAP",
    "taskStatus" : "SUCCESS",
    "taskID" : "task_201407020230_0631_m_000006",
    "inputBytes" : 12523520,
    "inputRecords" : 69336,
    "outputBytes" : 253295478,
    "outputRecords" : 7592280
  }, {
    "startTime" : 1404755151354,
    "attempts" : [ {
      "result" : "SUCCESS",
      "startTime" : 1404753785603,
      "finishTime" : 1404753919699,
      "attemptID" : "attempt_201407020230_0631_m_000010_0",
      "shuffleFinished" : -1,
      "sortFinished" : -1,
      "hdfsBytesRead" : 12472565,
      "hdfsBytesWritten" : -1,
      "fileBytesRead" : 176471480,
      "fileBytesWritten" : 252870201,
      "mapInputRecords" : 69994,
      "mapOutputBytes" : 124769060,
      "mapOutputRecords" : 7546302,
      "combineInputRecords" : 12864749,
      "reduceInputGroups" : -1,
      "reduceInputRecords" : -1,
      "reduceShuffleBytes" : -1,
      "reduceOutputRecords" : -1,
      "spilledRecords" : 12657242,
      "mapInputBytes" : -1,
      "resourceUsageMetrics" : {
        "cumulativeCpuUsage" : 142110,
        "virtualMemoryUsage" : 1214504960,
        "physicalMemoryUsage" : 383868928,
        "heapUsage" : 547880960
      },
      "location" : {
        "layers" : [ "default-rack", "Slave3" ]
      },
      "hostName" : "/default-rack/Slave3"
    } ],
    "finishTime" : 1404755285835,
    "preferredLocations" : [ {
      "layers" : [ "default-rack", "Master" ]
    }, {
      "layers" : [ "default-rack", "Slave3" ]
    }, {
      "layers" : [ "default-rack", "Slave1" ]
    } ],
    "taskType" : "MAP",
    "taskStatus" : "SUCCESS",
    "taskID" : "task_201407020230_0631_m_000010",
    "inputBytes" : 12472565,
    "inputRecords" : 69994,
    "outputBytes" : 252870201,
    "outputRecords" : 7546302
  }, {
    "startTime" : 1404755151361,
    "attempts" : [ {
      "result" : "SUCCESS",
      "startTime" : 1404755151458,
      "finishTime" : 1404755267442,
      "attemptID" : "attempt_201407020230_0631_m_000003_0",
      "shuffleFinished" : -1,
      "sortFinished" : -1,
      "hdfsBytesRead" : 12540113,
      "hdfsBytesWritten" : -1,
      "fileBytesRead" : 176863034,
      "fileBytesWritten" : 253425128,
      "mapInputRecords" : 72022,
      "mapOutputBytes" : 125290022,
      "mapOutputRecords" : 7580298,
      "combineInputRecords" : 12912880,
      "reduceInputGroups" : -1,
      "reduceInputRecords" : -1,
      "reduceShuffleBytes" : -1,
      "reduceOutputRecords" : -1,
      "spilledRecords" : 12688107,
      "mapInputBytes" : -1,
      "resourceUsageMetrics" : {
        "cumulativeCpuUsage" : 123980,
        "virtualMemoryUsage" : 1215344640,
        "physicalMemoryUsage" : 382578688,
        "heapUsage" : 618135552
      },
      "location" : {
        "layers" : [ "default-rack", "Master" ]
      },
      "hostName" : "/default-rack/Master"
    } ],
    "finishTime" : 1404755267521,
    "preferredLocations" : [ {
      "layers" : [ "default-rack", "Master" ]
    }, {
      "layers" : [ "default-rack", "Slave7" ]
    }, {
      "layers" : [ "default-rack", "Slave6" ]
    } ],
    "taskType" : "MAP",
    "taskStatus" : "SUCCESS",
    "taskID" : "task_201407020230_0631_m_000003",
    "inputBytes" : 12540113,
    "inputRecords" : 72022,
    "outputBytes" : 253425128,
    "outputRecords" : 7580298
  }, {
    "startTime" : 1404755151361,
    "attempts" : [ {
      "result" : "SUCCESS",
      "startTime" : 1404755151459,
      "finishTime" : 1404755268210,
      "attemptID" : "attempt_201407020230_0631_m_000005_0",
      "shuffleFinished" : -1,
      "sortFinished" : -1,
      "hdfsBytesRead" : 12525989,
      "hdfsBytesWritten" : -1,
      "fileBytesRead" : 177774529,
      "fileBytesWritten" : 254677334,
      "mapInputRecords" : 70212,
      "mapOutputBytes" : 125295674,
      "mapOutputRecords" : 7572980,
      "combineInputRecords" : 12924589,
      "reduceInputGroups" : -1,
      "reduceInputRecords" : -1,
      "reduceShuffleBytes" : -1,
      "reduceOutputRecords" : -1,
      "spilledRecords" : 12738542,
      "mapInputBytes" : -1,
      "resourceUsageMetrics" : {
        "cumulativeCpuUsage" : 124960,
        "virtualMemoryUsage" : 1214980096,
        "physicalMemoryUsage" : 386650112,
        "heapUsage" : 569901056
      },
      "location" : {
        "layers" : [ "default-rack", "Master" ]
      },
      "hostName" : "/default-rack/Master"
    } ],
    "finishTime" : 1404755268427,
    "preferredLocations" : [ {
      "layers" : [ "default-rack", "Master" ]
    }, {
      "layers" : [ "default-rack", "Slave6" ]
    }, {
      "layers" : [ "default-rack", "Slave7" ]
    } ],
    "taskType" : "MAP",
    "taskStatus" : "SUCCESS",
    "taskID" : "task_201407020230_0631_m_000005",
    "inputBytes" : 12525989,
    "inputRecords" : 70212,
    "outputBytes" : 254677334,
    "outputRecords" : 7572980
  }, {
    "startTime" : 1404755151374,
    "attempts" : [ {
      "result" : "SUCCESS",
      "startTime" : 1404753959486,
      "finishTime" : 1404754093866,
      "attemptID" : "attempt_201407020230_0631_m_000013_0",
      "shuffleFinished" : -1,
      "sortFinished" : -1,
      "hdfsBytesRead" : 12458709,
      "hdfsBytesWritten" : -1,
      "fileBytesRead" : 176805116,
      "fileBytesWritten" : 253496599,
      "mapInputRecords" : 69176,
      "mapOutputBytes" : 124715750,
      "mapOutputRecords" : 7545516,
      "combineInputRecords" : 12877233,
      "reduceInputGroups" : -1,
      "reduceInputRecords" : -1,
      "reduceShuffleBytes" : -1,
      "reduceOutputRecords" : -1,
      "spilledRecords" : 12692713,
      "mapInputBytes" : -1,
      "resourceUsageMetrics" : {
        "cumulativeCpuUsage" : 141880,
        "virtualMemoryUsage" : 1217925120,
        "physicalMemoryUsage" : 390361088,
        "heapUsage" : 559939584
      },
      "location" : {
        "layers" : [ "default-rack", "Slave6" ]
      },
      "hostName" : "/default-rack/Slave6"
    } ],
    "finishTime" : 1404755286134,
    "preferredLocations" : [ {
      "layers" : [ "default-rack", "Master" ]
    }, {
      "layers" : [ "default-rack", "Slave6" ]
    }, {
      "layers" : [ "default-rack", "Slave7" ]
    } ],
    "taskType" : "MAP",
    "taskStatus" : "SUCCESS",
    "taskID" : "task_201407020230_0631_m_000013",
    "inputBytes" : 12458709,
    "inputRecords" : 69176,
    "outputBytes" : 253496599,
    "outputRecords" : 7545516
  }, {
    "startTime" : 1404755151375,
    "attempts" : [ {
      "result" : "SUCCESS",
      "startTime" : 1404753959486,
      "finishTime" : 1404754093584,
      "attemptID" : "attempt_201407020230_0631_m_000017_0",
      "shuffleFinished" : -1,
      "sortFinished" : -1,
      "hdfsBytesRead" : 12449601,
      "hdfsBytesWritten" : -1,
      "fileBytesRead" : 174912889,
      "fileBytesWritten" : 250652100,
      "mapInputRecords" : 71622,
      "mapOutputBytes" : 124321590,
      "mapOutputRecords" : 7507818,
      "combineInputRecords" : 12777139,
      "reduceInputGroups" : -1,
      "reduceInputRecords" : -1,
      "reduceShuffleBytes" : -1,
      "reduceOutputRecords" : -1,
      "spilledRecords" : 12523707,
      "mapInputBytes" : -1,
      "resourceUsageMetrics" : {
        "cumulativeCpuUsage" : 141460,
        "virtualMemoryUsage" : 1214889984,
        "physicalMemoryUsage" : 382787584,
        "heapUsage" : 494403584
      },
      "location" : {
        "layers" : [ "default-rack", "Slave6" ]
      },
      "hostName" : "/default-rack/Slave6"
    } ],
    "finishTime" : 1404755285831,
    "preferredLocations" : [ {
      "layers" : [ "default-rack", "Master" ]
    }, {
      "layers" : [ "default-rack", "Slave5" ]
    }, {
      "layers" : [ "default-rack", "Slave6" ]
    } ],
    "taskType" : "MAP",
    "taskStatus" : "SUCCESS",
    "taskID" : "task_201407020230_0631_m_000017",
    "inputBytes" : 12449601,
    "inputRecords" : 71622,
    "outputBytes" : 250652100,
    "outputRecords" : 7507818
  }, {
    "startTime" : 1404755151453,
    "attempts" : [ {
      "result" : "SUCCESS",
      "startTime" : 1404755147836,
      "finishTime" : 1404755273351,
      "attemptID" : "attempt_201407020230_0631_m_000012_0",
      "shuffleFinished" : -1,
      "sortFinished" : -1,
      "hdfsBytesRead" : 12470000,
      "hdfsBytesWritten" : -1,
      "fileBytesRead" : 176547607,
      "fileBytesWritten" : 252719649,
      "mapInputRecords" : 67323,
      "mapOutputBytes" : 125064940,
      "mapOutputRecords" : 7578560,
      "combineInputRecords" : 12908069,
      "reduceInputGroups" : -1,
      "reduceInputRecords" : -1,
      "reduceShuffleBytes" : -1,
      "reduceOutputRecords" : -1,
      "spilledRecords" : 12671586,
      "mapInputBytes" : -1,
      "resourceUsageMetrics" : {
        "cumulativeCpuUsage" : 133190,
        "virtualMemoryUsage" : 1213984768,
        "physicalMemoryUsage" : 380071936,
        "heapUsage" : 522190848
      },
      "location" : {
        "layers" : [ "default-rack", "Slave7" ]
      },
      "hostName" : "/default-rack/Slave7"
    } ],
    "finishTime" : 1404755277176,
    "preferredLocations" : [ {
      "layers" : [ "default-rack", "Master" ]
    }, {
      "layers" : [ "default-rack", "Slave1" ]
    }, {
      "layers" : [ "default-rack", "Slave7" ]
    } ],
    "taskType" : "MAP",
    "taskStatus" : "SUCCESS",
    "taskID" : "task_201407020230_0631_m_000012",
    "inputBytes" : 12470000,
    "inputRecords" : 67323,
    "outputBytes" : 252719649,
    "outputRecords" : 7578560
  }, {
    "startTime" : 1404755151454,
    "attempts" : [ {
      "result" : "SUCCESS",
      "startTime" : 1404755147836,
      "finishTime" : 1404755272165,
      "attemptID" : "attempt_201407020230_0631_m_000016_0",
      "shuffleFinished" : -1,
      "sortFinished" : -1,
      "hdfsBytesRead" : 12452776,
      "hdfsBytesWritten" : -1,
      "fileBytesRead" : 175265388,
      "fileBytesWritten" : 251298457,
      "mapInputRecords" : 69925,
      "mapOutputBytes" : 124563886,
      "mapOutputRecords" : 7532494,
      "combineInputRecords" : 12823808,
      "reduceInputGroups" : -1,
      "reduceInputRecords" : -1,
      "reduceShuffleBytes" : -1,
      "reduceOutputRecords" : -1,
      "spilledRecords" : 12582441,
      "mapInputBytes" : -1,
      "resourceUsageMetrics" : {
        "cumulativeCpuUsage" : 131280,
        "virtualMemoryUsage" : 1217851392,
        "physicalMemoryUsage" : 386641920,
        "heapUsage" : 497549312
      },
      "location" : {
        "layers" : [ "default-rack", "Slave7" ]
      },
      "hostName" : "/default-rack/Slave7"
    } ],
    "finishTime" : 1404755275957,
    "preferredLocations" : [ {
      "layers" : [ "default-rack", "Master" ]
    }, {
      "layers" : [ "default-rack", "Slave2" ]
    }, {
      "layers" : [ "default-rack", "Slave7" ]
    } ],
    "taskType" : "MAP",
    "taskStatus" : "SUCCESS",
    "taskID" : "task_201407020230_0631_m_000016",
    "inputBytes" : 12452776,
    "inputRecords" : 69925,
    "outputBytes" : 251298457,
    "outputRecords" : 7532494
  }, {
    "startTime" : 1404755267522,
    "attempts" : [ {
      "result" : "SUCCESS",
      "startTime" : 1404755267524,
      "finishTime" : 1404755365800,
      "attemptID" : "attempt_201407020230_0631_m_000014_0",
      "shuffleFinished" : -1,
      "sortFinished" : -1,
      "hdfsBytesRead" : 12456134,
      "hdfsBytesWritten" : -1,
      "fileBytesRead" : 174370750,
      "fileBytesWritten" : 250367049,
      "mapInputRecords" : 71413,
      "mapOutputBytes" : 124330098,
      "mapOutputRecords" : 7501734,
      "combineInputRecords" : 12756941,
      "reduceInputGroups" : -1,
      "reduceInputRecords" : -1,
      "reduceShuffleBytes" : -1,
      "reduceOutputRecords" : -1,
      "spilledRecords" : 12497643,
      "mapInputBytes" : -1,
      "resourceUsageMetrics" : {
        "cumulativeCpuUsage" : 103960,
        "virtualMemoryUsage" : 1218502656,
        "physicalMemoryUsage" : 493977600,
        "heapUsage" : 618135552
      },
      "location" : {
        "layers" : [ "default-rack", "Master" ]
      },
      "hostName" : "/default-rack/Master"
    } ],
    "finishTime" : 1404755365884,
    "preferredLocations" : [ {
      "layers" : [ "default-rack", "Master" ]
    }, {
      "layers" : [ "default-rack", "Slave4" ]
    }, {
      "layers" : [ "default-rack", "Slave2" ]
    } ],
    "taskType" : "MAP",
    "taskStatus" : "SUCCESS",
    "taskID" : "task_201407020230_0631_m_000014",
    "inputBytes" : 12456134,
    "inputRecords" : 71413,
    "outputBytes" : 250367049,
    "outputRecords" : 7501734
  }, {
    "startTime" : 1404755267531,
    "attempts" : [ {
      "result" : "SUCCESS",
      "startTime" : 1404755764086,
      "finishTime" : 1404755857024,
      "attemptID" : "attempt_201407020230_0631_m_000020_0",
      "shuffleFinished" : -1,
      "sortFinished" : -1,
      "hdfsBytesRead" : 12444914,
      "hdfsBytesWritten" : -1,
      "fileBytesRead" : 175483540,
      "fileBytesWritten" : 251401835,
      "mapInputRecords" : 68254,
      "mapOutputBytes" : 124654662,
      "mapOutputRecords" : 7543398,
      "combineInputRecords" : 12834545,
      "reduceInputGroups" : -1,
      "reduceInputRecords" : -1,
      "reduceShuffleBytes" : -1,
      "reduceOutputRecords" : -1,
      "spilledRecords" : 12579758,
      "mapInputBytes" : -1,
      "resourceUsageMetrics" : {
        "cumulativeCpuUsage" : 97520,
        "virtualMemoryUsage" : 1217757184,
        "physicalMemoryUsage" : 492388352,
        "heapUsage" : 604504064
      },
      "location" : {
        "layers" : [ "default-rack", "Slave2" ]
      },
      "hostName" : "/default-rack/Slave2"
    } ],
    "finishTime" : 1404755360520,
    "preferredLocations" : [ {
      "layers" : [ "default-rack", "Master" ]
    }, {
      "layers" : [ "default-rack", "Slave2" ]
    }, {
      "layers" : [ "default-rack", "Slave5" ]
    } ],
    "taskType" : "MAP",
    "taskStatus" : "SUCCESS",
    "taskID" : "task_201407020230_0631_m_000020",
    "inputBytes" : 12444914,
    "inputRecords" : 68254,
    "outputBytes" : 251401835,
    "outputRecords" : 7543398
  }, {
    "startTime" : 1404755268350,
    "attempts" : [ {
      "result" : "SUCCESS",
      "startTime" : 1404754853547,
      "finishTime" : 1404754950444,
      "attemptID" : "attempt_201407020230_0631_m_000024_0",
      "shuffleFinished" : -1,
      "sortFinished" : -1,
      "hdfsBytesRead" : 12414462,
      "hdfsBytesWritten" : -1,
      "fileBytesRead" : 173067880,
      "fileBytesWritten" : 248638728,
      "mapInputRecords" : 75924,
      "mapOutputBytes" : 123438414,
      "mapOutputRecords" : 7457476,
      "combineInputRecords" : 12681263,
      "reduceInputGroups" : -1,
      "reduceInputRecords" : -1,
      "reduceShuffleBytes" : -1,
      "reduceOutputRecords" : -1,
      "spilledRecords" : 12423724,
      "mapInputBytes" : -1,
      "resourceUsageMetrics" : {
        "cumulativeCpuUsage" : 102840,
        "virtualMemoryUsage" : 1218547712,
        "physicalMemoryUsage" : 594423808,
        "heapUsage" : 628621312
      },
      "location" : {
        "layers" : [ "default-rack", "Slave1" ]
      },
      "hostName" : "/default-rack/Slave1"
    } ],
    "finishTime" : 1404755365280,
    "preferredLocations" : [ {
      "layers" : [ "default-rack", "Master" ]
    }, {
      "layers" : [ "default-rack", "Slave1" ]
    }, {
      "layers" : [ "default-rack", "Slave3" ]
    } ],
    "taskType" : "MAP",
    "taskStatus" : "SUCCESS",
    "taskID" : "task_201407020230_0631_m_000024",
    "inputBytes" : 12414462,
    "inputRecords" : 75924,
    "outputBytes" : 248638728,
    "outputRecords" : 7457476
  }, {
    "startTime" : 1404755268350,
    "attempts" : [ {
      "result" : "SUCCESS",
      "startTime" : 1404754853547,
      "finishTime" : 1404754949138,
      "attemptID" : "attempt_201407020230_0631_m_000027_0",
      "shuffleFinished" : -1,
      "sortFinished" : -1,
      "hdfsBytesRead" : 12371929,
      "hdfsBytesWritten" : -1,
      "fileBytesRead" : 175516237,
      "fileBytesWritten" : 251669605,
      "mapInputRecords" : 68633,
      "mapOutputBytes" : 123912568,
      "mapOutputRecords" : 7508828,
      "combineInputRecords" : 12810489,
      "reduceInputGroups" : -1,
      "reduceInputRecords" : -1,
      "reduceShuffleBytes" : -1,
      "reduceOutputRecords" : -1,
      "spilledRecords" : 12620134,
      "mapInputBytes" : -1,
      "resourceUsageMetrics" : {
        "cumulativeCpuUsage" : 101160,
        "virtualMemoryUsage" : 1218506752,
        "physicalMemoryUsage" : 596418560,
        "heapUsage" : 612368384
      },
      "location" : {
        "layers" : [ "default-rack", "Slave1" ]
      },
      "hostName" : "/default-rack/Slave1"
    } ],
    "finishTime" : 1404755364058,
    "preferredLocations" : [ {
      "layers" : [ "default-rack", "Master" ]
    }, {
      "layers" : [ "default-rack", "Slave1" ]
    }, {
      "layers" : [ "default-rack", "Slave2" ]
    } ],
    "taskType" : "MAP",
    "taskStatus" : "SUCCESS",
    "taskID" : "task_201407020230_0631_m_000027",
    "inputBytes" : 12371929,
    "inputRecords" : 68633,
    "outputBytes" : 251669605,
    "outputRecords" : 7508828
  }, {
    "startTime" : 1404755268428,
    "attempts" : [ {
      "result" : "SUCCESS",
      "startTime" : 1404755268430,
      "finishTime" : 1404755364327,
      "attemptID" : "attempt_201407020230_0631_m_000015_0",
      "shuffleFinished" : -1,
      "sortFinished" : -1,
      "hdfsBytesRead" : 12455726,
      "hdfsBytesWritten" : -1,
      "fileBytesRead" : 176461668,
      "fileBytesWritten" : 253099782,
      "mapInputRecords" : 68408,
      "mapOutputBytes" : 124731134,
      "mapOutputRecords" : 7546842,
      "combineInputRecords" : 12871859,
      "reduceInputGroups" : -1,
      "reduceInputRecords" : -1,
      "reduceShuffleBytes" : -1,
      "reduceOutputRecords" : -1,
      "spilledRecords" : 12681193,
      "mapInputBytes" : -1,
      "resourceUsageMetrics" : {
        "cumulativeCpuUsage" : 102310,
        "virtualMemoryUsage" : 1218138112,
        "physicalMemoryUsage" : 495841280,
        "heapUsage" : 628621312
      },
      "location" : {
        "layers" : [ "default-rack", "Master" ]
      },
      "hostName" : "/default-rack/Master"
    } ],
    "finishTime" : 1404755364374,
    "preferredLocations" : [ {
      "layers" : [ "default-rack", "Master" ]
    }, {
      "layers" : [ "default-rack", "Slave3" ]
    }, {
      "layers" : [ "default-rack", "Slave4" ]
    } ],
    "taskType" : "MAP",
    "taskStatus" : "SUCCESS",
    "taskID" : "task_201407020230_0631_m_000015",
    "inputBytes" : 12455726,
    "inputRecords" : 68408,
    "outputBytes" : 253099782,
    "outputRecords" : 7546842
  }, {
    "startTime" : 1404755268740,
    "attempts" : [ {
      "result" : "SUCCESS",
      "startTime" : 1404755765294,
      "finishTime" : 1404755863381,
      "attemptID" : "attempt_201407020230_0631_m_000025_0",
      "shuffleFinished" : -1,
      "sortFinished" : -1,
      "hdfsBytesRead" : 12410911,
      "hdfsBytesWritten" : -1,
      "fileBytesRead" : 173638873,
      "fileBytesWritten" : 248736764,
      "mapInputRecords" : 69802,
      "mapOutputBytes" : 124147972,
      "mapOutputRecords" : 7521272,
      "combineInputRecords" : 12770255,
      "reduceInputGroups" : -1,
      "reduceInputRecords" : -1,
      "reduceShuffleBytes" : -1,
      "reduceOutputRecords" : -1,
      "spilledRecords" : 12472181,
      "mapInputBytes" : -1,
      "resourceUsageMetrics" : {
        "cumulativeCpuUsage" : 103090,
        "virtualMemoryUsage" : 1219694592,
        "physicalMemoryUsage" : 497049600,
        "heapUsage" : 617611264
      },
      "location" : {
        "layers" : [ "default-rack", "Slave2" ]
      },
      "hostName" : "/default-rack/Slave2"
    } ],
    "finishTime" : 1404755366862,
    "preferredLocations" : [ {
      "layers" : [ "default-rack", "Master" ]
    }, {
      "layers" : [ "default-rack", "Slave2" ]
    }, {
      "layers" : [ "default-rack", "Slave4" ]
    } ],
    "taskType" : "MAP",
    "taskStatus" : "SUCCESS",
    "taskID" : "task_201407020230_0631_m_000025",
    "inputBytes" : 12410911,
    "inputRecords" : 69802,
    "outputBytes" : 248736764,
    "outputRecords" : 7521272
  }, {
    "startTime" : 1404755275957,
    "attempts" : [ {
      "result" : "SUCCESS",
      "startTime" : 1404755272258,
      "finishTime" : 1404755356284,
      "attemptID" : "attempt_201407020230_0631_m_000023_0",
      "shuffleFinished" : -1,
      "sortFinished" : -1,
      "hdfsBytesRead" : 12430810,
      "hdfsBytesWritten" : -1,
      "fileBytesRead" : 176115431,
      "fileBytesWritten" : 252297025,
      "mapInputRecords" : 71270,
      "mapOutputBytes" : 124366770,
      "mapOutputRecords" : 7539188,
      "combineInputRecords" : 12857714,
      "reduceInputGroups" : -1,
      "reduceInputRecords" : -1,
      "reduceShuffleBytes" : -1,
      "reduceOutputRecords" : -1,
      "spilledRecords" : 12649619,
      "mapInputBytes" : -1,
      "resourceUsageMetrics" : {
        "cumulativeCpuUsage" : 88110,
        "virtualMemoryUsage" : 1221009408,
        "physicalMemoryUsage" : 498585600,
        "heapUsage" : 512753664
      },
      "location" : {
        "layers" : [ "default-rack", "Slave7" ]
      },
      "hostName" : "/default-rack/Slave7"
    } ],
    "finishTime" : 1404755360084,
    "preferredLocations" : [ {
      "layers" : [ "default-rack", "Master" ]
    }, {
      "layers" : [ "default-rack", "Slave7" ]
    }, {
      "layers" : [ "default-rack", "Slave6" ]
    } ],
    "taskType" : "MAP",
    "taskStatus" : "SUCCESS",
    "taskID" : "task_201407020230_0631_m_000023",
    "inputBytes" : 12430810,
    "inputRecords" : 71270,
    "outputBytes" : 252297025,
    "outputRecords" : 7539188
  }, {
    "startTime" : 1404755277177,
    "attempts" : [ {
      "result" : "SUCCESS",
      "startTime" : 1404755273477,
      "finishTime" : 1404755357220,
      "attemptID" : "attempt_201407020230_0631_m_000026_0",
      "shuffleFinished" : -1,
      "sortFinished" : -1,
      "hdfsBytesRead" : 12396698,
      "hdfsBytesWritten" : -1,
      "fileBytesRead" : 176022296,
      "fileBytesWritten" : 252361935,
      "mapInputRecords" : 67855,
      "mapOutputBytes" : 124106798,
      "mapOutputRecords" : 7501090,
      "combineInputRecords" : 12808574,
      "reduceInputGroups" : -1,
      "reduceInputRecords" : -1,
      "reduceShuffleBytes" : -1,
      "reduceOutputRecords" : -1,
      "spilledRecords" : 12627877,
      "mapInputBytes" : -1,
      "resourceUsageMetrics" : {
        "cumulativeCpuUsage" : 88600,
        "virtualMemoryUsage" : 1217142784,
        "physicalMemoryUsage" : 491413504,
        "heapUsage" : 543162368
      },
      "location" : {
        "layers" : [ "default-rack", "Slave7" ]
      },
      "hostName" : "/default-rack/Slave7"
    } ],
    "finishTime" : 1404755360990,
    "preferredLocations" : [ {
      "layers" : [ "default-rack", "Master" ]
    }, {
      "layers" : [ "default-rack", "Slave7" ]
    }, {
      "layers" : [ "default-rack", "Slave5" ]
    } ],
    "taskType" : "MAP",
    "taskStatus" : "SUCCESS",
    "taskID" : "task_201407020230_0631_m_000026",
    "inputBytes" : 12396698,
    "inputRecords" : 67855,
    "outputBytes" : 252361935,
    "outputRecords" : 7501090
  }, {
    "startTime" : 1404755283665,
    "attempts" : [ {
      "result" : "SUCCESS",
      "startTime" : 1404753644866,
      "finishTime" : 1404753733360,
      "attemptID" : "attempt_201407020230_0631_m_000018_0",
      "shuffleFinished" : -1,
      "sortFinished" : -1,
      "hdfsBytesRead" : 12448786,
      "hdfsBytesWritten" : -1,
      "fileBytesRead" : 175817990,
      "fileBytesWritten" : 251645044,
      "mapInputRecords" : 74516,
      "mapOutputBytes" : 124196660,
      "mapOutputRecords" : 7543974,
      "combineInputRecords" : 12867076,
      "reduceInputGroups" : -1,
      "reduceInputRecords" : -1,
      "reduceShuffleBytes" : -1,
      "reduceOutputRecords" : -1,
      "spilledRecords" : 12649951,
      "mapInputBytes" : -1,
      "resourceUsageMetrics" : {
        "cumulativeCpuUsage" : 92360,
        "virtualMemoryUsage" : 1217019904,
        "physicalMemoryUsage" : 494080000,
        "heapUsage" : 517472256
      },
      "location" : {
        "layers" : [ "default-rack", "Slave5" ]
      },
      "hostName" : "/default-rack/Slave5"
    } ],
    "finishTime" : 1404755372326,
    "preferredLocations" : [ {
      "layers" : [ "default-rack", "Master" ]
    }, {
      "layers" : [ "default-rack", "Slave5" ]
    }, {
      "layers" : [ "default-rack", "Slave6" ]
    } ],
    "taskType" : "MAP",
    "taskStatus" : "SUCCESS",
    "taskID" : "task_201407020230_0631_m_000018",
    "inputBytes" : 12448786,
    "inputRecords" : 74516,
    "outputBytes" : 251645044,
    "outputRecords" : 7543974
  }, {
    "startTime" : 1404755284874,
    "attempts" : [ {
      "result" : "SUCCESS",
      "startTime" : 1404753646074,
      "finishTime" : 1404753735197,
      "attemptID" : "attempt_201407020230_0631_m_000019_0",
      "shuffleFinished" : -1,
      "sortFinished" : -1,
      "hdfsBytesRead" : 12444998,
      "hdfsBytesWritten" : -1,
      "fileBytesRead" : 176399468,
      "fileBytesWritten" : 252875364,
      "mapInputRecords" : 68058,
      "mapOutputBytes" : 124733734,
      "mapOutputRecords" : 7555196,
      "combineInputRecords" : 12877434,
      "reduceInputGroups" : -1,
      "reduceInputRecords" : -1,
      "reduceShuffleBytes" : -1,
      "reduceOutputRecords" : -1,
      "spilledRecords" : 12678826,
      "mapInputBytes" : -1,
      "resourceUsageMetrics" : {
        "cumulativeCpuUsage" : 93750,
        "virtualMemoryUsage" : 1218359296,
        "physicalMemoryUsage" : 494923776,
        "heapUsage" : 475004928
      },
      "location" : {
        "layers" : [ "default-rack", "Slave5" ]
      },
      "hostName" : "/default-rack/Slave5"
    } ],
    "finishTime" : 1404755374137,
    "preferredLocations" : [ {
      "layers" : [ "default-rack", "Master" ]
    }, {
      "layers" : [ "default-rack", "Slave6" ]
    }, {
      "layers" : [ "default-rack", "Slave5" ]
    } ],
    "taskType" : "MAP",
    "taskStatus" : "SUCCESS",
    "taskID" : "task_201407020230_0631_m_000019",
    "inputBytes" : 12444998,
    "inputRecords" : 68058,
    "outputBytes" : 252875364,
    "outputRecords" : 7555196
  }, {
    "startTime" : 1404755285831,
    "attempts" : [ {
      "result" : "SUCCESS",
      "startTime" : 1404754093854,
      "finishTime" : 1404754184856,
      "attemptID" : "attempt_201407020230_0631_m_000021_0",
      "shuffleFinished" : -1,
      "sortFinished" : -1,
      "hdfsBytesRead" : 12438192,
      "hdfsBytesWritten" : -1,
      "fileBytesRead" : 174726740,
      "fileBytesWritten" : 250234310,
      "mapInputRecords" : 74508,
      "mapOutputBytes" : 124039240,
      "mapOutputRecords" : 7500172,
      "combineInputRecords" : 12762726,
      "reduceInputGroups" : -1,
      "reduceInputRecords" : -1,
      "reduceShuffleBytes" : -1,
      "reduceOutputRecords" : -1,
      "spilledRecords" : 12509563,
      "mapInputBytes" : -1,
      "resourceUsageMetrics" : {
        "cumulativeCpuUsage" : 95390,
        "virtualMemoryUsage" : 1218048000,
        "physicalMemoryUsage" : 494071808,
        "heapUsage" : 467140608
      },
      "location" : {
        "layers" : [ "default-rack", "Slave6" ]
      },
      "hostName" : "/default-rack/Slave6"
    } ],
    "finishTime" : 1404755376939,
    "preferredLocations" : [ {
      "layers" : [ "default-rack", "Master" ]
    }, {
      "layers" : [ "default-rack", "Slave6" ]
    }, {
      "layers" : [ "default-rack", "Slave5" ]
    } ],
    "taskType" : "MAP",
    "taskStatus" : "SUCCESS",
    "taskID" : "task_201407020230_0631_m_000021",
    "inputBytes" : 12438192,
    "inputRecords" : 74508,
    "outputBytes" : 250234310,
    "outputRecords" : 7500172
  }, {
    "startTime" : 1404755285835,
    "attempts" : [ {
      "result" : "SUCCESS",
      "startTime" : 1404753919992,
      "finishTime" : 1404754011800,
      "attemptID" : "attempt_201407020230_0631_m_000022_0",
      "shuffleFinished" : -1,
      "sortFinished" : -1,
      "hdfsBytesRead" : 12435796,
      "hdfsBytesWritten" : -1,
      "fileBytesRead" : 175131328,
      "fileBytesWritten" : 250781708,
      "mapInputRecords" : 70277,
      "mapOutputBytes" : 124313206,
      "mapOutputRecords" : 7514770,
      "combineInputRecords" : 12795647,
      "reduceInputGroups" : -1,
      "reduceInputRecords" : -1,
      "reduceShuffleBytes" : -1,
      "reduceOutputRecords" : -1,
      "spilledRecords" : 12548426,
      "mapInputBytes" : -1,
      "resourceUsageMetrics" : {
        "cumulativeCpuUsage" : 96710,
        "virtualMemoryUsage" : 1216843776,
        "physicalMemoryUsage" : 492134400,
        "heapUsage" : 517472256
      },
      "location" : {
        "layers" : [ "default-rack", "Slave3" ]
      },
      "hostName" : "/default-rack/Slave3"
    } ],
    "finishTime" : 1404755377770,
    "preferredLocations" : [ {
      "layers" : [ "default-rack", "Master" ]
    }, {
      "layers" : [ "default-rack", "Slave3" ]
    }, {
      "layers" : [ "default-rack", "Slave5" ]
    } ],
    "taskType" : "MAP",
    "taskStatus" : "SUCCESS",
    "taskID" : "task_201407020230_0631_m_000022",
    "inputBytes" : 12435796,
    "inputRecords" : 70277,
    "outputBytes" : 250781708,
    "outputRecords" : 7514770
  }, {
    "startTime" : 1404755286135,
    "attempts" : [ {
      "result" : "SUCCESS",
      "startTime" : 1404754094157,
      "finishTime" : 1404754181833,
      "attemptID" : "attempt_201407020230_0631_m_000030_0",
      "shuffleFinished" : -1,
      "sortFinished" : -1,
      "hdfsBytesRead" : 12311829,
      "hdfsBytesWritten" : -1,
      "fileBytesRead" : 172688336,
      "fileBytesWritten" : 247795146,
      "mapInputRecords" : 67951,
      "mapOutputBytes" : 123101648,
      "mapOutputRecords" : 7431706,
      "combineInputRecords" : 12648622,
      "reduceInputGroups" : -1,
      "reduceInputRecords" : -1,
      "reduceShuffleBytes" : -1,
      "reduceOutputRecords" : -1,
      "spilledRecords" : 12391255,
      "mapInputBytes" : -1,
      "resourceUsageMetrics" : {
        "cumulativeCpuUsage" : 92080,
        "virtualMemoryUsage" : 1221083136,
        "physicalMemoryUsage" : 610844672,
        "heapUsage" : 441450496
      },
      "location" : {
        "layers" : [ "default-rack", "Slave6" ]
      },
      "hostName" : "/default-rack/Slave6"
    } ],
    "finishTime" : 1404755373919,
    "preferredLocations" : [ {
      "layers" : [ "default-rack", "Master" ]
    }, {
      "layers" : [ "default-rack", "Slave4" ]
    }, {
      "layers" : [ "default-rack", "Slave6" ]
    } ],
    "taskType" : "MAP",
    "taskStatus" : "SUCCESS",
    "taskID" : "task_201407020230_0631_m_000030",
    "inputBytes" : 12311829,
    "inputRecords" : 67951,
    "outputBytes" : 247795146,
    "outputRecords" : 7431706
  }, {
    "startTime" : 1404755288266,
    "attempts" : [ {
      "result" : "SUCCESS",
      "startTime" : 1404753922422,
      "finishTime" : 1404754014331,
      "attemptID" : "attempt_201407020230_0631_m_000028_0",
      "shuffleFinished" : -1,
      "sortFinished" : -1,
      "hdfsBytesRead" : 12364757,
      "hdfsBytesWritten" : -1,
      "fileBytesRead" : 174889426,
      "fileBytesWritten" : 250443218,
      "mapInputRecords" : 65823,
      "mapOutputBytes" : 124117076,
      "mapOutputRecords" : 7526872,
      "combineInputRecords" : 12814396,
      "reduceInputGroups" : -1,
      "reduceInputRecords" : -1,
      "reduceShuffleBytes" : -1,
      "reduceOutputRecords" : -1,
      "spilledRecords" : 12567894,
      "mapInputBytes" : -1,
      "resourceUsageMetrics" : {
        "cumulativeCpuUsage" : 96770,
        "virtualMemoryUsage" : 1218338816,
        "physicalMemoryUsage" : 492490752,
        "heapUsage" : 559939584
      },
      "location" : {
        "layers" : [ "default-rack", "Slave3" ]
      },
      "hostName" : "/default-rack/Slave3"
    } ],
    "finishTime" : 1404755380219,
    "preferredLocations" : [ {
      "layers" : [ "default-rack", "Master" ]
    }, {
      "layers" : [ "default-rack", "Slave1" ]
    }, {
      "layers" : [ "default-rack", "Slave3" ]
    } ],
    "taskType" : "MAP",
    "taskStatus" : "SUCCESS",
    "taskID" : "task_201407020230_0631_m_000028",
    "inputBytes" : 12364757,
    "inputRecords" : 65823,
    "outputBytes" : 250443218,
    "outputRecords" : 7526872
  }, {
    "startTime" : 1404755330257,
    "attempts" : [ {
      "result" : "SUCCESS",
      "startTime" : 1404666166577,
      "finishTime" : 1404666186028,
      "attemptID" : "attempt_201407020230_0631_m_000034_0",
      "shuffleFinished" : -1,
      "sortFinished" : -1,
      "hdfsBytesRead" : 2128092,
      "hdfsBytesWritten" : -1,
      "fileBytesRead" : 17945465,
      "fileBytesWritten" : 33767859,
      "mapInputRecords" : 11585,
      "mapOutputBytes" : 21375000,
      "mapOutputRecords" : 1302192,
      "combineInputRecords" : 2217729,
      "reduceInputGroups" : -1,
      "reduceInputRecords" : -1,
      "reduceShuffleBytes" : -1,
      "reduceOutputRecords" : -1,
      "spilledRecords" : 1704596,
      "mapInputBytes" : -1,
      "resourceUsageMetrics" : {
        "cumulativeCpuUsage" : 20110,
        "virtualMemoryUsage" : 1217167360,
        "physicalMemoryUsage" : 475258880,
        "heapUsage" : 439877632
      },
      "location" : {
        "layers" : [ "default-rack", "Slave4" ]
      },
      "hostName" : "/default-rack/Slave4"
    } ],
    "finishTime" : 1404755349926,
    "preferredLocations" : [ {
      "layers" : [ "default-rack", "Master" ]
    }, {
      "layers" : [ "default-rack", "Slave4" ]
    }, {
      "layers" : [ "default-rack", "Slave3" ]
    } ],
    "taskType" : "MAP",
    "taskStatus" : "SUCCESS",
    "taskID" : "task_201407020230_0631_m_000034",
    "inputBytes" : 2128092,
    "inputRecords" : 11585,
    "outputBytes" : 33767859,
    "outputRecords" : 1302192
  }, {
    "startTime" : 1404755333908,
    "attempts" : [ {
      "result" : "SUCCESS",
      "startTime" : 1404755357290,
      "finishTime" : 1404755439853,
      "attemptID" : "attempt_201407020230_0631_m_000029_1",
      "shuffleFinished" : -1,
      "sortFinished" : -1,
      "hdfsBytesRead" : 12328737,
      "hdfsBytesWritten" : -1,
      "fileBytesRead" : 172608003,
      "fileBytesWritten" : 247729167,
      "mapInputRecords" : 72713,
      "mapOutputBytes" : 123026920,
      "mapOutputRecords" : 7440636,
      "combineInputRecords" : 12661402,
      "reduceInputGroups" : -1,
      "reduceInputRecords" : -1,
      "reduceShuffleBytes" : -1,
      "reduceOutputRecords" : -1,
      "spilledRecords" : 12391023,
      "mapInputBytes" : -1,
      "resourceUsageMetrics" : {
        "cumulativeCpuUsage" : 87240,
        "virtualMemoryUsage" : 1217142784,
        "physicalMemoryUsage" : 546107392,
        "heapUsage" : 465567744
      },
      "location" : {
        "layers" : [ "default-rack", "Slave7" ]
      },
      "hostName" : "/default-rack/Slave7"
    }, {
      "result" : "KILLED",
      "startTime" : 1404666170228,
      "finishTime" : 1404666283047,
      "attemptID" : "attempt_201407020230_0631_m_000029_0",
      "shuffleFinished" : -1,
      "sortFinished" : -1,
      "hdfsBytesRead" : -1,
      "hdfsBytesWritten" : -1,
      "fileBytesRead" : -1,
      "fileBytesWritten" : -1,
      "mapInputRecords" : -1,
      "mapOutputBytes" : -1,
      "mapOutputRecords" : -1,
      "combineInputRecords" : -1,
      "reduceInputGroups" : -1,
      "reduceInputRecords" : -1,
      "reduceShuffleBytes" : -1,
      "reduceOutputRecords" : -1,
      "spilledRecords" : -1,
      "mapInputBytes" : -1,
      "resourceUsageMetrics" : {
        "cumulativeCpuUsage" : 0,
        "virtualMemoryUsage" : 0,
        "physicalMemoryUsage" : 0,
        "heapUsage" : 0
      },
      "location" : null,
      "hostName" : null
    } ],
    "finishTime" : 1404755443618,
    "preferredLocations" : [ {
      "layers" : [ "default-rack", "Master" ]
    }, {
      "layers" : [ "default-rack", "Slave2" ]
    }, {
      "layers" : [ "default-rack", "Slave1" ]
    } ],
    "taskType" : "MAP",
    "taskStatus" : "SUCCESS",
    "taskID" : "task_201407020230_0631_m_000029",
    "inputBytes" : 12328737,
    "inputRecords" : 72713,
    "outputBytes" : 247729167,
    "outputRecords" : 7440636
  }, {
    "startTime" : 1404755349927,
    "attempts" : [ {
      "result" : "SUCCESS",
      "startTime" : 1404755364377,
      "finishTime" : 1404755458585,
      "attemptID" : "attempt_201407020230_0631_m_000031_1",
      "shuffleFinished" : -1,
      "sortFinished" : -1,
      "hdfsBytesRead" : 12288755,
      "hdfsBytesWritten" : -1,
      "fileBytesRead" : 172942822,
      "fileBytesWritten" : 247616603,
      "mapInputRecords" : 64633,
      "mapOutputBytes" : 123285052,
      "mapOutputRecords" : 7452768,
      "combineInputRecords" : 12674697,
      "reduceInputGroups" : -1,
      "reduceInputRecords" : -1,
      "reduceShuffleBytes" : -1,
      "reduceOutputRecords" : -1,
      "spilledRecords" : 12390862,
      "mapInputBytes" : -1,
      "resourceUsageMetrics" : {
        "cumulativeCpuUsage" : 99570,
        "virtualMemoryUsage" : 1218138112,
        "physicalMemoryUsage" : 575270912,
        "heapUsage" : 406323200
      },
      "location" : {
        "layers" : [ "default-rack", "Master" ]
      },
      "hostName" : "/default-rack/Master"
    }, {
      "result" : "KILLED",
      "startTime" : 1404666186246,
      "finishTime" : 1404666298977,
      "attemptID" : "attempt_201407020230_0631_m_000031_0",
      "shuffleFinished" : -1,
      "sortFinished" : -1,
      "hdfsBytesRead" : -1,
      "hdfsBytesWritten" : -1,
      "fileBytesRead" : -1,
      "fileBytesWritten" : -1,
      "mapInputRecords" : -1,
      "mapOutputBytes" : -1,
      "mapOutputRecords" : -1,
      "combineInputRecords" : -1,
      "reduceInputGroups" : -1,
      "reduceInputRecords" : -1,
      "reduceShuffleBytes" : -1,
      "reduceOutputRecords" : -1,
      "spilledRecords" : -1,
      "mapInputBytes" : -1,
      "resourceUsageMetrics" : {
        "cumulativeCpuUsage" : 0,
        "virtualMemoryUsage" : 0,
        "physicalMemoryUsage" : 0,
        "heapUsage" : 0
      },
      "location" : null,
      "hostName" : null
    } ],
    "finishTime" : 1404755458834,
    "preferredLocations" : [ {
      "layers" : [ "default-rack", "Master" ]
    }, {
      "layers" : [ "default-rack", "Slave5" ]
    }, {
      "layers" : [ "default-rack", "Slave3" ]
    } ],
    "taskType" : "MAP",
    "taskStatus" : "SUCCESS",
    "taskID" : "task_201407020230_0631_m_000031",
    "inputBytes" : 12288755,
    "inputRecords" : 64633,
    "outputBytes" : 247616603,
    "outputRecords" : 7452768
  }, {
    "startTime" : 1404755360085,
    "attempts" : [ {
      "result" : "SUCCESS",
      "startTime" : 1404755356384,
      "finishTime" : 1404755437952,
      "attemptID" : "attempt_201407020230_0631_m_000032_0",
      "shuffleFinished" : -1,
      "sortFinished" : -1,
      "hdfsBytesRead" : 12075278,
      "hdfsBytesWritten" : -1,
      "fileBytesRead" : 170016281,
      "fileBytesWritten" : 244385354,
      "mapInputRecords" : 63723,
      "mapOutputBytes" : 121122984,
      "mapOutputRecords" : 7324142,
      "combineInputRecords" : 12477189,
      "reduceInputGroups" : -1,
      "reduceInputRecords" : -1,
      "reduceShuffleBytes" : -1,
      "reduceOutputRecords" : -1,
      "spilledRecords" : 12230784,
      "mapInputBytes" : -1,
      "resourceUsageMetrics" : {
        "cumulativeCpuUsage" : 85140,
        "virtualMemoryUsage" : 1221009408,
        "physicalMemoryUsage" : 609767424,
        "heapUsage" : 530579456
      },
      "location" : {
        "layers" : [ "default-rack", "Slave7" ]
      },
      "hostName" : "/default-rack/Slave7"
    }, {
      "result" : "KILLED",
      "startTime" : 1404754950476,
      "finishTime" : 1404755030123,
      "attemptID" : "attempt_201407020230_0631_m_000032_1",
      "shuffleFinished" : -1,
      "sortFinished" : -1,
      "hdfsBytesRead" : -1,
      "hdfsBytesWritten" : -1,
      "fileBytesRead" : -1,
      "fileBytesWritten" : -1,
      "mapInputRecords" : -1,
      "mapOutputBytes" : -1,
      "mapOutputRecords" : -1,
      "combineInputRecords" : -1,
      "reduceInputGroups" : -1,
      "reduceInputRecords" : -1,
      "reduceShuffleBytes" : -1,
      "reduceOutputRecords" : -1,
      "spilledRecords" : -1,
      "mapInputBytes" : -1,
      "resourceUsageMetrics" : {
        "cumulativeCpuUsage" : 0,
        "virtualMemoryUsage" : 0,
        "physicalMemoryUsage" : 0,
        "heapUsage" : 0
      },
      "location" : null,
      "hostName" : null
    } ],
    "finishTime" : 1404755441810,
    "preferredLocations" : [ {
      "layers" : [ "default-rack", "Master" ]
    }, {
      "layers" : [ "default-rack", "Slave2" ]
    }, {
      "layers" : [ "default-rack", "Slave3" ]
    } ],
    "taskType" : "MAP",
    "taskStatus" : "SUCCESS",
    "taskID" : "task_201407020230_0631_m_000032",
    "inputBytes" : 12075278,
    "inputRecords" : 63723,
    "outputBytes" : 244385354,
    "outputRecords" : 7324142
  }, {
    "startTime" : 1404755360521,
    "attempts" : [ {
      "result" : "SUCCESS",
      "startTime" : 1404755857076,
      "finishTime" : 1404755947593,
      "attemptID" : "attempt_201407020230_0631_m_000033_0",
      "shuffleFinished" : -1,
      "sortFinished" : -1,
      "hdfsBytesRead" : 11856605,
      "hdfsBytesWritten" : -1,
      "fileBytesRead" : 166970950,
      "fileBytesWritten" : 240317686,
      "mapInputRecords" : 63860,
      "mapOutputBytes" : 118874456,
      "mapOutputRecords" : 7200068,
      "combineInputRecords" : 12287959,
      "reduceInputGroups" : -1,
      "reduceInputRecords" : -1,
      "reduceShuffleBytes" : -1,
      "reduceOutputRecords" : -1,
      "spilledRecords" : 12047217,
      "mapInputBytes" : -1,
      "resourceUsageMetrics" : {
        "cumulativeCpuUsage" : 94780,
        "virtualMemoryUsage" : 1217757184,
        "physicalMemoryUsage" : 572538880,
        "heapUsage" : 478150656
      },
      "location" : {
        "layers" : [ "default-rack", "Slave2" ]
      },
      "hostName" : "/default-rack/Slave2"
    }, {
      "result" : "KILLED",
      "startTime" : 1404754949268,
      "finishTime" : 1404755040086,
      "attemptID" : "attempt_201407020230_0631_m_000033_1",
      "shuffleFinished" : -1,
      "sortFinished" : -1,
      "hdfsBytesRead" : -1,
      "hdfsBytesWritten" : -1,
      "fileBytesRead" : -1,
      "fileBytesWritten" : -1,
      "mapInputRecords" : -1,
      "mapOutputBytes" : -1,
      "mapOutputRecords" : -1,
      "combineInputRecords" : -1,
      "reduceInputGroups" : -1,
      "reduceInputRecords" : -1,
      "reduceShuffleBytes" : -1,
      "reduceOutputRecords" : -1,
      "spilledRecords" : -1,
      "mapInputBytes" : -1,
      "resourceUsageMetrics" : {
        "cumulativeCpuUsage" : 0,
        "virtualMemoryUsage" : 0,
        "physicalMemoryUsage" : 0,
        "heapUsage" : 0
      },
      "location" : null,
      "hostName" : null
    } ],
    "finishTime" : 1404755451116,
    "preferredLocations" : [ {
      "layers" : [ "default-rack", "Master" ]
    }, {
      "layers" : [ "default-rack", "Slave1" ]
    }, {
      "layers" : [ "default-rack", "Slave2" ]
    } ],
    "taskType" : "MAP",
    "taskStatus" : "SUCCESS",
    "taskID" : "task_201407020230_0631_m_000033",
    "inputBytes" : 11856605,
    "inputRecords" : 63860,
    "outputBytes" : 240317686,
    "outputRecords" : 7200068
  } ],
  "finishTime" : 1404755705584,
  "reduceTasks" : [ {
    "startTime" : 1404755267531,
    "attempts" : [ {
      "result" : "SUCCESS",
      "startTime" : 1404755764086,
      "finishTime" : 1404756201307,
      "attemptID" : "attempt_201407020230_0631_r_000000_0",
      "shuffleFinished" : 1404755961183,
      "sortFinished" : 1404755961426,
      "hdfsBytesRead" : -1,
      "hdfsBytesWritten" : 108918853,
      "fileBytesRead" : 231033181,
      "fileBytesWritten" : 231092554,
      "mapInputRecords" : -1,
      "mapOutputBytes" : -1,
      "mapOutputRecords" : -1,
      "combineInputRecords" : 16041627,
      "reduceInputGroups" : 18134309,
      "reduceInputRecords" : 25991959,
      "reduceShuffleBytes" : 667518280,
      "reduceOutputRecords" : 18134309,
      "spilledRecords" : 10347492,
      "mapInputBytes" : -1,
      "resourceUsageMetrics" : {
        "cumulativeCpuUsage" : 375430,
        "virtualMemoryUsage" : 1342607360,
        "physicalMemoryUsage" : 817790976,
        "heapUsage" : 703070208
      },
      "location" : {
        "layers" : [ "default-rack", "Slave2" ]
      },
      "hostName" : "/default-rack/Slave2"
    } ],
    "finishTime" : 1404755704979,
    "preferredLocations" : [ ],
    "taskType" : "REDUCE",
    "taskStatus" : "SUCCESS",
    "taskID" : "task_201407020230_0631_r_000000",
    "inputBytes" : 667518280,
    "inputRecords" : 25991959,
    "outputBytes" : 108918853,
    "outputRecords" : 18134309
  }, {
    "startTime" : 1404755267674,
    "attempts" : [ {
      "result" : "SUCCESS",
      "startTime" : 1404753628879,
      "finishTime" : 1404754048980,
      "attemptID" : "attempt_201407020230_0631_r_000001_0",
      "shuffleFinished" : 1404753892418,
      "sortFinished" : 1404753892423,
      "hdfsBytesRead" : -1,
      "hdfsBytesWritten" : 106612597,
      "fileBytesRead" : 434699118,
      "fileBytesWritten" : 434758491,
      "mapInputRecords" : -1,
      "mapOutputBytes" : -1,
      "mapOutputRecords" : -1,
      "combineInputRecords" : 31371347,
      "reduceInputGroups" : 17787671,
      "reduceInputRecords" : 20169360,
      "reduceShuffleBytes" : 644880854,
      "reduceOutputRecords" : 17787671,
      "spilledRecords" : 20169360,
      "mapInputBytes" : -1,
      "resourceUsageMetrics" : {
        "cumulativeCpuUsage" : 343460,
        "virtualMemoryUsage" : 1337344000,
        "physicalMemoryUsage" : 811462656,
        "heapUsage" : 733478912
      },
      "location" : {
        "layers" : [ "default-rack", "Slave5" ]
      },
      "hostName" : "/default-rack/Slave5"
    }, {
      "result" : "KILLED",
      "startTime" : 1404666368880,
      "finishTime" : 1404666527172,
      "attemptID" : "attempt_201407020230_0631_r_000001_1",
      "shuffleFinished" : -1,
      "sortFinished" : -1,
      "hdfsBytesRead" : -1,
      "hdfsBytesWritten" : -1,
      "fileBytesRead" : -1,
      "fileBytesWritten" : -1,
      "mapInputRecords" : -1,
      "mapOutputBytes" : -1,
      "mapOutputRecords" : -1,
      "combineInputRecords" : -1,
      "reduceInputGroups" : -1,
      "reduceInputRecords" : -1,
      "reduceShuffleBytes" : -1,
      "reduceOutputRecords" : -1,
      "spilledRecords" : -1,
      "mapInputBytes" : -1,
      "resourceUsageMetrics" : {
        "cumulativeCpuUsage" : 0,
        "virtualMemoryUsage" : 0,
        "physicalMemoryUsage" : 0,
        "heapUsage" : 0
      },
      "location" : null,
      "hostName" : null
    } ],
    "finishTime" : 1404755687931,
    "preferredLocations" : [ ],
    "taskType" : "REDUCE",
    "taskStatus" : "SUCCESS",
    "taskID" : "task_201407020230_0631_r_000001",
    "inputBytes" : 644880854,
    "inputRecords" : 20169360,
    "outputBytes" : 106612597,
    "outputRecords" : 17787671
  }, {
    "startTime" : 1404755267691,
    "attempts" : [ {
      "result" : "SUCCESS",
      "startTime" : 1404753901850,
      "finishTime" : 1404754314472,
      "attemptID" : "attempt_201407020230_0631_r_000002_0",
      "shuffleFinished" : 1404754163421,
      "sortFinished" : 1404754163427,
      "hdfsBytesRead" : -1,
      "hdfsBytesWritten" : 106630515,
      "fileBytesRead" : 434964985,
      "fileBytesWritten" : 435024358,
      "mapInputRecords" : -1,
      "mapOutputBytes" : -1,
      "mapOutputRecords" : -1,
      "combineInputRecords" : 31342140,
      "reduceInputGroups" : 17796368,
      "reduceInputRecords" : 20176924,
      "reduceShuffleBytes" : 644548910,
      "reduceOutputRecords" : 17796368,
      "spilledRecords" : 20176924,
      "mapInputBytes" : -1,
      "resourceUsageMetrics" : {
        "cumulativeCpuUsage" : 313610,
        "virtualMemoryUsage" : 1342271488,
        "physicalMemoryUsage" : 817635328,
        "heapUsage" : 733478912
      },
      "location" : {
        "layers" : [ "default-rack", "Slave3" ]
      },
      "hostName" : "/default-rack/Slave3"
    } ],
    "finishTime" : 1404755680466,
    "preferredLocations" : [ ],
    "taskType" : "REDUCE",
    "taskStatus" : "SUCCESS",
    "taskID" : "task_201407020230_0631_r_000002",
    "inputBytes" : 644548910,
    "inputRecords" : 20176924,
    "outputBytes" : 106630515,
    "outputRecords" : 17796368
  }, {
    "startTime" : 1404755267732,
    "attempts" : [ {
      "result" : "SUCCESS",
      "startTime" : 1404754075757,
      "finishTime" : 1404754500354,
      "attemptID" : "attempt_201407020230_0631_r_000003_0",
      "shuffleFinished" : 1404754330605,
      "sortFinished" : 1404754330632,
      "hdfsBytesRead" : -1,
      "hdfsBytesWritten" : 106609709,
      "fileBytesRead" : 424235803,
      "fileBytesWritten" : 424295176,
      "mapInputRecords" : -1,
      "mapOutputBytes" : -1,
      "mapOutputRecords" : -1,
      "combineInputRecords" : 30470096,
      "reduceInputGroups" : 17787507,
      "reduceInputRecords" : 20595286,
      "reduceShuffleBytes" : 644878835,
      "reduceOutputRecords" : 17787507,
      "spilledRecords" : 19694164,
      "mapInputBytes" : -1,
      "resourceUsageMetrics" : {
        "cumulativeCpuUsage" : 342630,
        "virtualMemoryUsage" : 1336647680,
        "physicalMemoryUsage" : 768167936,
        "heapUsage" : 732954624
      },
      "location" : {
        "layers" : [ "default-rack", "Slave6" ]
      },
      "hostName" : "/default-rack/Slave6"
    } ],
    "finishTime" : 1404755692464,
    "preferredLocations" : [ ],
    "taskType" : "REDUCE",
    "taskStatus" : "SUCCESS",
    "taskID" : "task_201407020230_0631_r_000003",
    "inputBytes" : 644878835,
    "inputRecords" : 20595286,
    "outputBytes" : 106609709,
    "outputRecords" : 17787507
  } ],
  "submitTime" : 1404755148955,
  "launchTime" : 1404755149073,
  "totalMaps" : 35,
  "totalReduces" : 4,
  "otherTasks" : [ {
    "startTime" : 1404755149091,
    "attempts" : [ {
      "result" : "SUCCESS",
      "startTime" : 1404754734420,
      "finishTime" : 1404754736187,
      "attemptID" : "attempt_201407020230_0631_m_000036_0",
      "shuffleFinished" : -1,
      "sortFinished" : -1,
      "hdfsBytesRead" : -1,
      "hdfsBytesWritten" : -1,
      "fileBytesRead" : -1,
      "fileBytesWritten" : 59467,
      "mapInputRecords" : -1,
      "mapOutputBytes" : -1,
      "mapOutputRecords" : -1,
      "combineInputRecords" : -1,
      "reduceInputGroups" : -1,
      "reduceInputRecords" : -1,
      "reduceShuffleBytes" : -1,
      "reduceOutputRecords" : -1,
      "spilledRecords" : 0,
      "mapInputBytes" : -1,
      "resourceUsageMetrics" : {
        "cumulativeCpuUsage" : 150,
        "virtualMemoryUsage" : 1212399616,
        "physicalMemoryUsage" : 125509632,
        "heapUsage" : 602931200
      },
      "location" : {
        "layers" : [ "default-rack", "Slave1" ]
      },
      "hostName" : "/default-rack/Slave1"
    } ],
    "finishTime" : 1404755151207,
    "preferredLocations" : [ ],
    "taskType" : "SETUP",
    "taskStatus" : "SUCCESS",
    "taskID" : "task_201407020230_0631_m_000036",
    "inputBytes" : -1,
    "inputRecords" : -1,
    "outputBytes" : -1,
    "outputRecords" : -1
  }, {
    "startTime" : 1404755704980,
    "attempts" : [ {
      "result" : "SUCCESS",
      "startTime" : 1404756201542,
      "finishTime" : 1404756201985,
      "attemptID" : "attempt_201407020230_0631_m_000035_0",
      "shuffleFinished" : -1,
      "sortFinished" : -1,
      "hdfsBytesRead" : -1,
      "hdfsBytesWritten" : -1,
      "fileBytesRead" : -1,
      "fileBytesWritten" : 59467,
      "mapInputRecords" : -1,
      "mapOutputBytes" : -1,
      "mapOutputRecords" : -1,
      "combineInputRecords" : -1,
      "reduceInputGroups" : -1,
      "reduceInputRecords" : -1,
      "reduceShuffleBytes" : -1,
      "reduceOutputRecords" : -1,
      "spilledRecords" : 0,
      "mapInputBytes" : -1,
      "resourceUsageMetrics" : {
        "cumulativeCpuUsage" : 80,
        "virtualMemoryUsage" : 1217757184,
        "physicalMemoryUsage" : 572702720,
        "heapUsage" : 472907776
      },
      "location" : {
        "layers" : [ "default-rack", "Slave2" ]
      },
      "hostName" : "/default-rack/Slave2"
    } ],
    "finishTime" : 1404755705583,
    "preferredLocations" : [ ],
    "taskType" : "CLEANUP",
    "taskStatus" : "SUCCESS",
    "taskID" : "task_201407020230_0631_m_000035",
    "inputBytes" : -1,
    "inputRecords" : -1,
    "outputBytes" : -1,
    "outputRecords" : -1
  } ],
  "queue" : "default",
  "jobProperties" : {
    "fs.s3n.impl" : "org.apache.hadoop.fs.s3native.NativeS3FileSystem",
    "mapred.task.cache.levels" : "2",
    "mapreduce.job.restart.recover" : "true",
    "mapreduce.job.counters.max" : "120",
    "dfs.client.use.datanode.hostname" : "false",
    "hadoop.tmp.dir" : "/tmp/hadoop-${user.name}",
    "hadoop.native.lib" : "true",
    "map.sort.class" : "org.apache.hadoop.util.QuickSort",
    "dfs.namenode.decommission.nodes.per.interval" : "5",
    "dfs.https.need.client.auth" : "false",
    "dfs.datanode.drop.cache.behind.writes" : "false",
    "ipc.client.idlethreshold" : "4000",
    "mapred.system.dir" : "${hadoop.tmp.dir}/mapred/system",
    "dfs.datanode.data.dir.perm" : "755",
    "mapred.job.tracker.persist.jobstatus.hours" : "0",
    "dfs.namenode.logging.level" : "info",
    "dfs.datanode.address" : "0.0.0.0:50010",
    "io.skip.checksum.errors" : "false",
    "dfs.block.access.token.enable" : "false",
    "fs.default.name" : "hdfs://Master:9000",
    "mapred.cluster.reduce.memory.mb" : "-1",
    "mapred.reducer.new-api" : "true",
    "mapred.child.tmp" : "./tmp",
    "fs.har.impl.disable.cache" : "true",
    "dfs.safemode.threshold.pct" : "0.999f",
    "mapred.skip.reduce.max.skip.groups" : "0",
    "mapred.heartbeats.in.second" : "100",
    "dfs.namenode.handler.count" : "10",
    "dfs.blockreport.initialDelay" : "0",
    "mapred.tasktracker.dns.nameserver" : "default",
    "io.sort.factor" : "10",
    "dfs.datanode.drop.cache.behind.reads" : "false",
    "mapred.task.timeout" : "600000",
    "mapred.max.tracker.failures" : "4",
    "hadoop.rpc.socket.factory.class.default" : "org.apache.hadoop.net.StandardSocketFactory",
    "mapred.job.tracker.jobhistory.lru.cache.size" : "5",
    "fs.hdfs.impl" : "org.apache.hadoop.hdfs.DistributedFileSystem",
    "mapred.queue.default.acl-administer-jobs" : "*",
    "dfs.namenode.stale.datanode.interval" : "30000",
    "mapred.output.key.class" : "WordPair",
    "dfs.block.access.key.update.interval" : "600",
    "mapred.skip.map.auto.incr.proc.count" : "true",
    "mapreduce.job.complete.cancel.delegation.tokens" : "true",
    "io.mapfile.bloom.size" : "1048576",
    "mapreduce.reduce.shuffle.connect.timeout" : "180000",
    "dfs.safemode.extension" : "30000",
    "mapred.jobtracker.blacklist.fault-timeout-window" : "180",
    "dfs.namenode.write.stale.datanode.ratio" : "0.5f",
    "hadoop.skip.worker.version.check" : "false",
    "tasktracker.http.threads" : "40",
    "net.topology.impl" : "org.apache.hadoop.net.NetworkTopology",
    "mapred.job.shuffle.merge.percent" : "0.8",
    "fs.ftp.impl" : "org.apache.hadoop.fs.ftp.FTPFileSystem",
    "user.name" : "trend-hadoop",
    "dfs.namenode.kerberos.internal.spnego.principal" : "${dfs.web.authentication.kerberos.principal}",
    "mapred.output.compress" : "true",
    "io.bytes.per.checksum" : "512",
    "mapred.combine.recordsBeforeProgress" : "10000",
    "mapred.healthChecker.script.timeout" : "600000",
    "topology.node.switch.mapping.impl" : "org.apache.hadoop.net.ScriptBasedMapping",
    "dfs.https.server.keystore.resource" : "ssl-server.xml",
    "mapred.reduce.slowstart.completed.maps" : "0.04",
    "mapred.reduce.max.attempts" : "4",
    "dfs.namenode.safemode.min.datanodes" : "0",
    "mapreduce.ifile.readahead.bytes" : "4194304",
    "fs.ramfs.impl" : "org.apache.hadoop.fs.InMemoryFileSystem",
    "dfs.block.access.token.lifetime" : "600",
    "mapred.skip.map.max.skip.records" : "0",
    "dfs.name.edits.dir" : "${dfs.name.dir}",
    "mapred.cluster.map.memory.mb" : "-1",
    "hadoop.security.group.mapping" : "org.apache.hadoop.security.ShellBasedUnixGroupsMapping",
    "mapred.job.tracker.persist.jobstatus.dir" : "/jobtracker/jobsInfo",
    "mapred.jar" : "hdfs://Master:9000/tmp/hadoop-trend-hadoop/mapred/staging/trend-hadoop/.staging/job_201407020230_0631/job.jar",
    "fs.s3.buffer.dir" : "${hadoop.tmp.dir}/s3",
    "dfs.block.size" : "67108864",
    "job.end.retry.attempts" : "0",
    "fs.file.impl" : "org.apache.hadoop.fs.LocalFileSystem",
    "dfs.namenode.avoid.write.stale.datanode" : "false",
    "dfs.datanode.max.xcievers" : "4096",
    "mapred.local.dir.minspacestart" : "0",
    "mapred.output.compression.type" : "RECORD",
    "dfs.datanode.ipc.address" : "0.0.0.0:50020",
    "dfs.permissions" : "true",
    "topology.script.number.args" : "100",
    "mapreduce.job.counters.groups.max" : "50",
    "io.mapfile.bloom.error.rate" : "0.005",
    "mapred.cluster.max.reduce.memory.mb" : "-1",
    "mapred.max.tracker.blacklists" : "4",
    "mapred.task.profile.maps" : "0-2",
    "mapred.jobtracker.jobSchedulable" : "org.apache.hadoop.mapred.JobSchedulable",
    "dfs.datanode.https.address" : "0.0.0.0:50475",
    "mapred.userlog.retain.hours" : "24",
    "dfs.secondary.http.address" : "0.0.0.0:50090",
    "dfs.namenode.replication.work.multiplier.per.iteration" : "2",
    "dfs.replication.max" : "512",
    "mapred.job.tracker.persist.jobstatus.active" : "false",
    "hadoop.security.authorization" : "false",
    "local.cache.size" : "10737418240",
    "mapred.min.split.size" : "268435456",
    "dfs.namenode.delegation.token.renew-interval" : "86400000",
    "mapred.map.tasks" : "35",
    "mapred.child.java.opts" : "-Xmx200m",
    "mapred.output.value.class" : "org.apache.hadoop.io.IntWritable",
    "dfs.https.client.keystore.resource" : "ssl-client.xml",
    "ipc.client.fallback-to-simple-auth-allowed" : "false",
    "mapred.job.queue.name" : "default",
    "mapred.job.tracker.retiredjobs.cache.size" : "1000",
    "dfs.https.address" : "0.0.0.0:50470",
    "dfs.balance.bandwidthPerSec" : "1048576",
    "ipc.server.listen.queue.size" : "128",
    "dfs.namenode.invalidate.work.pct.per.iteration" : "0.32f",
    "mapred.inmem.merge.threshold" : "1000",
    "job.end.retry.interval" : "30000",
    "mapred.skip.attempts.to.start.skipping" : "2",
    "mapreduce.tasktracker.outofband.heartbeat.damper" : "1000000",
    "hadoop.security.use-weak-http-crypto" : "false",
    "fs.checkpoint.dir" : "${hadoop.tmp.dir}/dfs/namesecondary",
    "dfs.namenode.avoid.read.stale.datanode" : "false",
    "mapred.reduce.tasks" : "4",
    "mapred.merge.recordsBeforeProgress" : "10000",
    "mapred.userlog.limit.kb" : "0",
    "mapred.job.reduce.memory.mb" : "-1",
    "webinterface.private.actions" : "false",
    "dfs.max.objects" : "0",
    "hadoop.security.token.service.use_ip" : "true",
    "io.sort.spill.percent" : "0.9",
    "mapred.job.shuffle.input.buffer.percent" : "0.6",
    "mapred.map.tasks.speculative.execution" : "true",
    "hadoop.http.authentication.type" : "simple",
    "mapred.job.name" : "pairs-co-occur",
    "hadoop.util.hash.type" : "murmur",
    "dfs.datanode.dns.nameserver" : "default",
    "hadoop.security.instrumentation.requires.admin" : "false",
    "dfs.blockreport.intervalMsec" : "3600000",
    "dfs.datanode.readahead.bytes" : "4193404",
    "mapred.map.max.attempts" : "4",
    "mapreduce.job.acl-view-job" : " ",
    "mapreduce.ifile.readahead" : "true",
    "mapred.jobtracker.nodegroup.aware" : "false",
    "mapred.job.tracker.handler.count" : "10",
    "dfs.client.block.write.retries" : "3",
    "mapreduce.reduce.shuffle.read.timeout" : "180000",
    "mapred.tasktracker.expiry.interval" : "600000",
    "dfs.secondary.namenode.kerberos.internal.spnego.principal" : "${dfs.web.authentication.kerberos.principal}",
    "dfs.https.enable" : "false",
    "mapred.jobtracker.job.history.block.size" : "3145728",
    "mapred.jobtracker.maxtasks.per.job" : "-1",
    "keep.failed.task.files" : "false",
    "dfs.datanode.use.datanode.hostname" : "false",
    "dfs.datanode.failed.volumes.tolerated" : "0",
    "ipc.client.tcpnodelay" : "false",
    "mapred.task.profile.reduces" : "0-2",
    "io.map.index.skip" : "0",
    "mapred.output.compression.codec" : "org.apache.hadoop.io.compress.DefaultCodec",
    "hadoop.http.authentication.token.validity" : "36000",
    "ipc.server.tcpnodelay" : "false",
    "hadoop.jetty.logs.serve.aliases" : "true",
    "mapred.working.dir" : "hdfs://Master:9000/user/trend-hadoop",
    "mapred.jobtracker.blacklist.fault-bucket-width" : "15",
    "dfs.namenode.delegation.key.update-interval" : "86400000",
    "mapred.used.genericoptionsparser" : "true",
    "mapred.job.map.memory.mb" : "-1",
    "mapred.mapper.new-api" : "true",
    "dfs.default.chunk.view.size" : "32768",
    "hadoop.logfile.size" : "10000000",
    "mapred.reduce.tasks.speculative.execution" : "true",
    "mapreduce.tasktracker.outofband.heartbeat" : "false",
    "mapreduce.job.dir" : "hdfs://Master:9000/tmp/hadoop-trend-hadoop/mapred/staging/trend-hadoop/.staging/job_201407020230_0631",
    "mapreduce.reduce.input.limit" : "-1",
    "dfs.datanode.du.reserved" : "0",
    "dfs.datanode.sync.behind.writes" : "false",
    "hadoop.security.authentication" : "simple",
    "fs.checkpoint.period" : "3600",
    "mapred.job.reuse.jvm.num.tasks" : "8",
    "dfs.web.ugi" : "webuser,webgroup",
    "mapred.jobtracker.completeuserjobs.maximum" : "100",
    "dfs.df.interval" : "60000",
    "mapred.task.tracker.task-controller" : "org.apache.hadoop.mapred.DefaultTaskController",
    "dfs.data.dir" : "${hadoop.tmp.dir}/dfs/data",
    "fs.s3.maxRetries" : "4",
    "dfs.datanode.dns.interface" : "default",
    "mapred.cluster.max.map.memory.mb" : "-1",
    "mapreduce.reduce.shuffle.maxfetchfailures" : "10",
    "mapred.map.child.java.opts" : "-Xmx600M",
    "mapreduce.job.acl-modify-job" : " ",
    "fs.hftp.impl" : "org.apache.hadoop.hdfs.HftpFileSystem",
    "mapred.local.dir" : "${hadoop.tmp.dir}/mapred/local",
    "dfs.permissions.supergroup" : "supergroup",
    "fs.s3.sleepTimeSeconds" : "10",
    "fs.trash.interval" : "0",
    "mapred.submit.replication" : "10",
    "dfs.replication.min" : "1",
    "fs.har.impl" : "org.apache.hadoop.fs.HarFileSystem",
    "hadoop.relaxed.worker.version.check" : "false",
    "mapred.map.output.compression.codec" : "org.apache.hadoop.io.compress.DefaultCodec",
    "mapred.tasktracker.dns.interface" : "default",
    "dfs.http.address" : "0.0.0.0:50070",
    "dfs.namenode.decommission.interval" : "30",
    "mapred.job.tracker" : "Master:9001",
    "dfs.heartbeat.interval" : "3",
    "hadoop.http.authentication.signature.secret.file" : "${user.home}/hadoop-http-auth-signature-secret",
    "io.seqfile.sorter.recordlimit" : "1000000",
    "mapreduce.job.submithost" : "Master",
    "dfs.name.dir" : "${hadoop.tmp.dir}/dfs/name",
    "mapred.jobtracker.taskScheduler" : "org.apache.hadoop.mapred.JobQueueTaskScheduler",
    "mapred.line.input.format.linespermap" : "1",
    "dfs.datanode.http.address" : "0.0.0.0:50075",
    "fs.webhdfs.impl" : "org.apache.hadoop.hdfs.web.WebHdfsFileSystem",
    "mapred.local.dir.minspacekill" : "0",
    "dfs.image.transfer.bandwidthPerSec" : "0",
    "dfs.replication.interval" : "3",
    "io.sort.record.percent" : "0.05",
    "hadoop.http.authentication.kerberos.principal" : "HTTP/localhost@LOCALHOST",
    "mapreduce.reduce.class" : "PairsReducer",
    "fs.kfs.impl" : "org.apache.hadoop.fs.kfs.KosmosFileSystem",
    "mapred.tasktracker.reduce.tasks.maximum" : "2",
    "mapred.temp.dir" : "${hadoop.tmp.dir}/mapred/temp",
    "dfs.replication" : "3",
    "fs.checkpoint.edits.dir" : "${fs.checkpoint.dir}",
    "mapreduce.jobhistory.max-age-ms" : "2592000000",
    "mapred.tasktracker.tasks.sleeptime-before-sigkill" : "5000",
    "mapred.job.reduce.input.buffer.percent" : "0.9",
    "mapred.tasktracker.indexcache.mb" : "10",
    "dfs.webhdfs.enabled" : "false",
    "mapreduce.job.split.metainfo.maxsize" : "10000000",
    "hadoop.logfile.count" : "10",
    "mapred.skip.reduce.auto.incr.proc.count" : "true",
    "mapreduce.job.submithostaddress" : "192.168.168.50",
    "io.seqfile.compress.blocksize" : "1000000",
    "fs.s3.block.size" : "67108864",
    "mapred.tasktracker.taskmemorymanager.monitoring-interval" : "5000",
    "hadoop.http.authentication.simple.anonymous.allowed" : "true",
    "mapreduce.jobtracker.staging.root.dir" : "${hadoop.tmp.dir}/mapred/staging",
    "mapred.acls.enabled" : "false",
    "mapred.queue.default.state" : "RUNNING",
    "mapred.queue.names" : "default",
    "fs.hsftp.impl" : "org.apache.hadoop.hdfs.HsftpFileSystem",
    "dfs.access.time.precision" : "3600000",
    "mapred.task.tracker.http.address" : "0.0.0.0:50060",
    "mapreduce.combine.class" : "PairsReducer",
    "io.seqfile.lazydecompress" : "true",
    "mapred.reduce.parallel.copies" : "5",
    "mapred.disk.healthChecker.interval" : "60000",
    "mapred.output.dir" : "/wiki-out",
    "ipc.client.connection.maxidletime" : "10000",
    "io.sort.mb" : "100",
    "mapred.reduce.child.java.opts" : "-Xmx700M",
    "mapred.task.tracker.report.address" : "127.0.0.1:0",
    "hadoop.security.uid.cache.secs" : "14400",
    "mapred.compress.map.output" : "false",
    "ipc.client.kill.max" : "10",
    "mapred.healthChecker.interval" : "60000",
    "ipc.client.connect.max.retries" : "10",
    "mapreduce.map.class" : "PairsOccurrenceMapper",
    "fs.s3.impl" : "org.apache.hadoop.fs.s3.S3FileSystem",
    "mapred.user.jobconf.limit" : "5242880",
    "mapreduce.job.counters.group.name.max" : "128",
    "mapred.job.tracker.http.address" : "0.0.0.0:50030",
    "mapred.input.dir" : "hdfs://Master:9000/wiki-in400M",
    "io.file.buffer.size" : "4096",
    "mapred.jobtracker.restart.recover" : "false",
    "io.serializations" : "org.apache.hadoop.io.serializer.WritableSerialization",
    "mapred.task.profile" : "false",
    "dfs.datanode.handler.count" : "3",
    "mapreduce.input.num.files" : "35",
    "mapreduce.jobhistory.cleaner.interval-ms" : "86400000",
    "dfs.replication.considerLoad" : "true",
    "jobclient.output.filter" : "FAILED",
    "dfs.namenode.edits.toleration.length" : "0",
    "hadoop.http.authentication.kerberos.keytab" : "${user.home}/hadoop.keytab",
    "dfs.namenode.delegation.token.max-lifetime" : "604800000",
    "mapred.tasktracker.map.tasks.maximum" : "2",
    "fs.checkpoint.size" : "67108864",
    "io.compression.codecs" : "org.apache.hadoop.io.compress.DefaultCodec,org.apache.hadoop.io.compress.GzipCodec,org.apache.hadoop.io.compress.BZip2Codec,org.apache.hadoop.io.compress.SnappyCodec",
    "mapreduce.job.counters.counter.name.max" : "64"
  },
  "computonsPerMapInputByte" : -1,
  "computonsPerMapOutputByte" : -1,
  "computonsPerReduceInputByte" : -1,
  "computonsPerReduceOutputByte" : -1,
  "heapMegabytes" : 200,
  "outcome" : "SUCCESS",
  "jobtype" : "JAVA",
  "directDependantJobs" : [ ],
  "successfulMapAttemptCDFs" : [ {
    "minimum" : 19451,
    "maximum" : 182554,
    "rankings" : [ {
      "relativeRanking" : 0.05,
      "datum" : 19451
    }, {
      "relativeRanking" : 0.1,
      "datum" : 84026
    }, {
      "relativeRanking" : 0.15,
      "datum" : 87676
    }, {
      "relativeRanking" : 0.2,
      "datum" : 89123
    }, {
      "relativeRanking" : 0.25,
      "datum" : 91002
    }, {
      "relativeRanking" : 0.3,
      "datum" : 91808
    }, {
      "relativeRanking" : 0.35,
      "datum" : 92938
    }, {
      "relativeRanking" : 0.4,
      "datum" : 95591
    }, {
      "relativeRanking" : 0.45,
      "datum" : 95897
    }, {
      "relativeRanking" : 0.5,
      "datum" : 98087
    }, {
      "relativeRanking" : 0.55,
      "datum" : 115954
    }, {
      "relativeRanking" : 0.6,
      "datum" : 115984
    }, {
      "relativeRanking" : 0.65,
      "datum" : 116837
    }, {
      "relativeRanking" : 0.7,
      "datum" : 117120
    }, {
      "relativeRanking" : 0.75,
      "datum" : 124329
    }, {
      "relativeRanking" : 0.8,
      "datum" : 132201
    }, {
      "relativeRanking" : 0.85,
      "datum" : 134096
    }, {
      "relativeRanking" : 0.9,
      "datum" : 134098
    }, {
      "relativeRanking" : 0.95,
      "datum" : 136701
    } ],
    "numberValues" : 33
  }, {
    "minimum" : 81568,
    "maximum" : 82563,
    "rankings" : [ {
      "relativeRanking" : 0.05,
      "datum" : 81568
    }, {
      "relativeRanking" : 0.1,
      "datum" : 81568
    }, {
      "relativeRanking" : 0.15,
      "datum" : 81568
    }, {
      "relativeRanking" : 0.2,
      "datum" : 81568
    }, {
      "relativeRanking" : 0.25,
      "datum" : 81568
    }, {
      "relativeRanking" : 0.3,
      "datum" : 81568
    }, {
      "relativeRanking" : 0.35,
      "datum" : 81568
    }, {
      "relativeRanking" : 0.4,
      "datum" : 81568
    }, {
      "relativeRanking" : 0.45,
      "datum" : 81568
    }, {
      "relativeRanking" : 0.5,
      "datum" : 81568
    }, {
      "relativeRanking" : 0.55,
      "datum" : 81568
    }, {
      "relativeRanking" : 0.6,
      "datum" : 81568
    }, {
      "relativeRanking" : 0.65,
      "datum" : 81568
    }, {
      "relativeRanking" : 0.7,
      "datum" : 81568
    }, {
      "relativeRanking" : 0.75,
      "datum" : 81568
    }, {
      "relativeRanking" : 0.8,
      "datum" : 81568
    }, {
      "relativeRanking" : 0.85,
      "datum" : 81568
    }, {
      "relativeRanking" : 0.9,
      "datum" : 81568
    }, {
      "relativeRanking" : 0.95,
      "datum" : 81568
    } ],
    "numberValues" : 2
  }, {
    "minimum" : -9223372036854775808,
    "maximum" : 9223372036854775807,
    "rankings" : [ ],
    "numberValues" : 0
  }, {
    "minimum" : -9223372036854775808,
    "maximum" : 9223372036854775807,
    "rankings" : [ ],
    "numberValues" : 0
  } ],
  "failedMapAttemptCDFs" : [ {
    "minimum" : -9223372036854775808,
    "maximum" : 9223372036854775807,
    "rankings" : [ ],
    "numberValues" : 0
  }, {
    "minimum" : -9223372036854775808,
    "maximum" : 9223372036854775807,
    "rankings" : [ ],
    "numberValues" : 0
  }, {
    "minimum" : -9223372036854775808,
    "maximum" : 9223372036854775807,
    "rankings" : [ ],
    "numberValues" : 0
  }, {
    "minimum" : -9223372036854775808,
    "maximum" : 9223372036854775807,
    "rankings" : [ ],
    "numberValues" : 0
  } ],
  "successfulReduceAttemptCDF" : {
    "minimum" : 412622,
    "maximum" : 437221,
    "rankings" : [ {
      "relativeRanking" : 0.05,
      "datum" : 412622
    }, {
      "relativeRanking" : 0.1,
      "datum" : 412622
    }, {
      "relativeRanking" : 0.15,
      "datum" : 412622
    }, {
      "relativeRanking" : 0.2,
      "datum" : 412622
    }, {
      "relativeRanking" : 0.25,
      "datum" : 412622
    }, {
      "relativeRanking" : 0.3,
      "datum" : 412622
    }, {
      "relativeRanking" : 0.35,
      "datum" : 412622
    }, {
      "relativeRanking" : 0.4,
      "datum" : 412622
    }, {
      "relativeRanking" : 0.45,
      "datum" : 412622
    }, {
      "relativeRanking" : 0.5,
      "datum" : 420101
    }, {
      "relativeRanking" : 0.55,
      "datum" : 420101
    }, {
      "relativeRanking" : 0.6,
      "datum" : 420101
    }, {
      "relativeRanking" : 0.65,
      "datum" : 420101
    }, {
      "relativeRanking" : 0.7,
      "datum" : 420101
    }, {
      "relativeRanking" : 0.75,
      "datum" : 424597
    }, {
      "relativeRanking" : 0.8,
      "datum" : 424597
    }, {
      "relativeRanking" : 0.85,
      "datum" : 424597
    }, {
      "relativeRanking" : 0.9,
      "datum" : 424597
    }, {
      "relativeRanking" : 0.95,
      "datum" : 424597
    } ],
    "numberValues" : 4
  },
  "failedReduceAttemptCDF" : {
    "minimum" : -9223372036854775808,
    "maximum" : 9223372036854775807,
    "rankings" : [ ],
    "numberValues" : 0
  },
  "priority" : "NORMAL"
}