{
  "priority" : "NORMAL",
  "jobID" : "job_201407020230_0623",
  "user" : "trend-hadoop",
  "jobName" : "pairs-co-occur",
  "mapTasks" : [ {
    "startTime" : 1404750391099,
    "attempts" : [ {
      "result" : "SUCCESS",
      "location" : {
        "layers" : [ "default-rack", "Master" ]
      },
      "hostName" : "/default-rack/Master",
      "startTime" : 1404750391102,
      "finishTime" : 1404750503559,
      "attemptID" : "attempt_201407020230_0623_m_000000_0",
      "shuffleFinished" : -1,
      "sortFinished" : -1,
      "hdfsBytesRead" : 12575747,
      "hdfsBytesWritten" : -1,
      "fileBytesRead" : 90860783,
      "fileBytesWritten" : 166887735,
      "mapInputRecords" : 70292,
      "mapOutputBytes" : 125852860,
      "mapOutputRecords" : 7625586,
      "combineInputRecords" : 12139450,
      "reduceInputGroups" : -1,
      "reduceInputRecords" : -1,
      "reduceShuffleBytes" : -1,
      "reduceOutputRecords" : -1,
      "spilledRecords" : 8192014,
      "mapInputBytes" : -1,
      "resourceUsageMetrics" : {
        "cumulativeCpuUsage" : 123970,
        "virtualMemoryUsage" : 1543196672,
        "physicalMemoryUsage" : 933797888,
        "heapUsage" : 943194112
      }
    } ],
    "finishTime" : 1404750503653,
    "preferredLocations" : [ {
      "layers" : [ "default-rack", "Master" ]
    }, {
      "layers" : [ "default-rack", "Slave5" ]
    }, {
      "layers" : [ "default-rack", "Slave7" ]
    } ],
    "taskType" : "MAP",
    "taskStatus" : "SUCCESS",
    "taskID" : "task_201407020230_0623_m_000000",
    "inputBytes" : 12575747,
    "inputRecords" : 70292,
    "outputBytes" : 166887735,
    "outputRecords" : 7625586
  }, {
    "startTime" : 1404750391099,
    "attempts" : [ {
      "result" : "SUCCESS",
      "location" : {
        "layers" : [ "default-rack", "Master" ]
      },
      "hostName" : "/default-rack/Master",
      "startTime" : 1404750391102,
      "finishTime" : 1404750503027,
      "attemptID" : "attempt_201407020230_0623_m_000001_0",
      "shuffleFinished" : -1,
      "sortFinished" : -1,
      "hdfsBytesRead" : 12555263,
      "hdfsBytesWritten" : -1,
      "fileBytesRead" : 91934218,
      "fileBytesWritten" : 168963753,
      "mapInputRecords" : 69442,
      "mapOutputBytes" : 125838118,
      "mapOutputRecords" : 7636470,
      "combineInputRecords" : 12207357,
      "reduceInputGroups" : -1,
      "reduceInputRecords" : -1,
      "reduceShuffleBytes" : -1,
      "reduceOutputRecords" : -1,
      "spilledRecords" : 8301397,
      "mapInputBytes" : -1,
      "resourceUsageMetrics" : {
        "cumulativeCpuUsage" : 124770,
        "virtualMemoryUsage" : 1540935680,
        "physicalMemoryUsage" : 934498304,
        "heapUsage" : 943194112
      }
    } ],
    "finishTime" : 1404750503048,
    "preferredLocations" : [ {
      "layers" : [ "default-rack", "Master" ]
    }, {
      "layers" : [ "default-rack", "Slave3" ]
    }, {
      "layers" : [ "default-rack", "Slave4" ]
    } ],
    "taskType" : "MAP",
    "taskStatus" : "SUCCESS",
    "taskID" : "task_201407020230_0623_m_000001",
    "inputBytes" : 12555263,
    "inputRecords" : 69442,
    "outputBytes" : 168963753,
    "outputRecords" : 7636470
  }, {
    "startTime" : 1404750391100,
    "attempts" : [ {
      "result" : "SUCCESS",
      "location" : {
        "layers" : [ "default-rack", "Slave2" ]
      },
      "hostName" : "/default-rack/Slave2",
      "startTime" : 1404750887668,
      "finishTime" : 1404750997288,
      "attemptID" : "attempt_201407020230_0623_m_000005_0",
      "shuffleFinished" : -1,
      "sortFinished" : -1,
      "hdfsBytesRead" : 12540113,
      "hdfsBytesWritten" : -1,
      "fileBytesRead" : 91497483,
      "fileBytesWritten" : 168169928,
      "mapInputRecords" : 72022,
      "mapOutputBytes" : 125290022,
      "mapOutputRecords" : 7580298,
      "combineInputRecords" : 12117502,
      "reduceInputGroups" : -1,
      "reduceInputRecords" : -1,
      "reduceShuffleBytes" : -1,
      "reduceOutputRecords" : -1,
      "spilledRecords" : 8240789,
      "mapInputBytes" : -1,
      "resourceUsageMetrics" : {
        "cumulativeCpuUsage" : 120680,
        "virtualMemoryUsage" : 1540362240,
        "physicalMemoryUsage" : 929538048,
        "heapUsage" : 943194112
      }
    } ],
    "finishTime" : 1404750500981,
    "preferredLocations" : [ {
      "layers" : [ "default-rack", "Master" ]
    }, {
      "layers" : [ "default-rack", "Slave2" ]
    }, {
      "layers" : [ "default-rack", "Slave4" ]
    } ],
    "taskType" : "MAP",
    "taskStatus" : "SUCCESS",
    "taskID" : "task_201407020230_0623_m_000005",
    "inputBytes" : 12540113,
    "inputRecords" : 72022,
    "outputBytes" : 168169928,
    "outputRecords" : 7580298
  }, {
    "startTime" : 1404750391101,
    "attempts" : [ {
      "result" : "SUCCESS",
      "location" : {
        "layers" : [ "default-rack", "Slave2" ]
      },
      "hostName" : "/default-rack/Slave2",
      "startTime" : 1404750887668,
      "finishTime" : 1404750999596,
      "attemptID" : "attempt_201407020230_0623_m_000007_0",
      "shuffleFinished" : -1,
      "sortFinished" : -1,
      "hdfsBytesRead" : 12525989,
      "hdfsBytesWritten" : -1,
      "fileBytesRead" : 91886358,
      "fileBytesWritten" : 168917251,
      "mapInputRecords" : 70212,
      "mapOutputBytes" : 125295674,
      "mapOutputRecords" : 7572980,
      "combineInputRecords" : 12124130,
      "reduceInputGroups" : -1,
      "reduceInputRecords" : -1,
      "reduceShuffleBytes" : -1,
      "reduceOutputRecords" : -1,
      "spilledRecords" : 8266147,
      "mapInputBytes" : -1,
      "resourceUsageMetrics" : {
        "cumulativeCpuUsage" : 124600,
        "virtualMemoryUsage" : 1541091328,
        "physicalMemoryUsage" : 930422784,
        "heapUsage" : 943194112
      }
    } ],
    "finishTime" : 1404750503398,
    "preferredLocations" : [ {
      "layers" : [ "default-rack", "Master" ]
    }, {
      "layers" : [ "default-rack", "Slave2" ]
    }, {
      "layers" : [ "default-rack", "Slave1" ]
    } ],
    "taskType" : "MAP",
    "taskStatus" : "SUCCESS",
    "taskID" : "task_201407020230_0623_m_000007",
    "inputBytes" : 12525989,
    "inputRecords" : 70212,
    "outputBytes" : 168917251,
    "outputRecords" : 7572980
  }, {
    "startTime" : 1404750391116,
    "attempts" : [ {
      "result" : "SUCCESS",
      "location" : {
        "layers" : [ "default-rack", "Slave3" ]
      },
      "hostName" : "/default-rack/Slave3",
      "startTime" : 1404749025552,
      "finishTime" : 1404749157186,
      "attemptID" : "attempt_201407020230_0623_m_000002_0",
      "shuffleFinished" : -1,
      "sortFinished" : -1,
      "hdfsBytesRead" : 12545410,
      "hdfsBytesWritten" : -1,
      "fileBytesRead" : 89499981,
      "fileBytesWritten" : 164834863,
      "mapInputRecords" : 82989,
      "mapOutputBytes" : 123920500,
      "mapOutputRecords" : 7463474,
      "combineInputRecords" : 11870794,
      "reduceInputGroups" : -1,
      "reduceInputRecords" : -1,
      "reduceShuffleBytes" : -1,
      "reduceOutputRecords" : -1,
      "spilledRecords" : 8017952,
      "mapInputBytes" : -1,
      "resourceUsageMetrics" : {
        "cumulativeCpuUsage" : 145960,
        "virtualMemoryUsage" : 1543180288,
        "physicalMemoryUsage" : 907472896,
        "heapUsage" : 943194112
      }
    } ],
    "finishTime" : 1404750522892,
    "preferredLocations" : [ {
      "layers" : [ "default-rack", "Master" ]
    }, {
      "layers" : [ "default-rack", "Slave3" ]
    }, {
      "layers" : [ "default-rack", "Slave1" ]
    } ],
    "taskType" : "MAP",
    "taskStatus" : "SUCCESS",
    "taskID" : "task_201407020230_0623_m_000002",
    "inputBytes" : 12545410,
    "inputRecords" : 82989,
    "outputBytes" : 164834863,
    "outputRecords" : 7463474
  }, {
    "startTime" : 1404750391116,
    "attempts" : [ {
      "result" : "SUCCESS",
      "location" : {
        "layers" : [ "default-rack", "Slave3" ]
      },
      "hostName" : "/default-rack/Slave3",
      "startTime" : 1404749025552,
      "finishTime" : 1404749159624,
      "attemptID" : "attempt_201407020230_0623_m_000003_0",
      "shuffleFinished" : -1,
      "sortFinished" : -1,
      "hdfsBytesRead" : 12542984,
      "hdfsBytesWritten" : -1,
      "fileBytesRead" : 91927084,
      "fileBytesWritten" : 169030916,
      "mapInputRecords" : 72873,
      "mapOutputBytes" : 125165602,
      "mapOutputRecords" : 7555522,
      "combineInputRecords" : 12103810,
      "reduceInputGroups" : -1,
      "reduceInputRecords" : -1,
      "reduceShuffleBytes" : -1,
      "reduceOutputRecords" : -1,
      "spilledRecords" : 8261762,
      "mapInputBytes" : -1,
      "resourceUsageMetrics" : {
        "cumulativeCpuUsage" : 148620,
        "virtualMemoryUsage" : 1541464064,
        "physicalMemoryUsage" : 906973184,
        "heapUsage" : 943194112
      }
    } ],
    "finishTime" : 1404750525311,
    "preferredLocations" : [ {
      "layers" : [ "default-rack", "Master" ]
    }, {
      "layers" : [ "default-rack", "Slave4" ]
    }, {
      "layers" : [ "default-rack", "Slave3" ]
    } ],
    "taskType" : "MAP",
    "taskStatus" : "SUCCESS",
    "taskID" : "task_201407020230_0623_m_000003",
    "inputBytes" : 12542984,
    "inputRecords" : 72873,
    "outputBytes" : 169030916,
    "outputRecords" : 7555522
  }, {
    "startTime" : 1404750391140,
    "attempts" : [ {
      "result" : "SUCCESS",
      "location" : {
        "layers" : [ "default-rack", "Slave1" ]
      },
      "hostName" : "/default-rack/Slave1",
      "startTime" : 1404749976457,
      "finishTime" : 1404750087893,
      "attemptID" : "attempt_201407020230_0623_m_000012_0",
      "shuffleFinished" : -1,
      "sortFinished" : -1,
      "hdfsBytesRead" : 12507171,
      "hdfsBytesWritten" : -1,
      "fileBytesRead" : 91711019,
      "fileBytesWritten" : 168575087,
      "mapInputRecords" : 69080,
      "mapOutputBytes" : 125267238,
      "mapOutputRecords" : 7584834,
      "combineInputRecords" : 12137034,
      "reduceInputGroups" : -1,
      "reduceInputRecords" : -1,
      "reduceShuffleBytes" : -1,
      "reduceOutputRecords" : -1,
      "spilledRecords" : 8268810,
      "mapInputBytes" : -1,
      "resourceUsageMetrics" : {
        "cumulativeCpuUsage" : 122210,
        "virtualMemoryUsage" : 1540763648,
        "physicalMemoryUsage" : 930967552,
        "heapUsage" : 943194112
      }
    } ],
    "finishTime" : 1404750502863,
    "preferredLocations" : [ {
      "layers" : [ "default-rack", "Master" ]
    }, {
      "layers" : [ "default-rack", "Slave7" ]
    }, {
      "layers" : [ "default-rack", "Slave1" ]
    } ],
    "taskType" : "MAP",
    "taskStatus" : "SUCCESS",
    "taskID" : "task_201407020230_0623_m_000012",
    "inputBytes" : 12507171,
    "inputRecords" : 69080,
    "outputBytes" : 168575087,
    "outputRecords" : 7584834
  }, {
    "startTime" : 1404750391141,
    "attempts" : [ {
      "result" : "SUCCESS",
      "location" : {
        "layers" : [ "default-rack", "Slave1" ]
      },
      "hostName" : "/default-rack/Slave1",
      "startTime" : 1404749976458,
      "finishTime" : 1404750087622,
      "attemptID" : "attempt_201407020230_0623_m_000013_0",
      "shuffleFinished" : -1,
      "sortFinished" : -1,
      "hdfsBytesRead" : 12506379,
      "hdfsBytesWritten" : -1,
      "fileBytesRead" : 91821665,
      "fileBytesWritten" : 168720910,
      "mapInputRecords" : 70622,
      "mapOutputBytes" : 125104624,
      "mapOutputRecords" : 7574726,
      "combineInputRecords" : 12132818,
      "reduceInputGroups" : -1,
      "reduceInputRecords" : -1,
      "reduceShuffleBytes" : -1,
      "reduceOutputRecords" : -1,
      "spilledRecords" : 8275382,
      "mapInputBytes" : -1,
      "resourceUsageMetrics" : {
        "cumulativeCpuUsage" : 122310,
        "virtualMemoryUsage" : 1541971968,
        "physicalMemoryUsage" : 932016128,
        "heapUsage" : 943194112
      }
    } ],
    "finishTime" : 1404750502559,
    "preferredLocations" : [ {
      "layers" : [ "default-rack", "Master" ]
    }, {
      "layers" : [ "default-rack", "Slave1" ]
    }, {
      "layers" : [ "default-rack", "Slave2" ]
    } ],
    "taskType" : "MAP",
    "taskStatus" : "SUCCESS",
    "taskID" : "task_201407020230_0623_m_000013",
    "inputBytes" : 12506379,
    "inputRecords" : 70622,
    "outputBytes" : 168720910,
    "outputRecords" : 7574726
  }, {
    "startTime" : 1404750391161,
    "attempts" : [ {
      "result" : "SUCCESS",
      "location" : {
        "layers" : [ "default-rack", "Slave5" ]
      },
      "hostName" : "/default-rack/Slave5",
      "startTime" : 1404748752632,
      "finishTime" : 1404748887132,
      "attemptID" : "attempt_201407020230_0623_m_000008_0",
      "shuffleFinished" : -1,
      "sortFinished" : -1,
      "hdfsBytesRead" : 12523520,
      "hdfsBytesWritten" : -1,
      "fileBytesRead" : 91364321,
      "fileBytesWritten" : 167770448,
      "mapInputRecords" : 69336,
      "mapOutputBytes" : 125405284,
      "mapOutputRecords" : 7592280,
      "combineInputRecords" : 12127054,
      "reduceInputGroups" : -1,
      "reduceInputRecords" : -1,
      "reduceShuffleBytes" : -1,
      "reduceOutputRecords" : -1,
      "spilledRecords" : 8228549,
      "mapInputBytes" : -1,
      "resourceUsageMetrics" : {
        "cumulativeCpuUsage" : 149940,
        "virtualMemoryUsage" : 1540907008,
        "physicalMemoryUsage" : 907272192,
        "heapUsage" : 943194112
      }
    } ],
    "finishTime" : 1404750525912,
    "preferredLocations" : [ {
      "layers" : [ "default-rack", "Master" ]
    }, {
      "layers" : [ "default-rack", "Slave4" ]
    }, {
      "layers" : [ "default-rack", "Slave5" ]
    } ],
    "taskType" : "MAP",
    "taskStatus" : "SUCCESS",
    "taskID" : "task_201407020230_0623_m_000008",
    "inputBytes" : 12523520,
    "inputRecords" : 69336,
    "outputBytes" : 167770448,
    "outputRecords" : 7592280
  }, {
    "startTime" : 1404750391161,
    "attempts" : [ {
      "result" : "SUCCESS",
      "location" : {
        "layers" : [ "default-rack", "Slave5" ]
      },
      "hostName" : "/default-rack/Slave5",
      "startTime" : 1404748752632,
      "finishTime" : 1404748886261,
      "attemptID" : "attempt_201407020230_0623_m_000021_0",
      "shuffleFinished" : -1,
      "sortFinished" : -1,
      "hdfsBytesRead" : 12452776,
      "hdfsBytesWritten" : -1,
      "fileBytesRead" : 90864779,
      "fileBytesWritten" : 167027652,
      "mapInputRecords" : 69925,
      "mapOutputBytes" : 124563886,
      "mapOutputRecords" : 7532494,
      "combineInputRecords" : 12038823,
      "reduceInputGroups" : -1,
      "reduceInputRecords" : -1,
      "reduceShuffleBytes" : -1,
      "reduceOutputRecords" : -1,
      "spilledRecords" : 8184758,
      "mapInputBytes" : -1,
      "resourceUsageMetrics" : {
        "cumulativeCpuUsage" : 146920,
        "virtualMemoryUsage" : 1541861376,
        "physicalMemoryUsage" : 906686464,
        "heapUsage" : 943194112
      }
    } ],
    "finishTime" : 1404750525006,
    "preferredLocations" : [ {
      "layers" : [ "default-rack", "Master" ]
    }, {
      "layers" : [ "default-rack", "Slave1" ]
    }, {
      "layers" : [ "default-rack", "Slave5" ]
    } ],
    "taskType" : "MAP",
    "taskStatus" : "SUCCESS",
    "taskID" : "task_201407020230_0623_m_000021",
    "inputBytes" : 12452776,
    "inputRecords" : 69925,
    "outputBytes" : 167027652,
    "outputRecords" : 7532494
  }, {
    "startTime" : 1404750391164,
    "attempts" : [ {
      "result" : "SUCCESS",
      "location" : {
        "layers" : [ "default-rack", "Slave6" ]
      },
      "hostName" : "/default-rack/Slave6",
      "startTime" : 1404749199504,
      "finishTime" : 1404749333006,
      "attemptID" : "attempt_201407020230_0623_m_000004_0",
      "shuffleFinished" : -1,
      "sortFinished" : -1,
      "hdfsBytesRead" : 12542322,
      "hdfsBytesWritten" : -1,
      "fileBytesRead" : 91833419,
      "fileBytesWritten" : 168777846,
      "mapInputRecords" : 70209,
      "mapOutputBytes" : 125610444,
      "mapOutputRecords" : 7621040,
      "combineInputRecords" : 12187764,
      "reduceInputGroups" : -1,
      "reduceInputRecords" : -1,
      "reduceShuffleBytes" : -1,
      "reduceOutputRecords" : -1,
      "spilledRecords" : 8295252,
      "mapInputBytes" : -1,
      "resourceUsageMetrics" : {
        "cumulativeCpuUsage" : 147780,
        "virtualMemoryUsage" : 1541988352,
        "physicalMemoryUsage" : 908279808,
        "heapUsage" : 943194112
      }
    } ],
    "finishTime" : 1404750525001,
    "preferredLocations" : [ {
      "layers" : [ "default-rack", "Master" ]
    }, {
      "layers" : [ "default-rack", "Slave3" ]
    }, {
      "layers" : [ "default-rack", "Slave6" ]
    } ],
    "taskType" : "MAP",
    "taskStatus" : "SUCCESS",
    "taskID" : "task_201407020230_0623_m_000004",
    "inputBytes" : 12542322,
    "inputRecords" : 70209,
    "outputBytes" : 168777846,
    "outputRecords" : 7621040
  }, {
    "startTime" : 1404750391164,
    "attempts" : [ {
      "result" : "SUCCESS",
      "location" : {
        "layers" : [ "default-rack", "Slave6" ]
      },
      "hostName" : "/default-rack/Slave6",
      "startTime" : 1404749199504,
      "finishTime" : 1404749332259,
      "attemptID" : "attempt_201407020230_0623_m_000009_0",
      "shuffleFinished" : -1,
      "sortFinished" : -1,
      "hdfsBytesRead" : 12516212,
      "hdfsBytesWritten" : -1,
      "fileBytesRead" : 91453939,
      "fileBytesWritten" : 167846251,
      "mapInputRecords" : 70181,
      "mapOutputBytes" : 125302766,
      "mapOutputRecords" : 7594506,
      "combineInputRecords" : 12133290,
      "reduceInputGroups" : -1,
      "reduceInputRecords" : -1,
      "reduceShuffleBytes" : -1,
      "reduceOutputRecords" : -1,
      "spilledRecords" : 8230486,
      "mapInputBytes" : -1,
      "resourceUsageMetrics" : {
        "cumulativeCpuUsage" : 147800,
        "virtualMemoryUsage" : 1541525504,
        "physicalMemoryUsage" : 907579392,
        "heapUsage" : 943194112
      }
    } ],
    "finishTime" : 1404750524095,
    "preferredLocations" : [ {
      "layers" : [ "default-rack", "Master" ]
    }, {
      "layers" : [ "default-rack", "Slave6" ]
    }, {
      "layers" : [ "default-rack", "Slave2" ]
    } ],
    "taskType" : "MAP",
    "taskStatus" : "SUCCESS",
    "taskID" : "task_201407020230_0623_m_000009",
    "inputBytes" : 12516212,
    "inputRecords" : 70181,
    "outputBytes" : 167846251,
    "outputRecords" : 7594506
  }, {
    "startTime" : 1404750391198,
    "attempts" : [ {
      "result" : "SUCCESS",
      "location" : {
        "layers" : [ "default-rack", "Slave4" ]
      },
      "hostName" : "/default-rack/Slave4",
      "startTime" : 1404661227882,
      "finishTime" : 1404661408130,
      "attemptID" : "attempt_201407020230_0623_m_000006_0",
      "shuffleFinished" : -1,
      "sortFinished" : -1,
      "hdfsBytesRead" : 12526971,
      "hdfsBytesWritten" : -1,
      "fileBytesRead" : 91156993,
      "fileBytesWritten" : 167630399,
      "mapInputRecords" : 72153,
      "mapOutputBytes" : 125092470,
      "mapOutputRecords" : 7561714,
      "combineInputRecords" : 12075965,
      "reduceInputGroups" : -1,
      "reduceInputRecords" : -1,
      "reduceShuffleBytes" : -1,
      "reduceOutputRecords" : -1,
      "spilledRecords" : 8203287,
      "mapInputBytes" : -1,
      "resourceUsageMetrics" : {
        "cumulativeCpuUsage" : 198790,
        "virtualMemoryUsage" : 1543389184,
        "physicalMemoryUsage" : 910180352,
        "heapUsage" : 943194112
      }
    } ],
    "finishTime" : 1404750571852,
    "preferredLocations" : [ {
      "layers" : [ "default-rack", "Master" ]
    }, {
      "layers" : [ "default-rack", "Slave7" ]
    }, {
      "layers" : [ "default-rack", "Slave4" ]
    } ],
    "taskType" : "MAP",
    "taskStatus" : "SUCCESS",
    "taskID" : "task_201407020230_0623_m_000006",
    "inputBytes" : 12526971,
    "inputRecords" : 72153,
    "outputBytes" : 167630399,
    "outputRecords" : 7561714
  }, {
    "startTime" : 1404750391198,
    "attempts" : [ {
      "result" : "SUCCESS",
      "location" : {
        "layers" : [ "default-rack", "Slave4" ]
      },
      "hostName" : "/default-rack/Slave4",
      "startTime" : 1404661227882,
      "finishTime" : 1404661408633,
      "attemptID" : "attempt_201407020230_0623_m_000010_0",
      "shuffleFinished" : -1,
      "sortFinished" : -1,
      "hdfsBytesRead" : 12508553,
      "hdfsBytesWritten" : -1,
      "fileBytesRead" : 91184917,
      "fileBytesWritten" : 167439634,
      "mapInputRecords" : 75847,
      "mapOutputBytes" : 124544736,
      "mapOutputRecords" : 7528800,
      "combineInputRecords" : 12045035,
      "reduceInputGroups" : -1,
      "reduceInputRecords" : -1,
      "reduceShuffleBytes" : -1,
      "reduceOutputRecords" : -1,
      "spilledRecords" : 8193056,
      "mapInputBytes" : -1,
      "resourceUsageMetrics" : {
        "cumulativeCpuUsage" : 201600,
        "virtualMemoryUsage" : 1543172096,
        "physicalMemoryUsage" : 906162176,
        "heapUsage" : 943194112
      }
    } ],
    "finishTime" : 1404750572156,
    "preferredLocations" : [ {
      "layers" : [ "default-rack", "Master" ]
    }, {
      "layers" : [ "default-rack", "Slave4" ]
    }, {
      "layers" : [ "default-rack", "Slave6" ]
    } ],
    "taskType" : "MAP",
    "taskStatus" : "SUCCESS",
    "taskID" : "task_201407020230_0623_m_000010",
    "inputBytes" : 12508553,
    "inputRecords" : 75847,
    "outputBytes" : 167439634,
    "outputRecords" : 7528800
  }, {
    "startTime" : 1404750391324,
    "attempts" : [ {
      "result" : "SUCCESS",
      "location" : {
        "layers" : [ "default-rack", "Slave7" ]
      },
      "hostName" : "/default-rack/Slave7",
      "startTime" : 1404750387784,
      "finishTime" : 1404750510418,
      "attemptID" : "attempt_201407020230_0623_m_000011_0",
      "shuffleFinished" : -1,
      "sortFinished" : -1,
      "hdfsBytesRead" : 12508344,
      "hdfsBytesWritten" : -1,
      "fileBytesRead" : 90832901,
      "fileBytesWritten" : 166935758,
      "mapInputRecords" : 78232,
      "mapOutputBytes" : 124202394,
      "mapOutputRecords" : 7506196,
      "combineInputRecords" : 11998976,
      "reduceInputGroups" : -1,
      "reduceInputRecords" : -1,
      "reduceShuffleBytes" : -1,
      "reduceOutputRecords" : -1,
      "spilledRecords" : 8156824,
      "mapInputBytes" : -1,
      "resourceUsageMetrics" : {
        "cumulativeCpuUsage" : 136560,
        "virtualMemoryUsage" : 1541292032,
        "physicalMemoryUsage" : 907464704,
        "heapUsage" : 943194112
      }
    } ],
    "finishTime" : 1404750514075,
    "preferredLocations" : [ {
      "layers" : [ "default-rack", "Master" ]
    }, {
      "layers" : [ "default-rack", "Slave7" ]
    }, {
      "layers" : [ "default-rack", "Slave6" ]
    } ],
    "taskType" : "MAP",
    "taskStatus" : "SUCCESS",
    "taskID" : "task_201407020230_0623_m_000011",
    "inputBytes" : 12508344,
    "inputRecords" : 78232,
    "outputBytes" : 166935758,
    "outputRecords" : 7506196
  }, {
    "startTime" : 1404750391325,
    "attempts" : [ {
      "result" : "SUCCESS",
      "location" : {
        "layers" : [ "default-rack", "Slave7" ]
      },
      "hostName" : "/default-rack/Slave7",
      "startTime" : 1404750387784,
      "finishTime" : 1404750513986,
      "attemptID" : "attempt_201407020230_0623_m_000018_0",
      "shuffleFinished" : -1,
      "sortFinished" : -1,
      "hdfsBytesRead" : 12458709,
      "hdfsBytesWritten" : -1,
      "fileBytesRead" : 91604024,
      "fileBytesWritten" : 168414222,
      "mapInputRecords" : 69176,
      "mapOutputBytes" : 124715750,
      "mapOutputRecords" : 7545516,
      "combineInputRecords" : 12087619,
      "reduceInputGroups" : -1,
      "reduceInputRecords" : -1,
      "reduceShuffleBytes" : -1,
      "reduceOutputRecords" : -1,
      "spilledRecords" : 8251253,
      "mapInputBytes" : -1,
      "resourceUsageMetrics" : {
        "cumulativeCpuUsage" : 141230,
        "virtualMemoryUsage" : 1544060928,
        "physicalMemoryUsage" : 905383936,
        "heapUsage" : 943194112
      }
    } ],
    "finishTime" : 1404750517706,
    "preferredLocations" : [ {
      "layers" : [ "default-rack", "Master" ]
    }, {
      "layers" : [ "default-rack", "Slave2" ]
    }, {
      "layers" : [ "default-rack", "Slave7" ]
    } ],
    "taskType" : "MAP",
    "taskStatus" : "SUCCESS",
    "taskID" : "task_201407020230_0623_m_000018",
    "inputBytes" : 12458709,
    "inputRecords" : 69176,
    "outputBytes" : 168414222,
    "outputRecords" : 7545516
  }, {
    "startTime" : 1404750500982,
    "attempts" : [ {
      "result" : "SUCCESS",
      "location" : {
        "layers" : [ "default-rack", "Slave2" ]
      },
      "hostName" : "/default-rack/Slave2",
      "startTime" : 1404750997449,
      "finishTime" : 1404751095938,
      "attemptID" : "attempt_201407020230_0623_m_000016_0",
      "shuffleFinished" : -1,
      "sortFinished" : -1,
      "hdfsBytesRead" : 12470778,
      "hdfsBytesWritten" : -1,
      "fileBytesRead" : 91355092,
      "fileBytesWritten" : 167929367,
      "mapInputRecords" : 69273,
      "mapOutputBytes" : 124870438,
      "mapOutputRecords" : 7566486,
      "combineInputRecords" : 12102601,
      "reduceInputGroups" : -1,
      "reduceInputRecords" : -1,
      "reduceShuffleBytes" : -1,
      "reduceOutputRecords" : -1,
      "spilledRecords" : 8240293,
      "mapInputBytes" : -1,
      "resourceUsageMetrics" : {
        "cumulativeCpuUsage" : 105270,
        "virtualMemoryUsage" : 1543520256,
        "physicalMemoryUsage" : 932696064,
        "heapUsage" : 943194112
      }
    } ],
    "finishTime" : 1404750599743,
    "preferredLocations" : [ {
      "layers" : [ "default-rack", "Master" ]
    }, {
      "layers" : [ "default-rack", "Slave2" ]
    }, {
      "layers" : [ "default-rack", "Slave6" ]
    } ],
    "taskType" : "MAP",
    "taskStatus" : "SUCCESS",
    "taskID" : "task_201407020230_0623_m_000016",
    "inputBytes" : 12470778,
    "inputRecords" : 69273,
    "outputBytes" : 167929367,
    "outputRecords" : 7566486
  }, {
    "startTime" : 1404750502559,
    "attempts" : [ {
      "result" : "SUCCESS",
      "location" : {
        "layers" : [ "default-rack", "Slave1" ]
      },
      "hostName" : "/default-rack/Slave1",
      "startTime" : 1404750087781,
      "finishTime" : 1404750181081,
      "attemptID" : "attempt_201407020230_0623_m_000015_0",
      "shuffleFinished" : -1,
      "sortFinished" : -1,
      "hdfsBytesRead" : 12472565,
      "hdfsBytesWritten" : -1,
      "fileBytesRead" : 91298327,
      "fileBytesWritten" : 167819202,
      "mapInputRecords" : 69994,
      "mapOutputBytes" : 124769060,
      "mapOutputRecords" : 7546302,
      "combineInputRecords" : 12071948,
      "reduceInputGroups" : -1,
      "reduceInputRecords" : -1,
      "reduceShuffleBytes" : -1,
      "reduceOutputRecords" : -1,
      "spilledRecords" : 8220604,
      "mapInputBytes" : -1,
      "resourceUsageMetrics" : {
        "cumulativeCpuUsage" : 99220,
        "virtualMemoryUsage" : 1545129984,
        "physicalMemoryUsage" : 933117952,
        "heapUsage" : 943194112
      }
    } ],
    "finishTime" : 1404750596161,
    "preferredLocations" : [ {
      "layers" : [ "default-rack", "Master" ]
    }, {
      "layers" : [ "default-rack", "Slave3" ]
    }, {
      "layers" : [ "default-rack", "Slave1" ]
    } ],
    "taskType" : "MAP",
    "taskStatus" : "SUCCESS",
    "taskID" : "task_201407020230_0623_m_000015",
    "inputBytes" : 12472565,
    "inputRecords" : 69994,
    "outputBytes" : 167819202,
    "outputRecords" : 7546302
  }, {
    "startTime" : 1404750502863,
    "attempts" : [ {
      "result" : "SUCCESS",
      "location" : {
        "layers" : [ "default-rack", "Slave1" ]
      },
      "hostName" : "/default-rack/Slave1",
      "startTime" : 1404750088084,
      "finishTime" : 1404750182418,
      "attemptID" : "attempt_201407020230_0623_m_000017_0",
      "shuffleFinished" : -1,
      "sortFinished" : -1,
      "hdfsBytesRead" : 12470000,
      "hdfsBytesWritten" : -1,
      "fileBytesRead" : 91266148,
      "fileBytesWritten" : 167539408,
      "mapInputRecords" : 67323,
      "mapOutputBytes" : 125064940,
      "mapOutputRecords" : 7578560,
      "combineInputRecords" : 12109860,
      "reduceInputGroups" : -1,
      "reduceInputRecords" : -1,
      "reduceShuffleBytes" : -1,
      "reduceOutputRecords" : -1,
      "spilledRecords" : 8219328,
      "mapInputBytes" : -1,
      "resourceUsageMetrics" : {
        "cumulativeCpuUsage" : 100320,
        "virtualMemoryUsage" : 1543921664,
        "physicalMemoryUsage" : 932106240,
        "heapUsage" : 943194112
      }
    } ],
    "finishTime" : 1404750597369,
    "preferredLocations" : [ {
      "layers" : [ "default-rack", "Master" ]
    }, {
      "layers" : [ "default-rack", "Slave1" ]
    }, {
      "layers" : [ "default-rack", "Slave4" ]
    } ],
    "taskType" : "MAP",
    "taskStatus" : "SUCCESS",
    "taskID" : "task_201407020230_0623_m_000017",
    "inputBytes" : 12470000,
    "inputRecords" : 67323,
    "outputBytes" : 167539408,
    "outputRecords" : 7578560
  }, {
    "startTime" : 1404750503049,
    "attempts" : [ {
      "result" : "SUCCESS",
      "location" : {
        "layers" : [ "default-rack", "Master" ]
      },
      "hostName" : "/default-rack/Master",
      "startTime" : 1404750503051,
      "finishTime" : 1404750597693,
      "attemptID" : "attempt_201407020230_0623_m_000014_0",
      "shuffleFinished" : -1,
      "sortFinished" : -1,
      "hdfsBytesRead" : 12485810,
      "hdfsBytesWritten" : -1,
      "fileBytesRead" : 91280776,
      "fileBytesWritten" : 167684878,
      "mapInputRecords" : 70334,
      "mapOutputBytes" : 124907300,
      "mapOutputRecords" : 7560118,
      "combineInputRecords" : 12088221,
      "reduceInputGroups" : -1,
      "reduceInputRecords" : -1,
      "reduceShuffleBytes" : -1,
      "reduceOutputRecords" : -1,
      "spilledRecords" : 8219808,
      "mapInputBytes" : -1,
      "resourceUsageMetrics" : {
        "cumulativeCpuUsage" : 102140,
        "virtualMemoryUsage" : 1544093696,
        "physicalMemoryUsage" : 935739392,
        "heapUsage" : 943194112
      }
    } ],
    "finishTime" : 1404750597812,
    "preferredLocations" : [ {
      "layers" : [ "default-rack", "Master" ]
    }, {
      "layers" : [ "default-rack", "Slave6" ]
    }, {
      "layers" : [ "default-rack", "Slave3" ]
    } ],
    "taskType" : "MAP",
    "taskStatus" : "SUCCESS",
    "taskID" : "task_201407020230_0623_m_000014",
    "inputBytes" : 12485810,
    "inputRecords" : 70334,
    "outputBytes" : 167684878,
    "outputRecords" : 7560118
  }, {
    "startTime" : 1404750503398,
    "attempts" : [ {
      "result" : "SUCCESS",
      "location" : {
        "layers" : [ "default-rack", "Slave2" ]
      },
      "hostName" : "/default-rack/Slave2",
      "startTime" : 1404750999865,
      "finishTime" : 1404751092838,
      "attemptID" : "attempt_201407020230_0623_m_000022_0",
      "shuffleFinished" : -1,
      "sortFinished" : -1,
      "hdfsBytesRead" : 12449601,
      "hdfsBytesWritten" : -1,
      "fileBytesRead" : 90575966,
      "fileBytesWritten" : 166434648,
      "mapInputRecords" : 71622,
      "mapOutputBytes" : 124321590,
      "mapOutputRecords" : 7507818,
      "combineInputRecords" : 11990819,
      "reduceInputGroups" : -1,
      "reduceInputRecords" : -1,
      "reduceShuffleBytes" : -1,
      "reduceOutputRecords" : -1,
      "spilledRecords" : 8139669,
      "mapInputBytes" : -1,
      "resourceUsageMetrics" : {
        "cumulativeCpuUsage" : 102440,
        "virtualMemoryUsage" : 1544249344,
        "physicalMemoryUsage" : 931545088,
        "heapUsage" : 943194112
      }
    } ],
    "finishTime" : 1404750596420,
    "preferredLocations" : [ {
      "layers" : [ "default-rack", "Master" ]
    }, {
      "layers" : [ "default-rack", "Slave4" ]
    }, {
      "layers" : [ "default-rack", "Slave2" ]
    } ],
    "taskType" : "MAP",
    "taskStatus" : "SUCCESS",
    "taskID" : "task_201407020230_0623_m_000022",
    "inputBytes" : 12449601,
    "inputRecords" : 71622,
    "outputBytes" : 166434648,
    "outputRecords" : 7507818
  }, {
    "startTime" : 1404750503654,
    "attempts" : [ {
      "result" : "SUCCESS",
      "location" : {
        "layers" : [ "default-rack", "Master" ]
      },
      "hostName" : "/default-rack/Master",
      "startTime" : 1404750503656,
      "finishTime" : 1404750595796,
      "attemptID" : "attempt_201407020230_0623_m_000019_0",
      "shuffleFinished" : -1,
      "sortFinished" : -1,
      "hdfsBytesRead" : 12456134,
      "hdfsBytesWritten" : -1,
      "fileBytesRead" : 90615703,
      "fileBytesWritten" : 166749439,
      "mapInputRecords" : 71413,
      "mapOutputBytes" : 124330098,
      "mapOutputRecords" : 7501734,
      "combineInputRecords" : 11983032,
      "reduceInputGroups" : -1,
      "reduceInputRecords" : -1,
      "reduceShuffleBytes" : -1,
      "reduceOutputRecords" : -1,
      "spilledRecords" : 8148089,
      "mapInputBytes" : -1,
      "resourceUsageMetrics" : {
        "cumulativeCpuUsage" : 98310,
        "virtualMemoryUsage" : 1546354688,
        "physicalMemoryUsage" : 934723584,
        "heapUsage" : 943194112
      }
    } ],
    "finishTime" : 1404750596000,
    "preferredLocations" : [ {
      "layers" : [ "default-rack", "Master" ]
    }, {
      "layers" : [ "default-rack", "Slave4" ]
    }, {
      "layers" : [ "default-rack", "Slave6" ]
    } ],
    "taskType" : "MAP",
    "taskStatus" : "SUCCESS",
    "taskID" : "task_201407020230_0623_m_000019",
    "inputBytes" : 12456134,
    "inputRecords" : 71413,
    "outputBytes" : 166749439,
    "outputRecords" : 7501734
  }, {
    "startTime" : 1404750514076,
    "attempts" : [ {
      "result" : "SUCCESS",
      "location" : {
        "layers" : [ "default-rack", "Slave7" ]
      },
      "hostName" : "/default-rack/Slave7",
      "startTime" : 1404750510450,
      "finishTime" : 1404750594958,
      "attemptID" : "attempt_201407020230_0623_m_000020_0",
      "shuffleFinished" : -1,
      "sortFinished" : -1,
      "hdfsBytesRead" : 12455726,
      "hdfsBytesWritten" : -1,
      "fileBytesRead" : 91452437,
      "fileBytesWritten" : 168212148,
      "mapInputRecords" : 68408,
      "mapOutputBytes" : 124731134,
      "mapOutputRecords" : 7546842,
      "combineInputRecords" : 12085731,
      "reduceInputGroups" : -1,
      "reduceInputRecords" : -1,
      "reduceShuffleBytes" : -1,
      "reduceOutputRecords" : -1,
      "spilledRecords" : 8250988,
      "mapInputBytes" : -1,
      "resourceUsageMetrics" : {
        "cumulativeCpuUsage" : 92790,
        "virtualMemoryUsage" : 1544450048,
        "physicalMemoryUsage" : 929992704,
        "heapUsage" : 932708352
      }
    } ],
    "finishTime" : 1404750598839,
    "preferredLocations" : [ {
      "layers" : [ "default-rack", "Master" ]
    }, {
      "layers" : [ "default-rack", "Slave7" ]
    }, {
      "layers" : [ "default-rack", "Slave4" ]
    } ],
    "taskType" : "MAP",
    "taskStatus" : "SUCCESS",
    "taskID" : "task_201407020230_0623_m_000020",
    "inputBytes" : 12455726,
    "inputRecords" : 68408,
    "outputBytes" : 168212148,
    "outputRecords" : 7546842
  }, {
    "startTime" : 1404750517707,
    "attempts" : [ {
      "result" : "SUCCESS",
      "location" : {
        "layers" : [ "default-rack", "Slave7" ]
      },
      "hostName" : "/default-rack/Slave7",
      "startTime" : 1404750514081,
      "finishTime" : 1404750601821,
      "attemptID" : "attempt_201407020230_0623_m_000023_0",
      "shuffleFinished" : -1,
      "sortFinished" : -1,
      "hdfsBytesRead" : 12448786,
      "hdfsBytesWritten" : -1,
      "fileBytesRead" : 90886920,
      "fileBytesWritten" : 166840080,
      "mapInputRecords" : 74516,
      "mapOutputBytes" : 124196660,
      "mapOutputRecords" : 7543974,
      "combineInputRecords" : 12067345,
      "reduceInputGroups" : -1,
      "reduceInputRecords" : -1,
      "reduceShuffleBytes" : -1,
      "reduceOutputRecords" : -1,
      "spilledRecords" : 8204099,
      "mapInputBytes" : -1,
      "resourceUsageMetrics" : {
        "cumulativeCpuUsage" : 95170,
        "virtualMemoryUsage" : 1547218944,
        "physicalMemoryUsage" : 930746368,
        "heapUsage" : 943194112
      }
    } ],
    "finishTime" : 1404750605485,
    "preferredLocations" : [ {
      "layers" : [ "default-rack", "Master" ]
    }, {
      "layers" : [ "default-rack", "Slave7" ]
    }, {
      "layers" : [ "default-rack", "Slave2" ]
    } ],
    "taskType" : "MAP",
    "taskStatus" : "SUCCESS",
    "taskID" : "task_201407020230_0623_m_000023",
    "inputBytes" : 12448786,
    "inputRecords" : 74516,
    "outputBytes" : 166840080,
    "outputRecords" : 7543974
  }, {
    "startTime" : 1404750522893,
    "attempts" : [ {
      "result" : "SUCCESS",
      "location" : {
        "layers" : [ "default-rack", "Slave3" ]
      },
      "hostName" : "/default-rack/Slave3",
      "startTime" : 1404749157237,
      "finishTime" : 1404749252314,
      "attemptID" : "attempt_201407020230_0623_m_000024_0",
      "shuffleFinished" : -1,
      "sortFinished" : -1,
      "hdfsBytesRead" : 12444998,
      "hdfsBytesWritten" : -1,
      "fileBytesRead" : 91292824,
      "fileBytesWritten" : 167879889,
      "mapInputRecords" : 68058,
      "mapOutputBytes" : 124733734,
      "mapOutputRecords" : 7555196,
      "combineInputRecords" : 12089212,
      "reduceInputGroups" : -1,
      "reduceInputRecords" : -1,
      "reduceShuffleBytes" : -1,
      "reduceOutputRecords" : -1,
      "spilledRecords" : 8240844,
      "mapInputBytes" : -1,
      "resourceUsageMetrics" : {
        "cumulativeCpuUsage" : 101420,
        "virtualMemoryUsage" : 1547194368,
        "physicalMemoryUsage" : 930705408,
        "heapUsage" : 943194112
      }
    } ],
    "finishTime" : 1404750618141,
    "preferredLocations" : [ {
      "layers" : [ "default-rack", "Master" ]
    }, {
      "layers" : [ "default-rack", "Slave4" ]
    }, {
      "layers" : [ "default-rack", "Slave3" ]
    } ],
    "taskType" : "MAP",
    "taskStatus" : "SUCCESS",
    "taskID" : "task_201407020230_0623_m_000024",
    "inputBytes" : 12444998,
    "inputRecords" : 68058,
    "outputBytes" : 167879889,
    "outputRecords" : 7555196
  }, {
    "startTime" : 1404750524096,
    "attempts" : [ {
      "result" : "SUCCESS",
      "location" : {
        "layers" : [ "default-rack", "Slave6" ]
      },
      "hostName" : "/default-rack/Slave6",
      "startTime" : 1404749332344,
      "finishTime" : 1404749421511,
      "attemptID" : "attempt_201407020230_0623_m_000030_0",
      "shuffleFinished" : -1,
      "sortFinished" : -1,
      "hdfsBytesRead" : 12414462,
      "hdfsBytesWritten" : -1,
      "fileBytesRead" : 90077313,
      "fileBytesWritten" : 165763594,
      "mapInputRecords" : 75924,
      "mapOutputBytes" : 123438414,
      "mapOutputRecords" : 7457476,
      "combineInputRecords" : 11916330,
      "reduceInputGroups" : -1,
      "reduceInputRecords" : -1,
      "reduceShuffleBytes" : -1,
      "reduceOutputRecords" : -1,
      "spilledRecords" : 8107131,
      "mapInputBytes" : -1,
      "resourceUsageMetrics" : {
        "cumulativeCpuUsage" : 98160,
        "virtualMemoryUsage" : 1545342976,
        "physicalMemoryUsage" : 930893824,
        "heapUsage" : 902823936
      }
    } ],
    "finishTime" : 1404750613306,
    "preferredLocations" : [ {
      "layers" : [ "default-rack", "Master" ]
    }, {
      "layers" : [ "default-rack", "Slave6" ]
    }, {
      "layers" : [ "default-rack", "Slave7" ]
    } ],
    "taskType" : "MAP",
    "taskStatus" : "SUCCESS",
    "taskID" : "task_201407020230_0623_m_000030",
    "inputBytes" : 12414462,
    "inputRecords" : 75924,
    "outputBytes" : 165763594,
    "outputRecords" : 7457476
  }, {
    "startTime" : 1404750525002,
    "attempts" : [ {
      "result" : "SUCCESS",
      "location" : {
        "layers" : [ "default-rack", "Slave6" ]
      },
      "hostName" : "/default-rack/Slave6",
      "startTime" : 1404749333250,
      "finishTime" : 1404749422560,
      "attemptID" : "attempt_201407020230_0623_m_000032_0",
      "shuffleFinished" : -1,
      "sortFinished" : -1,
      "hdfsBytesRead" : 12396698,
      "hdfsBytesWritten" : -1,
      "fileBytesRead" : 91226895,
      "fileBytesWritten" : 167695586,
      "mapInputRecords" : 67855,
      "mapOutputBytes" : 124106798,
      "mapOutputRecords" : 7501090,
      "combineInputRecords" : 12021614,
      "reduceInputGroups" : -1,
      "reduceInputRecords" : -1,
      "reduceShuffleBytes" : -1,
      "reduceOutputRecords" : -1,
      "spilledRecords" : 8211717,
      "mapInputBytes" : -1,
      "resourceUsageMetrics" : {
        "cumulativeCpuUsage" : 97180,
        "virtualMemoryUsage" : 1545146368,
        "physicalMemoryUsage" : 930430976,
        "heapUsage" : 893911040
      }
    } ],
    "finishTime" : 1404750614519,
    "preferredLocations" : [ {
      "layers" : [ "default-rack", "Master" ]
    }, {
      "layers" : [ "default-rack", "Slave6" ]
    }, {
      "layers" : [ "default-rack", "Slave1" ]
    } ],
    "taskType" : "MAP",
    "taskStatus" : "SUCCESS",
    "taskID" : "task_201407020230_0623_m_000032",
    "inputBytes" : 12396698,
    "inputRecords" : 67855,
    "outputBytes" : 167695586,
    "outputRecords" : 7501090
  }, {
    "startTime" : 1404750525007,
    "attempts" : [ {
      "result" : "SUCCESS",
      "location" : {
        "layers" : [ "default-rack", "Slave5" ]
      },
      "hostName" : "/default-rack/Slave5",
      "startTime" : 1404748886389,
      "finishTime" : 1404748976458,
      "attemptID" : "attempt_201407020230_0623_m_000025_0",
      "shuffleFinished" : -1,
      "sortFinished" : -1,
      "hdfsBytesRead" : 12444914,
      "hdfsBytesWritten" : -1,
      "fileBytesRead" : 90837929,
      "fileBytesWritten" : 166874320,
      "mapInputRecords" : 68254,
      "mapOutputBytes" : 124654662,
      "mapOutputRecords" : 7543398,
      "combineInputRecords" : 12045275,
      "reduceInputGroups" : -1,
      "reduceInputRecords" : -1,
      "reduceShuffleBytes" : -1,
      "reduceOutputRecords" : -1,
      "spilledRecords" : 8170997,
      "mapInputBytes" : -1,
      "resourceUsageMetrics" : {
        "cumulativeCpuUsage" : 96530,
        "virtualMemoryUsage" : 1544114176,
        "physicalMemoryUsage" : 928161792,
        "heapUsage" : 943194112
      }
    } ],
    "finishTime" : 1404750615199,
    "preferredLocations" : [ {
      "layers" : [ "default-rack", "Master" ]
    }, {
      "layers" : [ "default-rack", "Slave1" ]
    }, {
      "layers" : [ "default-rack", "Slave5" ]
    } ],
    "taskType" : "MAP",
    "taskStatus" : "SUCCESS",
    "taskID" : "task_201407020230_0623_m_000025",
    "inputBytes" : 12444914,
    "inputRecords" : 68254,
    "outputBytes" : 166874320,
    "outputRecords" : 7543398
  }, {
    "startTime" : 1404750525311,
    "attempts" : [ {
      "result" : "SUCCESS",
      "location" : {
        "layers" : [ "default-rack", "Slave3" ]
      },
      "hostName" : "/default-rack/Slave3",
      "startTime" : 1404749159656,
      "finishTime" : 1404749248732,
      "attemptID" : "attempt_201407020230_0623_m_000026_0",
      "shuffleFinished" : -1,
      "sortFinished" : -1,
      "hdfsBytesRead" : 12438192,
      "hdfsBytesWritten" : -1,
      "fileBytesRead" : 90309383,
      "fileBytesWritten" : 165956233,
      "mapInputRecords" : 74508,
      "mapOutputBytes" : 124039240,
      "mapOutputRecords" : 7500172,
      "combineInputRecords" : 11972536,
      "reduceInputGroups" : -1,
      "reduceInputRecords" : -1,
      "reduceShuffleBytes" : -1,
      "reduceOutputRecords" : -1,
      "spilledRecords" : 8118526,
      "mapInputBytes" : -1,
      "resourceUsageMetrics" : {
        "cumulativeCpuUsage" : 95540,
        "virtualMemoryUsage" : 1544622080,
        "physicalMemoryUsage" : 929693696,
        "heapUsage" : 943194112
      }
    } ],
    "finishTime" : 1404750614511,
    "preferredLocations" : [ {
      "layers" : [ "default-rack", "Master" ]
    }, {
      "layers" : [ "default-rack", "Slave5" ]
    }, {
      "layers" : [ "default-rack", "Slave3" ]
    } ],
    "taskType" : "MAP",
    "taskStatus" : "SUCCESS",
    "taskID" : "task_201407020230_0623_m_000026",
    "inputBytes" : 12438192,
    "inputRecords" : 74508,
    "outputBytes" : 165956233,
    "outputRecords" : 7500172
  }, {
    "startTime" : 1404750525913,
    "attempts" : [ {
      "result" : "SUCCESS",
      "location" : {
        "layers" : [ "default-rack", "Slave5" ]
      },
      "hostName" : "/default-rack/Slave5",
      "startTime" : 1404748887295,
      "finishTime" : 1404748977116,
      "attemptID" : "attempt_201407020230_0623_m_000029_0",
      "shuffleFinished" : -1,
      "sortFinished" : -1,
      "hdfsBytesRead" : 12430810,
      "hdfsBytesWritten" : -1,
      "fileBytesRead" : 91101684,
      "fileBytesWritten" : 167387221,
      "mapInputRecords" : 71270,
      "mapOutputBytes" : 124366770,
      "mapOutputRecords" : 7539188,
      "combineInputRecords" : 12062428,
      "reduceInputGroups" : -1,
      "reduceInputRecords" : -1,
      "reduceShuffleBytes" : -1,
      "reduceOutputRecords" : -1,
      "spilledRecords" : 8211200,
      "mapInputBytes" : -1,
      "resourceUsageMetrics" : {
        "cumulativeCpuUsage" : 97300,
        "virtualMemoryUsage" : 1544065024,
        "physicalMemoryUsage" : 931602432,
        "heapUsage" : 912261120
      }
    } ],
    "finishTime" : 1404750615804,
    "preferredLocations" : [ {
      "layers" : [ "default-rack", "Master" ]
    }, {
      "layers" : [ "default-rack", "Slave5" ]
    }, {
      "layers" : [ "default-rack", "Slave7" ]
    } ],
    "taskType" : "MAP",
    "taskStatus" : "SUCCESS",
    "taskID" : "task_201407020230_0623_m_000029",
    "inputBytes" : 12430810,
    "inputRecords" : 71270,
    "outputBytes" : 167387221,
    "outputRecords" : 7539188
  }, {
    "startTime" : 1404750571853,
    "attempts" : [ {
      "result" : "SUCCESS",
      "location" : {
        "layers" : [ "default-rack", "Slave4" ]
      },
      "hostName" : "/default-rack/Slave4",
      "startTime" : 1404661408420,
      "finishTime" : 1404661529074,
      "attemptID" : "attempt_201407020230_0623_m_000031_0",
      "shuffleFinished" : -1,
      "sortFinished" : -1,
      "hdfsBytesRead" : 12410911,
      "hdfsBytesWritten" : -1,
      "fileBytesRead" : 89986490,
      "fileBytesWritten" : 165193597,
      "mapInputRecords" : 69802,
      "mapOutputBytes" : 124147972,
      "mapOutputRecords" : 7521272,
      "combineInputRecords" : 11988817,
      "reduceInputGroups" : -1,
      "reduceInputRecords" : -1,
      "reduceShuffleBytes" : -1,
      "reduceOutputRecords" : -1,
      "spilledRecords" : 8105436,
      "mapInputBytes" : -1,
      "resourceUsageMetrics" : {
        "cumulativeCpuUsage" : 129510,
        "virtualMemoryUsage" : 1546547200,
        "physicalMemoryUsage" : 931627008,
        "heapUsage" : 861929472
      }
    } ],
    "finishTime" : 1404750692741,
    "preferredLocations" : [ {
      "layers" : [ "default-rack", "Master" ]
    }, {
      "layers" : [ "default-rack", "Slave4" ]
    }, {
      "layers" : [ "default-rack", "Slave1" ]
    } ],
    "taskType" : "MAP",
    "taskStatus" : "SUCCESS",
    "taskID" : "task_201407020230_0623_m_000031",
    "inputBytes" : 12410911,
    "inputRecords" : 69802,
    "outputBytes" : 165193597,
    "outputRecords" : 7521272
  }, {
    "startTime" : 1404750572156,
    "attempts" : [ {
      "result" : "SUCCESS",
      "location" : {
        "layers" : [ "default-rack", "Slave4" ]
      },
      "hostName" : "/default-rack/Slave4",
      "startTime" : 1404661408724,
      "finishTime" : 1404661528112,
      "attemptID" : "attempt_201407020230_0623_m_000027_0",
      "shuffleFinished" : -1,
      "sortFinished" : -1,
      "hdfsBytesRead" : 12435796,
      "hdfsBytesWritten" : -1,
      "fileBytesRead" : 90636033,
      "fileBytesWritten" : 166406440,
      "mapInputRecords" : 70277,
      "mapOutputBytes" : 124313206,
      "mapOutputRecords" : 7514770,
      "combineInputRecords" : 12006969,
      "reduceInputGroups" : -1,
      "reduceInputRecords" : -1,
      "reduceShuffleBytes" : -1,
      "reduceOutputRecords" : -1,
      "spilledRecords" : 8150080,
      "mapInputBytes" : -1,
      "resourceUsageMetrics" : {
        "cumulativeCpuUsage" : 129590,
        "virtualMemoryUsage" : 1546330112,
        "physicalMemoryUsage" : 928722944,
        "heapUsage" : 893911040
      }
    } ],
    "finishTime" : 1404750691834,
    "preferredLocations" : [ {
      "layers" : [ "default-rack", "Master" ]
    }, {
      "layers" : [ "default-rack", "Slave3" ]
    }, {
      "layers" : [ "default-rack", "Slave2" ]
    } ],
    "taskType" : "MAP",
    "taskStatus" : "SUCCESS",
    "taskID" : "task_201407020230_0623_m_000027",
    "inputBytes" : 12435796,
    "inputRecords" : 70277,
    "outputBytes" : 166406440,
    "outputRecords" : 7514770
  }, {
    "startTime" : 1404750596001,
    "attempts" : [ {
      "result" : "SUCCESS",
      "location" : {
        "layers" : [ "default-rack", "Master" ]
      },
      "hostName" : "/default-rack/Master",
      "startTime" : 1404750596003,
      "finishTime" : 1404750688427,
      "attemptID" : "attempt_201407020230_0623_m_000028_0",
      "shuffleFinished" : -1,
      "sortFinished" : -1,
      "hdfsBytesRead" : 12433660,
      "hdfsBytesWritten" : -1,
      "fileBytesRead" : 90344909,
      "fileBytesWritten" : 166104215,
      "mapInputRecords" : 73689,
      "mapOutputBytes" : 123979654,
      "mapOutputRecords" : 7498062,
      "combineInputRecords" : 11975949,
      "reduceInputGroups" : -1,
      "reduceInputRecords" : -1,
      "reduceShuffleBytes" : -1,
      "reduceOutputRecords" : -1,
      "spilledRecords" : 8134988,
      "mapInputBytes" : -1,
      "resourceUsageMetrics" : {
        "cumulativeCpuUsage" : 99890,
        "virtualMemoryUsage" : 1546354688,
        "physicalMemoryUsage" : 935084032,
        "heapUsage" : 943194112
      }
    } ],
    "finishTime" : 1404750688672,
    "preferredLocations" : [ {
      "layers" : [ "default-rack", "Master" ]
    }, {
      "layers" : [ "default-rack", "Slave1" ]
    }, {
      "layers" : [ "default-rack", "Slave2" ]
    } ],
    "taskType" : "MAP",
    "taskStatus" : "SUCCESS",
    "taskID" : "task_201407020230_0623_m_000028",
    "inputBytes" : 12433660,
    "inputRecords" : 73689,
    "outputBytes" : 166104215,
    "outputRecords" : 7498062
  }, {
    "startTime" : 1404750596162,
    "attempts" : [ {
      "result" : "SUCCESS",
      "location" : {
        "layers" : [ "default-rack", "Slave1" ]
      },
      "hostName" : "/default-rack/Slave1",
      "startTime" : 1404750181382,
      "finishTime" : 1404750275391,
      "attemptID" : "attempt_201407020230_0623_m_000035_0",
      "shuffleFinished" : -1,
      "sortFinished" : -1,
      "hdfsBytesRead" : 12353033,
      "hdfsBytesWritten" : -1,
      "fileBytesRead" : 90306677,
      "fileBytesWritten" : 165844591,
      "mapInputRecords" : 68230,
      "mapOutputBytes" : 123737856,
      "mapOutputRecords" : 7499224,
      "combineInputRecords" : 11984169,
      "reduceInputGroups" : -1,
      "reduceInputRecords" : -1,
      "reduceShuffleBytes" : -1,
      "reduceOutputRecords" : -1,
      "spilledRecords" : 8139836,
      "mapInputBytes" : -1,
      "resourceUsageMetrics" : {
        "cumulativeCpuUsage" : 99840,
        "virtualMemoryUsage" : 1545129984,
        "physicalMemoryUsage" : 933523456,
        "heapUsage" : 943194112
      }
    } ],
    "finishTime" : 1404750690359,
    "preferredLocations" : [ {
      "layers" : [ "default-rack", "Master" ]
    }, {
      "layers" : [ "default-rack", "Slave6" ]
    }, {
      "layers" : [ "default-rack", "Slave1" ]
    } ],
    "taskType" : "MAP",
    "taskStatus" : "SUCCESS",
    "taskID" : "task_201407020230_0623_m_000035",
    "inputBytes" : 12353033,
    "inputRecords" : 68230,
    "outputBytes" : 165844591,
    "outputRecords" : 7499224
  }, {
    "startTime" : 1404750596421,
    "attempts" : [ {
      "result" : "SUCCESS",
      "location" : {
        "layers" : [ "default-rack", "Slave2" ]
      },
      "hostName" : "/default-rack/Slave2",
      "startTime" : 1404751092889,
      "finishTime" : 1404751186734,
      "attemptID" : "attempt_201407020230_0623_m_000034_0",
      "shuffleFinished" : -1,
      "sortFinished" : -1,
      "hdfsBytesRead" : 12364757,
      "hdfsBytesWritten" : -1,
      "fileBytesRead" : 90442542,
      "fileBytesWritten" : 166122000,
      "mapInputRecords" : 65823,
      "mapOutputBytes" : 124117076,
      "mapOutputRecords" : 7526872,
      "combineInputRecords" : 12022122,
      "reduceInputGroups" : -1,
      "reduceInputRecords" : -1,
      "reduceShuffleBytes" : -1,
      "reduceOutputRecords" : -1,
      "spilledRecords" : 8159581,
      "mapInputBytes" : -1,
      "resourceUsageMetrics" : {
        "cumulativeCpuUsage" : 102710,
        "virtualMemoryUsage" : 1544249344,
        "physicalMemoryUsage" : 931774464,
        "heapUsage" : 943194112
      }
    }, {
      "result" : "KILLED",
      "location" : null,
      "hostName" : null,
      "startTime" : 1404749252482,
      "finishTime" : 1404749326713,
      "attemptID" : "attempt_201407020230_0623_m_000034_1",
      "shuffleFinished" : -1,
      "sortFinished" : -1,
      "hdfsBytesRead" : -1,
      "hdfsBytesWritten" : -1,
      "fileBytesRead" : -1,
      "fileBytesWritten" : -1,
      "mapInputRecords" : -1,
      "mapOutputBytes" : -1,
      "mapOutputRecords" : -1,
      "combineInputRecords" : -1,
      "reduceInputGroups" : -1,
      "reduceInputRecords" : -1,
      "reduceShuffleBytes" : -1,
      "reduceOutputRecords" : -1,
      "spilledRecords" : -1,
      "mapInputBytes" : -1,
      "resourceUsageMetrics" : {
        "cumulativeCpuUsage" : 0,
        "virtualMemoryUsage" : 0,
        "physicalMemoryUsage" : 0,
        "heapUsage" : 0
      }
    } ],
    "finishTime" : 1404750690325,
    "preferredLocations" : [ {
      "layers" : [ "default-rack", "Master" ]
    }, {
      "layers" : [ "default-rack", "Slave2" ]
    }, {
      "layers" : [ "default-rack", "Slave3" ]
    } ],
    "taskType" : "MAP",
    "taskStatus" : "SUCCESS",
    "taskID" : "task_201407020230_0623_m_000034",
    "inputBytes" : 12364757,
    "inputRecords" : 65823,
    "outputBytes" : 166122000,
    "outputRecords" : 7526872
  }, {
    "startTime" : 1404750597370,
    "attempts" : [ {
      "result" : "SUCCESS",
      "location" : {
        "layers" : [ "default-rack", "Slave1" ]
      },
      "hostName" : "/default-rack/Slave1",
      "startTime" : 1404750182590,
      "finishTime" : 1404750275458,
      "attemptID" : "attempt_201407020230_0623_m_000036_0",
      "shuffleFinished" : -1,
      "sortFinished" : -1,
      "hdfsBytesRead" : 12328737,
      "hdfsBytesWritten" : -1,
      "fileBytesRead" : 89705200,
      "fileBytesWritten" : 164929683,
      "mapInputRecords" : 72713,
      "mapOutputBytes" : 123026920,
      "mapOutputRecords" : 7440636,
      "combineInputRecords" : 11883313,
      "reduceInputGroups" : -1,
      "reduceInputRecords" : -1,
      "reduceShuffleBytes" : -1,
      "reduceOutputRecords" : -1,
      "spilledRecords" : 8071129,
      "mapInputBytes" : -1,
      "resourceUsageMetrics" : {
        "cumulativeCpuUsage" : 98580,
        "virtualMemoryUsage" : 1543921664,
        "physicalMemoryUsage" : 932306944,
        "heapUsage" : 943194112
      }
    }, {
      "result" : "KILLED",
      "location" : null,
      "hostName" : null,
      "startTime" : 1404748976578,
      "finishTime" : 1404749053908,
      "attemptID" : "attempt_201407020230_0623_m_000036_1",
      "shuffleFinished" : -1,
      "sortFinished" : -1,
      "hdfsBytesRead" : -1,
      "hdfsBytesWritten" : -1,
      "fileBytesRead" : -1,
      "fileBytesWritten" : -1,
      "mapInputRecords" : -1,
      "mapOutputBytes" : -1,
      "mapOutputRecords" : -1,
      "combineInputRecords" : -1,
      "reduceInputGroups" : -1,
      "reduceInputRecords" : -1,
      "reduceShuffleBytes" : -1,
      "reduceOutputRecords" : -1,
      "spilledRecords" : -1,
      "mapInputBytes" : -1,
      "resourceUsageMetrics" : {
        "cumulativeCpuUsage" : 0,
        "virtualMemoryUsage" : 0,
        "physicalMemoryUsage" : 0,
        "heapUsage" : 0
      }
    } ],
    "finishTime" : 1404750690359,
    "preferredLocations" : [ {
      "layers" : [ "default-rack", "Master" ]
    }, {
      "layers" : [ "default-rack", "Slave1" ]
    }, {
      "layers" : [ "default-rack", "Slave5" ]
    } ],
    "taskType" : "MAP",
    "taskStatus" : "SUCCESS",
    "taskID" : "task_201407020230_0623_m_000036",
    "inputBytes" : 12328737,
    "inputRecords" : 72713,
    "outputBytes" : 164929683,
    "outputRecords" : 7440636
  }, {
    "startTime" : 1404750597821,
    "attempts" : [ {
      "result" : "SUCCESS",
      "location" : {
        "layers" : [ "default-rack", "Master" ]
      },
      "hostName" : "/default-rack/Master",
      "startTime" : 1404750597823,
      "finishTime" : 1404750692692,
      "attemptID" : "attempt_201407020230_0623_m_000033_0",
      "shuffleFinished" : -1,
      "sortFinished" : -1,
      "hdfsBytesRead" : 12371929,
      "hdfsBytesWritten" : -1,
      "fileBytesRead" : 90894325,
      "fileBytesWritten" : 167186002,
      "mapInputRecords" : 68633,
      "mapOutputBytes" : 123912568,
      "mapOutputRecords" : 7508828,
      "combineInputRecords" : 12024011,
      "reduceInputGroups" : -1,
      "reduceInputRecords" : -1,
      "reduceShuffleBytes" : -1,
      "reduceOutputRecords" : -1,
      "spilledRecords" : 8206545,
      "mapInputBytes" : -1,
      "resourceUsageMetrics" : {
        "cumulativeCpuUsage" : 103830,
        "virtualMemoryUsage" : 1544093696,
        "physicalMemoryUsage" : 935981056,
        "heapUsage" : 943194112
      }
    }, {
      "result" : "KILLED",
      "location" : null,
      "hostName" : null,
      "startTime" : 1404748977183,
      "finishTime" : 1404749057688,
      "attemptID" : "attempt_201407020230_0623_m_000033_1",
      "shuffleFinished" : -1,
      "sortFinished" : -1,
      "hdfsBytesRead" : -1,
      "hdfsBytesWritten" : -1,
      "fileBytesRead" : -1,
      "fileBytesWritten" : -1,
      "mapInputRecords" : -1,
      "mapOutputBytes" : -1,
      "mapOutputRecords" : -1,
      "combineInputRecords" : -1,
      "reduceInputGroups" : -1,
      "reduceInputRecords" : -1,
      "reduceShuffleBytes" : -1,
      "reduceOutputRecords" : -1,
      "spilledRecords" : -1,
      "mapInputBytes" : -1,
      "resourceUsageMetrics" : {
        "cumulativeCpuUsage" : 0,
        "virtualMemoryUsage" : 0,
        "physicalMemoryUsage" : 0,
        "heapUsage" : 0
      }
    } ],
    "finishTime" : 1404750692896,
    "preferredLocations" : [ {
      "layers" : [ "default-rack", "Master" ]
    }, {
      "layers" : [ "default-rack", "Slave7" ]
    }, {
      "layers" : [ "default-rack", "Slave5" ]
    } ],
    "taskType" : "MAP",
    "taskStatus" : "SUCCESS",
    "taskID" : "task_201407020230_0623_m_000033",
    "inputBytes" : 12371929,
    "inputRecords" : 68633,
    "outputBytes" : 167186002,
    "outputRecords" : 7508828
  }, {
    "startTime" : 1404750598840,
    "attempts" : [ {
      "result" : "SUCCESS",
      "location" : {
        "layers" : [ "default-rack", "Slave7" ]
      },
      "hostName" : "/default-rack/Slave7",
      "startTime" : 1404750595213,
      "finishTime" : 1404750677751,
      "attemptID" : "attempt_201407020230_0623_m_000037_0",
      "shuffleFinished" : -1,
      "sortFinished" : -1,
      "hdfsBytesRead" : 12311829,
      "hdfsBytesWritten" : -1,
      "fileBytesRead" : 89727571,
      "fileBytesWritten" : 164956454,
      "mapInputRecords" : 67951,
      "mapOutputBytes" : 123101648,
      "mapOutputRecords" : 7431706,
      "combineInputRecords" : 11877762,
      "reduceInputGroups" : -1,
      "reduceInputRecords" : -1,
      "reduceShuffleBytes" : -1,
      "reduceOutputRecords" : -1,
      "spilledRecords" : 8077583,
      "mapInputBytes" : -1,
      "resourceUsageMetrics" : {
        "cumulativeCpuUsage" : 89970,
        "virtualMemoryUsage" : 1544450048,
        "physicalMemoryUsage" : 930054144,
        "heapUsage" : 943194112
      }
    } ],
    "finishTime" : 1404750681463,
    "preferredLocations" : [ {
      "layers" : [ "default-rack", "Master" ]
    }, {
      "layers" : [ "default-rack", "Slave6" ]
    }, {
      "layers" : [ "default-rack", "Slave7" ]
    } ],
    "taskType" : "MAP",
    "taskStatus" : "SUCCESS",
    "taskID" : "task_201407020230_0623_m_000037",
    "inputBytes" : 12311829,
    "inputRecords" : 67951,
    "outputBytes" : 164956454,
    "outputRecords" : 7431706
  }, {
    "startTime" : 1404750599744,
    "attempts" : [ {
      "result" : "SUCCESS",
      "location" : {
        "layers" : [ "default-rack", "Slave2" ]
      },
      "hostName" : "/default-rack/Slave2",
      "startTime" : 1404751096213,
      "finishTime" : 1404751192097,
      "attemptID" : "attempt_201407020230_0623_m_000039_0",
      "shuffleFinished" : -1,
      "sortFinished" : -1,
      "hdfsBytesRead" : 12288755,
      "hdfsBytesWritten" : -1,
      "fileBytesRead" : 89439528,
      "fileBytesWritten" : 164243975,
      "mapInputRecords" : 64633,
      "mapOutputBytes" : 123285052,
      "mapOutputRecords" : 7452768,
      "combineInputRecords" : 11886285,
      "reduceInputGroups" : -1,
      "reduceInputRecords" : -1,
      "reduceShuffleBytes" : -1,
      "reduceOutputRecords" : -1,
      "spilledRecords" : 8045617,
      "mapInputBytes" : -1,
      "resourceUsageMetrics" : {
        "cumulativeCpuUsage" : 103910,
        "virtualMemoryUsage" : 1543520256,
        "physicalMemoryUsage" : 932945920,
        "heapUsage" : 943194112
      }
    } ],
    "finishTime" : 1404750695760,
    "preferredLocations" : [ {
      "layers" : [ "default-rack", "Master" ]
    }, {
      "layers" : [ "default-rack", "Slave2" ]
    }, {
      "layers" : [ "default-rack", "Slave5" ]
    } ],
    "taskType" : "MAP",
    "taskStatus" : "SUCCESS",
    "taskID" : "task_201407020230_0623_m_000039",
    "inputBytes" : 12288755,
    "inputRecords" : 64633,
    "outputBytes" : 164243975,
    "outputRecords" : 7452768
  }, {
    "startTime" : 1404750605485,
    "attempts" : [ {
      "result" : "SUCCESS",
      "location" : {
        "layers" : [ "default-rack", "Slave7" ]
      },
      "hostName" : "/default-rack/Slave7",
      "startTime" : 1404750601858,
      "finishTime" : 1404750684477,
      "attemptID" : "attempt_201407020230_0623_m_000040_0",
      "shuffleFinished" : -1,
      "sortFinished" : -1,
      "hdfsBytesRead" : 12075278,
      "hdfsBytesWritten" : -1,
      "fileBytesRead" : 88813500,
      "fileBytesWritten" : 163296587,
      "mapInputRecords" : 63723,
      "mapOutputBytes" : 121122984,
      "mapOutputRecords" : 7324142,
      "combineInputRecords" : 11728778,
      "reduceInputGroups" : -1,
      "reduceInputRecords" : -1,
      "reduceShuffleBytes" : -1,
      "reduceOutputRecords" : -1,
      "spilledRecords" : 8003702,
      "mapInputBytes" : -1,
      "resourceUsageMetrics" : {
        "cumulativeCpuUsage" : 89370,
        "virtualMemoryUsage" : 1547218944,
        "physicalMemoryUsage" : 930811904,
        "heapUsage" : 934281216
      }
    } ],
    "finishTime" : 1404750688404,
    "preferredLocations" : [ {
      "layers" : [ "default-rack", "Master" ]
    }, {
      "layers" : [ "default-rack", "Slave5" ]
    }, {
      "layers" : [ "default-rack", "Slave7" ]
    } ],
    "taskType" : "MAP",
    "taskStatus" : "SUCCESS",
    "taskID" : "task_201407020230_0623_m_000040",
    "inputBytes" : 12075278,
    "inputRecords" : 63723,
    "outputBytes" : 163296587,
    "outputRecords" : 7324142
  }, {
    "startTime" : 1404750613307,
    "attempts" : [ {
      "result" : "SUCCESS",
      "location" : {
        "layers" : [ "default-rack", "Slave6" ]
      },
      "hostName" : "/default-rack/Slave6",
      "startTime" : 1404749421551,
      "finishTime" : 1404749509882,
      "attemptID" : "attempt_201407020230_0623_m_000038_0",
      "shuffleFinished" : -1,
      "sortFinished" : -1,
      "hdfsBytesRead" : 12296939,
      "hdfsBytesWritten" : -1,
      "fileBytesRead" : 89589859,
      "fileBytesWritten" : 164631907,
      "mapInputRecords" : 68970,
      "mapOutputBytes" : 123053642,
      "mapOutputRecords" : 7451218,
      "combineInputRecords" : 11897111,
      "reduceInputGroups" : -1,
      "reduceInputRecords" : -1,
      "reduceShuffleBytes" : -1,
      "reduceOutputRecords" : -1,
      "spilledRecords" : 8072880,
      "mapInputBytes" : -1,
      "resourceUsageMetrics" : {
        "cumulativeCpuUsage" : 96070,
        "virtualMemoryUsage" : 1545342976,
        "physicalMemoryUsage" : 930963456,
        "heapUsage" : 888668160
      }
    }, {
      "result" : "KILLED",
      "location" : null,
      "hostName" : null,
      "startTime" : 1404749262467,
      "finishTime" : 1404749338787,
      "attemptID" : "attempt_201407020230_0623_m_000038_1",
      "shuffleFinished" : -1,
      "sortFinished" : -1,
      "hdfsBytesRead" : -1,
      "hdfsBytesWritten" : -1,
      "fileBytesRead" : -1,
      "fileBytesWritten" : -1,
      "mapInputRecords" : -1,
      "mapOutputBytes" : -1,
      "mapOutputRecords" : -1,
      "combineInputRecords" : -1,
      "reduceInputGroups" : -1,
      "reduceInputRecords" : -1,
      "reduceShuffleBytes" : -1,
      "reduceOutputRecords" : -1,
      "spilledRecords" : -1,
      "mapInputBytes" : -1,
      "resourceUsageMetrics" : {
        "cumulativeCpuUsage" : 0,
        "virtualMemoryUsage" : 0,
        "physicalMemoryUsage" : 0,
        "heapUsage" : 0
      }
    } ],
    "finishTime" : 1404750701677,
    "preferredLocations" : [ {
      "layers" : [ "default-rack", "Master" ]
    }, {
      "layers" : [ "default-rack", "Slave1" ]
    }, {
      "layers" : [ "default-rack", "Slave3" ]
    } ],
    "taskType" : "MAP",
    "taskStatus" : "SUCCESS",
    "taskID" : "task_201407020230_0623_m_000038",
    "inputBytes" : 12296939,
    "inputRecords" : 68970,
    "outputBytes" : 164631907,
    "outputRecords" : 7451218
  }, {
    "startTime" : 1404750614512,
    "attempts" : [ {
      "result" : "SUCCESS",
      "location" : {
        "layers" : [ "default-rack", "Slave3" ]
      },
      "hostName" : "/default-rack/Slave3",
      "startTime" : 1404749248853,
      "finishTime" : 1404749262332,
      "attemptID" : "attempt_201407020230_0623_m_000042_0",
      "shuffleFinished" : -1,
      "sortFinished" : -1,
      "hdfsBytesRead" : 2128092,
      "hdfsBytesWritten" : -1,
      "fileBytesRead" : -1,
      "fileBytesWritten" : 15853306,
      "mapInputRecords" : 11585,
      "mapOutputBytes" : 21375000,
      "mapOutputRecords" : 1302192,
      "combineInputRecords" : 1302192,
      "reduceInputGroups" : -1,
      "reduceInputRecords" : -1,
      "reduceShuffleBytes" : -1,
      "reduceOutputRecords" : -1,
      "spilledRecords" : 789059,
      "mapInputBytes" : -1,
      "resourceUsageMetrics" : {
        "cumulativeCpuUsage" : 13500,
        "virtualMemoryUsage" : 1544622080,
        "physicalMemoryUsage" : 927780864,
        "heapUsage" : 943194112
      }
    } ],
    "finishTime" : 1404750628126,
    "preferredLocations" : [ {
      "layers" : [ "default-rack", "Master" ]
    }, {
      "layers" : [ "default-rack", "Slave3" ]
    }, {
      "layers" : [ "default-rack", "Slave1" ]
    } ],
    "taskType" : "MAP",
    "taskStatus" : "SUCCESS",
    "taskID" : "task_201407020230_0623_m_000042",
    "inputBytes" : 2128092,
    "inputRecords" : 11585,
    "outputBytes" : 15853306,
    "outputRecords" : 1302192
  }, {
    "startTime" : 1404750614519,
    "attempts" : [ {
      "result" : "SUCCESS",
      "location" : {
        "layers" : [ "default-rack", "Slave6" ]
      },
      "hostName" : "/default-rack/Slave6",
      "startTime" : 1404749422763,
      "finishTime" : 1404749507969,
      "attemptID" : "attempt_201407020230_0623_m_000041_0",
      "shuffleFinished" : -1,
      "sortFinished" : -1,
      "hdfsBytesRead" : 11856605,
      "hdfsBytesWritten" : -1,
      "fileBytesRead" : 87320386,
      "fileBytesWritten" : 160780480,
      "mapInputRecords" : 63860,
      "mapOutputBytes" : 118874456,
      "mapOutputRecords" : 7200068,
      "combineInputRecords" : 11536813,
      "reduceInputGroups" : -1,
      "reduceInputRecords" : -1,
      "reduceShuffleBytes" : -1,
      "reduceOutputRecords" : -1,
      "spilledRecords" : 7891120,
      "mapInputBytes" : -1,
      "resourceUsageMetrics" : {
        "cumulativeCpuUsage" : 91780,
        "virtualMemoryUsage" : 1545146368,
        "physicalMemoryUsage" : 930525184,
        "heapUsage" : 877133824
      }
    } ],
    "finishTime" : 1404750699867,
    "preferredLocations" : [ {
      "layers" : [ "default-rack", "Master" ]
    }, {
      "layers" : [ "default-rack", "Slave7" ]
    }, {
      "layers" : [ "default-rack", "Slave1" ]
    } ],
    "taskType" : "MAP",
    "taskStatus" : "SUCCESS",
    "taskID" : "task_201407020230_0623_m_000041",
    "inputBytes" : 11856605,
    "inputRecords" : 63860,
    "outputBytes" : 160780480,
    "outputRecords" : 7200068
  } ],
  "finishTime" : 1404750866083,
  "reduceTasks" : [ {
    "startTime" : 1404750502560,
    "attempts" : [ {
      "result" : "SUCCESS",
      "location" : {
        "layers" : [ "default-rack", "Slave1" ]
      },
      "hostName" : "/default-rack/Slave1",
      "startTime" : 1404750087781,
      "finishTime" : 1404750418653,
      "attemptID" : "attempt_201407020230_0623_r_000000_0",
      "shuffleFinished" : 1404750314065,
      "sortFinished" : 1404750314111,
      "hdfsBytesRead" : -1,
      "hdfsBytesWritten" : 648246754,
      "fileBytesRead" : 450390514,
      "fileBytesWritten" : 450449888,
      "mapInputRecords" : -1,
      "mapOutputBytes" : -1,
      "mapOutputRecords" : -1,
      "combineInputRecords" : 29557429,
      "reduceInputGroups" : 16984930,
      "reduceInputRecords" : 22337577,
      "reduceShuffleBytes" : 641458071,
      "reduceOutputRecords" : 16984930,
      "spilledRecords" : 20900665,
      "mapInputBytes" : -1,
      "resourceUsageMetrics" : {
        "cumulativeCpuUsage" : 257820,
        "virtualMemoryUsage" : 1120182272,
        "physicalMemoryUsage" : 562020352,
        "heapUsage" : 523763712
      }
    } ],
    "finishTime" : 1404750833442,
    "preferredLocations" : [ ],
    "taskType" : "REDUCE",
    "taskStatus" : "SUCCESS",
    "taskID" : "task_201407020230_0623_r_000000",
    "inputBytes" : 641458071,
    "inputRecords" : 22337577,
    "outputBytes" : 648246754,
    "outputRecords" : 16984930
  }, {
    "startTime" : 1404750502604,
    "attempts" : [ {
      "result" : "SUCCESS",
      "location" : {
        "layers" : [ "default-rack", "Slave7" ]
      },
      "hostName" : "/default-rack/Slave7",
      "startTime" : 1404750498980,
      "finishTime" : 1404750817901,
      "attemptID" : "attempt_201407020230_0623_r_000001_0",
      "shuffleFinished" : 1404750723358,
      "sortFinished" : 1404750723394,
      "hdfsBytesRead" : -1,
      "hdfsBytesWritten" : 648571170,
      "fileBytesRead" : 450619912,
      "fileBytesWritten" : 450679286,
      "mapInputRecords" : -1,
      "mapOutputBytes" : -1,
      "mapOutputRecords" : -1,
      "combineInputRecords" : 29586746,
      "reduceInputGroups" : 16994058,
      "reduceInputRecords" : 22348655,
      "reduceShuffleBytes" : 641945971,
      "reduceOutputRecords" : 16994058,
      "spilledRecords" : 20912517,
      "mapInputBytes" : -1,
      "resourceUsageMetrics" : {
        "cumulativeCpuUsage" : 238990,
        "virtualMemoryUsage" : 1122889728,
        "physicalMemoryUsage" : 571723776,
        "heapUsage" : 523763712
      }
    } ],
    "finishTime" : 1404750821656,
    "preferredLocations" : [ ],
    "taskType" : "REDUCE",
    "taskStatus" : "SUCCESS",
    "taskID" : "task_201407020230_0623_r_000001",
    "inputBytes" : 641945971,
    "inputRecords" : 22348655,
    "outputBytes" : 648571170,
    "outputRecords" : 16994058
  }, {
    "startTime" : 1404750502610,
    "attempts" : [ {
      "result" : "SUCCESS",
      "location" : {
        "layers" : [ "default-rack", "Slave4" ]
      },
      "hostName" : "/default-rack/Slave4",
      "startTime" : 1404661339183,
      "finishTime" : 1404661700714,
      "attemptID" : "attempt_201407020230_0623_r_000002_0",
      "shuffleFinished" : 1404661572759,
      "sortFinished" : 1404661572813,
      "hdfsBytesRead" : -1,
      "hdfsBytesWritten" : 648593346,
      "fileBytesRead" : 450705217,
      "fileBytesWritten" : 450764591,
      "mapInputRecords" : -1,
      "mapOutputBytes" : -1,
      "mapOutputRecords" : -1,
      "combineInputRecords" : 29583603,
      "reduceInputGroups" : 16993529,
      "reduceInputRecords" : 22350923,
      "reduceShuffleBytes" : 641959779,
      "reduceOutputRecords" : 16993529,
      "spilledRecords" : 20915935,
      "mapInputBytes" : -1,
      "resourceUsageMetrics" : {
        "cumulativeCpuUsage" : 347320,
        "virtualMemoryUsage" : 1119703040,
        "physicalMemoryUsage" : 610000896,
        "heapUsage" : 523763712
      }
    } ],
    "finishTime" : 1404750864272,
    "preferredLocations" : [ ],
    "taskType" : "REDUCE",
    "taskStatus" : "SUCCESS",
    "taskID" : "task_201407020230_0623_r_000002",
    "inputBytes" : 641959779,
    "inputRecords" : 22350923,
    "outputBytes" : 648593346,
    "outputRecords" : 16993529
  }, {
    "startTime" : 1404750502643,
    "attempts" : [ {
      "result" : "SUCCESS",
      "location" : {
        "layers" : [ "default-rack", "Slave3" ]
      },
      "hostName" : "/default-rack/Slave3",
      "startTime" : 1404749136989,
      "finishTime" : 1404749466267,
      "attemptID" : "attempt_201407020230_0623_r_000003_0",
      "shuffleFinished" : 1404749363599,
      "sortFinished" : 1404749363640,
      "hdfsBytesRead" : -1,
      "hdfsBytesWritten" : 648562422,
      "fileBytesRead" : 450508499,
      "fileBytesWritten" : 450567873,
      "mapInputRecords" : -1,
      "mapOutputBytes" : -1,
      "mapOutputRecords" : -1,
      "combineInputRecords" : 29564212,
      "reduceInputGroups" : 16991281,
      "reduceInputRecords" : 22339452,
      "reduceShuffleBytes" : 641724883,
      "reduceOutputRecords" : 16991281,
      "spilledRecords" : 20903167,
      "mapInputBytes" : -1,
      "resourceUsageMetrics" : {
        "cumulativeCpuUsage" : 261860,
        "virtualMemoryUsage" : 1117851648,
        "physicalMemoryUsage" : 580915200,
        "heapUsage" : 491257856
      }
    }, {
      "result" : "KILLED",
      "location" : null,
      "hostName" : null,
      "startTime" : 1404749539752,
      "finishTime" : 1404749643143,
      "attemptID" : "attempt_201407020230_0623_r_000003_1",
      "shuffleFinished" : -1,
      "sortFinished" : -1,
      "hdfsBytesRead" : -1,
      "hdfsBytesWritten" : -1,
      "fileBytesRead" : -1,
      "fileBytesWritten" : -1,
      "mapInputRecords" : -1,
      "mapOutputBytes" : -1,
      "mapOutputRecords" : -1,
      "combineInputRecords" : -1,
      "reduceInputGroups" : -1,
      "reduceInputRecords" : -1,
      "reduceShuffleBytes" : -1,
      "reduceOutputRecords" : -1,
      "spilledRecords" : -1,
      "mapInputBytes" : -1,
      "resourceUsageMetrics" : {
        "cumulativeCpuUsage" : 0,
        "virtualMemoryUsage" : 0,
        "physicalMemoryUsage" : 0,
        "heapUsage" : 0
      }
    } ],
    "finishTime" : 1404750832208,
    "preferredLocations" : [ ],
    "taskType" : "REDUCE",
    "taskStatus" : "SUCCESS",
    "taskID" : "task_201407020230_0623_r_000003",
    "inputBytes" : 641724883,
    "inputRecords" : 22339452,
    "outputBytes" : 648562422,
    "outputRecords" : 16991281
  }, {
    "startTime" : 1404750502694,
    "attempts" : [ {
      "result" : "SUCCESS",
      "location" : {
        "layers" : [ "default-rack", "Slave5" ]
      },
      "hostName" : "/default-rack/Slave5",
      "startTime" : 1404748864099,
      "finishTime" : 1404749189698,
      "attemptID" : "attempt_201407020230_0623_r_000004_0",
      "shuffleFinished" : 1404749087717,
      "sortFinished" : 1404749087755,
      "hdfsBytesRead" : -1,
      "hdfsBytesWritten" : 648617066,
      "fileBytesRead" : 450531054,
      "fileBytesWritten" : 450590428,
      "mapInputRecords" : -1,
      "mapOutputBytes" : -1,
      "mapOutputRecords" : -1,
      "combineInputRecords" : 29593099,
      "reduceInputGroups" : 16992855,
      "reduceInputRecords" : 22342320,
      "reduceShuffleBytes" : 642114784,
      "reduceOutputRecords" : 16992855,
      "spilledRecords" : 20905281,
      "mapInputBytes" : -1,
      "resourceUsageMetrics" : {
        "cumulativeCpuUsage" : 270730,
        "virtualMemoryUsage" : 1122402304,
        "physicalMemoryUsage" : 609132544,
        "heapUsage" : 523763712
      }
    } ],
    "finishTime" : 1404750828400,
    "preferredLocations" : [ ],
    "taskType" : "REDUCE",
    "taskStatus" : "SUCCESS",
    "taskID" : "task_201407020230_0623_r_000004",
    "inputBytes" : 642114784,
    "inputRecords" : 22342320,
    "outputBytes" : 648617066,
    "outputRecords" : 16992855
  } ],
  "submitTime" : 1404750388730,
  "launchTime" : 1404750388953,
  "totalMaps" : 43,
  "totalReduces" : 5,
  "otherTasks" : [ {
    "startTime" : 1404750388981,
    "attempts" : [ {
      "result" : "SUCCESS",
      "location" : {
        "layers" : [ "default-rack", "Master" ]
      },
      "hostName" : "/default-rack/Master",
      "startTime" : 1404750389079,
      "finishTime" : 1404750390838,
      "attemptID" : "attempt_201407020230_0623_m_000044_0",
      "shuffleFinished" : -1,
      "sortFinished" : -1,
      "hdfsBytesRead" : -1,
      "hdfsBytesWritten" : -1,
      "fileBytesRead" : -1,
      "fileBytesWritten" : 59468,
      "mapInputRecords" : -1,
      "mapOutputBytes" : -1,
      "mapOutputRecords" : -1,
      "combineInputRecords" : -1,
      "reduceInputGroups" : -1,
      "reduceInputRecords" : -1,
      "reduceShuffleBytes" : -1,
      "reduceOutputRecords" : -1,
      "spilledRecords" : 0,
      "mapInputBytes" : -1,
      "resourceUsageMetrics" : {
        "cumulativeCpuUsage" : 180,
        "virtualMemoryUsage" : 1537359872,
        "physicalMemoryUsage" : 121810944,
        "heapUsage" : 758120448
      }
    } ],
    "finishTime" : 1404750391097,
    "preferredLocations" : [ ],
    "taskType" : "SETUP",
    "taskStatus" : "SUCCESS",
    "taskID" : "task_201407020230_0623_m_000044",
    "inputBytes" : -1,
    "inputRecords" : -1,
    "outputBytes" : -1,
    "outputRecords" : -1
  }, {
    "startTime" : 1404750864273,
    "attempts" : [ {
      "result" : "SUCCESS",
      "location" : {
        "layers" : [ "default-rack", "Slave4" ]
      },
      "hostName" : "/default-rack/Slave4",
      "startTime" : 1404661700826,
      "finishTime" : 1404661702427,
      "attemptID" : "attempt_201407020230_0623_m_000043_0",
      "shuffleFinished" : -1,
      "sortFinished" : -1,
      "hdfsBytesRead" : -1,
      "hdfsBytesWritten" : -1,
      "fileBytesRead" : -1,
      "fileBytesWritten" : 59468,
      "mapInputRecords" : -1,
      "mapOutputBytes" : -1,
      "mapOutputRecords" : -1,
      "combineInputRecords" : -1,
      "reduceInputGroups" : -1,
      "reduceInputRecords" : -1,
      "reduceShuffleBytes" : -1,
      "reduceOutputRecords" : -1,
      "spilledRecords" : 0,
      "mapInputBytes" : -1,
      "resourceUsageMetrics" : {
        "cumulativeCpuUsage" : 40,
        "virtualMemoryUsage" : 1546547200,
        "physicalMemoryUsage" : 931745792,
        "heapUsage" : 861929472
      }
    } ],
    "finishTime" : 1404750866083,
    "preferredLocations" : [ ],
    "taskType" : "CLEANUP",
    "taskStatus" : "SUCCESS",
    "taskID" : "task_201407020230_0623_m_000043",
    "inputBytes" : -1,
    "inputRecords" : -1,
    "outputBytes" : -1,
    "outputRecords" : -1
  } ],
  "queue" : "default",
  "jobProperties" : {
    "fs.s3n.impl" : "org.apache.hadoop.fs.s3native.NativeS3FileSystem",
    "mapred.task.cache.levels" : "2",
    "mapreduce.job.restart.recover" : "true",
    "mapreduce.job.counters.max" : "120",
    "dfs.client.use.datanode.hostname" : "false",
    "hadoop.tmp.dir" : "/tmp/hadoop-${user.name}",
    "hadoop.native.lib" : "true",
    "map.sort.class" : "org.apache.hadoop.util.QuickSort",
    "dfs.namenode.decommission.nodes.per.interval" : "5",
    "dfs.https.need.client.auth" : "false",
    "dfs.datanode.drop.cache.behind.writes" : "false",
    "ipc.client.idlethreshold" : "4000",
    "mapred.system.dir" : "${hadoop.tmp.dir}/mapred/system",
    "dfs.datanode.data.dir.perm" : "755",
    "mapred.job.tracker.persist.jobstatus.hours" : "0",
    "dfs.namenode.logging.level" : "info",
    "dfs.datanode.address" : "0.0.0.0:50010",
    "io.skip.checksum.errors" : "false",
    "dfs.block.access.token.enable" : "false",
    "fs.default.name" : "hdfs://Master:9000",
    "mapred.cluster.reduce.memory.mb" : "-1",
    "mapred.reducer.new-api" : "true",
    "mapred.child.tmp" : "./tmp",
    "fs.har.impl.disable.cache" : "true",
    "dfs.safemode.threshold.pct" : "0.999f",
    "mapred.skip.reduce.max.skip.groups" : "0",
    "mapred.heartbeats.in.second" : "100",
    "dfs.namenode.handler.count" : "10",
    "dfs.blockreport.initialDelay" : "0",
    "mapred.tasktracker.dns.nameserver" : "default",
    "io.sort.factor" : "10",
    "dfs.datanode.drop.cache.behind.reads" : "false",
    "mapred.task.timeout" : "600000",
    "mapred.max.tracker.failures" : "4",
    "hadoop.rpc.socket.factory.class.default" : "org.apache.hadoop.net.StandardSocketFactory",
    "mapred.job.tracker.jobhistory.lru.cache.size" : "5",
    "fs.hdfs.impl" : "org.apache.hadoop.hdfs.DistributedFileSystem",
    "mapred.queue.default.acl-administer-jobs" : "*",
    "dfs.namenode.stale.datanode.interval" : "30000",
    "mapred.output.key.class" : "WordPair",
    "dfs.block.access.key.update.interval" : "600",
    "mapred.skip.map.auto.incr.proc.count" : "true",
    "mapreduce.job.complete.cancel.delegation.tokens" : "true",
    "io.mapfile.bloom.size" : "1048576",
    "mapreduce.reduce.shuffle.connect.timeout" : "180000",
    "dfs.safemode.extension" : "30000",
    "mapred.jobtracker.blacklist.fault-timeout-window" : "180",
    "dfs.namenode.write.stale.datanode.ratio" : "0.5f",
    "hadoop.skip.worker.version.check" : "false",
    "tasktracker.http.threads" : "40",
    "net.topology.impl" : "org.apache.hadoop.net.NetworkTopology",
    "mapred.job.shuffle.merge.percent" : "0.4",
    "fs.ftp.impl" : "org.apache.hadoop.fs.ftp.FTPFileSystem",
    "user.name" : "trend-hadoop",
    "dfs.namenode.kerberos.internal.spnego.principal" : "${dfs.web.authentication.kerberos.principal}",
    "mapred.output.compress" : "false",
    "io.bytes.per.checksum" : "512",
    "mapred.combine.recordsBeforeProgress" : "10000",
    "mapred.healthChecker.script.timeout" : "600000",
    "topology.node.switch.mapping.impl" : "org.apache.hadoop.net.ScriptBasedMapping",
    "dfs.https.server.keystore.resource" : "ssl-server.xml",
    "mapred.reduce.slowstart.completed.maps" : "0.04",
    "mapred.reduce.max.attempts" : "4",
    "dfs.namenode.safemode.min.datanodes" : "0",
    "mapreduce.ifile.readahead.bytes" : "4194304",
    "fs.ramfs.impl" : "org.apache.hadoop.fs.InMemoryFileSystem",
    "dfs.block.access.token.lifetime" : "600",
    "mapred.skip.map.max.skip.records" : "0",
    "dfs.name.edits.dir" : "${dfs.name.dir}",
    "mapred.cluster.map.memory.mb" : "-1",
    "hadoop.security.group.mapping" : "org.apache.hadoop.security.ShellBasedUnixGroupsMapping",
    "mapred.job.tracker.persist.jobstatus.dir" : "/jobtracker/jobsInfo",
    "mapred.jar" : "hdfs://Master:9000/tmp/hadoop-trend-hadoop/mapred/staging/trend-hadoop/.staging/job_201407020230_0623/job.jar",
    "fs.s3.buffer.dir" : "${hadoop.tmp.dir}/s3",
    "dfs.block.size" : "67108864",
    "job.end.retry.attempts" : "0",
    "fs.file.impl" : "org.apache.hadoop.fs.LocalFileSystem",
    "dfs.namenode.avoid.write.stale.datanode" : "false",
    "dfs.datanode.max.xcievers" : "4096",
    "mapred.local.dir.minspacestart" : "0",
    "mapred.output.compression.type" : "RECORD",
    "dfs.datanode.ipc.address" : "0.0.0.0:50020",
    "dfs.permissions" : "true",
    "topology.script.number.args" : "100",
    "mapreduce.job.counters.groups.max" : "50",
    "io.mapfile.bloom.error.rate" : "0.005",
    "mapred.cluster.max.reduce.memory.mb" : "-1",
    "mapred.max.tracker.blacklists" : "4",
    "mapred.task.profile.maps" : "0-2",
    "mapred.jobtracker.jobSchedulable" : "org.apache.hadoop.mapred.JobSchedulable",
    "dfs.datanode.https.address" : "0.0.0.0:50475",
    "mapred.userlog.retain.hours" : "24",
    "dfs.secondary.http.address" : "0.0.0.0:50090",
    "dfs.namenode.replication.work.multiplier.per.iteration" : "2",
    "dfs.replication.max" : "512",
    "mapred.job.tracker.persist.jobstatus.active" : "false",
    "hadoop.security.authorization" : "false",
    "local.cache.size" : "10737418240",
    "mapred.min.split.size" : "201326592",
    "dfs.namenode.delegation.token.renew-interval" : "86400000",
    "mapred.map.tasks" : "43",
    "mapred.child.java.opts" : "-Xmx200m",
    "mapred.output.value.class" : "org.apache.hadoop.io.IntWritable",
    "dfs.https.client.keystore.resource" : "ssl-client.xml",
    "ipc.client.fallback-to-simple-auth-allowed" : "false",
    "mapred.job.queue.name" : "default",
    "mapred.job.tracker.retiredjobs.cache.size" : "1000",
    "dfs.https.address" : "0.0.0.0:50470",
    "dfs.balance.bandwidthPerSec" : "1048576",
    "ipc.server.listen.queue.size" : "128",
    "dfs.namenode.invalidate.work.pct.per.iteration" : "0.32f",
    "mapred.inmem.merge.threshold" : "900",
    "job.end.retry.interval" : "30000",
    "mapred.skip.attempts.to.start.skipping" : "2",
    "mapreduce.tasktracker.outofband.heartbeat.damper" : "1000000",
    "hadoop.security.use-weak-http-crypto" : "false",
    "fs.checkpoint.dir" : "${hadoop.tmp.dir}/dfs/namesecondary",
    "dfs.namenode.avoid.read.stale.datanode" : "false",
    "mapred.reduce.tasks" : "5",
    "mapred.merge.recordsBeforeProgress" : "10000",
    "mapred.userlog.limit.kb" : "0",
    "mapred.job.reduce.memory.mb" : "-1",
    "webinterface.private.actions" : "false",
    "dfs.max.objects" : "0",
    "hadoop.security.token.service.use_ip" : "true",
    "io.sort.spill.percent" : "0.7",
    "mapred.job.shuffle.input.buffer.percent" : "0.7",
    "mapred.map.tasks.speculative.execution" : "true",
    "hadoop.http.authentication.type" : "simple",
    "mapred.job.name" : "pairs-co-occur",
    "hadoop.util.hash.type" : "murmur",
    "dfs.datanode.dns.nameserver" : "default",
    "hadoop.security.instrumentation.requires.admin" : "false",
    "dfs.blockreport.intervalMsec" : "3600000",
    "dfs.datanode.readahead.bytes" : "4193404",
    "mapred.map.max.attempts" : "4",
    "mapreduce.job.acl-view-job" : " ",
    "mapreduce.ifile.readahead" : "true",
    "mapred.jobtracker.nodegroup.aware" : "false",
    "mapred.job.tracker.handler.count" : "10",
    "dfs.client.block.write.retries" : "3",
    "mapreduce.reduce.shuffle.read.timeout" : "180000",
    "mapred.tasktracker.expiry.interval" : "600000",
    "dfs.secondary.namenode.kerberos.internal.spnego.principal" : "${dfs.web.authentication.kerberos.principal}",
    "dfs.https.enable" : "false",
    "mapred.jobtracker.job.history.block.size" : "3145728",
    "mapred.jobtracker.maxtasks.per.job" : "-1",
    "keep.failed.task.files" : "false",
    "dfs.datanode.use.datanode.hostname" : "false",
    "dfs.datanode.failed.volumes.tolerated" : "0",
    "ipc.client.tcpnodelay" : "false",
    "mapred.task.profile.reduces" : "0-2",
    "io.map.index.skip" : "0",
    "mapred.output.compression.codec" : "org.apache.hadoop.io.compress.DefaultCodec",
    "hadoop.http.authentication.token.validity" : "36000",
    "ipc.server.tcpnodelay" : "false",
    "hadoop.jetty.logs.serve.aliases" : "true",
    "mapred.working.dir" : "hdfs://Master:9000/user/trend-hadoop",
    "mapred.jobtracker.blacklist.fault-bucket-width" : "15",
    "dfs.namenode.delegation.key.update-interval" : "86400000",
    "mapred.used.genericoptionsparser" : "true",
    "mapred.job.map.memory.mb" : "-1",
    "mapred.mapper.new-api" : "true",
    "dfs.default.chunk.view.size" : "32768",
    "hadoop.logfile.size" : "10000000",
    "mapred.reduce.tasks.speculative.execution" : "true",
    "mapreduce.tasktracker.outofband.heartbeat" : "false",
    "mapreduce.job.dir" : "hdfs://Master:9000/tmp/hadoop-trend-hadoop/mapred/staging/trend-hadoop/.staging/job_201407020230_0623",
    "mapreduce.reduce.input.limit" : "-1",
    "dfs.datanode.du.reserved" : "0",
    "dfs.datanode.sync.behind.writes" : "false",
    "hadoop.security.authentication" : "simple",
    "fs.checkpoint.period" : "3600",
    "mapred.job.reuse.jvm.num.tasks" : "12",
    "dfs.web.ugi" : "webuser,webgroup",
    "mapred.jobtracker.completeuserjobs.maximum" : "100",
    "dfs.df.interval" : "60000",
    "mapred.task.tracker.task-controller" : "org.apache.hadoop.mapred.DefaultTaskController",
    "dfs.data.dir" : "${hadoop.tmp.dir}/dfs/data",
    "fs.s3.maxRetries" : "4",
    "dfs.datanode.dns.interface" : "default",
    "mapred.cluster.max.map.memory.mb" : "-1",
    "mapreduce.reduce.shuffle.maxfetchfailures" : "10",
    "mapred.map.child.java.opts" : "-Xmx900M",
    "mapreduce.job.acl-modify-job" : " ",
    "fs.hftp.impl" : "org.apache.hadoop.hdfs.HftpFileSystem",
    "mapred.local.dir" : "${hadoop.tmp.dir}/mapred/local",
    "dfs.permissions.supergroup" : "supergroup",
    "fs.s3.sleepTimeSeconds" : "10",
    "fs.trash.interval" : "0",
    "mapred.submit.replication" : "10",
    "dfs.replication.min" : "1",
    "fs.har.impl" : "org.apache.hadoop.fs.HarFileSystem",
    "hadoop.relaxed.worker.version.check" : "false",
    "mapred.map.output.compression.codec" : "org.apache.hadoop.io.compress.DefaultCodec",
    "mapred.tasktracker.dns.interface" : "default",
    "dfs.http.address" : "0.0.0.0:50070",
    "dfs.namenode.decommission.interval" : "30",
    "mapred.job.tracker" : "Master:9001",
    "dfs.heartbeat.interval" : "3",
    "hadoop.http.authentication.signature.secret.file" : "${user.home}/hadoop-http-auth-signature-secret",
    "io.seqfile.sorter.recordlimit" : "1000000",
    "mapreduce.job.submithost" : "Master",
    "dfs.name.dir" : "${hadoop.tmp.dir}/dfs/name",
    "mapred.jobtracker.taskScheduler" : "org.apache.hadoop.mapred.JobQueueTaskScheduler",
    "mapred.line.input.format.linespermap" : "1",
    "dfs.datanode.http.address" : "0.0.0.0:50075",
    "fs.webhdfs.impl" : "org.apache.hadoop.hdfs.web.WebHdfsFileSystem",
    "mapred.local.dir.minspacekill" : "0",
    "dfs.image.transfer.bandwidthPerSec" : "0",
    "dfs.replication.interval" : "3",
    "io.sort.record.percent" : "0.07",
    "hadoop.http.authentication.kerberos.principal" : "HTTP/localhost@LOCALHOST",
    "mapreduce.reduce.class" : "PairsReducer",
    "fs.kfs.impl" : "org.apache.hadoop.fs.kfs.KosmosFileSystem",
    "mapred.tasktracker.reduce.tasks.maximum" : "1",
    "mapred.temp.dir" : "${hadoop.tmp.dir}/mapred/temp",
    "dfs.replication" : "3",
    "fs.checkpoint.edits.dir" : "${fs.checkpoint.dir}",
    "mapreduce.jobhistory.max-age-ms" : "2592000000",
    "mapred.tasktracker.tasks.sleeptime-before-sigkill" : "5000",
    "mapred.job.reduce.input.buffer.percent" : "0.7",
    "mapred.tasktracker.indexcache.mb" : "10",
    "dfs.webhdfs.enabled" : "false",
    "mapreduce.job.split.metainfo.maxsize" : "10000000",
    "hadoop.logfile.count" : "10",
    "mapred.skip.reduce.auto.incr.proc.count" : "true",
    "mapreduce.job.submithostaddress" : "192.168.168.50",
    "io.seqfile.compress.blocksize" : "1000000",
    "fs.s3.block.size" : "67108864",
    "mapred.tasktracker.taskmemorymanager.monitoring-interval" : "5000",
    "hadoop.http.authentication.simple.anonymous.allowed" : "true",
    "mapreduce.jobtracker.staging.root.dir" : "${hadoop.tmp.dir}/mapred/staging",
    "mapred.acls.enabled" : "false",
    "mapred.queue.default.state" : "RUNNING",
    "mapred.queue.names" : "default",
    "fs.hsftp.impl" : "org.apache.hadoop.hdfs.HsftpFileSystem",
    "dfs.access.time.precision" : "3600000",
    "mapred.task.tracker.http.address" : "0.0.0.0:50060",
    "mapreduce.combine.class" : "PairsReducer",
    "io.seqfile.lazydecompress" : "true",
    "mapred.reduce.parallel.copies" : "5",
    "mapred.disk.healthChecker.interval" : "60000",
    "mapred.output.dir" : "/wiki-out",
    "ipc.client.connection.maxidletime" : "10000",
    "io.sort.mb" : "500",
    "mapred.reduce.child.java.opts" : "-Xmx500M",
    "mapred.task.tracker.report.address" : "127.0.0.1:0",
    "hadoop.security.uid.cache.secs" : "14400",
    "mapred.compress.map.output" : "false",
    "ipc.client.kill.max" : "10",
    "mapred.healthChecker.interval" : "60000",
    "ipc.client.connect.max.retries" : "10",
    "mapreduce.map.class" : "PairsOccurrenceMapper",
    "fs.s3.impl" : "org.apache.hadoop.fs.s3.S3FileSystem",
    "mapred.user.jobconf.limit" : "5242880",
    "mapreduce.job.counters.group.name.max" : "128",
    "mapred.job.tracker.http.address" : "0.0.0.0:50030",
    "mapred.input.dir" : "hdfs://Master:9000/wiki-in500M",
    "io.file.buffer.size" : "4096",
    "mapred.jobtracker.restart.recover" : "false",
    "io.serializations" : "org.apache.hadoop.io.serializer.WritableSerialization",
    "mapred.task.profile" : "false",
    "dfs.datanode.handler.count" : "3",
    "mapreduce.input.num.files" : "43",
    "mapreduce.jobhistory.cleaner.interval-ms" : "86400000",
    "dfs.replication.considerLoad" : "true",
    "jobclient.output.filter" : "FAILED",
    "dfs.namenode.edits.toleration.length" : "0",
    "hadoop.http.authentication.kerberos.keytab" : "${user.home}/hadoop.keytab",
    "dfs.namenode.delegation.token.max-lifetime" : "604800000",
    "mapred.tasktracker.map.tasks.maximum" : "3",
    "fs.checkpoint.size" : "67108864",
    "io.compression.codecs" : "org.apache.hadoop.io.compress.DefaultCodec,org.apache.hadoop.io.compress.GzipCodec,org.apache.hadoop.io.compress.BZip2Codec,org.apache.hadoop.io.compress.SnappyCodec",
    "mapreduce.job.counters.counter.name.max" : "64"
  },
  "computonsPerMapInputByte" : -1,
  "computonsPerMapOutputByte" : -1,
  "computonsPerReduceInputByte" : -1,
  "computonsPerReduceOutputByte" : -1,
  "heapMegabytes" : 200,
  "outcome" : "SUCCESS",
  "jobtype" : "JAVA",
  "directDependantJobs" : [ ],
  "successfulMapAttemptCDFs" : [ {
    "maximum" : 180751,
    "minimum" : 13479,
    "rankings" : [ {
      "datum" : 82538,
      "relativeRanking" : 0.05
    }, {
      "datum" : 84508,
      "relativeRanking" : 0.1
    }, {
      "datum" : 89076,
      "relativeRanking" : 0.15
    }, {
      "datum" : 89310,
      "relativeRanking" : 0.2
    }, {
      "datum" : 90069,
      "relativeRanking" : 0.25
    }, {
      "datum" : 92424,
      "relativeRanking" : 0.3
    }, {
      "datum" : 92973,
      "relativeRanking" : 0.35
    }, {
      "datum" : 93845,
      "relativeRanking" : 0.4
    }, {
      "datum" : 94334,
      "relativeRanking" : 0.45
    }, {
      "datum" : 94869,
      "relativeRanking" : 0.5
    }, {
      "datum" : 95884,
      "relativeRanking" : 0.55
    }, {
      "datum" : 109620,
      "relativeRanking" : 0.6
    }, {
      "datum" : 111436,
      "relativeRanking" : 0.65
    }, {
      "datum" : 111928,
      "relativeRanking" : 0.7
    }, {
      "datum" : 120654,
      "relativeRanking" : 0.75
    }, {
      "datum" : 126202,
      "relativeRanking" : 0.8
    }, {
      "datum" : 132755,
      "relativeRanking" : 0.85
    }, {
      "datum" : 133629,
      "relativeRanking" : 0.9
    }, {
      "datum" : 134500,
      "relativeRanking" : 0.95
    } ],
    "numberValues" : 40
  }, {
    "maximum" : 119388,
    "minimum" : 85206,
    "rankings" : [ {
      "datum" : 85206,
      "relativeRanking" : 0.05
    }, {
      "datum" : 85206,
      "relativeRanking" : 0.1
    }, {
      "datum" : 85206,
      "relativeRanking" : 0.15
    }, {
      "datum" : 85206,
      "relativeRanking" : 0.2
    }, {
      "datum" : 85206,
      "relativeRanking" : 0.25
    }, {
      "datum" : 85206,
      "relativeRanking" : 0.3
    }, {
      "datum" : 85206,
      "relativeRanking" : 0.35
    }, {
      "datum" : 85206,
      "relativeRanking" : 0.4
    }, {
      "datum" : 85206,
      "relativeRanking" : 0.45
    }, {
      "datum" : 85206,
      "relativeRanking" : 0.5
    }, {
      "datum" : 85206,
      "relativeRanking" : 0.55
    }, {
      "datum" : 85206,
      "relativeRanking" : 0.6
    }, {
      "datum" : 85206,
      "relativeRanking" : 0.65
    }, {
      "datum" : 88331,
      "relativeRanking" : 0.7
    }, {
      "datum" : 88331,
      "relativeRanking" : 0.75
    }, {
      "datum" : 88331,
      "relativeRanking" : 0.8
    }, {
      "datum" : 88331,
      "relativeRanking" : 0.85
    }, {
      "datum" : 88331,
      "relativeRanking" : 0.9
    }, {
      "datum" : 88331,
      "relativeRanking" : 0.95
    } ],
    "numberValues" : 3
  }, {
    "maximum" : 9223372036854775807,
    "minimum" : -9223372036854775808,
    "rankings" : [ ],
    "numberValues" : 0
  }, {
    "maximum" : 9223372036854775807,
    "minimum" : -9223372036854775808,
    "rankings" : [ ],
    "numberValues" : 0
  } ],
  "failedMapAttemptCDFs" : [ {
    "maximum" : 9223372036854775807,
    "minimum" : -9223372036854775808,
    "rankings" : [ ],
    "numberValues" : 0
  }, {
    "maximum" : 9223372036854775807,
    "minimum" : -9223372036854775808,
    "rankings" : [ ],
    "numberValues" : 0
  }, {
    "maximum" : 9223372036854775807,
    "minimum" : -9223372036854775808,
    "rankings" : [ ],
    "numberValues" : 0
  }, {
    "maximum" : 9223372036854775807,
    "minimum" : -9223372036854775808,
    "rankings" : [ ],
    "numberValues" : 0
  } ],
  "successfulReduceAttemptCDF" : {
    "maximum" : 361531,
    "minimum" : 318921,
    "rankings" : [ {
      "datum" : 318921,
      "relativeRanking" : 0.05
    }, {
      "datum" : 318921,
      "relativeRanking" : 0.1
    }, {
      "datum" : 318921,
      "relativeRanking" : 0.15
    }, {
      "datum" : 318921,
      "relativeRanking" : 0.2
    }, {
      "datum" : 318921,
      "relativeRanking" : 0.25
    }, {
      "datum" : 318921,
      "relativeRanking" : 0.3
    }, {
      "datum" : 318921,
      "relativeRanking" : 0.35
    }, {
      "datum" : 325599,
      "relativeRanking" : 0.4
    }, {
      "datum" : 325599,
      "relativeRanking" : 0.45
    }, {
      "datum" : 325599,
      "relativeRanking" : 0.5
    }, {
      "datum" : 325599,
      "relativeRanking" : 0.55
    }, {
      "datum" : 329278,
      "relativeRanking" : 0.6
    }, {
      "datum" : 329278,
      "relativeRanking" : 0.65
    }, {
      "datum" : 329278,
      "relativeRanking" : 0.7
    }, {
      "datum" : 329278,
      "relativeRanking" : 0.75
    }, {
      "datum" : 330872,
      "relativeRanking" : 0.8
    }, {
      "datum" : 330872,
      "relativeRanking" : 0.85
    }, {
      "datum" : 330872,
      "relativeRanking" : 0.9
    }, {
      "datum" : 330872,
      "relativeRanking" : 0.95
    } ],
    "numberValues" : 5
  },
  "failedReduceAttemptCDF" : {
    "maximum" : 9223372036854775807,
    "minimum" : -9223372036854775808,
    "rankings" : [ ],
    "numberValues" : 0
  },
  "mapperTriesToSucceed" : [ 1.0 ],
  "failedMapperFraction" : 0.0,
  "relativeTime" : 0,
  "clusterMapMB" : -1,
  "clusterReduceMB" : -1,
  "jobMapMB" : 200,
  "jobReduceMB" : 200
}