{
  "priority" : "NORMAL",
  "jobID" : "job_201407020230_0140",
  "user" : "trend-hadoop",
  "jobName" : "pairs-co-occur",
  "mapTasks" : [ {
    "startTime" : 1404340094289,
    "attempts" : [ {
      "result" : "SUCCESS",
      "location" : {
        "layers" : [ "default-rack", "Slave4" ]
      },
      "hostName" : "/default-rack/Slave4",
      "startTime" : 1404250952206,
      "finishTime" : 1404251119900,
      "attemptID" : "attempt_201407020230_0140_m_000001_0",
      "shuffleFinished" : -1,
      "sortFinished" : -1,
      "hdfsBytesRead" : 12555263,
      "hdfsBytesWritten" : -1,
      "fileBytesRead" : 97632832,
      "fileBytesWritten" : 174620280,
      "mapInputRecords" : 69442,
      "mapOutputBytes" : 125838118,
      "mapOutputRecords" : 7636470,
      "combineInputRecords" : 12538135,
      "reduceInputGroups" : -1,
      "reduceInputRecords" : -1,
      "reduceShuffleBytes" : -1,
      "reduceOutputRecords" : -1,
      "spilledRecords" : 8632175,
      "mapInputBytes" : -1,
      "resourceUsageMetrics" : {
        "cumulativeCpuUsage" : 187060,
        "virtualMemoryUsage" : 1540861952,
        "physicalMemoryUsage" : 722845696,
        "heapUsage" : 920649728
      }
    } ],
    "finishTime" : 1404340262221,
    "preferredLocations" : [ {
      "layers" : [ "default-rack", "Master" ]
    }, {
      "layers" : [ "default-rack", "Slave3" ]
    }, {
      "layers" : [ "default-rack", "Slave4" ]
    } ],
    "taskType" : "MAP",
    "taskStatus" : "SUCCESS",
    "taskID" : "task_201407020230_0140_m_000001",
    "inputBytes" : 12555263,
    "inputRecords" : 69442,
    "outputBytes" : 174620280,
    "outputRecords" : 7636470
  }, {
    "startTime" : 1404340094290,
    "attempts" : [ {
      "result" : "SUCCESS",
      "location" : {
        "layers" : [ "default-rack", "Slave4" ]
      },
      "hostName" : "/default-rack/Slave4",
      "startTime" : 1404250952207,
      "finishTime" : 1404251122355,
      "attemptID" : "attempt_201407020230_0140_m_000003_0",
      "shuffleFinished" : -1,
      "sortFinished" : -1,
      "hdfsBytesRead" : 12542984,
      "hdfsBytesWritten" : -1,
      "fileBytesRead" : 97510066,
      "fileBytesWritten" : 174552499,
      "mapInputRecords" : 72873,
      "mapOutputBytes" : 125165602,
      "mapOutputRecords" : 7555522,
      "combineInputRecords" : 12425250,
      "reduceInputGroups" : -1,
      "reduceInputRecords" : -1,
      "reduceShuffleBytes" : -1,
      "reduceOutputRecords" : -1,
      "spilledRecords" : 8583202,
      "mapInputBytes" : -1,
      "resourceUsageMetrics" : {
        "cumulativeCpuUsage" : 188500,
        "virtualMemoryUsage" : 1541627904,
        "physicalMemoryUsage" : 722161664,
        "heapUsage" : 916979712
      }
    } ],
    "finishTime" : 1404340264644,
    "preferredLocations" : [ {
      "layers" : [ "default-rack", "Master" ]
    }, {
      "layers" : [ "default-rack", "Slave4" ]
    }, {
      "layers" : [ "default-rack", "Slave3" ]
    } ],
    "taskType" : "MAP",
    "taskStatus" : "SUCCESS",
    "taskID" : "task_201407020230_0140_m_000003",
    "inputBytes" : 12542984,
    "inputRecords" : 72873,
    "outputBytes" : 174552499,
    "outputRecords" : 7555522
  }, {
    "startTime" : 1404340094293,
    "attempts" : [ {
      "result" : "SUCCESS",
      "location" : {
        "layers" : [ "default-rack", "Slave1" ]
      },
      "hostName" : "/default-rack/Slave1",
      "startTime" : 1404339681677,
      "finishTime" : 1404339789725,
      "attemptID" : "attempt_201407020230_0140_m_000002_0",
      "shuffleFinished" : -1,
      "sortFinished" : -1,
      "hdfsBytesRead" : 12545410,
      "hdfsBytesWritten" : -1,
      "fileBytesRead" : 94692333,
      "fileBytesWritten" : 169992174,
      "mapInputRecords" : 82989,
      "mapOutputBytes" : 123920500,
      "mapOutputRecords" : 7463474,
      "combineInputRecords" : 12170755,
      "reduceInputGroups" : -1,
      "reduceInputRecords" : -1,
      "reduceShuffleBytes" : -1,
      "reduceOutputRecords" : -1,
      "spilledRecords" : 8317913,
      "mapInputBytes" : -1,
      "resourceUsageMetrics" : {
        "cumulativeCpuUsage" : 126090,
        "virtualMemoryUsage" : 1542836224,
        "physicalMemoryUsage" : 698306560,
        "heapUsage" : 840957952
      }
    } ],
    "finishTime" : 1404340202686,
    "preferredLocations" : [ {
      "layers" : [ "default-rack", "Master" ]
    }, {
      "layers" : [ "default-rack", "Slave3" ]
    }, {
      "layers" : [ "default-rack", "Slave1" ]
    } ],
    "taskType" : "MAP",
    "taskStatus" : "SUCCESS",
    "taskID" : "task_201407020230_0140_m_000002",
    "inputBytes" : 12545410,
    "inputRecords" : 82989,
    "outputBytes" : 169992174,
    "outputRecords" : 7463474
  }, {
    "startTime" : 1404340094294,
    "attempts" : [ {
      "result" : "SUCCESS",
      "location" : {
        "layers" : [ "default-rack", "Slave1" ]
      },
      "hostName" : "/default-rack/Slave1",
      "startTime" : 1404339681678,
      "finishTime" : 1404339792168,
      "attemptID" : "attempt_201407020230_0140_m_000007_0",
      "shuffleFinished" : -1,
      "sortFinished" : -1,
      "hdfsBytesRead" : 12525989,
      "hdfsBytesWritten" : -1,
      "fileBytesRead" : 97559108,
      "fileBytesWritten" : 174542909,
      "mapInputRecords" : 70212,
      "mapOutputBytes" : 125295674,
      "mapOutputRecords" : 7572980,
      "combineInputRecords" : 12451925,
      "reduceInputGroups" : -1,
      "reduceInputRecords" : -1,
      "reduceShuffleBytes" : -1,
      "reduceOutputRecords" : -1,
      "spilledRecords" : 8593942,
      "mapInputBytes" : -1,
      "resourceUsageMetrics" : {
        "cumulativeCpuUsage" : 128910,
        "virtualMemoryUsage" : 1542557696,
        "physicalMemoryUsage" : 701362176,
        "heapUsage" : 840957952
      }
    } ],
    "finishTime" : 1404340205104,
    "preferredLocations" : [ {
      "layers" : [ "default-rack", "Master" ]
    }, {
      "layers" : [ "default-rack", "Slave2" ]
    }, {
      "layers" : [ "default-rack", "Slave1" ]
    } ],
    "taskType" : "MAP",
    "taskStatus" : "SUCCESS",
    "taskID" : "task_201407020230_0140_m_000007",
    "inputBytes" : 12525989,
    "inputRecords" : 70212,
    "outputBytes" : 174542909,
    "outputRecords" : 7572980
  }, {
    "startTime" : 1404340094355,
    "attempts" : [ {
      "result" : "SUCCESS",
      "location" : {
        "layers" : [ "default-rack", "Slave3" ]
      },
      "hostName" : "/default-rack/Slave3",
      "startTime" : 1404338745071,
      "finishTime" : 1404338873576,
      "attemptID" : "attempt_201407020230_0140_m_000004_0",
      "shuffleFinished" : -1,
      "sortFinished" : -1,
      "hdfsBytesRead" : 12542322,
      "hdfsBytesWritten" : -1,
      "fileBytesRead" : 97516960,
      "fileBytesWritten" : 174426816,
      "mapInputRecords" : 70209,
      "mapOutputBytes" : 125610444,
      "mapOutputRecords" : 7621040,
      "combineInputRecords" : 12517773,
      "reduceInputGroups" : -1,
      "reduceInputRecords" : -1,
      "reduceShuffleBytes" : -1,
      "reduceOutputRecords" : -1,
      "spilledRecords" : 8625261,
      "mapInputBytes" : -1,
      "resourceUsageMetrics" : {
        "cumulativeCpuUsage" : 143280,
        "virtualMemoryUsage" : 1543647232,
        "physicalMemoryUsage" : 721723392,
        "heapUsage" : 912785408
      }
    } ],
    "finishTime" : 1404340223137,
    "preferredLocations" : [ {
      "layers" : [ "default-rack", "Master" ]
    }, {
      "layers" : [ "default-rack", "Slave3" ]
    }, {
      "layers" : [ "default-rack", "Slave6" ]
    } ],
    "taskType" : "MAP",
    "taskStatus" : "SUCCESS",
    "taskID" : "task_201407020230_0140_m_000004",
    "inputBytes" : 12542322,
    "inputRecords" : 70209,
    "outputBytes" : 174426816,
    "outputRecords" : 7621040
  }, {
    "startTime" : 1404340094355,
    "attempts" : [ {
      "result" : "SUCCESS",
      "location" : {
        "layers" : [ "default-rack", "Slave3" ]
      },
      "hostName" : "/default-rack/Slave3",
      "startTime" : 1404338745072,
      "finishTime" : 1404338871695,
      "attemptID" : "attempt_201407020230_0140_m_000014_0",
      "shuffleFinished" : -1,
      "sortFinished" : -1,
      "hdfsBytesRead" : 12485810,
      "hdfsBytesWritten" : -1,
      "fileBytesRead" : 96857941,
      "fileBytesWritten" : 173235215,
      "mapInputRecords" : 70334,
      "mapOutputBytes" : 124907300,
      "mapOutputRecords" : 7560118,
      "combineInputRecords" : 12411630,
      "reduceInputGroups" : -1,
      "reduceInputRecords" : -1,
      "reduceShuffleBytes" : -1,
      "reduceOutputRecords" : -1,
      "spilledRecords" : 8543217,
      "mapInputBytes" : -1,
      "resourceUsageMetrics" : {
        "cumulativeCpuUsage" : 140790,
        "virtualMemoryUsage" : 1540440064,
        "physicalMemoryUsage" : 719994880,
        "heapUsage" : 900726784
      }
    } ],
    "finishTime" : 1404340221319,
    "preferredLocations" : [ {
      "layers" : [ "default-rack", "Master" ]
    }, {
      "layers" : [ "default-rack", "Slave6" ]
    }, {
      "layers" : [ "default-rack", "Slave3" ]
    } ],
    "taskType" : "MAP",
    "taskStatus" : "SUCCESS",
    "taskID" : "task_201407020230_0140_m_000014",
    "inputBytes" : 12485810,
    "inputRecords" : 70334,
    "outputBytes" : 173235215,
    "outputRecords" : 7560118
  }, {
    "startTime" : 1404340094393,
    "attempts" : [ {
      "result" : "SUCCESS",
      "location" : {
        "layers" : [ "default-rack", "Slave7" ]
      },
      "hostName" : "/default-rack/Slave7",
      "startTime" : 1404340097317,
      "finishTime" : 1404340217993,
      "attemptID" : "attempt_201407020230_0140_m_000000_0",
      "shuffleFinished" : -1,
      "sortFinished" : -1,
      "hdfsBytesRead" : 12575747,
      "hdfsBytesWritten" : -1,
      "fileBytesRead" : 96496135,
      "fileBytesWritten" : 172468239,
      "mapInputRecords" : 70292,
      "mapOutputBytes" : 125852860,
      "mapOutputRecords" : 7625586,
      "combineInputRecords" : 12465041,
      "reduceInputGroups" : -1,
      "reduceInputRecords" : -1,
      "reduceShuffleBytes" : -1,
      "reduceOutputRecords" : -1,
      "spilledRecords" : 8517605,
      "mapInputBytes" : -1,
      "resourceUsageMetrics" : {
        "cumulativeCpuUsage" : 134800,
        "virtualMemoryUsage" : 1540632576,
        "physicalMemoryUsage" : 719298560,
        "heapUsage" : 910688256
      }
    } ],
    "finishTime" : 1404340215239,
    "preferredLocations" : [ {
      "layers" : [ "default-rack", "Master" ]
    }, {
      "layers" : [ "default-rack", "Slave5" ]
    }, {
      "layers" : [ "default-rack", "Slave7" ]
    } ],
    "taskType" : "MAP",
    "taskStatus" : "SUCCESS",
    "taskID" : "task_201407020230_0140_m_000000",
    "inputBytes" : 12575747,
    "inputRecords" : 70292,
    "outputBytes" : 172468239,
    "outputRecords" : 7625586
  }, {
    "startTime" : 1404340094393,
    "attempts" : [ {
      "result" : "SUCCESS",
      "location" : {
        "layers" : [ "default-rack", "Slave7" ]
      },
      "hostName" : "/default-rack/Slave7",
      "startTime" : 1404340097318,
      "finishTime" : 1404340213752,
      "attemptID" : "attempt_201407020230_0140_m_000006_0",
      "shuffleFinished" : -1,
      "sortFinished" : -1,
      "hdfsBytesRead" : 12526971,
      "hdfsBytesWritten" : -1,
      "fileBytesRead" : 96675396,
      "fileBytesWritten" : 173112595,
      "mapInputRecords" : 72153,
      "mapOutputBytes" : 125092470,
      "mapOutputRecords" : 7561714,
      "combineInputRecords" : 12395113,
      "reduceInputGroups" : -1,
      "reduceInputRecords" : -1,
      "reduceShuffleBytes" : -1,
      "reduceOutputRecords" : -1,
      "spilledRecords" : 8522435,
      "mapInputBytes" : -1,
      "resourceUsageMetrics" : {
        "cumulativeCpuUsage" : 129680,
        "virtualMemoryUsage" : 1532157952,
        "physicalMemoryUsage" : 720715776,
        "heapUsage" : 900202496
      }
    } ],
    "finishTime" : 1404340211018,
    "preferredLocations" : [ {
      "layers" : [ "default-rack", "Master" ]
    }, {
      "layers" : [ "default-rack", "Slave7" ]
    }, {
      "layers" : [ "default-rack", "Slave4" ]
    } ],
    "taskType" : "MAP",
    "taskStatus" : "SUCCESS",
    "taskID" : "task_201407020230_0140_m_000006",
    "inputBytes" : 12526971,
    "inputRecords" : 72153,
    "outputBytes" : 173112595,
    "outputRecords" : 7561714
  }, {
    "startTime" : 1404340094412,
    "attempts" : [ {
      "result" : "SUCCESS",
      "location" : {
        "layers" : [ "default-rack", "Slave5" ]
      },
      "hostName" : "/default-rack/Slave5",
      "startTime" : 1404338471578,
      "finishTime" : 1404338597479,
      "attemptID" : "attempt_201407020230_0140_m_000008_0",
      "shuffleFinished" : -1,
      "sortFinished" : -1,
      "hdfsBytesRead" : 12523520,
      "hdfsBytesWritten" : -1,
      "fileBytesRead" : 97053034,
      "fileBytesWritten" : 173419992,
      "mapInputRecords" : 69336,
      "mapOutputBytes" : 125405284,
      "mapOutputRecords" : 7592280,
      "combineInputRecords" : 12456421,
      "reduceInputGroups" : -1,
      "reduceInputRecords" : -1,
      "reduceShuffleBytes" : -1,
      "reduceOutputRecords" : -1,
      "spilledRecords" : 8557916,
      "mapInputBytes" : -1,
      "resourceUsageMetrics" : {
        "cumulativeCpuUsage" : 139570,
        "virtualMemoryUsage" : 1543380992,
        "physicalMemoryUsage" : 721633280,
        "heapUsage" : 904396800
      }
    } ],
    "finishTime" : 1404340220681,
    "preferredLocations" : [ {
      "layers" : [ "default-rack", "Master" ]
    }, {
      "layers" : [ "default-rack", "Slave4" ]
    }, {
      "layers" : [ "default-rack", "Slave5" ]
    } ],
    "taskType" : "MAP",
    "taskStatus" : "SUCCESS",
    "taskID" : "task_201407020230_0140_m_000008",
    "inputBytes" : 12523520,
    "inputRecords" : 69336,
    "outputBytes" : 173419992,
    "outputRecords" : 7592280
  }, {
    "startTime" : 1404340094412,
    "attempts" : [ {
      "result" : "SUCCESS",
      "location" : {
        "layers" : [ "default-rack", "Slave5" ]
      },
      "hostName" : "/default-rack/Slave5",
      "startTime" : 1404338471579,
      "finishTime" : 1404338595792,
      "attemptID" : "attempt_201407020230_0140_m_000021_0",
      "shuffleFinished" : -1,
      "sortFinished" : -1,
      "hdfsBytesRead" : 12452776,
      "hdfsBytesWritten" : -1,
      "fileBytesRead" : 96338066,
      "fileBytesWritten" : 172456948,
      "mapInputRecords" : 69925,
      "mapOutputBytes" : 124563886,
      "mapOutputRecords" : 7532494,
      "combineInputRecords" : 12355360,
      "reduceInputGroups" : -1,
      "reduceInputRecords" : -1,
      "reduceShuffleBytes" : -1,
      "reduceOutputRecords" : -1,
      "spilledRecords" : 8501295,
      "mapInputBytes" : -1,
      "resourceUsageMetrics" : {
        "cumulativeCpuUsage" : 137300,
        "virtualMemoryUsage" : 1541230592,
        "physicalMemoryUsage" : 720764928,
        "heapUsage" : 926416896
      }
    } ],
    "finishTime" : 1404340218869,
    "preferredLocations" : [ {
      "layers" : [ "default-rack", "Master" ]
    }, {
      "layers" : [ "default-rack", "Slave1" ]
    }, {
      "layers" : [ "default-rack", "Slave5" ]
    } ],
    "taskType" : "MAP",
    "taskStatus" : "SUCCESS",
    "taskID" : "task_201407020230_0140_m_000021",
    "inputBytes" : 12452776,
    "inputRecords" : 69925,
    "outputBytes" : 172456948,
    "outputRecords" : 7532494
  }, {
    "startTime" : 1404340094460,
    "attempts" : [ {
      "result" : "SUCCESS",
      "location" : {
        "layers" : [ "default-rack", "Slave6" ]
      },
      "hostName" : "/default-rack/Slave6",
      "startTime" : 1404338922310,
      "finishTime" : 1404339046725,
      "attemptID" : "attempt_201407020230_0140_m_000009_0",
      "shuffleFinished" : -1,
      "sortFinished" : -1,
      "hdfsBytesRead" : 12516212,
      "hdfsBytesWritten" : -1,
      "fileBytesRead" : 97257650,
      "fileBytesWritten" : 173606500,
      "mapInputRecords" : 70181,
      "mapOutputBytes" : 125302766,
      "mapOutputRecords" : 7594506,
      "combineInputRecords" : 12468736,
      "reduceInputGroups" : -1,
      "reduceInputRecords" : -1,
      "reduceShuffleBytes" : -1,
      "reduceOutputRecords" : -1,
      "spilledRecords" : 8565932,
      "mapInputBytes" : -1,
      "resourceUsageMetrics" : {
        "cumulativeCpuUsage" : 137770,
        "virtualMemoryUsage" : 1541578752,
        "physicalMemoryUsage" : 719515648,
        "heapUsage" : 917504000
      }
    } ],
    "finishTime" : 1404340219004,
    "preferredLocations" : [ {
      "layers" : [ "default-rack", "Master" ]
    }, {
      "layers" : [ "default-rack", "Slave6" ]
    }, {
      "layers" : [ "default-rack", "Slave2" ]
    } ],
    "taskType" : "MAP",
    "taskStatus" : "SUCCESS",
    "taskID" : "task_201407020230_0140_m_000009",
    "inputBytes" : 12516212,
    "inputRecords" : 70181,
    "outputBytes" : 173606500,
    "outputRecords" : 7594506
  }, {
    "startTime" : 1404340094460,
    "attempts" : [ {
      "result" : "SUCCESS",
      "location" : {
        "layers" : [ "default-rack", "Slave6" ]
      },
      "hostName" : "/default-rack/Slave6",
      "startTime" : 1404338922310,
      "finishTime" : 1404339047695,
      "attemptID" : "attempt_201407020230_0140_m_000010_0",
      "shuffleFinished" : -1,
      "sortFinished" : -1,
      "hdfsBytesRead" : 12508553,
      "hdfsBytesWritten" : -1,
      "fileBytesRead" : 96756655,
      "fileBytesWritten" : 172974647,
      "mapInputRecords" : 75847,
      "mapOutputBytes" : 124544736,
      "mapOutputRecords" : 7528800,
      "combineInputRecords" : 12367106,
      "reduceInputGroups" : -1,
      "reduceInputRecords" : -1,
      "reduceShuffleBytes" : -1,
      "reduceOutputRecords" : -1,
      "spilledRecords" : 8515127,
      "mapInputBytes" : -1,
      "resourceUsageMetrics" : {
        "cumulativeCpuUsage" : 139590,
        "virtualMemoryUsage" : 1540079616,
        "physicalMemoryUsage" : 721391616,
        "heapUsage" : 905969664
      }
    } ],
    "finishTime" : 1404340220211,
    "preferredLocations" : [ {
      "layers" : [ "default-rack", "Master" ]
    }, {
      "layers" : [ "default-rack", "Slave4" ]
    }, {
      "layers" : [ "default-rack", "Slave6" ]
    } ],
    "taskType" : "MAP",
    "taskStatus" : "SUCCESS",
    "taskID" : "task_201407020230_0140_m_000010",
    "inputBytes" : 12508553,
    "inputRecords" : 75847,
    "outputBytes" : 172974647,
    "outputRecords" : 7528800
  }, {
    "startTime" : 1404340094468,
    "attempts" : [ {
      "result" : "SUCCESS",
      "location" : {
        "layers" : [ "default-rack", "Master" ]
      },
      "hostName" : "/default-rack/Master",
      "startTime" : 1404340094561,
      "finishTime" : 1404340205013,
      "attemptID" : "attempt_201407020230_0140_m_000005_0",
      "shuffleFinished" : -1,
      "sortFinished" : -1,
      "hdfsBytesRead" : 12540113,
      "hdfsBytesWritten" : -1,
      "fileBytesRead" : 97154006,
      "fileBytesWritten" : 173795423,
      "mapInputRecords" : 72022,
      "mapOutputBytes" : 125290022,
      "mapOutputRecords" : 7580298,
      "combineInputRecords" : 12444941,
      "reduceInputGroups" : -1,
      "reduceInputRecords" : -1,
      "reduceShuffleBytes" : -1,
      "reduceOutputRecords" : -1,
      "spilledRecords" : 8568228,
      "mapInputBytes" : -1,
      "resourceUsageMetrics" : {
        "cumulativeCpuUsage" : 126420,
        "virtualMemoryUsage" : 1541562368,
        "physicalMemoryUsage" : 695160832,
        "heapUsage" : 840957952
      }
    } ],
    "finishTime" : 1404340205208,
    "preferredLocations" : [ {
      "layers" : [ "default-rack", "Master" ]
    }, {
      "layers" : [ "default-rack", "Slave2" ]
    }, {
      "layers" : [ "default-rack", "Slave4" ]
    } ],
    "taskType" : "MAP",
    "taskStatus" : "SUCCESS",
    "taskID" : "task_201407020230_0140_m_000005",
    "inputBytes" : 12540113,
    "inputRecords" : 72022,
    "outputBytes" : 173795423,
    "outputRecords" : 7580298
  }, {
    "startTime" : 1404340094468,
    "attempts" : [ {
      "result" : "SUCCESS",
      "location" : {
        "layers" : [ "default-rack", "Master" ]
      },
      "hostName" : "/default-rack/Master",
      "startTime" : 1404340094562,
      "finishTime" : 1404340203500,
      "attemptID" : "attempt_201407020230_0140_m_000011_0",
      "shuffleFinished" : -1,
      "sortFinished" : -1,
      "hdfsBytesRead" : 12508344,
      "hdfsBytesWritten" : -1,
      "fileBytesRead" : 96166040,
      "fileBytesWritten" : 172230810,
      "mapInputRecords" : 78232,
      "mapOutputBytes" : 124202394,
      "mapOutputRecords" : 7506196,
      "combineInputRecords" : 12307786,
      "reduceInputGroups" : -1,
      "reduceInputRecords" : -1,
      "reduceShuffleBytes" : -1,
      "reduceOutputRecords" : -1,
      "spilledRecords" : 8465634,
      "mapInputBytes" : -1,
      "resourceUsageMetrics" : {
        "cumulativeCpuUsage" : 128140,
        "virtualMemoryUsage" : 1531961344,
        "physicalMemoryUsage" : 697274368,
        "heapUsage" : 840957952
      }
    } ],
    "finishTime" : 1404340203698,
    "preferredLocations" : [ {
      "layers" : [ "default-rack", "Master" ]
    }, {
      "layers" : [ "default-rack", "Slave7" ]
    }, {
      "layers" : [ "default-rack", "Slave6" ]
    } ],
    "taskType" : "MAP",
    "taskStatus" : "SUCCESS",
    "taskID" : "task_201407020230_0140_m_000011",
    "inputBytes" : 12508344,
    "inputRecords" : 78232,
    "outputBytes" : 172230810,
    "outputRecords" : 7506196
  }, {
    "startTime" : 1404340094508,
    "attempts" : [ {
      "result" : "SUCCESS",
      "location" : {
        "layers" : [ "default-rack", "Slave2" ]
      },
      "hostName" : "/default-rack/Slave2",
      "startTime" : 1404340583656,
      "finishTime" : 1404340691698,
      "attemptID" : "attempt_201407020230_0140_m_000013_0",
      "shuffleFinished" : -1,
      "sortFinished" : -1,
      "hdfsBytesRead" : 12506379,
      "hdfsBytesWritten" : -1,
      "fileBytesRead" : 97429521,
      "fileBytesWritten" : 174271248,
      "mapInputRecords" : 70622,
      "mapOutputBytes" : 125104624,
      "mapOutputRecords" : 7574726,
      "combineInputRecords" : 12456976,
      "reduceInputGroups" : -1,
      "reduceInputRecords" : -1,
      "reduceShuffleBytes" : -1,
      "reduceOutputRecords" : -1,
      "spilledRecords" : 8599540,
      "mapInputBytes" : -1,
      "resourceUsageMetrics" : {
        "cumulativeCpuUsage" : 125530,
        "virtualMemoryUsage" : 1539522560,
        "physicalMemoryUsage" : 697556992,
        "heapUsage" : 840957952
      }
    } ],
    "finishTime" : 1404340202898,
    "preferredLocations" : [ {
      "layers" : [ "default-rack", "Master" ]
    }, {
      "layers" : [ "default-rack", "Slave1" ]
    }, {
      "layers" : [ "default-rack", "Slave2" ]
    } ],
    "taskType" : "MAP",
    "taskStatus" : "SUCCESS",
    "taskID" : "task_201407020230_0140_m_000013",
    "inputBytes" : 12506379,
    "inputRecords" : 70622,
    "outputBytes" : 174271248,
    "outputRecords" : 7574726
  }, {
    "startTime" : 1404340094508,
    "attempts" : [ {
      "result" : "SUCCESS",
      "location" : {
        "layers" : [ "default-rack", "Slave2" ]
      },
      "hostName" : "/default-rack/Slave2",
      "startTime" : 1404340583656,
      "finishTime" : 1404340691928,
      "attemptID" : "attempt_201407020230_0140_m_000016_0",
      "shuffleFinished" : -1,
      "sortFinished" : -1,
      "hdfsBytesRead" : 12470778,
      "hdfsBytesWritten" : -1,
      "fileBytesRead" : 96878456,
      "fileBytesWritten" : 173426783,
      "mapInputRecords" : 69273,
      "mapOutputBytes" : 124870438,
      "mapOutputRecords" : 7566486,
      "combineInputRecords" : 12423982,
      "reduceInputGroups" : -1,
      "reduceInputRecords" : -1,
      "reduceShuffleBytes" : -1,
      "reduceOutputRecords" : -1,
      "spilledRecords" : 8561674,
      "mapInputBytes" : -1,
      "resourceUsageMetrics" : {
        "cumulativeCpuUsage" : 125210,
        "virtualMemoryUsage" : 1540960256,
        "physicalMemoryUsage" : 696111104,
        "heapUsage" : 840957952
      }
    } ],
    "finishTime" : 1404340202899,
    "preferredLocations" : [ {
      "layers" : [ "default-rack", "Master" ]
    }, {
      "layers" : [ "default-rack", "Slave2" ]
    }, {
      "layers" : [ "default-rack", "Slave6" ]
    } ],
    "taskType" : "MAP",
    "taskStatus" : "SUCCESS",
    "taskID" : "task_201407020230_0140_m_000016",
    "inputBytes" : 12470778,
    "inputRecords" : 69273,
    "outputBytes" : 173426783,
    "outputRecords" : 7566486
  }, {
    "startTime" : 1404340202687,
    "attempts" : [ {
      "result" : "SUCCESS",
      "location" : {
        "layers" : [ "default-rack", "Slave1" ]
      },
      "hostName" : "/default-rack/Slave1",
      "startTime" : 1404339789966,
      "finishTime" : 1404339879211,
      "attemptID" : "attempt_201407020230_0140_m_000012_0",
      "shuffleFinished" : -1,
      "sortFinished" : -1,
      "hdfsBytesRead" : 12507171,
      "hdfsBytesWritten" : -1,
      "fileBytesRead" : 97407978,
      "fileBytesWritten" : 174236616,
      "mapInputRecords" : 69080,
      "mapOutputBytes" : 125267238,
      "mapOutputRecords" : 7584834,
      "combineInputRecords" : 12466800,
      "reduceInputGroups" : -1,
      "reduceInputRecords" : -1,
      "reduceShuffleBytes" : -1,
      "reduceOutputRecords" : -1,
      "spilledRecords" : 8598576,
      "mapInputBytes" : -1,
      "resourceUsageMetrics" : {
        "cumulativeCpuUsage" : 100640,
        "virtualMemoryUsage" : 1543929856,
        "physicalMemoryUsage" : 985505792,
        "heapUsage" : 889716736
      }
    } ],
    "finishTime" : 1404340292047,
    "preferredLocations" : [ {
      "layers" : [ "default-rack", "Master" ]
    }, {
      "layers" : [ "default-rack", "Slave7" ]
    }, {
      "layers" : [ "default-rack", "Slave1" ]
    } ],
    "taskType" : "MAP",
    "taskStatus" : "SUCCESS",
    "taskID" : "task_201407020230_0140_m_000012",
    "inputBytes" : 12507171,
    "inputRecords" : 69080,
    "outputBytes" : 174236616,
    "outputRecords" : 7584834
  }, {
    "startTime" : 1404340202899,
    "attempts" : [ {
      "result" : "SUCCESS",
      "location" : {
        "layers" : [ "default-rack", "Slave2" ]
      },
      "hostName" : "/default-rack/Slave2",
      "startTime" : 1404340691947,
      "finishTime" : 1404340782168,
      "attemptID" : "attempt_201407020230_0140_m_000018_0",
      "shuffleFinished" : -1,
      "sortFinished" : -1,
      "hdfsBytesRead" : 12458709,
      "hdfsBytesWritten" : -1,
      "fileBytesRead" : 97114560,
      "fileBytesWritten" : 173882215,
      "mapInputRecords" : 69176,
      "mapOutputBytes" : 124715750,
      "mapOutputRecords" : 7545516,
      "combineInputRecords" : 12406682,
      "reduceInputGroups" : -1,
      "reduceInputRecords" : -1,
      "reduceShuffleBytes" : -1,
      "reduceOutputRecords" : -1,
      "spilledRecords" : 8570316,
      "mapInputBytes" : -1,
      "resourceUsageMetrics" : {
        "cumulativeCpuUsage" : 102860,
        "virtualMemoryUsage" : 1545973760,
        "physicalMemoryUsage" : 980860928,
        "heapUsage" : 884473856
      }
    } ],
    "finishTime" : 1404340293183,
    "preferredLocations" : [ {
      "layers" : [ "default-rack", "Master" ]
    }, {
      "layers" : [ "default-rack", "Slave2" ]
    }, {
      "layers" : [ "default-rack", "Slave7" ]
    } ],
    "taskType" : "MAP",
    "taskStatus" : "SUCCESS",
    "taskID" : "task_201407020230_0140_m_000018",
    "inputBytes" : 12458709,
    "inputRecords" : 69176,
    "outputBytes" : 173882215,
    "outputRecords" : 7545516
  }, {
    "startTime" : 1404340202900,
    "attempts" : [ {
      "result" : "SUCCESS",
      "location" : {
        "layers" : [ "default-rack", "Slave2" ]
      },
      "hostName" : "/default-rack/Slave2",
      "startTime" : 1404340691948,
      "finishTime" : 1404340782018,
      "attemptID" : "attempt_201407020230_0140_m_000022_0",
      "shuffleFinished" : -1,
      "sortFinished" : -1,
      "hdfsBytesRead" : 12449601,
      "hdfsBytesWritten" : -1,
      "fileBytesRead" : 96046524,
      "fileBytesWritten" : 171870043,
      "mapInputRecords" : 71622,
      "mapOutputBytes" : 124321590,
      "mapOutputRecords" : 7507818,
      "combineInputRecords" : 12307433,
      "reduceInputGroups" : -1,
      "reduceInputRecords" : -1,
      "reduceShuffleBytes" : -1,
      "reduceOutputRecords" : -1,
      "spilledRecords" : 8456283,
      "mapInputBytes" : -1,
      "resourceUsageMetrics" : {
        "cumulativeCpuUsage" : 99960,
        "virtualMemoryUsage" : 1542819840,
        "physicalMemoryUsage" : 985448448,
        "heapUsage" : 888668160
      }
    } ],
    "finishTime" : 1404340293184,
    "preferredLocations" : [ {
      "layers" : [ "default-rack", "Master" ]
    }, {
      "layers" : [ "default-rack", "Slave4" ]
    }, {
      "layers" : [ "default-rack", "Slave2" ]
    } ],
    "taskType" : "MAP",
    "taskStatus" : "SUCCESS",
    "taskID" : "task_201407020230_0140_m_000022",
    "inputBytes" : 12449601,
    "inputRecords" : 71622,
    "outputBytes" : 171870043,
    "outputRecords" : 7507818
  }, {
    "startTime" : 1404340203698,
    "attempts" : [ {
      "result" : "SUCCESS",
      "location" : {
        "layers" : [ "default-rack", "Master" ]
      },
      "hostName" : "/default-rack/Master",
      "startTime" : 1404340203702,
      "finishTime" : 1404340293090,
      "attemptID" : "attempt_201407020230_0140_m_000015_0",
      "shuffleFinished" : -1,
      "sortFinished" : -1,
      "hdfsBytesRead" : 12472565,
      "hdfsBytesWritten" : -1,
      "fileBytesRead" : 96888308,
      "fileBytesWritten" : 173371835,
      "mapInputRecords" : 69994,
      "mapOutputBytes" : 124769060,
      "mapOutputRecords" : 7546302,
      "combineInputRecords" : 12395417,
      "reduceInputGroups" : -1,
      "reduceInputRecords" : -1,
      "reduceShuffleBytes" : -1,
      "reduceOutputRecords" : -1,
      "spilledRecords" : 8544073,
      "mapInputBytes" : -1,
      "resourceUsageMetrics" : {
        "cumulativeCpuUsage" : 102060,
        "virtualMemoryUsage" : 1535119360,
        "physicalMemoryUsage" : 981458944,
        "heapUsage" : 884998144
      }
    } ],
    "finishTime" : 1404340293336,
    "preferredLocations" : [ {
      "layers" : [ "default-rack", "Master" ]
    }, {
      "layers" : [ "default-rack", "Slave3" ]
    }, {
      "layers" : [ "default-rack", "Slave1" ]
    } ],
    "taskType" : "MAP",
    "taskStatus" : "SUCCESS",
    "taskID" : "task_201407020230_0140_m_000015",
    "inputBytes" : 12472565,
    "inputRecords" : 69994,
    "outputBytes" : 173371835,
    "outputRecords" : 7546302
  }, {
    "startTime" : 1404340205105,
    "attempts" : [ {
      "result" : "SUCCESS",
      "location" : {
        "layers" : [ "default-rack", "Slave1" ]
      },
      "hostName" : "/default-rack/Slave1",
      "startTime" : 1404339792384,
      "finishTime" : 1404339882626,
      "attemptID" : "attempt_201407020230_0140_m_000017_0",
      "shuffleFinished" : -1,
      "sortFinished" : -1,
      "hdfsBytesRead" : 12470000,
      "hdfsBytesWritten" : -1,
      "fileBytesRead" : 96929318,
      "fileBytesWritten" : 173166482,
      "mapInputRecords" : 67323,
      "mapOutputBytes" : 125064940,
      "mapOutputRecords" : 7578560,
      "combineInputRecords" : 12437970,
      "reduceInputGroups" : -1,
      "reduceInputRecords" : -1,
      "reduceShuffleBytes" : -1,
      "reduceOutputRecords" : -1,
      "spilledRecords" : 8547438,
      "mapInputBytes" : -1,
      "resourceUsageMetrics" : {
        "cumulativeCpuUsage" : 102950,
        "virtualMemoryUsage" : 1545715712,
        "physicalMemoryUsage" : 986562560,
        "heapUsage" : 886046720
      }
    } ],
    "finishTime" : 1404340295370,
    "preferredLocations" : [ {
      "layers" : [ "default-rack", "Master" ]
    }, {
      "layers" : [ "default-rack", "Slave1" ]
    }, {
      "layers" : [ "default-rack", "Slave4" ]
    } ],
    "taskType" : "MAP",
    "taskStatus" : "SUCCESS",
    "taskID" : "task_201407020230_0140_m_000017",
    "inputBytes" : 12470000,
    "inputRecords" : 67323,
    "outputBytes" : 173166482,
    "outputRecords" : 7578560
  }, {
    "startTime" : 1404340205209,
    "attempts" : [ {
      "result" : "SUCCESS",
      "location" : {
        "layers" : [ "default-rack", "Master" ]
      },
      "hostName" : "/default-rack/Master",
      "startTime" : 1404340205231,
      "finishTime" : 1404340294382,
      "attemptID" : "attempt_201407020230_0140_m_000019_0",
      "shuffleFinished" : -1,
      "sortFinished" : -1,
      "hdfsBytesRead" : 12456134,
      "hdfsBytesWritten" : -1,
      "fileBytesRead" : 96010928,
      "fileBytesWritten" : 172093696,
      "mapInputRecords" : 71413,
      "mapOutputBytes" : 124330098,
      "mapOutputRecords" : 7501734,
      "combineInputRecords" : 12293980,
      "reduceInputGroups" : -1,
      "reduceInputRecords" : -1,
      "reduceShuffleBytes" : -1,
      "reduceOutputRecords" : -1,
      "spilledRecords" : 8459037,
      "mapInputBytes" : -1,
      "resourceUsageMetrics" : {
        "cumulativeCpuUsage" : 100620,
        "virtualMemoryUsage" : 1544720384,
        "physicalMemoryUsage" : 978149376,
        "heapUsage" : 883949568
      }
    } ],
    "finishTime" : 1404340294553,
    "preferredLocations" : [ {
      "layers" : [ "default-rack", "Master" ]
    }, {
      "layers" : [ "default-rack", "Slave4" ]
    }, {
      "layers" : [ "default-rack", "Slave6" ]
    } ],
    "taskType" : "MAP",
    "taskStatus" : "SUCCESS",
    "taskID" : "task_201407020230_0140_m_000019",
    "inputBytes" : 12456134,
    "inputRecords" : 71413,
    "outputBytes" : 172093696,
    "outputRecords" : 7501734
  }, {
    "startTime" : 1404340211018,
    "attempts" : [ {
      "result" : "SUCCESS",
      "location" : {
        "layers" : [ "default-rack", "Slave7" ]
      },
      "hostName" : "/default-rack/Slave7",
      "startTime" : 1404340213858,
      "finishTime" : 1404340292394,
      "attemptID" : "attempt_201407020230_0140_m_000020_0",
      "shuffleFinished" : -1,
      "sortFinished" : -1,
      "hdfsBytesRead" : 12455726,
      "hdfsBytesWritten" : -1,
      "fileBytesRead" : 96961685,
      "fileBytesWritten" : 173688577,
      "mapInputRecords" : 68408,
      "mapOutputBytes" : 124731134,
      "mapOutputRecords" : 7546842,
      "combineInputRecords" : 12404809,
      "reduceInputGroups" : -1,
      "reduceInputRecords" : -1,
      "reduceShuffleBytes" : -1,
      "reduceOutputRecords" : -1,
      "spilledRecords" : 8570066,
      "mapInputBytes" : -1,
      "resourceUsageMetrics" : {
        "cumulativeCpuUsage" : 91020,
        "virtualMemoryUsage" : 1535451136,
        "physicalMemoryUsage" : 1024331776,
        "heapUsage" : 943194112
      }
    } ],
    "finishTime" : 1404340289730,
    "preferredLocations" : [ {
      "layers" : [ "default-rack", "Master" ]
    }, {
      "layers" : [ "default-rack", "Slave7" ]
    }, {
      "layers" : [ "default-rack", "Slave4" ]
    } ],
    "taskType" : "MAP",
    "taskStatus" : "SUCCESS",
    "taskID" : "task_201407020230_0140_m_000020",
    "inputBytes" : 12455726,
    "inputRecords" : 68408,
    "outputBytes" : 173688577,
    "outputRecords" : 7546842
  }, {
    "startTime" : 1404340215239,
    "attempts" : [ {
      "result" : "SUCCESS",
      "location" : {
        "layers" : [ "default-rack", "Slave7" ]
      },
      "hostName" : "/default-rack/Slave7",
      "startTime" : 1404340218078,
      "finishTime" : 1404340296202,
      "attemptID" : "attempt_201407020230_0140_m_000023_0",
      "shuffleFinished" : -1,
      "sortFinished" : -1,
      "hdfsBytesRead" : 12448786,
      "hdfsBytesWritten" : -1,
      "fileBytesRead" : 96454982,
      "fileBytesWritten" : 172366484,
      "mapInputRecords" : 74516,
      "mapOutputBytes" : 124196660,
      "mapOutputRecords" : 7543974,
      "combineInputRecords" : 12390692,
      "reduceInputGroups" : -1,
      "reduceInputRecords" : -1,
      "reduceShuffleBytes" : -1,
      "reduceOutputRecords" : -1,
      "spilledRecords" : 8527446,
      "mapInputBytes" : -1,
      "resourceUsageMetrics" : {
        "cumulativeCpuUsage" : 91230,
        "virtualMemoryUsage" : 1543790592,
        "physicalMemoryUsage" : 1022984192,
        "heapUsage" : 943194112
      }
    } ],
    "finishTime" : 1404340293657,
    "preferredLocations" : [ {
      "layers" : [ "default-rack", "Master" ]
    }, {
      "layers" : [ "default-rack", "Slave7" ]
    }, {
      "layers" : [ "default-rack", "Slave2" ]
    } ],
    "taskType" : "MAP",
    "taskStatus" : "SUCCESS",
    "taskID" : "task_201407020230_0140_m_000023",
    "inputBytes" : 12448786,
    "inputRecords" : 74516,
    "outputBytes" : 172366484,
    "outputRecords" : 7543974
  }, {
    "startTime" : 1404340218870,
    "attempts" : [ {
      "result" : "SUCCESS",
      "location" : {
        "layers" : [ "default-rack", "Slave5" ]
      },
      "hostName" : "/default-rack/Slave5",
      "startTime" : 1404338595946,
      "finishTime" : 1404338679054,
      "attemptID" : "attempt_201407020230_0140_m_000025_0",
      "shuffleFinished" : -1,
      "sortFinished" : -1,
      "hdfsBytesRead" : 12444914,
      "hdfsBytesWritten" : -1,
      "fileBytesRead" : 96365953,
      "fileBytesWritten" : 172365312,
      "mapInputRecords" : 68254,
      "mapOutputBytes" : 124654662,
      "mapOutputRecords" : 7543398,
      "combineInputRecords" : 12364839,
      "reduceInputGroups" : -1,
      "reduceInputRecords" : -1,
      "reduceShuffleBytes" : -1,
      "reduceOutputRecords" : -1,
      "spilledRecords" : 8490561,
      "mapInputBytes" : -1,
      "resourceUsageMetrics" : {
        "cumulativeCpuUsage" : 94760,
        "virtualMemoryUsage" : 1544388608,
        "physicalMemoryUsage" : 1024192512,
        "heapUsage" : 943194112
      }
    } ],
    "finishTime" : 1404340302086,
    "preferredLocations" : [ {
      "layers" : [ "default-rack", "Master" ]
    }, {
      "layers" : [ "default-rack", "Slave1" ]
    }, {
      "layers" : [ "default-rack", "Slave5" ]
    } ],
    "taskType" : "MAP",
    "taskStatus" : "SUCCESS",
    "taskID" : "task_201407020230_0140_m_000025",
    "inputBytes" : 12444914,
    "inputRecords" : 68254,
    "outputBytes" : 172365312,
    "outputRecords" : 7543398
  }, {
    "startTime" : 1404340219004,
    "attempts" : [ {
      "result" : "SUCCESS",
      "location" : {
        "layers" : [ "default-rack", "Slave6" ]
      },
      "hostName" : "/default-rack/Slave6",
      "startTime" : 1404339046765,
      "finishTime" : 1404339128523,
      "attemptID" : "attempt_201407020230_0140_m_000030_0",
      "shuffleFinished" : -1,
      "sortFinished" : -1,
      "hdfsBytesRead" : 12414462,
      "hdfsBytesWritten" : -1,
      "fileBytesRead" : 95209693,
      "fileBytesWritten" : 170867006,
      "mapInputRecords" : 75924,
      "mapOutputBytes" : 123438414,
      "mapOutputRecords" : 7457476,
      "combineInputRecords" : 12213912,
      "reduceInputGroups" : -1,
      "reduceInputRecords" : -1,
      "reduceShuffleBytes" : -1,
      "reduceOutputRecords" : -1,
      "spilledRecords" : 8404713,
      "mapInputBytes" : -1,
      "resourceUsageMetrics" : {
        "cumulativeCpuUsage" : 93770,
        "virtualMemoryUsage" : 1544736768,
        "physicalMemoryUsage" : 1023811584,
        "heapUsage" : 943194112
      }
    } ],
    "finishTime" : 1404340301028,
    "preferredLocations" : [ {
      "layers" : [ "default-rack", "Master" ]
    }, {
      "layers" : [ "default-rack", "Slave6" ]
    }, {
      "layers" : [ "default-rack", "Slave7" ]
    } ],
    "taskType" : "MAP",
    "taskStatus" : "SUCCESS",
    "taskID" : "task_201407020230_0140_m_000030",
    "inputBytes" : 12414462,
    "inputRecords" : 75924,
    "outputBytes" : 170867006,
    "outputRecords" : 7457476
  }, {
    "startTime" : 1404340220212,
    "attempts" : [ {
      "result" : "SUCCESS",
      "location" : {
        "layers" : [ "default-rack", "Slave6" ]
      },
      "hostName" : "/default-rack/Slave6",
      "startTime" : 1404339047973,
      "finishTime" : 1404339131841,
      "attemptID" : "attempt_201407020230_0140_m_000032_0",
      "shuffleFinished" : -1,
      "sortFinished" : -1,
      "hdfsBytesRead" : 12396698,
      "hdfsBytesWritten" : -1,
      "fileBytesRead" : 96656872,
      "fileBytesWritten" : 173096317,
      "mapInputRecords" : 67855,
      "mapOutputBytes" : 124106798,
      "mapOutputRecords" : 7501090,
      "combineInputRecords" : 12336218,
      "reduceInputGroups" : -1,
      "reduceInputRecords" : -1,
      "reduceShuffleBytes" : -1,
      "reduceOutputRecords" : -1,
      "spilledRecords" : 8526321,
      "mapInputBytes" : -1,
      "resourceUsageMetrics" : {
        "cumulativeCpuUsage" : 95380,
        "virtualMemoryUsage" : 1543237632,
        "physicalMemoryUsage" : 1024966656,
        "heapUsage" : 943194112
      }
    } ],
    "finishTime" : 1404340304348,
    "preferredLocations" : [ {
      "layers" : [ "default-rack", "Master" ]
    }, {
      "layers" : [ "default-rack", "Slave6" ]
    }, {
      "layers" : [ "default-rack", "Slave1" ]
    } ],
    "taskType" : "MAP",
    "taskStatus" : "SUCCESS",
    "taskID" : "task_201407020230_0140_m_000032",
    "inputBytes" : 12396698,
    "inputRecords" : 67855,
    "outputBytes" : 173096317,
    "outputRecords" : 7501090
  }, {
    "startTime" : 1404340220682,
    "attempts" : [ {
      "result" : "SUCCESS",
      "location" : {
        "layers" : [ "default-rack", "Slave5" ]
      },
      "hostName" : "/default-rack/Slave5",
      "startTime" : 1404338597758,
      "finishTime" : 1404338680274,
      "attemptID" : "attempt_201407020230_0140_m_000026_0",
      "shuffleFinished" : -1,
      "sortFinished" : -1,
      "hdfsBytesRead" : 12438192,
      "hdfsBytesWritten" : -1,
      "fileBytesRead" : 95718355,
      "fileBytesWritten" : 171321971,
      "mapInputRecords" : 74508,
      "mapOutputBytes" : 124039240,
      "mapOutputRecords" : 7500172,
      "combineInputRecords" : 12285703,
      "reduceInputGroups" : -1,
      "reduceInputRecords" : -1,
      "reduceShuffleBytes" : -1,
      "reduceOutputRecords" : -1,
      "spilledRecords" : 8431693,
      "mapInputBytes" : -1,
      "resourceUsageMetrics" : {
        "cumulativeCpuUsage" : 96340,
        "virtualMemoryUsage" : 1546539008,
        "physicalMemoryUsage" : 1024581632,
        "heapUsage" : 943194112
      }
    } ],
    "finishTime" : 1404340303293,
    "preferredLocations" : [ {
      "layers" : [ "default-rack", "Master" ]
    }, {
      "layers" : [ "default-rack", "Slave5" ]
    }, {
      "layers" : [ "default-rack", "Slave3" ]
    } ],
    "taskType" : "MAP",
    "taskStatus" : "SUCCESS",
    "taskID" : "task_201407020230_0140_m_000026",
    "inputBytes" : 12438192,
    "inputRecords" : 74508,
    "outputBytes" : 171321971,
    "outputRecords" : 7500172
  }, {
    "startTime" : 1404340221320,
    "attempts" : [ {
      "result" : "SUCCESS",
      "location" : {
        "layers" : [ "default-rack", "Slave3" ]
      },
      "hostName" : "/default-rack/Slave3",
      "startTime" : 1404338871944,
      "finishTime" : 1404338957143,
      "attemptID" : "attempt_201407020230_0140_m_000024_0",
      "shuffleFinished" : -1,
      "sortFinished" : -1,
      "hdfsBytesRead" : 12444998,
      "hdfsBytesWritten" : -1,
      "fileBytesRead" : 96882048,
      "fileBytesWritten" : 173432266,
      "mapInputRecords" : 68058,
      "mapOutputBytes" : 124733734,
      "mapOutputRecords" : 7555196,
      "combineInputRecords" : 12412920,
      "reduceInputGroups" : -1,
      "reduceInputRecords" : -1,
      "reduceShuffleBytes" : -1,
      "reduceOutputRecords" : -1,
      "spilledRecords" : 8564552,
      "mapInputBytes" : -1,
      "resourceUsageMetrics" : {
        "cumulativeCpuUsage" : 97630,
        "virtualMemoryUsage" : 1543598080,
        "physicalMemoryUsage" : 1024311296,
        "heapUsage" : 943194112
      }
    } ],
    "finishTime" : 1404340306563,
    "preferredLocations" : [ {
      "layers" : [ "default-rack", "Master" ]
    }, {
      "layers" : [ "default-rack", "Slave4" ]
    }, {
      "layers" : [ "default-rack", "Slave3" ]
    } ],
    "taskType" : "MAP",
    "taskStatus" : "SUCCESS",
    "taskID" : "task_201407020230_0140_m_000024",
    "inputBytes" : 12444998,
    "inputRecords" : 68058,
    "outputBytes" : 173432266,
    "outputRecords" : 7555196
  }, {
    "startTime" : 1404340223149,
    "attempts" : [ {
      "result" : "SUCCESS",
      "location" : {
        "layers" : [ "default-rack", "Slave3" ]
      },
      "hostName" : "/default-rack/Slave3",
      "startTime" : 1404338873774,
      "finishTime" : 1404338958136,
      "attemptID" : "attempt_201407020230_0140_m_000027_0",
      "shuffleFinished" : -1,
      "sortFinished" : -1,
      "hdfsBytesRead" : 12435796,
      "hdfsBytesWritten" : -1,
      "fileBytesRead" : 96070668,
      "fileBytesWritten" : 171802290,
      "mapInputRecords" : 70277,
      "mapOutputBytes" : 124313206,
      "mapOutputRecords" : 7514770,
      "combineInputRecords" : 12321276,
      "reduceInputGroups" : -1,
      "reduceInputRecords" : -1,
      "reduceShuffleBytes" : -1,
      "reduceOutputRecords" : -1,
      "spilledRecords" : 8464387,
      "mapInputBytes" : -1,
      "resourceUsageMetrics" : {
        "cumulativeCpuUsage" : 95880,
        "virtualMemoryUsage" : 1546805248,
        "physicalMemoryUsage" : 1025228800,
        "heapUsage" : 943194112
      }
    } ],
    "finishTime" : 1404340307773,
    "preferredLocations" : [ {
      "layers" : [ "default-rack", "Master" ]
    }, {
      "layers" : [ "default-rack", "Slave3" ]
    }, {
      "layers" : [ "default-rack", "Slave2" ]
    } ],
    "taskType" : "MAP",
    "taskStatus" : "SUCCESS",
    "taskID" : "task_201407020230_0140_m_000027",
    "inputBytes" : 12435796,
    "inputRecords" : 70277,
    "outputBytes" : 171802290,
    "outputRecords" : 7514770
  }, {
    "startTime" : 1404340262222,
    "attempts" : [ {
      "result" : "SUCCESS",
      "location" : {
        "layers" : [ "default-rack", "Slave4" ]
      },
      "hostName" : "/default-rack/Slave4",
      "startTime" : 1404251120127,
      "finishTime" : 1404251229334,
      "attemptID" : "attempt_201407020230_0140_m_000031_0",
      "shuffleFinished" : -1,
      "sortFinished" : -1,
      "hdfsBytesRead" : 12410911,
      "hdfsBytesWritten" : -1,
      "fileBytesRead" : 95355534,
      "fileBytesWritten" : 170530783,
      "mapInputRecords" : 69802,
      "mapOutputBytes" : 124147972,
      "mapOutputRecords" : 7521272,
      "combineInputRecords" : 12300300,
      "reduceInputGroups" : -1,
      "reduceInputRecords" : -1,
      "reduceShuffleBytes" : -1,
      "reduceOutputRecords" : -1,
      "spilledRecords" : 8416919,
      "mapInputBytes" : -1,
      "resourceUsageMetrics" : {
        "cumulativeCpuUsage" : 122860,
        "virtualMemoryUsage" : 1544019968,
        "physicalMemoryUsage" : 1028509696,
        "heapUsage" : 943194112
      }
    } ],
    "finishTime" : 1404340371689,
    "preferredLocations" : [ {
      "layers" : [ "default-rack", "Master" ]
    }, {
      "layers" : [ "default-rack", "Slave4" ]
    }, {
      "layers" : [ "default-rack", "Slave1" ]
    } ],
    "taskType" : "MAP",
    "taskStatus" : "SUCCESS",
    "taskID" : "task_201407020230_0140_m_000031",
    "inputBytes" : 12410911,
    "inputRecords" : 69802,
    "outputBytes" : 170530783,
    "outputRecords" : 7521272
  }, {
    "startTime" : 1404340264645,
    "attempts" : [ {
      "result" : "SUCCESS",
      "location" : {
        "layers" : [ "default-rack", "Slave4" ]
      },
      "hostName" : "/default-rack/Slave4",
      "startTime" : 1404251122550,
      "finishTime" : 1404251228498,
      "attemptID" : "attempt_201407020230_0140_m_000028_0",
      "shuffleFinished" : -1,
      "sortFinished" : -1,
      "hdfsBytesRead" : 12433660,
      "hdfsBytesWritten" : -1,
      "fileBytesRead" : 95725051,
      "fileBytesWritten" : 171435353,
      "mapInputRecords" : 73689,
      "mapOutputBytes" : 123979654,
      "mapOutputRecords" : 7498062,
      "combineInputRecords" : 12286701,
      "reduceInputGroups" : -1,
      "reduceInputRecords" : -1,
      "reduceShuffleBytes" : -1,
      "reduceOutputRecords" : -1,
      "spilledRecords" : 8445740,
      "mapInputBytes" : -1,
      "resourceUsageMetrics" : {
        "cumulativeCpuUsage" : 121480,
        "virtualMemoryUsage" : 1544785920,
        "physicalMemoryUsage" : 1025302528,
        "heapUsage" : 943194112
      }
    } ],
    "finishTime" : 1404340370782,
    "preferredLocations" : [ {
      "layers" : [ "default-rack", "Master" ]
    }, {
      "layers" : [ "default-rack", "Slave1" ]
    }, {
      "layers" : [ "default-rack", "Slave2" ]
    } ],
    "taskType" : "MAP",
    "taskStatus" : "SUCCESS",
    "taskID" : "task_201407020230_0140_m_000028",
    "inputBytes" : 12433660,
    "inputRecords" : 73689,
    "outputBytes" : 171435353,
    "outputRecords" : 7498062
  }, {
    "startTime" : 1404340289730,
    "attempts" : [ {
      "result" : "SUCCESS",
      "location" : {
        "layers" : [ "default-rack", "Slave7" ]
      },
      "hostName" : "/default-rack/Slave7",
      "startTime" : 1404340292568,
      "finishTime" : 1404340368485,
      "attemptID" : "attempt_201407020230_0140_m_000029_0",
      "shuffleFinished" : -1,
      "sortFinished" : -1,
      "hdfsBytesRead" : 12430810,
      "hdfsBytesWritten" : -1,
      "fileBytesRead" : 96628097,
      "fileBytesWritten" : 172863052,
      "mapInputRecords" : 71270,
      "mapOutputBytes" : 124366770,
      "mapOutputRecords" : 7539188,
      "combineInputRecords" : 12382405,
      "reduceInputGroups" : -1,
      "reduceInputRecords" : -1,
      "reduceShuffleBytes" : -1,
      "reduceOutputRecords" : -1,
      "spilledRecords" : 8531177,
      "mapInputBytes" : -1,
      "resourceUsageMetrics" : {
        "cumulativeCpuUsage" : 86380,
        "virtualMemoryUsage" : 1535451136,
        "physicalMemoryUsage" : 1023987712,
        "heapUsage" : 942669824
      }
    }, {
      "result" : "KILLED",
      "location" : null,
      "hostName" : null,
      "startTime" : 1404338695757,
      "finishTime" : 1404338745500,
      "attemptID" : "attempt_201407020230_0140_m_000029_1",
      "shuffleFinished" : -1,
      "sortFinished" : -1,
      "hdfsBytesRead" : -1,
      "hdfsBytesWritten" : -1,
      "fileBytesRead" : -1,
      "fileBytesWritten" : -1,
      "mapInputRecords" : -1,
      "mapOutputBytes" : -1,
      "mapOutputRecords" : -1,
      "combineInputRecords" : -1,
      "reduceInputGroups" : -1,
      "reduceInputRecords" : -1,
      "reduceShuffleBytes" : -1,
      "reduceOutputRecords" : -1,
      "spilledRecords" : -1,
      "mapInputBytes" : -1,
      "resourceUsageMetrics" : {
        "cumulativeCpuUsage" : 0,
        "virtualMemoryUsage" : 0,
        "physicalMemoryUsage" : 0,
        "heapUsage" : 0
      }
    } ],
    "finishTime" : 1404340365716,
    "preferredLocations" : [ {
      "layers" : [ "default-rack", "Master" ]
    }, {
      "layers" : [ "default-rack", "Slave5" ]
    }, {
      "layers" : [ "default-rack", "Slave7" ]
    } ],
    "taskType" : "MAP",
    "taskStatus" : "SUCCESS",
    "taskID" : "task_201407020230_0140_m_000029",
    "inputBytes" : 12430810,
    "inputRecords" : 71270,
    "outputBytes" : 172863052,
    "outputRecords" : 7539188
  }, {
    "startTime" : 1404340292047,
    "attempts" : [ {
      "result" : "SUCCESS",
      "location" : {
        "layers" : [ "default-rack", "Slave1" ]
      },
      "hostName" : "/default-rack/Slave1",
      "startTime" : 1404339879326,
      "finishTime" : 1404339969685,
      "attemptID" : "attempt_201407020230_0140_m_000035_0",
      "shuffleFinished" : -1,
      "sortFinished" : -1,
      "hdfsBytesRead" : 12353033,
      "hdfsBytesWritten" : -1,
      "fileBytesRead" : 95641353,
      "fileBytesWritten" : 171151130,
      "mapInputRecords" : 68230,
      "mapOutputBytes" : 123737856,
      "mapOutputRecords" : 7499224,
      "combineInputRecords" : 12294188,
      "reduceInputGroups" : -1,
      "reduceInputRecords" : -1,
      "reduceShuffleBytes" : -1,
      "reduceOutputRecords" : -1,
      "spilledRecords" : 8449855,
      "mapInputBytes" : -1,
      "resourceUsageMetrics" : {
        "cumulativeCpuUsage" : 104430,
        "virtualMemoryUsage" : 1543929856,
        "physicalMemoryUsage" : 1006641152,
        "heapUsage" : 910688256
      }
    }, {
      "result" : "KILLED",
      "location" : null,
      "hostName" : null,
      "startTime" : 1404339132106,
      "finishTime" : 1404339212968,
      "attemptID" : "attempt_201407020230_0140_m_000035_1",
      "shuffleFinished" : -1,
      "sortFinished" : -1,
      "hdfsBytesRead" : -1,
      "hdfsBytesWritten" : -1,
      "fileBytesRead" : -1,
      "fileBytesWritten" : -1,
      "mapInputRecords" : -1,
      "mapOutputBytes" : -1,
      "mapOutputRecords" : -1,
      "combineInputRecords" : -1,
      "reduceInputGroups" : -1,
      "reduceInputRecords" : -1,
      "reduceShuffleBytes" : -1,
      "reduceOutputRecords" : -1,
      "spilledRecords" : -1,
      "mapInputBytes" : -1,
      "resourceUsageMetrics" : {
        "cumulativeCpuUsage" : 0,
        "virtualMemoryUsage" : 0,
        "physicalMemoryUsage" : 0,
        "heapUsage" : 0
      }
    } ],
    "finishTime" : 1404340382642,
    "preferredLocations" : [ {
      "layers" : [ "default-rack", "Master" ]
    }, {
      "layers" : [ "default-rack", "Slave6" ]
    }, {
      "layers" : [ "default-rack", "Slave1" ]
    } ],
    "taskType" : "MAP",
    "taskStatus" : "SUCCESS",
    "taskID" : "task_201407020230_0140_m_000035",
    "inputBytes" : 12353033,
    "inputRecords" : 68230,
    "outputBytes" : 171151130,
    "outputRecords" : 7499224
  }, {
    "startTime" : 1404340293185,
    "attempts" : [ {
      "result" : "SUCCESS",
      "location" : {
        "layers" : [ "default-rack", "Slave2" ]
      },
      "hostName" : "/default-rack/Slave2",
      "startTime" : 1404340782234,
      "finishTime" : 1404340871583,
      "attemptID" : "attempt_201407020230_0140_m_000034_0",
      "shuffleFinished" : -1,
      "sortFinished" : -1,
      "hdfsBytesRead" : 12364757,
      "hdfsBytesWritten" : -1,
      "fileBytesRead" : 95974174,
      "fileBytesWritten" : 171606884,
      "mapInputRecords" : 65823,
      "mapOutputBytes" : 124117076,
      "mapOutputRecords" : 7526872,
      "combineInputRecords" : 12341588,
      "reduceInputGroups" : -1,
      "reduceInputRecords" : -1,
      "reduceShuffleBytes" : -1,
      "reduceOutputRecords" : -1,
      "spilledRecords" : 8479047,
      "mapInputBytes" : -1,
      "resourceUsageMetrics" : {
        "cumulativeCpuUsage" : 96730,
        "virtualMemoryUsage" : 1545973760,
        "physicalMemoryUsage" : 1000931328,
        "heapUsage" : 904396800
      }
    }, {
      "result" : "KILLED",
      "location" : null,
      "hostName" : null,
      "startTime" : 1404338957185,
      "finishTime" : 1404339036438,
      "attemptID" : "attempt_201407020230_0140_m_000034_1",
      "shuffleFinished" : -1,
      "sortFinished" : -1,
      "hdfsBytesRead" : -1,
      "hdfsBytesWritten" : -1,
      "fileBytesRead" : -1,
      "fileBytesWritten" : -1,
      "mapInputRecords" : -1,
      "mapOutputBytes" : -1,
      "mapOutputRecords" : -1,
      "combineInputRecords" : -1,
      "reduceInputGroups" : -1,
      "reduceInputRecords" : -1,
      "reduceShuffleBytes" : -1,
      "reduceOutputRecords" : -1,
      "spilledRecords" : -1,
      "mapInputBytes" : -1,
      "resourceUsageMetrics" : {
        "cumulativeCpuUsage" : 0,
        "virtualMemoryUsage" : 0,
        "physicalMemoryUsage" : 0,
        "heapUsage" : 0
      }
    } ],
    "finishTime" : 1404340382555,
    "preferredLocations" : [ {
      "layers" : [ "default-rack", "Master" ]
    }, {
      "layers" : [ "default-rack", "Slave2" ]
    }, {
      "layers" : [ "default-rack", "Slave3" ]
    } ],
    "taskType" : "MAP",
    "taskStatus" : "SUCCESS",
    "taskID" : "task_201407020230_0140_m_000034",
    "inputBytes" : 12364757,
    "inputRecords" : 65823,
    "outputBytes" : 171606884,
    "outputRecords" : 7526872
  }, {
    "startTime" : 1404340293185,
    "attempts" : [ {
      "result" : "SUCCESS",
      "location" : {
        "layers" : [ "default-rack", "Slave2" ]
      },
      "hostName" : "/default-rack/Slave2",
      "startTime" : 1404340782235,
      "finishTime" : 1404340872243,
      "attemptID" : "attempt_201407020230_0140_m_000039_0",
      "shuffleFinished" : -1,
      "sortFinished" : -1,
      "hdfsBytesRead" : 12288755,
      "hdfsBytesWritten" : -1,
      "fileBytesRead" : 94710001,
      "fileBytesWritten" : 169470371,
      "mapInputRecords" : 64633,
      "mapOutputBytes" : 123285052,
      "mapOutputRecords" : 7452768,
      "combineInputRecords" : 12189689,
      "reduceInputGroups" : -1,
      "reduceInputRecords" : -1,
      "reduceShuffleBytes" : -1,
      "reduceOutputRecords" : -1,
      "spilledRecords" : 8349021,
      "mapInputBytes" : -1,
      "resourceUsageMetrics" : {
        "cumulativeCpuUsage" : 101020,
        "virtualMemoryUsage" : 1542819840,
        "physicalMemoryUsage" : 1003950080,
        "heapUsage" : 907018240
      }
    } ],
    "finishTime" : 1404340383462,
    "preferredLocations" : [ {
      "layers" : [ "default-rack", "Master" ]
    }, {
      "layers" : [ "default-rack", "Slave2" ]
    }, {
      "layers" : [ "default-rack", "Slave5" ]
    } ],
    "taskType" : "MAP",
    "taskStatus" : "SUCCESS",
    "taskID" : "task_201407020230_0140_m_000039",
    "inputBytes" : 12288755,
    "inputRecords" : 64633,
    "outputBytes" : 169470371,
    "outputRecords" : 7452768
  }, {
    "startTime" : 1404340293345,
    "attempts" : [ {
      "result" : "SUCCESS",
      "location" : {
        "layers" : [ "default-rack", "Master" ]
      },
      "hostName" : "/default-rack/Master",
      "startTime" : 1404340293348,
      "finishTime" : 1404340382585,
      "attemptID" : "attempt_201407020230_0140_m_000033_0",
      "shuffleFinished" : -1,
      "sortFinished" : -1,
      "hdfsBytesRead" : 12371929,
      "hdfsBytesWritten" : -1,
      "fileBytesRead" : 96350501,
      "fileBytesWritten" : 172585272,
      "mapInputRecords" : 68633,
      "mapOutputBytes" : 123912568,
      "mapOutputRecords" : 7508828,
      "combineInputRecords" : 12339057,
      "reduceInputGroups" : -1,
      "reduceInputRecords" : -1,
      "reduceShuffleBytes" : -1,
      "reduceOutputRecords" : -1,
      "spilledRecords" : 8521591,
      "mapInputBytes" : -1,
      "resourceUsageMetrics" : {
        "cumulativeCpuUsage" : 99000,
        "virtualMemoryUsage" : 1535119360,
        "physicalMemoryUsage" : 997818368,
        "heapUsage" : 901251072
      }
    } ],
    "finishTime" : 1404340382662,
    "preferredLocations" : [ {
      "layers" : [ "default-rack", "Master" ]
    }, {
      "layers" : [ "default-rack", "Slave7" ]
    }, {
      "layers" : [ "default-rack", "Slave5" ]
    } ],
    "taskType" : "MAP",
    "taskStatus" : "SUCCESS",
    "taskID" : "task_201407020230_0140_m_000033",
    "inputBytes" : 12371929,
    "inputRecords" : 68633,
    "outputBytes" : 172585272,
    "outputRecords" : 7508828
  }, {
    "startTime" : 1404340293658,
    "attempts" : [ {
      "result" : "SUCCESS",
      "location" : {
        "layers" : [ "default-rack", "Slave7" ]
      },
      "hostName" : "/default-rack/Slave7",
      "startTime" : 1404340296496,
      "finishTime" : 1404340376828,
      "attemptID" : "attempt_201407020230_0140_m_000037_0",
      "shuffleFinished" : -1,
      "sortFinished" : -1,
      "hdfsBytesRead" : 12311829,
      "hdfsBytesWritten" : -1,
      "fileBytesRead" : 94810964,
      "fileBytesWritten" : 170012580,
      "mapInputRecords" : 67951,
      "mapOutputBytes" : 123101648,
      "mapOutputRecords" : 7431706,
      "combineInputRecords" : 12171674,
      "reduceInputGroups" : -1,
      "reduceInputRecords" : -1,
      "reduceShuffleBytes" : -1,
      "reduceOutputRecords" : -1,
      "spilledRecords" : 8371495,
      "mapInputBytes" : -1,
      "resourceUsageMetrics" : {
        "cumulativeCpuUsage" : 92870,
        "virtualMemoryUsage" : 1543790592,
        "physicalMemoryUsage" : 1023045632,
        "heapUsage" : 943194112
      }
    } ],
    "finishTime" : 1404340374157,
    "preferredLocations" : [ {
      "layers" : [ "default-rack", "Master" ]
    }, {
      "layers" : [ "default-rack", "Slave6" ]
    }, {
      "layers" : [ "default-rack", "Slave7" ]
    } ],
    "taskType" : "MAP",
    "taskStatus" : "SUCCESS",
    "taskID" : "task_201407020230_0140_m_000037",
    "inputBytes" : 12311829,
    "inputRecords" : 67951,
    "outputBytes" : 170012580,
    "outputRecords" : 7431706
  }, {
    "startTime" : 1404340294553,
    "attempts" : [ {
      "result" : "SUCCESS",
      "location" : {
        "layers" : [ "default-rack", "Master" ]
      },
      "hostName" : "/default-rack/Master",
      "startTime" : 1404340294556,
      "finishTime" : 1404340384356,
      "attemptID" : "attempt_201407020230_0140_m_000036_0",
      "shuffleFinished" : -1,
      "sortFinished" : -1,
      "hdfsBytesRead" : 12328737,
      "hdfsBytesWritten" : -1,
      "fileBytesRead" : 94813697,
      "fileBytesWritten" : 170006914,
      "mapInputRecords" : 72713,
      "mapOutputBytes" : 123026920,
      "mapOutputRecords" : 7440636,
      "combineInputRecords" : 12179222,
      "reduceInputGroups" : -1,
      "reduceInputRecords" : -1,
      "reduceShuffleBytes" : -1,
      "reduceOutputRecords" : -1,
      "spilledRecords" : 8367038,
      "mapInputBytes" : -1,
      "resourceUsageMetrics" : {
        "cumulativeCpuUsage" : 98920,
        "virtualMemoryUsage" : 1544720384,
        "physicalMemoryUsage" : 996667392,
        "heapUsage" : 902299648
      }
    } ],
    "finishTime" : 1404340384473,
    "preferredLocations" : [ {
      "layers" : [ "default-rack", "Master" ]
    }, {
      "layers" : [ "default-rack", "Slave1" ]
    }, {
      "layers" : [ "default-rack", "Slave5" ]
    } ],
    "taskType" : "MAP",
    "taskStatus" : "SUCCESS",
    "taskID" : "task_201407020230_0140_m_000036",
    "inputBytes" : 12328737,
    "inputRecords" : 72713,
    "outputBytes" : 170006914,
    "outputRecords" : 7440636
  }, {
    "startTime" : 1404340295371,
    "attempts" : [ {
      "result" : "SUCCESS",
      "location" : {
        "layers" : [ "default-rack", "Slave1" ]
      },
      "hostName" : "/default-rack/Slave1",
      "startTime" : 1404339882650,
      "finishTime" : 1404339970693,
      "attemptID" : "attempt_201407020230_0140_m_000038_0",
      "shuffleFinished" : -1,
      "sortFinished" : -1,
      "hdfsBytesRead" : 12296939,
      "hdfsBytesWritten" : -1,
      "fileBytesRead" : 94813198,
      "fileBytesWritten" : 169825654,
      "mapInputRecords" : 68970,
      "mapOutputBytes" : 123053642,
      "mapOutputRecords" : 7451218,
      "combineInputRecords" : 12199826,
      "reduceInputGroups" : -1,
      "reduceInputRecords" : -1,
      "reduceShuffleBytes" : -1,
      "reduceOutputRecords" : -1,
      "spilledRecords" : 8375595,
      "mapInputBytes" : -1,
      "resourceUsageMetrics" : {
        "cumulativeCpuUsage" : 97110,
        "virtualMemoryUsage" : 1545715712,
        "physicalMemoryUsage" : 1004867584,
        "heapUsage" : 903872512
      }
    }, {
      "result" : "KILLED",
      "location" : null,
      "hostName" : null,
      "startTime" : 1404338958395,
      "finishTime" : 1404340873730,
      "attemptID" : "attempt_201407020230_0140_m_000038_1",
      "shuffleFinished" : -1,
      "sortFinished" : -1,
      "hdfsBytesRead" : -1,
      "hdfsBytesWritten" : -1,
      "fileBytesRead" : -1,
      "fileBytesWritten" : -1,
      "mapInputRecords" : -1,
      "mapOutputBytes" : -1,
      "mapOutputRecords" : -1,
      "combineInputRecords" : -1,
      "reduceInputGroups" : -1,
      "reduceInputRecords" : -1,
      "reduceShuffleBytes" : -1,
      "reduceOutputRecords" : -1,
      "spilledRecords" : -1,
      "mapInputBytes" : -1,
      "resourceUsageMetrics" : {
        "cumulativeCpuUsage" : 0,
        "virtualMemoryUsage" : 0,
        "physicalMemoryUsage" : 0,
        "heapUsage" : 0
      }
    } ],
    "finishTime" : 1404340383549,
    "preferredLocations" : [ {
      "layers" : [ "default-rack", "Master" ]
    }, {
      "layers" : [ "default-rack", "Slave1" ]
    }, {
      "layers" : [ "default-rack", "Slave3" ]
    } ],
    "taskType" : "MAP",
    "taskStatus" : "SUCCESS",
    "taskID" : "task_201407020230_0140_m_000038",
    "inputBytes" : 12296939,
    "inputRecords" : 68970,
    "outputBytes" : 169825654,
    "outputRecords" : 7451218
  }, {
    "startTime" : 1404340301028,
    "attempts" : [ {
      "result" : "SUCCESS",
      "location" : {
        "layers" : [ "default-rack", "Slave6" ]
      },
      "hostName" : "/default-rack/Slave6",
      "startTime" : 1404339128786,
      "finishTime" : 1404339213482,
      "attemptID" : "attempt_201407020230_0140_m_000040_0",
      "shuffleFinished" : -1,
      "sortFinished" : -1,
      "hdfsBytesRead" : 12075278,
      "hdfsBytesWritten" : -1,
      "fileBytesRead" : 93865296,
      "fileBytesWritten" : 168314633,
      "mapInputRecords" : 63723,
      "mapOutputBytes" : 121122984,
      "mapOutputRecords" : 7324142,
      "combineInputRecords" : 12020897,
      "reduceInputGroups" : -1,
      "reduceInputRecords" : -1,
      "reduceShuffleBytes" : -1,
      "reduceOutputRecords" : -1,
      "spilledRecords" : 8295821,
      "mapInputBytes" : -1,
      "resourceUsageMetrics" : {
        "cumulativeCpuUsage" : 96050,
        "virtualMemoryUsage" : 1544736768,
        "physicalMemoryUsage" : 1023860736,
        "heapUsage" : 943194112
      }
    } ],
    "finishTime" : 1404340385810,
    "preferredLocations" : [ {
      "layers" : [ "default-rack", "Master" ]
    }, {
      "layers" : [ "default-rack", "Slave5" ]
    }, {
      "layers" : [ "default-rack", "Slave7" ]
    } ],
    "taskType" : "MAP",
    "taskStatus" : "SUCCESS",
    "taskID" : "task_201407020230_0140_m_000040",
    "inputBytes" : 12075278,
    "inputRecords" : 63723,
    "outputBytes" : 168314633,
    "outputRecords" : 7324142
  }, {
    "startTime" : 1404340302087,
    "attempts" : [ {
      "result" : "SUCCESS",
      "location" : {
        "layers" : [ "default-rack", "Slave5" ]
      },
      "hostName" : "/default-rack/Slave5",
      "startTime" : 1404338679160,
      "finishTime" : 1404338759890,
      "attemptID" : "attempt_201407020230_0140_m_000041_0",
      "shuffleFinished" : -1,
      "sortFinished" : -1,
      "hdfsBytesRead" : 11856605,
      "hdfsBytesWritten" : -1,
      "fileBytesRead" : 92456518,
      "fileBytesWritten" : 165881718,
      "mapInputRecords" : 63860,
      "mapOutputBytes" : 118874456,
      "mapOutputRecords" : 7200068,
      "combineInputRecords" : 11833689,
      "reduceInputGroups" : -1,
      "reduceInputRecords" : -1,
      "reduceShuffleBytes" : -1,
      "reduceOutputRecords" : -1,
      "spilledRecords" : 8187996,
      "mapInputBytes" : -1,
      "resourceUsageMetrics" : {
        "cumulativeCpuUsage" : 89940,
        "virtualMemoryUsage" : 1544388608,
        "physicalMemoryUsage" : 1024253952,
        "heapUsage" : 943194112
      }
    } ],
    "finishTime" : 1404340382895,
    "preferredLocations" : [ {
      "layers" : [ "default-rack", "Master" ]
    }, {
      "layers" : [ "default-rack", "Slave7" ]
    }, {
      "layers" : [ "default-rack", "Slave1" ]
    } ],
    "taskType" : "MAP",
    "taskStatus" : "SUCCESS",
    "taskID" : "task_201407020230_0140_m_000041",
    "inputBytes" : 11856605,
    "inputRecords" : 63860,
    "outputBytes" : 165881718,
    "outputRecords" : 7200068
  }, {
    "startTime" : 1404340303294,
    "attempts" : [ {
      "result" : "SUCCESS",
      "location" : {
        "layers" : [ "default-rack", "Slave5" ]
      },
      "hostName" : "/default-rack/Slave5",
      "startTime" : 1404338680367,
      "finishTime" : 1404338695541,
      "attemptID" : "attempt_201407020230_0140_m_000042_0",
      "shuffleFinished" : -1,
      "sortFinished" : -1,
      "hdfsBytesRead" : 2128092,
      "hdfsBytesWritten" : -1,
      "fileBytesRead" : 16751810,
      "fileBytesWritten" : 33540206,
      "mapInputRecords" : 11585,
      "mapOutputBytes" : 21375000,
      "mapOutputRecords" : 1302192,
      "combineInputRecords" : 1302192,
      "reduceInputGroups" : -1,
      "reduceInputRecords" : -1,
      "reduceShuffleBytes" : -1,
      "reduceOutputRecords" : -1,
      "spilledRecords" : 1689622,
      "mapInputBytes" : -1,
      "resourceUsageMetrics" : {
        "cumulativeCpuUsage" : 17030,
        "virtualMemoryUsage" : 1546539008,
        "physicalMemoryUsage" : 1026924544,
        "heapUsage" : 943194112
      }
    } ],
    "finishTime" : 1404340318683,
    "preferredLocations" : [ {
      "layers" : [ "default-rack", "Master" ]
    }, {
      "layers" : [ "default-rack", "Slave3" ]
    }, {
      "layers" : [ "default-rack", "Slave1" ]
    } ],
    "taskType" : "MAP",
    "taskStatus" : "SUCCESS",
    "taskID" : "task_201407020230_0140_m_000042",
    "inputBytes" : 2128092,
    "inputRecords" : 11585,
    "outputBytes" : 33540206,
    "outputRecords" : 1302192
  } ],
  "finishTime" : 1404340688115,
  "reduceTasks" : [ {
    "startTime" : 1404340202900,
    "attempts" : [ {
      "result" : "SUCCESS",
      "location" : {
        "layers" : [ "default-rack", "Slave2" ]
      },
      "hostName" : "/default-rack/Slave2",
      "startTime" : 1404340691949,
      "finishTime" : 1404341129904,
      "attemptID" : "attempt_201407020230_0140_r_000000_0",
      "shuffleFinished" : 1404340953812,
      "sortFinished" : 1404340953856,
      "hdfsBytesRead" : -1,
      "hdfsBytesWritten" : 104407217,
      "fileBytesRead" : 404817188,
      "fileBytesWritten" : 404876562,
      "mapInputRecords" : -1,
      "mapOutputBytes" : -1,
      "mapOutputRecords" : -1,
      "combineInputRecords" : 29568517,
      "reduceInputGroups" : 16984930,
      "reduceInputRecords" : 19985349,
      "reduceShuffleBytes" : 641646502,
      "reduceOutputRecords" : 16984930,
      "spilledRecords" : 18548437,
      "mapInputBytes" : -1,
      "resourceUsageMetrics" : {
        "cumulativeCpuUsage" : 347040,
        "virtualMemoryUsage" : 1557180416,
        "physicalMemoryUsage" : 991567872,
        "heapUsage" : 740818944
      }
    }, {
      "result" : "KILLED",
      "location" : null,
      "hostName" : null,
      "startTime" : 1404340464939,
      "finishTime" : 1404340646413,
      "attemptID" : "attempt_201407020230_0140_r_000000_1",
      "shuffleFinished" : -1,
      "sortFinished" : -1,
      "hdfsBytesRead" : -1,
      "hdfsBytesWritten" : -1,
      "fileBytesRead" : -1,
      "fileBytesWritten" : -1,
      "mapInputRecords" : -1,
      "mapOutputBytes" : -1,
      "mapOutputRecords" : -1,
      "combineInputRecords" : -1,
      "reduceInputGroups" : -1,
      "reduceInputRecords" : -1,
      "reduceShuffleBytes" : -1,
      "reduceOutputRecords" : -1,
      "spilledRecords" : -1,
      "mapInputBytes" : -1,
      "resourceUsageMetrics" : {
        "cumulativeCpuUsage" : 0,
        "virtualMemoryUsage" : 0,
        "physicalMemoryUsage" : 0,
        "heapUsage" : 0
      }
    } ],
    "finishTime" : 1404340640908,
    "preferredLocations" : [ ],
    "taskType" : "REDUCE",
    "taskStatus" : "SUCCESS",
    "taskID" : "task_201407020230_0140_r_000000",
    "inputBytes" : 641646502,
    "inputRecords" : 19985349,
    "outputBytes" : 104407217,
    "outputRecords" : 16984930
  }, {
    "startTime" : 1404340202989,
    "attempts" : [ {
      "result" : "SUCCESS",
      "location" : {
        "layers" : [ "default-rack", "Slave4" ]
      },
      "hostName" : "/default-rack/Slave4",
      "startTime" : 1404251060898,
      "finishTime" : 1404251545680,
      "attemptID" : "attempt_201407020230_0140_r_000001_0",
      "shuffleFinished" : 1404251331772,
      "sortFinished" : 1404251331820,
      "hdfsBytesRead" : -1,
      "hdfsBytesWritten" : 104441287,
      "fileBytesRead" : 404764062,
      "fileBytesWritten" : 404823436,
      "mapInputRecords" : -1,
      "mapOutputBytes" : -1,
      "mapOutputRecords" : -1,
      "combineInputRecords" : 29588698,
      "reduceInputGroups" : 16994058,
      "reduceInputRecords" : 19994377,
      "reduceShuffleBytes" : 642136818,
      "reduceOutputRecords" : 16994058,
      "spilledRecords" : 18548924,
      "mapInputBytes" : -1,
      "resourceUsageMetrics" : {
        "cumulativeCpuUsage" : 420570,
        "virtualMemoryUsage" : 1558376448,
        "physicalMemoryUsage" : 1042608128,
        "heapUsage" : 943194112
      }
    } ],
    "finishTime" : 1404340687810,
    "preferredLocations" : [ ],
    "taskType" : "REDUCE",
    "taskStatus" : "SUCCESS",
    "taskID" : "task_201407020230_0140_r_000001",
    "inputBytes" : 642136818,
    "inputRecords" : 19994377,
    "outputBytes" : 104441287,
    "outputRecords" : 16994058
  }, {
    "startTime" : 1404340202991,
    "attempts" : [ {
      "result" : "SUCCESS",
      "location" : {
        "layers" : [ "default-rack", "Slave1" ]
      },
      "hostName" : "/default-rack/Slave1",
      "startTime" : 1404339790270,
      "finishTime" : 1404340236168,
      "attemptID" : "attempt_201407020230_0140_r_000002_0",
      "shuffleFinished" : 1404340046270,
      "sortFinished" : 1404340046323,
      "hdfsBytesRead" : -1,
      "hdfsBytesWritten" : 104448747,
      "fileBytesRead" : 404950863,
      "fileBytesWritten" : 405010237,
      "mapInputRecords" : -1,
      "mapOutputBytes" : -1,
      "mapOutputRecords" : -1,
      "combineInputRecords" : 29581585,
      "reduceInputGroups" : 16993529,
      "reduceInputRecords" : 20004884,
      "reduceShuffleBytes" : 642150383,
      "reduceOutputRecords" : 16993529,
      "spilledRecords" : 18556651,
      "mapInputBytes" : -1,
      "resourceUsageMetrics" : {
        "cumulativeCpuUsage" : 356160,
        "virtualMemoryUsage" : 1558978560,
        "physicalMemoryUsage" : 980393984,
        "heapUsage" : 709885952
      }
    } ],
    "finishTime" : 1404340649124,
    "preferredLocations" : [ ],
    "taskType" : "REDUCE",
    "taskStatus" : "SUCCESS",
    "taskID" : "task_201407020230_0140_r_000002",
    "inputBytes" : 642150383,
    "inputRecords" : 20004884,
    "outputBytes" : 104448747,
    "outputRecords" : 16993529
  }, {
    "startTime" : 1404340203022,
    "attempts" : [ {
      "result" : "SUCCESS",
      "location" : {
        "layers" : [ "default-rack", "Slave6" ]
      },
      "hostName" : "/default-rack/Slave6",
      "startTime" : 1404339030785,
      "finishTime" : 1404339450583,
      "attemptID" : "attempt_201407020230_0140_r_000003_0",
      "shuffleFinished" : 1404339283272,
      "sortFinished" : 1404339283309,
      "hdfsBytesRead" : -1,
      "hdfsBytesWritten" : 104441686,
      "fileBytesRead" : 404884251,
      "fileBytesWritten" : 404943625,
      "mapInputRecords" : -1,
      "mapOutputBytes" : -1,
      "mapOutputRecords" : -1,
      "combineInputRecords" : 29563185,
      "reduceInputGroups" : 16991281,
      "reduceInputRecords" : 19997685,
      "reduceShuffleBytes" : 641913248,
      "reduceOutputRecords" : 16991281,
      "spilledRecords" : 18549293,
      "mapInputBytes" : -1,
      "resourceUsageMetrics" : {
        "cumulativeCpuUsage" : 324670,
        "virtualMemoryUsage" : 1558634496,
        "physicalMemoryUsage" : 1037205504,
        "heapUsage" : 943194112
      }
    } ],
    "finishTime" : 1404340622932,
    "preferredLocations" : [ ],
    "taskType" : "REDUCE",
    "taskStatus" : "SUCCESS",
    "taskID" : "task_201407020230_0140_r_000003",
    "inputBytes" : 641913248,
    "inputRecords" : 19997685,
    "outputBytes" : 104441686,
    "outputRecords" : 16991281
  }, {
    "startTime" : 1404340203093,
    "attempts" : [ {
      "result" : "SUCCESS",
      "location" : {
        "layers" : [ "default-rack", "Master" ]
      },
      "hostName" : "/default-rack/Master",
      "startTime" : 1404340203096,
      "finishTime" : 1404340635446,
      "attemptID" : "attempt_201407020230_0140_r_000004_0",
      "shuffleFinished" : 1404340458968,
      "sortFinished" : 1404340459011,
      "hdfsBytesRead" : -1,
      "hdfsBytesWritten" : 104454140,
      "fileBytesRead" : 405003882,
      "fileBytesWritten" : 405063256,
      "mapInputRecords" : -1,
      "mapOutputBytes" : -1,
      "mapOutputRecords" : -1,
      "combineInputRecords" : 29597551,
      "reduceInputGroups" : 16992855,
      "reduceInputRecords" : 19999346,
      "reduceShuffleBytes" : 642303117,
      "reduceOutputRecords" : 16992855,
      "spilledRecords" : 18555669,
      "mapInputBytes" : -1,
      "resourceUsageMetrics" : {
        "cumulativeCpuUsage" : 347320,
        "virtualMemoryUsage" : 1553883136,
        "physicalMemoryUsage" : 964882432,
        "heapUsage" : 660078592
      }
    } ],
    "finishTime" : 1404340635495,
    "preferredLocations" : [ ],
    "taskType" : "REDUCE",
    "taskStatus" : "SUCCESS",
    "taskID" : "task_201407020230_0140_r_000004",
    "inputBytes" : 642303117,
    "inputRecords" : 19999346,
    "outputBytes" : 104454140,
    "outputRecords" : 16992855
  } ],
  "queue" : "default",
  "jobProperties" : {
    "fs.s3n.impl" : "org.apache.hadoop.fs.s3native.NativeS3FileSystem",
    "mapred.task.cache.levels" : "2",
    "mapreduce.job.restart.recover" : "true",
    "mapreduce.job.counters.max" : "120",
    "dfs.client.use.datanode.hostname" : "false",
    "hadoop.tmp.dir" : "/tmp/hadoop-${user.name}",
    "hadoop.native.lib" : "true",
    "map.sort.class" : "org.apache.hadoop.util.QuickSort",
    "dfs.namenode.decommission.nodes.per.interval" : "5",
    "dfs.https.need.client.auth" : "false",
    "dfs.datanode.drop.cache.behind.writes" : "false",
    "ipc.client.idlethreshold" : "4000",
    "mapred.system.dir" : "${hadoop.tmp.dir}/mapred/system",
    "dfs.datanode.data.dir.perm" : "755",
    "mapred.job.tracker.persist.jobstatus.hours" : "0",
    "dfs.namenode.logging.level" : "info",
    "dfs.datanode.address" : "0.0.0.0:50010",
    "io.skip.checksum.errors" : "false",
    "dfs.block.access.token.enable" : "false",
    "fs.default.name" : "hdfs://Master:9000",
    "mapred.cluster.reduce.memory.mb" : "-1",
    "mapred.reducer.new-api" : "true",
    "mapred.child.tmp" : "./tmp",
    "fs.har.impl.disable.cache" : "true",
    "dfs.safemode.threshold.pct" : "0.999f",
    "mapred.skip.reduce.max.skip.groups" : "0",
    "mapred.heartbeats.in.second" : "100",
    "dfs.namenode.handler.count" : "10",
    "dfs.blockreport.initialDelay" : "0",
    "mapred.tasktracker.dns.nameserver" : "default",
    "io.sort.factor" : "10",
    "dfs.datanode.drop.cache.behind.reads" : "false",
    "mapred.task.timeout" : "600000",
    "mapred.max.tracker.failures" : "4",
    "hadoop.rpc.socket.factory.class.default" : "org.apache.hadoop.net.StandardSocketFactory",
    "mapred.job.tracker.jobhistory.lru.cache.size" : "5",
    "fs.hdfs.impl" : "org.apache.hadoop.hdfs.DistributedFileSystem",
    "mapred.queue.default.acl-administer-jobs" : "*",
    "dfs.namenode.stale.datanode.interval" : "30000",
    "mapred.output.key.class" : "WordPair",
    "dfs.block.access.key.update.interval" : "600",
    "mapred.skip.map.auto.incr.proc.count" : "true",
    "mapreduce.job.complete.cancel.delegation.tokens" : "true",
    "io.mapfile.bloom.size" : "1048576",
    "mapreduce.reduce.shuffle.connect.timeout" : "180000",
    "dfs.safemode.extension" : "30000",
    "mapred.jobtracker.blacklist.fault-timeout-window" : "180",
    "dfs.namenode.write.stale.datanode.ratio" : "0.5f",
    "hadoop.skip.worker.version.check" : "false",
    "tasktracker.http.threads" : "40",
    "net.topology.impl" : "org.apache.hadoop.net.NetworkTopology",
    "mapred.job.shuffle.merge.percent" : "0.7",
    "fs.ftp.impl" : "org.apache.hadoop.fs.ftp.FTPFileSystem",
    "user.name" : "trend-hadoop",
    "dfs.namenode.kerberos.internal.spnego.principal" : "${dfs.web.authentication.kerberos.principal}",
    "mapred.output.compress" : "true",
    "io.bytes.per.checksum" : "512",
    "mapred.combine.recordsBeforeProgress" : "10000",
    "mapred.healthChecker.script.timeout" : "600000",
    "topology.node.switch.mapping.impl" : "org.apache.hadoop.net.ScriptBasedMapping",
    "dfs.https.server.keystore.resource" : "ssl-server.xml",
    "mapred.reduce.slowstart.completed.maps" : "0.04",
    "mapred.reduce.max.attempts" : "4",
    "dfs.namenode.safemode.min.datanodes" : "0",
    "mapreduce.ifile.readahead.bytes" : "4194304",
    "fs.ramfs.impl" : "org.apache.hadoop.fs.InMemoryFileSystem",
    "dfs.block.access.token.lifetime" : "600",
    "mapred.skip.map.max.skip.records" : "0",
    "dfs.name.edits.dir" : "${dfs.name.dir}",
    "mapred.cluster.map.memory.mb" : "-1",
    "hadoop.security.group.mapping" : "org.apache.hadoop.security.ShellBasedUnixGroupsMapping",
    "mapred.job.tracker.persist.jobstatus.dir" : "/jobtracker/jobsInfo",
    "mapred.jar" : "hdfs://Master:9000/tmp/hadoop-trend-hadoop/mapred/staging/trend-hadoop/.staging/job_201407020230_0140/job.jar",
    "fs.s3.buffer.dir" : "${hadoop.tmp.dir}/s3",
    "dfs.block.size" : "67108864",
    "job.end.retry.attempts" : "0",
    "fs.file.impl" : "org.apache.hadoop.fs.LocalFileSystem",
    "dfs.namenode.avoid.write.stale.datanode" : "false",
    "dfs.datanode.max.xcievers" : "4096",
    "mapred.local.dir.minspacestart" : "0",
    "mapred.output.compression.type" : "RECORD",
    "dfs.datanode.ipc.address" : "0.0.0.0:50020",
    "dfs.permissions" : "true",
    "topology.script.number.args" : "100",
    "mapreduce.job.counters.groups.max" : "50",
    "io.mapfile.bloom.error.rate" : "0.005",
    "mapred.cluster.max.reduce.memory.mb" : "-1",
    "mapred.max.tracker.blacklists" : "4",
    "mapred.task.profile.maps" : "0-2",
    "mapred.jobtracker.jobSchedulable" : "org.apache.hadoop.mapred.JobSchedulable",
    "dfs.datanode.https.address" : "0.0.0.0:50475",
    "mapred.userlog.retain.hours" : "24",
    "dfs.secondary.http.address" : "0.0.0.0:50090",
    "dfs.namenode.replication.work.multiplier.per.iteration" : "2",
    "dfs.replication.max" : "512",
    "mapred.job.tracker.persist.jobstatus.active" : "false",
    "hadoop.security.authorization" : "false",
    "local.cache.size" : "10737418240",
    "mapred.min.split.size" : "201326592",
    "dfs.namenode.delegation.token.renew-interval" : "86400000",
    "mapred.map.tasks" : "43",
    "mapred.child.java.opts" : "-Xmx200m",
    "mapred.output.value.class" : "org.apache.hadoop.io.IntWritable",
    "dfs.https.client.keystore.resource" : "ssl-client.xml",
    "ipc.client.fallback-to-simple-auth-allowed" : "false",
    "mapred.job.queue.name" : "default",
    "mapred.job.tracker.retiredjobs.cache.size" : "1000",
    "dfs.https.address" : "0.0.0.0:50470",
    "dfs.balance.bandwidthPerSec" : "1048576",
    "ipc.server.listen.queue.size" : "128",
    "dfs.namenode.invalidate.work.pct.per.iteration" : "0.32f",
    "mapred.inmem.merge.threshold" : "1100",
    "job.end.retry.interval" : "30000",
    "mapred.skip.attempts.to.start.skipping" : "2",
    "mapreduce.tasktracker.outofband.heartbeat.damper" : "1000000",
    "hadoop.security.use-weak-http-crypto" : "false",
    "fs.checkpoint.dir" : "${hadoop.tmp.dir}/dfs/namesecondary",
    "dfs.namenode.avoid.read.stale.datanode" : "false",
    "mapred.reduce.tasks" : "5",
    "mapred.merge.recordsBeforeProgress" : "10000",
    "mapred.userlog.limit.kb" : "0",
    "mapred.job.reduce.memory.mb" : "-1",
    "webinterface.private.actions" : "false",
    "dfs.max.objects" : "0",
    "hadoop.security.token.service.use_ip" : "true",
    "io.sort.spill.percent" : "0.6",
    "mapred.job.shuffle.input.buffer.percent" : "0.5",
    "mapred.map.tasks.speculative.execution" : "true",
    "hadoop.http.authentication.type" : "simple",
    "mapred.job.name" : "pairs-co-occur",
    "hadoop.util.hash.type" : "murmur",
    "dfs.datanode.dns.nameserver" : "default",
    "hadoop.security.instrumentation.requires.admin" : "false",
    "dfs.blockreport.intervalMsec" : "3600000",
    "dfs.datanode.readahead.bytes" : "4193404",
    "mapred.map.max.attempts" : "4",
    "mapreduce.job.acl-view-job" : " ",
    "mapreduce.ifile.readahead" : "true",
    "mapred.jobtracker.nodegroup.aware" : "false",
    "mapred.job.tracker.handler.count" : "10",
    "dfs.client.block.write.retries" : "3",
    "mapreduce.reduce.shuffle.read.timeout" : "180000",
    "mapred.tasktracker.expiry.interval" : "600000",
    "dfs.secondary.namenode.kerberos.internal.spnego.principal" : "${dfs.web.authentication.kerberos.principal}",
    "dfs.https.enable" : "false",
    "mapred.jobtracker.job.history.block.size" : "3145728",
    "mapred.jobtracker.maxtasks.per.job" : "-1",
    "keep.failed.task.files" : "false",
    "dfs.datanode.use.datanode.hostname" : "false",
    "dfs.datanode.failed.volumes.tolerated" : "0",
    "ipc.client.tcpnodelay" : "false",
    "mapred.task.profile.reduces" : "0-2",
    "io.map.index.skip" : "0",
    "mapred.output.compression.codec" : "org.apache.hadoop.io.compress.DefaultCodec",
    "hadoop.http.authentication.token.validity" : "36000",
    "ipc.server.tcpnodelay" : "false",
    "hadoop.jetty.logs.serve.aliases" : "true",
    "mapred.working.dir" : "hdfs://Master:9000/user/trend-hadoop",
    "mapred.jobtracker.blacklist.fault-bucket-width" : "15",
    "dfs.namenode.delegation.key.update-interval" : "86400000",
    "mapred.used.genericoptionsparser" : "true",
    "mapred.job.map.memory.mb" : "-1",
    "mapred.mapper.new-api" : "true",
    "dfs.default.chunk.view.size" : "32768",
    "hadoop.logfile.size" : "10000000",
    "mapred.reduce.tasks.speculative.execution" : "true",
    "mapreduce.tasktracker.outofband.heartbeat" : "false",
    "mapreduce.job.dir" : "hdfs://Master:9000/tmp/hadoop-trend-hadoop/mapred/staging/trend-hadoop/.staging/job_201407020230_0140",
    "mapreduce.reduce.input.limit" : "-1",
    "dfs.datanode.du.reserved" : "0",
    "dfs.datanode.sync.behind.writes" : "false",
    "hadoop.security.authentication" : "simple",
    "fs.checkpoint.period" : "3600",
    "mapred.job.reuse.jvm.num.tasks" : "12",
    "dfs.web.ugi" : "webuser,webgroup",
    "mapred.jobtracker.completeuserjobs.maximum" : "100",
    "dfs.df.interval" : "60000",
    "mapred.task.tracker.task-controller" : "org.apache.hadoop.mapred.DefaultTaskController",
    "dfs.data.dir" : "${hadoop.tmp.dir}/dfs/data",
    "fs.s3.maxRetries" : "4",
    "dfs.datanode.dns.interface" : "default",
    "mapred.cluster.max.map.memory.mb" : "-1",
    "mapreduce.reduce.shuffle.maxfetchfailures" : "10",
    "mapred.map.child.java.opts" : "-Xmx900M",
    "mapreduce.job.acl-modify-job" : " ",
    "fs.hftp.impl" : "org.apache.hadoop.hdfs.HftpFileSystem",
    "mapred.local.dir" : "${hadoop.tmp.dir}/mapred/local",
    "dfs.permissions.supergroup" : "supergroup",
    "fs.s3.sleepTimeSeconds" : "10",
    "fs.trash.interval" : "0",
    "mapred.submit.replication" : "10",
    "dfs.replication.min" : "1",
    "fs.har.impl" : "org.apache.hadoop.fs.HarFileSystem",
    "hadoop.relaxed.worker.version.check" : "false",
    "mapred.map.output.compression.codec" : "org.apache.hadoop.io.compress.DefaultCodec",
    "mapred.tasktracker.dns.interface" : "default",
    "dfs.http.address" : "0.0.0.0:50070",
    "dfs.namenode.decommission.interval" : "30",
    "mapred.job.tracker" : "Master:9001",
    "dfs.heartbeat.interval" : "3",
    "hadoop.http.authentication.signature.secret.file" : "${user.home}/hadoop-http-auth-signature-secret",
    "io.seqfile.sorter.recordlimit" : "1000000",
    "mapreduce.job.submithost" : "Master",
    "dfs.name.dir" : "${hadoop.tmp.dir}/dfs/name",
    "mapred.jobtracker.taskScheduler" : "org.apache.hadoop.mapred.JobQueueTaskScheduler",
    "mapred.line.input.format.linespermap" : "1",
    "dfs.datanode.http.address" : "0.0.0.0:50075",
    "fs.webhdfs.impl" : "org.apache.hadoop.hdfs.web.WebHdfsFileSystem",
    "mapred.local.dir.minspacekill" : "0",
    "dfs.image.transfer.bandwidthPerSec" : "0",
    "dfs.replication.interval" : "3",
    "io.sort.record.percent" : "0.07",
    "hadoop.http.authentication.kerberos.principal" : "HTTP/localhost@LOCALHOST",
    "mapreduce.reduce.class" : "PairsReducer",
    "fs.kfs.impl" : "org.apache.hadoop.fs.kfs.KosmosFileSystem",
    "mapred.tasktracker.reduce.tasks.maximum" : "4",
    "mapred.temp.dir" : "${hadoop.tmp.dir}/mapred/temp",
    "dfs.replication" : "3",
    "fs.checkpoint.edits.dir" : "${fs.checkpoint.dir}",
    "mapreduce.jobhistory.max-age-ms" : "2592000000",
    "mapred.tasktracker.tasks.sleeptime-before-sigkill" : "5000",
    "mapred.job.reduce.input.buffer.percent" : "0.8",
    "mapred.tasktracker.indexcache.mb" : "10",
    "dfs.webhdfs.enabled" : "false",
    "mapreduce.job.split.metainfo.maxsize" : "10000000",
    "hadoop.logfile.count" : "10",
    "mapred.skip.reduce.auto.incr.proc.count" : "true",
    "mapreduce.job.submithostaddress" : "192.168.168.50",
    "io.seqfile.compress.blocksize" : "1000000",
    "fs.s3.block.size" : "67108864",
    "mapred.tasktracker.taskmemorymanager.monitoring-interval" : "5000",
    "hadoop.http.authentication.simple.anonymous.allowed" : "true",
    "mapreduce.jobtracker.staging.root.dir" : "${hadoop.tmp.dir}/mapred/staging",
    "mapred.acls.enabled" : "false",
    "mapred.queue.default.state" : "RUNNING",
    "mapred.queue.names" : "default",
    "fs.hsftp.impl" : "org.apache.hadoop.hdfs.HsftpFileSystem",
    "dfs.access.time.precision" : "3600000",
    "mapred.task.tracker.http.address" : "0.0.0.0:50060",
    "mapreduce.combine.class" : "PairsReducer",
    "io.seqfile.lazydecompress" : "true",
    "mapred.reduce.parallel.copies" : "5",
    "mapred.disk.healthChecker.interval" : "60000",
    "mapred.output.dir" : "/wiki-out",
    "ipc.client.connection.maxidletime" : "10000",
    "io.sort.mb" : "300",
    "mapred.reduce.child.java.opts" : "-Xmx900M",
    "mapred.task.tracker.report.address" : "127.0.0.1:0",
    "hadoop.security.uid.cache.secs" : "14400",
    "mapred.compress.map.output" : "false",
    "ipc.client.kill.max" : "10",
    "mapred.healthChecker.interval" : "60000",
    "ipc.client.connect.max.retries" : "10",
    "mapreduce.map.class" : "PairsOccurrenceMapper",
    "fs.s3.impl" : "org.apache.hadoop.fs.s3.S3FileSystem",
    "mapred.user.jobconf.limit" : "5242880",
    "mapreduce.job.counters.group.name.max" : "128",
    "mapred.job.tracker.http.address" : "0.0.0.0:50030",
    "mapred.input.dir" : "hdfs://Master:9000/wiki-in500M",
    "io.file.buffer.size" : "4096",
    "mapred.jobtracker.restart.recover" : "false",
    "io.serializations" : "org.apache.hadoop.io.serializer.WritableSerialization",
    "mapred.task.profile" : "false",
    "dfs.datanode.handler.count" : "3",
    "mapreduce.input.num.files" : "43",
    "mapreduce.jobhistory.cleaner.interval-ms" : "86400000",
    "dfs.replication.considerLoad" : "true",
    "jobclient.output.filter" : "FAILED",
    "dfs.namenode.edits.toleration.length" : "0",
    "hadoop.http.authentication.kerberos.keytab" : "${user.home}/hadoop.keytab",
    "dfs.namenode.delegation.token.max-lifetime" : "604800000",
    "mapred.tasktracker.map.tasks.maximum" : "1",
    "fs.checkpoint.size" : "67108864",
    "io.compression.codecs" : "org.apache.hadoop.io.compress.DefaultCodec,org.apache.hadoop.io.compress.GzipCodec,org.apache.hadoop.io.compress.BZip2Codec,org.apache.hadoop.io.compress.SnappyCodec",
    "mapreduce.job.counters.counter.name.max" : "64"
  },
  "computonsPerMapInputByte" : -1,
  "computonsPerMapOutputByte" : -1,
  "computonsPerReduceInputByte" : -1,
  "computonsPerReduceOutputByte" : -1,
  "heapMegabytes" : 200,
  "outcome" : "SUCCESS",
  "jobtype" : "JAVA",
  "directDependantJobs" : [ ],
  "successfulMapAttemptCDFs" : [ {
    "minimum" : 75917,
    "maximum" : 170148,
    "rankings" : [ {
      "datum" : 75917,
      "relativeRanking" : 0.05
    }, {
      "datum" : 78536,
      "relativeRanking" : 0.1
    }, {
      "datum" : 81758,
      "relativeRanking" : 0.15
    }, {
      "datum" : 83108,
      "relativeRanking" : 0.2
    }, {
      "datum" : 84362,
      "relativeRanking" : 0.25
    }, {
      "datum" : 88043,
      "relativeRanking" : 0.3
    }, {
      "datum" : 89237,
      "relativeRanking" : 0.35
    }, {
      "datum" : 89349,
      "relativeRanking" : 0.4
    }, {
      "datum" : 89800,
      "relativeRanking" : 0.45
    }, {
      "datum" : 90070,
      "relativeRanking" : 0.5
    }, {
      "datum" : 90242,
      "relativeRanking" : 0.55
    }, {
      "datum" : 108042,
      "relativeRanking" : 0.6
    }, {
      "datum" : 108272,
      "relativeRanking" : 0.65
    }, {
      "datum" : 109207,
      "relativeRanking" : 0.7
    }, {
      "datum" : 110490,
      "relativeRanking" : 0.75
    }, {
      "datum" : 120676,
      "relativeRanking" : 0.8
    }, {
      "datum" : 124415,
      "relativeRanking" : 0.85
    }, {
      "datum" : 125901,
      "relativeRanking" : 0.9
    }, {
      "datum" : 128505,
      "relativeRanking" : 0.95
    } ],
    "numberValues" : 39
  }, {
    "minimum" : 15174,
    "maximum" : 105948,
    "rankings" : [ {
      "datum" : 15174,
      "relativeRanking" : 0.05
    }, {
      "datum" : 15174,
      "relativeRanking" : 0.1
    }, {
      "datum" : 15174,
      "relativeRanking" : 0.15
    }, {
      "datum" : 15174,
      "relativeRanking" : 0.2
    }, {
      "datum" : 15174,
      "relativeRanking" : 0.25
    }, {
      "datum" : 15174,
      "relativeRanking" : 0.3
    }, {
      "datum" : 15174,
      "relativeRanking" : 0.35
    }, {
      "datum" : 15174,
      "relativeRanking" : 0.4
    }, {
      "datum" : 15174,
      "relativeRanking" : 0.45
    }, {
      "datum" : 80730,
      "relativeRanking" : 0.5
    }, {
      "datum" : 80730,
      "relativeRanking" : 0.55
    }, {
      "datum" : 80730,
      "relativeRanking" : 0.6
    }, {
      "datum" : 80730,
      "relativeRanking" : 0.65
    }, {
      "datum" : 80730,
      "relativeRanking" : 0.7
    }, {
      "datum" : 84696,
      "relativeRanking" : 0.75
    }, {
      "datum" : 84696,
      "relativeRanking" : 0.8
    }, {
      "datum" : 84696,
      "relativeRanking" : 0.85
    }, {
      "datum" : 84696,
      "relativeRanking" : 0.9
    }, {
      "datum" : 84696,
      "relativeRanking" : 0.95
    } ],
    "numberValues" : 4
  }, {
    "minimum" : -9223372036854775808,
    "maximum" : 9223372036854775807,
    "rankings" : [ ],
    "numberValues" : 0
  }, {
    "minimum" : -9223372036854775808,
    "maximum" : 9223372036854775807,
    "rankings" : [ ],
    "numberValues" : 0
  } ],
  "failedMapAttemptCDFs" : [ {
    "minimum" : -9223372036854775808,
    "maximum" : 9223372036854775807,
    "rankings" : [ ],
    "numberValues" : 0
  }, {
    "minimum" : -9223372036854775808,
    "maximum" : 9223372036854775807,
    "rankings" : [ ],
    "numberValues" : 0
  }, {
    "minimum" : -9223372036854775808,
    "maximum" : 9223372036854775807,
    "rankings" : [ ],
    "numberValues" : 0
  }, {
    "minimum" : -9223372036854775808,
    "maximum" : 9223372036854775807,
    "rankings" : [ ],
    "numberValues" : 0
  } ],
  "successfulReduceAttemptCDF" : {
    "minimum" : 419798,
    "maximum" : 484782,
    "rankings" : [ {
      "datum" : 419798,
      "relativeRanking" : 0.05
    }, {
      "datum" : 419798,
      "relativeRanking" : 0.1
    }, {
      "datum" : 419798,
      "relativeRanking" : 0.15
    }, {
      "datum" : 419798,
      "relativeRanking" : 0.2
    }, {
      "datum" : 419798,
      "relativeRanking" : 0.25
    }, {
      "datum" : 419798,
      "relativeRanking" : 0.3
    }, {
      "datum" : 419798,
      "relativeRanking" : 0.35
    }, {
      "datum" : 432350,
      "relativeRanking" : 0.4
    }, {
      "datum" : 432350,
      "relativeRanking" : 0.45
    }, {
      "datum" : 432350,
      "relativeRanking" : 0.5
    }, {
      "datum" : 432350,
      "relativeRanking" : 0.55
    }, {
      "datum" : 437955,
      "relativeRanking" : 0.6
    }, {
      "datum" : 437955,
      "relativeRanking" : 0.65
    }, {
      "datum" : 437955,
      "relativeRanking" : 0.7
    }, {
      "datum" : 437955,
      "relativeRanking" : 0.75
    }, {
      "datum" : 445898,
      "relativeRanking" : 0.8
    }, {
      "datum" : 445898,
      "relativeRanking" : 0.85
    }, {
      "datum" : 445898,
      "relativeRanking" : 0.9
    }, {
      "datum" : 445898,
      "relativeRanking" : 0.95
    } ],
    "numberValues" : 5
  },
  "failedReduceAttemptCDF" : {
    "minimum" : -9223372036854775808,
    "maximum" : 9223372036854775807,
    "rankings" : [ ],
    "numberValues" : 0
  },
  "mapperTriesToSucceed" : [ 1.0 ],
  "failedMapperFraction" : 0.0,
  "relativeTime" : 0,
  "clusterMapMB" : -1,
  "clusterReduceMB" : -1,
  "jobMapMB" : 200,
  "jobReduceMB" : 200,
  "submitTime" : 1404340091994,
  "launchTime" : 1404340092103,
  "totalMaps" : 43,
  "totalReduces" : 5,
  "otherTasks" : [ {
    "startTime" : 1404340092170,
    "attempts" : [ {
      "result" : "SUCCESS",
      "location" : {
        "layers" : [ "default-rack", "Slave4" ]
      },
      "hostName" : "/default-rack/Slave4",
      "startTime" : 1404250950195,
      "finishTime" : 1404250952121,
      "attemptID" : "attempt_201407020230_0140_m_000044_0",
      "shuffleFinished" : -1,
      "sortFinished" : -1,
      "hdfsBytesRead" : -1,
      "hdfsBytesWritten" : -1,
      "fileBytesRead" : -1,
      "fileBytesWritten" : 59468,
      "mapInputRecords" : -1,
      "mapOutputBytes" : -1,
      "mapOutputRecords" : -1,
      "combineInputRecords" : -1,
      "reduceInputGroups" : -1,
      "reduceInputRecords" : -1,
      "reduceShuffleBytes" : -1,
      "reduceOutputRecords" : -1,
      "spilledRecords" : 0,
      "mapInputBytes" : -1,
      "resourceUsageMetrics" : {
        "cumulativeCpuUsage" : 200,
        "virtualMemoryUsage" : 1537921024,
        "physicalMemoryUsage" : 121888768,
        "heapUsage" : 504889344
      }
    } ],
    "finishTime" : 1404340094287,
    "preferredLocations" : [ ],
    "taskType" : "SETUP",
    "taskStatus" : "SUCCESS",
    "taskID" : "task_201407020230_0140_m_000044",
    "inputBytes" : -1,
    "inputRecords" : -1,
    "outputBytes" : -1,
    "outputRecords" : -1
  }, {
    "startTime" : 1404340687812,
    "attempts" : [ {
      "result" : "SUCCESS",
      "location" : {
        "layers" : [ "default-rack", "Slave4" ]
      },
      "hostName" : "/default-rack/Slave4",
      "startTime" : 1404251545694,
      "finishTime" : 1404251545965,
      "attemptID" : "attempt_201407020230_0140_m_000043_0",
      "shuffleFinished" : -1,
      "sortFinished" : -1,
      "hdfsBytesRead" : -1,
      "hdfsBytesWritten" : -1,
      "fileBytesRead" : -1,
      "fileBytesWritten" : 59468,
      "mapInputRecords" : -1,
      "mapOutputBytes" : -1,
      "mapOutputRecords" : -1,
      "combineInputRecords" : -1,
      "reduceInputGroups" : -1,
      "reduceInputRecords" : -1,
      "reduceShuffleBytes" : -1,
      "reduceOutputRecords" : -1,
      "spilledRecords" : 0,
      "mapInputBytes" : -1,
      "resourceUsageMetrics" : {
        "cumulativeCpuUsage" : 40,
        "virtualMemoryUsage" : 1544785920,
        "physicalMemoryUsage" : 1025433600,
        "heapUsage" : 943194112
      }
    } ],
    "finishTime" : 1404340688115,
    "preferredLocations" : [ ],
    "taskType" : "CLEANUP",
    "taskStatus" : "SUCCESS",
    "taskID" : "task_201407020230_0140_m_000043",
    "inputBytes" : -1,
    "inputRecords" : -1,
    "outputBytes" : -1,
    "outputRecords" : -1
  } ]
}