{
  "priority" : "NORMAL",
  "jobID" : "job_201407020230_0493",
  "user" : "trend-hadoop",
  "jobName" : "pairs-co-occur",
  "mapTasks" : [ {
    "startTime" : 1404641959630,
    "attempts" : [ {
      "location" : {
        "layers" : [ "default-rack", "Master" ]
      },
      "hostName" : "/default-rack/Master",
      "result" : "SUCCESS",
      "startTime" : 1404641959633,
      "finishTime" : 1404642072603,
      "attemptID" : "attempt_201407020230_0493_m_000000_0",
      "shuffleFinished" : -1,
      "sortFinished" : -1,
      "hdfsBytesRead" : 12575747,
      "hdfsBytesWritten" : -1,
      "fileBytesRead" : 129352008,
      "fileBytesWritten" : 205354289,
      "mapInputRecords" : 70292,
      "mapOutputBytes" : 125852860,
      "mapOutputRecords" : 7625586,
      "combineInputRecords" : 12612055,
      "reduceInputGroups" : -1,
      "reduceInputRecords" : -1,
      "reduceShuffleBytes" : -1,
      "reduceOutputRecords" : -1,
      "spilledRecords" : 10198377,
      "mapInputBytes" : -1,
      "resourceUsageMetrics" : {
        "cumulativeCpuUsage" : 130070,
        "virtualMemoryUsage" : 1541234688,
        "physicalMemoryUsage" : 696438784,
        "heapUsage" : 840957952
      }
    } ],
    "finishTime" : 1404642072775,
    "preferredLocations" : [ {
      "layers" : [ "default-rack", "Master" ]
    }, {
      "layers" : [ "default-rack", "Slave1" ]
    }, {
      "layers" : [ "default-rack", "Slave5" ]
    } ],
    "taskType" : "MAP",
    "taskStatus" : "SUCCESS",
    "taskID" : "task_201407020230_0493_m_000000",
    "inputBytes" : 12575747,
    "inputRecords" : 70292,
    "outputBytes" : 205354289,
    "outputRecords" : 7625586
  }, {
    "startTime" : 1404641959630,
    "attempts" : [ {
      "location" : {
        "layers" : [ "default-rack", "Master" ]
      },
      "hostName" : "/default-rack/Master",
      "result" : "SUCCESS",
      "startTime" : 1404641959633,
      "finishTime" : 1404642073486,
      "attemptID" : "attempt_201407020230_0493_m_000001_0",
      "shuffleFinished" : -1,
      "sortFinished" : -1,
      "hdfsBytesRead" : 12555263,
      "hdfsBytesWritten" : -1,
      "fileBytesRead" : 130854690,
      "fileBytesWritten" : 207875034,
      "mapInputRecords" : 69442,
      "mapOutputBytes" : 125838118,
      "mapOutputRecords" : 7636470,
      "combineInputRecords" : 12689383,
      "reduceInputGroups" : -1,
      "reduceInputRecords" : -1,
      "reduceShuffleBytes" : -1,
      "reduceOutputRecords" : -1,
      "spilledRecords" : 10332399,
      "mapInputBytes" : -1,
      "resourceUsageMetrics" : {
        "cumulativeCpuUsage" : 132990,
        "virtualMemoryUsage" : 1541079040,
        "physicalMemoryUsage" : 697327616,
        "heapUsage" : 840957952
      }
    } ],
    "finishTime" : 1404642073683,
    "preferredLocations" : [ {
      "layers" : [ "default-rack", "Master" ]
    }, {
      "layers" : [ "default-rack", "Slave4" ]
    }, {
      "layers" : [ "default-rack", "Slave5" ]
    } ],
    "taskType" : "MAP",
    "taskStatus" : "SUCCESS",
    "taskID" : "task_201407020230_0493_m_000001",
    "inputBytes" : 12555263,
    "inputRecords" : 69442,
    "outputBytes" : 207875034,
    "outputRecords" : 7636470
  }, {
    "startTime" : 1404641959652,
    "attempts" : [ {
      "location" : {
        "layers" : [ "default-rack", "Slave6" ]
      },
      "hostName" : "/default-rack/Slave6",
      "result" : "SUCCESS",
      "startTime" : 1404640773146,
      "finishTime" : 1404640903857,
      "attemptID" : "attempt_201407020230_0493_m_000003_0",
      "shuffleFinished" : -1,
      "sortFinished" : -1,
      "hdfsBytesRead" : 12540113,
      "hdfsBytesWritten" : -1,
      "fileBytesRead" : 130594361,
      "fileBytesWritten" : 207255853,
      "mapInputRecords" : 72022,
      "mapOutputBytes" : 125290022,
      "mapOutputRecords" : 7580298,
      "combineInputRecords" : 12598177,
      "reduceInputGroups" : -1,
      "reduceInputRecords" : -1,
      "reduceShuffleBytes" : -1,
      "reduceOutputRecords" : -1,
      "spilledRecords" : 10274265,
      "mapInputBytes" : -1,
      "resourceUsageMetrics" : {
        "cumulativeCpuUsage" : 146550,
        "virtualMemoryUsage" : 1540792320,
        "physicalMemoryUsage" : 713306112,
        "heapUsage" : 856686592
      }
    } ],
    "finishTime" : 1404642090751,
    "preferredLocations" : [ {
      "layers" : [ "default-rack", "Master" ]
    }, {
      "layers" : [ "default-rack", "Slave7" ]
    }, {
      "layers" : [ "default-rack", "Slave6" ]
    } ],
    "taskType" : "MAP",
    "taskStatus" : "SUCCESS",
    "taskID" : "task_201407020230_0493_m_000003",
    "inputBytes" : 12540113,
    "inputRecords" : 72022,
    "outputBytes" : 207255853,
    "outputRecords" : 7580298
  }, {
    "startTime" : 1404641959652,
    "attempts" : [ {
      "location" : {
        "layers" : [ "default-rack", "Slave6" ]
      },
      "hostName" : "/default-rack/Slave6",
      "result" : "SUCCESS",
      "startTime" : 1404640773146,
      "finishTime" : 1404640903682,
      "attemptID" : "attempt_201407020230_0493_m_000005_0",
      "shuffleFinished" : -1,
      "sortFinished" : -1,
      "hdfsBytesRead" : 12525989,
      "hdfsBytesWritten" : -1,
      "fileBytesRead" : 131286465,
      "fileBytesWritten" : 208297813,
      "mapInputRecords" : 70212,
      "mapOutputBytes" : 125295674,
      "mapOutputRecords" : 7572980,
      "combineInputRecords" : 12605606,
      "reduceInputGroups" : -1,
      "reduceInputRecords" : -1,
      "reduceShuffleBytes" : -1,
      "reduceOutputRecords" : -1,
      "spilledRecords" : 10314841,
      "mapInputBytes" : -1,
      "resourceUsageMetrics" : {
        "cumulativeCpuUsage" : 147070,
        "virtualMemoryUsage" : 1541042176,
        "physicalMemoryUsage" : 714018816,
        "heapUsage" : 853016576
      }
    } ],
    "finishTime" : 1404642090449,
    "preferredLocations" : [ {
      "layers" : [ "default-rack", "Master" ]
    }, {
      "layers" : [ "default-rack", "Slave6" ]
    }, {
      "layers" : [ "default-rack", "Slave7" ]
    } ],
    "taskType" : "MAP",
    "taskStatus" : "SUCCESS",
    "taskID" : "task_201407020230_0493_m_000005",
    "inputBytes" : 12525989,
    "inputRecords" : 70212,
    "outputBytes" : 208297813,
    "outputRecords" : 7572980
  }, {
    "startTime" : 1404641959706,
    "attempts" : [ {
      "location" : {
        "layers" : [ "default-rack", "Slave4" ]
      },
      "hostName" : "/default-rack/Slave4",
      "result" : "SUCCESS",
      "startTime" : 1404552802019,
      "finishTime" : 1404552976363,
      "attemptID" : "attempt_201407020230_0493_m_000004_0",
      "shuffleFinished" : -1,
      "sortFinished" : -1,
      "hdfsBytesRead" : 12526971,
      "hdfsBytesWritten" : -1,
      "fileBytesRead" : 129911735,
      "fileBytesWritten" : 206369830,
      "mapInputRecords" : 72153,
      "mapOutputBytes" : 125092470,
      "mapOutputRecords" : 7561714,
      "combineInputRecords" : 12549855,
      "reduceInputGroups" : -1,
      "reduceInputRecords" : -1,
      "reduceShuffleBytes" : -1,
      "reduceOutputRecords" : -1,
      "spilledRecords" : 10217498,
      "mapInputBytes" : -1,
      "resourceUsageMetrics" : {
        "cumulativeCpuUsage" : 194570,
        "virtualMemoryUsage" : 1541394432,
        "physicalMemoryUsage" : 714788864,
        "heapUsage" : 853540864
      }
    } ],
    "finishTime" : 1404642134258,
    "preferredLocations" : [ {
      "layers" : [ "default-rack", "Master" ]
    }, {
      "layers" : [ "default-rack", "Slave4" ]
    }, {
      "layers" : [ "default-rack", "Slave5" ]
    } ],
    "taskType" : "MAP",
    "taskStatus" : "SUCCESS",
    "taskID" : "task_201407020230_0493_m_000004",
    "inputBytes" : 12526971,
    "inputRecords" : 72153,
    "outputBytes" : 206369830,
    "outputRecords" : 7561714
  }, {
    "startTime" : 1404641959706,
    "attempts" : [ {
      "location" : {
        "layers" : [ "default-rack", "Slave4" ]
      },
      "hostName" : "/default-rack/Slave4",
      "result" : "SUCCESS",
      "startTime" : 1404552802020,
      "finishTime" : 1404552974100,
      "attemptID" : "attempt_201407020230_0493_m_000014_0",
      "shuffleFinished" : -1,
      "sortFinished" : -1,
      "hdfsBytesRead" : 12456134,
      "hdfsBytesWritten" : -1,
      "fileBytesRead" : 129246172,
      "fileBytesWritten" : 205371786,
      "mapInputRecords" : 71413,
      "mapOutputBytes" : 124330098,
      "mapOutputRecords" : 7501734,
      "combineInputRecords" : 12449757,
      "reduceInputGroups" : -1,
      "reduceInputRecords" : -1,
      "reduceShuffleBytes" : -1,
      "reduceOutputRecords" : -1,
      "spilledRecords" : 10151878,
      "mapInputBytes" : -1,
      "resourceUsageMetrics" : {
        "cumulativeCpuUsage" : 193340,
        "virtualMemoryUsage" : 1541865472,
        "physicalMemoryUsage" : 714346496,
        "heapUsage" : 860356608
      }
    } ],
    "finishTime" : 1404642132139,
    "preferredLocations" : [ {
      "layers" : [ "default-rack", "Master" ]
    }, {
      "layers" : [ "default-rack", "Slave4" ]
    }, {
      "layers" : [ "default-rack", "Slave2" ]
    } ],
    "taskType" : "MAP",
    "taskStatus" : "SUCCESS",
    "taskID" : "task_201407020230_0493_m_000014",
    "inputBytes" : 12456134,
    "inputRecords" : 71413,
    "outputBytes" : 205371786,
    "outputRecords" : 7501734
  }, {
    "startTime" : 1404641959803,
    "attempts" : [ {
      "location" : {
        "layers" : [ "default-rack", "Slave2" ]
      },
      "hostName" : "/default-rack/Slave2",
      "result" : "SUCCESS",
      "startTime" : 1404642454407,
      "finishTime" : 1404642566263,
      "attemptID" : "attempt_201407020230_0493_m_000002_0",
      "shuffleFinished" : -1,
      "sortFinished" : -1,
      "hdfsBytesRead" : 12542322,
      "hdfsBytesWritten" : -1,
      "fileBytesRead" : 130832564,
      "fileBytesWritten" : 207766786,
      "mapInputRecords" : 70209,
      "mapOutputBytes" : 125610444,
      "mapOutputRecords" : 7621040,
      "combineInputRecords" : 12665551,
      "reduceInputGroups" : -1,
      "reduceInputRecords" : -1,
      "reduceShuffleBytes" : -1,
      "reduceOutputRecords" : -1,
      "spilledRecords" : 10330464,
      "mapInputBytes" : -1,
      "resourceUsageMetrics" : {
        "cumulativeCpuUsage" : 129700,
        "virtualMemoryUsage" : 1543634944,
        "physicalMemoryUsage" : 699801600,
        "heapUsage" : 840957952
      }
    } ],
    "finishTime" : 1404642071821,
    "preferredLocations" : [ {
      "layers" : [ "default-rack", "Master" ]
    }, {
      "layers" : [ "default-rack", "Slave3" ]
    }, {
      "layers" : [ "default-rack", "Slave2" ]
    } ],
    "taskType" : "MAP",
    "taskStatus" : "SUCCESS",
    "taskID" : "task_201407020230_0493_m_000002",
    "inputBytes" : 12542322,
    "inputRecords" : 70209,
    "outputBytes" : 207766786,
    "outputRecords" : 7621040
  }, {
    "startTime" : 1404641959803,
    "attempts" : [ {
      "location" : {
        "layers" : [ "default-rack", "Slave2" ]
      },
      "hostName" : "/default-rack/Slave2",
      "result" : "SUCCESS",
      "startTime" : 1404642454407,
      "finishTime" : 1404642567448,
      "attemptID" : "attempt_201407020230_0493_m_000009_0",
      "shuffleFinished" : -1,
      "sortFinished" : -1,
      "hdfsBytesRead" : 12485810,
      "hdfsBytesWritten" : -1,
      "fileBytesRead" : 130502526,
      "fileBytesWritten" : 206901393,
      "mapInputRecords" : 70334,
      "mapOutputBytes" : 124907300,
      "mapOutputRecords" : 7560118,
      "combineInputRecords" : 12567318,
      "reduceInputGroups" : -1,
      "reduceInputRecords" : -1,
      "reduceShuffleBytes" : -1,
      "reduceOutputRecords" : -1,
      "spilledRecords" : 10258558,
      "mapInputBytes" : -1,
      "resourceUsageMetrics" : {
        "cumulativeCpuUsage" : 129680,
        "virtualMemoryUsage" : 1543077888,
        "physicalMemoryUsage" : 698474496,
        "heapUsage" : 840957952
      }
    } ],
    "finishTime" : 1404642073030,
    "preferredLocations" : [ {
      "layers" : [ "default-rack", "Master" ]
    }, {
      "layers" : [ "default-rack", "Slave1" ]
    }, {
      "layers" : [ "default-rack", "Slave2" ]
    } ],
    "taskType" : "MAP",
    "taskStatus" : "SUCCESS",
    "taskID" : "task_201407020230_0493_m_000009",
    "inputBytes" : 12485810,
    "inputRecords" : 70334,
    "outputBytes" : 206901393,
    "outputRecords" : 7560118
  }, {
    "startTime" : 1404641959895,
    "attempts" : [ {
      "location" : {
        "layers" : [ "default-rack", "Slave3" ]
      },
      "hostName" : "/default-rack/Slave3",
      "result" : "SUCCESS",
      "startTime" : 1404640598639,
      "finishTime" : 1404640729348,
      "attemptID" : "attempt_201407020230_0493_m_000006_0",
      "shuffleFinished" : -1,
      "sortFinished" : -1,
      "hdfsBytesRead" : 12523520,
      "hdfsBytesWritten" : -1,
      "fileBytesRead" : 130558436,
      "fileBytesWritten" : 206945407,
      "mapInputRecords" : 69336,
      "mapOutputBytes" : 125405284,
      "mapOutputRecords" : 7592280,
      "combineInputRecords" : 12607782,
      "reduceInputGroups" : -1,
      "reduceInputRecords" : -1,
      "reduceShuffleBytes" : -1,
      "reduceOutputRecords" : -1,
      "spilledRecords" : 10266941,
      "mapInputBytes" : -1,
      "resourceUsageMetrics" : {
        "cumulativeCpuUsage" : 146810,
        "virtualMemoryUsage" : 1543200768,
        "physicalMemoryUsage" : 715239424,
        "heapUsage" : 858259456
      }
    } ],
    "finishTime" : 1404642090769,
    "preferredLocations" : [ {
      "layers" : [ "default-rack", "Master" ]
    }, {
      "layers" : [ "default-rack", "Slave7" ]
    }, {
      "layers" : [ "default-rack", "Slave3" ]
    } ],
    "taskType" : "MAP",
    "taskStatus" : "SUCCESS",
    "taskID" : "task_201407020230_0493_m_000006",
    "inputBytes" : 12523520,
    "inputRecords" : 69336,
    "outputBytes" : 206945407,
    "outputRecords" : 7592280
  }, {
    "startTime" : 1404641959895,
    "attempts" : [ {
      "location" : {
        "layers" : [ "default-rack", "Slave3" ]
      },
      "hostName" : "/default-rack/Slave3",
      "result" : "SUCCESS",
      "startTime" : 1404640598640,
      "finishTime" : 1404640735185,
      "attemptID" : "attempt_201407020230_0493_m_000007_0",
      "shuffleFinished" : -1,
      "sortFinished" : -1,
      "hdfsBytesRead" : 12507171,
      "hdfsBytesWritten" : -1,
      "fileBytesRead" : 131090863,
      "fileBytesWritten" : 207935973,
      "mapInputRecords" : 69080,
      "mapOutputBytes" : 125267238,
      "mapOutputRecords" : 7584834,
      "combineInputRecords" : 12619976,
      "reduceInputGroups" : -1,
      "reduceInputRecords" : -1,
      "reduceShuffleBytes" : -1,
      "reduceOutputRecords" : -1,
      "spilledRecords" : 10315324,
      "mapInputBytes" : -1,
      "resourceUsageMetrics" : {
        "cumulativeCpuUsage" : 154300,
        "virtualMemoryUsage" : 1541767168,
        "physicalMemoryUsage" : 715993088,
        "heapUsage" : 862453760
      }
    } ],
    "finishTime" : 1404642096822,
    "preferredLocations" : [ {
      "layers" : [ "default-rack", "Master" ]
    }, {
      "layers" : [ "default-rack", "Slave5" ]
    }, {
      "layers" : [ "default-rack", "Slave3" ]
    } ],
    "taskType" : "MAP",
    "taskStatus" : "SUCCESS",
    "taskID" : "task_201407020230_0493_m_000007",
    "inputBytes" : 12507171,
    "inputRecords" : 69080,
    "outputBytes" : 207935973,
    "outputRecords" : 7584834
  }, {
    "startTime" : 1404641959902,
    "attempts" : [ {
      "location" : {
        "layers" : [ "default-rack", "Slave7" ]
      },
      "hostName" : "/default-rack/Slave7",
      "result" : "SUCCESS",
      "startTime" : 1404641958078,
      "finishTime" : 1404642081219,
      "attemptID" : "attempt_201407020230_0493_m_000012_0",
      "shuffleFinished" : -1,
      "sortFinished" : -1,
      "hdfsBytesRead" : 12470000,
      "hdfsBytesWritten" : -1,
      "fileBytesRead" : 130436458,
      "fileBytesWritten" : 206697494,
      "mapInputRecords" : 67323,
      "mapOutputBytes" : 125064940,
      "mapOutputRecords" : 7578560,
      "combineInputRecords" : 12591393,
      "reduceInputGroups" : -1,
      "reduceInputRecords" : -1,
      "reduceShuffleBytes" : -1,
      "reduceOutputRecords" : -1,
      "spilledRecords" : 10256772,
      "mapInputBytes" : -1,
      "resourceUsageMetrics" : {
        "cumulativeCpuUsage" : 138680,
        "virtualMemoryUsage" : 1542381568,
        "physicalMemoryUsage" : 714510336,
        "heapUsage" : 864550912
      }
    } ],
    "finishTime" : 1404642083204,
    "preferredLocations" : [ {
      "layers" : [ "default-rack", "Master" ]
    }, {
      "layers" : [ "default-rack", "Slave1" ]
    }, {
      "layers" : [ "default-rack", "Slave7" ]
    } ],
    "taskType" : "MAP",
    "taskStatus" : "SUCCESS",
    "taskID" : "task_201407020230_0493_m_000012",
    "inputBytes" : 12470000,
    "inputRecords" : 67323,
    "outputBytes" : 206697494,
    "outputRecords" : 7578560
  }, {
    "startTime" : 1404641959902,
    "attempts" : [ {
      "location" : {
        "layers" : [ "default-rack", "Slave7" ]
      },
      "hostName" : "/default-rack/Slave7",
      "result" : "SUCCESS",
      "startTime" : 1404641958078,
      "finishTime" : 1404642080635,
      "attemptID" : "attempt_201407020230_0493_m_000013_0",
      "shuffleFinished" : -1,
      "sortFinished" : -1,
      "hdfsBytesRead" : 12458709,
      "hdfsBytesWritten" : -1,
      "fileBytesRead" : 130904802,
      "fileBytesWritten" : 207697093,
      "mapInputRecords" : 69176,
      "mapOutputBytes" : 124715750,
      "mapOutputRecords" : 7545516,
      "combineInputRecords" : 12564808,
      "reduceInputGroups" : -1,
      "reduceInputRecords" : -1,
      "reduceShuffleBytes" : -1,
      "reduceOutputRecords" : -1,
      "spilledRecords" : 10296073,
      "mapInputBytes" : -1,
      "resourceUsageMetrics" : {
        "cumulativeCpuUsage" : 138050,
        "virtualMemoryUsage" : 1540743168,
        "physicalMemoryUsage" : 714539008,
        "heapUsage" : 854065152
      }
    } ],
    "finishTime" : 1404642082600,
    "preferredLocations" : [ {
      "layers" : [ "default-rack", "Master" ]
    }, {
      "layers" : [ "default-rack", "Slave6" ]
    }, {
      "layers" : [ "default-rack", "Slave7" ]
    } ],
    "taskType" : "MAP",
    "taskStatus" : "SUCCESS",
    "taskID" : "task_201407020230_0493_m_000013",
    "inputBytes" : 12458709,
    "inputRecords" : 69176,
    "outputBytes" : 207697093,
    "outputRecords" : 7545516
  }, {
    "startTime" : 1404641959905,
    "attempts" : [ {
      "location" : {
        "layers" : [ "default-rack", "Slave1" ]
      },
      "hostName" : "/default-rack/Slave1",
      "result" : "SUCCESS",
      "startTime" : 1404641545773,
      "finishTime" : 1404641658357,
      "attemptID" : "attempt_201407020230_0493_m_000008_0",
      "shuffleFinished" : -1,
      "sortFinished" : -1,
      "hdfsBytesRead" : 12506379,
      "hdfsBytesWritten" : -1,
      "fileBytesRead" : 130909337,
      "fileBytesWritten" : 207795587,
      "mapInputRecords" : 70622,
      "mapOutputBytes" : 125104624,
      "mapOutputRecords" : 7574726,
      "combineInputRecords" : 12613215,
      "reduceInputGroups" : -1,
      "reduceInputRecords" : -1,
      "reduceShuffleBytes" : -1,
      "reduceOutputRecords" : -1,
      "spilledRecords" : 10314094,
      "mapInputBytes" : -1,
      "resourceUsageMetrics" : {
        "cumulativeCpuUsage" : 128420,
        "virtualMemoryUsage" : 1540222976,
        "physicalMemoryUsage" : 697221120,
        "heapUsage" : 840957952
      }
    } ],
    "finishTime" : 1404642072809,
    "preferredLocations" : [ {
      "layers" : [ "default-rack", "Master" ]
    }, {
      "layers" : [ "default-rack", "Slave3" ]
    }, {
      "layers" : [ "default-rack", "Slave1" ]
    } ],
    "taskType" : "MAP",
    "taskStatus" : "SUCCESS",
    "taskID" : "task_201407020230_0493_m_000008",
    "inputBytes" : 12506379,
    "inputRecords" : 70622,
    "outputBytes" : 207795587,
    "outputRecords" : 7574726
  }, {
    "startTime" : 1404641959906,
    "attempts" : [ {
      "location" : {
        "layers" : [ "default-rack", "Slave1" ]
      },
      "hostName" : "/default-rack/Slave1",
      "result" : "SUCCESS",
      "startTime" : 1404641545774,
      "finishTime" : 1404641657987,
      "attemptID" : "attempt_201407020230_0493_m_000010_0",
      "shuffleFinished" : -1,
      "sortFinished" : -1,
      "hdfsBytesRead" : 12472565,
      "hdfsBytesWritten" : -1,
      "fileBytesRead" : 130552495,
      "fileBytesWritten" : 207072921,
      "mapInputRecords" : 69994,
      "mapOutputBytes" : 124769060,
      "mapOutputRecords" : 7546302,
      "combineInputRecords" : 12551896,
      "reduceInputGroups" : -1,
      "reduceInputRecords" : -1,
      "reduceShuffleBytes" : -1,
      "reduceOutputRecords" : -1,
      "spilledRecords" : 10262960,
      "mapInputBytes" : -1,
      "resourceUsageMetrics" : {
        "cumulativeCpuUsage" : 128340,
        "virtualMemoryUsage" : 1541869568,
        "physicalMemoryUsage" : 697733120,
        "heapUsage" : 840957952
      }
    } ],
    "finishTime" : 1404642072506,
    "preferredLocations" : [ {
      "layers" : [ "default-rack", "Master" ]
    }, {
      "layers" : [ "default-rack", "Slave3" ]
    }, {
      "layers" : [ "default-rack", "Slave1" ]
    } ],
    "taskType" : "MAP",
    "taskStatus" : "SUCCESS",
    "taskID" : "task_201407020230_0493_m_000010",
    "inputBytes" : 12472565,
    "inputRecords" : 69994,
    "outputBytes" : 207072921,
    "outputRecords" : 7546302
  }, {
    "startTime" : 1404641959906,
    "attempts" : [ {
      "location" : {
        "layers" : [ "default-rack", "Slave5" ]
      },
      "hostName" : "/default-rack/Slave5",
      "result" : "SUCCESS",
      "startTime" : 1404640325525,
      "finishTime" : 1404640456484,
      "attemptID" : "attempt_201407020230_0493_m_000011_0",
      "shuffleFinished" : -1,
      "sortFinished" : -1,
      "hdfsBytesRead" : 12470778,
      "hdfsBytesWritten" : -1,
      "fileBytesRead" : 130515891,
      "fileBytesWritten" : 207095097,
      "mapInputRecords" : 69273,
      "mapOutputBytes" : 124870438,
      "mapOutputRecords" : 7566486,
      "combineInputRecords" : 12579460,
      "reduceInputGroups" : -1,
      "reduceInputRecords" : -1,
      "reduceShuffleBytes" : -1,
      "reduceOutputRecords" : -1,
      "spilledRecords" : 10282058,
      "mapInputBytes" : -1,
      "resourceUsageMetrics" : {
        "cumulativeCpuUsage" : 146200,
        "virtualMemoryUsage" : 1541033984,
        "physicalMemoryUsage" : 714481664,
        "heapUsage" : 855113728
      }
    } ],
    "finishTime" : 1404642091054,
    "preferredLocations" : [ {
      "layers" : [ "default-rack", "Master" ]
    }, {
      "layers" : [ "default-rack", "Slave5" ]
    }, {
      "layers" : [ "default-rack", "Slave1" ]
    } ],
    "taskType" : "MAP",
    "taskStatus" : "SUCCESS",
    "taskID" : "task_201407020230_0493_m_000011",
    "inputBytes" : 12470778,
    "inputRecords" : 69273,
    "outputBytes" : 207095097,
    "outputRecords" : 7566486
  }, {
    "startTime" : 1404641959907,
    "attempts" : [ {
      "location" : {
        "layers" : [ "default-rack", "Slave5" ]
      },
      "hostName" : "/default-rack/Slave5",
      "result" : "SUCCESS",
      "startTime" : 1404640325525,
      "finishTime" : 1404640455508,
      "attemptID" : "attempt_201407020230_0493_m_000017_0",
      "shuffleFinished" : -1,
      "sortFinished" : -1,
      "hdfsBytesRead" : 12449601,
      "hdfsBytesWritten" : -1,
      "fileBytesRead" : 129751356,
      "fileBytesWritten" : 205613714,
      "mapInputRecords" : 71622,
      "mapOutputBytes" : 124321590,
      "mapOutputRecords" : 7507818,
      "combineInputRecords" : 12464231,
      "reduceInputGroups" : -1,
      "reduceInputRecords" : -1,
      "reduceShuffleBytes" : -1,
      "reduceOutputRecords" : -1,
      "spilledRecords" : 10170758,
      "mapInputBytes" : -1,
      "resourceUsageMetrics" : {
        "cumulativeCpuUsage" : 145020,
        "virtualMemoryUsage" : 1545310208,
        "physicalMemoryUsage" : 718139392,
        "heapUsage" : 858783744
      }
    } ],
    "finishTime" : 1404642090146,
    "preferredLocations" : [ {
      "layers" : [ "default-rack", "Master" ]
    }, {
      "layers" : [ "default-rack", "Slave5" ]
    }, {
      "layers" : [ "default-rack", "Slave6" ]
    } ],
    "taskType" : "MAP",
    "taskStatus" : "SUCCESS",
    "taskID" : "task_201407020230_0493_m_000017",
    "inputBytes" : 12449601,
    "inputRecords" : 71622,
    "outputBytes" : 205613714,
    "outputRecords" : 7507818
  }, {
    "startTime" : 1404642071822,
    "attempts" : [ {
      "location" : {
        "layers" : [ "default-rack", "Slave2" ]
      },
      "hostName" : "/default-rack/Slave2",
      "result" : "SUCCESS",
      "startTime" : 1404642566328,
      "finishTime" : 1404642659560,
      "attemptID" : "attempt_201407020230_0493_m_000016_0",
      "shuffleFinished" : -1,
      "sortFinished" : -1,
      "hdfsBytesRead" : 12452776,
      "hdfsBytesWritten" : -1,
      "fileBytesRead" : 129834687,
      "fileBytesWritten" : 205986436,
      "mapInputRecords" : 69925,
      "mapOutputBytes" : 124563886,
      "mapOutputRecords" : 7532494,
      "combineInputRecords" : 12511225,
      "reduceInputGroups" : -1,
      "reduceInputRecords" : -1,
      "reduceShuffleBytes" : -1,
      "reduceOutputRecords" : -1,
      "spilledRecords" : 10213363,
      "mapInputBytes" : -1,
      "resourceUsageMetrics" : {
        "cumulativeCpuUsage" : 103280,
        "virtualMemoryUsage" : 1546792960,
        "physicalMemoryUsage" : 983367680,
        "heapUsage" : 866123776
      }
    } ],
    "finishTime" : 1404642165126,
    "preferredLocations" : [ {
      "layers" : [ "default-rack", "Master" ]
    }, {
      "layers" : [ "default-rack", "Slave2" ]
    }, {
      "layers" : [ "default-rack", "Slave7" ]
    } ],
    "taskType" : "MAP",
    "taskStatus" : "SUCCESS",
    "taskID" : "task_201407020230_0493_m_000016",
    "inputBytes" : 12452776,
    "inputRecords" : 69925,
    "outputBytes" : 205986436,
    "outputRecords" : 7532494
  }, {
    "startTime" : 1404642072506,
    "attempts" : [ {
      "location" : {
        "layers" : [ "default-rack", "Slave1" ]
      },
      "hostName" : "/default-rack/Slave1",
      "result" : "SUCCESS",
      "startTime" : 1404641658269,
      "finishTime" : 1404641750467,
      "attemptID" : "attempt_201407020230_0493_m_000024_0",
      "shuffleFinished" : -1,
      "sortFinished" : -1,
      "hdfsBytesRead" : 12414462,
      "hdfsBytesWritten" : -1,
      "fileBytesRead" : 128850701,
      "fileBytesWritten" : 204522162,
      "mapInputRecords" : 75924,
      "mapOutputBytes" : 123438414,
      "mapOutputRecords" : 7457476,
      "combineInputRecords" : 12379858,
      "reduceInputGroups" : -1,
      "reduceInputRecords" : -1,
      "reduceShuffleBytes" : -1,
      "reduceOutputRecords" : -1,
      "spilledRecords" : 10121496,
      "mapInputBytes" : -1,
      "resourceUsageMetrics" : {
        "cumulativeCpuUsage" : 103400,
        "virtualMemoryUsage" : 1545027584,
        "physicalMemoryUsage" : 986009600,
        "heapUsage" : 888668160
      }
    } ],
    "finishTime" : 1404642164923,
    "preferredLocations" : [ {
      "layers" : [ "default-rack", "Master" ]
    }, {
      "layers" : [ "default-rack", "Slave1" ]
    }, {
      "layers" : [ "default-rack", "Slave3" ]
    } ],
    "taskType" : "MAP",
    "taskStatus" : "SUCCESS",
    "taskID" : "task_201407020230_0493_m_000024",
    "inputBytes" : 12414462,
    "inputRecords" : 75924,
    "outputBytes" : 204522162,
    "outputRecords" : 7457476
  }, {
    "startTime" : 1404642072776,
    "attempts" : [ {
      "location" : {
        "layers" : [ "default-rack", "Master" ]
      },
      "hostName" : "/default-rack/Master",
      "result" : "SUCCESS",
      "startTime" : 1404642072780,
      "finishTime" : 1404642169710,
      "attemptID" : "attempt_201407020230_0493_m_000015_0",
      "shuffleFinished" : -1,
      "sortFinished" : -1,
      "hdfsBytesRead" : 12455726,
      "hdfsBytesWritten" : -1,
      "fileBytesRead" : 130632739,
      "fileBytesWritten" : 207383228,
      "mapInputRecords" : 68408,
      "mapOutputBytes" : 124731134,
      "mapOutputRecords" : 7546842,
      "combineInputRecords" : 12560787,
      "reduceInputGroups" : -1,
      "reduceInputRecords" : -1,
      "reduceShuffleBytes" : -1,
      "reduceOutputRecords" : -1,
      "spilledRecords" : 10288025,
      "mapInputBytes" : -1,
      "resourceUsageMetrics" : {
        "cumulativeCpuUsage" : 109450,
        "virtualMemoryUsage" : 1544392704,
        "physicalMemoryUsage" : 981573632,
        "heapUsage" : 886046720
      }
    } ],
    "finishTime" : 1404642169951,
    "preferredLocations" : [ {
      "layers" : [ "default-rack", "Master" ]
    }, {
      "layers" : [ "default-rack", "Slave3" ]
    }, {
      "layers" : [ "default-rack", "Slave4" ]
    } ],
    "taskType" : "MAP",
    "taskStatus" : "SUCCESS",
    "taskID" : "task_201407020230_0493_m_000015",
    "inputBytes" : 12455726,
    "inputRecords" : 68408,
    "outputBytes" : 207383228,
    "outputRecords" : 7546842
  }, {
    "startTime" : 1404642072810,
    "attempts" : [ {
      "location" : {
        "layers" : [ "default-rack", "Slave1" ]
      },
      "hostName" : "/default-rack/Slave1",
      "result" : "SUCCESS",
      "startTime" : 1404641658578,
      "finishTime" : 1404641752570,
      "attemptID" : "attempt_201407020230_0493_m_000027_0",
      "shuffleFinished" : -1,
      "sortFinished" : -1,
      "hdfsBytesRead" : 12371929,
      "hdfsBytesWritten" : -1,
      "fileBytesRead" : 130172555,
      "fileBytesWritten" : 206445764,
      "mapInputRecords" : 68633,
      "mapOutputBytes" : 123912568,
      "mapOutputRecords" : 7508828,
      "combineInputRecords" : 12497700,
      "reduceInputGroups" : -1,
      "reduceInputRecords" : -1,
      "reduceShuffleBytes" : -1,
      "reduceOutputRecords" : -1,
      "spilledRecords" : 10251672,
      "mapInputBytes" : -1,
      "resourceUsageMetrics" : {
        "cumulativeCpuUsage" : 103950,
        "virtualMemoryUsage" : 1543380992,
        "physicalMemoryUsage" : 982913024,
        "heapUsage" : 886046720
      }
    } ],
    "finishTime" : 1404642167037,
    "preferredLocations" : [ {
      "layers" : [ "default-rack", "Master" ]
    }, {
      "layers" : [ "default-rack", "Slave1" ]
    }, {
      "layers" : [ "default-rack", "Slave2" ]
    } ],
    "taskType" : "MAP",
    "taskStatus" : "SUCCESS",
    "taskID" : "task_201407020230_0493_m_000027",
    "inputBytes" : 12371929,
    "inputRecords" : 68633,
    "outputBytes" : 206445764,
    "outputRecords" : 7508828
  }, {
    "startTime" : 1404642073031,
    "attempts" : [ {
      "location" : {
        "layers" : [ "default-rack", "Slave2" ]
      },
      "hostName" : "/default-rack/Slave2",
      "result" : "SUCCESS",
      "startTime" : 1404642567538,
      "finishTime" : 1404642660986,
      "attemptID" : "attempt_201407020230_0493_m_000020_0",
      "shuffleFinished" : -1,
      "sortFinished" : -1,
      "hdfsBytesRead" : 12444914,
      "hdfsBytesWritten" : -1,
      "fileBytesRead" : 129782029,
      "fileBytesWritten" : 205802097,
      "mapInputRecords" : 68254,
      "mapOutputBytes" : 124654662,
      "mapOutputRecords" : 7543398,
      "combineInputRecords" : 12522916,
      "reduceInputGroups" : -1,
      "reduceInputRecords" : -1,
      "reduceShuffleBytes" : -1,
      "reduceOutputRecords" : -1,
      "spilledRecords" : 10196746,
      "mapInputBytes" : -1,
      "resourceUsageMetrics" : {
        "cumulativeCpuUsage" : 105890,
        "virtualMemoryUsage" : 1546235904,
        "physicalMemoryUsage" : 970854400,
        "heapUsage" : 872939520
      }
    } ],
    "finishTime" : 1404642166637,
    "preferredLocations" : [ {
      "layers" : [ "default-rack", "Master" ]
    }, {
      "layers" : [ "default-rack", "Slave2" ]
    }, {
      "layers" : [ "default-rack", "Slave5" ]
    } ],
    "taskType" : "MAP",
    "taskStatus" : "SUCCESS",
    "taskID" : "task_201407020230_0493_m_000020",
    "inputBytes" : 12444914,
    "inputRecords" : 68254,
    "outputBytes" : 205802097,
    "outputRecords" : 7543398
  }, {
    "startTime" : 1404642073684,
    "attempts" : [ {
      "location" : {
        "layers" : [ "default-rack", "Master" ]
      },
      "hostName" : "/default-rack/Master",
      "result" : "SUCCESS",
      "startTime" : 1404642073705,
      "finishTime" : 1404642169328,
      "attemptID" : "attempt_201407020230_0493_m_000018_0",
      "shuffleFinished" : -1,
      "sortFinished" : -1,
      "hdfsBytesRead" : 12448786,
      "hdfsBytesWritten" : -1,
      "fileBytesRead" : 129966147,
      "fileBytesWritten" : 205894563,
      "mapInputRecords" : 74516,
      "mapOutputBytes" : 124196660,
      "mapOutputRecords" : 7543974,
      "combineInputRecords" : 12549363,
      "reduceInputGroups" : -1,
      "reduceInputRecords" : -1,
      "reduceShuffleBytes" : -1,
      "reduceOutputRecords" : -1,
      "spilledRecords" : 10247369,
      "mapInputBytes" : -1,
      "resourceUsageMetrics" : {
        "cumulativeCpuUsage" : 104750,
        "virtualMemoryUsage" : 1544237056,
        "physicalMemoryUsage" : 982986752,
        "heapUsage" : 886046720
      }
    } ],
    "finishTime" : 1404642169347,
    "preferredLocations" : [ {
      "layers" : [ "default-rack", "Master" ]
    }, {
      "layers" : [ "default-rack", "Slave5" ]
    }, {
      "layers" : [ "default-rack", "Slave6" ]
    } ],
    "taskType" : "MAP",
    "taskStatus" : "SUCCESS",
    "taskID" : "task_201407020230_0493_m_000018",
    "inputBytes" : 12448786,
    "inputRecords" : 74516,
    "outputBytes" : 205894563,
    "outputRecords" : 7543974
  }, {
    "startTime" : 1404642082600,
    "attempts" : [ {
      "location" : {
        "layers" : [ "default-rack", "Slave7" ]
      },
      "hostName" : "/default-rack/Slave7",
      "result" : "SUCCESS",
      "startTime" : 1404642080691,
      "finishTime" : 1404642165745,
      "attemptID" : "attempt_201407020230_0493_m_000023_0",
      "shuffleFinished" : -1,
      "sortFinished" : -1,
      "hdfsBytesRead" : 12430810,
      "hdfsBytesWritten" : -1,
      "fileBytesRead" : 130232297,
      "fileBytesWritten" : 206502905,
      "mapInputRecords" : 71270,
      "mapOutputBytes" : 124366770,
      "mapOutputRecords" : 7539188,
      "combineInputRecords" : 12540493,
      "reduceInputGroups" : -1,
      "reduceInputRecords" : -1,
      "reduceShuffleBytes" : -1,
      "reduceOutputRecords" : -1,
      "spilledRecords" : 10254370,
      "mapInputBytes" : -1,
      "resourceUsageMetrics" : {
        "cumulativeCpuUsage" : 98400,
        "virtualMemoryUsage" : 1543901184,
        "physicalMemoryUsage" : 1024782336,
        "heapUsage" : 927989760
      }
    } ],
    "finishTime" : 1404642167931,
    "preferredLocations" : [ {
      "layers" : [ "default-rack", "Master" ]
    }, {
      "layers" : [ "default-rack", "Slave7" ]
    }, {
      "layers" : [ "default-rack", "Slave6" ]
    } ],
    "taskType" : "MAP",
    "taskStatus" : "SUCCESS",
    "taskID" : "task_201407020230_0493_m_000023",
    "inputBytes" : 12430810,
    "inputRecords" : 71270,
    "outputBytes" : 206502905,
    "outputRecords" : 7539188
  }, {
    "startTime" : 1404642083204,
    "attempts" : [ {
      "location" : {
        "layers" : [ "default-rack", "Slave7" ]
      },
      "hostName" : "/default-rack/Slave7",
      "result" : "SUCCESS",
      "startTime" : 1404642081296,
      "finishTime" : 1404642162099,
      "attemptID" : "attempt_201407020230_0493_m_000026_0",
      "shuffleFinished" : -1,
      "sortFinished" : -1,
      "hdfsBytesRead" : 12396698,
      "hdfsBytesWritten" : -1,
      "fileBytesRead" : 130557482,
      "fileBytesWritten" : 207025844,
      "mapInputRecords" : 67855,
      "mapOutputBytes" : 124106798,
      "mapOutputRecords" : 7501090,
      "combineInputRecords" : 12495801,
      "reduceInputGroups" : -1,
      "reduceInputRecords" : -1,
      "reduceShuffleBytes" : -1,
      "reduceOutputRecords" : -1,
      "spilledRecords" : 10254701,
      "mapInputBytes" : -1,
      "resourceUsageMetrics" : {
        "cumulativeCpuUsage" : 91770,
        "virtualMemoryUsage" : 1545539584,
        "physicalMemoryUsage" : 1029799936,
        "heapUsage" : 938475520
      }
    } ],
    "finishTime" : 1404642164309,
    "preferredLocations" : [ {
      "layers" : [ "default-rack", "Master" ]
    }, {
      "layers" : [ "default-rack", "Slave7" ]
    }, {
      "layers" : [ "default-rack", "Slave5" ]
    } ],
    "taskType" : "MAP",
    "taskStatus" : "SUCCESS",
    "taskID" : "task_201407020230_0493_m_000026",
    "inputBytes" : 12396698,
    "inputRecords" : 67855,
    "outputBytes" : 207025844,
    "outputRecords" : 7501090
  }, {
    "startTime" : 1404642090147,
    "attempts" : [ {
      "location" : {
        "layers" : [ "default-rack", "Slave5" ]
      },
      "hostName" : "/default-rack/Slave5",
      "result" : "SUCCESS",
      "startTime" : 1404640455677,
      "finishTime" : 1404640542000,
      "attemptID" : "attempt_201407020230_0493_m_000019_0",
      "shuffleFinished" : -1,
      "sortFinished" : -1,
      "hdfsBytesRead" : 12444998,
      "hdfsBytesWritten" : -1,
      "fileBytesRead" : 130544290,
      "fileBytesWritten" : 207118891,
      "mapInputRecords" : 68058,
      "mapOutputBytes" : 124733734,
      "mapOutputRecords" : 7555196,
      "combineInputRecords" : 12565520,
      "reduceInputGroups" : -1,
      "reduceInputRecords" : -1,
      "reduceShuffleBytes" : -1,
      "reduceOutputRecords" : -1,
      "spilledRecords" : 10283574,
      "mapInputBytes" : -1,
      "resourceUsageMetrics" : {
        "cumulativeCpuUsage" : 94490,
        "virtualMemoryUsage" : 1548468224,
        "physicalMemoryUsage" : 1023594496,
        "heapUsage" : 923271168
      }
    } ],
    "finishTime" : 1404642176680,
    "preferredLocations" : [ {
      "layers" : [ "default-rack", "Master" ]
    }, {
      "layers" : [ "default-rack", "Slave6" ]
    }, {
      "layers" : [ "default-rack", "Slave5" ]
    } ],
    "taskType" : "MAP",
    "taskStatus" : "SUCCESS",
    "taskID" : "task_201407020230_0493_m_000019",
    "inputBytes" : 12444998,
    "inputRecords" : 68058,
    "outputBytes" : 207118891,
    "outputRecords" : 7555196
  }, {
    "startTime" : 1404642090449,
    "attempts" : [ {
      "location" : {
        "layers" : [ "default-rack", "Slave6" ]
      },
      "hostName" : "/default-rack/Slave6",
      "result" : "SUCCESS",
      "startTime" : 1404640903853,
      "finishTime" : 1404640989826,
      "attemptID" : "attempt_201407020230_0493_m_000021_0",
      "shuffleFinished" : -1,
      "sortFinished" : -1,
      "hdfsBytesRead" : 12438192,
      "hdfsBytesWritten" : -1,
      "fileBytesRead" : 129606021,
      "fileBytesWritten" : 205236353,
      "mapInputRecords" : 74508,
      "mapOutputBytes" : 124039240,
      "mapOutputRecords" : 7500172,
      "combineInputRecords" : 12448139,
      "reduceInputGroups" : -1,
      "reduceInputRecords" : -1,
      "reduceShuffleBytes" : -1,
      "reduceOutputRecords" : -1,
      "spilledRecords" : 10153184,
      "mapInputBytes" : -1,
      "resourceUsageMetrics" : {
        "cumulativeCpuUsage" : 95670,
        "virtualMemoryUsage" : 1544200192,
        "physicalMemoryUsage" : 1014976512,
        "heapUsage" : 918552576
      }
    } ],
    "finishTime" : 1404642176681,
    "preferredLocations" : [ {
      "layers" : [ "default-rack", "Master" ]
    }, {
      "layers" : [ "default-rack", "Slave6" ]
    }, {
      "layers" : [ "default-rack", "Slave5" ]
    } ],
    "taskType" : "MAP",
    "taskStatus" : "SUCCESS",
    "taskID" : "task_201407020230_0493_m_000021",
    "inputBytes" : 12438192,
    "inputRecords" : 74508,
    "outputBytes" : 205236353,
    "outputRecords" : 7500172
  }, {
    "startTime" : 1404642090751,
    "attempts" : [ {
      "location" : {
        "layers" : [ "default-rack", "Slave6" ]
      },
      "hostName" : "/default-rack/Slave6",
      "result" : "SUCCESS",
      "startTime" : 1404640904154,
      "finishTime" : 1404640988687,
      "attemptID" : "attempt_201407020230_0493_m_000030_0",
      "shuffleFinished" : -1,
      "sortFinished" : -1,
      "hdfsBytesRead" : 12311829,
      "hdfsBytesWritten" : -1,
      "fileBytesRead" : 128693204,
      "fileBytesWritten" : 203906656,
      "mapInputRecords" : 67951,
      "mapOutputBytes" : 123101648,
      "mapOutputRecords" : 7431706,
      "combineInputRecords" : 12343130,
      "reduceInputGroups" : -1,
      "reduceInputRecords" : -1,
      "reduceShuffleBytes" : -1,
      "reduceOutputRecords" : -1,
      "spilledRecords" : 10100776,
      "mapInputBytes" : -1,
      "resourceUsageMetrics" : {
        "cumulativeCpuUsage" : 93900,
        "virtualMemoryUsage" : 1543950336,
        "physicalMemoryUsage" : 1023725568,
        "heapUsage" : 927989760
      }
    } ],
    "finishTime" : 1404642175474,
    "preferredLocations" : [ {
      "layers" : [ "default-rack", "Master" ]
    }, {
      "layers" : [ "default-rack", "Slave4" ]
    }, {
      "layers" : [ "default-rack", "Slave6" ]
    } ],
    "taskType" : "MAP",
    "taskStatus" : "SUCCESS",
    "taskID" : "task_201407020230_0493_m_000030",
    "inputBytes" : 12311829,
    "inputRecords" : 67951,
    "outputBytes" : 203906656,
    "outputRecords" : 7431706
  }, {
    "startTime" : 1404642090769,
    "attempts" : [ {
      "location" : {
        "layers" : [ "default-rack", "Slave3" ]
      },
      "hostName" : "/default-rack/Slave3",
      "result" : "SUCCESS",
      "startTime" : 1404640729420,
      "finishTime" : 1404640818511,
      "attemptID" : "attempt_201407020230_0493_m_000022_0",
      "shuffleFinished" : -1,
      "sortFinished" : -1,
      "hdfsBytesRead" : 12435796,
      "hdfsBytesWritten" : -1,
      "fileBytesRead" : 129851913,
      "fileBytesWritten" : 205620077,
      "mapInputRecords" : 70277,
      "mapOutputBytes" : 124313206,
      "mapOutputRecords" : 7514770,
      "combineInputRecords" : 12483355,
      "reduceInputGroups" : -1,
      "reduceInputRecords" : -1,
      "reduceShuffleBytes" : -1,
      "reduceOutputRecords" : -1,
      "spilledRecords" : 10186395,
      "mapInputBytes" : -1,
      "resourceUsageMetrics" : {
        "cumulativeCpuUsage" : 99750,
        "virtualMemoryUsage" : 1546358784,
        "physicalMemoryUsage" : 1022578688,
        "heapUsage" : 925892608
      }
    } ],
    "finishTime" : 1404642180025,
    "preferredLocations" : [ {
      "layers" : [ "default-rack", "Master" ]
    }, {
      "layers" : [ "default-rack", "Slave3" ]
    }, {
      "layers" : [ "default-rack", "Slave5" ]
    } ],
    "taskType" : "MAP",
    "taskStatus" : "SUCCESS",
    "taskID" : "task_201407020230_0493_m_000022",
    "inputBytes" : 12435796,
    "inputRecords" : 70277,
    "outputBytes" : 205620077,
    "outputRecords" : 7514770
  }, {
    "startTime" : 1404642091054,
    "attempts" : [ {
      "location" : {
        "layers" : [ "default-rack", "Slave5" ]
      },
      "hostName" : "/default-rack/Slave5",
      "result" : "SUCCESS",
      "startTime" : 1404640456585,
      "finishTime" : 1404640544191,
      "attemptID" : "attempt_201407020230_0493_m_000031_0",
      "shuffleFinished" : -1,
      "sortFinished" : -1,
      "hdfsBytesRead" : 12288755,
      "hdfsBytesWritten" : -1,
      "fileBytesRead" : 128491664,
      "fileBytesWritten" : 203281691,
      "mapInputRecords" : 64633,
      "mapOutputBytes" : 123285052,
      "mapOutputRecords" : 7452768,
      "combineInputRecords" : 12357497,
      "reduceInputGroups" : -1,
      "reduceInputRecords" : -1,
      "reduceShuffleBytes" : -1,
      "reduceOutputRecords" : -1,
      "spilledRecords" : 10074325,
      "mapInputBytes" : -1,
      "resourceUsageMetrics" : {
        "cumulativeCpuUsage" : 99230,
        "virtualMemoryUsage" : 1544192000,
        "physicalMemoryUsage" : 1020637184,
        "heapUsage" : 922746880
      }
    } ],
    "finishTime" : 1404642178793,
    "preferredLocations" : [ {
      "layers" : [ "default-rack", "Master" ]
    }, {
      "layers" : [ "default-rack", "Slave5" ]
    }, {
      "layers" : [ "default-rack", "Slave3" ]
    } ],
    "taskType" : "MAP",
    "taskStatus" : "SUCCESS",
    "taskID" : "task_201407020230_0493_m_000031",
    "inputBytes" : 12288755,
    "inputRecords" : 64633,
    "outputBytes" : 203281691,
    "outputRecords" : 7452768
  }, {
    "startTime" : 1404642096823,
    "attempts" : [ {
      "location" : {
        "layers" : [ "default-rack", "Slave3" ]
      },
      "hostName" : "/default-rack/Slave3",
      "result" : "SUCCESS",
      "startTime" : 1404640735474,
      "finishTime" : 1404640827339,
      "attemptID" : "attempt_201407020230_0493_m_000028_0",
      "shuffleFinished" : -1,
      "sortFinished" : -1,
      "hdfsBytesRead" : 12364757,
      "hdfsBytesWritten" : -1,
      "fileBytesRead" : 129453390,
      "fileBytesWritten" : 205112531,
      "mapInputRecords" : 65823,
      "mapOutputBytes" : 124117076,
      "mapOutputRecords" : 7526872,
      "combineInputRecords" : 12502591,
      "reduceInputGroups" : -1,
      "reduceInputRecords" : -1,
      "reduceShuffleBytes" : -1,
      "reduceOutputRecords" : -1,
      "spilledRecords" : 10194401,
      "mapInputBytes" : -1,
      "resourceUsageMetrics" : {
        "cumulativeCpuUsage" : 103420,
        "virtualMemoryUsage" : 1544925184,
        "physicalMemoryUsage" : 1008398336,
        "heapUsage" : 912261120
      }
    } ],
    "finishTime" : 1404642188803,
    "preferredLocations" : [ {
      "layers" : [ "default-rack", "Master" ]
    }, {
      "layers" : [ "default-rack", "Slave1" ]
    }, {
      "layers" : [ "default-rack", "Slave3" ]
    } ],
    "taskType" : "MAP",
    "taskStatus" : "SUCCESS",
    "taskID" : "task_201407020230_0493_m_000028",
    "inputBytes" : 12364757,
    "inputRecords" : 65823,
    "outputBytes" : 205112531,
    "outputRecords" : 7526872
  }, {
    "startTime" : 1404642132139,
    "attempts" : [ {
      "location" : {
        "layers" : [ "default-rack", "Slave4" ]
      },
      "hostName" : "/default-rack/Slave4",
      "result" : "SUCCESS",
      "startTime" : 1404552974336,
      "finishTime" : 1404553087252,
      "attemptID" : "attempt_201407020230_0493_m_000025_0",
      "shuffleFinished" : -1,
      "sortFinished" : -1,
      "hdfsBytesRead" : 12410911,
      "hdfsBytesWritten" : -1,
      "fileBytesRead" : 128755117,
      "fileBytesWritten" : 203961268,
      "mapInputRecords" : 69802,
      "mapOutputBytes" : 124147972,
      "mapOutputRecords" : 7521272,
      "combineInputRecords" : 12460030,
      "reduceInputGroups" : -1,
      "reduceInputRecords" : -1,
      "reduceShuffleBytes" : -1,
      "reduceOutputRecords" : -1,
      "spilledRecords" : 10126416,
      "mapInputBytes" : -1,
      "resourceUsageMetrics" : {
        "cumulativeCpuUsage" : 130490,
        "virtualMemoryUsage" : 1545023488,
        "physicalMemoryUsage" : 1020604416,
        "heapUsage" : 924844032
      }
    }, {
      "location" : null,
      "hostName" : null,
      "result" : "KILLED",
      "startTime" : 1404642659635,
      "finishTime" : 1404642743215,
      "attemptID" : "attempt_201407020230_0493_m_000025_1",
      "shuffleFinished" : -1,
      "sortFinished" : -1,
      "hdfsBytesRead" : -1,
      "hdfsBytesWritten" : -1,
      "fileBytesRead" : -1,
      "fileBytesWritten" : -1,
      "mapInputRecords" : -1,
      "mapOutputBytes" : -1,
      "mapOutputRecords" : -1,
      "combineInputRecords" : -1,
      "reduceInputGroups" : -1,
      "reduceInputRecords" : -1,
      "reduceShuffleBytes" : -1,
      "reduceOutputRecords" : -1,
      "spilledRecords" : -1,
      "mapInputBytes" : -1,
      "resourceUsageMetrics" : {
        "cumulativeCpuUsage" : 0,
        "virtualMemoryUsage" : 0,
        "physicalMemoryUsage" : 0,
        "heapUsage" : 0
      }
    } ],
    "finishTime" : 1404642245160,
    "preferredLocations" : [ {
      "layers" : [ "default-rack", "Master" ]
    }, {
      "layers" : [ "default-rack", "Slave2" ]
    }, {
      "layers" : [ "default-rack", "Slave4" ]
    } ],
    "taskType" : "MAP",
    "taskStatus" : "SUCCESS",
    "taskID" : "task_201407020230_0493_m_000025",
    "inputBytes" : 12410911,
    "inputRecords" : 69802,
    "outputBytes" : 203961268,
    "outputRecords" : 7521272
  }, {
    "startTime" : 1404642134258,
    "attempts" : [ {
      "location" : {
        "layers" : [ "default-rack", "Slave4" ]
      },
      "hostName" : "/default-rack/Slave4",
      "result" : "SUCCESS",
      "startTime" : 1404552976455,
      "finishTime" : 1404552995761,
      "attemptID" : "attempt_201407020230_0493_m_000034_0",
      "shuffleFinished" : -1,
      "sortFinished" : -1,
      "hdfsBytesRead" : 2128092,
      "hdfsBytesWritten" : -1,
      "fileBytesRead" : 17124635,
      "fileBytesWritten" : 32968100,
      "mapInputRecords" : 11585,
      "mapOutputBytes" : 21375000,
      "mapOutputRecords" : 1302192,
      "combineInputRecords" : 2169414,
      "reduceInputGroups" : -1,
      "reduceInputRecords" : -1,
      "reduceShuffleBytes" : -1,
      "reduceOutputRecords" : -1,
      "spilledRecords" : 1656281,
      "mapInputBytes" : -1,
      "resourceUsageMetrics" : {
        "cumulativeCpuUsage" : 21490,
        "virtualMemoryUsage" : 1544552448,
        "physicalMemoryUsage" : 1004498944,
        "heapUsage" : 907542528
      }
    } ],
    "finishTime" : 1404642153618,
    "preferredLocations" : [ {
      "layers" : [ "default-rack", "Master" ]
    }, {
      "layers" : [ "default-rack", "Slave4" ]
    }, {
      "layers" : [ "default-rack", "Slave3" ]
    } ],
    "taskType" : "MAP",
    "taskStatus" : "SUCCESS",
    "taskID" : "task_201407020230_0493_m_000034",
    "inputBytes" : 2128092,
    "inputRecords" : 11585,
    "outputBytes" : 32968100,
    "outputRecords" : 1302192
  }, {
    "startTime" : 1404642153619,
    "attempts" : [ {
      "location" : {
        "layers" : [ "default-rack", "Slave2" ]
      },
      "hostName" : "/default-rack/Slave2",
      "result" : "SUCCESS",
      "startTime" : 1404642661155,
      "finishTime" : 1404642752533,
      "attemptID" : "attempt_201407020230_0493_m_000029_1",
      "shuffleFinished" : -1,
      "sortFinished" : -1,
      "hdfsBytesRead" : 12328737,
      "hdfsBytesWritten" : -1,
      "fileBytesRead" : 128685630,
      "fileBytesWritten" : 203893808,
      "mapInputRecords" : 72713,
      "mapOutputBytes" : 123026920,
      "mapOutputRecords" : 7440636,
      "combineInputRecords" : 12353240,
      "reduceInputGroups" : -1,
      "reduceInputRecords" : -1,
      "reduceShuffleBytes" : -1,
      "reduceOutputRecords" : -1,
      "spilledRecords" : 10096635,
      "mapInputBytes" : -1,
      "resourceUsageMetrics" : {
        "cumulativeCpuUsage" : 102800,
        "virtualMemoryUsage" : 1546235904,
        "physicalMemoryUsage" : 998940672,
        "heapUsage" : 900726784
      }
    }, {
      "location" : null,
      "hostName" : null,
      "result" : "KILLED",
      "startTime" : 1404552995814,
      "finishTime" : 1404553104052,
      "attemptID" : "attempt_201407020230_0493_m_000029_0",
      "shuffleFinished" : -1,
      "sortFinished" : -1,
      "hdfsBytesRead" : -1,
      "hdfsBytesWritten" : -1,
      "fileBytesRead" : -1,
      "fileBytesWritten" : -1,
      "mapInputRecords" : -1,
      "mapOutputBytes" : -1,
      "mapOutputRecords" : -1,
      "combineInputRecords" : -1,
      "reduceInputGroups" : -1,
      "reduceInputRecords" : -1,
      "reduceShuffleBytes" : -1,
      "reduceOutputRecords" : -1,
      "spilledRecords" : -1,
      "mapInputBytes" : -1,
      "resourceUsageMetrics" : {
        "cumulativeCpuUsage" : 0,
        "virtualMemoryUsage" : 0,
        "physicalMemoryUsage" : 0,
        "heapUsage" : 0
      }
    } ],
    "finishTime" : 1404642258121,
    "preferredLocations" : [ {
      "layers" : [ "default-rack", "Master" ]
    }, {
      "layers" : [ "default-rack", "Slave2" ]
    }, {
      "layers" : [ "default-rack", "Slave1" ]
    } ],
    "taskType" : "MAP",
    "taskStatus" : "SUCCESS",
    "taskID" : "task_201407020230_0493_m_000029",
    "inputBytes" : 12328737,
    "inputRecords" : 72713,
    "outputBytes" : 203893808,
    "outputRecords" : 7440636
  }, {
    "startTime" : 1404642164309,
    "attempts" : [ {
      "location" : {
        "layers" : [ "default-rack", "Slave7" ]
      },
      "hostName" : "/default-rack/Slave7",
      "result" : "SUCCESS",
      "startTime" : 1404642162399,
      "finishTime" : 1404642239323,
      "attemptID" : "attempt_201407020230_0493_m_000032_0",
      "shuffleFinished" : -1,
      "sortFinished" : -1,
      "hdfsBytesRead" : 12075278,
      "hdfsBytesWritten" : -1,
      "fileBytesRead" : 127638582,
      "fileBytesWritten" : 202113275,
      "mapInputRecords" : 63723,
      "mapOutputBytes" : 121122984,
      "mapOutputRecords" : 7324142,
      "combineInputRecords" : 12183028,
      "reduceInputGroups" : -1,
      "reduceInputRecords" : -1,
      "reduceShuffleBytes" : -1,
      "reduceOutputRecords" : -1,
      "spilledRecords" : 10018371,
      "mapInputBytes" : -1,
      "resourceUsageMetrics" : {
        "cumulativeCpuUsage" : 87410,
        "virtualMemoryUsage" : 1545539584,
        "physicalMemoryUsage" : 1029959680,
        "heapUsage" : 943194112
      }
    }, {
      "location" : null,
      "hostName" : null,
      "result" : "KILLED",
      "startTime" : 1404641752800,
      "finishTime" : 1404641831296,
      "attemptID" : "attempt_201407020230_0493_m_000032_1",
      "shuffleFinished" : -1,
      "sortFinished" : -1,
      "hdfsBytesRead" : -1,
      "hdfsBytesWritten" : -1,
      "fileBytesRead" : -1,
      "fileBytesWritten" : -1,
      "mapInputRecords" : -1,
      "mapOutputBytes" : -1,
      "mapOutputRecords" : -1,
      "combineInputRecords" : -1,
      "reduceInputGroups" : -1,
      "reduceInputRecords" : -1,
      "reduceShuffleBytes" : -1,
      "reduceOutputRecords" : -1,
      "spilledRecords" : -1,
      "mapInputBytes" : -1,
      "resourceUsageMetrics" : {
        "cumulativeCpuUsage" : 0,
        "virtualMemoryUsage" : 0,
        "physicalMemoryUsage" : 0,
        "heapUsage" : 0
      }
    } ],
    "finishTime" : 1404642241490,
    "preferredLocations" : [ {
      "layers" : [ "default-rack", "Master" ]
    }, {
      "layers" : [ "default-rack", "Slave2" ]
    }, {
      "layers" : [ "default-rack", "Slave3" ]
    } ],
    "taskType" : "MAP",
    "taskStatus" : "SUCCESS",
    "taskID" : "task_201407020230_0493_m_000032",
    "inputBytes" : 12075278,
    "inputRecords" : 63723,
    "outputBytes" : 202113275,
    "outputRecords" : 7324142
  }, {
    "startTime" : 1404642164923,
    "attempts" : [ {
      "location" : {
        "layers" : [ "default-rack", "Slave7" ]
      },
      "hostName" : "/default-rack/Slave7",
      "result" : "SUCCESS",
      "startTime" : 1404642166022,
      "finishTime" : 1404642245081,
      "attemptID" : "attempt_201407020230_0493_m_000033_1",
      "shuffleFinished" : -1,
      "sortFinished" : -1,
      "hdfsBytesRead" : 11856605,
      "hdfsBytesWritten" : -1,
      "fileBytesRead" : 126013338,
      "fileBytesWritten" : 199450375,
      "mapInputRecords" : 63860,
      "mapOutputBytes" : 118874456,
      "mapOutputRecords" : 7200068,
      "combineInputRecords" : 11989370,
      "reduceInputGroups" : -1,
      "reduceInputRecords" : -1,
      "reduceShuffleBytes" : -1,
      "reduceOutputRecords" : -1,
      "spilledRecords" : 9903299,
      "mapInputBytes" : -1,
      "resourceUsageMetrics" : {
        "cumulativeCpuUsage" : 92420,
        "virtualMemoryUsage" : 1543901184,
        "physicalMemoryUsage" : 1029586944,
        "heapUsage" : 943194112
      }
    }, {
      "location" : null,
      "hostName" : null,
      "result" : "KILLED",
      "startTime" : 1404641750686,
      "finishTime" : 1404641835182,
      "attemptID" : "attempt_201407020230_0493_m_000033_0",
      "shuffleFinished" : -1,
      "sortFinished" : -1,
      "hdfsBytesRead" : -1,
      "hdfsBytesWritten" : -1,
      "fileBytesRead" : -1,
      "fileBytesWritten" : -1,
      "mapInputRecords" : -1,
      "mapOutputBytes" : -1,
      "mapOutputRecords" : -1,
      "combineInputRecords" : -1,
      "reduceInputGroups" : -1,
      "reduceInputRecords" : -1,
      "reduceShuffleBytes" : -1,
      "reduceOutputRecords" : -1,
      "spilledRecords" : -1,
      "mapInputBytes" : -1,
      "resourceUsageMetrics" : {
        "cumulativeCpuUsage" : 0,
        "virtualMemoryUsage" : 0,
        "physicalMemoryUsage" : 0,
        "heapUsage" : 0
      }
    } ],
    "finishTime" : 1404642247229,
    "preferredLocations" : [ {
      "layers" : [ "default-rack", "Master" ]
    }, {
      "layers" : [ "default-rack", "Slave1" ]
    }, {
      "layers" : [ "default-rack", "Slave2" ]
    } ],
    "taskType" : "MAP",
    "taskStatus" : "SUCCESS",
    "taskID" : "task_201407020230_0493_m_000033",
    "inputBytes" : 11856605,
    "inputRecords" : 63860,
    "outputBytes" : 199450375,
    "outputRecords" : 7200068
  } ],
  "finishTime" : 1404642548916,
  "reduceTasks" : [ {
    "startTime" : 1404642072776,
    "attempts" : [ {
      "location" : {
        "layers" : [ "default-rack", "Master" ]
      },
      "hostName" : "/default-rack/Master",
      "result" : "SUCCESS",
      "startTime" : 1404642072780,
      "finishTime" : 1404642547090,
      "attemptID" : "attempt_201407020230_0493_r_000000_0",
      "shuffleFinished" : 1404642286080,
      "sortFinished" : 1404642286091,
      "hdfsBytesRead" : -1,
      "hdfsBytesWritten" : 140501348,
      "fileBytesRead" : 673195527,
      "fileBytesWritten" : 673254899,
      "mapInputRecords" : -1,
      "mapOutputBytes" : -1,
      "mapOutputRecords" : -1,
      "combineInputRecords" : 41914061,
      "reduceInputGroups" : 23834769,
      "reduceInputRecords" : 31467734,
      "reduceShuffleBytes" : 867049777,
      "reduceOutputRecords" : 23834769,
      "spilledRecords" : 31467734,
      "mapInputBytes" : -1,
      "resourceUsageMetrics" : {
        "cumulativeCpuUsage" : 491000,
        "virtualMemoryUsage" : 1012641792,
        "physicalMemoryUsage" : 505741312,
        "heapUsage" : 418906112
      }
    } ],
    "finishTime" : 1404642547104,
    "preferredLocations" : [ ],
    "taskType" : "REDUCE",
    "taskStatus" : "SUCCESS",
    "taskID" : "task_201407020230_0493_r_000000",
    "inputBytes" : 867049777,
    "inputRecords" : 31467734,
    "outputBytes" : 140501348,
    "outputRecords" : 23834769
  }, {
    "startTime" : 1404642072810,
    "attempts" : [ {
      "location" : {
        "layers" : [ "default-rack", "Slave1" ]
      },
      "hostName" : "/default-rack/Slave1",
      "result" : "SUCCESS",
      "startTime" : 1404641658578,
      "finishTime" : 1404642129059,
      "attemptID" : "attempt_201407020230_0493_r_000001_0",
      "shuffleFinished" : 1404641871175,
      "sortFinished" : 1404641871185,
      "hdfsBytesRead" : -1,
      "hdfsBytesWritten" : 140510482,
      "fileBytesRead" : 673351011,
      "fileBytesWritten" : 673410383,
      "mapInputRecords" : -1,
      "mapOutputBytes" : -1,
      "mapOutputRecords" : -1,
      "combineInputRecords" : 41931014,
      "reduceInputGroups" : 23834452,
      "reduceInputRecords" : 31473115,
      "reduceShuffleBytes" : 867483627,
      "reduceOutputRecords" : 23834452,
      "spilledRecords" : 31473115,
      "mapInputBytes" : -1,
      "resourceUsageMetrics" : {
        "cumulativeCpuUsage" : 491410,
        "virtualMemoryUsage" : 1013084160,
        "physicalMemoryUsage" : 515465216,
        "heapUsage" : 418906112
      }
    } ],
    "finishTime" : 1404642543415,
    "preferredLocations" : [ ],
    "taskType" : "REDUCE",
    "taskStatus" : "SUCCESS",
    "taskID" : "task_201407020230_0493_r_000001",
    "inputBytes" : 867483627,
    "inputRecords" : 31473115,
    "outputBytes" : 140510482,
    "outputRecords" : 23834452
  }, {
    "startTime" : 1404642072932,
    "attempts" : [ {
      "location" : {
        "layers" : [ "default-rack", "Slave3" ]
      },
      "hostName" : "/default-rack/Slave3",
      "result" : "SUCCESS",
      "startTime" : 1404640711585,
      "finishTime" : 1404641168688,
      "attemptID" : "attempt_201407020230_0493_r_000002_0",
      "shuffleFinished" : 1404640927386,
      "sortFinished" : 1404640927394,
      "hdfsBytesRead" : -1,
      "hdfsBytesWritten" : 140502530,
      "fileBytesRead" : 673243307,
      "fileBytesWritten" : 673302679,
      "mapInputRecords" : -1,
      "mapOutputBytes" : -1,
      "mapOutputRecords" : -1,
      "combineInputRecords" : 41925724,
      "reduceInputGroups" : 23836634,
      "reduceInputRecords" : 31469983,
      "reduceShuffleBytes" : 867293265,
      "reduceOutputRecords" : 23836634,
      "spilledRecords" : 31469983,
      "mapInputBytes" : -1,
      "resourceUsageMetrics" : {
        "cumulativeCpuUsage" : 505910,
        "virtualMemoryUsage" : 1014284288,
        "physicalMemoryUsage" : 491106304,
        "heapUsage" : 418906112
      }
    }, {
      "location" : null,
      "hostName" : null,
      "result" : "KILLED",
      "startTime" : 1404640652758,
      "finishTime" : 1404640898417,
      "attemptID" : "attempt_201407020230_0493_r_000002_1",
      "shuffleFinished" : -1,
      "sortFinished" : -1,
      "hdfsBytesRead" : -1,
      "hdfsBytesWritten" : -1,
      "fileBytesRead" : -1,
      "fileBytesWritten" : -1,
      "mapInputRecords" : -1,
      "mapOutputBytes" : -1,
      "mapOutputRecords" : -1,
      "combineInputRecords" : -1,
      "reduceInputGroups" : -1,
      "reduceInputRecords" : -1,
      "reduceShuffleBytes" : -1,
      "reduceOutputRecords" : -1,
      "spilledRecords" : -1,
      "mapInputBytes" : -1,
      "resourceUsageMetrics" : {
        "cumulativeCpuUsage" : 0,
        "virtualMemoryUsage" : 0,
        "physicalMemoryUsage" : 0,
        "heapUsage" : 0
      }
    } ],
    "finishTime" : 1404642530169,
    "preferredLocations" : [ ],
    "taskType" : "REDUCE",
    "taskStatus" : "SUCCESS",
    "taskID" : "task_201407020230_0493_r_000002",
    "inputBytes" : 867293265,
    "inputRecords" : 31469983,
    "outputBytes" : 140502530,
    "outputRecords" : 23836634
  } ],
  "submitTime" : 1404641957399,
  "launchTime" : 1404641957497,
  "totalMaps" : 35,
  "totalReduces" : 3,
  "otherTasks" : [ {
    "startTime" : 1404641957514,
    "attempts" : [ {
      "location" : {
        "layers" : [ "default-rack", "Master" ]
      },
      "hostName" : "/default-rack/Master",
      "result" : "SUCCESS",
      "startTime" : 1404641957607,
      "finishTime" : 1404641959366,
      "attemptID" : "attempt_201407020230_0493_m_000036_0",
      "shuffleFinished" : -1,
      "sortFinished" : -1,
      "hdfsBytesRead" : -1,
      "hdfsBytesWritten" : -1,
      "fileBytesRead" : -1,
      "fileBytesWritten" : 59466,
      "mapInputRecords" : -1,
      "mapOutputBytes" : -1,
      "mapOutputRecords" : -1,
      "combineInputRecords" : -1,
      "reduceInputGroups" : -1,
      "reduceInputRecords" : -1,
      "reduceShuffleBytes" : -1,
      "reduceOutputRecords" : -1,
      "spilledRecords" : 0,
      "mapInputBytes" : -1,
      "resourceUsageMetrics" : {
        "cumulativeCpuUsage" : 150,
        "virtualMemoryUsage" : 1543655424,
        "physicalMemoryUsage" : 122724352,
        "heapUsage" : 758120448
      }
    } ],
    "finishTime" : 1404641959628,
    "preferredLocations" : [ ],
    "taskType" : "SETUP",
    "taskStatus" : "SUCCESS",
    "taskID" : "task_201407020230_0493_m_000036",
    "inputBytes" : -1,
    "inputRecords" : -1,
    "outputBytes" : -1,
    "outputRecords" : -1
  }, {
    "startTime" : 1404642547105,
    "attempts" : [ {
      "location" : {
        "layers" : [ "default-rack", "Master" ]
      },
      "hostName" : "/default-rack/Master",
      "result" : "SUCCESS",
      "startTime" : 1404642547107,
      "finishTime" : 1404642548682,
      "attemptID" : "attempt_201407020230_0493_m_000035_0",
      "shuffleFinished" : -1,
      "sortFinished" : -1,
      "hdfsBytesRead" : -1,
      "hdfsBytesWritten" : -1,
      "fileBytesRead" : -1,
      "fileBytesWritten" : 59466,
      "mapInputRecords" : -1,
      "mapOutputBytes" : -1,
      "mapOutputRecords" : -1,
      "combineInputRecords" : -1,
      "reduceInputGroups" : -1,
      "reduceInputRecords" : -1,
      "reduceShuffleBytes" : -1,
      "reduceOutputRecords" : -1,
      "spilledRecords" : 0,
      "mapInputBytes" : -1,
      "resourceUsageMetrics" : {
        "cumulativeCpuUsage" : 50,
        "virtualMemoryUsage" : 1544392704,
        "physicalMemoryUsage" : 981692416,
        "heapUsage" : 886046720
      }
    } ],
    "finishTime" : 1404642548915,
    "preferredLocations" : [ ],
    "taskType" : "CLEANUP",
    "taskStatus" : "SUCCESS",
    "taskID" : "task_201407020230_0493_m_000035",
    "inputBytes" : -1,
    "inputRecords" : -1,
    "outputBytes" : -1,
    "outputRecords" : -1
  } ],
  "queue" : "default",
  "jobProperties" : {
    "fs.s3n.impl" : "org.apache.hadoop.fs.s3native.NativeS3FileSystem",
    "mapred.task.cache.levels" : "2",
    "mapreduce.job.restart.recover" : "true",
    "mapreduce.job.counters.max" : "120",
    "dfs.client.use.datanode.hostname" : "false",
    "hadoop.tmp.dir" : "/tmp/hadoop-${user.name}",
    "hadoop.native.lib" : "true",
    "map.sort.class" : "org.apache.hadoop.util.QuickSort",
    "dfs.namenode.decommission.nodes.per.interval" : "5",
    "dfs.https.need.client.auth" : "false",
    "dfs.datanode.drop.cache.behind.writes" : "false",
    "ipc.client.idlethreshold" : "4000",
    "mapred.system.dir" : "${hadoop.tmp.dir}/mapred/system",
    "dfs.datanode.data.dir.perm" : "755",
    "mapred.job.tracker.persist.jobstatus.hours" : "0",
    "dfs.namenode.logging.level" : "info",
    "dfs.datanode.address" : "0.0.0.0:50010",
    "io.skip.checksum.errors" : "false",
    "dfs.block.access.token.enable" : "false",
    "fs.default.name" : "hdfs://Master:9000",
    "mapred.cluster.reduce.memory.mb" : "-1",
    "mapred.reducer.new-api" : "true",
    "mapred.child.tmp" : "./tmp",
    "fs.har.impl.disable.cache" : "true",
    "dfs.safemode.threshold.pct" : "0.999f",
    "mapred.skip.reduce.max.skip.groups" : "0",
    "mapred.heartbeats.in.second" : "100",
    "dfs.namenode.handler.count" : "10",
    "dfs.blockreport.initialDelay" : "0",
    "mapred.tasktracker.dns.nameserver" : "default",
    "io.sort.factor" : "10",
    "dfs.datanode.drop.cache.behind.reads" : "false",
    "mapred.task.timeout" : "600000",
    "mapred.max.tracker.failures" : "4",
    "hadoop.rpc.socket.factory.class.default" : "org.apache.hadoop.net.StandardSocketFactory",
    "mapred.job.tracker.jobhistory.lru.cache.size" : "5",
    "fs.hdfs.impl" : "org.apache.hadoop.hdfs.DistributedFileSystem",
    "mapred.queue.default.acl-administer-jobs" : "*",
    "dfs.namenode.stale.datanode.interval" : "30000",
    "mapred.output.key.class" : "WordPair",
    "dfs.block.access.key.update.interval" : "600",
    "mapred.skip.map.auto.incr.proc.count" : "true",
    "mapreduce.job.complete.cancel.delegation.tokens" : "true",
    "io.mapfile.bloom.size" : "1048576",
    "mapreduce.reduce.shuffle.connect.timeout" : "180000",
    "dfs.safemode.extension" : "30000",
    "mapred.jobtracker.blacklist.fault-timeout-window" : "180",
    "dfs.namenode.write.stale.datanode.ratio" : "0.5f",
    "hadoop.skip.worker.version.check" : "false",
    "tasktracker.http.threads" : "40",
    "net.topology.impl" : "org.apache.hadoop.net.NetworkTopology",
    "mapred.job.shuffle.merge.percent" : "0.4",
    "fs.ftp.impl" : "org.apache.hadoop.fs.ftp.FTPFileSystem",
    "user.name" : "trend-hadoop",
    "dfs.namenode.kerberos.internal.spnego.principal" : "${dfs.web.authentication.kerberos.principal}",
    "mapred.output.compress" : "true",
    "io.bytes.per.checksum" : "512",
    "mapred.combine.recordsBeforeProgress" : "10000",
    "mapred.healthChecker.script.timeout" : "600000",
    "topology.node.switch.mapping.impl" : "org.apache.hadoop.net.ScriptBasedMapping",
    "dfs.https.server.keystore.resource" : "ssl-server.xml",
    "mapred.reduce.slowstart.completed.maps" : "0.06",
    "mapred.reduce.max.attempts" : "4",
    "dfs.namenode.safemode.min.datanodes" : "0",
    "mapreduce.ifile.readahead.bytes" : "4194304",
    "fs.ramfs.impl" : "org.apache.hadoop.fs.InMemoryFileSystem",
    "dfs.block.access.token.lifetime" : "600",
    "mapred.skip.map.max.skip.records" : "0",
    "dfs.name.edits.dir" : "${dfs.name.dir}",
    "mapred.cluster.map.memory.mb" : "-1",
    "hadoop.security.group.mapping" : "org.apache.hadoop.security.ShellBasedUnixGroupsMapping",
    "mapred.job.tracker.persist.jobstatus.dir" : "/jobtracker/jobsInfo",
    "mapred.jar" : "hdfs://Master:9000/tmp/hadoop-trend-hadoop/mapred/staging/trend-hadoop/.staging/job_201407020230_0493/job.jar",
    "fs.s3.buffer.dir" : "${hadoop.tmp.dir}/s3",
    "dfs.block.size" : "67108864",
    "job.end.retry.attempts" : "0",
    "fs.file.impl" : "org.apache.hadoop.fs.LocalFileSystem",
    "dfs.namenode.avoid.write.stale.datanode" : "false",
    "dfs.datanode.max.xcievers" : "4096",
    "mapred.local.dir.minspacestart" : "0",
    "mapred.output.compression.type" : "RECORD",
    "dfs.datanode.ipc.address" : "0.0.0.0:50020",
    "dfs.permissions" : "true",
    "topology.script.number.args" : "100",
    "mapreduce.job.counters.groups.max" : "50",
    "io.mapfile.bloom.error.rate" : "0.005",
    "mapred.cluster.max.reduce.memory.mb" : "-1",
    "mapred.max.tracker.blacklists" : "4",
    "mapred.task.profile.maps" : "0-2",
    "mapred.jobtracker.jobSchedulable" : "org.apache.hadoop.mapred.JobSchedulable",
    "dfs.datanode.https.address" : "0.0.0.0:50475",
    "mapred.userlog.retain.hours" : "24",
    "dfs.secondary.http.address" : "0.0.0.0:50090",
    "dfs.namenode.replication.work.multiplier.per.iteration" : "2",
    "dfs.replication.max" : "512",
    "mapred.job.tracker.persist.jobstatus.active" : "false",
    "hadoop.security.authorization" : "false",
    "local.cache.size" : "10737418240",
    "mapred.min.split.size" : "201326592",
    "dfs.namenode.delegation.token.renew-interval" : "86400000",
    "mapred.map.tasks" : "35",
    "mapred.child.java.opts" : "-Xmx200m",
    "mapred.output.value.class" : "org.apache.hadoop.io.IntWritable",
    "dfs.https.client.keystore.resource" : "ssl-client.xml",
    "ipc.client.fallback-to-simple-auth-allowed" : "false",
    "mapred.job.queue.name" : "default",
    "mapred.job.tracker.retiredjobs.cache.size" : "1000",
    "dfs.https.address" : "0.0.0.0:50470",
    "dfs.balance.bandwidthPerSec" : "1048576",
    "ipc.server.listen.queue.size" : "128",
    "dfs.namenode.invalidate.work.pct.per.iteration" : "0.32f",
    "mapred.inmem.merge.threshold" : "900",
    "job.end.retry.interval" : "30000",
    "mapred.skip.attempts.to.start.skipping" : "2",
    "mapreduce.tasktracker.outofband.heartbeat.damper" : "1000000",
    "hadoop.security.use-weak-http-crypto" : "false",
    "fs.checkpoint.dir" : "${hadoop.tmp.dir}/dfs/namesecondary",
    "dfs.namenode.avoid.read.stale.datanode" : "false",
    "mapred.reduce.tasks" : "3",
    "mapred.merge.recordsBeforeProgress" : "10000",
    "mapred.userlog.limit.kb" : "0",
    "mapred.job.reduce.memory.mb" : "-1",
    "webinterface.private.actions" : "false",
    "dfs.max.objects" : "0",
    "hadoop.security.token.service.use_ip" : "true",
    "io.sort.spill.percent" : "0.6",
    "mapred.job.shuffle.input.buffer.percent" : "0.9",
    "mapred.map.tasks.speculative.execution" : "true",
    "hadoop.http.authentication.type" : "simple",
    "mapred.job.name" : "pairs-co-occur",
    "hadoop.util.hash.type" : "murmur",
    "dfs.datanode.dns.nameserver" : "default",
    "hadoop.security.instrumentation.requires.admin" : "false",
    "dfs.blockreport.intervalMsec" : "3600000",
    "dfs.datanode.readahead.bytes" : "4193404",
    "mapred.map.max.attempts" : "4",
    "mapreduce.job.acl-view-job" : " ",
    "mapreduce.ifile.readahead" : "true",
    "mapred.jobtracker.nodegroup.aware" : "false",
    "mapred.job.tracker.handler.count" : "10",
    "dfs.client.block.write.retries" : "3",
    "mapreduce.reduce.shuffle.read.timeout" : "180000",
    "mapred.tasktracker.expiry.interval" : "600000",
    "dfs.secondary.namenode.kerberos.internal.spnego.principal" : "${dfs.web.authentication.kerberos.principal}",
    "dfs.https.enable" : "false",
    "mapred.jobtracker.job.history.block.size" : "3145728",
    "mapred.jobtracker.maxtasks.per.job" : "-1",
    "keep.failed.task.files" : "false",
    "dfs.datanode.use.datanode.hostname" : "false",
    "dfs.datanode.failed.volumes.tolerated" : "0",
    "ipc.client.tcpnodelay" : "false",
    "mapred.task.profile.reduces" : "0-2",
    "io.map.index.skip" : "0",
    "mapred.output.compression.codec" : "org.apache.hadoop.io.compress.DefaultCodec",
    "hadoop.http.authentication.token.validity" : "36000",
    "ipc.server.tcpnodelay" : "false",
    "hadoop.jetty.logs.serve.aliases" : "true",
    "mapred.working.dir" : "hdfs://Master:9000/user/trend-hadoop",
    "mapred.jobtracker.blacklist.fault-bucket-width" : "15",
    "dfs.namenode.delegation.key.update-interval" : "86400000",
    "mapred.used.genericoptionsparser" : "true",
    "mapred.job.map.memory.mb" : "-1",
    "mapred.mapper.new-api" : "true",
    "dfs.default.chunk.view.size" : "32768",
    "hadoop.logfile.size" : "10000000",
    "mapred.reduce.tasks.speculative.execution" : "true",
    "mapreduce.tasktracker.outofband.heartbeat" : "false",
    "mapreduce.job.dir" : "hdfs://Master:9000/tmp/hadoop-trend-hadoop/mapred/staging/trend-hadoop/.staging/job_201407020230_0493",
    "mapreduce.reduce.input.limit" : "-1",
    "dfs.datanode.du.reserved" : "0",
    "dfs.datanode.sync.behind.writes" : "false",
    "hadoop.security.authentication" : "simple",
    "fs.checkpoint.period" : "3600",
    "mapred.job.reuse.jvm.num.tasks" : "8",
    "dfs.web.ugi" : "webuser,webgroup",
    "mapred.jobtracker.completeuserjobs.maximum" : "100",
    "dfs.df.interval" : "60000",
    "mapred.task.tracker.task-controller" : "org.apache.hadoop.mapred.DefaultTaskController",
    "dfs.data.dir" : "${hadoop.tmp.dir}/dfs/data",
    "fs.s3.maxRetries" : "4",
    "dfs.datanode.dns.interface" : "default",
    "mapred.cluster.max.map.memory.mb" : "-1",
    "mapreduce.reduce.shuffle.maxfetchfailures" : "10",
    "mapred.map.child.java.opts" : "-Xmx900M",
    "mapreduce.job.acl-modify-job" : " ",
    "fs.hftp.impl" : "org.apache.hadoop.hdfs.HftpFileSystem",
    "mapred.local.dir" : "${hadoop.tmp.dir}/mapred/local",
    "dfs.permissions.supergroup" : "supergroup",
    "fs.s3.sleepTimeSeconds" : "10",
    "fs.trash.interval" : "0",
    "mapred.submit.replication" : "10",
    "dfs.replication.min" : "1",
    "fs.har.impl" : "org.apache.hadoop.fs.HarFileSystem",
    "hadoop.relaxed.worker.version.check" : "false",
    "mapred.map.output.compression.codec" : "org.apache.hadoop.io.compress.DefaultCodec",
    "mapred.tasktracker.dns.interface" : "default",
    "dfs.http.address" : "0.0.0.0:50070",
    "dfs.namenode.decommission.interval" : "30",
    "mapred.job.tracker" : "Master:9001",
    "dfs.heartbeat.interval" : "3",
    "hadoop.http.authentication.signature.secret.file" : "${user.home}/hadoop-http-auth-signature-secret",
    "io.seqfile.sorter.recordlimit" : "1000000",
    "mapreduce.job.submithost" : "Master",
    "dfs.name.dir" : "${hadoop.tmp.dir}/dfs/name",
    "mapred.jobtracker.taskScheduler" : "org.apache.hadoop.mapred.JobQueueTaskScheduler",
    "mapred.line.input.format.linespermap" : "1",
    "dfs.datanode.http.address" : "0.0.0.0:50075",
    "fs.webhdfs.impl" : "org.apache.hadoop.hdfs.web.WebHdfsFileSystem",
    "mapred.local.dir.minspacekill" : "0",
    "dfs.image.transfer.bandwidthPerSec" : "0",
    "dfs.replication.interval" : "3",
    "io.sort.record.percent" : "0.05",
    "hadoop.http.authentication.kerberos.principal" : "HTTP/localhost@LOCALHOST",
    "mapreduce.reduce.class" : "PairsReducer",
    "fs.kfs.impl" : "org.apache.hadoop.fs.kfs.KosmosFileSystem",
    "mapred.tasktracker.reduce.tasks.maximum" : "3",
    "mapred.temp.dir" : "${hadoop.tmp.dir}/mapred/temp",
    "dfs.replication" : "3",
    "fs.checkpoint.edits.dir" : "${fs.checkpoint.dir}",
    "mapreduce.jobhistory.max-age-ms" : "2592000000",
    "mapred.tasktracker.tasks.sleeptime-before-sigkill" : "5000",
    "mapred.job.reduce.input.buffer.percent" : "0.8",
    "mapred.tasktracker.indexcache.mb" : "10",
    "dfs.webhdfs.enabled" : "false",
    "mapreduce.job.split.metainfo.maxsize" : "10000000",
    "hadoop.logfile.count" : "10",
    "mapred.skip.reduce.auto.incr.proc.count" : "true",
    "mapreduce.job.submithostaddress" : "192.168.168.50",
    "io.seqfile.compress.blocksize" : "1000000",
    "fs.s3.block.size" : "67108864",
    "mapred.tasktracker.taskmemorymanager.monitoring-interval" : "5000",
    "hadoop.http.authentication.simple.anonymous.allowed" : "true",
    "mapreduce.jobtracker.staging.root.dir" : "${hadoop.tmp.dir}/mapred/staging",
    "mapred.acls.enabled" : "false",
    "mapred.queue.default.state" : "RUNNING",
    "mapred.queue.names" : "default",
    "fs.hsftp.impl" : "org.apache.hadoop.hdfs.HsftpFileSystem",
    "dfs.access.time.precision" : "3600000",
    "mapred.task.tracker.http.address" : "0.0.0.0:50060",
    "mapreduce.combine.class" : "PairsReducer",
    "io.seqfile.lazydecompress" : "true",
    "mapred.reduce.parallel.copies" : "5",
    "mapred.disk.healthChecker.interval" : "60000",
    "mapred.output.dir" : "/wiki-out",
    "ipc.client.connection.maxidletime" : "10000",
    "io.sort.mb" : "300",
    "mapred.reduce.child.java.opts" : "-Xmx400M",
    "mapred.task.tracker.report.address" : "127.0.0.1:0",
    "hadoop.security.uid.cache.secs" : "14400",
    "mapred.compress.map.output" : "false",
    "ipc.client.kill.max" : "10",
    "mapred.healthChecker.interval" : "60000",
    "ipc.client.connect.max.retries" : "10",
    "mapreduce.map.class" : "PairsOccurrenceMapper",
    "fs.s3.impl" : "org.apache.hadoop.fs.s3.S3FileSystem",
    "mapred.user.jobconf.limit" : "5242880",
    "mapreduce.job.counters.group.name.max" : "128",
    "mapred.job.tracker.http.address" : "0.0.0.0:50030",
    "mapred.input.dir" : "hdfs://Master:9000/wiki-in400M",
    "io.file.buffer.size" : "4096",
    "mapred.jobtracker.restart.recover" : "false",
    "io.serializations" : "org.apache.hadoop.io.serializer.WritableSerialization",
    "mapred.task.profile" : "false",
    "dfs.datanode.handler.count" : "3",
    "mapreduce.input.num.files" : "35",
    "mapreduce.jobhistory.cleaner.interval-ms" : "86400000",
    "dfs.replication.considerLoad" : "true",
    "jobclient.output.filter" : "FAILED",
    "dfs.namenode.edits.toleration.length" : "0",
    "hadoop.http.authentication.kerberos.keytab" : "${user.home}/hadoop.keytab",
    "dfs.namenode.delegation.token.max-lifetime" : "604800000",
    "mapred.tasktracker.map.tasks.maximum" : "1",
    "fs.checkpoint.size" : "67108864",
    "io.compression.codecs" : "org.apache.hadoop.io.compress.DefaultCodec,org.apache.hadoop.io.compress.GzipCodec,org.apache.hadoop.io.compress.BZip2Codec,org.apache.hadoop.io.compress.SnappyCodec",
    "mapreduce.job.counters.counter.name.max" : "64"
  },
  "computonsPerMapInputByte" : -1,
  "computonsPerMapOutputByte" : -1,
  "computonsPerReduceInputByte" : -1,
  "computonsPerReduceOutputByte" : -1,
  "heapMegabytes" : 200,
  "outcome" : "SUCCESS",
  "jobtype" : "JAVA",
  "directDependantJobs" : [ ],
  "successfulMapAttemptCDFs" : [ {
    "maximum" : 174344,
    "minimum" : 19306,
    "rankings" : [ {
      "datum" : 19306,
      "relativeRanking" : 0.05
    }, {
      "datum" : 84533,
      "relativeRanking" : 0.1
    }, {
      "datum" : 85054,
      "relativeRanking" : 0.15
    }, {
      "datum" : 86323,
      "relativeRanking" : 0.2
    }, {
      "datum" : 89091,
      "relativeRanking" : 0.25
    }, {
      "datum" : 91378,
      "relativeRanking" : 0.3
    }, {
      "datum" : 92198,
      "relativeRanking" : 0.35
    }, {
      "datum" : 93448,
      "relativeRanking" : 0.4
    }, {
      "datum" : 93992,
      "relativeRanking" : 0.45
    }, {
      "datum" : 96930,
      "relativeRanking" : 0.5
    }, {
      "datum" : 112213,
      "relativeRanking" : 0.55
    }, {
      "datum" : 112584,
      "relativeRanking" : 0.6
    }, {
      "datum" : 112970,
      "relativeRanking" : 0.65
    }, {
      "datum" : 113853,
      "relativeRanking" : 0.7
    }, {
      "datum" : 122557,
      "relativeRanking" : 0.75
    }, {
      "datum" : 129983,
      "relativeRanking" : 0.8
    }, {
      "datum" : 130709,
      "relativeRanking" : 0.85
    }, {
      "datum" : 130711,
      "relativeRanking" : 0.9
    }, {
      "datum" : 136545,
      "relativeRanking" : 0.95
    } ],
    "numberValues" : 33
  }, {
    "maximum" : 79059,
    "minimum" : 76924,
    "rankings" : [ {
      "datum" : 76924,
      "relativeRanking" : 0.05
    }, {
      "datum" : 76924,
      "relativeRanking" : 0.1
    }, {
      "datum" : 76924,
      "relativeRanking" : 0.15
    }, {
      "datum" : 76924,
      "relativeRanking" : 0.2
    }, {
      "datum" : 76924,
      "relativeRanking" : 0.25
    }, {
      "datum" : 76924,
      "relativeRanking" : 0.3
    }, {
      "datum" : 76924,
      "relativeRanking" : 0.35
    }, {
      "datum" : 76924,
      "relativeRanking" : 0.4
    }, {
      "datum" : 76924,
      "relativeRanking" : 0.45
    }, {
      "datum" : 76924,
      "relativeRanking" : 0.5
    }, {
      "datum" : 76924,
      "relativeRanking" : 0.55
    }, {
      "datum" : 76924,
      "relativeRanking" : 0.6
    }, {
      "datum" : 76924,
      "relativeRanking" : 0.65
    }, {
      "datum" : 76924,
      "relativeRanking" : 0.7
    }, {
      "datum" : 76924,
      "relativeRanking" : 0.75
    }, {
      "datum" : 76924,
      "relativeRanking" : 0.8
    }, {
      "datum" : 76924,
      "relativeRanking" : 0.85
    }, {
      "datum" : 76924,
      "relativeRanking" : 0.9
    }, {
      "datum" : 76924,
      "relativeRanking" : 0.95
    } ],
    "numberValues" : 2
  }, {
    "maximum" : 9223372036854775807,
    "minimum" : -9223372036854775808,
    "rankings" : [ ],
    "numberValues" : 0
  }, {
    "maximum" : 9223372036854775807,
    "minimum" : -9223372036854775808,
    "rankings" : [ ],
    "numberValues" : 0
  } ],
  "failedMapAttemptCDFs" : [ {
    "maximum" : 9223372036854775807,
    "minimum" : -9223372036854775808,
    "rankings" : [ ],
    "numberValues" : 0
  }, {
    "maximum" : 9223372036854775807,
    "minimum" : -9223372036854775808,
    "rankings" : [ ],
    "numberValues" : 0
  }, {
    "maximum" : 9223372036854775807,
    "minimum" : -9223372036854775808,
    "rankings" : [ ],
    "numberValues" : 0
  }, {
    "maximum" : 9223372036854775807,
    "minimum" : -9223372036854775808,
    "rankings" : [ ],
    "numberValues" : 0
  } ],
  "successfulReduceAttemptCDF" : {
    "maximum" : 474310,
    "minimum" : 457103,
    "rankings" : [ {
      "datum" : 457103,
      "relativeRanking" : 0.05
    }, {
      "datum" : 457103,
      "relativeRanking" : 0.1
    }, {
      "datum" : 457103,
      "relativeRanking" : 0.15
    }, {
      "datum" : 457103,
      "relativeRanking" : 0.2
    }, {
      "datum" : 457103,
      "relativeRanking" : 0.25
    }, {
      "datum" : 457103,
      "relativeRanking" : 0.3
    }, {
      "datum" : 457103,
      "relativeRanking" : 0.35
    }, {
      "datum" : 457103,
      "relativeRanking" : 0.4
    }, {
      "datum" : 457103,
      "relativeRanking" : 0.45
    }, {
      "datum" : 457103,
      "relativeRanking" : 0.5
    }, {
      "datum" : 457103,
      "relativeRanking" : 0.55
    }, {
      "datum" : 457103,
      "relativeRanking" : 0.6
    }, {
      "datum" : 457103,
      "relativeRanking" : 0.65
    }, {
      "datum" : 470481,
      "relativeRanking" : 0.7
    }, {
      "datum" : 470481,
      "relativeRanking" : 0.75
    }, {
      "datum" : 470481,
      "relativeRanking" : 0.8
    }, {
      "datum" : 470481,
      "relativeRanking" : 0.85
    }, {
      "datum" : 470481,
      "relativeRanking" : 0.9
    }, {
      "datum" : 470481,
      "relativeRanking" : 0.95
    } ],
    "numberValues" : 3
  },
  "failedReduceAttemptCDF" : {
    "maximum" : 9223372036854775807,
    "minimum" : -9223372036854775808,
    "rankings" : [ ],
    "numberValues" : 0
  },
  "mapperTriesToSucceed" : [ 0.9428571428571428, 0.05714285714285714 ],
  "failedMapperFraction" : 0.0,
  "relativeTime" : 0,
  "clusterMapMB" : -1,
  "clusterReduceMB" : -1,
  "jobMapMB" : 200,
  "jobReduceMB" : 200
}