{
  "priority" : "NORMAL",
  "jobID" : "job_201407020230_0683",
  "user" : "trend-hadoop",
  "jobName" : "pairs-co-occur",
  "mapTasks" : [ {
    "startTime" : 1404794728287,
    "attempts" : [ {
      "result" : "SUCCESS",
      "location" : {
        "layers" : [ "default-rack", "Slave2" ]
      },
      "hostName" : "/default-rack/Slave2",
      "startTime" : 1404795225557,
      "finishTime" : 1404795334295,
      "attemptID" : "attempt_201407020230_0683_m_000002_0",
      "shuffleFinished" : -1,
      "sortFinished" : -1,
      "hdfsBytesRead" : 12542322,
      "hdfsBytesWritten" : -1,
      "fileBytesRead" : 96310116,
      "fileBytesWritten" : 173203087,
      "mapInputRecords" : 70209,
      "mapOutputBytes" : 125610444,
      "mapOutputRecords" : 7621040,
      "combineInputRecords" : 12445696,
      "reduceInputGroups" : -1,
      "reduceInputRecords" : -1,
      "reduceShuffleBytes" : -1,
      "reduceOutputRecords" : -1,
      "spilledRecords" : 8553184,
      "mapInputBytes" : -1,
      "resourceUsageMetrics" : {
        "cumulativeCpuUsage" : 126120,
        "virtualMemoryUsage" : 1541107712,
        "physicalMemoryUsage" : 698028032,
        "heapUsage" : 840957952
      }
    } ],
    "finishTime" : 1404794837311,
    "preferredLocations" : [ {
      "layers" : [ "default-rack", "Master" ]
    }, {
      "layers" : [ "default-rack", "Slave3" ]
    }, {
      "layers" : [ "default-rack", "Slave2" ]
    } ],
    "taskType" : "MAP",
    "taskStatus" : "SUCCESS",
    "taskID" : "task_201407020230_0683_m_000002",
    "inputBytes" : 12542322,
    "inputRecords" : 70209,
    "outputBytes" : 173203087,
    "outputRecords" : 7621040
  }, {
    "startTime" : 1404794728287,
    "attempts" : [ {
      "result" : "SUCCESS",
      "location" : {
        "layers" : [ "default-rack", "Slave2" ]
      },
      "hostName" : "/default-rack/Slave2",
      "startTime" : 1404795225557,
      "finishTime" : 1404795333589,
      "attemptID" : "attempt_201407020230_0683_m_000009_0",
      "shuffleFinished" : -1,
      "sortFinished" : -1,
      "hdfsBytesRead" : 12485810,
      "hdfsBytesWritten" : -1,
      "fileBytesRead" : 95593053,
      "fileBytesWritten" : 171946723,
      "mapInputRecords" : 70334,
      "mapOutputBytes" : 124907300,
      "mapOutputRecords" : 7560118,
      "combineInputRecords" : 12335690,
      "reduceInputGroups" : -1,
      "reduceInputRecords" : -1,
      "reduceShuffleBytes" : -1,
      "reduceOutputRecords" : -1,
      "spilledRecords" : 8467277,
      "mapInputBytes" : -1,
      "resourceUsageMetrics" : {
        "cumulativeCpuUsage" : 123080,
        "virtualMemoryUsage" : 1532157952,
        "physicalMemoryUsage" : 695418880,
        "heapUsage" : 840957952
      }
    } ],
    "finishTime" : 1404794836402,
    "preferredLocations" : [ {
      "layers" : [ "default-rack", "Master" ]
    }, {
      "layers" : [ "default-rack", "Slave1" ]
    }, {
      "layers" : [ "default-rack", "Slave2" ]
    } ],
    "taskType" : "MAP",
    "taskStatus" : "SUCCESS",
    "taskID" : "task_201407020230_0683_m_000009",
    "inputBytes" : 12485810,
    "inputRecords" : 70334,
    "outputBytes" : 171946723,
    "outputRecords" : 7560118
  }, {
    "startTime" : 1404794728314,
    "attempts" : [ {
      "result" : "SUCCESS",
      "location" : {
        "layers" : [ "default-rack", "Slave7" ]
      },
      "hostName" : "/default-rack/Slave7",
      "startTime" : 1404794724084,
      "finishTime" : 1404794841533,
      "attemptID" : "attempt_201407020230_0683_m_000003_0",
      "shuffleFinished" : -1,
      "sortFinished" : -1,
      "hdfsBytesRead" : 12540113,
      "hdfsBytesWritten" : -1,
      "fileBytesRead" : 95897845,
      "fileBytesWritten" : 172527363,
      "mapInputRecords" : 72022,
      "mapOutputBytes" : 125290022,
      "mapOutputRecords" : 7580298,
      "combineInputRecords" : 12370218,
      "reduceInputGroups" : -1,
      "reduceInputRecords" : -1,
      "reduceShuffleBytes" : -1,
      "reduceOutputRecords" : -1,
      "spilledRecords" : 8493505,
      "mapInputBytes" : -1,
      "resourceUsageMetrics" : {
        "cumulativeCpuUsage" : 129760,
        "virtualMemoryUsage" : 1540943872,
        "physicalMemoryUsage" : 720637952,
        "heapUsage" : 902823936
      }
    } ],
    "finishTime" : 1404794845894,
    "preferredLocations" : [ {
      "layers" : [ "default-rack", "Master" ]
    }, {
      "layers" : [ "default-rack", "Slave7" ]
    }, {
      "layers" : [ "default-rack", "Slave6" ]
    } ],
    "taskType" : "MAP",
    "taskStatus" : "SUCCESS",
    "taskID" : "task_201407020230_0683_m_000003",
    "inputBytes" : 12540113,
    "inputRecords" : 72022,
    "outputBytes" : 172527363,
    "outputRecords" : 7580298
  }, {
    "startTime" : 1404794728315,
    "attempts" : [ {
      "result" : "SUCCESS",
      "location" : {
        "layers" : [ "default-rack", "Slave7" ]
      },
      "hostName" : "/default-rack/Slave7",
      "startTime" : 1404794724084,
      "finishTime" : 1404794842147,
      "attemptID" : "attempt_201407020230_0683_m_000005_0",
      "shuffleFinished" : -1,
      "sortFinished" : -1,
      "hdfsBytesRead" : 12525989,
      "hdfsBytesWritten" : -1,
      "fileBytesRead" : 96230629,
      "fileBytesWritten" : 173208559,
      "mapInputRecords" : 70212,
      "mapOutputBytes" : 125295674,
      "mapOutputRecords" : 7572980,
      "combineInputRecords" : 12373647,
      "reduceInputGroups" : -1,
      "reduceInputRecords" : -1,
      "reduceShuffleBytes" : -1,
      "reduceOutputRecords" : -1,
      "spilledRecords" : 8515664,
      "mapInputBytes" : -1,
      "resourceUsageMetrics" : {
        "cumulativeCpuUsage" : 130890,
        "virtualMemoryUsage" : 1541136384,
        "physicalMemoryUsage" : 720113664,
        "heapUsage" : 926416896
      }
    } ],
    "finishTime" : 1404794846499,
    "preferredLocations" : [ {
      "layers" : [ "default-rack", "Master" ]
    }, {
      "layers" : [ "default-rack", "Slave6" ]
    }, {
      "layers" : [ "default-rack", "Slave7" ]
    } ],
    "taskType" : "MAP",
    "taskStatus" : "SUCCESS",
    "taskID" : "task_201407020230_0683_m_000005",
    "inputBytes" : 12525989,
    "inputRecords" : 70212,
    "outputBytes" : 173208559,
    "outputRecords" : 7572980
  }, {
    "startTime" : 1404794728370,
    "attempts" : [ {
      "result" : "SUCCESS",
      "location" : {
        "layers" : [ "default-rack", "Slave5" ]
      },
      "hostName" : "/default-rack/Slave5",
      "startTime" : 1404793088155,
      "finishTime" : 1404793214394,
      "attemptID" : "attempt_201407020230_0683_m_000000_0",
      "shuffleFinished" : -1,
      "sortFinished" : -1,
      "hdfsBytesRead" : 12575747,
      "hdfsBytesWritten" : -1,
      "fileBytesRead" : 95312910,
      "fileBytesWritten" : 171283400,
      "mapInputRecords" : 70292,
      "mapOutputBytes" : 125852860,
      "mapOutputRecords" : 7625586,
      "combineInputRecords" : 12395263,
      "reduceInputGroups" : -1,
      "reduceInputRecords" : -1,
      "reduceShuffleBytes" : -1,
      "reduceOutputRecords" : -1,
      "spilledRecords" : 8447827,
      "mapInputBytes" : -1,
      "resourceUsageMetrics" : {
        "cumulativeCpuUsage" : 139790,
        "virtualMemoryUsage" : 1539989504,
        "physicalMemoryUsage" : 720834560,
        "heapUsage" : 923271168
      }
    } ],
    "finishTime" : 1404794854740,
    "preferredLocations" : [ {
      "layers" : [ "default-rack", "Master" ]
    }, {
      "layers" : [ "default-rack", "Slave1" ]
    }, {
      "layers" : [ "default-rack", "Slave5" ]
    } ],
    "taskType" : "MAP",
    "taskStatus" : "SUCCESS",
    "taskID" : "task_201407020230_0683_m_000000",
    "inputBytes" : 12575747,
    "inputRecords" : 70292,
    "outputBytes" : 171283400,
    "outputRecords" : 7625586
  }, {
    "startTime" : 1404794728371,
    "attempts" : [ {
      "result" : "SUCCESS",
      "location" : {
        "layers" : [ "default-rack", "Slave5" ]
      },
      "hostName" : "/default-rack/Slave5",
      "startTime" : 1404793088155,
      "finishTime" : 1404793211236,
      "attemptID" : "attempt_201407020230_0683_m_000001_0",
      "shuffleFinished" : -1,
      "sortFinished" : -1,
      "hdfsBytesRead" : 12555263,
      "hdfsBytesWritten" : -1,
      "fileBytesRead" : 96372580,
      "fileBytesWritten" : 173351080,
      "mapInputRecords" : 69442,
      "mapOutputBytes" : 125838118,
      "mapOutputRecords" : 7636470,
      "combineInputRecords" : 12463828,
      "reduceInputGroups" : -1,
      "reduceInputRecords" : -1,
      "reduceShuffleBytes" : -1,
      "reduceOutputRecords" : -1,
      "spilledRecords" : 8557868,
      "mapInputBytes" : -1,
      "resourceUsageMetrics" : {
        "cumulativeCpuUsage" : 136080,
        "virtualMemoryUsage" : 1540358144,
        "physicalMemoryUsage" : 719532032,
        "heapUsage" : 913309696
      }
    } ],
    "finishTime" : 1404794851718,
    "preferredLocations" : [ {
      "layers" : [ "default-rack", "Master" ]
    }, {
      "layers" : [ "default-rack", "Slave4" ]
    }, {
      "layers" : [ "default-rack", "Slave5" ]
    } ],
    "taskType" : "MAP",
    "taskStatus" : "SUCCESS",
    "taskID" : "task_201407020230_0683_m_000001",
    "inputBytes" : 12555263,
    "inputRecords" : 69442,
    "outputBytes" : 173351080,
    "outputRecords" : 7636470
  }, {
    "startTime" : 1404794728436,
    "attempts" : [ {
      "result" : "SUCCESS",
      "location" : {
        "layers" : [ "default-rack", "Slave3" ]
      },
      "hostName" : "/default-rack/Slave3",
      "startTime" : 1404793361122,
      "finishTime" : 1404793489227,
      "attemptID" : "attempt_201407020230_0683_m_000006_0",
      "shuffleFinished" : -1,
      "sortFinished" : -1,
      "hdfsBytesRead" : 12523520,
      "hdfsBytesWritten" : -1,
      "fileBytesRead" : 95768400,
      "fileBytesWritten" : 172135406,
      "mapInputRecords" : 69336,
      "mapOutputBytes" : 125405284,
      "mapOutputRecords" : 7592280,
      "combineInputRecords" : 12380826,
      "reduceInputGroups" : -1,
      "reduceInputRecords" : -1,
      "reduceShuffleBytes" : -1,
      "reduceOutputRecords" : -1,
      "spilledRecords" : 8482321,
      "mapInputBytes" : -1,
      "resourceUsageMetrics" : {
        "cumulativeCpuUsage" : 141510,
        "virtualMemoryUsage" : 1540333568,
        "physicalMemoryUsage" : 718671872,
        "heapUsage" : 900726784
      }
    } ],
    "finishTime" : 1404794856876,
    "preferredLocations" : [ {
      "layers" : [ "default-rack", "Master" ]
    }, {
      "layers" : [ "default-rack", "Slave7" ]
    }, {
      "layers" : [ "default-rack", "Slave3" ]
    } ],
    "taskType" : "MAP",
    "taskStatus" : "SUCCESS",
    "taskID" : "task_201407020230_0683_m_000006",
    "inputBytes" : 12523520,
    "inputRecords" : 69336,
    "outputBytes" : 172135406,
    "outputRecords" : 7592280
  }, {
    "startTime" : 1404794728436,
    "attempts" : [ {
      "result" : "SUCCESS",
      "location" : {
        "layers" : [ "default-rack", "Slave3" ]
      },
      "hostName" : "/default-rack/Slave3",
      "startTime" : 1404793361122,
      "finishTime" : 1404793486839,
      "attemptID" : "attempt_201407020230_0683_m_000007_0",
      "shuffleFinished" : -1,
      "sortFinished" : -1,
      "hdfsBytesRead" : 12507171,
      "hdfsBytesWritten" : -1,
      "fileBytesRead" : 96123260,
      "fileBytesWritten" : 172936563,
      "mapInputRecords" : 69080,
      "mapOutputBytes" : 125267238,
      "mapOutputRecords" : 7584834,
      "combineInputRecords" : 12390563,
      "reduceInputGroups" : -1,
      "reduceInputRecords" : -1,
      "reduceShuffleBytes" : -1,
      "reduceOutputRecords" : -1,
      "spilledRecords" : 8522339,
      "mapInputBytes" : -1,
      "resourceUsageMetrics" : {
        "cumulativeCpuUsage" : 139170,
        "virtualMemoryUsage" : 1544081408,
        "physicalMemoryUsage" : 720711680,
        "heapUsage" : 907018240
      }
    } ],
    "finishTime" : 1404794854456,
    "preferredLocations" : [ {
      "layers" : [ "default-rack", "Master" ]
    }, {
      "layers" : [ "default-rack", "Slave5" ]
    }, {
      "layers" : [ "default-rack", "Slave3" ]
    } ],
    "taskType" : "MAP",
    "taskStatus" : "SUCCESS",
    "taskID" : "task_201407020230_0683_m_000007",
    "inputBytes" : 12507171,
    "inputRecords" : 69080,
    "outputBytes" : 172936563,
    "outputRecords" : 7584834
  }, {
    "startTime" : 1404794728437,
    "attempts" : [ {
      "result" : "SUCCESS",
      "location" : {
        "layers" : [ "default-rack", "Slave4" ]
      },
      "hostName" : "/default-rack/Slave4",
      "startTime" : 1404705562820,
      "finishTime" : 1404705730932,
      "attemptID" : "attempt_201407020230_0683_m_000004_0",
      "shuffleFinished" : -1,
      "sortFinished" : -1,
      "hdfsBytesRead" : 12526971,
      "hdfsBytesWritten" : -1,
      "fileBytesRead" : 95387594,
      "fileBytesWritten" : 171806493,
      "mapInputRecords" : 72153,
      "mapOutputBytes" : 125092470,
      "mapOutputRecords" : 7561714,
      "combineInputRecords" : 12318476,
      "reduceInputGroups" : -1,
      "reduceInputRecords" : -1,
      "reduceShuffleBytes" : -1,
      "reduceOutputRecords" : -1,
      "spilledRecords" : 8445798,
      "mapInputBytes" : -1,
      "resourceUsageMetrics" : {
        "cumulativeCpuUsage" : 187750,
        "virtualMemoryUsage" : 1540554752,
        "physicalMemoryUsage" : 716791808,
        "heapUsage" : 904396800
      }
    } ],
    "finishTime" : 1404794896968,
    "preferredLocations" : [ {
      "layers" : [ "default-rack", "Master" ]
    }, {
      "layers" : [ "default-rack", "Slave4" ]
    }, {
      "layers" : [ "default-rack", "Slave5" ]
    } ],
    "taskType" : "MAP",
    "taskStatus" : "SUCCESS",
    "taskID" : "task_201407020230_0683_m_000004",
    "inputBytes" : 12526971,
    "inputRecords" : 72153,
    "outputBytes" : 171806493,
    "outputRecords" : 7561714
  }, {
    "startTime" : 1404794728437,
    "attempts" : [ {
      "result" : "SUCCESS",
      "location" : {
        "layers" : [ "default-rack", "Slave4" ]
      },
      "hostName" : "/default-rack/Slave4",
      "startTime" : 1404705562820,
      "finishTime" : 1404705728386,
      "attemptID" : "attempt_201407020230_0683_m_000014_0",
      "shuffleFinished" : -1,
      "sortFinished" : -1,
      "hdfsBytesRead" : 12456134,
      "hdfsBytesWritten" : -1,
      "fileBytesRead" : 94779129,
      "fileBytesWritten" : 170867719,
      "mapInputRecords" : 71413,
      "mapOutputBytes" : 124330098,
      "mapOutputRecords" : 7501734,
      "combineInputRecords" : 12221910,
      "reduceInputGroups" : -1,
      "reduceInputRecords" : -1,
      "reduceShuffleBytes" : -1,
      "reduceOutputRecords" : -1,
      "spilledRecords" : 8386967,
      "mapInputBytes" : -1,
      "resourceUsageMetrics" : {
        "cumulativeCpuUsage" : 184770,
        "virtualMemoryUsage" : 1540734976,
        "physicalMemoryUsage" : 718798848,
        "heapUsage" : 900726784
      }
    } ],
    "finishTime" : 1404794894243,
    "preferredLocations" : [ {
      "layers" : [ "default-rack", "Master" ]
    }, {
      "layers" : [ "default-rack", "Slave4" ]
    }, {
      "layers" : [ "default-rack", "Slave2" ]
    } ],
    "taskType" : "MAP",
    "taskStatus" : "SUCCESS",
    "taskID" : "task_201407020230_0683_m_000014",
    "inputBytes" : 12456134,
    "inputRecords" : 71413,
    "outputBytes" : 170867719,
    "outputRecords" : 7501734
  }, {
    "startTime" : 1404794728469,
    "attempts" : [ {
      "result" : "SUCCESS",
      "location" : {
        "layers" : [ "default-rack", "Slave1" ]
      },
      "hostName" : "/default-rack/Slave1",
      "startTime" : 1404794313577,
      "finishTime" : 1404794419788,
      "attemptID" : "attempt_201407020230_0683_m_000008_0",
      "shuffleFinished" : -1,
      "sortFinished" : -1,
      "hdfsBytesRead" : 12506379,
      "hdfsBytesWritten" : -1,
      "fileBytesRead" : 96126375,
      "fileBytesWritten" : 172955736,
      "mapInputRecords" : 70622,
      "mapOutputBytes" : 125104624,
      "mapOutputRecords" : 7574726,
      "combineInputRecords" : 12379534,
      "reduceInputGroups" : -1,
      "reduceInputRecords" : -1,
      "reduceShuffleBytes" : -1,
      "reduceOutputRecords" : -1,
      "spilledRecords" : 8522098,
      "mapInputBytes" : -1,
      "resourceUsageMetrics" : {
        "cumulativeCpuUsage" : 121220,
        "virtualMemoryUsage" : 1540902912,
        "physicalMemoryUsage" : 696688640,
        "heapUsage" : 840957952
      }
    } ],
    "finishTime" : 1404794835029,
    "preferredLocations" : [ {
      "layers" : [ "default-rack", "Master" ]
    }, {
      "layers" : [ "default-rack", "Slave3" ]
    }, {
      "layers" : [ "default-rack", "Slave1" ]
    } ],
    "taskType" : "MAP",
    "taskStatus" : "SUCCESS",
    "taskID" : "task_201407020230_0683_m_000008",
    "inputBytes" : 12506379,
    "inputRecords" : 70622,
    "outputBytes" : 172955736,
    "outputRecords" : 7574726
  }, {
    "startTime" : 1404794728469,
    "attempts" : [ {
      "result" : "SUCCESS",
      "location" : {
        "layers" : [ "default-rack", "Slave1" ]
      },
      "hostName" : "/default-rack/Slave1",
      "startTime" : 1404794313578,
      "finishTime" : 1404794422507,
      "attemptID" : "attempt_201407020230_0683_m_000010_0",
      "shuffleFinished" : -1,
      "sortFinished" : -1,
      "hdfsBytesRead" : 12472565,
      "hdfsBytesWritten" : -1,
      "fileBytesRead" : 95567798,
      "fileBytesWritten" : 172052793,
      "mapInputRecords" : 69994,
      "mapOutputBytes" : 124769060,
      "mapOutputRecords" : 7546302,
      "combineInputRecords" : 12317528,
      "reduceInputGroups" : -1,
      "reduceInputRecords" : -1,
      "reduceShuffleBytes" : -1,
      "reduceOutputRecords" : -1,
      "spilledRecords" : 8466184,
      "mapInputBytes" : -1,
      "resourceUsageMetrics" : {
        "cumulativeCpuUsage" : 127930,
        "virtualMemoryUsage" : 1541263360,
        "physicalMemoryUsage" : 697311232,
        "heapUsage" : 840957952
      }
    } ],
    "finishTime" : 1404794837747,
    "preferredLocations" : [ {
      "layers" : [ "default-rack", "Master" ]
    }, {
      "layers" : [ "default-rack", "Slave3" ]
    }, {
      "layers" : [ "default-rack", "Slave1" ]
    } ],
    "taskType" : "MAP",
    "taskStatus" : "SUCCESS",
    "taskID" : "task_201407020230_0683_m_000010",
    "inputBytes" : 12472565,
    "inputRecords" : 69994,
    "outputBytes" : 172052793,
    "outputRecords" : 7546302
  }, {
    "startTime" : 1404794728470,
    "attempts" : [ {
      "result" : "SUCCESS",
      "location" : {
        "layers" : [ "default-rack", "Master" ]
      },
      "hostName" : "/default-rack/Master",
      "startTime" : 1404794728566,
      "finishTime" : 1404794835489,
      "attemptID" : "attempt_201407020230_0683_m_000011_0",
      "shuffleFinished" : -1,
      "sortFinished" : -1,
      "hdfsBytesRead" : 12470778,
      "hdfsBytesWritten" : -1,
      "fileBytesRead" : 95573533,
      "fileBytesWritten" : 172110740,
      "mapInputRecords" : 69273,
      "mapOutputBytes" : 124870438,
      "mapOutputRecords" : 7566486,
      "combineInputRecords" : 12346644,
      "reduceInputGroups" : -1,
      "reduceInputRecords" : -1,
      "reduceShuffleBytes" : -1,
      "reduceOutputRecords" : -1,
      "spilledRecords" : 8484336,
      "mapInputBytes" : -1,
      "resourceUsageMetrics" : {
        "cumulativeCpuUsage" : 123380,
        "virtualMemoryUsage" : 1532461056,
        "physicalMemoryUsage" : 697561088,
        "heapUsage" : 814219264
      }
    } ],
    "finishTime" : 1404794835600,
    "preferredLocations" : [ {
      "layers" : [ "default-rack", "Master" ]
    }, {
      "layers" : [ "default-rack", "Slave5" ]
    }, {
      "layers" : [ "default-rack", "Slave1" ]
    } ],
    "taskType" : "MAP",
    "taskStatus" : "SUCCESS",
    "taskID" : "task_201407020230_0683_m_000011",
    "inputBytes" : 12470778,
    "inputRecords" : 69273,
    "outputBytes" : 172110740,
    "outputRecords" : 7566486
  }, {
    "startTime" : 1404794728471,
    "attempts" : [ {
      "result" : "SUCCESS",
      "location" : {
        "layers" : [ "default-rack", "Master" ]
      },
      "hostName" : "/default-rack/Master",
      "startTime" : 1404794728566,
      "finishTime" : 1404794836269,
      "attemptID" : "attempt_201407020230_0683_m_000012_0",
      "shuffleFinished" : -1,
      "sortFinished" : -1,
      "hdfsBytesRead" : 12470000,
      "hdfsBytesWritten" : -1,
      "fileBytesRead" : 95610814,
      "fileBytesWritten" : 171835773,
      "mapInputRecords" : 67323,
      "mapOutputBytes" : 125064940,
      "mapOutputRecords" : 7578560,
      "combineInputRecords" : 12360073,
      "reduceInputGroups" : -1,
      "reduceInputRecords" : -1,
      "reduceShuffleBytes" : -1,
      "reduceOutputRecords" : -1,
      "spilledRecords" : 8469541,
      "mapInputBytes" : -1,
      "resourceUsageMetrics" : {
        "cumulativeCpuUsage" : 127170,
        "virtualMemoryUsage" : 1532162048,
        "physicalMemoryUsage" : 698937344,
        "heapUsage" : 814219264
      }
    } ],
    "finishTime" : 1404794836506,
    "preferredLocations" : [ {
      "layers" : [ "default-rack", "Master" ]
    }, {
      "layers" : [ "default-rack", "Slave1" ]
    }, {
      "layers" : [ "default-rack", "Slave7" ]
    } ],
    "taskType" : "MAP",
    "taskStatus" : "SUCCESS",
    "taskID" : "task_201407020230_0683_m_000012",
    "inputBytes" : 12470000,
    "inputRecords" : 67323,
    "outputBytes" : 171835773,
    "outputRecords" : 7578560
  }, {
    "startTime" : 1404794728537,
    "attempts" : [ {
      "result" : "SUCCESS",
      "location" : {
        "layers" : [ "default-rack", "Slave6" ]
      },
      "hostName" : "/default-rack/Slave6",
      "startTime" : 1404793534773,
      "finishTime" : 1404793660056,
      "attemptID" : "attempt_201407020230_0683_m_000013_0",
      "shuffleFinished" : -1,
      "sortFinished" : -1,
      "hdfsBytesRead" : 12458709,
      "hdfsBytesWritten" : -1,
      "fileBytesRead" : 95797452,
      "fileBytesWritten" : 172568580,
      "mapInputRecords" : 69176,
      "mapOutputBytes" : 124715750,
      "mapOutputRecords" : 7545516,
      "combineInputRecords" : 12329138,
      "reduceInputGroups" : -1,
      "reduceInputRecords" : -1,
      "reduceShuffleBytes" : -1,
      "reduceOutputRecords" : -1,
      "spilledRecords" : 8492772,
      "mapInputBytes" : -1,
      "resourceUsageMetrics" : {
        "cumulativeCpuUsage" : 138760,
        "virtualMemoryUsage" : 1541918720,
        "physicalMemoryUsage" : 722825216,
        "heapUsage" : 920649728
      }
    } ],
    "finishTime" : 1404794853976,
    "preferredLocations" : [ {
      "layers" : [ "default-rack", "Master" ]
    }, {
      "layers" : [ "default-rack", "Slave6" ]
    }, {
      "layers" : [ "default-rack", "Slave7" ]
    } ],
    "taskType" : "MAP",
    "taskStatus" : "SUCCESS",
    "taskID" : "task_201407020230_0683_m_000013",
    "inputBytes" : 12458709,
    "inputRecords" : 69176,
    "outputBytes" : 172568580,
    "outputRecords" : 7545516
  }, {
    "startTime" : 1404794728537,
    "attempts" : [ {
      "result" : "SUCCESS",
      "location" : {
        "layers" : [ "default-rack", "Slave6" ]
      },
      "hostName" : "/default-rack/Slave6",
      "startTime" : 1404793534773,
      "finishTime" : 1404793659547,
      "attemptID" : "attempt_201407020230_0683_m_000017_0",
      "shuffleFinished" : -1,
      "sortFinished" : -1,
      "hdfsBytesRead" : 12449601,
      "hdfsBytesWritten" : -1,
      "fileBytesRead" : 94741506,
      "fileBytesWritten" : 170570573,
      "mapInputRecords" : 71622,
      "mapOutputBytes" : 124321590,
      "mapOutputRecords" : 7507818,
      "combineInputRecords" : 12230925,
      "reduceInputGroups" : -1,
      "reduceInputRecords" : -1,
      "reduceShuffleBytes" : -1,
      "reduceOutputRecords" : -1,
      "spilledRecords" : 8379775,
      "mapInputBytes" : -1,
      "resourceUsageMetrics" : {
        "cumulativeCpuUsage" : 140620,
        "virtualMemoryUsage" : 1540763648,
        "physicalMemoryUsage" : 718667776,
        "heapUsage" : 905445376
      }
    } ],
    "finishTime" : 1404794853673,
    "preferredLocations" : [ {
      "layers" : [ "default-rack", "Master" ]
    }, {
      "layers" : [ "default-rack", "Slave5" ]
    }, {
      "layers" : [ "default-rack", "Slave6" ]
    } ],
    "taskType" : "MAP",
    "taskStatus" : "SUCCESS",
    "taskID" : "task_201407020230_0683_m_000017",
    "inputBytes" : 12449601,
    "inputRecords" : 71622,
    "outputBytes" : 170570573,
    "outputRecords" : 7507818
  }, {
    "startTime" : 1404794835029,
    "attempts" : [ {
      "result" : "SUCCESS",
      "location" : {
        "layers" : [ "default-rack", "Slave1" ]
      },
      "hostName" : "/default-rack/Slave1",
      "startTime" : 1404794420024,
      "finishTime" : 1404794508958,
      "attemptID" : "attempt_201407020230_0683_m_000024_0",
      "shuffleFinished" : -1,
      "sortFinished" : -1,
      "hdfsBytesRead" : 12414462,
      "hdfsBytesWritten" : -1,
      "fileBytesRead" : 94152252,
      "fileBytesWritten" : 169805786,
      "mapInputRecords" : 75924,
      "mapOutputBytes" : 123438414,
      "mapOutputRecords" : 7457476,
      "combineInputRecords" : 12151450,
      "reduceInputGroups" : -1,
      "reduceInputRecords" : -1,
      "reduceShuffleBytes" : -1,
      "reduceOutputRecords" : -1,
      "spilledRecords" : 8342251,
      "mapInputBytes" : -1,
      "resourceUsageMetrics" : {
        "cumulativeCpuUsage" : 101070,
        "virtualMemoryUsage" : 1544060928,
        "physicalMemoryUsage" : 982294528,
        "heapUsage" : 886571008
      }
    } ],
    "finishTime" : 1404794924112,
    "preferredLocations" : [ {
      "layers" : [ "default-rack", "Master" ]
    }, {
      "layers" : [ "default-rack", "Slave1" ]
    }, {
      "layers" : [ "default-rack", "Slave3" ]
    } ],
    "taskType" : "MAP",
    "taskStatus" : "SUCCESS",
    "taskID" : "task_201407020230_0683_m_000024",
    "inputBytes" : 12414462,
    "inputRecords" : 75924,
    "outputBytes" : 169805786,
    "outputRecords" : 7457476
  }, {
    "startTime" : 1404794835600,
    "attempts" : [ {
      "result" : "SUCCESS",
      "location" : {
        "layers" : [ "default-rack", "Master" ]
      },
      "hostName" : "/default-rack/Master",
      "startTime" : 1404794835602,
      "finishTime" : 1404794926662,
      "attemptID" : "attempt_201407020230_0683_m_000015_0",
      "shuffleFinished" : -1,
      "sortFinished" : -1,
      "hdfsBytesRead" : 12455726,
      "hdfsBytesWritten" : -1,
      "fileBytesRead" : 95642654,
      "fileBytesWritten" : 172368810,
      "mapInputRecords" : 68408,
      "mapOutputBytes" : 124731134,
      "mapOutputRecords" : 7546842,
      "combineInputRecords" : 12327229,
      "reduceInputGroups" : -1,
      "reduceInputRecords" : -1,
      "reduceShuffleBytes" : -1,
      "reduceOutputRecords" : -1,
      "spilledRecords" : 8492486,
      "mapInputBytes" : -1,
      "resourceUsageMetrics" : {
        "cumulativeCpuUsage" : 100090,
        "virtualMemoryUsage" : 1535619072,
        "physicalMemoryUsage" : 982605824,
        "heapUsage" : 789053440
      }
    } ],
    "finishTime" : 1404794926743,
    "preferredLocations" : [ {
      "layers" : [ "default-rack", "Master" ]
    }, {
      "layers" : [ "default-rack", "Slave3" ]
    }, {
      "layers" : [ "default-rack", "Slave4" ]
    } ],
    "taskType" : "MAP",
    "taskStatus" : "SUCCESS",
    "taskID" : "task_201407020230_0683_m_000015",
    "inputBytes" : 12455726,
    "inputRecords" : 68408,
    "outputBytes" : 172368810,
    "outputRecords" : 7546842
  }, {
    "startTime" : 1404794836403,
    "attempts" : [ {
      "result" : "SUCCESS",
      "location" : {
        "layers" : [ "default-rack", "Slave2" ]
      },
      "hostName" : "/default-rack/Slave2",
      "startTime" : 1404795333676,
      "finishTime" : 1404795424364,
      "attemptID" : "attempt_201407020230_0683_m_000016_0",
      "shuffleFinished" : -1,
      "sortFinished" : -1,
      "hdfsBytesRead" : 12452776,
      "hdfsBytesWritten" : -1,
      "fileBytesRead" : 95020125,
      "fileBytesWritten" : 171142243,
      "mapInputRecords" : 69925,
      "mapOutputBytes" : 124563886,
      "mapOutputRecords" : 7532494,
      "combineInputRecords" : 12277991,
      "reduceInputGroups" : -1,
      "reduceInputRecords" : -1,
      "reduceShuffleBytes" : -1,
      "reduceOutputRecords" : -1,
      "spilledRecords" : 8423926,
      "mapInputBytes" : -1,
      "resourceUsageMetrics" : {
        "cumulativeCpuUsage" : 102790,
        "virtualMemoryUsage" : 1535451136,
        "physicalMemoryUsage" : 980140032,
        "heapUsage" : 885522432
      }
    } ],
    "finishTime" : 1404794927289,
    "preferredLocations" : [ {
      "layers" : [ "default-rack", "Master" ]
    }, {
      "layers" : [ "default-rack", "Slave2" ]
    }, {
      "layers" : [ "default-rack", "Slave7" ]
    } ],
    "taskType" : "MAP",
    "taskStatus" : "SUCCESS",
    "taskID" : "task_201407020230_0683_m_000016",
    "inputBytes" : 12452776,
    "inputRecords" : 69925,
    "outputBytes" : 171142243,
    "outputRecords" : 7532494
  }, {
    "startTime" : 1404794836507,
    "attempts" : [ {
      "result" : "SUCCESS",
      "location" : {
        "layers" : [ "default-rack", "Master" ]
      },
      "hostName" : "/default-rack/Master",
      "startTime" : 1404794836510,
      "finishTime" : 1404794926079,
      "attemptID" : "attempt_201407020230_0683_m_000018_0",
      "shuffleFinished" : -1,
      "sortFinished" : -1,
      "hdfsBytesRead" : 12448786,
      "hdfsBytesWritten" : -1,
      "fileBytesRead" : 95161031,
      "fileBytesWritten" : 171059640,
      "mapInputRecords" : 74516,
      "mapOutputBytes" : 124196660,
      "mapOutputRecords" : 7543974,
      "combineInputRecords" : 12313009,
      "reduceInputGroups" : -1,
      "reduceInputRecords" : -1,
      "reduceShuffleBytes" : -1,
      "reduceOutputRecords" : -1,
      "spilledRecords" : 8449763,
      "mapInputBytes" : -1,
      "resourceUsageMetrics" : {
        "cumulativeCpuUsage" : 100990,
        "virtualMemoryUsage" : 1535459328,
        "physicalMemoryUsage" : 984940544,
        "heapUsage" : 888668160
      }
    } ],
    "finishTime" : 1404794926138,
    "preferredLocations" : [ {
      "layers" : [ "default-rack", "Master" ]
    }, {
      "layers" : [ "default-rack", "Slave5" ]
    }, {
      "layers" : [ "default-rack", "Slave6" ]
    } ],
    "taskType" : "MAP",
    "taskStatus" : "SUCCESS",
    "taskID" : "task_201407020230_0683_m_000018",
    "inputBytes" : 12448786,
    "inputRecords" : 74516,
    "outputBytes" : 171059640,
    "outputRecords" : 7543974
  }, {
    "startTime" : 1404794837311,
    "attempts" : [ {
      "result" : "SUCCESS",
      "location" : {
        "layers" : [ "default-rack", "Slave2" ]
      },
      "hostName" : "/default-rack/Slave2",
      "startTime" : 1404795334583,
      "finishTime" : 1404795425132,
      "attemptID" : "attempt_201407020230_0683_m_000020_0",
      "shuffleFinished" : -1,
      "sortFinished" : -1,
      "hdfsBytesRead" : 12444914,
      "hdfsBytesWritten" : -1,
      "fileBytesRead" : 95066769,
      "fileBytesWritten" : 171070880,
      "mapInputRecords" : 68254,
      "mapOutputBytes" : 124654662,
      "mapOutputRecords" : 7543398,
      "combineInputRecords" : 12288475,
      "reduceInputGroups" : -1,
      "reduceInputRecords" : -1,
      "reduceShuffleBytes" : -1,
      "reduceOutputRecords" : -1,
      "spilledRecords" : 8414197,
      "mapInputBytes" : -1,
      "resourceUsageMetrics" : {
        "cumulativeCpuUsage" : 100840,
        "virtualMemoryUsage" : 1543782400,
        "physicalMemoryUsage" : 983932928,
        "heapUsage" : 887095296
      }
    } ],
    "finishTime" : 1404794927903,
    "preferredLocations" : [ {
      "layers" : [ "default-rack", "Master" ]
    }, {
      "layers" : [ "default-rack", "Slave2" ]
    }, {
      "layers" : [ "default-rack", "Slave5" ]
    } ],
    "taskType" : "MAP",
    "taskStatus" : "SUCCESS",
    "taskID" : "task_201407020230_0683_m_000020",
    "inputBytes" : 12444914,
    "inputRecords" : 68254,
    "outputBytes" : 171070880,
    "outputRecords" : 7543398
  }, {
    "startTime" : 1404794837747,
    "attempts" : [ {
      "result" : "SUCCESS",
      "location" : {
        "layers" : [ "default-rack", "Slave1" ]
      },
      "hostName" : "/default-rack/Slave1",
      "startTime" : 1404794422742,
      "finishTime" : 1404794512263,
      "attemptID" : "attempt_201407020230_0683_m_000027_0",
      "shuffleFinished" : -1,
      "sortFinished" : -1,
      "hdfsBytesRead" : 12371929,
      "hdfsBytesWritten" : -1,
      "fileBytesRead" : 95121829,
      "fileBytesWritten" : 171356470,
      "mapInputRecords" : 68633,
      "mapOutputBytes" : 123912568,
      "mapOutputRecords" : 7508828,
      "combineInputRecords" : 12266494,
      "reduceInputGroups" : -1,
      "reduceInputRecords" : -1,
      "reduceShuffleBytes" : -1,
      "reduceOutputRecords" : -1,
      "spilledRecords" : 8449028,
      "mapInputBytes" : -1,
      "resourceUsageMetrics" : {
        "cumulativeCpuUsage" : 98730,
        "virtualMemoryUsage" : 1546694656,
        "physicalMemoryUsage" : 982953984,
        "heapUsage" : 884473856
      }
    } ],
    "finishTime" : 1404794927434,
    "preferredLocations" : [ {
      "layers" : [ "default-rack", "Master" ]
    }, {
      "layers" : [ "default-rack", "Slave1" ]
    }, {
      "layers" : [ "default-rack", "Slave2" ]
    } ],
    "taskType" : "MAP",
    "taskStatus" : "SUCCESS",
    "taskID" : "task_201407020230_0683_m_000027",
    "inputBytes" : 12371929,
    "inputRecords" : 68633,
    "outputBytes" : 171356470,
    "outputRecords" : 7508828
  }, {
    "startTime" : 1404794845895,
    "attempts" : [ {
      "result" : "SUCCESS",
      "location" : {
        "layers" : [ "default-rack", "Slave7" ]
      },
      "hostName" : "/default-rack/Slave7",
      "startTime" : 1404794841578,
      "finishTime" : 1404794922889,
      "attemptID" : "attempt_201407020230_0683_m_000023_0",
      "shuffleFinished" : -1,
      "sortFinished" : -1,
      "hdfsBytesRead" : 12430810,
      "hdfsBytesWritten" : -1,
      "fileBytesRead" : 95315279,
      "fileBytesWritten" : 171573066,
      "mapInputRecords" : 71270,
      "mapOutputBytes" : 124366770,
      "mapOutputRecords" : 7539188,
      "combineInputRecords" : 12306023,
      "reduceInputGroups" : -1,
      "reduceInputRecords" : -1,
      "reduceShuffleBytes" : -1,
      "reduceOutputRecords" : -1,
      "spilledRecords" : 8454795,
      "mapInputBytes" : -1,
      "resourceUsageMetrics" : {
        "cumulativeCpuUsage" : 90820,
        "virtualMemoryUsage" : 1544101888,
        "physicalMemoryUsage" : 1022099456,
        "heapUsage" : 943194112
      }
    } ],
    "finishTime" : 1404794927336,
    "preferredLocations" : [ {
      "layers" : [ "default-rack", "Master" ]
    }, {
      "layers" : [ "default-rack", "Slave7" ]
    }, {
      "layers" : [ "default-rack", "Slave6" ]
    } ],
    "taskType" : "MAP",
    "taskStatus" : "SUCCESS",
    "taskID" : "task_201407020230_0683_m_000023",
    "inputBytes" : 12430810,
    "inputRecords" : 71270,
    "outputBytes" : 171573066,
    "outputRecords" : 7539188
  }, {
    "startTime" : 1404794846499,
    "attempts" : [ {
      "result" : "SUCCESS",
      "location" : {
        "layers" : [ "default-rack", "Slave7" ]
      },
      "hostName" : "/default-rack/Slave7",
      "startTime" : 1404794842183,
      "finishTime" : 1404794923879,
      "attemptID" : "attempt_201407020230_0683_m_000026_0",
      "shuffleFinished" : -1,
      "sortFinished" : -1,
      "hdfsBytesRead" : 12396698,
      "hdfsBytesWritten" : -1,
      "fileBytesRead" : 95468524,
      "fileBytesWritten" : 171889329,
      "mapInputRecords" : 67855,
      "mapOutputBytes" : 124106798,
      "mapOutputRecords" : 7501090,
      "combineInputRecords" : 12264885,
      "reduceInputGroups" : -1,
      "reduceInputRecords" : -1,
      "reduceShuffleBytes" : -1,
      "reduceOutputRecords" : -1,
      "spilledRecords" : 8454988,
      "mapInputBytes" : -1,
      "resourceUsageMetrics" : {
        "cumulativeCpuUsage" : 93190,
        "virtualMemoryUsage" : 1544294400,
        "physicalMemoryUsage" : 1021468672,
        "heapUsage" : 943194112
      }
    } ],
    "finishTime" : 1404794928242,
    "preferredLocations" : [ {
      "layers" : [ "default-rack", "Master" ]
    }, {
      "layers" : [ "default-rack", "Slave7" ]
    }, {
      "layers" : [ "default-rack", "Slave5" ]
    } ],
    "taskType" : "MAP",
    "taskStatus" : "SUCCESS",
    "taskID" : "task_201407020230_0683_m_000026",
    "inputBytes" : 12396698,
    "inputRecords" : 67855,
    "outputBytes" : 171889329,
    "outputRecords" : 7501090
  }, {
    "startTime" : 1404794851718,
    "attempts" : [ {
      "result" : "SUCCESS",
      "location" : {
        "layers" : [ "default-rack", "Slave5" ]
      },
      "hostName" : "/default-rack/Slave5",
      "startTime" : 1404793211410,
      "finishTime" : 1404793291778,
      "attemptID" : "attempt_201407020230_0683_m_000019_0",
      "shuffleFinished" : -1,
      "sortFinished" : -1,
      "hdfsBytesRead" : 12444998,
      "hdfsBytesWritten" : -1,
      "fileBytesRead" : 95469752,
      "fileBytesWritten" : 172018262,
      "mapInputRecords" : 68058,
      "mapOutputBytes" : 124733734,
      "mapOutputRecords" : 7555196,
      "combineInputRecords" : 12329907,
      "reduceInputGroups" : -1,
      "reduceInputRecords" : -1,
      "reduceShuffleBytes" : -1,
      "reduceOutputRecords" : -1,
      "spilledRecords" : 8481539,
      "mapInputBytes" : -1,
      "resourceUsageMetrics" : {
        "cumulativeCpuUsage" : 91950,
        "virtualMemoryUsage" : 1543516160,
        "physicalMemoryUsage" : 1020936192,
        "heapUsage" : 943194112
      }
    } ],
    "finishTime" : 1404794932235,
    "preferredLocations" : [ {
      "layers" : [ "default-rack", "Master" ]
    }, {
      "layers" : [ "default-rack", "Slave6" ]
    }, {
      "layers" : [ "default-rack", "Slave5" ]
    } ],
    "taskType" : "MAP",
    "taskStatus" : "SUCCESS",
    "taskID" : "task_201407020230_0683_m_000019",
    "inputBytes" : 12444998,
    "inputRecords" : 68058,
    "outputBytes" : 172018262,
    "outputRecords" : 7555196
  }, {
    "startTime" : 1404794853674,
    "attempts" : [ {
      "result" : "SUCCESS",
      "location" : {
        "layers" : [ "default-rack", "Slave6" ]
      },
      "hostName" : "/default-rack/Slave6",
      "startTime" : 1404793659818,
      "finishTime" : 1404793745555,
      "attemptID" : "attempt_201407020230_0683_m_000021_0",
      "shuffleFinished" : -1,
      "sortFinished" : -1,
      "hdfsBytesRead" : 12438192,
      "hdfsBytesWritten" : -1,
      "fileBytesRead" : 94534192,
      "fileBytesWritten" : 170123922,
      "mapInputRecords" : 74508,
      "mapOutputBytes" : 124039240,
      "mapOutputRecords" : 7500172,
      "combineInputRecords" : 12214784,
      "reduceInputGroups" : -1,
      "reduceInputRecords" : -1,
      "reduceShuffleBytes" : -1,
      "reduceOutputRecords" : -1,
      "spilledRecords" : 8360774,
      "mapInputBytes" : -1,
      "resourceUsageMetrics" : {
        "cumulativeCpuUsage" : 97270,
        "virtualMemoryUsage" : 1543921664,
        "physicalMemoryUsage" : 1020170240,
        "heapUsage" : 943194112
      }
    } ],
    "finishTime" : 1404794939694,
    "preferredLocations" : [ {
      "layers" : [ "default-rack", "Master" ]
    }, {
      "layers" : [ "default-rack", "Slave6" ]
    }, {
      "layers" : [ "default-rack", "Slave5" ]
    } ],
    "taskType" : "MAP",
    "taskStatus" : "SUCCESS",
    "taskID" : "task_201407020230_0683_m_000021",
    "inputBytes" : 12438192,
    "inputRecords" : 74508,
    "outputBytes" : 170123922,
    "outputRecords" : 7500172
  }, {
    "startTime" : 1404794853977,
    "attempts" : [ {
      "result" : "SUCCESS",
      "location" : {
        "layers" : [ "default-rack", "Slave6" ]
      },
      "hostName" : "/default-rack/Slave6",
      "startTime" : 1404793660121,
      "finishTime" : 1404793745620,
      "attemptID" : "attempt_201407020230_0683_m_000030_0",
      "shuffleFinished" : -1,
      "sortFinished" : -1,
      "hdfsBytesRead" : 12311829,
      "hdfsBytesWritten" : -1,
      "fileBytesRead" : 93906549,
      "fileBytesWritten" : 169088485,
      "mapInputRecords" : 67951,
      "mapOutputBytes" : 123101648,
      "mapOutputRecords" : 7431706,
      "combineInputRecords" : 12117028,
      "reduceInputGroups" : -1,
      "reduceInputRecords" : -1,
      "reduceShuffleBytes" : -1,
      "reduceOutputRecords" : -1,
      "spilledRecords" : 8316849,
      "mapInputBytes" : -1,
      "resourceUsageMetrics" : {
        "cumulativeCpuUsage" : 97100,
        "virtualMemoryUsage" : 1545076736,
        "physicalMemoryUsage" : 1023062016,
        "heapUsage" : 943194112
      }
    } ],
    "finishTime" : 1404794939695,
    "preferredLocations" : [ {
      "layers" : [ "default-rack", "Master" ]
    }, {
      "layers" : [ "default-rack", "Slave4" ]
    }, {
      "layers" : [ "default-rack", "Slave6" ]
    } ],
    "taskType" : "MAP",
    "taskStatus" : "SUCCESS",
    "taskID" : "task_201407020230_0683_m_000030",
    "inputBytes" : 12311829,
    "inputRecords" : 67951,
    "outputBytes" : 169088485,
    "outputRecords" : 7431706
  }, {
    "startTime" : 1404794854457,
    "attempts" : [ {
      "result" : "SUCCESS",
      "location" : {
        "layers" : [ "default-rack", "Slave3" ]
      },
      "hostName" : "/default-rack/Slave3",
      "startTime" : 1404793487047,
      "finishTime" : 1404793574221,
      "attemptID" : "attempt_201407020230_0683_m_000022_0",
      "shuffleFinished" : -1,
      "sortFinished" : -1,
      "hdfsBytesRead" : 12435796,
      "hdfsBytesWritten" : -1,
      "fileBytesRead" : 94795030,
      "fileBytesWritten" : 170512279,
      "mapInputRecords" : 70277,
      "mapOutputBytes" : 124313206,
      "mapOutputRecords" : 7514770,
      "combineInputRecords" : 12245708,
      "reduceInputGroups" : -1,
      "reduceInputRecords" : -1,
      "reduceShuffleBytes" : -1,
      "reduceOutputRecords" : -1,
      "spilledRecords" : 8388819,
      "mapInputBytes" : -1,
      "resourceUsageMetrics" : {
        "cumulativeCpuUsage" : 99540,
        "virtualMemoryUsage" : 1547239424,
        "physicalMemoryUsage" : 1025097728,
        "heapUsage" : 943194112
      }
    } ],
    "finishTime" : 1404794941804,
    "preferredLocations" : [ {
      "layers" : [ "default-rack", "Master" ]
    }, {
      "layers" : [ "default-rack", "Slave3" ]
    }, {
      "layers" : [ "default-rack", "Slave5" ]
    } ],
    "taskType" : "MAP",
    "taskStatus" : "SUCCESS",
    "taskID" : "task_201407020230_0683_m_000022",
    "inputBytes" : 12435796,
    "inputRecords" : 70277,
    "outputBytes" : 170512279,
    "outputRecords" : 7514770
  }, {
    "startTime" : 1404794854741,
    "attempts" : [ {
      "result" : "SUCCESS",
      "location" : {
        "layers" : [ "default-rack", "Slave5" ]
      },
      "hostName" : "/default-rack/Slave5",
      "startTime" : 1404793214433,
      "finishTime" : 1404793298338,
      "attemptID" : "attempt_201407020230_0683_m_000031_0",
      "shuffleFinished" : -1,
      "sortFinished" : -1,
      "hdfsBytesRead" : 12288755,
      "hdfsBytesWritten" : -1,
      "fileBytesRead" : 93653295,
      "fileBytesWritten" : 168410603,
      "mapInputRecords" : 64633,
      "mapOutputBytes" : 123285052,
      "mapOutputRecords" : 7452768,
      "combineInputRecords" : 12127489,
      "reduceInputGroups" : -1,
      "reduceInputRecords" : -1,
      "reduceShuffleBytes" : -1,
      "reduceOutputRecords" : -1,
      "spilledRecords" : 8286821,
      "mapInputBytes" : -1,
      "resourceUsageMetrics" : {
        "cumulativeCpuUsage" : 93930,
        "virtualMemoryUsage" : 1543147520,
        "physicalMemoryUsage" : 1023053824,
        "heapUsage" : 943194112
      }
    } ],
    "finishTime" : 1404794938874,
    "preferredLocations" : [ {
      "layers" : [ "default-rack", "Master" ]
    }, {
      "layers" : [ "default-rack", "Slave5" ]
    }, {
      "layers" : [ "default-rack", "Slave3" ]
    } ],
    "taskType" : "MAP",
    "taskStatus" : "SUCCESS",
    "taskID" : "task_201407020230_0683_m_000031",
    "inputBytes" : 12288755,
    "inputRecords" : 64633,
    "outputBytes" : 168410603,
    "outputRecords" : 7452768
  }, {
    "startTime" : 1404794856877,
    "attempts" : [ {
      "result" : "SUCCESS",
      "location" : {
        "layers" : [ "default-rack", "Slave3" ]
      },
      "hostName" : "/default-rack/Slave3",
      "startTime" : 1404793489467,
      "finishTime" : 1404793576276,
      "attemptID" : "attempt_201407020230_0683_m_000028_0",
      "shuffleFinished" : -1,
      "sortFinished" : -1,
      "hdfsBytesRead" : 12364757,
      "hdfsBytesWritten" : -1,
      "fileBytesRead" : 94712644,
      "fileBytesWritten" : 170348331,
      "mapInputRecords" : 65823,
      "mapOutputBytes" : 124117076,
      "mapOutputRecords" : 7526872,
      "combineInputRecords" : 12267379,
      "reduceInputGroups" : -1,
      "reduceInputRecords" : -1,
      "reduceShuffleBytes" : -1,
      "reduceOutputRecords" : -1,
      "spilledRecords" : 8404838,
      "mapInputBytes" : -1,
      "resourceUsageMetrics" : {
        "cumulativeCpuUsage" : 97860,
        "virtualMemoryUsage" : 1543491584,
        "physicalMemoryUsage" : 1020137472,
        "heapUsage" : 943194112
      }
    } ],
    "finishTime" : 1404794943920,
    "preferredLocations" : [ {
      "layers" : [ "default-rack", "Master" ]
    }, {
      "layers" : [ "default-rack", "Slave1" ]
    }, {
      "layers" : [ "default-rack", "Slave3" ]
    } ],
    "taskType" : "MAP",
    "taskStatus" : "SUCCESS",
    "taskID" : "task_201407020230_0683_m_000028",
    "inputBytes" : 12364757,
    "inputRecords" : 65823,
    "outputBytes" : 170348331,
    "outputRecords" : 7526872
  }, {
    "startTime" : 1404794894243,
    "attempts" : [ {
      "result" : "SUCCESS",
      "location" : {
        "layers" : [ "default-rack", "Slave4" ]
      },
      "hostName" : "/default-rack/Slave4",
      "startTime" : 1404705728508,
      "finishTime" : 1404705841241,
      "attemptID" : "attempt_201407020230_0683_m_000025_0",
      "shuffleFinished" : -1,
      "sortFinished" : -1,
      "hdfsBytesRead" : 12410911,
      "hdfsBytesWritten" : -1,
      "fileBytesRead" : 94146492,
      "fileBytesWritten" : 169320500,
      "mapInputRecords" : 69802,
      "mapOutputBytes" : 124147972,
      "mapOutputRecords" : 7521272,
      "combineInputRecords" : 12228634,
      "reduceInputGroups" : -1,
      "reduceInputRecords" : -1,
      "reduceShuffleBytes" : -1,
      "reduceOutputRecords" : -1,
      "spilledRecords" : 8345253,
      "mapInputBytes" : -1,
      "resourceUsageMetrics" : {
        "cumulativeCpuUsage" : 128700,
        "virtualMemoryUsage" : 1543892992,
        "physicalMemoryUsage" : 1020276736,
        "heapUsage" : 943194112
      }
    }, {
      "result" : "KILLED",
      "location" : null,
      "hostName" : null,
      "startTime" : 1404794926746,
      "finishTime" : 1404795009369,
      "attemptID" : "attempt_201407020230_0683_m_000025_1",
      "shuffleFinished" : -1,
      "sortFinished" : -1,
      "hdfsBytesRead" : -1,
      "hdfsBytesWritten" : -1,
      "fileBytesRead" : -1,
      "fileBytesWritten" : -1,
      "mapInputRecords" : -1,
      "mapOutputBytes" : -1,
      "mapOutputRecords" : -1,
      "combineInputRecords" : -1,
      "reduceInputGroups" : -1,
      "reduceInputRecords" : -1,
      "reduceShuffleBytes" : -1,
      "reduceOutputRecords" : -1,
      "spilledRecords" : -1,
      "mapInputBytes" : -1,
      "resourceUsageMetrics" : {
        "cumulativeCpuUsage" : 0,
        "virtualMemoryUsage" : 0,
        "physicalMemoryUsage" : 0,
        "heapUsage" : 0
      }
    } ],
    "finishTime" : 1404795007266,
    "preferredLocations" : [ {
      "layers" : [ "default-rack", "Master" ]
    }, {
      "layers" : [ "default-rack", "Slave2" ]
    }, {
      "layers" : [ "default-rack", "Slave4" ]
    } ],
    "taskType" : "MAP",
    "taskStatus" : "SUCCESS",
    "taskID" : "task_201407020230_0683_m_000025",
    "inputBytes" : 12410911,
    "inputRecords" : 69802,
    "outputBytes" : 169320500,
    "outputRecords" : 7521272
  }, {
    "startTime" : 1404794896968,
    "attempts" : [ {
      "result" : "SUCCESS",
      "location" : {
        "layers" : [ "default-rack", "Slave4" ]
      },
      "hostName" : "/default-rack/Slave4",
      "startTime" : 1404705731233,
      "finishTime" : 1404705750368,
      "attemptID" : "attempt_201407020230_0683_m_000034_0",
      "shuffleFinished" : -1,
      "sortFinished" : -1,
      "hdfsBytesRead" : 2128092,
      "hdfsBytesWritten" : -1,
      "fileBytesRead" : 16648898,
      "fileBytesWritten" : 33315359,
      "mapInputRecords" : 11585,
      "mapOutputBytes" : 21375000,
      "mapOutputRecords" : 1302192,
      "combineInputRecords" : 1302192,
      "reduceInputGroups" : -1,
      "reduceInputRecords" : -1,
      "reduceShuffleBytes" : -1,
      "reduceOutputRecords" : -1,
      "spilledRecords" : 1676524,
      "mapInputBytes" : -1,
      "resourceUsageMetrics" : {
        "cumulativeCpuUsage" : 21290,
        "virtualMemoryUsage" : 1543712768,
        "physicalMemoryUsage" : 1018269696,
        "heapUsage" : 943194112
      }
    } ],
    "finishTime" : 1404794916325,
    "preferredLocations" : [ {
      "layers" : [ "default-rack", "Master" ]
    }, {
      "layers" : [ "default-rack", "Slave4" ]
    }, {
      "layers" : [ "default-rack", "Slave3" ]
    } ],
    "taskType" : "MAP",
    "taskStatus" : "SUCCESS",
    "taskID" : "task_201407020230_0683_m_000034",
    "inputBytes" : 2128092,
    "inputRecords" : 11585,
    "outputBytes" : 33315359,
    "outputRecords" : 1302192
  }, {
    "startTime" : 1404794916326,
    "attempts" : [ {
      "result" : "SUCCESS",
      "location" : {
        "layers" : [ "default-rack", "Slave2" ]
      },
      "hostName" : "/default-rack/Slave2",
      "startTime" : 1404795424572,
      "finishTime" : 1404795512469,
      "attemptID" : "attempt_201407020230_0683_m_000029_1",
      "shuffleFinished" : -1,
      "sortFinished" : -1,
      "hdfsBytesRead" : 12328737,
      "hdfsBytesWritten" : -1,
      "fileBytesRead" : 93799173,
      "fileBytesWritten" : 169001235,
      "mapInputRecords" : 72713,
      "mapOutputBytes" : 123026920,
      "mapOutputRecords" : 7440636,
      "combineInputRecords" : 12119906,
      "reduceInputGroups" : -1,
      "reduceInputRecords" : -1,
      "reduceShuffleBytes" : -1,
      "reduceOutputRecords" : -1,
      "spilledRecords" : 8307722,
      "mapInputBytes" : -1,
      "resourceUsageMetrics" : {
        "cumulativeCpuUsage" : 100570,
        "virtualMemoryUsage" : 1535451136,
        "physicalMemoryUsage" : 1000181760,
        "heapUsage" : 791674880
      }
    }, {
      "result" : "KILLED",
      "location" : null,
      "hostName" : null,
      "startTime" : 1404705750590,
      "finishTime" : 1404705852186,
      "attemptID" : "attempt_201407020230_0683_m_000029_0",
      "shuffleFinished" : -1,
      "sortFinished" : -1,
      "hdfsBytesRead" : -1,
      "hdfsBytesWritten" : -1,
      "fileBytesRead" : -1,
      "fileBytesWritten" : -1,
      "mapInputRecords" : -1,
      "mapOutputBytes" : -1,
      "mapOutputRecords" : -1,
      "combineInputRecords" : -1,
      "reduceInputGroups" : -1,
      "reduceInputRecords" : -1,
      "reduceShuffleBytes" : -1,
      "reduceOutputRecords" : -1,
      "spilledRecords" : -1,
      "mapInputBytes" : -1,
      "resourceUsageMetrics" : {
        "cumulativeCpuUsage" : 0,
        "virtualMemoryUsage" : 0,
        "physicalMemoryUsage" : 0,
        "heapUsage" : 0
      }
    } ],
    "finishTime" : 1404795015462,
    "preferredLocations" : [ {
      "layers" : [ "default-rack", "Master" ]
    }, {
      "layers" : [ "default-rack", "Slave2" ]
    }, {
      "layers" : [ "default-rack", "Slave1" ]
    } ],
    "taskType" : "MAP",
    "taskStatus" : "SUCCESS",
    "taskID" : "task_201407020230_0683_m_000029",
    "inputBytes" : 12328737,
    "inputRecords" : 72713,
    "outputBytes" : 169001235,
    "outputRecords" : 7440636
  }, {
    "startTime" : 1404794924112,
    "attempts" : [ {
      "result" : "SUCCESS",
      "location" : {
        "layers" : [ "default-rack", "Slave7" ]
      },
      "hostName" : "/default-rack/Slave7",
      "startTime" : 1404794923019,
      "finishTime" : 1404794999758,
      "attemptID" : "attempt_201407020230_0683_m_000033_1",
      "shuffleFinished" : -1,
      "sortFinished" : -1,
      "hdfsBytesRead" : 11856605,
      "hdfsBytesWritten" : -1,
      "fileBytesRead" : 91479471,
      "fileBytesWritten" : 164878059,
      "mapInputRecords" : 63860,
      "mapOutputBytes" : 118874456,
      "mapOutputRecords" : 7200068,
      "combineInputRecords" : 11774851,
      "reduceInputGroups" : -1,
      "reduceInputRecords" : -1,
      "reduceShuffleBytes" : -1,
      "reduceOutputRecords" : -1,
      "spilledRecords" : 8129158,
      "mapInputBytes" : -1,
      "resourceUsageMetrics" : {
        "cumulativeCpuUsage" : 88500,
        "virtualMemoryUsage" : 1544101888,
        "physicalMemoryUsage" : 1022156800,
        "heapUsage" : 943194112
      }
    }, {
      "result" : "KILLED",
      "location" : null,
      "hostName" : null,
      "startTime" : 1404794509106,
      "finishTime" : 1404794591180,
      "attemptID" : "attempt_201407020230_0683_m_000033_0",
      "shuffleFinished" : -1,
      "sortFinished" : -1,
      "hdfsBytesRead" : -1,
      "hdfsBytesWritten" : -1,
      "fileBytesRead" : -1,
      "fileBytesWritten" : -1,
      "mapInputRecords" : -1,
      "mapOutputBytes" : -1,
      "mapOutputRecords" : -1,
      "combineInputRecords" : -1,
      "reduceInputGroups" : -1,
      "reduceInputRecords" : -1,
      "reduceShuffleBytes" : -1,
      "reduceOutputRecords" : -1,
      "spilledRecords" : -1,
      "mapInputBytes" : -1,
      "resourceUsageMetrics" : {
        "cumulativeCpuUsage" : 0,
        "virtualMemoryUsage" : 0,
        "physicalMemoryUsage" : 0,
        "heapUsage" : 0
      }
    } ],
    "finishTime" : 1404795004115,
    "preferredLocations" : [ {
      "layers" : [ "default-rack", "Master" ]
    }, {
      "layers" : [ "default-rack", "Slave1" ]
    }, {
      "layers" : [ "default-rack", "Slave2" ]
    } ],
    "taskType" : "MAP",
    "taskStatus" : "SUCCESS",
    "taskID" : "task_201407020230_0683_m_000033",
    "inputBytes" : 11856605,
    "inputRecords" : 63860,
    "outputBytes" : 164878059,
    "outputRecords" : 7200068
  }, {
    "startTime" : 1404794926139,
    "attempts" : [ {
      "result" : "SUCCESS",
      "location" : {
        "layers" : [ "default-rack", "Master" ]
      },
      "hostName" : "/default-rack/Master",
      "startTime" : 1404794926141,
      "finishTime" : 1404795011875,
      "attemptID" : "attempt_201407020230_0683_m_000032_0",
      "shuffleFinished" : -1,
      "sortFinished" : -1,
      "hdfsBytesRead" : 12075278,
      "hdfsBytesWritten" : -1,
      "fileBytesRead" : 92903983,
      "fileBytesWritten" : 167355351,
      "mapInputRecords" : 63723,
      "mapOutputBytes" : 121122984,
      "mapOutputRecords" : 7324142,
      "combineInputRecords" : 11964647,
      "reduceInputGroups" : -1,
      "reduceInputRecords" : -1,
      "reduceShuffleBytes" : -1,
      "reduceOutputRecords" : -1,
      "spilledRecords" : 8239571,
      "mapInputBytes" : -1,
      "resourceUsageMetrics" : {
        "cumulativeCpuUsage" : 93900,
        "virtualMemoryUsage" : 1535459328,
        "physicalMemoryUsage" : 1003417600,
        "heapUsage" : 812646400
      }
    }, {
      "result" : "KILLED",
      "location" : null,
      "hostName" : null,
      "startTime" : 1404794512429,
      "finishTime" : 1404794599373,
      "attemptID" : "attempt_201407020230_0683_m_000032_1",
      "shuffleFinished" : -1,
      "sortFinished" : -1,
      "hdfsBytesRead" : -1,
      "hdfsBytesWritten" : -1,
      "fileBytesRead" : -1,
      "fileBytesWritten" : -1,
      "mapInputRecords" : -1,
      "mapOutputBytes" : -1,
      "mapOutputRecords" : -1,
      "combineInputRecords" : -1,
      "reduceInputGroups" : -1,
      "reduceInputRecords" : -1,
      "reduceShuffleBytes" : -1,
      "reduceOutputRecords" : -1,
      "spilledRecords" : -1,
      "mapInputBytes" : -1,
      "resourceUsageMetrics" : {
        "cumulativeCpuUsage" : 0,
        "virtualMemoryUsage" : 0,
        "physicalMemoryUsage" : 0,
        "heapUsage" : 0
      }
    } ],
    "finishTime" : 1404795012146,
    "preferredLocations" : [ {
      "layers" : [ "default-rack", "Master" ]
    }, {
      "layers" : [ "default-rack", "Slave2" ]
    }, {
      "layers" : [ "default-rack", "Slave3" ]
    } ],
    "taskType" : "MAP",
    "taskStatus" : "SUCCESS",
    "taskID" : "task_201407020230_0683_m_000032",
    "inputBytes" : 12075278,
    "inputRecords" : 63723,
    "outputBytes" : 167355351,
    "outputRecords" : 7324142
  } ],
  "finishTime" : 1404795211278,
  "reduceTasks" : [ {
    "startTime" : 1404794836403,
    "attempts" : [ {
      "result" : "SUCCESS",
      "location" : {
        "layers" : [ "default-rack", "Slave2" ]
      },
      "hostName" : "/default-rack/Slave2",
      "startTime" : 1404795333676,
      "finishTime" : 1404795675584,
      "attemptID" : "attempt_201407020230_0683_r_000000_0",
      "shuffleFinished" : 1404795518697,
      "sortFinished" : 1404795518771,
      "hdfsBytesRead" : -1,
      "hdfsBytesWritten" : 74555869,
      "fileBytesRead" : 307119116,
      "fileBytesWritten" : 307178489,
      "mapInputRecords" : -1,
      "mapOutputBytes" : -1,
      "mapOutputRecords" : -1,
      "combineInputRecords" : 18610365,
      "reduceInputGroups" : 11976456,
      "reduceInputRecords" : 16685461,
      "reduceShuffleBytes" : 437430453,
      "reduceOutputRecords" : 11976456,
      "spilledRecords" : 14278738,
      "mapInputBytes" : -1,
      "resourceUsageMetrics" : {
        "cumulativeCpuUsage" : 238490,
        "virtualMemoryUsage" : 901287936,
        "physicalMemoryUsage" : 376569856,
        "heapUsage" : 295698432
      }
    }, {
      "result" : "KILLED",
      "location" : null,
      "hostName" : null,
      "startTime" : 1404793655617,
      "finishTime" : 1404793813735,
      "attemptID" : "attempt_201407020230_0683_r_000000_1",
      "shuffleFinished" : -1,
      "sortFinished" : -1,
      "hdfsBytesRead" : -1,
      "hdfsBytesWritten" : -1,
      "fileBytesRead" : -1,
      "fileBytesWritten" : -1,
      "mapInputRecords" : -1,
      "mapOutputBytes" : -1,
      "mapOutputRecords" : -1,
      "combineInputRecords" : -1,
      "reduceInputGroups" : -1,
      "reduceInputRecords" : -1,
      "reduceShuffleBytes" : -1,
      "reduceOutputRecords" : -1,
      "spilledRecords" : -1,
      "mapInputBytes" : -1,
      "resourceUsageMetrics" : {
        "cumulativeCpuUsage" : 0,
        "virtualMemoryUsage" : 0,
        "physicalMemoryUsage" : 0,
        "heapUsage" : 0
      }
    } ],
    "finishTime" : 1404795178454,
    "preferredLocations" : [ ],
    "taskType" : "REDUCE",
    "taskStatus" : "SUCCESS",
    "taskID" : "task_201407020230_0683_r_000000",
    "inputBytes" : 437430453,
    "inputRecords" : 16685461,
    "outputBytes" : 74555869,
    "outputRecords" : 11976456
  }, {
    "startTime" : 1404794836479,
    "attempts" : [ {
      "result" : "SUCCESS",
      "location" : {
        "layers" : [ "default-rack", "Slave6" ]
      },
      "hostName" : "/default-rack/Slave6",
      "startTime" : 1404793642625,
      "finishTime" : 1404793974082,
      "attemptID" : "attempt_201407020230_0683_r_000001_0",
      "shuffleFinished" : 1404793827291,
      "sortFinished" : 1404793827340,
      "hdfsBytesRead" : -1,
      "hdfsBytesWritten" : 73722626,
      "fileBytesRead" : 308435167,
      "fileBytesWritten" : 308494540,
      "mapInputRecords" : -1,
      "mapOutputBytes" : -1,
      "mapOutputRecords" : -1,
      "combineInputRecords" : 19117471,
      "reduceInputGroups" : 11858739,
      "reduceInputRecords" : 16364375,
      "reduceShuffleBytes" : 430105224,
      "reduceOutputRecords" : 11858739,
      "spilledRecords" : 14556409,
      "mapInputBytes" : -1,
      "resourceUsageMetrics" : {
        "cumulativeCpuUsage" : 232570,
        "virtualMemoryUsage" : 905543680,
        "physicalMemoryUsage" : 389210112,
        "heapUsage" : 292552704
      }
    } ],
    "finishTime" : 1404795168100,
    "preferredLocations" : [ ],
    "taskType" : "REDUCE",
    "taskStatus" : "SUCCESS",
    "taskID" : "task_201407020230_0683_r_000001",
    "inputBytes" : 430105224,
    "inputRecords" : 16364375,
    "outputBytes" : 73722626,
    "outputRecords" : 11858739
  }, {
    "startTime" : 1404794836507,
    "attempts" : [ {
      "result" : "SUCCESS",
      "location" : {
        "layers" : [ "default-rack", "Master" ]
      },
      "hostName" : "/default-rack/Master",
      "startTime" : 1404794836511,
      "finishTime" : 1404795175693,
      "attemptID" : "attempt_201407020230_0683_r_000002_0",
      "shuffleFinished" : 1404795019549,
      "sortFinished" : 1404795019625,
      "hdfsBytesRead" : -1,
      "hdfsBytesWritten" : 74545801,
      "fileBytesRead" : 307171211,
      "fileBytesWritten" : 307230584,
      "mapInputRecords" : -1,
      "mapOutputBytes" : -1,
      "mapOutputRecords" : -1,
      "combineInputRecords" : 18604153,
      "reduceInputGroups" : 11978508,
      "reduceInputRecords" : 16690403,
      "reduceShuffleBytes" : 437398587,
      "reduceOutputRecords" : 11978508,
      "spilledRecords" : 14280676,
      "mapInputBytes" : -1,
      "resourceUsageMetrics" : {
        "cumulativeCpuUsage" : 237500,
        "virtualMemoryUsage" : 902520832,
        "physicalMemoryUsage" : 350760960,
        "heapUsage" : 279969792
      }
    } ],
    "finishTime" : 1404795175973,
    "preferredLocations" : [ ],
    "taskType" : "REDUCE",
    "taskStatus" : "SUCCESS",
    "taskID" : "task_201407020230_0683_r_000002",
    "inputBytes" : 437398587,
    "inputRecords" : 16690403,
    "outputBytes" : 74545801,
    "outputRecords" : 11978508
  }, {
    "startTime" : 1404794836529,
    "attempts" : [ {
      "result" : "SUCCESS",
      "location" : {
        "layers" : [ "default-rack", "Slave4" ]
      },
      "hostName" : "/default-rack/Slave4",
      "startTime" : 1404705670799,
      "finishTime" : 1404706044065,
      "attemptID" : "attempt_201407020230_0683_r_000003_0",
      "shuffleFinished" : 1404705856117,
      "sortFinished" : 1404705856208,
      "hdfsBytesRead" : -1,
      "hdfsBytesWritten" : 73715004,
      "fileBytesRead" : 291600206,
      "fileBytesWritten" : 291659579,
      "mapInputRecords" : -1,
      "mapOutputBytes" : -1,
      "mapOutputRecords" : -1,
      "combineInputRecords" : 17914451,
      "reduceInputGroups" : 11858313,
      "reduceInputRecords" : 16774746,
      "reduceShuffleBytes" : 429898321,
      "reduceOutputRecords" : 11858313,
      "spilledRecords" : 13775796,
      "mapInputBytes" : -1,
      "resourceUsageMetrics" : {
        "cumulativeCpuUsage" : 291180,
        "virtualMemoryUsage" : 908513280,
        "physicalMemoryUsage" : 394764288,
        "heapUsage" : 313524224
      }
    } ],
    "finishTime" : 1404795210068,
    "preferredLocations" : [ ],
    "taskType" : "REDUCE",
    "taskStatus" : "SUCCESS",
    "taskID" : "task_201407020230_0683_r_000003",
    "inputBytes" : 429898321,
    "inputRecords" : 16774746,
    "outputBytes" : 73715004,
    "outputRecords" : 11858313
  }, {
    "startTime" : 1404794836539,
    "attempts" : [ {
      "result" : "SUCCESS",
      "location" : {
        "layers" : [ "default-rack", "Slave1" ]
      },
      "hostName" : "/default-rack/Slave1",
      "startTime" : 1404794421534,
      "finishTime" : 1404794758984,
      "attemptID" : "attempt_201407020230_0683_r_000004_0",
      "shuffleFinished" : 1404794602505,
      "sortFinished" : 1404794602577,
      "hdfsBytesRead" : -1,
      "hdfsBytesWritten" : 74553001,
      "fileBytesRead" : 307190503,
      "fileBytesWritten" : 307249876,
      "mapInputRecords" : -1,
      "mapOutputBytes" : -1,
      "mapOutputRecords" : -1,
      "combineInputRecords" : 18614277,
      "reduceInputGroups" : 11975713,
      "reduceInputRecords" : 16688466,
      "reduceShuffleBytes" : 437658288,
      "reduceOutputRecords" : 11975713,
      "spilledRecords" : 14280662,
      "mapInputBytes" : -1,
      "resourceUsageMetrics" : {
        "cumulativeCpuUsage" : 239970,
        "virtualMemoryUsage" : 903208960,
        "physicalMemoryUsage" : 390582272,
        "heapUsage" : 314048512
      }
    } ],
    "finishTime" : 1404795174087,
    "preferredLocations" : [ ],
    "taskType" : "REDUCE",
    "taskStatus" : "SUCCESS",
    "taskID" : "task_201407020230_0683_r_000004",
    "inputBytes" : 437658288,
    "inputRecords" : 16688466,
    "outputBytes" : 74553001,
    "outputRecords" : 11975713
  }, {
    "startTime" : 1404794836549,
    "attempts" : [ {
      "result" : "SUCCESS",
      "location" : {
        "layers" : [ "default-rack", "Slave7" ]
      },
      "hostName" : "/default-rack/Slave7",
      "startTime" : 1404794832234,
      "finishTime" : 1404795155934,
      "attemptID" : "attempt_201407020230_0683_r_000005_0",
      "shuffleFinished" : 1404795016698,
      "sortFinished" : 1404795016743,
      "hdfsBytesRead" : -1,
      "hdfsBytesWritten" : 73727529,
      "fileBytesRead" : 308381332,
      "fileBytesWritten" : 308440705,
      "mapInputRecords" : -1,
      "mapOutputBytes" : -1,
      "mapOutputRecords" : -1,
      "combineInputRecords" : 19119278,
      "reduceInputGroups" : 11858126,
      "reduceInputRecords" : 16363025,
      "reduceShuffleBytes" : 430170562,
      "reduceOutputRecords" : 11858126,
      "spilledRecords" : 14554188,
      "mapInputBytes" : -1,
      "resourceUsageMetrics" : {
        "cumulativeCpuUsage" : 218590,
        "virtualMemoryUsage" : 907247616,
        "physicalMemoryUsage" : 401248256,
        "heapUsage" : 314048512
      }
    } ],
    "finishTime" : 1404795160507,
    "preferredLocations" : [ ],
    "taskType" : "REDUCE",
    "taskStatus" : "SUCCESS",
    "taskID" : "task_201407020230_0683_r_000005",
    "inputBytes" : 430170562,
    "inputRecords" : 16363025,
    "outputBytes" : 73727529,
    "outputRecords" : 11858126
  } ],
  "submitTime" : 1404794726061,
  "launchTime" : 1404794726150,
  "totalMaps" : 35,
  "totalReduces" : 6,
  "otherTasks" : [ {
    "startTime" : 1404794726169,
    "attempts" : [ {
      "result" : "SUCCESS",
      "location" : {
        "layers" : [ "default-rack", "Slave2" ]
      },
      "hostName" : "/default-rack/Slave2",
      "startTime" : 1404795223542,
      "finishTime" : 1404795225294,
      "attemptID" : "attempt_201407020230_0683_m_000036_0",
      "shuffleFinished" : -1,
      "sortFinished" : -1,
      "hdfsBytesRead" : -1,
      "hdfsBytesWritten" : -1,
      "fileBytesRead" : -1,
      "fileBytesWritten" : 59467,
      "mapInputRecords" : -1,
      "mapOutputBytes" : -1,
      "mapOutputRecords" : -1,
      "combineInputRecords" : -1,
      "reduceInputGroups" : -1,
      "reduceInputRecords" : -1,
      "reduceShuffleBytes" : -1,
      "reduceOutputRecords" : -1,
      "spilledRecords" : 0,
      "mapInputBytes" : -1,
      "resourceUsageMetrics" : {
        "cumulativeCpuUsage" : 150,
        "virtualMemoryUsage" : 1537564672,
        "physicalMemoryUsage" : 121745408,
        "heapUsage" : 758120448
      }
    } ],
    "finishTime" : 1404794728284,
    "preferredLocations" : [ ],
    "taskType" : "SETUP",
    "taskStatus" : "SUCCESS",
    "taskID" : "task_201407020230_0683_m_000036",
    "inputBytes" : -1,
    "inputRecords" : -1,
    "outputBytes" : -1,
    "outputRecords" : -1
  }, {
    "startTime" : 1404795210069,
    "attempts" : [ {
      "result" : "SUCCESS",
      "location" : {
        "layers" : [ "default-rack", "Slave4" ]
      },
      "hostName" : "/default-rack/Slave4",
      "startTime" : 1404706044318,
      "finishTime" : 1404706045371,
      "attemptID" : "attempt_201407020230_0683_m_000035_0",
      "shuffleFinished" : -1,
      "sortFinished" : -1,
      "hdfsBytesRead" : -1,
      "hdfsBytesWritten" : -1,
      "fileBytesRead" : -1,
      "fileBytesWritten" : 59467,
      "mapInputRecords" : -1,
      "mapOutputBytes" : -1,
      "mapOutputRecords" : -1,
      "combineInputRecords" : -1,
      "reduceInputGroups" : -1,
      "reduceInputRecords" : -1,
      "reduceShuffleBytes" : -1,
      "reduceOutputRecords" : -1,
      "spilledRecords" : 0,
      "mapInputBytes" : -1,
      "resourceUsageMetrics" : {
        "cumulativeCpuUsage" : 160,
        "virtualMemoryUsage" : 1539309568,
        "physicalMemoryUsage" : 145281024,
        "heapUsage" : 504889344
      }
    } ],
    "finishTime" : 1404795211278,
    "preferredLocations" : [ ],
    "taskType" : "CLEANUP",
    "taskStatus" : "SUCCESS",
    "taskID" : "task_201407020230_0683_m_000035",
    "inputBytes" : -1,
    "inputRecords" : -1,
    "outputBytes" : -1,
    "outputRecords" : -1
  } ],
  "queue" : "default",
  "jobProperties" : {
    "fs.s3n.impl" : "org.apache.hadoop.fs.s3native.NativeS3FileSystem",
    "mapred.task.cache.levels" : "2",
    "mapreduce.job.restart.recover" : "true",
    "mapreduce.job.counters.max" : "120",
    "dfs.client.use.datanode.hostname" : "false",
    "hadoop.tmp.dir" : "/tmp/hadoop-${user.name}",
    "hadoop.native.lib" : "true",
    "map.sort.class" : "org.apache.hadoop.util.QuickSort",
    "dfs.namenode.decommission.nodes.per.interval" : "5",
    "dfs.https.need.client.auth" : "false",
    "dfs.datanode.drop.cache.behind.writes" : "false",
    "ipc.client.idlethreshold" : "4000",
    "mapred.system.dir" : "${hadoop.tmp.dir}/mapred/system",
    "dfs.datanode.data.dir.perm" : "755",
    "mapred.job.tracker.persist.jobstatus.hours" : "0",
    "dfs.namenode.logging.level" : "info",
    "dfs.datanode.address" : "0.0.0.0:50010",
    "io.skip.checksum.errors" : "false",
    "dfs.block.access.token.enable" : "false",
    "fs.default.name" : "hdfs://Master:9000",
    "mapred.cluster.reduce.memory.mb" : "-1",
    "mapred.reducer.new-api" : "true",
    "mapred.child.tmp" : "./tmp",
    "fs.har.impl.disable.cache" : "true",
    "dfs.safemode.threshold.pct" : "0.999f",
    "mapred.skip.reduce.max.skip.groups" : "0",
    "mapred.heartbeats.in.second" : "100",
    "dfs.namenode.handler.count" : "10",
    "dfs.blockreport.initialDelay" : "0",
    "mapred.tasktracker.dns.nameserver" : "default",
    "io.sort.factor" : "10",
    "dfs.datanode.drop.cache.behind.reads" : "false",
    "mapred.task.timeout" : "600000",
    "mapred.max.tracker.failures" : "4",
    "hadoop.rpc.socket.factory.class.default" : "org.apache.hadoop.net.StandardSocketFactory",
    "mapred.job.tracker.jobhistory.lru.cache.size" : "5",
    "fs.hdfs.impl" : "org.apache.hadoop.hdfs.DistributedFileSystem",
    "mapred.queue.default.acl-administer-jobs" : "*",
    "dfs.namenode.stale.datanode.interval" : "30000",
    "mapred.output.key.class" : "WordPair",
    "dfs.block.access.key.update.interval" : "600",
    "mapred.skip.map.auto.incr.proc.count" : "true",
    "mapreduce.job.complete.cancel.delegation.tokens" : "true",
    "io.mapfile.bloom.size" : "1048576",
    "mapreduce.reduce.shuffle.connect.timeout" : "180000",
    "dfs.safemode.extension" : "30000",
    "mapred.jobtracker.blacklist.fault-timeout-window" : "180",
    "dfs.namenode.write.stale.datanode.ratio" : "0.5f",
    "hadoop.skip.worker.version.check" : "false",
    "tasktracker.http.threads" : "40",
    "net.topology.impl" : "org.apache.hadoop.net.NetworkTopology",
    "mapred.job.shuffle.merge.percent" : "0.5",
    "fs.ftp.impl" : "org.apache.hadoop.fs.ftp.FTPFileSystem",
    "user.name" : "trend-hadoop",
    "dfs.namenode.kerberos.internal.spnego.principal" : "${dfs.web.authentication.kerberos.principal}",
    "mapred.output.compress" : "true",
    "io.bytes.per.checksum" : "512",
    "mapred.combine.recordsBeforeProgress" : "10000",
    "mapred.healthChecker.script.timeout" : "600000",
    "topology.node.switch.mapping.impl" : "org.apache.hadoop.net.ScriptBasedMapping",
    "dfs.https.server.keystore.resource" : "ssl-server.xml",
    "mapred.reduce.slowstart.completed.maps" : "0.07",
    "mapred.reduce.max.attempts" : "4",
    "dfs.namenode.safemode.min.datanodes" : "0",
    "mapreduce.ifile.readahead.bytes" : "4194304",
    "fs.ramfs.impl" : "org.apache.hadoop.fs.InMemoryFileSystem",
    "dfs.block.access.token.lifetime" : "600",
    "mapred.skip.map.max.skip.records" : "0",
    "dfs.name.edits.dir" : "${dfs.name.dir}",
    "mapred.cluster.map.memory.mb" : "-1",
    "hadoop.security.group.mapping" : "org.apache.hadoop.security.ShellBasedUnixGroupsMapping",
    "mapred.job.tracker.persist.jobstatus.dir" : "/jobtracker/jobsInfo",
    "mapred.jar" : "hdfs://Master:9000/tmp/hadoop-trend-hadoop/mapred/staging/trend-hadoop/.staging/job_201407020230_0683/job.jar",
    "fs.s3.buffer.dir" : "${hadoop.tmp.dir}/s3",
    "dfs.block.size" : "67108864",
    "job.end.retry.attempts" : "0",
    "fs.file.impl" : "org.apache.hadoop.fs.LocalFileSystem",
    "dfs.namenode.avoid.write.stale.datanode" : "false",
    "dfs.datanode.max.xcievers" : "4096",
    "mapred.local.dir.minspacestart" : "0",
    "mapred.output.compression.type" : "RECORD",
    "dfs.datanode.ipc.address" : "0.0.0.0:50020",
    "dfs.permissions" : "true",
    "topology.script.number.args" : "100",
    "mapreduce.job.counters.groups.max" : "50",
    "io.mapfile.bloom.error.rate" : "0.005",
    "mapred.cluster.max.reduce.memory.mb" : "-1",
    "mapred.max.tracker.blacklists" : "4",
    "mapred.task.profile.maps" : "0-2",
    "mapred.jobtracker.jobSchedulable" : "org.apache.hadoop.mapred.JobSchedulable",
    "dfs.datanode.https.address" : "0.0.0.0:50475",
    "mapred.userlog.retain.hours" : "24",
    "dfs.secondary.http.address" : "0.0.0.0:50090",
    "dfs.namenode.replication.work.multiplier.per.iteration" : "2",
    "dfs.replication.max" : "512",
    "mapred.job.tracker.persist.jobstatus.active" : "false",
    "hadoop.security.authorization" : "false",
    "local.cache.size" : "10737418240",
    "mapred.min.split.size" : "201326592",
    "dfs.namenode.delegation.token.renew-interval" : "86400000",
    "mapred.map.tasks" : "35",
    "mapred.child.java.opts" : "-Xmx200m",
    "mapred.output.value.class" : "org.apache.hadoop.io.IntWritable",
    "dfs.https.client.keystore.resource" : "ssl-client.xml",
    "ipc.client.fallback-to-simple-auth-allowed" : "false",
    "mapred.job.queue.name" : "default",
    "mapred.job.tracker.retiredjobs.cache.size" : "1000",
    "dfs.https.address" : "0.0.0.0:50470",
    "dfs.balance.bandwidthPerSec" : "1048576",
    "ipc.server.listen.queue.size" : "128",
    "dfs.namenode.invalidate.work.pct.per.iteration" : "0.32f",
    "mapred.inmem.merge.threshold" : "1200",
    "job.end.retry.interval" : "30000",
    "mapred.skip.attempts.to.start.skipping" : "2",
    "mapreduce.tasktracker.outofband.heartbeat.damper" : "1000000",
    "hadoop.security.use-weak-http-crypto" : "false",
    "fs.checkpoint.dir" : "${hadoop.tmp.dir}/dfs/namesecondary",
    "dfs.namenode.avoid.read.stale.datanode" : "false",
    "mapred.reduce.tasks" : "6",
    "mapred.merge.recordsBeforeProgress" : "10000",
    "mapred.userlog.limit.kb" : "0",
    "mapred.job.reduce.memory.mb" : "-1",
    "webinterface.private.actions" : "false",
    "dfs.max.objects" : "0",
    "hadoop.security.token.service.use_ip" : "true",
    "io.sort.spill.percent" : "0.6",
    "mapred.job.shuffle.input.buffer.percent" : "0.5",
    "mapred.map.tasks.speculative.execution" : "true",
    "hadoop.http.authentication.type" : "simple",
    "mapred.job.name" : "pairs-co-occur",
    "hadoop.util.hash.type" : "murmur",
    "dfs.datanode.dns.nameserver" : "default",
    "hadoop.security.instrumentation.requires.admin" : "false",
    "dfs.blockreport.intervalMsec" : "3600000",
    "dfs.datanode.readahead.bytes" : "4193404",
    "mapred.map.max.attempts" : "4",
    "mapreduce.job.acl-view-job" : " ",
    "mapreduce.ifile.readahead" : "true",
    "mapred.jobtracker.nodegroup.aware" : "false",
    "mapred.job.tracker.handler.count" : "10",
    "dfs.client.block.write.retries" : "3",
    "mapreduce.reduce.shuffle.read.timeout" : "180000",
    "mapred.tasktracker.expiry.interval" : "600000",
    "dfs.secondary.namenode.kerberos.internal.spnego.principal" : "${dfs.web.authentication.kerberos.principal}",
    "dfs.https.enable" : "false",
    "mapred.jobtracker.job.history.block.size" : "3145728",
    "mapred.jobtracker.maxtasks.per.job" : "-1",
    "keep.failed.task.files" : "false",
    "dfs.datanode.use.datanode.hostname" : "false",
    "dfs.datanode.failed.volumes.tolerated" : "0",
    "ipc.client.tcpnodelay" : "false",
    "mapred.task.profile.reduces" : "0-2",
    "io.map.index.skip" : "0",
    "mapred.output.compression.codec" : "org.apache.hadoop.io.compress.DefaultCodec",
    "hadoop.http.authentication.token.validity" : "36000",
    "ipc.server.tcpnodelay" : "false",
    "hadoop.jetty.logs.serve.aliases" : "true",
    "mapred.working.dir" : "hdfs://Master:9000/user/trend-hadoop",
    "mapred.jobtracker.blacklist.fault-bucket-width" : "15",
    "dfs.namenode.delegation.key.update-interval" : "86400000",
    "mapred.used.genericoptionsparser" : "true",
    "mapred.job.map.memory.mb" : "-1",
    "mapred.mapper.new-api" : "true",
    "dfs.default.chunk.view.size" : "32768",
    "hadoop.logfile.size" : "10000000",
    "mapred.reduce.tasks.speculative.execution" : "true",
    "mapreduce.tasktracker.outofband.heartbeat" : "false",
    "mapreduce.job.dir" : "hdfs://Master:9000/tmp/hadoop-trend-hadoop/mapred/staging/trend-hadoop/.staging/job_201407020230_0683",
    "mapreduce.reduce.input.limit" : "-1",
    "dfs.datanode.du.reserved" : "0",
    "dfs.datanode.sync.behind.writes" : "false",
    "hadoop.security.authentication" : "simple",
    "fs.checkpoint.period" : "3600",
    "mapred.job.reuse.jvm.num.tasks" : "8",
    "dfs.web.ugi" : "webuser,webgroup",
    "mapred.jobtracker.completeuserjobs.maximum" : "100",
    "dfs.df.interval" : "60000",
    "mapred.task.tracker.task-controller" : "org.apache.hadoop.mapred.DefaultTaskController",
    "dfs.data.dir" : "${hadoop.tmp.dir}/dfs/data",
    "fs.s3.maxRetries" : "4",
    "dfs.datanode.dns.interface" : "default",
    "mapred.cluster.max.map.memory.mb" : "-1",
    "mapreduce.reduce.shuffle.maxfetchfailures" : "10",
    "mapred.map.child.java.opts" : "-Xmx900M",
    "mapreduce.job.acl-modify-job" : " ",
    "fs.hftp.impl" : "org.apache.hadoop.hdfs.HftpFileSystem",
    "mapred.local.dir" : "${hadoop.tmp.dir}/mapred/local",
    "dfs.permissions.supergroup" : "supergroup",
    "fs.s3.sleepTimeSeconds" : "10",
    "fs.trash.interval" : "0",
    "mapred.submit.replication" : "10",
    "dfs.replication.min" : "1",
    "fs.har.impl" : "org.apache.hadoop.fs.HarFileSystem",
    "hadoop.relaxed.worker.version.check" : "false",
    "mapred.map.output.compression.codec" : "org.apache.hadoop.io.compress.DefaultCodec",
    "mapred.tasktracker.dns.interface" : "default",
    "dfs.http.address" : "0.0.0.0:50070",
    "dfs.namenode.decommission.interval" : "30",
    "mapred.job.tracker" : "Master:9001",
    "dfs.heartbeat.interval" : "3",
    "hadoop.http.authentication.signature.secret.file" : "${user.home}/hadoop-http-auth-signature-secret",
    "io.seqfile.sorter.recordlimit" : "1000000",
    "mapreduce.job.submithost" : "Master",
    "dfs.name.dir" : "${hadoop.tmp.dir}/dfs/name",
    "mapred.jobtracker.taskScheduler" : "org.apache.hadoop.mapred.JobQueueTaskScheduler",
    "mapred.line.input.format.linespermap" : "1",
    "dfs.datanode.http.address" : "0.0.0.0:50075",
    "fs.webhdfs.impl" : "org.apache.hadoop.hdfs.web.WebHdfsFileSystem",
    "mapred.local.dir.minspacekill" : "0",
    "dfs.image.transfer.bandwidthPerSec" : "0",
    "dfs.replication.interval" : "3",
    "io.sort.record.percent" : "0.08",
    "hadoop.http.authentication.kerberos.principal" : "HTTP/localhost@LOCALHOST",
    "mapreduce.reduce.class" : "PairsReducer",
    "fs.kfs.impl" : "org.apache.hadoop.fs.kfs.KosmosFileSystem",
    "mapred.tasktracker.reduce.tasks.maximum" : "2",
    "mapred.temp.dir" : "${hadoop.tmp.dir}/mapred/temp",
    "dfs.replication" : "3",
    "fs.checkpoint.edits.dir" : "${fs.checkpoint.dir}",
    "mapreduce.jobhistory.max-age-ms" : "2592000000",
    "mapred.tasktracker.tasks.sleeptime-before-sigkill" : "5000",
    "mapred.job.reduce.input.buffer.percent" : "0.7",
    "mapred.tasktracker.indexcache.mb" : "10",
    "dfs.webhdfs.enabled" : "false",
    "mapreduce.job.split.metainfo.maxsize" : "10000000",
    "hadoop.logfile.count" : "10",
    "mapred.skip.reduce.auto.incr.proc.count" : "true",
    "mapreduce.job.submithostaddress" : "192.168.168.50",
    "io.seqfile.compress.blocksize" : "1000000",
    "fs.s3.block.size" : "67108864",
    "mapred.tasktracker.taskmemorymanager.monitoring-interval" : "5000",
    "hadoop.http.authentication.simple.anonymous.allowed" : "true",
    "mapreduce.jobtracker.staging.root.dir" : "${hadoop.tmp.dir}/mapred/staging",
    "mapred.acls.enabled" : "false",
    "mapred.queue.default.state" : "RUNNING",
    "mapred.queue.names" : "default",
    "fs.hsftp.impl" : "org.apache.hadoop.hdfs.HsftpFileSystem",
    "dfs.access.time.precision" : "3600000",
    "mapred.task.tracker.http.address" : "0.0.0.0:50060",
    "mapreduce.combine.class" : "PairsReducer",
    "io.seqfile.lazydecompress" : "true",
    "mapred.reduce.parallel.copies" : "5",
    "mapred.disk.healthChecker.interval" : "60000",
    "mapred.output.dir" : "/wiki-out",
    "ipc.client.connection.maxidletime" : "10000",
    "io.sort.mb" : "300",
    "mapred.reduce.child.java.opts" : "-Xmx300M",
    "mapred.task.tracker.report.address" : "127.0.0.1:0",
    "hadoop.security.uid.cache.secs" : "14400",
    "mapred.compress.map.output" : "false",
    "ipc.client.kill.max" : "10",
    "mapred.healthChecker.interval" : "60000",
    "ipc.client.connect.max.retries" : "10",
    "mapreduce.map.class" : "PairsOccurrenceMapper",
    "fs.s3.impl" : "org.apache.hadoop.fs.s3.S3FileSystem",
    "mapred.user.jobconf.limit" : "5242880",
    "mapreduce.job.counters.group.name.max" : "128",
    "mapred.job.tracker.http.address" : "0.0.0.0:50030",
    "mapred.input.dir" : "hdfs://Master:9000/wiki-in400M",
    "io.file.buffer.size" : "4096",
    "mapred.jobtracker.restart.recover" : "false",
    "io.serializations" : "org.apache.hadoop.io.serializer.WritableSerialization",
    "mapred.task.profile" : "false",
    "dfs.datanode.handler.count" : "3",
    "mapreduce.input.num.files" : "35",
    "mapreduce.jobhistory.cleaner.interval-ms" : "86400000",
    "dfs.replication.considerLoad" : "true",
    "jobclient.output.filter" : "FAILED",
    "dfs.namenode.edits.toleration.length" : "0",
    "hadoop.http.authentication.kerberos.keytab" : "${user.home}/hadoop.keytab",
    "dfs.namenode.delegation.token.max-lifetime" : "604800000",
    "mapred.tasktracker.map.tasks.maximum" : "4",
    "fs.checkpoint.size" : "67108864",
    "io.compression.codecs" : "org.apache.hadoop.io.compress.DefaultCodec,org.apache.hadoop.io.compress.GzipCodec,org.apache.hadoop.io.compress.BZip2Codec,org.apache.hadoop.io.compress.SnappyCodec",
    "mapreduce.job.counters.counter.name.max" : "64"
  },
  "computonsPerMapInputByte" : -1,
  "computonsPerMapOutputByte" : -1,
  "computonsPerReduceInputByte" : -1,
  "computonsPerReduceOutputByte" : -1,
  "heapMegabytes" : 200,
  "outcome" : "SUCCESS",
  "jobtype" : "JAVA",
  "directDependantJobs" : [ ],
  "successfulMapAttemptCDFs" : [ {
    "maximum" : 168112,
    "minimum" : 19135,
    "rankings" : [ {
      "datum" : 19135,
      "relativeRanking" : 0.05
    }, {
      "datum" : 81311,
      "relativeRanking" : 0.1
    }, {
      "datum" : 83905,
      "relativeRanking" : 0.15
    }, {
      "datum" : 85499,
      "relativeRanking" : 0.2
    }, {
      "datum" : 85737,
      "relativeRanking" : 0.25
    }, {
      "datum" : 87174,
      "relativeRanking" : 0.3
    }, {
      "datum" : 87897,
      "relativeRanking" : 0.35
    }, {
      "datum" : 89521,
      "relativeRanking" : 0.4
    }, {
      "datum" : 90549,
      "relativeRanking" : 0.45
    }, {
      "datum" : 91060,
      "relativeRanking" : 0.5
    }, {
      "datum" : 106211,
      "relativeRanking" : 0.55
    }, {
      "datum" : 107703,
      "relativeRanking" : 0.6
    }, {
      "datum" : 108738,
      "relativeRanking" : 0.65
    }, {
      "datum" : 108929,
      "relativeRanking" : 0.7
    }, {
      "datum" : 117449,
      "relativeRanking" : 0.75
    }, {
      "datum" : 123081,
      "relativeRanking" : 0.8
    }, {
      "datum" : 124774,
      "relativeRanking" : 0.85
    }, {
      "datum" : 125717,
      "relativeRanking" : 0.9
    }, {
      "datum" : 128105,
      "relativeRanking" : 0.95
    } ],
    "numberValues" : 34
  }, {
    "maximum" : 76739,
    "minimum" : 76739,
    "rankings" : [ {
      "datum" : 76739,
      "relativeRanking" : 0.05
    }, {
      "datum" : 76739,
      "relativeRanking" : 0.1
    }, {
      "datum" : 76739,
      "relativeRanking" : 0.15
    }, {
      "datum" : 76739,
      "relativeRanking" : 0.2
    }, {
      "datum" : 76739,
      "relativeRanking" : 0.25
    }, {
      "datum" : 76739,
      "relativeRanking" : 0.3
    }, {
      "datum" : 76739,
      "relativeRanking" : 0.35
    }, {
      "datum" : 76739,
      "relativeRanking" : 0.4
    }, {
      "datum" : 76739,
      "relativeRanking" : 0.45
    }, {
      "datum" : 76739,
      "relativeRanking" : 0.5
    }, {
      "datum" : 76739,
      "relativeRanking" : 0.55
    }, {
      "datum" : 76739,
      "relativeRanking" : 0.6
    }, {
      "datum" : 76739,
      "relativeRanking" : 0.65
    }, {
      "datum" : 76739,
      "relativeRanking" : 0.7
    }, {
      "datum" : 76739,
      "relativeRanking" : 0.75
    }, {
      "datum" : 76739,
      "relativeRanking" : 0.8
    }, {
      "datum" : 76739,
      "relativeRanking" : 0.85
    }, {
      "datum" : 76739,
      "relativeRanking" : 0.9
    }, {
      "datum" : 76739,
      "relativeRanking" : 0.95
    } ],
    "numberValues" : 1
  }, {
    "maximum" : 9223372036854775807,
    "minimum" : -9223372036854775808,
    "rankings" : [ ],
    "numberValues" : 0
  }, {
    "maximum" : 9223372036854775807,
    "minimum" : -9223372036854775808,
    "rankings" : [ ],
    "numberValues" : 0
  } ],
  "failedMapAttemptCDFs" : [ {
    "maximum" : 9223372036854775807,
    "minimum" : -9223372036854775808,
    "rankings" : [ ],
    "numberValues" : 0
  }, {
    "maximum" : 9223372036854775807,
    "minimum" : -9223372036854775808,
    "rankings" : [ ],
    "numberValues" : 0
  }, {
    "maximum" : 9223372036854775807,
    "minimum" : -9223372036854775808,
    "rankings" : [ ],
    "numberValues" : 0
  }, {
    "maximum" : 9223372036854775807,
    "minimum" : -9223372036854775808,
    "rankings" : [ ],
    "numberValues" : 0
  } ],
  "successfulReduceAttemptCDF" : {
    "maximum" : 373266,
    "minimum" : 323700,
    "rankings" : [ {
      "datum" : 323700,
      "relativeRanking" : 0.05
    }, {
      "datum" : 323700,
      "relativeRanking" : 0.1
    }, {
      "datum" : 323700,
      "relativeRanking" : 0.15
    }, {
      "datum" : 323700,
      "relativeRanking" : 0.2
    }, {
      "datum" : 323700,
      "relativeRanking" : 0.25
    }, {
      "datum" : 323700,
      "relativeRanking" : 0.3
    }, {
      "datum" : 331457,
      "relativeRanking" : 0.35
    }, {
      "datum" : 331457,
      "relativeRanking" : 0.4
    }, {
      "datum" : 331457,
      "relativeRanking" : 0.45
    }, {
      "datum" : 337450,
      "relativeRanking" : 0.5
    }, {
      "datum" : 337450,
      "relativeRanking" : 0.55
    }, {
      "datum" : 337450,
      "relativeRanking" : 0.6
    }, {
      "datum" : 337450,
      "relativeRanking" : 0.65
    }, {
      "datum" : 339182,
      "relativeRanking" : 0.7
    }, {
      "datum" : 339182,
      "relativeRanking" : 0.75
    }, {
      "datum" : 339182,
      "relativeRanking" : 0.8
    }, {
      "datum" : 341908,
      "relativeRanking" : 0.85
    }, {
      "datum" : 341908,
      "relativeRanking" : 0.9
    }, {
      "datum" : 341908,
      "relativeRanking" : 0.95
    } ],
    "numberValues" : 6
  },
  "failedReduceAttemptCDF" : {
    "maximum" : 9223372036854775807,
    "minimum" : -9223372036854775808,
    "rankings" : [ ],
    "numberValues" : 0
  },
  "mapperTriesToSucceed" : [ 0.9428571428571428, 0.05714285714285714 ],
  "failedMapperFraction" : 0.0,
  "relativeTime" : 0,
  "clusterMapMB" : -1,
  "clusterReduceMB" : -1,
  "jobMapMB" : 200,
  "jobReduceMB" : 200
}