{
  "priority" : "NORMAL",
  "jobID" : "job_201407020230_0059",
  "user" : "trend-hadoop",
  "jobName" : "pairs-co-occur",
  "mapTasks" : [ {
    "startTime" : 1404282536514,
    "attempts" : [ {
      "result" : "FAILED",
      "location" : null,
      "hostName" : null,
      "startTime" : 1404283024522,
      "finishTime" : 1404283028409,
      "attemptID" : "attempt_201407020230_0059_m_000003_0",
      "shuffleFinished" : -1,
      "sortFinished" : -1,
      "hdfsBytesRead" : -1,
      "hdfsBytesWritten" : -1,
      "fileBytesRead" : -1,
      "fileBytesWritten" : -1,
      "mapInputRecords" : -1,
      "mapOutputBytes" : -1,
      "mapOutputRecords" : -1,
      "combineInputRecords" : -1,
      "reduceInputGroups" : -1,
      "reduceInputRecords" : -1,
      "reduceShuffleBytes" : -1,
      "reduceOutputRecords" : -1,
      "spilledRecords" : -1,
      "mapInputBytes" : -1,
      "resourceUsageMetrics" : {
        "cumulativeCpuUsage" : 0,
        "virtualMemoryUsage" : 0,
        "physicalMemoryUsage" : 0,
        "heapUsage" : 0
      }
    }, {
      "result" : "FAILED",
      "location" : null,
      "hostName" : null,
      "startTime" : 1404281193371,
      "finishTime" : 1404281195885,
      "attemptID" : "attempt_201407020230_0059_m_000003_1",
      "shuffleFinished" : -1,
      "sortFinished" : -1,
      "hdfsBytesRead" : -1,
      "hdfsBytesWritten" : -1,
      "fileBytesRead" : -1,
      "fileBytesWritten" : -1,
      "mapInputRecords" : -1,
      "mapOutputBytes" : -1,
      "mapOutputRecords" : -1,
      "combineInputRecords" : -1,
      "reduceInputGroups" : -1,
      "reduceInputRecords" : -1,
      "reduceShuffleBytes" : -1,
      "reduceOutputRecords" : -1,
      "spilledRecords" : -1,
      "mapInputBytes" : -1,
      "resourceUsageMetrics" : {
        "cumulativeCpuUsage" : 0,
        "virtualMemoryUsage" : 0,
        "physicalMemoryUsage" : 0,
        "heapUsage" : 0
      }
    }, {
      "result" : "FAILED",
      "location" : null,
      "hostName" : null,
      "startTime" : 1404282543245,
      "finishTime" : 1404282545924,
      "attemptID" : "attempt_201407020230_0059_m_000003_2",
      "shuffleFinished" : -1,
      "sortFinished" : -1,
      "hdfsBytesRead" : -1,
      "hdfsBytesWritten" : -1,
      "fileBytesRead" : -1,
      "fileBytesWritten" : -1,
      "mapInputRecords" : -1,
      "mapOutputBytes" : -1,
      "mapOutputRecords" : -1,
      "combineInputRecords" : -1,
      "reduceInputGroups" : -1,
      "reduceInputRecords" : -1,
      "reduceShuffleBytes" : -1,
      "reduceOutputRecords" : -1,
      "spilledRecords" : -1,
      "mapInputBytes" : -1,
      "resourceUsageMetrics" : {
        "cumulativeCpuUsage" : 0,
        "virtualMemoryUsage" : 0,
        "physicalMemoryUsage" : 0,
        "heapUsage" : 0
      }
    } ],
    "finishTime" : -1,
    "preferredLocations" : [ {
      "layers" : [ "default-rack", "Master" ]
    }, {
      "layers" : [ "default-rack", "Slave1" ]
    }, {
      "layers" : [ "default-rack", "Slave2" ]
    } ],
    "taskType" : "MAP",
    "taskStatus" : null,
    "taskID" : "task_201407020230_0059_m_000003",
    "inputBytes" : -1,
    "inputRecords" : -1,
    "outputBytes" : -1,
    "outputRecords" : -1
  }, {
    "startTime" : 1404282536514,
    "attempts" : [ {
      "result" : "FAILED",
      "location" : null,
      "hostName" : null,
      "startTime" : 1404283024523,
      "finishTime" : 1404283027248,
      "attemptID" : "attempt_201407020230_0059_m_000006_0",
      "shuffleFinished" : -1,
      "sortFinished" : -1,
      "hdfsBytesRead" : -1,
      "hdfsBytesWritten" : -1,
      "fileBytesRead" : -1,
      "fileBytesWritten" : -1,
      "mapInputRecords" : -1,
      "mapOutputBytes" : -1,
      "mapOutputRecords" : -1,
      "combineInputRecords" : -1,
      "reduceInputGroups" : -1,
      "reduceInputRecords" : -1,
      "reduceShuffleBytes" : -1,
      "reduceOutputRecords" : -1,
      "spilledRecords" : -1,
      "mapInputBytes" : -1,
      "resourceUsageMetrics" : {
        "cumulativeCpuUsage" : 0,
        "virtualMemoryUsage" : 0,
        "physicalMemoryUsage" : 0,
        "heapUsage" : 0
      }
    }, {
      "result" : "FAILED",
      "location" : null,
      "hostName" : null,
      "startTime" : 1404193400556,
      "finishTime" : 1404193404987,
      "attemptID" : "attempt_201407020230_0059_m_000006_1",
      "shuffleFinished" : -1,
      "sortFinished" : -1,
      "hdfsBytesRead" : -1,
      "hdfsBytesWritten" : -1,
      "fileBytesRead" : -1,
      "fileBytesWritten" : -1,
      "mapInputRecords" : -1,
      "mapOutputBytes" : -1,
      "mapOutputRecords" : -1,
      "combineInputRecords" : -1,
      "reduceInputGroups" : -1,
      "reduceInputRecords" : -1,
      "reduceShuffleBytes" : -1,
      "reduceOutputRecords" : -1,
      "spilledRecords" : -1,
      "mapInputBytes" : -1,
      "resourceUsageMetrics" : {
        "cumulativeCpuUsage" : 0,
        "virtualMemoryUsage" : 0,
        "physicalMemoryUsage" : 0,
        "heapUsage" : 0
      }
    } ],
    "finishTime" : -1,
    "preferredLocations" : [ {
      "layers" : [ "default-rack", "Master" ]
    }, {
      "layers" : [ "default-rack", "Slave2" ]
    }, {
      "layers" : [ "default-rack", "Slave1" ]
    } ],
    "taskType" : "MAP",
    "taskStatus" : null,
    "taskID" : "task_201407020230_0059_m_000006",
    "inputBytes" : -1,
    "inputRecords" : -1,
    "outputBytes" : -1,
    "outputRecords" : -1
  }, {
    "startTime" : 1404282536524,
    "attempts" : [ {
      "result" : "FAILED",
      "location" : null,
      "hostName" : null,
      "startTime" : 1404281189531,
      "finishTime" : 1404281193199,
      "attemptID" : "attempt_201407020230_0059_m_000001_0",
      "shuffleFinished" : -1,
      "sortFinished" : -1,
      "hdfsBytesRead" : -1,
      "hdfsBytesWritten" : -1,
      "fileBytesRead" : -1,
      "fileBytesWritten" : -1,
      "mapInputRecords" : -1,
      "mapOutputBytes" : -1,
      "mapOutputRecords" : -1,
      "combineInputRecords" : -1,
      "reduceInputGroups" : -1,
      "reduceInputRecords" : -1,
      "reduceShuffleBytes" : -1,
      "reduceOutputRecords" : -1,
      "spilledRecords" : -1,
      "mapInputBytes" : -1,
      "resourceUsageMetrics" : {
        "cumulativeCpuUsage" : 0,
        "virtualMemoryUsage" : 0,
        "physicalMemoryUsage" : 0,
        "heapUsage" : 0
      }
    }, {
      "result" : "FAILED",
      "location" : null,
      "hostName" : null,
      "startTime" : 1404280919751,
      "finishTime" : 1404282542896,
      "attemptID" : "attempt_201407020230_0059_m_000001_1",
      "shuffleFinished" : -1,
      "sortFinished" : -1,
      "hdfsBytesRead" : -1,
      "hdfsBytesWritten" : -1,
      "fileBytesRead" : -1,
      "fileBytesWritten" : -1,
      "mapInputRecords" : -1,
      "mapOutputBytes" : -1,
      "mapOutputRecords" : -1,
      "combineInputRecords" : -1,
      "reduceInputGroups" : -1,
      "reduceInputRecords" : -1,
      "reduceShuffleBytes" : -1,
      "reduceOutputRecords" : -1,
      "spilledRecords" : -1,
      "mapInputBytes" : -1,
      "resourceUsageMetrics" : {
        "cumulativeCpuUsage" : 0,
        "virtualMemoryUsage" : 0,
        "physicalMemoryUsage" : 0,
        "heapUsage" : 0
      }
    }, {
      "result" : "FAILED",
      "location" : null,
      "hostName" : null,
      "startTime" : 1404282542925,
      "finishTime" : 1404282545314,
      "attemptID" : "attempt_201407020230_0059_m_000001_2",
      "shuffleFinished" : -1,
      "sortFinished" : -1,
      "hdfsBytesRead" : -1,
      "hdfsBytesWritten" : -1,
      "fileBytesRead" : -1,
      "fileBytesWritten" : -1,
      "mapInputRecords" : -1,
      "mapOutputBytes" : -1,
      "mapOutputRecords" : -1,
      "combineInputRecords" : -1,
      "reduceInputGroups" : -1,
      "reduceInputRecords" : -1,
      "reduceShuffleBytes" : -1,
      "reduceOutputRecords" : -1,
      "spilledRecords" : -1,
      "mapInputBytes" : -1,
      "resourceUsageMetrics" : {
        "cumulativeCpuUsage" : 0,
        "virtualMemoryUsage" : 0,
        "physicalMemoryUsage" : 0,
        "heapUsage" : 0
      }
    } ],
    "finishTime" : -1,
    "preferredLocations" : [ {
      "layers" : [ "default-rack", "Master" ]
    }, {
      "layers" : [ "default-rack", "Slave5" ]
    }, {
      "layers" : [ "default-rack", "Slave3" ]
    } ],
    "taskType" : "MAP",
    "taskStatus" : null,
    "taskID" : "task_201407020230_0059_m_000001",
    "inputBytes" : -1,
    "inputRecords" : -1,
    "outputBytes" : -1,
    "outputRecords" : -1
  }, {
    "startTime" : 1404282536525,
    "attempts" : [ {
      "result" : "FAILED",
      "location" : null,
      "hostName" : null,
      "startTime" : 1404281189532,
      "finishTime" : 1404280919462,
      "attemptID" : "attempt_201407020230_0059_m_000021_0",
      "shuffleFinished" : -1,
      "sortFinished" : -1,
      "hdfsBytesRead" : -1,
      "hdfsBytesWritten" : -1,
      "fileBytesRead" : -1,
      "fileBytesWritten" : -1,
      "mapInputRecords" : -1,
      "mapOutputBytes" : -1,
      "mapOutputRecords" : -1,
      "combineInputRecords" : -1,
      "reduceInputGroups" : -1,
      "reduceInputRecords" : -1,
      "reduceShuffleBytes" : -1,
      "reduceOutputRecords" : -1,
      "spilledRecords" : -1,
      "mapInputBytes" : -1,
      "resourceUsageMetrics" : {
        "cumulativeCpuUsage" : 0,
        "virtualMemoryUsage" : 0,
        "physicalMemoryUsage" : 0,
        "heapUsage" : 0
      }
    }, {
      "result" : "FAILED",
      "location" : null,
      "hostName" : null,
      "startTime" : 1404193402371,
      "finishTime" : 1404193405658,
      "attemptID" : "attempt_201407020230_0059_m_000021_1",
      "shuffleFinished" : -1,
      "sortFinished" : -1,
      "hdfsBytesRead" : -1,
      "hdfsBytesWritten" : -1,
      "fileBytesRead" : -1,
      "fileBytesWritten" : -1,
      "mapInputRecords" : -1,
      "mapOutputBytes" : -1,
      "mapOutputRecords" : -1,
      "combineInputRecords" : -1,
      "reduceInputGroups" : -1,
      "reduceInputRecords" : -1,
      "reduceShuffleBytes" : -1,
      "reduceOutputRecords" : -1,
      "spilledRecords" : -1,
      "mapInputBytes" : -1,
      "resourceUsageMetrics" : {
        "cumulativeCpuUsage" : 0,
        "virtualMemoryUsage" : 0,
        "physicalMemoryUsage" : 0,
        "heapUsage" : 0
      }
    }, {
      "result" : "FAILED",
      "location" : null,
      "hostName" : null,
      "startTime" : 1404283033288,
      "finishTime" : 1404281199356,
      "attemptID" : "attempt_201407020230_0059_m_000021_2",
      "shuffleFinished" : -1,
      "sortFinished" : -1,
      "hdfsBytesRead" : -1,
      "hdfsBytesWritten" : -1,
      "fileBytesRead" : -1,
      "fileBytesWritten" : -1,
      "mapInputRecords" : -1,
      "mapOutputBytes" : -1,
      "mapOutputRecords" : -1,
      "combineInputRecords" : -1,
      "reduceInputGroups" : -1,
      "reduceInputRecords" : -1,
      "reduceShuffleBytes" : -1,
      "reduceOutputRecords" : -1,
      "spilledRecords" : -1,
      "mapInputBytes" : -1,
      "resourceUsageMetrics" : {
        "cumulativeCpuUsage" : 0,
        "virtualMemoryUsage" : 0,
        "physicalMemoryUsage" : 0,
        "heapUsage" : 0
      }
    } ],
    "finishTime" : -1,
    "preferredLocations" : [ {
      "layers" : [ "default-rack", "Master" ]
    }, {
      "layers" : [ "default-rack", "Slave5" ]
    }, {
      "layers" : [ "default-rack", "Slave3" ]
    } ],
    "taskType" : "MAP",
    "taskStatus" : null,
    "taskID" : "task_201407020230_0059_m_000021",
    "inputBytes" : -1,
    "inputRecords" : -1,
    "outputBytes" : -1,
    "outputRecords" : -1
  }, {
    "startTime" : 1404282536526,
    "attempts" : [ {
      "result" : "FAILED",
      "location" : null,
      "hostName" : null,
      "startTime" : 1404282124211,
      "finishTime" : 1404281371099,
      "attemptID" : "attempt_201407020230_0059_m_000000_0",
      "shuffleFinished" : -1,
      "sortFinished" : -1,
      "hdfsBytesRead" : -1,
      "hdfsBytesWritten" : -1,
      "fileBytesRead" : -1,
      "fileBytesWritten" : -1,
      "mapInputRecords" : -1,
      "mapOutputBytes" : -1,
      "mapOutputRecords" : -1,
      "combineInputRecords" : -1,
      "reduceInputGroups" : -1,
      "reduceInputRecords" : -1,
      "reduceShuffleBytes" : -1,
      "reduceOutputRecords" : -1,
      "spilledRecords" : -1,
      "mapInputBytes" : -1,
      "resourceUsageMetrics" : {
        "cumulativeCpuUsage" : 0,
        "virtualMemoryUsage" : 0,
        "physicalMemoryUsage" : 0,
        "heapUsage" : 0
      }
    }, {
      "result" : "FAILED",
      "location" : null,
      "hostName" : null,
      "startTime" : 1404282544947,
      "finishTime" : 1404282548170,
      "attemptID" : "attempt_201407020230_0059_m_000000_1",
      "shuffleFinished" : -1,
      "sortFinished" : -1,
      "hdfsBytesRead" : -1,
      "hdfsBytesWritten" : -1,
      "fileBytesRead" : -1,
      "fileBytesWritten" : -1,
      "mapInputRecords" : -1,
      "mapOutputBytes" : -1,
      "mapOutputRecords" : -1,
      "combineInputRecords" : -1,
      "reduceInputGroups" : -1,
      "reduceInputRecords" : -1,
      "reduceShuffleBytes" : -1,
      "reduceOutputRecords" : -1,
      "spilledRecords" : -1,
      "mapInputBytes" : -1,
      "resourceUsageMetrics" : {
        "cumulativeCpuUsage" : 0,
        "virtualMemoryUsage" : 0,
        "physicalMemoryUsage" : 0,
        "heapUsage" : 0
      }
    } ],
    "finishTime" : -1,
    "preferredLocations" : [ {
      "layers" : [ "default-rack", "Master" ]
    }, {
      "layers" : [ "default-rack", "Slave1" ]
    }, {
      "layers" : [ "default-rack", "Slave7" ]
    } ],
    "taskType" : "MAP",
    "taskStatus" : null,
    "taskID" : "task_201407020230_0059_m_000000",
    "inputBytes" : -1,
    "inputRecords" : -1,
    "outputBytes" : -1,
    "outputRecords" : -1
  }, {
    "startTime" : 1404282536526,
    "attempts" : [ {
      "result" : "FAILED",
      "location" : null,
      "hostName" : null,
      "startTime" : 1404282124212,
      "finishTime" : 1404282128604,
      "attemptID" : "attempt_201407020230_0059_m_000002_0",
      "shuffleFinished" : -1,
      "sortFinished" : -1,
      "hdfsBytesRead" : -1,
      "hdfsBytesWritten" : -1,
      "fileBytesRead" : -1,
      "fileBytesWritten" : -1,
      "mapInputRecords" : -1,
      "mapOutputBytes" : -1,
      "mapOutputRecords" : -1,
      "combineInputRecords" : -1,
      "reduceInputGroups" : -1,
      "reduceInputRecords" : -1,
      "reduceShuffleBytes" : -1,
      "reduceOutputRecords" : -1,
      "spilledRecords" : -1,
      "mapInputBytes" : -1,
      "resourceUsageMetrics" : {
        "cumulativeCpuUsage" : 0,
        "virtualMemoryUsage" : 0,
        "physicalMemoryUsage" : 0,
        "heapUsage" : 0
      }
    }, {
      "result" : "FAILED",
      "location" : null,
      "hostName" : null,
      "startTime" : 1404283029359,
      "finishTime" : 1404283033249,
      "attemptID" : "attempt_201407020230_0059_m_000002_1",
      "shuffleFinished" : -1,
      "sortFinished" : -1,
      "hdfsBytesRead" : -1,
      "hdfsBytesWritten" : -1,
      "fileBytesRead" : -1,
      "fileBytesWritten" : -1,
      "mapInputRecords" : -1,
      "mapOutputBytes" : -1,
      "mapOutputRecords" : -1,
      "combineInputRecords" : -1,
      "reduceInputGroups" : -1,
      "reduceInputRecords" : -1,
      "reduceShuffleBytes" : -1,
      "reduceOutputRecords" : -1,
      "spilledRecords" : -1,
      "mapInputBytes" : -1,
      "resourceUsageMetrics" : {
        "cumulativeCpuUsage" : 0,
        "virtualMemoryUsage" : 0,
        "physicalMemoryUsage" : 0,
        "heapUsage" : 0
      }
    } ],
    "finishTime" : -1,
    "preferredLocations" : [ {
      "layers" : [ "default-rack", "Master" ]
    }, {
      "layers" : [ "default-rack", "Slave4" ]
    }, {
      "layers" : [ "default-rack", "Slave1" ]
    } ],
    "taskType" : "MAP",
    "taskStatus" : null,
    "taskID" : "task_201407020230_0059_m_000002",
    "inputBytes" : -1,
    "inputRecords" : -1,
    "outputBytes" : -1,
    "outputRecords" : -1
  }, {
    "startTime" : 1404282536543,
    "attempts" : [ {
      "result" : "FAILED",
      "location" : null,
      "hostName" : null,
      "startTime" : 1404280915915,
      "finishTime" : 1404282540445,
      "attemptID" : "attempt_201407020230_0059_m_000008_0",
      "shuffleFinished" : -1,
      "sortFinished" : -1,
      "hdfsBytesRead" : -1,
      "hdfsBytesWritten" : -1,
      "fileBytesRead" : -1,
      "fileBytesWritten" : -1,
      "mapInputRecords" : -1,
      "mapOutputBytes" : -1,
      "mapOutputRecords" : -1,
      "combineInputRecords" : -1,
      "reduceInputGroups" : -1,
      "reduceInputRecords" : -1,
      "reduceShuffleBytes" : -1,
      "reduceOutputRecords" : -1,
      "spilledRecords" : -1,
      "mapInputBytes" : -1,
      "resourceUsageMetrics" : {
        "cumulativeCpuUsage" : 0,
        "virtualMemoryUsage" : 0,
        "physicalMemoryUsage" : 0,
        "heapUsage" : 0
      }
    }, {
      "result" : "FAILED",
      "location" : null,
      "hostName" : null,
      "startTime" : 1404282540507,
      "finishTime" : 1404281371885,
      "attemptID" : "attempt_201407020230_0059_m_000008_1",
      "shuffleFinished" : -1,
      "sortFinished" : -1,
      "hdfsBytesRead" : -1,
      "hdfsBytesWritten" : -1,
      "fileBytesRead" : -1,
      "fileBytesWritten" : -1,
      "mapInputRecords" : -1,
      "mapOutputBytes" : -1,
      "mapOutputRecords" : -1,
      "combineInputRecords" : -1,
      "reduceInputGroups" : -1,
      "reduceInputRecords" : -1,
      "reduceShuffleBytes" : -1,
      "reduceOutputRecords" : -1,
      "spilledRecords" : -1,
      "mapInputBytes" : -1,
      "resourceUsageMetrics" : {
        "cumulativeCpuUsage" : 0,
        "virtualMemoryUsage" : 0,
        "physicalMemoryUsage" : 0,
        "heapUsage" : 0
      }
    }, {
      "result" : "FAILED",
      "location" : null,
      "hostName" : null,
      "startTime" : 1404281371989,
      "finishTime" : 1404281374414,
      "attemptID" : "attempt_201407020230_0059_m_000008_2",
      "shuffleFinished" : -1,
      "sortFinished" : -1,
      "hdfsBytesRead" : -1,
      "hdfsBytesWritten" : -1,
      "fileBytesRead" : -1,
      "fileBytesWritten" : -1,
      "mapInputRecords" : -1,
      "mapOutputBytes" : -1,
      "mapOutputRecords" : -1,
      "combineInputRecords" : -1,
      "reduceInputGroups" : -1,
      "reduceInputRecords" : -1,
      "reduceShuffleBytes" : -1,
      "reduceOutputRecords" : -1,
      "spilledRecords" : -1,
      "mapInputBytes" : -1,
      "resourceUsageMetrics" : {
        "cumulativeCpuUsage" : 0,
        "virtualMemoryUsage" : 0,
        "physicalMemoryUsage" : 0,
        "heapUsage" : 0
      }
    } ],
    "finishTime" : -1,
    "preferredLocations" : [ {
      "layers" : [ "default-rack", "Master" ]
    }, {
      "layers" : [ "default-rack", "Slave6" ]
    }, {
      "layers" : [ "default-rack", "Slave5" ]
    } ],
    "taskType" : "MAP",
    "taskStatus" : null,
    "taskID" : "task_201407020230_0059_m_000008",
    "inputBytes" : -1,
    "inputRecords" : -1,
    "outputBytes" : -1,
    "outputRecords" : -1
  }, {
    "startTime" : 1404282536543,
    "attempts" : [ {
      "result" : "FAILED",
      "location" : null,
      "hostName" : null,
      "startTime" : 1404280915915,
      "finishTime" : 1404281370774,
      "attemptID" : "attempt_201407020230_0059_m_000009_0",
      "shuffleFinished" : -1,
      "sortFinished" : -1,
      "hdfsBytesRead" : -1,
      "hdfsBytesWritten" : -1,
      "fileBytesRead" : -1,
      "fileBytesWritten" : -1,
      "mapInputRecords" : -1,
      "mapOutputBytes" : -1,
      "mapOutputRecords" : -1,
      "combineInputRecords" : -1,
      "reduceInputGroups" : -1,
      "reduceInputRecords" : -1,
      "reduceShuffleBytes" : -1,
      "reduceOutputRecords" : -1,
      "spilledRecords" : -1,
      "mapInputBytes" : -1,
      "resourceUsageMetrics" : {
        "cumulativeCpuUsage" : 0,
        "virtualMemoryUsage" : 0,
        "physicalMemoryUsage" : 0,
        "heapUsage" : 0
      }
    }, {
      "result" : "FAILED",
      "location" : null,
      "hostName" : null,
      "startTime" : 1404281370779,
      "finishTime" : 1404281372905,
      "attemptID" : "attempt_201407020230_0059_m_000009_1",
      "shuffleFinished" : -1,
      "sortFinished" : -1,
      "hdfsBytesRead" : -1,
      "hdfsBytesWritten" : -1,
      "fileBytesRead" : -1,
      "fileBytesWritten" : -1,
      "mapInputRecords" : -1,
      "mapOutputBytes" : -1,
      "mapOutputRecords" : -1,
      "combineInputRecords" : -1,
      "reduceInputGroups" : -1,
      "reduceInputRecords" : -1,
      "reduceShuffleBytes" : -1,
      "reduceOutputRecords" : -1,
      "spilledRecords" : -1,
      "mapInputBytes" : -1,
      "resourceUsageMetrics" : {
        "cumulativeCpuUsage" : 0,
        "virtualMemoryUsage" : 0,
        "physicalMemoryUsage" : 0,
        "heapUsage" : 0
      }
    } ],
    "finishTime" : -1,
    "preferredLocations" : [ {
      "layers" : [ "default-rack", "Master" ]
    }, {
      "layers" : [ "default-rack", "Slave5" ]
    }, {
      "layers" : [ "default-rack", "Slave2" ]
    } ],
    "taskType" : "MAP",
    "taskStatus" : null,
    "taskID" : "task_201407020230_0059_m_000009",
    "inputBytes" : -1,
    "inputRecords" : -1,
    "outputBytes" : -1,
    "outputRecords" : -1
  }, {
    "startTime" : 1404282536579,
    "attempts" : [ {
      "result" : "FAILED",
      "location" : null,
      "hostName" : null,
      "startTime" : 1404282536687,
      "finishTime" : 1404282543967,
      "attemptID" : "attempt_201407020230_0059_m_000004_0",
      "shuffleFinished" : -1,
      "sortFinished" : -1,
      "hdfsBytesRead" : -1,
      "hdfsBytesWritten" : -1,
      "fileBytesRead" : -1,
      "fileBytesWritten" : -1,
      "mapInputRecords" : -1,
      "mapOutputBytes" : -1,
      "mapOutputRecords" : -1,
      "combineInputRecords" : -1,
      "reduceInputGroups" : -1,
      "reduceInputRecords" : -1,
      "reduceShuffleBytes" : -1,
      "reduceOutputRecords" : -1,
      "spilledRecords" : -1,
      "mapInputBytes" : -1,
      "resourceUsageMetrics" : {
        "cumulativeCpuUsage" : 0,
        "virtualMemoryUsage" : 0,
        "physicalMemoryUsage" : 0,
        "heapUsage" : 0
      }
    }, {
      "result" : "FAILED",
      "location" : null,
      "hostName" : null,
      "startTime" : 1404282544042,
      "finishTime" : 1404283030845,
      "attemptID" : "attempt_201407020230_0059_m_000004_1",
      "shuffleFinished" : -1,
      "sortFinished" : -1,
      "hdfsBytesRead" : -1,
      "hdfsBytesWritten" : -1,
      "fileBytesRead" : -1,
      "fileBytesWritten" : -1,
      "mapInputRecords" : -1,
      "mapOutputBytes" : -1,
      "mapOutputRecords" : -1,
      "combineInputRecords" : -1,
      "reduceInputGroups" : -1,
      "reduceInputRecords" : -1,
      "reduceShuffleBytes" : -1,
      "reduceOutputRecords" : -1,
      "spilledRecords" : -1,
      "mapInputBytes" : -1,
      "resourceUsageMetrics" : {
        "cumulativeCpuUsage" : 0,
        "virtualMemoryUsage" : 0,
        "physicalMemoryUsage" : 0,
        "heapUsage" : 0
      }
    }, {
      "result" : "FAILED",
      "location" : null,
      "hostName" : null,
      "startTime" : 1404283030870,
      "finishTime" : 1404281196913,
      "attemptID" : "attempt_201407020230_0059_m_000004_2",
      "shuffleFinished" : -1,
      "sortFinished" : -1,
      "hdfsBytesRead" : -1,
      "hdfsBytesWritten" : -1,
      "fileBytesRead" : -1,
      "fileBytesWritten" : -1,
      "mapInputRecords" : -1,
      "mapOutputBytes" : -1,
      "mapOutputRecords" : -1,
      "combineInputRecords" : -1,
      "reduceInputGroups" : -1,
      "reduceInputRecords" : -1,
      "reduceShuffleBytes" : -1,
      "reduceOutputRecords" : -1,
      "spilledRecords" : -1,
      "mapInputBytes" : -1,
      "resourceUsageMetrics" : {
        "cumulativeCpuUsage" : 0,
        "virtualMemoryUsage" : 0,
        "physicalMemoryUsage" : 0,
        "heapUsage" : 0
      }
    } ],
    "finishTime" : -1,
    "preferredLocations" : [ {
      "layers" : [ "default-rack", "Master" ]
    }, {
      "layers" : [ "default-rack", "Slave1" ]
    }, {
      "layers" : [ "default-rack", "Slave6" ]
    } ],
    "taskType" : "MAP",
    "taskStatus" : null,
    "taskID" : "task_201407020230_0059_m_000004",
    "inputBytes" : -1,
    "inputRecords" : -1,
    "outputBytes" : -1,
    "outputRecords" : -1
  }, {
    "startTime" : 1404282536580,
    "attempts" : [ {
      "result" : "FAILED",
      "location" : null,
      "hostName" : null,
      "startTime" : 1404282536688,
      "finishTime" : 1404282128273,
      "attemptID" : "attempt_201407020230_0059_m_000005_0",
      "shuffleFinished" : -1,
      "sortFinished" : -1,
      "hdfsBytesRead" : -1,
      "hdfsBytesWritten" : -1,
      "fileBytesRead" : -1,
      "fileBytesWritten" : -1,
      "mapInputRecords" : -1,
      "mapOutputBytes" : -1,
      "mapOutputRecords" : -1,
      "combineInputRecords" : -1,
      "reduceInputGroups" : -1,
      "reduceInputRecords" : -1,
      "reduceShuffleBytes" : -1,
      "reduceOutputRecords" : -1,
      "spilledRecords" : -1,
      "mapInputBytes" : -1,
      "resourceUsageMetrics" : {
        "cumulativeCpuUsage" : 0,
        "virtualMemoryUsage" : 0,
        "physicalMemoryUsage" : 0,
        "heapUsage" : 0
      }
    }, {
      "result" : "FAILED",
      "location" : null,
      "hostName" : null,
      "startTime" : 1404282128328,
      "finishTime" : 1404282130724,
      "attemptID" : "attempt_201407020230_0059_m_000005_1",
      "shuffleFinished" : -1,
      "sortFinished" : -1,
      "hdfsBytesRead" : -1,
      "hdfsBytesWritten" : -1,
      "fileBytesRead" : -1,
      "fileBytesWritten" : -1,
      "mapInputRecords" : -1,
      "mapOutputBytes" : -1,
      "mapOutputRecords" : -1,
      "combineInputRecords" : -1,
      "reduceInputGroups" : -1,
      "reduceInputRecords" : -1,
      "reduceShuffleBytes" : -1,
      "reduceOutputRecords" : -1,
      "spilledRecords" : -1,
      "mapInputBytes" : -1,
      "resourceUsageMetrics" : {
        "cumulativeCpuUsage" : 0,
        "virtualMemoryUsage" : 0,
        "physicalMemoryUsage" : 0,
        "heapUsage" : 0
      }
    }, {
      "result" : "FAILED",
      "location" : null,
      "hostName" : null,
      "startTime" : 1404281196100,
      "finishTime" : 1404281198602,
      "attemptID" : "attempt_201407020230_0059_m_000005_2",
      "shuffleFinished" : -1,
      "sortFinished" : -1,
      "hdfsBytesRead" : -1,
      "hdfsBytesWritten" : -1,
      "fileBytesRead" : -1,
      "fileBytesWritten" : -1,
      "mapInputRecords" : -1,
      "mapOutputBytes" : -1,
      "mapOutputRecords" : -1,
      "combineInputRecords" : -1,
      "reduceInputGroups" : -1,
      "reduceInputRecords" : -1,
      "reduceShuffleBytes" : -1,
      "reduceOutputRecords" : -1,
      "spilledRecords" : -1,
      "mapInputBytes" : -1,
      "resourceUsageMetrics" : {
        "cumulativeCpuUsage" : 0,
        "virtualMemoryUsage" : 0,
        "physicalMemoryUsage" : 0,
        "heapUsage" : 0
      }
    } ],
    "finishTime" : -1,
    "preferredLocations" : [ {
      "layers" : [ "default-rack", "Master" ]
    }, {
      "layers" : [ "default-rack", "Slave4" ]
    }, {
      "layers" : [ "default-rack", "Slave7" ]
    } ],
    "taskType" : "MAP",
    "taskStatus" : null,
    "taskID" : "task_201407020230_0059_m_000005",
    "inputBytes" : -1,
    "inputRecords" : -1,
    "outputBytes" : -1,
    "outputRecords" : -1
  }, {
    "startTime" : 1404282536614,
    "attempts" : [ {
      "result" : "FAILED",
      "location" : null,
      "hostName" : null,
      "startTime" : 1404193397640,
      "finishTime" : 1404193402245,
      "attemptID" : "attempt_201407020230_0059_m_000015_0",
      "shuffleFinished" : -1,
      "sortFinished" : -1,
      "hdfsBytesRead" : -1,
      "hdfsBytesWritten" : -1,
      "fileBytesRead" : -1,
      "fileBytesWritten" : -1,
      "mapInputRecords" : -1,
      "mapOutputBytes" : -1,
      "mapOutputRecords" : -1,
      "combineInputRecords" : -1,
      "reduceInputGroups" : -1,
      "reduceInputRecords" : -1,
      "reduceShuffleBytes" : -1,
      "reduceOutputRecords" : -1,
      "spilledRecords" : -1,
      "mapInputBytes" : -1,
      "resourceUsageMetrics" : {
        "cumulativeCpuUsage" : 0,
        "virtualMemoryUsage" : 0,
        "physicalMemoryUsage" : 0,
        "heapUsage" : 0
      }
    }, {
      "result" : "FAILED",
      "location" : null,
      "hostName" : null,
      "startTime" : 1404282546155,
      "finishTime" : 1404282131081,
      "attemptID" : "attempt_201407020230_0059_m_000015_1",
      "shuffleFinished" : -1,
      "sortFinished" : -1,
      "hdfsBytesRead" : -1,
      "hdfsBytesWritten" : -1,
      "fileBytesRead" : -1,
      "fileBytesWritten" : -1,
      "mapInputRecords" : -1,
      "mapOutputBytes" : -1,
      "mapOutputRecords" : -1,
      "combineInputRecords" : -1,
      "reduceInputGroups" : -1,
      "reduceInputRecords" : -1,
      "reduceShuffleBytes" : -1,
      "reduceOutputRecords" : -1,
      "spilledRecords" : -1,
      "mapInputBytes" : -1,
      "resourceUsageMetrics" : {
        "cumulativeCpuUsage" : 0,
        "virtualMemoryUsage" : 0,
        "physicalMemoryUsage" : 0,
        "heapUsage" : 0
      }
    }, {
      "result" : "FAILED",
      "location" : null,
      "hostName" : null,
      "startTime" : 1404282131662,
      "finishTime" : 1404282134031,
      "attemptID" : "attempt_201407020230_0059_m_000015_2",
      "shuffleFinished" : -1,
      "sortFinished" : -1,
      "hdfsBytesRead" : -1,
      "hdfsBytesWritten" : -1,
      "fileBytesRead" : -1,
      "fileBytesWritten" : -1,
      "mapInputRecords" : -1,
      "mapOutputBytes" : -1,
      "mapOutputRecords" : -1,
      "combineInputRecords" : -1,
      "reduceInputGroups" : -1,
      "reduceInputRecords" : -1,
      "reduceShuffleBytes" : -1,
      "reduceOutputRecords" : -1,
      "spilledRecords" : -1,
      "mapInputBytes" : -1,
      "resourceUsageMetrics" : {
        "cumulativeCpuUsage" : 0,
        "virtualMemoryUsage" : 0,
        "physicalMemoryUsage" : 0,
        "heapUsage" : 0
      }
    } ],
    "finishTime" : -1,
    "preferredLocations" : [ {
      "layers" : [ "default-rack", "Master" ]
    }, {
      "layers" : [ "default-rack", "Slave1" ]
    }, {
      "layers" : [ "default-rack", "Slave4" ]
    } ],
    "taskType" : "MAP",
    "taskStatus" : null,
    "taskID" : "task_201407020230_0059_m_000015",
    "inputBytes" : -1,
    "inputRecords" : -1,
    "outputBytes" : -1,
    "outputRecords" : -1
  }, {
    "startTime" : 1404282536614,
    "attempts" : [ {
      "result" : "FAILED",
      "location" : null,
      "hostName" : null,
      "startTime" : 1404193397640,
      "finishTime" : 1404283028031,
      "attemptID" : "attempt_201407020230_0059_m_000026_0",
      "shuffleFinished" : -1,
      "sortFinished" : -1,
      "hdfsBytesRead" : -1,
      "hdfsBytesWritten" : -1,
      "fileBytesRead" : -1,
      "fileBytesWritten" : -1,
      "mapInputRecords" : -1,
      "mapOutputBytes" : -1,
      "mapOutputRecords" : -1,
      "combineInputRecords" : -1,
      "reduceInputGroups" : -1,
      "reduceInputRecords" : -1,
      "reduceShuffleBytes" : -1,
      "reduceOutputRecords" : -1,
      "spilledRecords" : -1,
      "mapInputBytes" : -1,
      "resourceUsageMetrics" : {
        "cumulativeCpuUsage" : 0,
        "virtualMemoryUsage" : 0,
        "physicalMemoryUsage" : 0,
        "heapUsage" : 0
      }
    }, {
      "result" : "FAILED",
      "location" : null,
      "hostName" : null,
      "startTime" : 1404283028452,
      "finishTime" : 1404280921924,
      "attemptID" : "attempt_201407020230_0059_m_000026_1",
      "shuffleFinished" : -1,
      "sortFinished" : -1,
      "hdfsBytesRead" : -1,
      "hdfsBytesWritten" : -1,
      "fileBytesRead" : -1,
      "fileBytesWritten" : -1,
      "mapInputRecords" : -1,
      "mapOutputBytes" : -1,
      "mapOutputRecords" : -1,
      "combineInputRecords" : -1,
      "reduceInputGroups" : -1,
      "reduceInputRecords" : -1,
      "reduceShuffleBytes" : -1,
      "reduceOutputRecords" : -1,
      "spilledRecords" : -1,
      "mapInputBytes" : -1,
      "resourceUsageMetrics" : {
        "cumulativeCpuUsage" : 0,
        "virtualMemoryUsage" : 0,
        "physicalMemoryUsage" : 0,
        "heapUsage" : 0
      }
    }, {
      "result" : "FAILED",
      "location" : null,
      "hostName" : null,
      "startTime" : 1404280922173,
      "finishTime" : 1404280924615,
      "attemptID" : "attempt_201407020230_0059_m_000026_2",
      "shuffleFinished" : -1,
      "sortFinished" : -1,
      "hdfsBytesRead" : -1,
      "hdfsBytesWritten" : -1,
      "fileBytesRead" : -1,
      "fileBytesWritten" : -1,
      "mapInputRecords" : -1,
      "mapOutputBytes" : -1,
      "mapOutputRecords" : -1,
      "combineInputRecords" : -1,
      "reduceInputGroups" : -1,
      "reduceInputRecords" : -1,
      "reduceShuffleBytes" : -1,
      "reduceOutputRecords" : -1,
      "spilledRecords" : -1,
      "mapInputBytes" : -1,
      "resourceUsageMetrics" : {
        "cumulativeCpuUsage" : 0,
        "virtualMemoryUsage" : 0,
        "physicalMemoryUsage" : 0,
        "heapUsage" : 0
      }
    } ],
    "finishTime" : -1,
    "preferredLocations" : [ {
      "layers" : [ "default-rack", "Master" ]
    }, {
      "layers" : [ "default-rack", "Slave2" ]
    }, {
      "layers" : [ "default-rack", "Slave4" ]
    } ],
    "taskType" : "MAP",
    "taskStatus" : null,
    "taskID" : "task_201407020230_0059_m_000026",
    "inputBytes" : -1,
    "inputRecords" : -1,
    "outputBytes" : -1,
    "outputRecords" : -1
  }, {
    "startTime" : 1404282536650,
    "attempts" : [ {
      "result" : "FAILED",
      "location" : null,
      "hostName" : null,
      "startTime" : 1404281367253,
      "finishTime" : 1404281193481,
      "attemptID" : "attempt_201407020230_0059_m_000007_0",
      "shuffleFinished" : -1,
      "sortFinished" : -1,
      "hdfsBytesRead" : -1,
      "hdfsBytesWritten" : -1,
      "fileBytesRead" : -1,
      "fileBytesWritten" : -1,
      "mapInputRecords" : -1,
      "mapOutputBytes" : -1,
      "mapOutputRecords" : -1,
      "combineInputRecords" : -1,
      "reduceInputGroups" : -1,
      "reduceInputRecords" : -1,
      "reduceShuffleBytes" : -1,
      "reduceOutputRecords" : -1,
      "spilledRecords" : -1,
      "mapInputBytes" : -1,
      "resourceUsageMetrics" : {
        "cumulativeCpuUsage" : 0,
        "virtualMemoryUsage" : 0,
        "physicalMemoryUsage" : 0,
        "heapUsage" : 0
      }
    }, {
      "result" : "FAILED",
      "location" : null,
      "hostName" : null,
      "startTime" : 1404281193673,
      "finishTime" : 1404281196136,
      "attemptID" : "attempt_201407020230_0059_m_000007_1",
      "shuffleFinished" : -1,
      "sortFinished" : -1,
      "hdfsBytesRead" : -1,
      "hdfsBytesWritten" : -1,
      "fileBytesRead" : -1,
      "fileBytesWritten" : -1,
      "mapInputRecords" : -1,
      "mapOutputBytes" : -1,
      "mapOutputRecords" : -1,
      "combineInputRecords" : -1,
      "reduceInputGroups" : -1,
      "reduceInputRecords" : -1,
      "reduceShuffleBytes" : -1,
      "reduceOutputRecords" : -1,
      "spilledRecords" : -1,
      "mapInputBytes" : -1,
      "resourceUsageMetrics" : {
        "cumulativeCpuUsage" : 0,
        "virtualMemoryUsage" : 0,
        "physicalMemoryUsage" : 0,
        "heapUsage" : 0
      }
    }, {
      "result" : "FAILED",
      "location" : null,
      "hostName" : null,
      "startTime" : 1404280922777,
      "finishTime" : 1404280925235,
      "attemptID" : "attempt_201407020230_0059_m_000007_2",
      "shuffleFinished" : -1,
      "sortFinished" : -1,
      "hdfsBytesRead" : -1,
      "hdfsBytesWritten" : -1,
      "fileBytesRead" : -1,
      "fileBytesWritten" : -1,
      "mapInputRecords" : -1,
      "mapOutputBytes" : -1,
      "mapOutputRecords" : -1,
      "combineInputRecords" : -1,
      "reduceInputGroups" : -1,
      "reduceInputRecords" : -1,
      "reduceShuffleBytes" : -1,
      "reduceOutputRecords" : -1,
      "spilledRecords" : -1,
      "mapInputBytes" : -1,
      "resourceUsageMetrics" : {
        "cumulativeCpuUsage" : 0,
        "virtualMemoryUsage" : 0,
        "physicalMemoryUsage" : 0,
        "heapUsage" : 0
      }
    } ],
    "finishTime" : -1,
    "preferredLocations" : [ {
      "layers" : [ "default-rack", "Master" ]
    }, {
      "layers" : [ "default-rack", "Slave2" ]
    }, {
      "layers" : [ "default-rack", "Slave6" ]
    } ],
    "taskType" : "MAP",
    "taskStatus" : null,
    "taskID" : "task_201407020230_0059_m_000007",
    "inputBytes" : -1,
    "inputRecords" : -1,
    "outputBytes" : -1,
    "outputRecords" : -1
  }, {
    "startTime" : 1404282536651,
    "attempts" : [ {
      "result" : "FAILED",
      "location" : null,
      "hostName" : null,
      "startTime" : 1404281367253,
      "finishTime" : 1404280919784,
      "attemptID" : "attempt_201407020230_0059_m_000012_0",
      "shuffleFinished" : -1,
      "sortFinished" : -1,
      "hdfsBytesRead" : -1,
      "hdfsBytesWritten" : -1,
      "fileBytesRead" : -1,
      "fileBytesWritten" : -1,
      "mapInputRecords" : -1,
      "mapOutputBytes" : -1,
      "mapOutputRecords" : -1,
      "combineInputRecords" : -1,
      "reduceInputGroups" : -1,
      "reduceInputRecords" : -1,
      "reduceShuffleBytes" : -1,
      "reduceOutputRecords" : -1,
      "spilledRecords" : -1,
      "mapInputBytes" : -1,
      "resourceUsageMetrics" : {
        "cumulativeCpuUsage" : 0,
        "virtualMemoryUsage" : 0,
        "physicalMemoryUsage" : 0,
        "heapUsage" : 0
      }
    }, {
      "result" : "FAILED",
      "location" : null,
      "hostName" : null,
      "startTime" : 1404280920057,
      "finishTime" : 1404280922477,
      "attemptID" : "attempt_201407020230_0059_m_000012_1",
      "shuffleFinished" : -1,
      "sortFinished" : -1,
      "hdfsBytesRead" : -1,
      "hdfsBytesWritten" : -1,
      "fileBytesRead" : -1,
      "fileBytesWritten" : -1,
      "mapInputRecords" : -1,
      "mapOutputBytes" : -1,
      "mapOutputRecords" : -1,
      "combineInputRecords" : -1,
      "reduceInputGroups" : -1,
      "reduceInputRecords" : -1,
      "reduceShuffleBytes" : -1,
      "reduceOutputRecords" : -1,
      "spilledRecords" : -1,
      "mapInputBytes" : -1,
      "resourceUsageMetrics" : {
        "cumulativeCpuUsage" : 0,
        "virtualMemoryUsage" : 0,
        "physicalMemoryUsage" : 0,
        "heapUsage" : 0
      }
    }, {
      "result" : "FAILED",
      "location" : null,
      "hostName" : null,
      "startTime" : 1404282131361,
      "finishTime" : 1404282133745,
      "attemptID" : "attempt_201407020230_0059_m_000012_2",
      "shuffleFinished" : -1,
      "sortFinished" : -1,
      "hdfsBytesRead" : -1,
      "hdfsBytesWritten" : -1,
      "fileBytesRead" : -1,
      "fileBytesWritten" : -1,
      "mapInputRecords" : -1,
      "mapOutputBytes" : -1,
      "mapOutputRecords" : -1,
      "combineInputRecords" : -1,
      "reduceInputGroups" : -1,
      "reduceInputRecords" : -1,
      "reduceShuffleBytes" : -1,
      "reduceOutputRecords" : -1,
      "spilledRecords" : -1,
      "mapInputBytes" : -1,
      "resourceUsageMetrics" : {
        "cumulativeCpuUsage" : 0,
        "virtualMemoryUsage" : 0,
        "physicalMemoryUsage" : 0,
        "heapUsage" : 0
      }
    } ],
    "finishTime" : -1,
    "preferredLocations" : [ {
      "layers" : [ "default-rack", "Master" ]
    }, {
      "layers" : [ "default-rack", "Slave6" ]
    }, {
      "layers" : [ "default-rack", "Slave7" ]
    } ],
    "taskType" : "MAP",
    "taskStatus" : null,
    "taskID" : "task_201407020230_0059_m_000012",
    "inputBytes" : -1,
    "inputRecords" : -1,
    "outputBytes" : -1,
    "outputRecords" : -1
  }, {
    "startTime" : 1404282536671,
    "attempts" : [ {
      "result" : "FAILED",
      "location" : null,
      "hostName" : null,
      "startTime" : 1404282540503,
      "finishTime" : 1404282540767,
      "attemptID" : "attempt_201407020230_0059_m_000010_0",
      "shuffleFinished" : -1,
      "sortFinished" : -1,
      "hdfsBytesRead" : -1,
      "hdfsBytesWritten" : -1,
      "fileBytesRead" : -1,
      "fileBytesWritten" : -1,
      "mapInputRecords" : -1,
      "mapOutputBytes" : -1,
      "mapOutputRecords" : -1,
      "combineInputRecords" : -1,
      "reduceInputGroups" : -1,
      "reduceInputRecords" : -1,
      "reduceShuffleBytes" : -1,
      "reduceOutputRecords" : -1,
      "spilledRecords" : -1,
      "mapInputBytes" : -1,
      "resourceUsageMetrics" : {
        "cumulativeCpuUsage" : 0,
        "virtualMemoryUsage" : 0,
        "physicalMemoryUsage" : 0,
        "heapUsage" : 0
      }
    }, {
      "result" : "FAILED",
      "location" : null,
      "hostName" : null,
      "startTime" : 1404282540811,
      "finishTime" : 1404282543176,
      "attemptID" : "attempt_201407020230_0059_m_000010_1",
      "shuffleFinished" : -1,
      "sortFinished" : -1,
      "hdfsBytesRead" : -1,
      "hdfsBytesWritten" : -1,
      "fileBytesRead" : -1,
      "fileBytesWritten" : -1,
      "mapInputRecords" : -1,
      "mapOutputBytes" : -1,
      "mapOutputRecords" : -1,
      "combineInputRecords" : -1,
      "reduceInputGroups" : -1,
      "reduceInputRecords" : -1,
      "reduceShuffleBytes" : -1,
      "reduceOutputRecords" : -1,
      "spilledRecords" : -1,
      "mapInputBytes" : -1,
      "resourceUsageMetrics" : {
        "cumulativeCpuUsage" : 0,
        "virtualMemoryUsage" : 0,
        "physicalMemoryUsage" : 0,
        "heapUsage" : 0
      }
    } ],
    "finishTime" : -1,
    "preferredLocations" : [ {
      "layers" : [ "default-rack", "Master" ]
    }, {
      "layers" : [ "default-rack", "Slave1" ]
    }, {
      "layers" : [ "default-rack", "Slave7" ]
    } ],
    "taskType" : "MAP",
    "taskStatus" : null,
    "taskID" : "task_201407020230_0059_m_000010",
    "inputBytes" : -1,
    "inputRecords" : -1,
    "outputBytes" : -1,
    "outputRecords" : -1
  }, {
    "startTime" : 1404282536671,
    "attempts" : [ {
      "result" : "FAILED",
      "location" : null,
      "hostName" : null,
      "startTime" : 1404282540503,
      "finishTime" : 1404282543637,
      "attemptID" : "attempt_201407020230_0059_m_000011_0",
      "shuffleFinished" : -1,
      "sortFinished" : -1,
      "hdfsBytesRead" : -1,
      "hdfsBytesWritten" : -1,
      "fileBytesRead" : -1,
      "fileBytesWritten" : -1,
      "mapInputRecords" : -1,
      "mapOutputBytes" : -1,
      "mapOutputRecords" : -1,
      "combineInputRecords" : -1,
      "reduceInputGroups" : -1,
      "reduceInputRecords" : -1,
      "reduceShuffleBytes" : -1,
      "reduceOutputRecords" : -1,
      "spilledRecords" : -1,
      "mapInputBytes" : -1,
      "resourceUsageMetrics" : {
        "cumulativeCpuUsage" : 0,
        "virtualMemoryUsage" : 0,
        "physicalMemoryUsage" : 0,
        "heapUsage" : 0
      }
    }, {
      "result" : "FAILED",
      "location" : null,
      "hostName" : null,
      "startTime" : 1404283028150,
      "finishTime" : 1404282128987,
      "attemptID" : "attempt_201407020230_0059_m_000011_1",
      "shuffleFinished" : -1,
      "sortFinished" : -1,
      "hdfsBytesRead" : -1,
      "hdfsBytesWritten" : -1,
      "fileBytesRead" : -1,
      "fileBytesWritten" : -1,
      "mapInputRecords" : -1,
      "mapOutputBytes" : -1,
      "mapOutputRecords" : -1,
      "combineInputRecords" : -1,
      "reduceInputGroups" : -1,
      "reduceInputRecords" : -1,
      "reduceShuffleBytes" : -1,
      "reduceOutputRecords" : -1,
      "spilledRecords" : -1,
      "mapInputBytes" : -1,
      "resourceUsageMetrics" : {
        "cumulativeCpuUsage" : 0,
        "virtualMemoryUsage" : 0,
        "physicalMemoryUsage" : 0,
        "heapUsage" : 0
      }
    }, {
      "result" : "FAILED",
      "location" : null,
      "hostName" : null,
      "startTime" : 1404282129239,
      "finishTime" : 1404282131617,
      "attemptID" : "attempt_201407020230_0059_m_000011_2",
      "shuffleFinished" : -1,
      "sortFinished" : -1,
      "hdfsBytesRead" : -1,
      "hdfsBytesWritten" : -1,
      "fileBytesRead" : -1,
      "fileBytesWritten" : -1,
      "mapInputRecords" : -1,
      "mapOutputBytes" : -1,
      "mapOutputRecords" : -1,
      "combineInputRecords" : -1,
      "reduceInputGroups" : -1,
      "reduceInputRecords" : -1,
      "reduceShuffleBytes" : -1,
      "reduceOutputRecords" : -1,
      "spilledRecords" : -1,
      "mapInputBytes" : -1,
      "resourceUsageMetrics" : {
        "cumulativeCpuUsage" : 0,
        "virtualMemoryUsage" : 0,
        "physicalMemoryUsage" : 0,
        "heapUsage" : 0
      }
    }, {
      "result" : "FAILED",
      "location" : null,
      "hostName" : null,
      "startTime" : 1404281374709,
      "finishTime" : 1404281377111,
      "attemptID" : "attempt_201407020230_0059_m_000011_3",
      "shuffleFinished" : -1,
      "sortFinished" : -1,
      "hdfsBytesRead" : -1,
      "hdfsBytesWritten" : -1,
      "fileBytesRead" : -1,
      "fileBytesWritten" : -1,
      "mapInputRecords" : -1,
      "mapOutputBytes" : -1,
      "mapOutputRecords" : -1,
      "combineInputRecords" : -1,
      "reduceInputGroups" : -1,
      "reduceInputRecords" : -1,
      "reduceShuffleBytes" : -1,
      "reduceOutputRecords" : -1,
      "spilledRecords" : -1,
      "mapInputBytes" : -1,
      "resourceUsageMetrics" : {
        "cumulativeCpuUsage" : 0,
        "virtualMemoryUsage" : 0,
        "physicalMemoryUsage" : 0,
        "heapUsage" : 0
      }
    } ],
    "finishTime" : 1404281377111,
    "preferredLocations" : [ {
      "layers" : [ "default-rack", "Master" ]
    }, {
      "layers" : [ "default-rack", "Slave7" ]
    }, {
      "layers" : [ "default-rack", "Slave1" ]
    } ],
    "taskType" : "MAP",
    "taskStatus" : "FAILED",
    "taskID" : "task_201407020230_0059_m_000011",
    "inputBytes" : -1,
    "inputRecords" : -1,
    "outputBytes" : -1,
    "outputRecords" : -1
  }, {
    "startTime" : 1404282539991,
    "attempts" : [ {
      "result" : "FAILED",
      "location" : null,
      "hostName" : null,
      "startTime" : 1404282543739,
      "finishTime" : 1404282546078,
      "attemptID" : "attempt_201407020230_0059_m_000014_0",
      "shuffleFinished" : -1,
      "sortFinished" : -1,
      "hdfsBytesRead" : -1,
      "hdfsBytesWritten" : -1,
      "fileBytesRead" : -1,
      "fileBytesWritten" : -1,
      "mapInputRecords" : -1,
      "mapOutputBytes" : -1,
      "mapOutputRecords" : -1,
      "combineInputRecords" : -1,
      "reduceInputGroups" : -1,
      "reduceInputRecords" : -1,
      "reduceShuffleBytes" : -1,
      "reduceOutputRecords" : -1,
      "spilledRecords" : -1,
      "mapInputBytes" : -1,
      "resourceUsageMetrics" : {
        "cumulativeCpuUsage" : 0,
        "virtualMemoryUsage" : 0,
        "physicalMemoryUsage" : 0,
        "heapUsage" : 0
      }
    }, {
      "result" : "FAILED",
      "location" : null,
      "hostName" : null,
      "startTime" : 1404281373198,
      "finishTime" : 1404281375612,
      "attemptID" : "attempt_201407020230_0059_m_000014_1",
      "shuffleFinished" : -1,
      "sortFinished" : -1,
      "hdfsBytesRead" : -1,
      "hdfsBytesWritten" : -1,
      "fileBytesRead" : -1,
      "fileBytesWritten" : -1,
      "mapInputRecords" : -1,
      "mapOutputBytes" : -1,
      "mapOutputRecords" : -1,
      "combineInputRecords" : -1,
      "reduceInputGroups" : -1,
      "reduceInputRecords" : -1,
      "reduceShuffleBytes" : -1,
      "reduceOutputRecords" : -1,
      "spilledRecords" : -1,
      "mapInputBytes" : -1,
      "resourceUsageMetrics" : {
        "cumulativeCpuUsage" : 0,
        "virtualMemoryUsage" : 0,
        "physicalMemoryUsage" : 0,
        "heapUsage" : 0
      }
    } ],
    "finishTime" : -1,
    "preferredLocations" : [ {
      "layers" : [ "default-rack", "Master" ]
    }, {
      "layers" : [ "default-rack", "Slave7" ]
    }, {
      "layers" : [ "default-rack", "Slave1" ]
    } ],
    "taskType" : "MAP",
    "taskStatus" : null,
    "taskID" : "task_201407020230_0059_m_000014",
    "inputBytes" : -1,
    "inputRecords" : -1,
    "outputBytes" : -1,
    "outputRecords" : -1
  }, {
    "startTime" : 1404282546211,
    "attempts" : [ ],
    "finishTime" : -1,
    "preferredLocations" : [ {
      "layers" : [ "default-rack", "Master" ]
    }, {
      "layers" : [ "default-rack", "Slave2" ]
    }, {
      "layers" : [ "default-rack", "Slave5" ]
    } ],
    "taskType" : "MAP",
    "taskStatus" : null,
    "taskID" : "task_201407020230_0059_m_000013",
    "inputBytes" : -1,
    "inputRecords" : -1,
    "outputBytes" : -1,
    "outputRecords" : -1
  } ],
  "finishTime" : -1,
  "reduceTasks" : [ ],
  "submitTime" : 1404282534234,
  "launchTime" : 1404282534355,
  "totalMaps" : 52,
  "totalReduces" : 2,
  "otherTasks" : [ {
    "startTime" : 1404282534396,
    "attempts" : [ {
      "result" : "SUCCESS",
      "location" : {
        "layers" : [ "default-rack", "Slave2" ]
      },
      "hostName" : "/default-rack/Slave2",
      "startTime" : 1404283022510,
      "finishTime" : 1404283024285,
      "attemptID" : "attempt_201407020230_0059_m_000053_0",
      "shuffleFinished" : -1,
      "sortFinished" : -1,
      "hdfsBytesRead" : -1,
      "hdfsBytesWritten" : -1,
      "fileBytesRead" : -1,
      "fileBytesWritten" : 59467,
      "mapInputRecords" : -1,
      "mapOutputBytes" : -1,
      "mapOutputRecords" : -1,
      "combineInputRecords" : -1,
      "reduceInputGroups" : -1,
      "reduceInputRecords" : -1,
      "reduceShuffleBytes" : -1,
      "reduceOutputRecords" : -1,
      "spilledRecords" : 0,
      "mapInputBytes" : -1,
      "resourceUsageMetrics" : {
        "cumulativeCpuUsage" : 200,
        "virtualMemoryUsage" : 783052800,
        "physicalMemoryUsage" : 127766528,
        "heapUsage" : 201326592
      }
    } ],
    "finishTime" : 1404282536512,
    "preferredLocations" : [ ],
    "taskType" : "SETUP",
    "taskStatus" : "SUCCESS",
    "taskID" : "task_201407020230_0059_m_000053",
    "inputBytes" : -1,
    "inputRecords" : -1,
    "outputBytes" : -1,
    "outputRecords" : -1
  } ],
  "queue" : "default",
  "jobProperties" : {
    "fs.s3n.impl" : "org.apache.hadoop.fs.s3native.NativeS3FileSystem",
    "mapred.task.cache.levels" : "2",
    "mapreduce.job.restart.recover" : "true",
    "mapreduce.job.counters.max" : "120",
    "dfs.client.use.datanode.hostname" : "false",
    "hadoop.tmp.dir" : "/tmp/hadoop-${user.name}",
    "hadoop.native.lib" : "true",
    "map.sort.class" : "org.apache.hadoop.util.QuickSort",
    "dfs.namenode.decommission.nodes.per.interval" : "5",
    "dfs.https.need.client.auth" : "false",
    "dfs.datanode.drop.cache.behind.writes" : "false",
    "ipc.client.idlethreshold" : "4000",
    "mapred.system.dir" : "${hadoop.tmp.dir}/mapred/system",
    "dfs.datanode.data.dir.perm" : "755",
    "mapred.job.tracker.persist.jobstatus.hours" : "0",
    "dfs.namenode.logging.level" : "info",
    "dfs.datanode.address" : "0.0.0.0:50010",
    "io.skip.checksum.errors" : "false",
    "dfs.block.access.token.enable" : "false",
    "fs.default.name" : "hdfs://Master:9000",
    "mapred.cluster.reduce.memory.mb" : "-1",
    "mapred.reducer.new-api" : "true",
    "mapred.child.tmp" : "./tmp",
    "fs.har.impl.disable.cache" : "true",
    "dfs.safemode.threshold.pct" : "0.999f",
    "mapred.skip.reduce.max.skip.groups" : "0",
    "mapred.heartbeats.in.second" : "100",
    "dfs.namenode.handler.count" : "10",
    "dfs.blockreport.initialDelay" : "0",
    "mapred.tasktracker.dns.nameserver" : "default",
    "io.sort.factor" : "10",
    "dfs.datanode.drop.cache.behind.reads" : "false",
    "mapred.task.timeout" : "600000",
    "mapred.max.tracker.failures" : "4",
    "hadoop.rpc.socket.factory.class.default" : "org.apache.hadoop.net.StandardSocketFactory",
    "mapred.job.tracker.jobhistory.lru.cache.size" : "5",
    "fs.hdfs.impl" : "org.apache.hadoop.hdfs.DistributedFileSystem",
    "mapred.queue.default.acl-administer-jobs" : "*",
    "dfs.namenode.stale.datanode.interval" : "30000",
    "mapred.output.key.class" : "WordPair",
    "dfs.block.access.key.update.interval" : "600",
    "mapred.skip.map.auto.incr.proc.count" : "true",
    "mapreduce.job.complete.cancel.delegation.tokens" : "true",
    "io.mapfile.bloom.size" : "1048576",
    "mapreduce.reduce.shuffle.connect.timeout" : "180000",
    "dfs.safemode.extension" : "30000",
    "mapred.jobtracker.blacklist.fault-timeout-window" : "180",
    "dfs.namenode.write.stale.datanode.ratio" : "0.5f",
    "hadoop.skip.worker.version.check" : "false",
    "tasktracker.http.threads" : "40",
    "net.topology.impl" : "org.apache.hadoop.net.NetworkTopology",
    "mapred.job.shuffle.merge.percent" : "0.5",
    "fs.ftp.impl" : "org.apache.hadoop.fs.ftp.FTPFileSystem",
    "user.name" : "trend-hadoop",
    "dfs.namenode.kerberos.internal.spnego.principal" : "${dfs.web.authentication.kerberos.principal}",
    "mapred.output.compress" : "true",
    "io.bytes.per.checksum" : "512",
    "mapred.combine.recordsBeforeProgress" : "10000",
    "mapred.healthChecker.script.timeout" : "600000",
    "topology.node.switch.mapping.impl" : "org.apache.hadoop.net.ScriptBasedMapping",
    "dfs.https.server.keystore.resource" : "ssl-server.xml",
    "mapred.reduce.slowstart.completed.maps" : "0.03",
    "mapred.reduce.max.attempts" : "4",
    "dfs.namenode.safemode.min.datanodes" : "0",
    "mapreduce.ifile.readahead.bytes" : "4194304",
    "fs.ramfs.impl" : "org.apache.hadoop.fs.InMemoryFileSystem",
    "dfs.block.access.token.lifetime" : "600",
    "mapred.skip.map.max.skip.records" : "0",
    "dfs.name.edits.dir" : "${dfs.name.dir}",
    "mapred.cluster.map.memory.mb" : "-1",
    "hadoop.security.group.mapping" : "org.apache.hadoop.security.ShellBasedUnixGroupsMapping",
    "mapred.job.tracker.persist.jobstatus.dir" : "/jobtracker/jobsInfo",
    "mapred.jar" : "hdfs://Master:9000/tmp/hadoop-trend-hadoop/mapred/staging/trend-hadoop/.staging/job_201407020230_0059/job.jar",
    "fs.s3.buffer.dir" : "${hadoop.tmp.dir}/s3",
    "dfs.block.size" : "67108864",
    "job.end.retry.attempts" : "0",
    "fs.file.impl" : "org.apache.hadoop.fs.LocalFileSystem",
    "dfs.namenode.avoid.write.stale.datanode" : "false",
    "dfs.datanode.max.xcievers" : "4096",
    "mapred.local.dir.minspacestart" : "0",
    "mapred.output.compression.type" : "RECORD",
    "dfs.datanode.ipc.address" : "0.0.0.0:50020",
    "dfs.permissions" : "true",
    "topology.script.number.args" : "100",
    "mapreduce.job.counters.groups.max" : "50",
    "io.mapfile.bloom.error.rate" : "0.005",
    "mapred.cluster.max.reduce.memory.mb" : "-1",
    "mapred.max.tracker.blacklists" : "4",
    "mapred.task.profile.maps" : "0-2",
    "mapred.jobtracker.jobSchedulable" : "org.apache.hadoop.mapred.JobSchedulable",
    "dfs.datanode.https.address" : "0.0.0.0:50475",
    "mapred.userlog.retain.hours" : "24",
    "dfs.secondary.http.address" : "0.0.0.0:50090",
    "dfs.namenode.replication.work.multiplier.per.iteration" : "2",
    "dfs.replication.max" : "512",
    "mapred.job.tracker.persist.jobstatus.active" : "false",
    "hadoop.security.authorization" : "false",
    "local.cache.size" : "10737418240",
    "mapred.min.split.size" : "268435456",
    "dfs.namenode.delegation.token.renew-interval" : "86400000",
    "mapred.map.tasks" : "52",
    "mapred.child.java.opts" : "-Xmx200m",
    "mapred.output.value.class" : "org.apache.hadoop.io.IntWritable",
    "dfs.https.client.keystore.resource" : "ssl-client.xml",
    "ipc.client.fallback-to-simple-auth-allowed" : "false",
    "mapred.job.queue.name" : "default",
    "mapred.job.tracker.retiredjobs.cache.size" : "1000",
    "dfs.https.address" : "0.0.0.0:50470",
    "dfs.balance.bandwidthPerSec" : "1048576",
    "ipc.server.listen.queue.size" : "128",
    "dfs.namenode.invalidate.work.pct.per.iteration" : "0.32f",
    "mapred.inmem.merge.threshold" : "800",
    "job.end.retry.interval" : "30000",
    "mapred.skip.attempts.to.start.skipping" : "2",
    "mapreduce.tasktracker.outofband.heartbeat.damper" : "1000000",
    "hadoop.security.use-weak-http-crypto" : "false",
    "fs.checkpoint.dir" : "${hadoop.tmp.dir}/dfs/namesecondary",
    "dfs.namenode.avoid.read.stale.datanode" : "false",
    "mapred.reduce.tasks" : "2",
    "mapred.merge.recordsBeforeProgress" : "10000",
    "mapred.userlog.limit.kb" : "0",
    "mapred.job.reduce.memory.mb" : "-1",
    "webinterface.private.actions" : "false",
    "dfs.max.objects" : "0",
    "hadoop.security.token.service.use_ip" : "true",
    "io.sort.spill.percent" : "0.8",
    "mapred.job.shuffle.input.buffer.percent" : "0.8",
    "mapred.map.tasks.speculative.execution" : "true",
    "hadoop.http.authentication.type" : "simple",
    "mapred.job.name" : "pairs-co-occur",
    "hadoop.util.hash.type" : "murmur",
    "dfs.datanode.dns.nameserver" : "default",
    "hadoop.security.instrumentation.requires.admin" : "false",
    "dfs.blockreport.intervalMsec" : "3600000",
    "dfs.datanode.readahead.bytes" : "4193404",
    "mapred.map.max.attempts" : "4",
    "mapreduce.job.acl-view-job" : " ",
    "mapreduce.ifile.readahead" : "true",
    "mapred.jobtracker.nodegroup.aware" : "false",
    "mapred.job.tracker.handler.count" : "10",
    "dfs.client.block.write.retries" : "3",
    "mapreduce.reduce.shuffle.read.timeout" : "180000",
    "mapred.tasktracker.expiry.interval" : "600000",
    "dfs.secondary.namenode.kerberos.internal.spnego.principal" : "${dfs.web.authentication.kerberos.principal}",
    "dfs.https.enable" : "false",
    "mapred.jobtracker.job.history.block.size" : "3145728",
    "mapred.jobtracker.maxtasks.per.job" : "-1",
    "keep.failed.task.files" : "false",
    "dfs.datanode.use.datanode.hostname" : "false",
    "dfs.datanode.failed.volumes.tolerated" : "0",
    "ipc.client.tcpnodelay" : "false",
    "mapred.task.profile.reduces" : "0-2",
    "io.map.index.skip" : "0",
    "mapred.output.compression.codec" : "org.apache.hadoop.io.compress.DefaultCodec",
    "hadoop.http.authentication.token.validity" : "36000",
    "ipc.server.tcpnodelay" : "false",
    "hadoop.jetty.logs.serve.aliases" : "true",
    "mapred.working.dir" : "hdfs://Master:9000/user/trend-hadoop",
    "mapred.jobtracker.blacklist.fault-bucket-width" : "15",
    "dfs.namenode.delegation.key.update-interval" : "86400000",
    "mapred.used.genericoptionsparser" : "true",
    "mapred.job.map.memory.mb" : "-1",
    "mapred.mapper.new-api" : "true",
    "dfs.default.chunk.view.size" : "32768",
    "hadoop.logfile.size" : "10000000",
    "mapred.reduce.tasks.speculative.execution" : "true",
    "mapreduce.tasktracker.outofband.heartbeat" : "false",
    "mapreduce.job.dir" : "hdfs://Master:9000/tmp/hadoop-trend-hadoop/mapred/staging/trend-hadoop/.staging/job_201407020230_0059",
    "mapreduce.reduce.input.limit" : "-1",
    "dfs.datanode.du.reserved" : "0",
    "dfs.datanode.sync.behind.writes" : "false",
    "hadoop.security.authentication" : "simple",
    "fs.checkpoint.period" : "3600",
    "mapred.job.reuse.jvm.num.tasks" : "8",
    "dfs.web.ugi" : "webuser,webgroup",
    "mapred.jobtracker.completeuserjobs.maximum" : "100",
    "dfs.df.interval" : "60000",
    "mapred.task.tracker.task-controller" : "org.apache.hadoop.mapred.DefaultTaskController",
    "dfs.data.dir" : "${hadoop.tmp.dir}/dfs/data",
    "fs.s3.maxRetries" : "4",
    "dfs.datanode.dns.interface" : "default",
    "mapred.cluster.max.map.memory.mb" : "-1",
    "mapreduce.reduce.shuffle.maxfetchfailures" : "10",
    "mapred.map.child.java.opts" : "-Xmx200M",
    "mapreduce.job.acl-modify-job" : " ",
    "fs.hftp.impl" : "org.apache.hadoop.hdfs.HftpFileSystem",
    "mapred.local.dir" : "${hadoop.tmp.dir}/mapred/local",
    "dfs.permissions.supergroup" : "supergroup",
    "fs.s3.sleepTimeSeconds" : "10",
    "fs.trash.interval" : "0",
    "mapred.submit.replication" : "10",
    "dfs.replication.min" : "1",
    "fs.har.impl" : "org.apache.hadoop.fs.HarFileSystem",
    "hadoop.relaxed.worker.version.check" : "false",
    "mapred.map.output.compression.codec" : "org.apache.hadoop.io.compress.DefaultCodec",
    "mapred.tasktracker.dns.interface" : "default",
    "dfs.http.address" : "0.0.0.0:50070",
    "dfs.namenode.decommission.interval" : "30",
    "mapred.job.tracker" : "Master:9001",
    "dfs.heartbeat.interval" : "3",
    "hadoop.http.authentication.signature.secret.file" : "${user.home}/hadoop-http-auth-signature-secret",
    "io.seqfile.sorter.recordlimit" : "1000000",
    "mapreduce.job.submithost" : "Master",
    "dfs.name.dir" : "${hadoop.tmp.dir}/dfs/name",
    "mapred.jobtracker.taskScheduler" : "org.apache.hadoop.mapred.JobQueueTaskScheduler",
    "mapred.line.input.format.linespermap" : "1",
    "dfs.datanode.http.address" : "0.0.0.0:50075",
    "fs.webhdfs.impl" : "org.apache.hadoop.hdfs.web.WebHdfsFileSystem",
    "mapred.local.dir.minspacekill" : "0",
    "dfs.image.transfer.bandwidthPerSec" : "0",
    "dfs.replication.interval" : "3",
    "io.sort.record.percent" : "0.05",
    "hadoop.http.authentication.kerberos.principal" : "HTTP/localhost@LOCALHOST",
    "mapreduce.reduce.class" : "PairsReducer",
    "fs.kfs.impl" : "org.apache.hadoop.fs.kfs.KosmosFileSystem",
    "mapred.tasktracker.reduce.tasks.maximum" : "4",
    "mapred.temp.dir" : "${hadoop.tmp.dir}/mapred/temp",
    "dfs.replication" : "3",
    "fs.checkpoint.edits.dir" : "${fs.checkpoint.dir}",
    "mapreduce.jobhistory.max-age-ms" : "2592000000",
    "mapred.tasktracker.tasks.sleeptime-before-sigkill" : "5000",
    "mapred.job.reduce.input.buffer.percent" : "0.7",
    "mapred.tasktracker.indexcache.mb" : "10",
    "dfs.webhdfs.enabled" : "false",
    "mapreduce.job.split.metainfo.maxsize" : "10000000",
    "hadoop.logfile.count" : "10",
    "mapred.skip.reduce.auto.incr.proc.count" : "true",
    "mapreduce.job.submithostaddress" : "192.168.168.50",
    "io.seqfile.compress.blocksize" : "1000000",
    "fs.s3.block.size" : "67108864",
    "mapred.tasktracker.taskmemorymanager.monitoring-interval" : "5000",
    "hadoop.http.authentication.simple.anonymous.allowed" : "true",
    "mapreduce.jobtracker.staging.root.dir" : "${hadoop.tmp.dir}/mapred/staging",
    "mapred.acls.enabled" : "false",
    "mapred.queue.default.state" : "RUNNING",
    "mapred.queue.names" : "default",
    "fs.hsftp.impl" : "org.apache.hadoop.hdfs.HsftpFileSystem",
    "dfs.access.time.precision" : "3600000",
    "mapred.task.tracker.http.address" : "0.0.0.0:50060",
    "mapreduce.combine.class" : "PairsReducer",
    "io.seqfile.lazydecompress" : "true",
    "mapred.reduce.parallel.copies" : "5",
    "mapred.disk.healthChecker.interval" : "60000",
    "mapred.output.dir" : "/wiki-out",
    "ipc.client.connection.maxidletime" : "10000",
    "io.sort.mb" : "200",
    "mapred.reduce.child.java.opts" : "-Xmx1000M",
    "mapred.task.tracker.report.address" : "127.0.0.1:0",
    "hadoop.security.uid.cache.secs" : "14400",
    "mapred.compress.map.output" : "false",
    "ipc.client.kill.max" : "10",
    "mapred.healthChecker.interval" : "60000",
    "ipc.client.connect.max.retries" : "10",
    "mapreduce.map.class" : "PairsOccurrenceMapper",
    "fs.s3.impl" : "org.apache.hadoop.fs.s3.S3FileSystem",
    "mapred.user.jobconf.limit" : "5242880",
    "mapreduce.job.counters.group.name.max" : "128",
    "mapred.job.tracker.http.address" : "0.0.0.0:50030",
    "mapred.input.dir" : "hdfs://Master:9000/wiki-in600M",
    "io.file.buffer.size" : "4096",
    "mapred.jobtracker.restart.recover" : "false",
    "io.serializations" : "org.apache.hadoop.io.serializer.WritableSerialization",
    "mapred.task.profile" : "false",
    "dfs.datanode.handler.count" : "3",
    "mapreduce.input.num.files" : "52",
    "mapreduce.jobhistory.cleaner.interval-ms" : "86400000",
    "dfs.replication.considerLoad" : "true",
    "jobclient.output.filter" : "FAILED",
    "dfs.namenode.edits.toleration.length" : "0",
    "hadoop.http.authentication.kerberos.keytab" : "${user.home}/hadoop.keytab",
    "dfs.namenode.delegation.token.max-lifetime" : "604800000",
    "mapred.tasktracker.map.tasks.maximum" : "3",
    "fs.checkpoint.size" : "67108864",
    "io.compression.codecs" : "org.apache.hadoop.io.compress.DefaultCodec,org.apache.hadoop.io.compress.GzipCodec,org.apache.hadoop.io.compress.BZip2Codec,org.apache.hadoop.io.compress.SnappyCodec",
    "mapreduce.job.counters.counter.name.max" : "64"
  },
  "computonsPerMapInputByte" : -1,
  "computonsPerMapOutputByte" : -1,
  "computonsPerReduceInputByte" : -1,
  "computonsPerReduceOutputByte" : -1,
  "heapMegabytes" : 200,
  "outcome" : "RUNNING",
  "jobtype" : "JAVA",
  "directDependantJobs" : [ ],
  "successfulMapAttemptCDFs" : [ {
    "minimum" : -9223372036854775808,
    "maximum" : 9223372036854775807,
    "rankings" : [ ],
    "numberValues" : 0
  }, {
    "minimum" : -9223372036854775808,
    "maximum" : 9223372036854775807,
    "rankings" : [ ],
    "numberValues" : 0
  }, {
    "minimum" : -9223372036854775808,
    "maximum" : 9223372036854775807,
    "rankings" : [ ],
    "numberValues" : 0
  }, {
    "minimum" : -9223372036854775808,
    "maximum" : 9223372036854775807,
    "rankings" : [ ],
    "numberValues" : 0
  } ],
  "failedMapAttemptCDFs" : [ {
    "minimum" : -9223372036854775808,
    "maximum" : 9223372036854775807,
    "rankings" : [ ],
    "numberValues" : 0
  }, {
    "minimum" : -9223372036854775808,
    "maximum" : 9223372036854775807,
    "rankings" : [ ],
    "numberValues" : 0
  }, {
    "minimum" : -9223372036854775808,
    "maximum" : 9223372036854775807,
    "rankings" : [ ],
    "numberValues" : 0
  }, {
    "minimum" : -2106528,
    "maximum" : 89630391,
    "rankings" : [ {
      "relativeRanking" : 0.05,
      "datum" : -1833957
    }, {
      "relativeRanking" : 0.1,
      "datum" : -1168622
    }, {
      "relativeRanking" : 0.15,
      "datum" : -753112
    }, {
      "relativeRanking" : 0.2,
      "datum" : -408415
    }, {
      "relativeRanking" : 0.25,
      "datum" : -173772
    }, {
      "relativeRanking" : 0.3,
      "datum" : 2126
    }, {
      "relativeRanking" : 0.35,
      "datum" : 2369
    }, {
      "relativeRanking" : 0.4,
      "datum" : 2384
    }, {
      "relativeRanking" : 0.45,
      "datum" : 2396
    }, {
      "relativeRanking" : 0.5,
      "datum" : 2420
    }, {
      "relativeRanking" : 0.55,
      "datum" : 2442
    }, {
      "relativeRanking" : 0.6,
      "datum" : 2463
    }, {
      "relativeRanking" : 0.65,
      "datum" : 2514
    }, {
      "relativeRanking" : 0.7,
      "datum" : 3134
    }, {
      "relativeRanking" : 0.75,
      "datum" : 3287
    }, {
      "relativeRanking" : 0.8,
      "datum" : 3887
    }, {
      "relativeRanking" : 0.85,
      "datum" : 4431
    }, {
      "relativeRanking" : 0.9,
      "datum" : 7280
    }, {
      "relativeRanking" : 0.95,
      "datum" : 486803
    } ],
    "numberValues" : 46
  } ],
  "successfulReduceAttemptCDF" : {
    "minimum" : -9223372036854775808,
    "maximum" : 9223372036854775807,
    "rankings" : [ ],
    "numberValues" : 0
  },
  "failedReduceAttemptCDF" : {
    "minimum" : -9223372036854775808,
    "maximum" : 9223372036854775807,
    "rankings" : [ ],
    "numberValues" : 0
  },
  "mapperTriesToSucceed" : null,
  "failedMapperFraction" : 0.0,
  "relativeTime" : 0,
  "clusterMapMB" : -1,
  "clusterReduceMB" : -1,
  "jobMapMB" : 200,
  "jobReduceMB" : 200
}