{
  "priority" : "NORMAL",
  "jobID" : "job_201407020230_0335",
  "user" : "trend-hadoop",
  "jobName" : "pairs-co-occur",
  "mapTasks" : [ {
    "startTime" : 1404517335634,
    "attempts" : [ {
      "result" : "SUCCESS",
      "location" : {
        "layers" : [ "default-rack", "Slave5" ]
      },
      "hostName" : "/default-rack/Slave5",
      "startTime" : 1404515705928,
      "finishTime" : 1404515837068,
      "attemptID" : "attempt_201407020230_0335_m_000000_0",
      "shuffleFinished" : -1,
      "sortFinished" : -1,
      "hdfsBytesRead" : 12575747,
      "hdfsBytesWritten" : -1,
      "fileBytesRead" : 205291870,
      "fileBytesWritten" : 281138840,
      "mapInputRecords" : 70292,
      "mapOutputBytes" : 125852860,
      "mapOutputRecords" : 7625586,
      "combineInputRecords" : 13182353,
      "reduceInputGroups" : -1,
      "reduceInputRecords" : -1,
      "reduceShuffleBytes" : -1,
      "reduceOutputRecords" : -1,
      "spilledRecords" : 14201995,
      "mapInputBytes" : -1,
      "resourceUsageMetrics" : {
        "cumulativeCpuUsage" : 149220,
        "virtualMemoryUsage" : 1649938432,
        "physicalMemoryUsage" : 387940352,
        "heapUsage" : 476577792
      }
    } ],
    "finishTime" : 1404517467001,
    "preferredLocations" : [ {
      "layers" : [ "default-rack", "Master" ]
    }, {
      "layers" : [ "default-rack", "Slave5" ]
    }, {
      "layers" : [ "default-rack", "Slave7" ]
    } ],
    "taskType" : "MAP",
    "taskStatus" : "SUCCESS",
    "taskID" : "task_201407020230_0335_m_000000",
    "inputBytes" : 12575747,
    "inputRecords" : 70292,
    "outputBytes" : 281138840,
    "outputRecords" : 7625586
  }, {
    "startTime" : 1404517335635,
    "attempts" : [ {
      "result" : "SUCCESS",
      "location" : {
        "layers" : [ "default-rack", "Slave5" ]
      },
      "hostName" : "/default-rack/Slave5",
      "startTime" : 1404515705929,
      "finishTime" : 1404515833530,
      "attemptID" : "attempt_201407020230_0335_m_000008_0",
      "shuffleFinished" : -1,
      "sortFinished" : -1,
      "hdfsBytesRead" : 12523520,
      "hdfsBytesWritten" : -1,
      "fileBytesRead" : 206801346,
      "fileBytesWritten" : 283045122,
      "mapInputRecords" : 69336,
      "mapOutputBytes" : 125405284,
      "mapOutputRecords" : 7592280,
      "combineInputRecords" : 13185788,
      "reduceInputGroups" : -1,
      "reduceInputRecords" : -1,
      "reduceShuffleBytes" : -1,
      "reduceOutputRecords" : -1,
      "spilledRecords" : 14289566,
      "mapInputBytes" : -1,
      "resourceUsageMetrics" : {
        "cumulativeCpuUsage" : 143820,
        "virtualMemoryUsage" : 1651814400,
        "physicalMemoryUsage" : 381325312,
        "heapUsage" : 501743616
      }
    } ],
    "finishTime" : 1404517463381,
    "preferredLocations" : [ {
      "layers" : [ "default-rack", "Master" ]
    }, {
      "layers" : [ "default-rack", "Slave4" ]
    }, {
      "layers" : [ "default-rack", "Slave5" ]
    } ],
    "taskType" : "MAP",
    "taskStatus" : "SUCCESS",
    "taskID" : "task_201407020230_0335_m_000008",
    "inputBytes" : 12523520,
    "inputRecords" : 69336,
    "outputBytes" : 283045122,
    "outputRecords" : 7592280
  }, {
    "startTime" : 1404517335657,
    "attempts" : [ {
      "result" : "SUCCESS",
      "location" : {
        "layers" : [ "default-rack", "Slave3" ]
      },
      "hostName" : "/default-rack/Slave3",
      "startTime" : 1404515979340,
      "finishTime" : 1404516109905,
      "attemptID" : "attempt_201407020230_0335_m_000001_0",
      "shuffleFinished" : -1,
      "sortFinished" : -1,
      "hdfsBytesRead" : 12555263,
      "hdfsBytesWritten" : -1,
      "fileBytesRead" : 207616228,
      "fileBytesWritten" : 284490822,
      "mapInputRecords" : 69442,
      "mapOutputBytes" : 125838118,
      "mapOutputRecords" : 7636470,
      "combineInputRecords" : 13260313,
      "reduceInputGroups" : -1,
      "reduceInputRecords" : -1,
      "reduceShuffleBytes" : -1,
      "reduceOutputRecords" : -1,
      "spilledRecords" : 14385619,
      "mapInputBytes" : -1,
      "resourceUsageMetrics" : {
        "cumulativeCpuUsage" : 147770,
        "virtualMemoryUsage" : 1650089984,
        "physicalMemoryUsage" : 394567680,
        "heapUsage" : 507510784
      }
    } ],
    "finishTime" : 1404517466536,
    "preferredLocations" : [ {
      "layers" : [ "default-rack", "Master" ]
    }, {
      "layers" : [ "default-rack", "Slave3" ]
    }, {
      "layers" : [ "default-rack", "Slave4" ]
    } ],
    "taskType" : "MAP",
    "taskStatus" : "SUCCESS",
    "taskID" : "task_201407020230_0335_m_000001",
    "inputBytes" : 12555263,
    "inputRecords" : 69442,
    "outputBytes" : 284490822,
    "outputRecords" : 7636470
  }, {
    "startTime" : 1404517335657,
    "attempts" : [ {
      "result" : "SUCCESS",
      "location" : {
        "layers" : [ "default-rack", "Slave3" ]
      },
      "hostName" : "/default-rack/Slave3",
      "startTime" : 1404515979341,
      "finishTime" : 1404516106783,
      "attemptID" : "attempt_201407020230_0335_m_000002_0",
      "shuffleFinished" : -1,
      "sortFinished" : -1,
      "hdfsBytesRead" : 12545410,
      "hdfsBytesWritten" : -1,
      "fileBytesRead" : 201135600,
      "fileBytesWritten" : 276322941,
      "mapInputRecords" : 82989,
      "mapOutputBytes" : 123920500,
      "mapOutputRecords" : 7463474,
      "combineInputRecords" : 12868599,
      "reduceInputGroups" : -1,
      "reduceInputRecords" : -1,
      "reduceShuffleBytes" : -1,
      "reduceOutputRecords" : -1,
      "spilledRecords" : 13835895,
      "mapInputBytes" : -1,
      "resourceUsageMetrics" : {
        "cumulativeCpuUsage" : 144070,
        "virtualMemoryUsage" : 1647583232,
        "physicalMemoryUsage" : 414650368,
        "heapUsage" : 579338240
      }
    } ],
    "finishTime" : 1404517463210,
    "preferredLocations" : [ {
      "layers" : [ "default-rack", "Master" ]
    }, {
      "layers" : [ "default-rack", "Slave3" ]
    }, {
      "layers" : [ "default-rack", "Slave1" ]
    } ],
    "taskType" : "MAP",
    "taskStatus" : "SUCCESS",
    "taskID" : "task_201407020230_0335_m_000002",
    "inputBytes" : 12545410,
    "inputRecords" : 82989,
    "outputBytes" : 276322941,
    "outputRecords" : 7463474
  }, {
    "startTime" : 1404517335704,
    "attempts" : [ {
      "result" : "SUCCESS",
      "location" : {
        "layers" : [ "default-rack", "Slave7" ]
      },
      "hostName" : "/default-rack/Slave7",
      "startTime" : 1404517335833,
      "finishTime" : 1404517454967,
      "attemptID" : "attempt_201407020230_0335_m_000006_0",
      "shuffleFinished" : -1,
      "sortFinished" : -1,
      "hdfsBytesRead" : 12526971,
      "hdfsBytesWritten" : -1,
      "fileBytesRead" : 205792465,
      "fileBytesWritten" : 282117844,
      "mapInputRecords" : 72153,
      "mapOutputBytes" : 125092470,
      "mapOutputRecords" : 7561714,
      "combineInputRecords" : 13117891,
      "reduceInputGroups" : -1,
      "reduceInputRecords" : -1,
      "reduceShuffleBytes" : -1,
      "reduceOutputRecords" : -1,
      "spilledRecords" : 14208718,
      "mapInputBytes" : -1,
      "resourceUsageMetrics" : {
        "cumulativeCpuUsage" : 133430,
        "virtualMemoryUsage" : 1653497856,
        "physicalMemoryUsage" : 412147712,
        "heapUsage" : 479723520
      }
    } ],
    "finishTime" : 1404517455117,
    "preferredLocations" : [ {
      "layers" : [ "default-rack", "Master" ]
    }, {
      "layers" : [ "default-rack", "Slave7" ]
    }, {
      "layers" : [ "default-rack", "Slave4" ]
    } ],
    "taskType" : "MAP",
    "taskStatus" : "SUCCESS",
    "taskID" : "task_201407020230_0335_m_000006",
    "inputBytes" : 12526971,
    "inputRecords" : 72153,
    "outputBytes" : 282117844,
    "outputRecords" : 7561714
  }, {
    "startTime" : 1404517335705,
    "attempts" : [ {
      "result" : "SUCCESS",
      "location" : {
        "layers" : [ "default-rack", "Slave7" ]
      },
      "hostName" : "/default-rack/Slave7",
      "startTime" : 1404517335833,
      "finishTime" : 1404517454399,
      "attemptID" : "attempt_201407020230_0335_m_000011_0",
      "shuffleFinished" : -1,
      "sortFinished" : -1,
      "hdfsBytesRead" : 12508344,
      "hdfsBytesWritten" : -1,
      "fileBytesRead" : 204606745,
      "fileBytesWritten" : 280547956,
      "mapInputRecords" : 78232,
      "mapOutputBytes" : 124202394,
      "mapOutputRecords" : 7506196,
      "combineInputRecords" : 13027483,
      "reduceInputGroups" : -1,
      "reduceInputRecords" : -1,
      "reduceShuffleBytes" : -1,
      "reduceOutputRecords" : -1,
      "spilledRecords" : 14114522,
      "mapInputBytes" : -1,
      "resourceUsageMetrics" : {
        "cumulativeCpuUsage" : 132220,
        "virtualMemoryUsage" : 1649594368,
        "physicalMemoryUsage" : 384823296,
        "heapUsage" : 523763712
      }
    } ],
    "finishTime" : 1404517454512,
    "preferredLocations" : [ {
      "layers" : [ "default-rack", "Master" ]
    }, {
      "layers" : [ "default-rack", "Slave7" ]
    }, {
      "layers" : [ "default-rack", "Slave6" ]
    } ],
    "taskType" : "MAP",
    "taskStatus" : "SUCCESS",
    "taskID" : "task_201407020230_0335_m_000011",
    "inputBytes" : 12508344,
    "inputRecords" : 78232,
    "outputBytes" : 280547956,
    "outputRecords" : 7506196
  }, {
    "startTime" : 1404517335746,
    "attempts" : [ {
      "result" : "SUCCESS",
      "location" : {
        "layers" : [ "default-rack", "Slave1" ]
      },
      "hostName" : "/default-rack/Slave1",
      "startTime" : 1404516922240,
      "finishTime" : 1404517038320,
      "attemptID" : "attempt_201407020230_0335_m_000007_0",
      "shuffleFinished" : -1,
      "sortFinished" : -1,
      "hdfsBytesRead" : 12525989,
      "hdfsBytesWritten" : -1,
      "fileBytesRead" : 207906670,
      "fileBytesWritten" : 284769073,
      "mapInputRecords" : 70212,
      "mapOutputBytes" : 125295674,
      "mapOutputRecords" : 7572980,
      "combineInputRecords" : 13187455,
      "reduceInputGroups" : -1,
      "reduceInputRecords" : -1,
      "reduceShuffleBytes" : -1,
      "reduceOutputRecords" : -1,
      "spilledRecords" : 14348956,
      "mapInputBytes" : -1,
      "resourceUsageMetrics" : {
        "cumulativeCpuUsage" : 136900,
        "virtualMemoryUsage" : 1649393664,
        "physicalMemoryUsage" : 427450368,
        "heapUsage" : 783810560
      }
    } ],
    "finishTime" : 1404517451973,
    "preferredLocations" : [ {
      "layers" : [ "default-rack", "Master" ]
    }, {
      "layers" : [ "default-rack", "Slave2" ]
    }, {
      "layers" : [ "default-rack", "Slave1" ]
    } ],
    "taskType" : "MAP",
    "taskStatus" : "SUCCESS",
    "taskID" : "task_201407020230_0335_m_000007",
    "inputBytes" : 12525989,
    "inputRecords" : 70212,
    "outputBytes" : 284769073,
    "outputRecords" : 7572980
  }, {
    "startTime" : 1404517335747,
    "attempts" : [ {
      "result" : "SUCCESS",
      "location" : {
        "layers" : [ "default-rack", "Slave1" ]
      },
      "hostName" : "/default-rack/Slave1",
      "startTime" : 1404516922240,
      "finishTime" : 1404517039764,
      "attemptID" : "attempt_201407020230_0335_m_000012_0",
      "shuffleFinished" : -1,
      "sortFinished" : -1,
      "hdfsBytesRead" : 12507171,
      "hdfsBytesWritten" : -1,
      "fileBytesRead" : 207651276,
      "fileBytesWritten" : 284350178,
      "mapInputRecords" : 69080,
      "mapOutputBytes" : 125267238,
      "mapOutputRecords" : 7584834,
      "combineInputRecords" : 13203215,
      "reduceInputGroups" : -1,
      "reduceInputRecords" : -1,
      "reduceShuffleBytes" : -1,
      "reduceOutputRecords" : -1,
      "spilledRecords" : 14358820,
      "mapInputBytes" : -1,
      "resourceUsageMetrics" : {
        "cumulativeCpuUsage" : 135390,
        "virtualMemoryUsage" : 1649340416,
        "physicalMemoryUsage" : 370085888,
        "heapUsage" : 676855808
      }
    } ],
    "finishTime" : 1404517453484,
    "preferredLocations" : [ {
      "layers" : [ "default-rack", "Master" ]
    }, {
      "layers" : [ "default-rack", "Slave7" ]
    }, {
      "layers" : [ "default-rack", "Slave1" ]
    } ],
    "taskType" : "MAP",
    "taskStatus" : "SUCCESS",
    "taskID" : "task_201407020230_0335_m_000012",
    "inputBytes" : 12507171,
    "inputRecords" : 69080,
    "outputBytes" : 284350178,
    "outputRecords" : 7584834
  }, {
    "startTime" : 1404517335831,
    "attempts" : [ {
      "result" : "SUCCESS",
      "location" : {
        "layers" : [ "default-rack", "Master" ]
      },
      "hostName" : "/default-rack/Master",
      "startTime" : 1404517335931,
      "finishTime" : 1404517448318,
      "attemptID" : "attempt_201407020230_0335_m_000003_0",
      "shuffleFinished" : -1,
      "sortFinished" : -1,
      "hdfsBytesRead" : 12542984,
      "hdfsBytesWritten" : -1,
      "fileBytesRead" : 208020336,
      "fileBytesWritten" : 284951476,
      "mapInputRecords" : 72873,
      "mapOutputBytes" : 125165602,
      "mapOutputRecords" : 7555522,
      "combineInputRecords" : 13165366,
      "reduceInputGroups" : -1,
      "reduceInputRecords" : -1,
      "reduceShuffleBytes" : -1,
      "reduceOutputRecords" : -1,
      "spilledRecords" : 14339078,
      "mapInputBytes" : -1,
      "resourceUsageMetrics" : {
        "cumulativeCpuUsage" : 127630,
        "virtualMemoryUsage" : 1649995776,
        "physicalMemoryUsage" : 489619456,
        "heapUsage" : 715128832
      }
    } ],
    "finishTime" : 1404517448374,
    "preferredLocations" : [ {
      "layers" : [ "default-rack", "Master" ]
    }, {
      "layers" : [ "default-rack", "Slave4" ]
    }, {
      "layers" : [ "default-rack", "Slave3" ]
    } ],
    "taskType" : "MAP",
    "taskStatus" : "SUCCESS",
    "taskID" : "task_201407020230_0335_m_000003",
    "inputBytes" : 12542984,
    "inputRecords" : 72873,
    "outputBytes" : 284951476,
    "outputRecords" : 7555522
  }, {
    "startTime" : 1404517335832,
    "attempts" : [ {
      "result" : "SUCCESS",
      "location" : {
        "layers" : [ "default-rack", "Master" ]
      },
      "hostName" : "/default-rack/Master",
      "startTime" : 1404517335931,
      "finishTime" : 1404517452925,
      "attemptID" : "attempt_201407020230_0335_m_000004_0",
      "shuffleFinished" : -1,
      "sortFinished" : -1,
      "hdfsBytesRead" : 12542322,
      "hdfsBytesWritten" : -1,
      "fileBytesRead" : 207489396,
      "fileBytesWritten" : 284272857,
      "mapInputRecords" : 70209,
      "mapOutputBytes" : 125610444,
      "mapOutputRecords" : 7621040,
      "combineInputRecords" : 13243138,
      "reduceInputGroups" : -1,
      "reduceInputRecords" : -1,
      "reduceShuffleBytes" : -1,
      "reduceOutputRecords" : -1,
      "spilledRecords" : 14378877,
      "mapInputBytes" : -1,
      "resourceUsageMetrics" : {
        "cumulativeCpuUsage" : 136480,
        "virtualMemoryUsage" : 1651490816,
        "physicalMemoryUsage" : 384995328,
        "heapUsage" : 657457152
      }
    } ],
    "finishTime" : 1404517453203,
    "preferredLocations" : [ {
      "layers" : [ "default-rack", "Master" ]
    }, {
      "layers" : [ "default-rack", "Slave3" ]
    }, {
      "layers" : [ "default-rack", "Slave6" ]
    } ],
    "taskType" : "MAP",
    "taskStatus" : "SUCCESS",
    "taskID" : "task_201407020230_0335_m_000004",
    "inputBytes" : 12542322,
    "inputRecords" : 70209,
    "outputBytes" : 284272857,
    "outputRecords" : 7621040
  }, {
    "startTime" : 1404517335832,
    "attempts" : [ {
      "result" : "SUCCESS",
      "location" : {
        "layers" : [ "default-rack", "Slave4" ]
      },
      "hostName" : "/default-rack/Slave4",
      "startTime" : 1404428184624,
      "finishTime" : 1404428357154,
      "attemptID" : "attempt_201407020230_0335_m_000005_0",
      "shuffleFinished" : -1,
      "sortFinished" : -1,
      "hdfsBytesRead" : 12540113,
      "hdfsBytesWritten" : -1,
      "fileBytesRead" : 207181534,
      "fileBytesWritten" : 283690363,
      "mapInputRecords" : 72022,
      "mapOutputBytes" : 125290022,
      "mapOutputRecords" : 7580298,
      "combineInputRecords" : 13180287,
      "reduceInputGroups" : -1,
      "reduceInputRecords" : -1,
      "reduceShuffleBytes" : -1,
      "reduceOutputRecords" : -1,
      "spilledRecords" : 14308847,
      "mapInputBytes" : -1,
      "resourceUsageMetrics" : {
        "cumulativeCpuUsage" : 193230,
        "virtualMemoryUsage" : 1651736576,
        "physicalMemoryUsage" : 470429696,
        "heapUsage" : 471334912
      }
    } ],
    "finishTime" : 1404517508533,
    "preferredLocations" : [ {
      "layers" : [ "default-rack", "Master" ]
    }, {
      "layers" : [ "default-rack", "Slave2" ]
    }, {
      "layers" : [ "default-rack", "Slave4" ]
    } ],
    "taskType" : "MAP",
    "taskStatus" : "SUCCESS",
    "taskID" : "task_201407020230_0335_m_000005",
    "inputBytes" : 12540113,
    "inputRecords" : 72022,
    "outputBytes" : 283690363,
    "outputRecords" : 7580298
  }, {
    "startTime" : 1404517335832,
    "attempts" : [ {
      "result" : "SUCCESS",
      "location" : {
        "layers" : [ "default-rack", "Slave4" ]
      },
      "hostName" : "/default-rack/Slave4",
      "startTime" : 1404428184624,
      "finishTime" : 1404428357698,
      "attemptID" : "attempt_201407020230_0335_m_000010_0",
      "shuffleFinished" : -1,
      "sortFinished" : -1,
      "hdfsBytesRead" : 12508553,
      "hdfsBytesWritten" : -1,
      "fileBytesRead" : 206518055,
      "fileBytesWritten" : 282594126,
      "mapInputRecords" : 75847,
      "mapOutputBytes" : 124544736,
      "mapOutputRecords" : 7528800,
      "combineInputRecords" : 13107054,
      "reduceInputGroups" : -1,
      "reduceInputRecords" : -1,
      "reduceShuffleBytes" : -1,
      "reduceOutputRecords" : -1,
      "spilledRecords" : 14239215,
      "mapInputBytes" : -1,
      "resourceUsageMetrics" : {
        "cumulativeCpuUsage" : 195950,
        "virtualMemoryUsage" : 1648746496,
        "physicalMemoryUsage" : 420085760,
        "heapUsage" : 591396864
      }
    } ],
    "finishTime" : 1404517509138,
    "preferredLocations" : [ {
      "layers" : [ "default-rack", "Master" ]
    }, {
      "layers" : [ "default-rack", "Slave4" ]
    }, {
      "layers" : [ "default-rack", "Slave6" ]
    } ],
    "taskType" : "MAP",
    "taskStatus" : "SUCCESS",
    "taskID" : "task_201407020230_0335_m_000010",
    "inputBytes" : 12508553,
    "inputRecords" : 75847,
    "outputBytes" : 282594126,
    "outputRecords" : 7528800
  }, {
    "startTime" : 1404517335865,
    "attempts" : [ {
      "result" : "SUCCESS",
      "location" : {
        "layers" : [ "default-rack", "Slave2" ]
      },
      "hostName" : "/default-rack/Slave2",
      "startTime" : 1404517828238,
      "finishTime" : 1404517947468,
      "attemptID" : "attempt_201407020230_0335_m_000009_0",
      "shuffleFinished" : -1,
      "sortFinished" : -1,
      "hdfsBytesRead" : 12516212,
      "hdfsBytesWritten" : -1,
      "fileBytesRead" : 207579944,
      "fileBytesWritten" : 283814801,
      "mapInputRecords" : 70181,
      "mapOutputBytes" : 125302766,
      "mapOutputRecords" : 7594506,
      "combineInputRecords" : 13211446,
      "reduceInputGroups" : -1,
      "reduceInputRecords" : -1,
      "reduceShuffleBytes" : -1,
      "reduceOutputRecords" : -1,
      "spilledRecords" : 14333414,
      "mapInputBytes" : -1,
      "resourceUsageMetrics" : {
        "cumulativeCpuUsage" : 139890,
        "virtualMemoryUsage" : 1648783360,
        "physicalMemoryUsage" : 456908800,
        "heapUsage" : 667418624
      }
    } ],
    "finishTime" : 1404517455388,
    "preferredLocations" : [ {
      "layers" : [ "default-rack", "Master" ]
    }, {
      "layers" : [ "default-rack", "Slave6" ]
    }, {
      "layers" : [ "default-rack", "Slave2" ]
    } ],
    "taskType" : "MAP",
    "taskStatus" : "SUCCESS",
    "taskID" : "task_201407020230_0335_m_000009",
    "inputBytes" : 12516212,
    "inputRecords" : 70181,
    "outputBytes" : 283814801,
    "outputRecords" : 7594506
  }, {
    "startTime" : 1404517335865,
    "attempts" : [ {
      "result" : "SUCCESS",
      "location" : {
        "layers" : [ "default-rack", "Slave2" ]
      },
      "hostName" : "/default-rack/Slave2",
      "startTime" : 1404517828238,
      "finishTime" : 1404517943587,
      "attemptID" : "attempt_201407020230_0335_m_000013_0",
      "shuffleFinished" : -1,
      "sortFinished" : -1,
      "hdfsBytesRead" : 12506379,
      "hdfsBytesWritten" : -1,
      "fileBytesRead" : 207549605,
      "fileBytesWritten" : 284271288,
      "mapInputRecords" : 70622,
      "mapOutputBytes" : 125104624,
      "mapOutputRecords" : 7574726,
      "combineInputRecords" : 13188738,
      "reduceInputGroups" : -1,
      "reduceInputRecords" : -1,
      "reduceShuffleBytes" : -1,
      "reduceOutputRecords" : -1,
      "spilledRecords" : 14352198,
      "mapInputBytes" : -1,
      "resourceUsageMetrics" : {
        "cumulativeCpuUsage" : 130890,
        "virtualMemoryUsage" : 1640849408,
        "physicalMemoryUsage" : 422383616,
        "heapUsage" : 738197504
      }
    } ],
    "finishTime" : 1404517451462,
    "preferredLocations" : [ {
      "layers" : [ "default-rack", "Master" ]
    }, {
      "layers" : [ "default-rack", "Slave1" ]
    }, {
      "layers" : [ "default-rack", "Slave2" ]
    } ],
    "taskType" : "MAP",
    "taskStatus" : "SUCCESS",
    "taskID" : "task_201407020230_0335_m_000013",
    "inputBytes" : 12506379,
    "inputRecords" : 70622,
    "outputBytes" : 284271288,
    "outputRecords" : 7574726
  }, {
    "startTime" : 1404517335929,
    "attempts" : [ {
      "result" : "SUCCESS",
      "location" : {
        "layers" : [ "default-rack", "Slave6" ]
      },
      "hostName" : "/default-rack/Slave6",
      "startTime" : 1404516155343,
      "finishTime" : 1404516283466,
      "attemptID" : "attempt_201407020230_0335_m_000014_0",
      "shuffleFinished" : -1,
      "sortFinished" : -1,
      "hdfsBytesRead" : 12485810,
      "hdfsBytesWritten" : -1,
      "fileBytesRead" : 206264736,
      "fileBytesWritten" : 282506141,
      "mapInputRecords" : 70334,
      "mapOutputBytes" : 124907300,
      "mapOutputRecords" : 7560118,
      "combineInputRecords" : 13137460,
      "reduceInputGroups" : -1,
      "reduceInputRecords" : -1,
      "reduceShuffleBytes" : -1,
      "reduceOutputRecords" : -1,
      "spilledRecords" : 14254286,
      "mapInputBytes" : -1,
      "resourceUsageMetrics" : {
        "cumulativeCpuUsage" : 144790,
        "virtualMemoryUsage" : 1650753536,
        "physicalMemoryUsage" : 409296896,
        "heapUsage" : 506986496
      }
    } ],
    "finishTime" : 1404517464380,
    "preferredLocations" : [ {
      "layers" : [ "default-rack", "Master" ]
    }, {
      "layers" : [ "default-rack", "Slave6" ]
    }, {
      "layers" : [ "default-rack", "Slave3" ]
    } ],
    "taskType" : "MAP",
    "taskStatus" : "SUCCESS",
    "taskID" : "task_201407020230_0335_m_000014",
    "inputBytes" : 12485810,
    "inputRecords" : 70334,
    "outputBytes" : 282506141,
    "outputRecords" : 7560118
  }, {
    "startTime" : 1404517335930,
    "attempts" : [ {
      "result" : "SUCCESS",
      "location" : {
        "layers" : [ "default-rack", "Slave6" ]
      },
      "hostName" : "/default-rack/Slave6",
      "startTime" : 1404516155344,
      "finishTime" : 1404516284174,
      "attemptID" : "attempt_201407020230_0335_m_000016_0",
      "shuffleFinished" : -1,
      "sortFinished" : -1,
      "hdfsBytesRead" : 12470778,
      "hdfsBytesWritten" : -1,
      "fileBytesRead" : 206223231,
      "fileBytesWritten" : 282658108,
      "mapInputRecords" : 69273,
      "mapOutputBytes" : 124870438,
      "mapOutputRecords" : 7566486,
      "combineInputRecords" : 13150103,
      "reduceInputGroups" : -1,
      "reduceInputRecords" : -1,
      "reduceShuffleBytes" : -1,
      "reduceOutputRecords" : -1,
      "spilledRecords" : 14277971,
      "mapInputBytes" : -1,
      "resourceUsageMetrics" : {
        "cumulativeCpuUsage" : 145230,
        "virtualMemoryUsage" : 1649070080,
        "physicalMemoryUsage" : 526151680,
        "heapUsage" : 575668224
      }
    } ],
    "finishTime" : 1404517464985,
    "preferredLocations" : [ {
      "layers" : [ "default-rack", "Master" ]
    }, {
      "layers" : [ "default-rack", "Slave2" ]
    }, {
      "layers" : [ "default-rack", "Slave6" ]
    } ],
    "taskType" : "MAP",
    "taskStatus" : "SUCCESS",
    "taskID" : "task_201407020230_0335_m_000016",
    "inputBytes" : 12470778,
    "inputRecords" : 69273,
    "outputBytes" : 282658108,
    "outputRecords" : 7566486
  }, {
    "startTime" : 1404517448375,
    "attempts" : [ {
      "result" : "SUCCESS",
      "location" : {
        "layers" : [ "default-rack", "Master" ]
      },
      "hostName" : "/default-rack/Master",
      "startTime" : 1404517448377,
      "finishTime" : 1404517548373,
      "attemptID" : "attempt_201407020230_0335_m_000015_0",
      "shuffleFinished" : -1,
      "sortFinished" : -1,
      "hdfsBytesRead" : 12472565,
      "hdfsBytesWritten" : -1,
      "fileBytesRead" : 206378706,
      "fileBytesWritten" : 282743937,
      "mapInputRecords" : 69994,
      "mapOutputBytes" : 124769060,
      "mapOutputRecords" : 7546302,
      "combineInputRecords" : 13123405,
      "reduceInputGroups" : -1,
      "reduceInputRecords" : -1,
      "reduceShuffleBytes" : -1,
      "reduceOutputRecords" : -1,
      "spilledRecords" : 14257617,
      "mapInputBytes" : -1,
      "resourceUsageMetrics" : {
        "cumulativeCpuUsage" : 117090,
        "virtualMemoryUsage" : 1651429376,
        "physicalMemoryUsage" : 548757504,
        "heapUsage" : 771751936
      }
    } ],
    "finishTime" : 1404517548553,
    "preferredLocations" : [ {
      "layers" : [ "default-rack", "Master" ]
    }, {
      "layers" : [ "default-rack", "Slave3" ]
    }, {
      "layers" : [ "default-rack", "Slave1" ]
    } ],
    "taskType" : "MAP",
    "taskStatus" : "SUCCESS",
    "taskID" : "task_201407020230_0335_m_000015",
    "inputBytes" : 12472565,
    "inputRecords" : 69994,
    "outputBytes" : 282743937,
    "outputRecords" : 7546302
  }, {
    "startTime" : 1404517451462,
    "attempts" : [ {
      "result" : "SUCCESS",
      "location" : {
        "layers" : [ "default-rack", "Slave2" ]
      },
      "hostName" : "/default-rack/Slave2",
      "startTime" : 1404517943713,
      "finishTime" : 1404518041785,
      "attemptID" : "attempt_201407020230_0335_m_000018_0",
      "shuffleFinished" : -1,
      "sortFinished" : -1,
      "hdfsBytesRead" : 12458709,
      "hdfsBytesWritten" : -1,
      "fileBytesRead" : 206658930,
      "fileBytesWritten" : 283335549,
      "mapInputRecords" : 69176,
      "mapOutputBytes" : 124715750,
      "mapOutputRecords" : 7545516,
      "combineInputRecords" : 13132895,
      "reduceInputGroups" : -1,
      "reduceInputRecords" : -1,
      "reduceShuffleBytes" : -1,
      "reduceOutputRecords" : -1,
      "spilledRecords" : 14290247,
      "mapInputBytes" : -1,
      "resourceUsageMetrics" : {
        "cumulativeCpuUsage" : 112550,
        "virtualMemoryUsage" : 1644142592,
        "physicalMemoryUsage" : 539136000,
        "heapUsage" : 731381760
      }
    } ],
    "finishTime" : 1404517549583,
    "preferredLocations" : [ {
      "layers" : [ "default-rack", "Master" ]
    }, {
      "layers" : [ "default-rack", "Slave2" ]
    }, {
      "layers" : [ "default-rack", "Slave7" ]
    } ],
    "taskType" : "MAP",
    "taskStatus" : "SUCCESS",
    "taskID" : "task_201407020230_0335_m_000018",
    "inputBytes" : 12458709,
    "inputRecords" : 69176,
    "outputBytes" : 283335549,
    "outputRecords" : 7545516
  }, {
    "startTime" : 1404517451973,
    "attempts" : [ {
      "result" : "SUCCESS",
      "location" : {
        "layers" : [ "default-rack", "Slave1" ]
      },
      "hostName" : "/default-rack/Slave1",
      "startTime" : 1404517038363,
      "finishTime" : 1404517134356,
      "attemptID" : "attempt_201407020230_0335_m_000017_0",
      "shuffleFinished" : -1,
      "sortFinished" : -1,
      "hdfsBytesRead" : 12470000,
      "hdfsBytesWritten" : -1,
      "fileBytesRead" : 206424040,
      "fileBytesWritten" : 282513698,
      "mapInputRecords" : 67323,
      "mapOutputBytes" : 125064940,
      "mapOutputRecords" : 7578560,
      "combineInputRecords" : 13164794,
      "reduceInputGroups" : -1,
      "reduceInputRecords" : -1,
      "reduceShuffleBytes" : -1,
      "reduceOutputRecords" : -1,
      "spilledRecords" : 14267410,
      "mapInputBytes" : -1,
      "resourceUsageMetrics" : {
        "cumulativeCpuUsage" : 104340,
        "virtualMemoryUsage" : 1652551680,
        "physicalMemoryUsage" : 737996800,
        "heapUsage" : 672137216
      }
    } ],
    "finishTime" : 1404517548269,
    "preferredLocations" : [ {
      "layers" : [ "default-rack", "Master" ]
    }, {
      "layers" : [ "default-rack", "Slave1" ]
    }, {
      "layers" : [ "default-rack", "Slave4" ]
    } ],
    "taskType" : "MAP",
    "taskStatus" : "SUCCESS",
    "taskID" : "task_201407020230_0335_m_000017",
    "inputBytes" : 12470000,
    "inputRecords" : 67323,
    "outputBytes" : 282513698,
    "outputRecords" : 7578560
  }, {
    "startTime" : 1404517453203,
    "attempts" : [ {
      "result" : "SUCCESS",
      "location" : {
        "layers" : [ "default-rack", "Master" ]
      },
      "hostName" : "/default-rack/Master",
      "startTime" : 1404517453208,
      "finishTime" : 1404517550901,
      "attemptID" : "attempt_201407020230_0335_m_000019_0",
      "shuffleFinished" : -1,
      "sortFinished" : -1,
      "hdfsBytesRead" : 12456134,
      "hdfsBytesWritten" : -1,
      "fileBytesRead" : 204208622,
      "fileBytesWritten" : 280169203,
      "mapInputRecords" : 71413,
      "mapOutputBytes" : 124330098,
      "mapOutputRecords" : 7501734,
      "combineInputRecords" : 13010757,
      "reduceInputGroups" : -1,
      "reduceInputRecords" : -1,
      "reduceShuffleBytes" : -1,
      "reduceOutputRecords" : -1,
      "spilledRecords" : 14090130,
      "mapInputBytes" : -1,
      "resourceUsageMetrics" : {
        "cumulativeCpuUsage" : 112820,
        "virtualMemoryUsage" : 1654648832,
        "physicalMemoryUsage" : 525623296,
        "heapUsage" : 696254464
      }
    } ],
    "finishTime" : 1404517550971,
    "preferredLocations" : [ {
      "layers" : [ "default-rack", "Master" ]
    }, {
      "layers" : [ "default-rack", "Slave4" ]
    }, {
      "layers" : [ "default-rack", "Slave6" ]
    } ],
    "taskType" : "MAP",
    "taskStatus" : "SUCCESS",
    "taskID" : "task_201407020230_0335_m_000019",
    "inputBytes" : 12456134,
    "inputRecords" : 71413,
    "outputBytes" : 280169203,
    "outputRecords" : 7501734
  }, {
    "startTime" : 1404517453484,
    "attempts" : [ {
      "result" : "SUCCESS",
      "location" : {
        "layers" : [ "default-rack", "Slave1" ]
      },
      "hostName" : "/default-rack/Slave1",
      "startTime" : 1404517039874,
      "finishTime" : 1404517137985,
      "attemptID" : "attempt_201407020230_0335_m_000021_0",
      "shuffleFinished" : -1,
      "sortFinished" : -1,
      "hdfsBytesRead" : 12452776,
      "hdfsBytesWritten" : -1,
      "fileBytesRead" : 205052666,
      "fileBytesWritten" : 281058877,
      "mapInputRecords" : 69925,
      "mapOutputBytes" : 124563886,
      "mapOutputRecords" : 7532494,
      "combineInputRecords" : 13078019,
      "reduceInputGroups" : -1,
      "reduceInputRecords" : -1,
      "reduceShuffleBytes" : -1,
      "reduceOutputRecords" : -1,
      "spilledRecords" : 14175279,
      "mapInputBytes" : -1,
      "resourceUsageMetrics" : {
        "cumulativeCpuUsage" : 109620,
        "virtualMemoryUsage" : 1652498432,
        "physicalMemoryUsage" : 549539840,
        "heapUsage" : 772800512
      }
    } ],
    "finishTime" : 1404517551892,
    "preferredLocations" : [ {
      "layers" : [ "default-rack", "Master" ]
    }, {
      "layers" : [ "default-rack", "Slave1" ]
    }, {
      "layers" : [ "default-rack", "Slave5" ]
    } ],
    "taskType" : "MAP",
    "taskStatus" : "SUCCESS",
    "taskID" : "task_201407020230_0335_m_000021",
    "inputBytes" : 12452776,
    "inputRecords" : 69925,
    "outputBytes" : 281058877,
    "outputRecords" : 7532494
  }, {
    "startTime" : 1404517454513,
    "attempts" : [ {
      "result" : "SUCCESS",
      "location" : {
        "layers" : [ "default-rack", "Slave7" ]
      },
      "hostName" : "/default-rack/Slave7",
      "startTime" : 1404517454558,
      "finishTime" : 1404517541958,
      "attemptID" : "attempt_201407020230_0335_m_000020_0",
      "shuffleFinished" : -1,
      "sortFinished" : -1,
      "hdfsBytesRead" : 12455726,
      "hdfsBytesWritten" : -1,
      "fileBytesRead" : 206211899,
      "fileBytesWritten" : 282817243,
      "mapInputRecords" : 68408,
      "mapOutputBytes" : 124731134,
      "mapOutputRecords" : 7546842,
      "combineInputRecords" : 13124365,
      "reduceInputGroups" : -1,
      "reduceInputRecords" : -1,
      "reduceShuffleBytes" : -1,
      "reduceOutputRecords" : -1,
      "spilledRecords" : 14273967,
      "mapInputBytes" : -1,
      "resourceUsageMetrics" : {
        "cumulativeCpuUsage" : 101050,
        "virtualMemoryUsage" : 1652752384,
        "physicalMemoryUsage" : 615325696,
        "heapUsage" : 649068544
      }
    } ],
    "finishTime" : 1404517541954,
    "preferredLocations" : [ {
      "layers" : [ "default-rack", "Master" ]
    }, {
      "layers" : [ "default-rack", "Slave7" ]
    }, {
      "layers" : [ "default-rack", "Slave4" ]
    } ],
    "taskType" : "MAP",
    "taskStatus" : "SUCCESS",
    "taskID" : "task_201407020230_0335_m_000020",
    "inputBytes" : 12455726,
    "inputRecords" : 68408,
    "outputBytes" : 282817243,
    "outputRecords" : 7546842
  }, {
    "startTime" : 1404517455118,
    "attempts" : [ {
      "result" : "SUCCESS",
      "location" : {
        "layers" : [ "default-rack", "Slave7" ]
      },
      "hostName" : "/default-rack/Slave7",
      "startTime" : 1404517455163,
      "finishTime" : 1404517537926,
      "attemptID" : "attempt_201407020230_0335_m_000023_0",
      "shuffleFinished" : -1,
      "sortFinished" : -1,
      "hdfsBytesRead" : 12448786,
      "hdfsBytesWritten" : -1,
      "fileBytesRead" : 205553716,
      "fileBytesWritten" : 281356032,
      "mapInputRecords" : 74516,
      "mapOutputBytes" : 124196660,
      "mapOutputRecords" : 7543974,
      "combineInputRecords" : 13121066,
      "reduceInputGroups" : -1,
      "reduceInputRecords" : -1,
      "reduceShuffleBytes" : -1,
      "reduceOutputRecords" : -1,
      "spilledRecords" : 14242614,
      "mapInputBytes" : -1,
      "resourceUsageMetrics" : {
        "cumulativeCpuUsage" : 93760,
        "virtualMemoryUsage" : 1656655872,
        "physicalMemoryUsage" : 578043904,
        "heapUsage" : 577241088
      }
    } ],
    "finishTime" : 1404517538033,
    "preferredLocations" : [ {
      "layers" : [ "default-rack", "Master" ]
    }, {
      "layers" : [ "default-rack", "Slave7" ]
    }, {
      "layers" : [ "default-rack", "Slave2" ]
    } ],
    "taskType" : "MAP",
    "taskStatus" : "SUCCESS",
    "taskID" : "task_201407020230_0335_m_000023",
    "inputBytes" : 12448786,
    "inputRecords" : 74516,
    "outputBytes" : 281356032,
    "outputRecords" : 7543974
  }, {
    "startTime" : 1404517455388,
    "attempts" : [ {
      "result" : "SUCCESS",
      "location" : {
        "layers" : [ "default-rack", "Slave2" ]
      },
      "hostName" : "/default-rack/Slave2",
      "startTime" : 1404517947639,
      "finishTime" : 1404518043875,
      "attemptID" : "attempt_201407020230_0335_m_000022_0",
      "shuffleFinished" : -1,
      "sortFinished" : -1,
      "hdfsBytesRead" : 12449601,
      "hdfsBytesWritten" : -1,
      "fileBytesRead" : 204504123,
      "fileBytesWritten" : 280213664,
      "mapInputRecords" : 71622,
      "mapOutputBytes" : 124321590,
      "mapOutputRecords" : 7507818,
      "combineInputRecords" : 13029456,
      "reduceInputGroups" : -1,
      "reduceInputRecords" : -1,
      "reduceShuffleBytes" : -1,
      "reduceOutputRecords" : -1,
      "spilledRecords" : 14110243,
      "mapInputBytes" : -1,
      "resourceUsageMetrics" : {
        "cumulativeCpuUsage" : 109790,
        "virtualMemoryUsage" : 1651941376,
        "physicalMemoryUsage" : 634994688,
        "heapUsage" : 654835712
      }
    } ],
    "finishTime" : 1404517551711,
    "preferredLocations" : [ {
      "layers" : [ "default-rack", "Master" ]
    }, {
      "layers" : [ "default-rack", "Slave4" ]
    }, {
      "layers" : [ "default-rack", "Slave2" ]
    } ],
    "taskType" : "MAP",
    "taskStatus" : "SUCCESS",
    "taskID" : "task_201407020230_0335_m_000022",
    "inputBytes" : 12449601,
    "inputRecords" : 71622,
    "outputBytes" : 280213664,
    "outputRecords" : 7507818
  }, {
    "startTime" : 1404517463211,
    "attempts" : [ {
      "result" : "SUCCESS",
      "location" : {
        "layers" : [ "default-rack", "Slave3" ]
      },
      "hostName" : "/default-rack/Slave3",
      "startTime" : 1404516106802,
      "finishTime" : 1404516199433,
      "attemptID" : "attempt_201407020230_0335_m_000024_0",
      "shuffleFinished" : -1,
      "sortFinished" : -1,
      "hdfsBytesRead" : 12444998,
      "hdfsBytesWritten" : -1,
      "fileBytesRead" : 205959270,
      "fileBytesWritten" : 282404577,
      "mapInputRecords" : 68058,
      "mapOutputBytes" : 124733734,
      "mapOutputRecords" : 7555196,
      "combineInputRecords" : 13130868,
      "reduceInputGroups" : -1,
      "reduceInputRecords" : -1,
      "reduceShuffleBytes" : -1,
      "reduceOutputRecords" : -1,
      "spilledRecords" : 14265734,
      "mapInputBytes" : -1,
      "resourceUsageMetrics" : {
        "cumulativeCpuUsage" : 108170,
        "virtualMemoryUsage" : 1650741248,
        "physicalMemoryUsage" : 603447296,
        "heapUsage" : 574095360
      }
    } ],
    "finishTime" : 1404517556012,
    "preferredLocations" : [ {
      "layers" : [ "default-rack", "Master" ]
    }, {
      "layers" : [ "default-rack", "Slave4" ]
    }, {
      "layers" : [ "default-rack", "Slave3" ]
    } ],
    "taskType" : "MAP",
    "taskStatus" : "SUCCESS",
    "taskID" : "task_201407020230_0335_m_000024",
    "inputBytes" : 12444998,
    "inputRecords" : 68058,
    "outputBytes" : 282404577,
    "outputRecords" : 7555196
  }, {
    "startTime" : 1404517463382,
    "attempts" : [ {
      "result" : "SUCCESS",
      "location" : {
        "layers" : [ "default-rack", "Slave5" ]
      },
      "hostName" : "/default-rack/Slave5",
      "startTime" : 1404515833671,
      "finishTime" : 1404515926155,
      "attemptID" : "attempt_201407020230_0335_m_000025_0",
      "shuffleFinished" : -1,
      "sortFinished" : -1,
      "hdfsBytesRead" : 12444914,
      "hdfsBytesWritten" : -1,
      "fileBytesRead" : 205435207,
      "fileBytesWritten" : 281338734,
      "mapInputRecords" : 68254,
      "mapOutputBytes" : 124654662,
      "mapOutputRecords" : 7543398,
      "combineInputRecords" : 13095457,
      "reduceInputGroups" : -1,
      "reduceInputRecords" : -1,
      "reduceShuffleBytes" : -1,
      "reduceOutputRecords" : -1,
      "spilledRecords" : 14182387,
      "mapInputBytes" : -1,
      "resourceUsageMetrics" : {
        "cumulativeCpuUsage" : 103320,
        "virtualMemoryUsage" : 1654972416,
        "physicalMemoryUsage" : 563978240,
        "heapUsage" : 558366720
      }
    } ],
    "finishTime" : 1404517556130,
    "preferredLocations" : [ {
      "layers" : [ "default-rack", "Master" ]
    }, {
      "layers" : [ "default-rack", "Slave1" ]
    }, {
      "layers" : [ "default-rack", "Slave5" ]
    } ],
    "taskType" : "MAP",
    "taskStatus" : "SUCCESS",
    "taskID" : "task_201407020230_0335_m_000025",
    "inputBytes" : 12444914,
    "inputRecords" : 68254,
    "outputBytes" : 281338734,
    "outputRecords" : 7543398
  }, {
    "startTime" : 1404517464381,
    "attempts" : [ {
      "result" : "SUCCESS",
      "location" : {
        "layers" : [ "default-rack", "Slave6" ]
      },
      "hostName" : "/default-rack/Slave6",
      "startTime" : 1404516283703,
      "finishTime" : 1404516372287,
      "attemptID" : "attempt_201407020230_0335_m_000030_0",
      "shuffleFinished" : -1,
      "sortFinished" : -1,
      "hdfsBytesRead" : 12414462,
      "hdfsBytesWritten" : -1,
      "fileBytesRead" : 202620652,
      "fileBytesWritten" : 278170162,
      "mapInputRecords" : 75924,
      "mapOutputBytes" : 123438414,
      "mapOutputRecords" : 7457476,
      "combineInputRecords" : 12928916,
      "reduceInputGroups" : -1,
      "reduceInputRecords" : -1,
      "reduceShuffleBytes" : -1,
      "reduceOutputRecords" : -1,
      "spilledRecords" : 14000179,
      "mapInputBytes" : -1,
      "resourceUsageMetrics" : {
        "cumulativeCpuUsage" : 101770,
        "virtualMemoryUsage" : 1653911552,
        "physicalMemoryUsage" : 668573696,
        "heapUsage" : 578289664
      }
    } ],
    "finishTime" : 1404517553033,
    "preferredLocations" : [ {
      "layers" : [ "default-rack", "Master" ]
    }, {
      "layers" : [ "default-rack", "Slave6" ]
    }, {
      "layers" : [ "default-rack", "Slave7" ]
    } ],
    "taskType" : "MAP",
    "taskStatus" : "SUCCESS",
    "taskID" : "task_201407020230_0335_m_000030",
    "inputBytes" : 12414462,
    "inputRecords" : 75924,
    "outputBytes" : 278170162,
    "outputRecords" : 7457476
  }, {
    "startTime" : 1404517464986,
    "attempts" : [ {
      "result" : "SUCCESS",
      "location" : {
        "layers" : [ "default-rack", "Slave6" ]
      },
      "hostName" : "/default-rack/Slave6",
      "startTime" : 1404516284308,
      "finishTime" : 1404516370200,
      "attemptID" : "attempt_201407020230_0335_m_000032_0",
      "shuffleFinished" : -1,
      "sortFinished" : -1,
      "hdfsBytesRead" : 12396698,
      "hdfsBytesWritten" : -1,
      "fileBytesRead" : 205978067,
      "fileBytesWritten" : 282298439,
      "mapInputRecords" : 67855,
      "mapOutputBytes" : 124106798,
      "mapOutputRecords" : 7501090,
      "combineInputRecords" : 13066255,
      "reduceInputGroups" : -1,
      "reduceInputRecords" : -1,
      "reduceShuffleBytes" : -1,
      "reduceOutputRecords" : -1,
      "spilledRecords" : 14227739,
      "mapInputBytes" : -1,
      "resourceUsageMetrics" : {
        "cumulativeCpuUsage" : 97790,
        "virtualMemoryUsage" : 1652228096,
        "physicalMemoryUsage" : 645664768,
        "heapUsage" : 554172416
      }
    } ],
    "finishTime" : 1404517550921,
    "preferredLocations" : [ {
      "layers" : [ "default-rack", "Master" ]
    }, {
      "layers" : [ "default-rack", "Slave6" ]
    }, {
      "layers" : [ "default-rack", "Slave1" ]
    } ],
    "taskType" : "MAP",
    "taskStatus" : "SUCCESS",
    "taskID" : "task_201407020230_0335_m_000032",
    "inputBytes" : 12396698,
    "inputRecords" : 67855,
    "outputBytes" : 282298439,
    "outputRecords" : 7501090
  }, {
    "startTime" : 1404517466536,
    "attempts" : [ {
      "result" : "SUCCESS",
      "location" : {
        "layers" : [ "default-rack", "Slave3" ]
      },
      "hostName" : "/default-rack/Slave3",
      "startTime" : 1404516110127,
      "finishTime" : 1404516200313,
      "attemptID" : "attempt_201407020230_0335_m_000026_0",
      "shuffleFinished" : -1,
      "sortFinished" : -1,
      "hdfsBytesRead" : 12438192,
      "hdfsBytesWritten" : -1,
      "fileBytesRead" : 204350763,
      "fileBytesWritten" : 279853607,
      "mapInputRecords" : 74508,
      "mapOutputBytes" : 124039240,
      "mapOutputRecords" : 7500172,
      "combineInputRecords" : 13021355,
      "reduceInputGroups" : -1,
      "reduceInputRecords" : -1,
      "reduceShuffleBytes" : -1,
      "reduceOutputRecords" : -1,
      "spilledRecords" : 14100370,
      "mapInputBytes" : -1,
      "resourceUsageMetrics" : {
        "cumulativeCpuUsage" : 101440,
        "virtualMemoryUsage" : 1653248000,
        "physicalMemoryUsage" : 533008384,
        "heapUsage" : 552075264
      }
    } ],
    "finishTime" : 1404517556920,
    "preferredLocations" : [ {
      "layers" : [ "default-rack", "Master" ]
    }, {
      "layers" : [ "default-rack", "Slave5" ]
    }, {
      "layers" : [ "default-rack", "Slave3" ]
    } ],
    "taskType" : "MAP",
    "taskStatus" : "SUCCESS",
    "taskID" : "task_201407020230_0335_m_000026",
    "inputBytes" : 12438192,
    "inputRecords" : 74508,
    "outputBytes" : 279853607,
    "outputRecords" : 7500172
  }, {
    "startTime" : 1404517467002,
    "attempts" : [ {
      "result" : "SUCCESS",
      "location" : {
        "layers" : [ "default-rack", "Slave5" ]
      },
      "hostName" : "/default-rack/Slave5",
      "startTime" : 1404515837291,
      "finishTime" : 1404515926814,
      "attemptID" : "attempt_201407020230_0335_m_000029_0",
      "shuffleFinished" : -1,
      "sortFinished" : -1,
      "hdfsBytesRead" : 12430810,
      "hdfsBytesWritten" : -1,
      "fileBytesRead" : 205958371,
      "fileBytesWritten" : 282068006,
      "mapInputRecords" : 71270,
      "mapOutputBytes" : 124366770,
      "mapOutputRecords" : 7539188,
      "combineInputRecords" : 13113548,
      "reduceInputGroups" : -1,
      "reduceInputRecords" : -1,
      "reduceShuffleBytes" : -1,
      "reduceOutputRecords" : -1,
      "spilledRecords" : 14246284,
      "mapInputBytes" : -1,
      "resourceUsageMetrics" : {
        "cumulativeCpuUsage" : 101580,
        "virtualMemoryUsage" : 1653096448,
        "physicalMemoryUsage" : 541646848,
        "heapUsage" : 512229376
      }
    } ],
    "finishTime" : 1404517556735,
    "preferredLocations" : [ {
      "layers" : [ "default-rack", "Master" ]
    }, {
      "layers" : [ "default-rack", "Slave5" ]
    }, {
      "layers" : [ "default-rack", "Slave7" ]
    } ],
    "taskType" : "MAP",
    "taskStatus" : "SUCCESS",
    "taskID" : "task_201407020230_0335_m_000029",
    "inputBytes" : 12430810,
    "inputRecords" : 71270,
    "outputBytes" : 282068006,
    "outputRecords" : 7539188
  }, {
    "startTime" : 1404517508533,
    "attempts" : [ {
      "result" : "SUCCESS",
      "location" : {
        "layers" : [ "default-rack", "Slave4" ]
      },
      "hostName" : "/default-rack/Slave4",
      "startTime" : 1404428357208,
      "finishTime" : 1404428472020,
      "attemptID" : "attempt_201407020230_0335_m_000031_0",
      "shuffleFinished" : -1,
      "sortFinished" : -1,
      "hdfsBytesRead" : 12410911,
      "hdfsBytesWritten" : -1,
      "fileBytesRead" : 203095370,
      "fileBytesWritten" : 278162658,
      "mapInputRecords" : 69802,
      "mapOutputBytes" : 124147972,
      "mapOutputRecords" : 7521272,
      "combineInputRecords" : 13020642,
      "reduceInputGroups" : -1,
      "reduceInputRecords" : -1,
      "reduceShuffleBytes" : -1,
      "reduceOutputRecords" : -1,
      "spilledRecords" : 14047008,
      "mapInputBytes" : -1,
      "resourceUsageMetrics" : {
        "cumulativeCpuUsage" : 131700,
        "virtualMemoryUsage" : 1654894592,
        "physicalMemoryUsage" : 580648960,
        "heapUsage" : 509607936
      }
    } ],
    "finishTime" : 1404517623638,
    "preferredLocations" : [ {
      "layers" : [ "default-rack", "Master" ]
    }, {
      "layers" : [ "default-rack", "Slave4" ]
    }, {
      "layers" : [ "default-rack", "Slave1" ]
    } ],
    "taskType" : "MAP",
    "taskStatus" : "SUCCESS",
    "taskID" : "task_201407020230_0335_m_000031",
    "inputBytes" : 12410911,
    "inputRecords" : 69802,
    "outputBytes" : 278162658,
    "outputRecords" : 7521272
  }, {
    "startTime" : 1404517509139,
    "attempts" : [ {
      "result" : "SUCCESS",
      "location" : {
        "layers" : [ "default-rack", "Slave4" ]
      },
      "hostName" : "/default-rack/Slave4",
      "startTime" : 1404428357813,
      "finishTime" : 1404428475566,
      "attemptID" : "attempt_201407020230_0335_m_000027_0",
      "shuffleFinished" : -1,
      "sortFinished" : -1,
      "hdfsBytesRead" : 12435796,
      "hdfsBytesWritten" : -1,
      "fileBytesRead" : 204792236,
      "fileBytesWritten" : 280390728,
      "mapInputRecords" : 70277,
      "mapOutputBytes" : 124313206,
      "mapOutputRecords" : 7514770,
      "combineInputRecords" : 13049979,
      "reduceInputGroups" : -1,
      "reduceInputRecords" : -1,
      "reduceShuffleBytes" : -1,
      "reduceOutputRecords" : -1,
      "spilledRecords" : 14136965,
      "mapInputBytes" : -1,
      "resourceUsageMetrics" : {
        "cumulativeCpuUsage" : 134050,
        "virtualMemoryUsage" : 1650692096,
        "physicalMemoryUsage" : 708018176,
        "heapUsage" : 459276288
      }
    } ],
    "finishTime" : 1404517626964,
    "preferredLocations" : [ {
      "layers" : [ "default-rack", "Master" ]
    }, {
      "layers" : [ "default-rack", "Slave3" ]
    }, {
      "layers" : [ "default-rack", "Slave2" ]
    } ],
    "taskType" : "MAP",
    "taskStatus" : "SUCCESS",
    "taskID" : "task_201407020230_0335_m_000027",
    "inputBytes" : 12435796,
    "inputRecords" : 70277,
    "outputBytes" : 280390728,
    "outputRecords" : 7514770
  }, {
    "startTime" : 1404517538033,
    "attempts" : [ {
      "result" : "SUCCESS",
      "location" : {
        "layers" : [ "default-rack", "Slave7" ]
      },
      "hostName" : "/default-rack/Slave7",
      "startTime" : 1404517538077,
      "finishTime" : 1404517618837,
      "attemptID" : "attempt_201407020230_0335_m_000033_0",
      "shuffleFinished" : -1,
      "sortFinished" : -1,
      "hdfsBytesRead" : 12371929,
      "hdfsBytesWritten" : -1,
      "fileBytesRead" : 205161844,
      "fileBytesWritten" : 281297210,
      "mapInputRecords" : 68633,
      "mapOutputBytes" : 123912568,
      "mapOutputRecords" : 7508828,
      "combineInputRecords" : 13064049,
      "reduceInputGroups" : -1,
      "reduceInputRecords" : -1,
      "reduceShuffleBytes" : -1,
      "reduceOutputRecords" : -1,
      "spilledRecords" : 14209314,
      "mapInputBytes" : -1,
      "resourceUsageMetrics" : {
        "cumulativeCpuUsage" : 91840,
        "virtualMemoryUsage" : 1656655872,
        "physicalMemoryUsage" : 766324736,
        "heapUsage" : 502267904
      }
    }, {
      "result" : "KILLED",
      "location" : null,
      "hostName" : null,
      "startTime" : 1404515926416,
      "finishTime" : 1404515992135,
      "attemptID" : "attempt_201407020230_0335_m_000033_1",
      "shuffleFinished" : -1,
      "sortFinished" : -1,
      "hdfsBytesRead" : -1,
      "hdfsBytesWritten" : -1,
      "fileBytesRead" : -1,
      "fileBytesWritten" : -1,
      "mapInputRecords" : -1,
      "mapOutputBytes" : -1,
      "mapOutputRecords" : -1,
      "combineInputRecords" : -1,
      "reduceInputGroups" : -1,
      "reduceInputRecords" : -1,
      "reduceShuffleBytes" : -1,
      "reduceOutputRecords" : -1,
      "spilledRecords" : -1,
      "mapInputBytes" : -1,
      "resourceUsageMetrics" : {
        "cumulativeCpuUsage" : 0,
        "virtualMemoryUsage" : 0,
        "physicalMemoryUsage" : 0,
        "heapUsage" : 0
      }
    } ],
    "finishTime" : 1404517618853,
    "preferredLocations" : [ {
      "layers" : [ "default-rack", "Master" ]
    }, {
      "layers" : [ "default-rack", "Slave7" ]
    }, {
      "layers" : [ "default-rack", "Slave5" ]
    } ],
    "taskType" : "MAP",
    "taskStatus" : "SUCCESS",
    "taskID" : "task_201407020230_0335_m_000033",
    "inputBytes" : 12371929,
    "inputRecords" : 68633,
    "outputBytes" : 281297210,
    "outputRecords" : 7508828
  }, {
    "startTime" : 1404517541955,
    "attempts" : [ {
      "result" : "SUCCESS",
      "location" : {
        "layers" : [ "default-rack", "Slave7" ]
      },
      "hostName" : "/default-rack/Slave7",
      "startTime" : 1404517541998,
      "finishTime" : 1404517626036,
      "attemptID" : "attempt_201407020230_0335_m_000037_0",
      "shuffleFinished" : -1,
      "sortFinished" : -1,
      "hdfsBytesRead" : 12311829,
      "hdfsBytesWritten" : -1,
      "fileBytesRead" : 202350413,
      "fileBytesWritten" : 277421659,
      "mapInputRecords" : 67951,
      "mapOutputBytes" : 123101648,
      "mapOutputRecords" : 7431706,
      "combineInputRecords" : 12901126,
      "reduceInputGroups" : -1,
      "reduceInputRecords" : -1,
      "reduceShuffleBytes" : -1,
      "reduceOutputRecords" : -1,
      "spilledRecords" : 13977249,
      "mapInputBytes" : -1,
      "resourceUsageMetrics" : {
        "cumulativeCpuUsage" : 94570,
        "virtualMemoryUsage" : 1652752384,
        "physicalMemoryUsage" : 765341696,
        "heapUsage" : 488112128
      }
    } ],
    "finishTime" : 1404517626100,
    "preferredLocations" : [ {
      "layers" : [ "default-rack", "Master" ]
    }, {
      "layers" : [ "default-rack", "Slave6" ]
    }, {
      "layers" : [ "default-rack", "Slave7" ]
    } ],
    "taskType" : "MAP",
    "taskStatus" : "SUCCESS",
    "taskID" : "task_201407020230_0335_m_000037",
    "inputBytes" : 12311829,
    "inputRecords" : 67951,
    "outputBytes" : 277421659,
    "outputRecords" : 7431706
  }, {
    "startTime" : 1404517548270,
    "attempts" : [ {
      "result" : "SUCCESS",
      "location" : {
        "layers" : [ "default-rack", "Slave1" ]
      },
      "hostName" : "/default-rack/Slave1",
      "startTime" : 1404517134659,
      "finishTime" : 1404517230757,
      "attemptID" : "attempt_201407020230_0335_m_000028_0",
      "shuffleFinished" : -1,
      "sortFinished" : -1,
      "hdfsBytesRead" : 12433660,
      "hdfsBytesWritten" : -1,
      "fileBytesRead" : 203924936,
      "fileBytesWritten" : 279527619,
      "mapInputRecords" : 73689,
      "mapOutputBytes" : 123979654,
      "mapOutputRecords" : 7498062,
      "combineInputRecords" : 13010489,
      "reduceInputGroups" : -1,
      "reduceInputRecords" : -1,
      "reduceShuffleBytes" : -1,
      "reduceOutputRecords" : -1,
      "spilledRecords" : 14093734,
      "mapInputBytes" : -1,
      "resourceUsageMetrics" : {
        "cumulativeCpuUsage" : 109350,
        "virtualMemoryUsage" : 1652551680,
        "physicalMemoryUsage" : 836059136,
        "heapUsage" : 780140544
      }
    } ],
    "finishTime" : 1404517644568,
    "preferredLocations" : [ {
      "layers" : [ "default-rack", "Master" ]
    }, {
      "layers" : [ "default-rack", "Slave1" ]
    }, {
      "layers" : [ "default-rack", "Slave2" ]
    } ],
    "taskType" : "MAP",
    "taskStatus" : "SUCCESS",
    "taskID" : "task_201407020230_0335_m_000028",
    "inputBytes" : 12433660,
    "inputRecords" : 73689,
    "outputBytes" : 279527619,
    "outputRecords" : 7498062
  }, {
    "startTime" : 1404517548553,
    "attempts" : [ {
      "result" : "SUCCESS",
      "location" : {
        "layers" : [ "default-rack", "Master" ]
      },
      "hostName" : "/default-rack/Master",
      "startTime" : 1404517548556,
      "finishTime" : 1404517643889,
      "attemptID" : "attempt_201407020230_0335_m_000034_0",
      "shuffleFinished" : -1,
      "sortFinished" : -1,
      "hdfsBytesRead" : 12364757,
      "hdfsBytesWritten" : -1,
      "fileBytesRead" : 204423767,
      "fileBytesWritten" : 279941785,
      "mapInputRecords" : 65823,
      "mapOutputBytes" : 124117076,
      "mapOutputRecords" : 7526872,
      "combineInputRecords" : 13065752,
      "reduceInputGroups" : -1,
      "reduceInputRecords" : -1,
      "reduceShuffleBytes" : -1,
      "reduceOutputRecords" : -1,
      "spilledRecords" : 14150957,
      "mapInputBytes" : -1,
      "resourceUsageMetrics" : {
        "cumulativeCpuUsage" : 107280,
        "virtualMemoryUsage" : 1651429376,
        "physicalMemoryUsage" : 611635200,
        "heapUsage" : 700448768
      }
    }, {
      "result" : "KILLED",
      "location" : null,
      "hostName" : null,
      "startTime" : 1404516200507,
      "finishTime" : 1404516289408,
      "attemptID" : "attempt_201407020230_0335_m_000034_1",
      "shuffleFinished" : -1,
      "sortFinished" : -1,
      "hdfsBytesRead" : -1,
      "hdfsBytesWritten" : -1,
      "fileBytesRead" : -1,
      "fileBytesWritten" : -1,
      "mapInputRecords" : -1,
      "mapOutputBytes" : -1,
      "mapOutputRecords" : -1,
      "combineInputRecords" : -1,
      "reduceInputGroups" : -1,
      "reduceInputRecords" : -1,
      "reduceShuffleBytes" : -1,
      "reduceOutputRecords" : -1,
      "spilledRecords" : -1,
      "mapInputBytes" : -1,
      "resourceUsageMetrics" : {
        "cumulativeCpuUsage" : 0,
        "virtualMemoryUsage" : 0,
        "physicalMemoryUsage" : 0,
        "heapUsage" : 0
      }
    } ],
    "finishTime" : 1404517643916,
    "preferredLocations" : [ {
      "layers" : [ "default-rack", "Master" ]
    }, {
      "layers" : [ "default-rack", "Slave2" ]
    }, {
      "layers" : [ "default-rack", "Slave3" ]
    } ],
    "taskType" : "MAP",
    "taskStatus" : "SUCCESS",
    "taskID" : "task_201407020230_0335_m_000034",
    "inputBytes" : 12364757,
    "inputRecords" : 65823,
    "outputBytes" : 279941785,
    "outputRecords" : 7526872
  }, {
    "startTime" : 1404517549592,
    "attempts" : [ {
      "result" : "SUCCESS",
      "location" : {
        "layers" : [ "default-rack", "Slave5" ]
      },
      "hostName" : "/default-rack/Slave5",
      "startTime" : 1404515927020,
      "finishTime" : 1404516012641,
      "attemptID" : "attempt_201407020230_0335_m_000039_1",
      "shuffleFinished" : -1,
      "sortFinished" : -1,
      "hdfsBytesRead" : 12288755,
      "hdfsBytesWritten" : -1,
      "fileBytesRead" : 202194887,
      "fileBytesWritten" : 276858489,
      "mapInputRecords" : 64633,
      "mapOutputBytes" : 123285052,
      "mapOutputRecords" : 7452768,
      "combineInputRecords" : 12920893,
      "reduceInputGroups" : -1,
      "reduceInputRecords" : -1,
      "reduceShuffleBytes" : -1,
      "reduceOutputRecords" : -1,
      "spilledRecords" : 13957010,
      "mapInputBytes" : -1,
      "resourceUsageMetrics" : {
        "cumulativeCpuUsage" : 95870,
        "virtualMemoryUsage" : 1653096448,
        "physicalMemoryUsage" : 557797376,
        "heapUsage" : 445644800
      }
    }, {
      "result" : "KILLED",
      "location" : null,
      "hostName" : null,
      "startTime" : 1404518041845,
      "finishTime" : 1404518137200,
      "attemptID" : "attempt_201407020230_0335_m_000039_0",
      "shuffleFinished" : -1,
      "sortFinished" : -1,
      "hdfsBytesRead" : -1,
      "hdfsBytesWritten" : -1,
      "fileBytesRead" : -1,
      "fileBytesWritten" : -1,
      "mapInputRecords" : -1,
      "mapOutputBytes" : -1,
      "mapOutputRecords" : -1,
      "combineInputRecords" : -1,
      "reduceInputGroups" : -1,
      "reduceInputRecords" : -1,
      "reduceShuffleBytes" : -1,
      "reduceOutputRecords" : -1,
      "spilledRecords" : -1,
      "mapInputBytes" : -1,
      "resourceUsageMetrics" : {
        "cumulativeCpuUsage" : 0,
        "virtualMemoryUsage" : 0,
        "physicalMemoryUsage" : 0,
        "heapUsage" : 0
      }
    } ],
    "finishTime" : 1404517642395,
    "preferredLocations" : [ {
      "layers" : [ "default-rack", "Master" ]
    }, {
      "layers" : [ "default-rack", "Slave2" ]
    }, {
      "layers" : [ "default-rack", "Slave5" ]
    } ],
    "taskType" : "MAP",
    "taskStatus" : "SUCCESS",
    "taskID" : "task_201407020230_0335_m_000039",
    "inputBytes" : 12288755,
    "inputRecords" : 64633,
    "outputBytes" : 276858489,
    "outputRecords" : 7452768
  }, {
    "startTime" : 1404517550921,
    "attempts" : [ {
      "result" : "SUCCESS",
      "location" : {
        "layers" : [ "default-rack", "Slave6" ]
      },
      "hostName" : "/default-rack/Slave6",
      "startTime" : 1404516370239,
      "finishTime" : 1404516454947,
      "attemptID" : "attempt_201407020230_0335_m_000035_0",
      "shuffleFinished" : -1,
      "sortFinished" : -1,
      "hdfsBytesRead" : 12353033,
      "hdfsBytesWritten" : -1,
      "fileBytesRead" : 203772689,
      "fileBytesWritten" : 279169368,
      "mapInputRecords" : 68230,
      "mapOutputBytes" : 123737856,
      "mapOutputRecords" : 7499224,
      "combineInputRecords" : 13018424,
      "reduceInputGroups" : -1,
      "reduceInputRecords" : -1,
      "reduceShuffleBytes" : -1,
      "reduceOutputRecords" : -1,
      "spilledRecords" : 14099758,
      "mapInputBytes" : -1,
      "resourceUsageMetrics" : {
        "cumulativeCpuUsage" : 94350,
        "virtualMemoryUsage" : 1652228096,
        "physicalMemoryUsage" : 660443136,
        "heapUsage" : 571998208
      }
    } ],
    "finishTime" : 1404517635646,
    "preferredLocations" : [ {
      "layers" : [ "default-rack", "Master" ]
    }, {
      "layers" : [ "default-rack", "Slave6" ]
    }, {
      "layers" : [ "default-rack", "Slave1" ]
    } ],
    "taskType" : "MAP",
    "taskStatus" : "SUCCESS",
    "taskID" : "task_201407020230_0335_m_000035",
    "inputBytes" : 12353033,
    "inputRecords" : 68230,
    "outputBytes" : 279169368,
    "outputRecords" : 7499224
  }, {
    "startTime" : 1404517550971,
    "attempts" : [ {
      "result" : "SUCCESS",
      "location" : {
        "layers" : [ "default-rack", "Master" ]
      },
      "hostName" : "/default-rack/Master",
      "startTime" : 1404517550974,
      "finishTime" : 1404517645400,
      "attemptID" : "attempt_201407020230_0335_m_000036_0",
      "shuffleFinished" : -1,
      "sortFinished" : -1,
      "hdfsBytesRead" : 12328737,
      "hdfsBytesWritten" : -1,
      "fileBytesRead" : 202278131,
      "fileBytesWritten" : 277372579,
      "mapInputRecords" : 72713,
      "mapOutputBytes" : 123026920,
      "mapOutputRecords" : 7440636,
      "combineInputRecords" : 12910420,
      "reduceInputGroups" : -1,
      "reduceInputRecords" : -1,
      "reduceShuffleBytes" : -1,
      "reduceOutputRecords" : -1,
      "spilledRecords" : 13974952,
      "mapInputBytes" : -1,
      "resourceUsageMetrics" : {
        "cumulativeCpuUsage" : 105070,
        "virtualMemoryUsage" : 1654648832,
        "physicalMemoryUsage" : 691032064,
        "heapUsage" : 722993152
      }
    } ],
    "finishTime" : 1404517645425,
    "preferredLocations" : [ {
      "layers" : [ "default-rack", "Master" ]
    }, {
      "layers" : [ "default-rack", "Slave1" ]
    }, {
      "layers" : [ "default-rack", "Slave5" ]
    } ],
    "taskType" : "MAP",
    "taskStatus" : "SUCCESS",
    "taskID" : "task_201407020230_0335_m_000036",
    "inputBytes" : 12328737,
    "inputRecords" : 72713,
    "outputBytes" : 277372579,
    "outputRecords" : 7440636
  }, {
    "startTime" : 1404517551711,
    "attempts" : [ {
      "result" : "SUCCESS",
      "location" : {
        "layers" : [ "default-rack", "Slave2" ]
      },
      "hostName" : "/default-rack/Slave2",
      "startTime" : 1404518043964,
      "finishTime" : 1404518140870,
      "attemptID" : "attempt_201407020230_0335_m_000038_0",
      "shuffleFinished" : -1,
      "sortFinished" : -1,
      "hdfsBytesRead" : 12296939,
      "hdfsBytesWritten" : -1,
      "fileBytesRead" : 202047478,
      "fileBytesWritten" : 276946228,
      "mapInputRecords" : 68970,
      "mapOutputBytes" : 123053642,
      "mapOutputRecords" : 7451218,
      "combineInputRecords" : 12922118,
      "reduceInputGroups" : -1,
      "reduceInputRecords" : -1,
      "reduceShuffleBytes" : -1,
      "reduceOutputRecords" : -1,
      "spilledRecords" : 13980551,
      "mapInputBytes" : -1,
      "resourceUsageMetrics" : {
        "cumulativeCpuUsage" : 111150,
        "virtualMemoryUsage" : 1651941376,
        "physicalMemoryUsage" : 737193984,
        "heapUsage" : 740294656
      }
    }, {
      "result" : "KILLED",
      "location" : null,
      "hostName" : null,
      "startTime" : 1404516214114,
      "finishTime" : 1404516295431,
      "attemptID" : "attempt_201407020230_0335_m_000038_1",
      "shuffleFinished" : -1,
      "sortFinished" : -1,
      "hdfsBytesRead" : -1,
      "hdfsBytesWritten" : -1,
      "fileBytesRead" : -1,
      "fileBytesWritten" : -1,
      "mapInputRecords" : -1,
      "mapOutputBytes" : -1,
      "mapOutputRecords" : -1,
      "combineInputRecords" : -1,
      "reduceInputGroups" : -1,
      "reduceInputRecords" : -1,
      "reduceShuffleBytes" : -1,
      "reduceOutputRecords" : -1,
      "spilledRecords" : -1,
      "mapInputBytes" : -1,
      "resourceUsageMetrics" : {
        "cumulativeCpuUsage" : 0,
        "virtualMemoryUsage" : 0,
        "physicalMemoryUsage" : 0,
        "heapUsage" : 0
      }
    } ],
    "finishTime" : 1404517648629,
    "preferredLocations" : [ {
      "layers" : [ "default-rack", "Master" ]
    }, {
      "layers" : [ "default-rack", "Slave1" ]
    }, {
      "layers" : [ "default-rack", "Slave3" ]
    } ],
    "taskType" : "MAP",
    "taskStatus" : "SUCCESS",
    "taskID" : "task_201407020230_0335_m_000038",
    "inputBytes" : 12296939,
    "inputRecords" : 68970,
    "outputBytes" : 276946228,
    "outputRecords" : 7451218
  }, {
    "startTime" : 1404517551893,
    "attempts" : [ {
      "result" : "SUCCESS",
      "location" : {
        "layers" : [ "default-rack", "Slave1" ]
      },
      "hostName" : "/default-rack/Slave1",
      "startTime" : 1404517138282,
      "finishTime" : 1404517231380,
      "attemptID" : "attempt_201407020230_0335_m_000041_0",
      "shuffleFinished" : -1,
      "sortFinished" : -1,
      "hdfsBytesRead" : 11856605,
      "hdfsBytesWritten" : -1,
      "fileBytesRead" : 194179653,
      "fileBytesWritten" : 267472422,
      "mapInputRecords" : 63860,
      "mapOutputBytes" : 118874456,
      "mapOutputRecords" : 7200068,
      "combineInputRecords" : 12532993,
      "reduceInputGroups" : -1,
      "reduceInputRecords" : -1,
      "reduceShuffleBytes" : -1,
      "reduceOutputRecords" : -1,
      "spilledRecords" : 13505619,
      "mapInputBytes" : -1,
      "resourceUsageMetrics" : {
        "cumulativeCpuUsage" : 104230,
        "virtualMemoryUsage" : 1652498432,
        "physicalMemoryUsage" : 846082048,
        "heapUsage" : 723517440
      }
    } ],
    "finishTime" : 1404517645172,
    "preferredLocations" : [ {
      "layers" : [ "default-rack", "Master" ]
    }, {
      "layers" : [ "default-rack", "Slave7" ]
    }, {
      "layers" : [ "default-rack", "Slave1" ]
    } ],
    "taskType" : "MAP",
    "taskStatus" : "SUCCESS",
    "taskID" : "task_201407020230_0335_m_000041",
    "inputBytes" : 11856605,
    "inputRecords" : 63860,
    "outputBytes" : 267472422,
    "outputRecords" : 7200068
  }, {
    "startTime" : 1404517553034,
    "attempts" : [ {
      "result" : "SUCCESS",
      "location" : {
        "layers" : [ "default-rack", "Slave6" ]
      },
      "hostName" : "/default-rack/Slave6",
      "startTime" : 1404516372352,
      "finishTime" : 1404516458308,
      "attemptID" : "attempt_201407020230_0335_m_000040_0",
      "shuffleFinished" : -1,
      "sortFinished" : -1,
      "hdfsBytesRead" : 12075278,
      "hdfsBytesWritten" : -1,
      "fileBytesRead" : 199680491,
      "fileBytesWritten" : 274012484,
      "mapInputRecords" : 63723,
      "mapOutputBytes" : 121122984,
      "mapOutputRecords" : 7324142,
      "combineInputRecords" : 12728708,
      "reduceInputGroups" : -1,
      "reduceInputRecords" : -1,
      "reduceShuffleBytes" : -1,
      "reduceOutputRecords" : -1,
      "spilledRecords" : 13816398,
      "mapInputBytes" : -1,
      "resourceUsageMetrics" : {
        "cumulativeCpuUsage" : 96240,
        "virtualMemoryUsage" : 1653911552,
        "physicalMemoryUsage" : 703193088,
        "heapUsage" : 525860864
      }
    } ],
    "finishTime" : 1404517639267,
    "preferredLocations" : [ {
      "layers" : [ "default-rack", "Master" ]
    }, {
      "layers" : [ "default-rack", "Slave5" ]
    }, {
      "layers" : [ "default-rack", "Slave7" ]
    } ],
    "taskType" : "MAP",
    "taskStatus" : "SUCCESS",
    "taskID" : "task_201407020230_0335_m_000040",
    "inputBytes" : 12075278,
    "inputRecords" : 63723,
    "outputBytes" : 274012484,
    "outputRecords" : 7324142
  }, {
    "startTime" : 1404517556013,
    "attempts" : [ {
      "result" : "SUCCESS",
      "location" : {
        "layers" : [ "default-rack", "Slave3" ]
      },
      "hostName" : "/default-rack/Slave3",
      "startTime" : 1404516199600,
      "finishTime" : 1404516213916,
      "attemptID" : "attempt_201407020230_0335_m_000042_0",
      "shuffleFinished" : -1,
      "sortFinished" : -1,
      "hdfsBytesRead" : 2128092,
      "hdfsBytesWritten" : -1,
      "fileBytesRead" : 18622477,
      "fileBytesWritten" : 34439939,
      "mapInputRecords" : 11585,
      "mapOutputBytes" : 21375000,
      "mapOutputRecords" : 1302192,
      "combineInputRecords" : 2259107,
      "reduceInputGroups" : -1,
      "reduceInputRecords" : -1,
      "reduceShuffleBytes" : -1,
      "reduceOutputRecords" : -1,
      "spilledRecords" : 1745974,
      "mapInputBytes" : -1,
      "resourceUsageMetrics" : {
        "cumulativeCpuUsage" : 16420,
        "virtualMemoryUsage" : 1650741248,
        "physicalMemoryUsage" : 760135680,
        "heapUsage" : 624427008
      }
    } ],
    "finishTime" : 1404517570527,
    "preferredLocations" : [ {
      "layers" : [ "default-rack", "Master" ]
    }, {
      "layers" : [ "default-rack", "Slave3" ]
    }, {
      "layers" : [ "default-rack", "Slave1" ]
    } ],
    "taskType" : "MAP",
    "taskStatus" : "SUCCESS",
    "taskID" : "task_201407020230_0335_m_000042",
    "inputBytes" : 2128092,
    "inputRecords" : 11585,
    "outputBytes" : 34439939,
    "outputRecords" : 1302192
  } ],
  "finishTime" : 1404518131144,
  "reduceTasks" : [ {
    "startTime" : 1404517451973,
    "attempts" : [ {
      "result" : "SUCCESS",
      "location" : {
        "layers" : [ "default-rack", "Slave1" ]
      },
      "hostName" : "/default-rack/Slave1",
      "startTime" : 1404517038364,
      "finishTime" : 1404517698196,
      "attemptID" : "attempt_201407020230_0335_r_000000_0",
      "shuffleFinished" : 1404517259509,
      "sortFinished" : 1404517285069,
      "hdfsBytesRead" : -1,
      "hdfsBytesWritten" : 166885144,
      "fileBytesRead" : 1149334012,
      "fileBytesWritten" : 1149393387,
      "mapInputRecords" : -1,
      "mapOutputBytes" : -1,
      "mapOutputRecords" : -1,
      "combineInputRecords" : 49260513,
      "reduceInputGroups" : 28321372,
      "reduceInputRecords" : 44350564,
      "reduceShuffleBytes" : 1069534962,
      "reduceOutputRecords" : 28321372,
      "spilledRecords" : 54472658,
      "mapInputBytes" : -1,
      "resourceUsageMetrics" : {
        "cumulativeCpuUsage" : 628360,
        "virtualMemoryUsage" : 904134656,
        "physicalMemoryUsage" : 394633216,
        "heapUsage" : 314048512
      }
    } ],
    "finishTime" : 1404518111988,
    "preferredLocations" : [ ],
    "taskType" : "REDUCE",
    "taskStatus" : "SUCCESS",
    "taskID" : "task_201407020230_0335_r_000000",
    "inputBytes" : 1069534962,
    "inputRecords" : 44350564,
    "outputBytes" : 166885144,
    "outputRecords" : 28321372
  }, {
    "startTime" : 1404517451995,
    "attempts" : [ {
      "result" : "SUCCESS",
      "location" : {
        "layers" : [ "default-rack", "Master" ]
      },
      "hostName" : "/default-rack/Master",
      "startTime" : 1404517451998,
      "finishTime" : 1404518129846,
      "attemptID" : "attempt_201407020230_0335_r_000001_0",
      "shuffleFinished" : 1404517665322,
      "sortFinished" : 1404517689149,
      "hdfsBytesRead" : -1,
      "hdfsBytesWritten" : 166851568,
      "fileBytesRead" : 1111634228,
      "fileBytesWritten" : 1111693603,
      "mapInputRecords" : -1,
      "mapOutputBytes" : -1,
      "mapOutputRecords" : -1,
      "combineInputRecords" : 48080928,
      "reduceInputGroups" : 28316081,
      "reduceInputRecords" : 44665757,
      "reduceShuffleBytes" : 1069915783,
      "reduceOutputRecords" : 28316081,
      "spilledRecords" : 52713686,
      "mapInputBytes" : -1,
      "resourceUsageMetrics" : {
        "cumulativeCpuUsage" : 640380,
        "virtualMemoryUsage" : 894197760,
        "physicalMemoryUsage" : 385576960,
        "heapUsage" : 314048512
      }
    } ],
    "finishTime" : 1404518129935,
    "preferredLocations" : [ ],
    "taskType" : "REDUCE",
    "taskStatus" : "SUCCESS",
    "taskID" : "task_201407020230_0335_r_000001",
    "inputBytes" : 1069915783,
    "inputRecords" : 44665757,
    "outputBytes" : 166851568,
    "outputRecords" : 28316081
  }, {
    "startTime" : 1404517452016,
    "attempts" : [ {
      "result" : "SUCCESS",
      "location" : {
        "layers" : [ "default-rack", "Slave5" ]
      },
      "hostName" : "/default-rack/Slave5",
      "startTime" : 1404515822306,
      "finishTime" : 1404516414634,
      "attemptID" : "attempt_201407020230_0335_r_000002_0",
      "shuffleFinished" : 1404516045800,
      "sortFinished" : 1404516076533,
      "hdfsBytesRead" : -1,
      "hdfsBytesWritten" : 166861889,
      "fileBytesRead" : 1222228447,
      "fileBytesWritten" : 1222287822,
      "mapInputRecords" : -1,
      "mapOutputBytes" : -1,
      "mapOutputRecords" : -1,
      "combineInputRecords" : 51691879,
      "reduceInputGroups" : 28319200,
      "reduceInputRecords" : 44079739,
      "reduceShuffleBytes" : 1069752227,
      "reduceOutputRecords" : 28319200,
      "spilledRecords" : 57968384,
      "mapInputBytes" : -1,
      "resourceUsageMetrics" : {
        "cumulativeCpuUsage" : 568740,
        "virtualMemoryUsage" : 902553600,
        "physicalMemoryUsage" : 386785280,
        "heapUsage" : 312475648
      }
    }, {
      "result" : "KILLED",
      "location" : null,
      "hostName" : null,
      "startTime" : 1404516518519,
      "finishTime" : 1404516867674,
      "attemptID" : "attempt_201407020230_0335_r_000002_1",
      "shuffleFinished" : -1,
      "sortFinished" : -1,
      "hdfsBytesRead" : -1,
      "hdfsBytesWritten" : -1,
      "fileBytesRead" : -1,
      "fileBytesWritten" : -1,
      "mapInputRecords" : -1,
      "mapOutputBytes" : -1,
      "mapOutputRecords" : -1,
      "combineInputRecords" : -1,
      "reduceInputGroups" : -1,
      "reduceInputRecords" : -1,
      "reduceShuffleBytes" : -1,
      "reduceOutputRecords" : -1,
      "spilledRecords" : -1,
      "mapInputBytes" : -1,
      "resourceUsageMetrics" : {
        "cumulativeCpuUsage" : 0,
        "virtualMemoryUsage" : 0,
        "physicalMemoryUsage" : 0,
        "heapUsage" : 0
      }
    } ],
    "finishTime" : 1404518044595,
    "preferredLocations" : [ ],
    "taskType" : "REDUCE",
    "taskStatus" : "SUCCESS",
    "taskID" : "task_201407020230_0335_r_000002",
    "inputBytes" : 1069752227,
    "inputRecords" : 44079739,
    "outputBytes" : 166861889,
    "outputRecords" : 28319200
  } ],
  "submitTime" : 1404517333673,
  "queue" : "default",
  "jobProperties" : {
    "fs.s3n.impl" : "org.apache.hadoop.fs.s3native.NativeS3FileSystem",
    "mapred.task.cache.levels" : "2",
    "mapreduce.job.restart.recover" : "true",
    "mapreduce.job.counters.max" : "120",
    "dfs.client.use.datanode.hostname" : "false",
    "hadoop.tmp.dir" : "/tmp/hadoop-${user.name}",
    "hadoop.native.lib" : "true",
    "map.sort.class" : "org.apache.hadoop.util.QuickSort",
    "dfs.namenode.decommission.nodes.per.interval" : "5",
    "dfs.https.need.client.auth" : "false",
    "dfs.datanode.drop.cache.behind.writes" : "false",
    "ipc.client.idlethreshold" : "4000",
    "mapred.system.dir" : "${hadoop.tmp.dir}/mapred/system",
    "dfs.datanode.data.dir.perm" : "755",
    "mapred.job.tracker.persist.jobstatus.hours" : "0",
    "dfs.namenode.logging.level" : "info",
    "dfs.datanode.address" : "0.0.0.0:50010",
    "io.skip.checksum.errors" : "false",
    "dfs.block.access.token.enable" : "false",
    "fs.default.name" : "hdfs://Master:9000",
    "mapred.cluster.reduce.memory.mb" : "-1",
    "mapred.reducer.new-api" : "true",
    "mapred.child.tmp" : "./tmp",
    "fs.har.impl.disable.cache" : "true",
    "dfs.safemode.threshold.pct" : "0.999f",
    "mapred.skip.reduce.max.skip.groups" : "0",
    "mapred.heartbeats.in.second" : "100",
    "dfs.namenode.handler.count" : "10",
    "dfs.blockreport.initialDelay" : "0",
    "mapred.tasktracker.dns.nameserver" : "default",
    "io.sort.factor" : "10",
    "dfs.datanode.drop.cache.behind.reads" : "false",
    "mapred.task.timeout" : "600000",
    "mapred.max.tracker.failures" : "4",
    "hadoop.rpc.socket.factory.class.default" : "org.apache.hadoop.net.StandardSocketFactory",
    "mapred.job.tracker.jobhistory.lru.cache.size" : "5",
    "fs.hdfs.impl" : "org.apache.hadoop.hdfs.DistributedFileSystem",
    "mapred.queue.default.acl-administer-jobs" : "*",
    "dfs.namenode.stale.datanode.interval" : "30000",
    "mapred.output.key.class" : "WordPair",
    "dfs.block.access.key.update.interval" : "600",
    "mapred.skip.map.auto.incr.proc.count" : "true",
    "mapreduce.job.complete.cancel.delegation.tokens" : "true",
    "io.mapfile.bloom.size" : "1048576",
    "mapreduce.reduce.shuffle.connect.timeout" : "180000",
    "dfs.safemode.extension" : "30000",
    "mapred.jobtracker.blacklist.fault-timeout-window" : "180",
    "dfs.namenode.write.stale.datanode.ratio" : "0.5f",
    "hadoop.skip.worker.version.check" : "false",
    "tasktracker.http.threads" : "40",
    "net.topology.impl" : "org.apache.hadoop.net.NetworkTopology",
    "mapred.job.shuffle.merge.percent" : "0.5",
    "fs.ftp.impl" : "org.apache.hadoop.fs.ftp.FTPFileSystem",
    "user.name" : "trend-hadoop",
    "dfs.namenode.kerberos.internal.spnego.principal" : "${dfs.web.authentication.kerberos.principal}",
    "mapred.output.compress" : "true",
    "io.bytes.per.checksum" : "512",
    "mapred.combine.recordsBeforeProgress" : "10000",
    "mapred.healthChecker.script.timeout" : "600000",
    "topology.node.switch.mapping.impl" : "org.apache.hadoop.net.ScriptBasedMapping",
    "dfs.https.server.keystore.resource" : "ssl-server.xml",
    "mapred.reduce.slowstart.completed.maps" : "0.05",
    "mapred.reduce.max.attempts" : "4",
    "dfs.namenode.safemode.min.datanodes" : "0",
    "mapreduce.ifile.readahead.bytes" : "4194304",
    "fs.ramfs.impl" : "org.apache.hadoop.fs.InMemoryFileSystem",
    "dfs.block.access.token.lifetime" : "600",
    "mapred.skip.map.max.skip.records" : "0",
    "dfs.name.edits.dir" : "${dfs.name.dir}",
    "mapred.cluster.map.memory.mb" : "-1",
    "hadoop.security.group.mapping" : "org.apache.hadoop.security.ShellBasedUnixGroupsMapping",
    "mapred.job.tracker.persist.jobstatus.dir" : "/jobtracker/jobsInfo",
    "mapred.jar" : "hdfs://Master:9000/tmp/hadoop-trend-hadoop/mapred/staging/trend-hadoop/.staging/job_201407020230_0335/job.jar",
    "fs.s3.buffer.dir" : "${hadoop.tmp.dir}/s3",
    "dfs.block.size" : "67108864",
    "job.end.retry.attempts" : "0",
    "fs.file.impl" : "org.apache.hadoop.fs.LocalFileSystem",
    "dfs.namenode.avoid.write.stale.datanode" : "false",
    "dfs.datanode.max.xcievers" : "4096",
    "mapred.local.dir.minspacestart" : "0",
    "mapred.output.compression.type" : "RECORD",
    "dfs.datanode.ipc.address" : "0.0.0.0:50020",
    "dfs.permissions" : "true",
    "topology.script.number.args" : "100",
    "mapreduce.job.counters.groups.max" : "50",
    "io.mapfile.bloom.error.rate" : "0.005",
    "mapred.cluster.max.reduce.memory.mb" : "-1",
    "mapred.max.tracker.blacklists" : "4",
    "mapred.task.profile.maps" : "0-2",
    "mapred.jobtracker.jobSchedulable" : "org.apache.hadoop.mapred.JobSchedulable",
    "dfs.datanode.https.address" : "0.0.0.0:50475",
    "mapred.userlog.retain.hours" : "24",
    "dfs.secondary.http.address" : "0.0.0.0:50090",
    "dfs.namenode.replication.work.multiplier.per.iteration" : "2",
    "dfs.replication.max" : "512",
    "mapred.job.tracker.persist.jobstatus.active" : "false",
    "hadoop.security.authorization" : "false",
    "local.cache.size" : "10737418240",
    "mapred.min.split.size" : "268435456",
    "dfs.namenode.delegation.token.renew-interval" : "86400000",
    "mapred.map.tasks" : "43",
    "mapred.child.java.opts" : "-Xmx200m",
    "mapred.output.value.class" : "org.apache.hadoop.io.IntWritable",
    "dfs.https.client.keystore.resource" : "ssl-client.xml",
    "ipc.client.fallback-to-simple-auth-allowed" : "false",
    "mapred.job.queue.name" : "default",
    "mapred.job.tracker.retiredjobs.cache.size" : "1000",
    "dfs.https.address" : "0.0.0.0:50470",
    "dfs.balance.bandwidthPerSec" : "1048576",
    "ipc.server.listen.queue.size" : "128",
    "dfs.namenode.invalidate.work.pct.per.iteration" : "0.32f",
    "mapred.inmem.merge.threshold" : "1100",
    "job.end.retry.interval" : "30000",
    "mapred.skip.attempts.to.start.skipping" : "2",
    "mapreduce.tasktracker.outofband.heartbeat.damper" : "1000000",
    "hadoop.security.use-weak-http-crypto" : "false",
    "fs.checkpoint.dir" : "${hadoop.tmp.dir}/dfs/namesecondary",
    "dfs.namenode.avoid.read.stale.datanode" : "false",
    "mapred.reduce.tasks" : "3",
    "mapred.merge.recordsBeforeProgress" : "10000",
    "mapred.userlog.limit.kb" : "0",
    "mapred.job.reduce.memory.mb" : "-1",
    "webinterface.private.actions" : "false",
    "dfs.max.objects" : "0",
    "hadoop.security.token.service.use_ip" : "true",
    "io.sort.spill.percent" : "0.6",
    "mapred.job.shuffle.input.buffer.percent" : "0.5",
    "mapred.map.tasks.speculative.execution" : "true",
    "hadoop.http.authentication.type" : "simple",
    "mapred.job.name" : "pairs-co-occur",
    "hadoop.util.hash.type" : "murmur",
    "dfs.datanode.dns.nameserver" : "default",
    "hadoop.security.instrumentation.requires.admin" : "false",
    "dfs.blockreport.intervalMsec" : "3600000",
    "dfs.datanode.readahead.bytes" : "4193404",
    "mapred.map.max.attempts" : "4",
    "mapreduce.job.acl-view-job" : " ",
    "mapreduce.ifile.readahead" : "true",
    "mapred.jobtracker.nodegroup.aware" : "false",
    "mapred.job.tracker.handler.count" : "10",
    "dfs.client.block.write.retries" : "3",
    "mapreduce.reduce.shuffle.read.timeout" : "180000",
    "mapred.tasktracker.expiry.interval" : "600000",
    "dfs.secondary.namenode.kerberos.internal.spnego.principal" : "${dfs.web.authentication.kerberos.principal}",
    "dfs.https.enable" : "false",
    "mapred.jobtracker.job.history.block.size" : "3145728",
    "mapred.jobtracker.maxtasks.per.job" : "-1",
    "keep.failed.task.files" : "false",
    "dfs.datanode.use.datanode.hostname" : "false",
    "dfs.datanode.failed.volumes.tolerated" : "0",
    "ipc.client.tcpnodelay" : "false",
    "mapred.task.profile.reduces" : "0-2",
    "io.map.index.skip" : "0",
    "mapred.output.compression.codec" : "org.apache.hadoop.io.compress.DefaultCodec",
    "hadoop.http.authentication.token.validity" : "36000",
    "ipc.server.tcpnodelay" : "false",
    "hadoop.jetty.logs.serve.aliases" : "true",
    "mapred.working.dir" : "hdfs://Master:9000/user/trend-hadoop",
    "mapred.jobtracker.blacklist.fault-bucket-width" : "15",
    "dfs.namenode.delegation.key.update-interval" : "86400000",
    "mapred.used.genericoptionsparser" : "true",
    "mapred.job.map.memory.mb" : "-1",
    "mapred.mapper.new-api" : "true",
    "dfs.default.chunk.view.size" : "32768",
    "hadoop.logfile.size" : "10000000",
    "mapred.reduce.tasks.speculative.execution" : "true",
    "mapreduce.tasktracker.outofband.heartbeat" : "false",
    "mapreduce.job.dir" : "hdfs://Master:9000/tmp/hadoop-trend-hadoop/mapred/staging/trend-hadoop/.staging/job_201407020230_0335",
    "mapreduce.reduce.input.limit" : "-1",
    "dfs.datanode.du.reserved" : "0",
    "dfs.datanode.sync.behind.writes" : "false",
    "hadoop.security.authentication" : "simple",
    "fs.checkpoint.period" : "3600",
    "mapred.job.reuse.jvm.num.tasks" : "16",
    "dfs.web.ugi" : "webuser,webgroup",
    "mapred.jobtracker.completeuserjobs.maximum" : "100",
    "dfs.df.interval" : "60000",
    "mapred.task.tracker.task-controller" : "org.apache.hadoop.mapred.DefaultTaskController",
    "dfs.data.dir" : "${hadoop.tmp.dir}/dfs/data",
    "fs.s3.maxRetries" : "4",
    "dfs.datanode.dns.interface" : "default",
    "mapred.cluster.max.map.memory.mb" : "-1",
    "mapreduce.reduce.shuffle.maxfetchfailures" : "10",
    "mapred.map.child.java.opts" : "-Xmx1000M",
    "mapreduce.job.acl-modify-job" : " ",
    "fs.hftp.impl" : "org.apache.hadoop.hdfs.HftpFileSystem",
    "mapred.local.dir" : "${hadoop.tmp.dir}/mapred/local",
    "dfs.permissions.supergroup" : "supergroup",
    "fs.s3.sleepTimeSeconds" : "10",
    "fs.trash.interval" : "0",
    "mapred.submit.replication" : "10",
    "dfs.replication.min" : "1",
    "fs.har.impl" : "org.apache.hadoop.fs.HarFileSystem",
    "hadoop.relaxed.worker.version.check" : "false",
    "mapred.map.output.compression.codec" : "org.apache.hadoop.io.compress.DefaultCodec",
    "mapred.tasktracker.dns.interface" : "default",
    "dfs.http.address" : "0.0.0.0:50070",
    "dfs.namenode.decommission.interval" : "30",
    "mapred.job.tracker" : "Master:9001",
    "dfs.heartbeat.interval" : "3",
    "hadoop.http.authentication.signature.secret.file" : "${user.home}/hadoop-http-auth-signature-secret",
    "io.seqfile.sorter.recordlimit" : "1000000",
    "mapreduce.job.submithost" : "Master",
    "dfs.name.dir" : "${hadoop.tmp.dir}/dfs/name",
    "mapred.jobtracker.taskScheduler" : "org.apache.hadoop.mapred.JobQueueTaskScheduler",
    "mapred.line.input.format.linespermap" : "1",
    "dfs.datanode.http.address" : "0.0.0.0:50075",
    "fs.webhdfs.impl" : "org.apache.hadoop.hdfs.web.WebHdfsFileSystem",
    "mapred.local.dir.minspacekill" : "0",
    "dfs.image.transfer.bandwidthPerSec" : "0",
    "dfs.replication.interval" : "3",
    "io.sort.record.percent" : "0.04",
    "hadoop.http.authentication.kerberos.principal" : "HTTP/localhost@LOCALHOST",
    "mapreduce.reduce.class" : "PairsReducer",
    "fs.kfs.impl" : "org.apache.hadoop.fs.kfs.KosmosFileSystem",
    "mapred.tasktracker.reduce.tasks.maximum" : "3",
    "mapred.temp.dir" : "${hadoop.tmp.dir}/mapred/temp",
    "dfs.replication" : "3",
    "fs.checkpoint.edits.dir" : "${fs.checkpoint.dir}",
    "mapreduce.jobhistory.max-age-ms" : "2592000000",
    "mapred.tasktracker.tasks.sleeptime-before-sigkill" : "5000",
    "mapred.job.reduce.input.buffer.percent" : "0.9",
    "mapred.tasktracker.indexcache.mb" : "10",
    "dfs.webhdfs.enabled" : "false",
    "mapreduce.job.split.metainfo.maxsize" : "10000000",
    "hadoop.logfile.count" : "10",
    "mapred.skip.reduce.auto.incr.proc.count" : "true",
    "mapreduce.job.submithostaddress" : "192.168.168.50",
    "io.seqfile.compress.blocksize" : "1000000",
    "fs.s3.block.size" : "67108864",
    "mapred.tasktracker.taskmemorymanager.monitoring-interval" : "5000",
    "hadoop.http.authentication.simple.anonymous.allowed" : "true",
    "mapreduce.jobtracker.staging.root.dir" : "${hadoop.tmp.dir}/mapred/staging",
    "mapred.acls.enabled" : "false",
    "mapred.queue.default.state" : "RUNNING",
    "mapred.queue.names" : "default",
    "fs.hsftp.impl" : "org.apache.hadoop.hdfs.HsftpFileSystem",
    "dfs.access.time.precision" : "3600000",
    "mapred.task.tracker.http.address" : "0.0.0.0:50060",
    "mapreduce.combine.class" : "PairsReducer",
    "io.seqfile.lazydecompress" : "true",
    "mapred.reduce.parallel.copies" : "5",
    "mapred.disk.healthChecker.interval" : "60000",
    "mapred.output.dir" : "/wiki-out",
    "ipc.client.connection.maxidletime" : "10000",
    "io.sort.mb" : "100",
    "mapred.reduce.child.java.opts" : "-Xmx300M",
    "mapred.task.tracker.report.address" : "127.0.0.1:0",
    "hadoop.security.uid.cache.secs" : "14400",
    "mapred.compress.map.output" : "false",
    "ipc.client.kill.max" : "10",
    "mapred.healthChecker.interval" : "60000",
    "ipc.client.connect.max.retries" : "10",
    "mapreduce.map.class" : "PairsOccurrenceMapper",
    "fs.s3.impl" : "org.apache.hadoop.fs.s3.S3FileSystem",
    "mapred.user.jobconf.limit" : "5242880",
    "mapreduce.job.counters.group.name.max" : "128",
    "mapred.job.tracker.http.address" : "0.0.0.0:50030",
    "mapred.input.dir" : "hdfs://Master:9000/wiki-in500M",
    "io.file.buffer.size" : "4096",
    "mapred.jobtracker.restart.recover" : "false",
    "io.serializations" : "org.apache.hadoop.io.serializer.WritableSerialization",
    "mapred.task.profile" : "false",
    "dfs.datanode.handler.count" : "3",
    "mapreduce.input.num.files" : "43",
    "mapreduce.jobhistory.cleaner.interval-ms" : "86400000",
    "dfs.replication.considerLoad" : "true",
    "jobclient.output.filter" : "FAILED",
    "dfs.namenode.edits.toleration.length" : "0",
    "hadoop.http.authentication.kerberos.keytab" : "${user.home}/hadoop.keytab",
    "dfs.namenode.delegation.token.max-lifetime" : "604800000",
    "mapred.tasktracker.map.tasks.maximum" : "1",
    "fs.checkpoint.size" : "67108864",
    "io.compression.codecs" : "org.apache.hadoop.io.compress.DefaultCodec,org.apache.hadoop.io.compress.GzipCodec,org.apache.hadoop.io.compress.BZip2Codec,org.apache.hadoop.io.compress.SnappyCodec",
    "mapreduce.job.counters.counter.name.max" : "64"
  },
  "computonsPerMapInputByte" : -1,
  "computonsPerMapOutputByte" : -1,
  "computonsPerReduceInputByte" : -1,
  "computonsPerReduceOutputByte" : -1,
  "heapMegabytes" : 200,
  "outcome" : "SUCCESS",
  "jobtype" : "JAVA",
  "directDependantJobs" : [ ],
  "successfulMapAttemptCDFs" : [ {
    "minimum" : 14316,
    "maximum" : 173074,
    "rankings" : [ {
      "datum" : 80760,
      "relativeRanking" : 0.05
    }, {
      "datum" : 84038,
      "relativeRanking" : 0.1
    }, {
      "datum" : 85621,
      "relativeRanking" : 0.15
    }, {
      "datum" : 87400,
      "relativeRanking" : 0.2
    }, {
      "datum" : 89523,
      "relativeRanking" : 0.25
    }, {
      "datum" : 92484,
      "relativeRanking" : 0.3
    }, {
      "datum" : 93098,
      "relativeRanking" : 0.35
    }, {
      "datum" : 95333,
      "relativeRanking" : 0.4
    }, {
      "datum" : 96098,
      "relativeRanking" : 0.45
    }, {
      "datum" : 97693,
      "relativeRanking" : 0.5
    }, {
      "datum" : 98111,
      "relativeRanking" : 0.55
    }, {
      "datum" : 112387,
      "relativeRanking" : 0.6
    }, {
      "datum" : 115349,
      "relativeRanking" : 0.65
    }, {
      "datum" : 116994,
      "relativeRanking" : 0.7
    }, {
      "datum" : 118566,
      "relativeRanking" : 0.75
    }, {
      "datum" : 119230,
      "relativeRanking" : 0.8
    }, {
      "datum" : 127601,
      "relativeRanking" : 0.85
    }, {
      "datum" : 128830,
      "relativeRanking" : 0.9
    }, {
      "datum" : 131140,
      "relativeRanking" : 0.95
    } ],
    "numberValues" : 40
  }, {
    "minimum" : 85956,
    "maximum" : 117753,
    "rankings" : [ {
      "datum" : 85956,
      "relativeRanking" : 0.05
    }, {
      "datum" : 85956,
      "relativeRanking" : 0.1
    }, {
      "datum" : 85956,
      "relativeRanking" : 0.15
    }, {
      "datum" : 85956,
      "relativeRanking" : 0.2
    }, {
      "datum" : 85956,
      "relativeRanking" : 0.25
    }, {
      "datum" : 85956,
      "relativeRanking" : 0.3
    }, {
      "datum" : 85956,
      "relativeRanking" : 0.35
    }, {
      "datum" : 85956,
      "relativeRanking" : 0.4
    }, {
      "datum" : 85956,
      "relativeRanking" : 0.45
    }, {
      "datum" : 85956,
      "relativeRanking" : 0.5
    }, {
      "datum" : 85956,
      "relativeRanking" : 0.55
    }, {
      "datum" : 85956,
      "relativeRanking" : 0.6
    }, {
      "datum" : 85956,
      "relativeRanking" : 0.65
    }, {
      "datum" : 96906,
      "relativeRanking" : 0.7
    }, {
      "datum" : 96906,
      "relativeRanking" : 0.75
    }, {
      "datum" : 96906,
      "relativeRanking" : 0.8
    }, {
      "datum" : 96906,
      "relativeRanking" : 0.85
    }, {
      "datum" : 96906,
      "relativeRanking" : 0.9
    }, {
      "datum" : 96906,
      "relativeRanking" : 0.95
    } ],
    "numberValues" : 3
  }, {
    "minimum" : -9223372036854775808,
    "maximum" : 9223372036854775807,
    "rankings" : [ ],
    "numberValues" : 0
  }, {
    "minimum" : -9223372036854775808,
    "maximum" : 9223372036854775807,
    "rankings" : [ ],
    "numberValues" : 0
  } ],
  "failedMapAttemptCDFs" : [ {
    "minimum" : -9223372036854775808,
    "maximum" : 9223372036854775807,
    "rankings" : [ ],
    "numberValues" : 0
  }, {
    "minimum" : -9223372036854775808,
    "maximum" : 9223372036854775807,
    "rankings" : [ ],
    "numberValues" : 0
  }, {
    "minimum" : -9223372036854775808,
    "maximum" : 9223372036854775807,
    "rankings" : [ ],
    "numberValues" : 0
  }, {
    "minimum" : -9223372036854775808,
    "maximum" : 9223372036854775807,
    "rankings" : [ ],
    "numberValues" : 0
  } ],
  "successfulReduceAttemptCDF" : {
    "minimum" : 592328,
    "maximum" : 677848,
    "rankings" : [ {
      "datum" : 592328,
      "relativeRanking" : 0.05
    }, {
      "datum" : 592328,
      "relativeRanking" : 0.1
    }, {
      "datum" : 592328,
      "relativeRanking" : 0.15
    }, {
      "datum" : 592328,
      "relativeRanking" : 0.2
    }, {
      "datum" : 592328,
      "relativeRanking" : 0.25
    }, {
      "datum" : 592328,
      "relativeRanking" : 0.3
    }, {
      "datum" : 592328,
      "relativeRanking" : 0.35
    }, {
      "datum" : 592328,
      "relativeRanking" : 0.4
    }, {
      "datum" : 592328,
      "relativeRanking" : 0.45
    }, {
      "datum" : 592328,
      "relativeRanking" : 0.5
    }, {
      "datum" : 592328,
      "relativeRanking" : 0.55
    }, {
      "datum" : 592328,
      "relativeRanking" : 0.6
    }, {
      "datum" : 592328,
      "relativeRanking" : 0.65
    }, {
      "datum" : 659832,
      "relativeRanking" : 0.7
    }, {
      "datum" : 659832,
      "relativeRanking" : 0.75
    }, {
      "datum" : 659832,
      "relativeRanking" : 0.8
    }, {
      "datum" : 659832,
      "relativeRanking" : 0.85
    }, {
      "datum" : 659832,
      "relativeRanking" : 0.9
    }, {
      "datum" : 659832,
      "relativeRanking" : 0.95
    } ],
    "numberValues" : 3
  },
  "failedReduceAttemptCDF" : {
    "minimum" : -9223372036854775808,
    "maximum" : 9223372036854775807,
    "rankings" : [ ],
    "numberValues" : 0
  },
  "mapperTriesToSucceed" : [ 0.9767441860465116, 0.023255813953488372 ],
  "failedMapperFraction" : 0.0,
  "relativeTime" : 0,
  "clusterMapMB" : -1,
  "clusterReduceMB" : -1,
  "jobMapMB" : 200,
  "jobReduceMB" : 200,
  "launchTime" : 1404517333782,
  "totalMaps" : 43,
  "totalReduces" : 3,
  "otherTasks" : [ {
    "startTime" : 1404517333818,
    "attempts" : [ {
      "result" : "SUCCESS",
      "location" : {
        "layers" : [ "default-rack", "Slave5" ]
      },
      "hostName" : "/default-rack/Slave5",
      "startTime" : 1404515704198,
      "finishTime" : 1404515705676,
      "attemptID" : "attempt_201407020230_0335_m_000044_0",
      "shuffleFinished" : -1,
      "sortFinished" : -1,
      "hdfsBytesRead" : -1,
      "hdfsBytesWritten" : -1,
      "fileBytesRead" : -1,
      "fileBytesWritten" : 59469,
      "mapInputRecords" : -1,
      "mapOutputBytes" : -1,
      "mapOutputRecords" : -1,
      "combineInputRecords" : -1,
      "reduceInputGroups" : -1,
      "reduceInputRecords" : -1,
      "reduceShuffleBytes" : -1,
      "reduceOutputRecords" : -1,
      "spilledRecords" : 0,
      "mapInputBytes" : -1,
      "resourceUsageMetrics" : {
        "cumulativeCpuUsage" : 130,
        "virtualMemoryUsage" : 1648136192,
        "physicalMemoryUsage" : 120582144,
        "heapUsage" : 504889344
      }
    } ],
    "finishTime" : 1404517335631,
    "preferredLocations" : [ ],
    "taskType" : "SETUP",
    "taskStatus" : "SUCCESS",
    "taskID" : "task_201407020230_0335_m_000044",
    "inputBytes" : -1,
    "inputRecords" : -1,
    "outputBytes" : -1,
    "outputRecords" : -1
  }, {
    "startTime" : 1404518129936,
    "attempts" : [ {
      "result" : "SUCCESS",
      "location" : {
        "layers" : [ "default-rack", "Master" ]
      },
      "hostName" : "/default-rack/Master",
      "startTime" : 1404518129938,
      "finishTime" : 1404518130948,
      "attemptID" : "attempt_201407020230_0335_m_000043_0",
      "shuffleFinished" : -1,
      "sortFinished" : -1,
      "hdfsBytesRead" : -1,
      "hdfsBytesWritten" : -1,
      "fileBytesRead" : -1,
      "fileBytesWritten" : 59469,
      "mapInputRecords" : -1,
      "mapOutputBytes" : -1,
      "mapOutputRecords" : -1,
      "combineInputRecords" : -1,
      "reduceInputGroups" : -1,
      "reduceInputRecords" : -1,
      "reduceShuffleBytes" : -1,
      "reduceOutputRecords" : -1,
      "spilledRecords" : 0,
      "mapInputBytes" : -1,
      "resourceUsageMetrics" : {
        "cumulativeCpuUsage" : 80,
        "virtualMemoryUsage" : 1651429376,
        "physicalMemoryUsage" : 611782656,
        "heapUsage" : 700448768
      }
    } ],
    "finishTime" : 1404518131143,
    "preferredLocations" : [ ],
    "taskType" : "CLEANUP",
    "taskStatus" : "SUCCESS",
    "taskID" : "task_201407020230_0335_m_000043",
    "inputBytes" : -1,
    "inputRecords" : -1,
    "outputBytes" : -1,
    "outputRecords" : -1
  } ]
}