{
  "jobID" : "job_201407020230_0617",
  "user" : "trend-hadoop",
  "jobName" : "pairs-co-occur",
  "mapperTriesToSucceed" : [ 0.9428571428571428, 0.05714285714285714 ],
  "failedMapperFraction" : 0.0,
  "relativeTime" : 0,
  "clusterMapMB" : -1,
  "clusterReduceMB" : -1,
  "jobMapMB" : 200,
  "jobReduceMB" : 200,
  "mapTasks" : [ {
    "startTime" : 1404745220059,
    "attempts" : [ {
      "result" : "SUCCESS",
      "startTime" : 1404743854614,
      "finishTime" : 1404743990913,
      "attemptID" : "attempt_201407020230_0617_m_000002_0",
      "shuffleFinished" : -1,
      "sortFinished" : -1,
      "hdfsBytesRead" : 12542322,
      "hdfsBytesWritten" : -1,
      "fileBytesRead" : 177572346,
      "fileBytesWritten" : 254336396,
      "mapInputRecords" : 70209,
      "mapOutputBytes" : 125610444,
      "mapOutputRecords" : 7621040,
      "combineInputRecords" : 12981067,
      "reduceInputGroups" : -1,
      "reduceInputRecords" : -1,
      "reduceShuffleBytes" : -1,
      "reduceOutputRecords" : -1,
      "spilledRecords" : 12770634,
      "mapInputBytes" : -1,
      "resourceUsageMetrics" : {
        "cumulativeCpuUsage" : 144210,
        "virtualMemoryUsage" : 783712256,
        "physicalMemoryUsage" : 244641792,
        "heapUsage" : 209190912
      },
      "location" : {
        "layers" : [ "default-rack", "Slave3" ]
      },
      "hostName" : "/default-rack/Slave3"
    } ],
    "finishTime" : 1404745356564,
    "preferredLocations" : [ {
      "layers" : [ "default-rack", "Master" ]
    }, {
      "layers" : [ "default-rack", "Slave3" ]
    }, {
      "layers" : [ "default-rack", "Slave2" ]
    } ],
    "taskType" : "MAP",
    "taskStatus" : "SUCCESS",
    "taskID" : "task_201407020230_0617_m_000002",
    "inputBytes" : 12542322,
    "inputRecords" : 70209,
    "outputBytes" : 254336396,
    "outputRecords" : 7621040
  }, {
    "startTime" : 1404745220059,
    "attempts" : [ {
      "result" : "SUCCESS",
      "startTime" : 1404743854614,
      "finishTime" : 1404743988882,
      "attemptID" : "attempt_201407020230_0617_m_000006_0",
      "shuffleFinished" : -1,
      "sortFinished" : -1,
      "hdfsBytesRead" : 12523520,
      "hdfsBytesWritten" : -1,
      "fileBytesRead" : 177070450,
      "fileBytesWritten" : 253304071,
      "mapInputRecords" : 69336,
      "mapOutputBytes" : 125405284,
      "mapOutputRecords" : 7592280,
      "combineInputRecords" : 12928778,
      "reduceInputGroups" : -1,
      "reduceInputRecords" : -1,
      "reduceShuffleBytes" : -1,
      "reduceOutputRecords" : -1,
      "spilledRecords" : 12694916,
      "mapInputBytes" : -1,
      "resourceUsageMetrics" : {
        "cumulativeCpuUsage" : 144620,
        "virtualMemoryUsage" : 779694080,
        "physicalMemoryUsage" : 248475648,
        "heapUsage" : 209190912
      },
      "location" : {
        "layers" : [ "default-rack", "Slave3" ]
      },
      "hostName" : "/default-rack/Slave3"
    } ],
    "finishTime" : 1404745354445,
    "preferredLocations" : [ {
      "layers" : [ "default-rack", "Master" ]
    }, {
      "layers" : [ "default-rack", "Slave7" ]
    }, {
      "layers" : [ "default-rack", "Slave3" ]
    } ],
    "taskType" : "MAP",
    "taskStatus" : "SUCCESS",
    "taskID" : "task_201407020230_0617_m_000006",
    "inputBytes" : 12523520,
    "inputRecords" : 69336,
    "outputBytes" : 253304071,
    "outputRecords" : 7592280
  }, {
    "startTime" : 1404745220169,
    "attempts" : [ {
      "result" : "SUCCESS",
      "startTime" : 1404744805536,
      "finishTime" : 1404744922318,
      "attemptID" : "attempt_201407020230_0617_m_000000_0",
      "shuffleFinished" : -1,
      "sortFinished" : -1,
      "hdfsBytesRead" : 12575747,
      "hdfsBytesWritten" : -1,
      "fileBytesRead" : 175591617,
      "fileBytesWritten" : 251453407,
      "mapInputRecords" : 70292,
      "mapOutputBytes" : 125852860,
      "mapOutputRecords" : 7625586,
      "combineInputRecords" : 12929233,
      "reduceInputGroups" : -1,
      "reduceInputRecords" : -1,
      "reduceShuffleBytes" : -1,
      "reduceOutputRecords" : -1,
      "spilledRecords" : 12611390,
      "mapInputBytes" : -1,
      "resourceUsageMetrics" : {
        "cumulativeCpuUsage" : 125340,
        "virtualMemoryUsage" : 779247616,
        "physicalMemoryUsage" : 244789248,
        "heapUsage" : 209190912
      },
      "location" : {
        "layers" : [ "default-rack", "Slave1" ]
      },
      "hostName" : "/default-rack/Slave1"
    } ],
    "finishTime" : 1404745337296,
    "preferredLocations" : [ {
      "layers" : [ "default-rack", "Master" ]
    }, {
      "layers" : [ "default-rack", "Slave1" ]
    }, {
      "layers" : [ "default-rack", "Slave5" ]
    } ],
    "taskType" : "MAP",
    "taskStatus" : "SUCCESS",
    "taskID" : "task_201407020230_0617_m_000000",
    "inputBytes" : 12575747,
    "inputRecords" : 70292,
    "outputBytes" : 251453407,
    "outputRecords" : 7625586
  }, {
    "startTime" : 1404745220170,
    "attempts" : [ {
      "result" : "SUCCESS",
      "startTime" : 1404744805537,
      "finishTime" : 1404744922095,
      "attemptID" : "attempt_201407020230_0617_m_000008_0",
      "shuffleFinished" : -1,
      "sortFinished" : -1,
      "hdfsBytesRead" : 12506379,
      "hdfsBytesWritten" : -1,
      "fileBytesRead" : 177544495,
      "fileBytesWritten" : 254246803,
      "mapInputRecords" : 70622,
      "mapOutputBytes" : 125104624,
      "mapOutputRecords" : 7574726,
      "combineInputRecords" : 12930392,
      "reduceInputGroups" : -1,
      "reduceInputRecords" : -1,
      "reduceShuffleBytes" : -1,
      "reduceOutputRecords" : -1,
      "spilledRecords" : 12743978,
      "mapInputBytes" : -1,
      "resourceUsageMetrics" : {
        "cumulativeCpuUsage" : 125030,
        "virtualMemoryUsage" : 780206080,
        "physicalMemoryUsage" : 246022144,
        "heapUsage" : 209190912
      },
      "location" : {
        "layers" : [ "default-rack", "Slave1" ]
      },
      "hostName" : "/default-rack/Slave1"
    } ],
    "finishTime" : 1404745336993,
    "preferredLocations" : [ {
      "layers" : [ "default-rack", "Master" ]
    }, {
      "layers" : [ "default-rack", "Slave3" ]
    }, {
      "layers" : [ "default-rack", "Slave1" ]
    } ],
    "taskType" : "MAP",
    "taskStatus" : "SUCCESS",
    "taskID" : "task_201407020230_0617_m_000008",
    "inputBytes" : 12506379,
    "inputRecords" : 70622,
    "outputBytes" : 254246803,
    "outputRecords" : 7574726
  }, {
    "startTime" : 1404745220175,
    "attempts" : [ {
      "result" : "SUCCESS",
      "startTime" : 1404745716667,
      "finishTime" : 1404745831433,
      "attemptID" : "attempt_201407020230_0617_m_000009_0",
      "shuffleFinished" : -1,
      "sortFinished" : -1,
      "hdfsBytesRead" : 12485810,
      "hdfsBytesWritten" : -1,
      "fileBytesRead" : 176631534,
      "fileBytesWritten" : 252868737,
      "mapInputRecords" : 70334,
      "mapOutputBytes" : 124907300,
      "mapOutputRecords" : 7560118,
      "combineInputRecords" : 12883081,
      "reduceInputGroups" : -1,
      "reduceInputRecords" : -1,
      "reduceShuffleBytes" : -1,
      "reduceOutputRecords" : -1,
      "spilledRecords" : 12664536,
      "mapInputBytes" : -1,
      "resourceUsageMetrics" : {
        "cumulativeCpuUsage" : 123100,
        "virtualMemoryUsage" : 779812864,
        "physicalMemoryUsage" : 245645312,
        "heapUsage" : 209190912
      },
      "location" : {
        "layers" : [ "default-rack", "Slave2" ]
      },
      "hostName" : "/default-rack/Slave2"
    } ],
    "finishTime" : 1404745335188,
    "preferredLocations" : [ {
      "layers" : [ "default-rack", "Master" ]
    }, {
      "layers" : [ "default-rack", "Slave1" ]
    }, {
      "layers" : [ "default-rack", "Slave2" ]
    } ],
    "taskType" : "MAP",
    "taskStatus" : "SUCCESS",
    "taskID" : "task_201407020230_0617_m_000009",
    "inputBytes" : 12485810,
    "inputRecords" : 70334,
    "outputBytes" : 252868737,
    "outputRecords" : 7560118
  }, {
    "startTime" : 1404745220175,
    "attempts" : [ {
      "result" : "SUCCESS",
      "startTime" : 1404745716668,
      "finishTime" : 1404745831039,
      "attemptID" : "attempt_201407020230_0617_m_000014_0",
      "shuffleFinished" : -1,
      "sortFinished" : -1,
      "hdfsBytesRead" : 12456134,
      "hdfsBytesWritten" : -1,
      "fileBytesRead" : 174403477,
      "fileBytesWritten" : 250363732,
      "mapInputRecords" : 71413,
      "mapOutputBytes" : 124330098,
      "mapOutputRecords" : 7501734,
      "combineInputRecords" : 12756941,
      "reduceInputGroups" : -1,
      "reduceInputRecords" : -1,
      "reduceShuffleBytes" : -1,
      "reduceOutputRecords" : -1,
      "spilledRecords" : 12497751,
      "mapInputBytes" : -1,
      "resourceUsageMetrics" : {
        "cumulativeCpuUsage" : 122800,
        "virtualMemoryUsage" : 779436032,
        "physicalMemoryUsage" : 244740096,
        "heapUsage" : 209190912
      },
      "location" : {
        "layers" : [ "default-rack", "Slave2" ]
      },
      "hostName" : "/default-rack/Slave2"
    } ],
    "finishTime" : 1404745334881,
    "preferredLocations" : [ {
      "layers" : [ "default-rack", "Master" ]
    }, {
      "layers" : [ "default-rack", "Slave4" ]
    }, {
      "layers" : [ "default-rack", "Slave2" ]
    } ],
    "taskType" : "MAP",
    "taskStatus" : "SUCCESS",
    "taskID" : "task_201407020230_0617_m_000014",
    "inputBytes" : 12456134,
    "inputRecords" : 71413,
    "outputBytes" : 250363732,
    "outputRecords" : 7501734
  }, {
    "startTime" : 1404745220192,
    "attempts" : [ {
      "result" : "SUCCESS",
      "startTime" : 1404745216732,
      "finishTime" : 1404745342164,
      "attemptID" : "attempt_201407020230_0617_m_000003_0",
      "shuffleFinished" : -1,
      "sortFinished" : -1,
      "hdfsBytesRead" : 12540113,
      "hdfsBytesWritten" : -1,
      "fileBytesRead" : 176934616,
      "fileBytesWritten" : 253423923,
      "mapInputRecords" : 72022,
      "mapOutputBytes" : 125290022,
      "mapOutputRecords" : 7580298,
      "combineInputRecords" : 12912880,
      "reduceInputGroups" : -1,
      "reduceInputRecords" : -1,
      "reduceShuffleBytes" : -1,
      "reduceOutputRecords" : -1,
      "spilledRecords" : 12687926,
      "mapInputBytes" : -1,
      "resourceUsageMetrics" : {
        "cumulativeCpuUsage" : 132470,
        "virtualMemoryUsage" : 781234176,
        "physicalMemoryUsage" : 246452224,
        "heapUsage" : 209190912
      },
      "location" : {
        "layers" : [ "default-rack", "Slave7" ]
      },
      "hostName" : "/default-rack/Slave7"
    } ],
    "finishTime" : 1404745345897,
    "preferredLocations" : [ {
      "layers" : [ "default-rack", "Master" ]
    }, {
      "layers" : [ "default-rack", "Slave7" ]
    }, {
      "layers" : [ "default-rack", "Slave6" ]
    } ],
    "taskType" : "MAP",
    "taskStatus" : "SUCCESS",
    "taskID" : "task_201407020230_0617_m_000003",
    "inputBytes" : 12540113,
    "inputRecords" : 72022,
    "outputBytes" : 253423923,
    "outputRecords" : 7580298
  }, {
    "startTime" : 1404745220193,
    "attempts" : [ {
      "result" : "SUCCESS",
      "startTime" : 1404745216732,
      "finishTime" : 1404745340503,
      "attemptID" : "attempt_201407020230_0617_m_000005_0",
      "shuffleFinished" : -1,
      "sortFinished" : -1,
      "hdfsBytesRead" : 12525989,
      "hdfsBytesWritten" : -1,
      "fileBytesRead" : 177812215,
      "fileBytesWritten" : 254683411,
      "mapInputRecords" : 70212,
      "mapOutputBytes" : 125295674,
      "mapOutputRecords" : 7572980,
      "combineInputRecords" : 12924589,
      "reduceInputGroups" : -1,
      "reduceInputRecords" : -1,
      "reduceShuffleBytes" : -1,
      "reduceOutputRecords" : -1,
      "spilledRecords" : 12739232,
      "mapInputBytes" : -1,
      "resourceUsageMetrics" : {
        "cumulativeCpuUsage" : 132360,
        "virtualMemoryUsage" : 780660736,
        "physicalMemoryUsage" : 246218752,
        "heapUsage" : 209190912
      },
      "location" : {
        "layers" : [ "default-rack", "Slave7" ]
      },
      "hostName" : "/default-rack/Slave7"
    } ],
    "finishTime" : 1404745344087,
    "preferredLocations" : [ {
      "layers" : [ "default-rack", "Master" ]
    }, {
      "layers" : [ "default-rack", "Slave6" ]
    }, {
      "layers" : [ "default-rack", "Slave7" ]
    } ],
    "taskType" : "MAP",
    "taskStatus" : "SUCCESS",
    "taskID" : "task_201407020230_0617_m_000005",
    "inputBytes" : 12525989,
    "inputRecords" : 70212,
    "outputBytes" : 254683411,
    "outputRecords" : 7572980
  }, {
    "startTime" : 1404745220204,
    "attempts" : [ {
      "result" : "SUCCESS",
      "startTime" : 1404656057159,
      "finishTime" : 1404656237557,
      "attemptID" : "attempt_201407020230_0617_m_000001_0",
      "shuffleFinished" : -1,
      "sortFinished" : -1,
      "hdfsBytesRead" : 12555263,
      "hdfsBytesWritten" : -1,
      "fileBytesRead" : 178011587,
      "fileBytesWritten" : 254855336,
      "mapInputRecords" : 69442,
      "mapOutputBytes" : 125838118,
      "mapOutputRecords" : 7636470,
      "combineInputRecords" : 13008162,
      "reduceInputGroups" : -1,
      "reduceInputRecords" : -1,
      "reduceShuffleBytes" : -1,
      "reduceOutputRecords" : -1,
      "spilledRecords" : 12794837,
      "mapInputBytes" : -1,
      "resourceUsageMetrics" : {
        "cumulativeCpuUsage" : 190350,
        "virtualMemoryUsage" : 780533760,
        "physicalMemoryUsage" : 273072128,
        "heapUsage" : 209190912
      },
      "location" : {
        "layers" : [ "default-rack", "Slave4" ]
      },
      "hostName" : "/default-rack/Slave4"
    } ],
    "finishTime" : 1404745400868,
    "preferredLocations" : [ {
      "layers" : [ "default-rack", "Master" ]
    }, {
      "layers" : [ "default-rack", "Slave4" ]
    }, {
      "layers" : [ "default-rack", "Slave5" ]
    } ],
    "taskType" : "MAP",
    "taskStatus" : "SUCCESS",
    "taskID" : "task_201407020230_0617_m_000001",
    "inputBytes" : 12555263,
    "inputRecords" : 69442,
    "outputBytes" : 254855336,
    "outputRecords" : 7636470
  }, {
    "startTime" : 1404745220204,
    "attempts" : [ {
      "result" : "SUCCESS",
      "startTime" : 1404656057160,
      "finishTime" : 1404656234649,
      "attemptID" : "attempt_201407020230_0617_m_000004_0",
      "shuffleFinished" : -1,
      "sortFinished" : -1,
      "hdfsBytesRead" : 12526971,
      "hdfsBytesWritten" : -1,
      "fileBytesRead" : 175917630,
      "fileBytesWritten" : 252197379,
      "mapInputRecords" : 72153,
      "mapOutputBytes" : 125092470,
      "mapOutputRecords" : 7561714,
      "combineInputRecords" : 12860511,
      "reduceInputGroups" : -1,
      "reduceInputRecords" : -1,
      "reduceShuffleBytes" : -1,
      "reduceOutputRecords" : -1,
      "spilledRecords" : 12611708,
      "mapInputBytes" : -1,
      "resourceUsageMetrics" : {
        "cumulativeCpuUsage" : 189410,
        "virtualMemoryUsage" : 779616256,
        "physicalMemoryUsage" : 246321152,
        "heapUsage" : 209190912
      },
      "location" : {
        "layers" : [ "default-rack", "Slave4" ]
      },
      "hostName" : "/default-rack/Slave4"
    } ],
    "finishTime" : 1404745397834,
    "preferredLocations" : [ {
      "layers" : [ "default-rack", "Master" ]
    }, {
      "layers" : [ "default-rack", "Slave4" ]
    }, {
      "layers" : [ "default-rack", "Slave5" ]
    } ],
    "taskType" : "MAP",
    "taskStatus" : "SUCCESS",
    "taskID" : "task_201407020230_0617_m_000004",
    "inputBytes" : 12526971,
    "inputRecords" : 72153,
    "outputBytes" : 252197379,
    "outputRecords" : 7561714
  }, {
    "startTime" : 1404745220248,
    "attempts" : [ {
      "result" : "SUCCESS",
      "startTime" : 1404745220347,
      "finishTime" : 1404745333174,
      "attemptID" : "attempt_201407020230_0617_m_000007_0",
      "shuffleFinished" : -1,
      "sortFinished" : -1,
      "hdfsBytesRead" : 12507171,
      "hdfsBytesWritten" : -1,
      "fileBytesRead" : 177607807,
      "fileBytesWritten" : 254301460,
      "mapInputRecords" : 69080,
      "mapOutputBytes" : 125267238,
      "mapOutputRecords" : 7584834,
      "combineInputRecords" : 12938409,
      "reduceInputGroups" : -1,
      "reduceInputRecords" : -1,
      "reduceShuffleBytes" : -1,
      "reduceOutputRecords" : -1,
      "spilledRecords" : 12743245,
      "mapInputBytes" : -1,
      "resourceUsageMetrics" : {
        "cumulativeCpuUsage" : 122290,
        "virtualMemoryUsage" : 771502080,
        "physicalMemoryUsage" : 246116352,
        "heapUsage" : 209190912
      },
      "location" : {
        "layers" : [ "default-rack", "Master" ]
      },
      "hostName" : "/default-rack/Master"
    } ],
    "finishTime" : 1404745333375,
    "preferredLocations" : [ {
      "layers" : [ "default-rack", "Master" ]
    }, {
      "layers" : [ "default-rack", "Slave5" ]
    }, {
      "layers" : [ "default-rack", "Slave3" ]
    } ],
    "taskType" : "MAP",
    "taskStatus" : "SUCCESS",
    "taskID" : "task_201407020230_0617_m_000007",
    "inputBytes" : 12507171,
    "inputRecords" : 69080,
    "outputBytes" : 254301460,
    "outputRecords" : 7584834
  }, {
    "startTime" : 1404745220249,
    "attempts" : [ {
      "result" : "SUCCESS",
      "startTime" : 1404745220346,
      "finishTime" : 1404745334184,
      "attemptID" : "attempt_201407020230_0617_m_000010_0",
      "shuffleFinished" : -1,
      "sortFinished" : -1,
      "hdfsBytesRead" : 12472565,
      "hdfsBytesWritten" : -1,
      "fileBytesRead" : 176536791,
      "fileBytesWritten" : 252884694,
      "mapInputRecords" : 69994,
      "mapOutputBytes" : 124769060,
      "mapOutputRecords" : 7546302,
      "combineInputRecords" : 12864749,
      "reduceInputGroups" : -1,
      "reduceInputRecords" : -1,
      "reduceShuffleBytes" : -1,
      "reduceOutputRecords" : -1,
      "spilledRecords" : 12658383,
      "mapInputBytes" : -1,
      "resourceUsageMetrics" : {
        "cumulativeCpuUsage" : 122690,
        "virtualMemoryUsage" : 782618624,
        "physicalMemoryUsage" : 248184832,
        "heapUsage" : 209190912
      },
      "location" : {
        "layers" : [ "default-rack", "Master" ]
      },
      "hostName" : "/default-rack/Master"
    } ],
    "finishTime" : 1404745334281,
    "preferredLocations" : [ {
      "layers" : [ "default-rack", "Master" ]
    }, {
      "layers" : [ "default-rack", "Slave3" ]
    }, {
      "layers" : [ "default-rack", "Slave1" ]
    } ],
    "taskType" : "MAP",
    "taskStatus" : "SUCCESS",
    "taskID" : "task_201407020230_0617_m_000010",
    "inputBytes" : 12472565,
    "inputRecords" : 69994,
    "outputBytes" : 252884694,
    "outputRecords" : 7546302
  }, {
    "startTime" : 1404745220250,
    "attempts" : [ {
      "result" : "SUCCESS",
      "startTime" : 1404743581921,
      "finishTime" : 1404743713318,
      "attemptID" : "attempt_201407020230_0617_m_000011_0",
      "shuffleFinished" : -1,
      "sortFinished" : -1,
      "hdfsBytesRead" : 12470778,
      "hdfsBytesWritten" : -1,
      "fileBytesRead" : 176464303,
      "fileBytesWritten" : 252868041,
      "mapInputRecords" : 69273,
      "mapOutputBytes" : 124870438,
      "mapOutputRecords" : 7566486,
      "combineInputRecords" : 12892644,
      "reduceInputGroups" : -1,
      "reduceInputRecords" : -1,
      "reduceShuffleBytes" : -1,
      "reduceOutputRecords" : -1,
      "spilledRecords" : 12681187,
      "mapInputBytes" : -1,
      "resourceUsageMetrics" : {
        "cumulativeCpuUsage" : 140330,
        "virtualMemoryUsage" : 779730944,
        "physicalMemoryUsage" : 246067200,
        "heapUsage" : 209190912
      },
      "location" : {
        "layers" : [ "default-rack", "Slave5" ]
      },
      "hostName" : "/default-rack/Slave5"
    } ],
    "finishTime" : 1404745352022,
    "preferredLocations" : [ {
      "layers" : [ "default-rack", "Master" ]
    }, {
      "layers" : [ "default-rack", "Slave5" ]
    }, {
      "layers" : [ "default-rack", "Slave1" ]
    } ],
    "taskType" : "MAP",
    "taskStatus" : "SUCCESS",
    "taskID" : "task_201407020230_0617_m_000011",
    "inputBytes" : 12470778,
    "inputRecords" : 69273,
    "outputBytes" : 252868041,
    "outputRecords" : 7566486
  }, {
    "startTime" : 1404745220250,
    "attempts" : [ {
      "result" : "SUCCESS",
      "startTime" : 1404743581921,
      "finishTime" : 1404743713218,
      "attemptID" : "attempt_201407020230_0617_m_000017_0",
      "shuffleFinished" : -1,
      "sortFinished" : -1,
      "hdfsBytesRead" : 12449601,
      "hdfsBytesWritten" : -1,
      "fileBytesRead" : 174975235,
      "fileBytesWritten" : 250660309,
      "mapInputRecords" : 71622,
      "mapOutputBytes" : 124321590,
      "mapOutputRecords" : 7507818,
      "combineInputRecords" : 12777139,
      "reduceInputGroups" : -1,
      "reduceInputRecords" : -1,
      "reduceShuffleBytes" : -1,
      "reduceOutputRecords" : -1,
      "spilledRecords" : 12523365,
      "mapInputBytes" : -1,
      "resourceUsageMetrics" : {
        "cumulativeCpuUsage" : 138730,
        "virtualMemoryUsage" : 779898880,
        "physicalMemoryUsage" : 247341056,
        "heapUsage" : 209190912
      },
      "location" : {
        "layers" : [ "default-rack", "Slave5" ]
      },
      "hostName" : "/default-rack/Slave5"
    } ],
    "finishTime" : 1404745351719,
    "preferredLocations" : [ {
      "layers" : [ "default-rack", "Master" ]
    }, {
      "layers" : [ "default-rack", "Slave5" ]
    }, {
      "layers" : [ "default-rack", "Slave6" ]
    } ],
    "taskType" : "MAP",
    "taskStatus" : "SUCCESS",
    "taskID" : "task_201407020230_0617_m_000017",
    "inputBytes" : 12449601,
    "inputRecords" : 71622,
    "outputBytes" : 250660309,
    "outputRecords" : 7507818
  }, {
    "startTime" : 1404745220287,
    "attempts" : [ {
      "result" : "SUCCESS",
      "startTime" : 1404744028873,
      "finishTime" : 1404744160960,
      "attemptID" : "attempt_201407020230_0617_m_000013_0",
      "shuffleFinished" : -1,
      "sortFinished" : -1,
      "hdfsBytesRead" : 12458709,
      "hdfsBytesWritten" : -1,
      "fileBytesRead" : 176865940,
      "fileBytesWritten" : 253501250,
      "mapInputRecords" : 69176,
      "mapOutputBytes" : 124715750,
      "mapOutputRecords" : 7545516,
      "combineInputRecords" : 12877233,
      "reduceInputGroups" : -1,
      "reduceInputRecords" : -1,
      "reduceShuffleBytes" : -1,
      "reduceOutputRecords" : -1,
      "spilledRecords" : 12692367,
      "mapInputBytes" : -1,
      "resourceUsageMetrics" : {
        "cumulativeCpuUsage" : 140470,
        "virtualMemoryUsage" : 780296192,
        "physicalMemoryUsage" : 246444032,
        "heapUsage" : 209190912
      },
      "location" : {
        "layers" : [ "default-rack", "Slave6" ]
      },
      "hostName" : "/default-rack/Slave6"
    } ],
    "finishTime" : 1404745352621,
    "preferredLocations" : [ {
      "layers" : [ "default-rack", "Master" ]
    }, {
      "layers" : [ "default-rack", "Slave6" ]
    }, {
      "layers" : [ "default-rack", "Slave7" ]
    } ],
    "taskType" : "MAP",
    "taskStatus" : "SUCCESS",
    "taskID" : "task_201407020230_0617_m_000013",
    "inputBytes" : 12458709,
    "inputRecords" : 69176,
    "outputBytes" : 253501250,
    "outputRecords" : 7545516
  }, {
    "startTime" : 1404745220287,
    "attempts" : [ {
      "result" : "SUCCESS",
      "startTime" : 1404744028873,
      "finishTime" : 1404744159817,
      "attemptID" : "attempt_201407020230_0617_m_000018_0",
      "shuffleFinished" : -1,
      "sortFinished" : -1,
      "hdfsBytesRead" : 12448786,
      "hdfsBytesWritten" : -1,
      "fileBytesRead" : 175872357,
      "fileBytesWritten" : 251645527,
      "mapInputRecords" : 74516,
      "mapOutputBytes" : 124196660,
      "mapOutputRecords" : 7543974,
      "combineInputRecords" : 12867076,
      "reduceInputGroups" : -1,
      "reduceInputRecords" : -1,
      "reduceShuffleBytes" : -1,
      "reduceOutputRecords" : -1,
      "spilledRecords" : 12650180,
      "mapInputBytes" : -1,
      "resourceUsageMetrics" : {
        "cumulativeCpuUsage" : 139130,
        "virtualMemoryUsage" : 780804096,
        "physicalMemoryUsage" : 244592640,
        "heapUsage" : 209190912
      },
      "location" : {
        "layers" : [ "default-rack", "Slave6" ]
      },
      "hostName" : "/default-rack/Slave6"
    } ],
    "finishTime" : 1404745351413,
    "preferredLocations" : [ {
      "layers" : [ "default-rack", "Master" ]
    }, {
      "layers" : [ "default-rack", "Slave5" ]
    }, {
      "layers" : [ "default-rack", "Slave6" ]
    } ],
    "taskType" : "MAP",
    "taskStatus" : "SUCCESS",
    "taskID" : "task_201407020230_0617_m_000018",
    "inputBytes" : 12448786,
    "inputRecords" : 74516,
    "outputBytes" : 251645527,
    "outputRecords" : 7543974
  }, {
    "startTime" : 1404745333375,
    "attempts" : [ {
      "result" : "SUCCESS",
      "startTime" : 1404745333378,
      "finishTime" : 1404745429173,
      "attemptID" : "attempt_201407020230_0617_m_000012_0",
      "shuffleFinished" : -1,
      "sortFinished" : -1,
      "hdfsBytesRead" : 12470000,
      "hdfsBytesWritten" : -1,
      "fileBytesRead" : 176620043,
      "fileBytesWritten" : 252723545,
      "mapInputRecords" : 67323,
      "mapOutputBytes" : 125064940,
      "mapOutputRecords" : 7578560,
      "combineInputRecords" : 12908069,
      "reduceInputGroups" : -1,
      "reduceInputRecords" : -1,
      "reduceShuffleBytes" : -1,
      "reduceOutputRecords" : -1,
      "spilledRecords" : 12672281,
      "mapInputBytes" : -1,
      "resourceUsageMetrics" : {
        "cumulativeCpuUsage" : 101370,
        "virtualMemoryUsage" : 774660096,
        "physicalMemoryUsage" : 254361600,
        "heapUsage" : 209190912
      },
      "location" : {
        "layers" : [ "default-rack", "Master" ]
      },
      "hostName" : "/default-rack/Master"
    } ],
    "finishTime" : 1404745429346,
    "preferredLocations" : [ {
      "layers" : [ "default-rack", "Master" ]
    }, {
      "layers" : [ "default-rack", "Slave1" ]
    }, {
      "layers" : [ "default-rack", "Slave7" ]
    } ],
    "taskType" : "MAP",
    "taskStatus" : "SUCCESS",
    "taskID" : "task_201407020230_0617_m_000012",
    "inputBytes" : 12470000,
    "inputRecords" : 67323,
    "outputBytes" : 252723545,
    "outputRecords" : 7578560
  }, {
    "startTime" : 1404745334282,
    "attempts" : [ {
      "result" : "SUCCESS",
      "startTime" : 1404745334284,
      "finishTime" : 1404745432237,
      "attemptID" : "attempt_201407020230_0617_m_000015_0",
      "shuffleFinished" : -1,
      "sortFinished" : -1,
      "hdfsBytesRead" : 12455726,
      "hdfsBytesWritten" : -1,
      "fileBytesRead" : 176508230,
      "fileBytesWritten" : 253102263,
      "mapInputRecords" : 68408,
      "mapOutputBytes" : 124731134,
      "mapOutputRecords" : 7546842,
      "combineInputRecords" : 12871859,
      "reduceInputGroups" : -1,
      "reduceInputRecords" : -1,
      "reduceShuffleBytes" : -1,
      "reduceOutputRecords" : -1,
      "spilledRecords" : 12681193,
      "mapInputBytes" : -1,
      "resourceUsageMetrics" : {
        "cumulativeCpuUsage" : 103300,
        "virtualMemoryUsage" : 785776640,
        "physicalMemoryUsage" : 256397312,
        "heapUsage" : 209190912
      },
      "location" : {
        "layers" : [ "default-rack", "Master" ]
      },
      "hostName" : "/default-rack/Master"
    } ],
    "finishTime" : 1404745432364,
    "preferredLocations" : [ {
      "layers" : [ "default-rack", "Master" ]
    }, {
      "layers" : [ "default-rack", "Slave3" ]
    }, {
      "layers" : [ "default-rack", "Slave4" ]
    } ],
    "taskType" : "MAP",
    "taskStatus" : "SUCCESS",
    "taskID" : "task_201407020230_0617_m_000015",
    "inputBytes" : 12455726,
    "inputRecords" : 68408,
    "outputBytes" : 253102263,
    "outputRecords" : 7546842
  }, {
    "startTime" : 1404745334882,
    "attempts" : [ {
      "result" : "SUCCESS",
      "startTime" : 1404745831259,
      "finishTime" : 1404745929583,
      "attemptID" : "attempt_201407020230_0617_m_000016_0",
      "shuffleFinished" : -1,
      "sortFinished" : -1,
      "hdfsBytesRead" : 12452776,
      "hdfsBytesWritten" : -1,
      "fileBytesRead" : 175345173,
      "fileBytesWritten" : 251323069,
      "mapInputRecords" : 69925,
      "mapOutputBytes" : 124563886,
      "mapOutputRecords" : 7532494,
      "combineInputRecords" : 12823808,
      "reduceInputGroups" : -1,
      "reduceInputRecords" : -1,
      "reduceShuffleBytes" : -1,
      "reduceOutputRecords" : -1,
      "spilledRecords" : 12583339,
      "mapInputBytes" : -1,
      "resourceUsageMetrics" : {
        "cumulativeCpuUsage" : 103170,
        "virtualMemoryUsage" : 782594048,
        "physicalMemoryUsage" : 252862464,
        "heapUsage" : 209190912
      },
      "location" : {
        "layers" : [ "default-rack", "Slave2" ]
      },
      "hostName" : "/default-rack/Slave2"
    } ],
    "finishTime" : 1404745433310,
    "preferredLocations" : [ {
      "layers" : [ "default-rack", "Master" ]
    }, {
      "layers" : [ "default-rack", "Slave2" ]
    }, {
      "layers" : [ "default-rack", "Slave7" ]
    } ],
    "taskType" : "MAP",
    "taskStatus" : "SUCCESS",
    "taskID" : "task_201407020230_0617_m_000016",
    "inputBytes" : 12452776,
    "inputRecords" : 69925,
    "outputBytes" : 251323069,
    "outputRecords" : 7532494
  }, {
    "startTime" : 1404745335188,
    "attempts" : [ {
      "result" : "SUCCESS",
      "startTime" : 1404745831562,
      "finishTime" : 1404745927123,
      "attemptID" : "attempt_201407020230_0617_m_000020_0",
      "shuffleFinished" : -1,
      "sortFinished" : -1,
      "hdfsBytesRead" : 12444914,
      "hdfsBytesWritten" : -1,
      "fileBytesRead" : 175532348,
      "fileBytesWritten" : 251396954,
      "mapInputRecords" : 68254,
      "mapOutputBytes" : 124654662,
      "mapOutputRecords" : 7543398,
      "combineInputRecords" : 12834545,
      "reduceInputGroups" : -1,
      "reduceInputRecords" : -1,
      "reduceShuffleBytes" : -1,
      "reduceOutputRecords" : -1,
      "spilledRecords" : 12579205,
      "mapInputBytes" : -1,
      "resourceUsageMetrics" : {
        "cumulativeCpuUsage" : 100680,
        "virtualMemoryUsage" : 786067456,
        "physicalMemoryUsage" : 256438272,
        "heapUsage" : 209190912
      },
      "location" : {
        "layers" : [ "default-rack", "Slave2" ]
      },
      "hostName" : "/default-rack/Slave2"
    } ],
    "finishTime" : 1404745430885,
    "preferredLocations" : [ {
      "layers" : [ "default-rack", "Master" ]
    }, {
      "layers" : [ "default-rack", "Slave2" ]
    }, {
      "layers" : [ "default-rack", "Slave5" ]
    } ],
    "taskType" : "MAP",
    "taskStatus" : "SUCCESS",
    "taskID" : "task_201407020230_0617_m_000020",
    "inputBytes" : 12444914,
    "inputRecords" : 68254,
    "outputBytes" : 251396954,
    "outputRecords" : 7543398
  }, {
    "startTime" : 1404745336993,
    "attempts" : [ {
      "result" : "SUCCESS",
      "startTime" : 1404744922241,
      "finishTime" : 1404745018032,
      "attemptID" : "attempt_201407020230_0617_m_000024_0",
      "shuffleFinished" : -1,
      "sortFinished" : -1,
      "hdfsBytesRead" : 12414462,
      "hdfsBytesWritten" : -1,
      "fileBytesRead" : 173144837,
      "fileBytesWritten" : 248646551,
      "mapInputRecords" : 75924,
      "mapOutputBytes" : 123438414,
      "mapOutputRecords" : 7457476,
      "combineInputRecords" : 12681263,
      "reduceInputGroups" : -1,
      "reduceInputRecords" : -1,
      "reduceShuffleBytes" : -1,
      "reduceOutputRecords" : -1,
      "spilledRecords" : 12424242,
      "mapInputBytes" : -1,
      "resourceUsageMetrics" : {
        "cumulativeCpuUsage" : 102060,
        "virtualMemoryUsage" : 783364096,
        "physicalMemoryUsage" : 254111744,
        "heapUsage" : 209190912
      },
      "location" : {
        "layers" : [ "default-rack", "Slave1" ]
      },
      "hostName" : "/default-rack/Slave1"
    } ],
    "finishTime" : 1404745433009,
    "preferredLocations" : [ {
      "layers" : [ "default-rack", "Master" ]
    }, {
      "layers" : [ "default-rack", "Slave1" ]
    }, {
      "layers" : [ "default-rack", "Slave3" ]
    } ],
    "taskType" : "MAP",
    "taskStatus" : "SUCCESS",
    "taskID" : "task_201407020230_0617_m_000024",
    "inputBytes" : 12414462,
    "inputRecords" : 75924,
    "outputBytes" : 248646551,
    "outputRecords" : 7457476
  }, {
    "startTime" : 1404745337297,
    "attempts" : [ {
      "result" : "SUCCESS",
      "startTime" : 1404744922544,
      "finishTime" : 1404745020941,
      "attemptID" : "attempt_201407020230_0617_m_000027_0",
      "shuffleFinished" : -1,
      "sortFinished" : -1,
      "hdfsBytesRead" : 12371929,
      "hdfsBytesWritten" : -1,
      "fileBytesRead" : 175576025,
      "fileBytesWritten" : 251664402,
      "mapInputRecords" : 68633,
      "mapOutputBytes" : 123912568,
      "mapOutputRecords" : 7508828,
      "combineInputRecords" : 12810489,
      "reduceInputGroups" : -1,
      "reduceInputRecords" : -1,
      "reduceShuffleBytes" : -1,
      "reduceOutputRecords" : -1,
      "spilledRecords" : 12619443,
      "mapInputBytes" : -1,
      "resourceUsageMetrics" : {
        "cumulativeCpuUsage" : 104600,
        "virtualMemoryUsage" : 782483456,
        "physicalMemoryUsage" : 251719680,
        "heapUsage" : 209190912
      },
      "location" : {
        "layers" : [ "default-rack", "Slave1" ]
      },
      "hostName" : "/default-rack/Slave1"
    } ],
    "finishTime" : 1404745435727,
    "preferredLocations" : [ {
      "layers" : [ "default-rack", "Master" ]
    }, {
      "layers" : [ "default-rack", "Slave1" ]
    }, {
      "layers" : [ "default-rack", "Slave2" ]
    } ],
    "taskType" : "MAP",
    "taskStatus" : "SUCCESS",
    "taskID" : "task_201407020230_0617_m_000027",
    "inputBytes" : 12371929,
    "inputRecords" : 68633,
    "outputBytes" : 251664402,
    "outputRecords" : 7508828
  }, {
    "startTime" : 1404745344088,
    "attempts" : [ {
      "result" : "SUCCESS",
      "startTime" : 1404745340543,
      "finishTime" : 1404745424533,
      "attemptID" : "attempt_201407020230_0617_m_000023_0",
      "shuffleFinished" : -1,
      "sortFinished" : -1,
      "hdfsBytesRead" : 12430810,
      "hdfsBytesWritten" : -1,
      "fileBytesRead" : 176215904,
      "fileBytesWritten" : 252303538,
      "mapInputRecords" : 71270,
      "mapOutputBytes" : 124366770,
      "mapOutputRecords" : 7539188,
      "combineInputRecords" : 12857714,
      "reduceInputGroups" : -1,
      "reduceInputRecords" : -1,
      "reduceShuffleBytes" : -1,
      "reduceOutputRecords" : -1,
      "spilledRecords" : 12650405,
      "mapInputBytes" : -1,
      "resourceUsageMetrics" : {
        "cumulativeCpuUsage" : 87770,
        "virtualMemoryUsage" : 783818752,
        "physicalMemoryUsage" : 286113792,
        "heapUsage" : 209190912
      },
      "location" : {
        "layers" : [ "default-rack", "Slave7" ]
      },
      "hostName" : "/default-rack/Slave7"
    } ],
    "finishTime" : 1404745428252,
    "preferredLocations" : [ {
      "layers" : [ "default-rack", "Master" ]
    }, {
      "layers" : [ "default-rack", "Slave7" ]
    }, {
      "layers" : [ "default-rack", "Slave6" ]
    } ],
    "taskType" : "MAP",
    "taskStatus" : "SUCCESS",
    "taskID" : "task_201407020230_0617_m_000023",
    "inputBytes" : 12430810,
    "inputRecords" : 71270,
    "outputBytes" : 252303538,
    "outputRecords" : 7539188
  }, {
    "startTime" : 1404745345897,
    "attempts" : [ {
      "result" : "SUCCESS",
      "startTime" : 1404745342352,
      "finishTime" : 1404745426921,
      "attemptID" : "attempt_201407020230_0617_m_000026_0",
      "shuffleFinished" : -1,
      "sortFinished" : -1,
      "hdfsBytesRead" : 12396698,
      "hdfsBytesWritten" : -1,
      "fileBytesRead" : 176057002,
      "fileBytesWritten" : 252355860,
      "mapInputRecords" : 67855,
      "mapOutputBytes" : 124106798,
      "mapOutputRecords" : 7501090,
      "combineInputRecords" : 12808574,
      "reduceInputGroups" : -1,
      "reduceInputRecords" : -1,
      "reduceShuffleBytes" : -1,
      "reduceOutputRecords" : -1,
      "spilledRecords" : 12627722,
      "mapInputBytes" : -1,
      "resourceUsageMetrics" : {
        "cumulativeCpuUsage" : 89220,
        "virtualMemoryUsage" : 784744448,
        "physicalMemoryUsage" : 255258624,
        "heapUsage" : 209190912
      },
      "location" : {
        "layers" : [ "default-rack", "Slave7" ]
      },
      "hostName" : "/default-rack/Slave7"
    } ],
    "finishTime" : 1404745430669,
    "preferredLocations" : [ {
      "layers" : [ "default-rack", "Master" ]
    }, {
      "layers" : [ "default-rack", "Slave7" ]
    }, {
      "layers" : [ "default-rack", "Slave5" ]
    } ],
    "taskType" : "MAP",
    "taskStatus" : "SUCCESS",
    "taskID" : "task_201407020230_0617_m_000026",
    "inputBytes" : 12396698,
    "inputRecords" : 67855,
    "outputBytes" : 252355860,
    "outputRecords" : 7501090
  }, {
    "startTime" : 1404745351414,
    "attempts" : [ {
      "result" : "SUCCESS",
      "startTime" : 1404744159909,
      "finishTime" : 1404744251480,
      "attemptID" : "attempt_201407020230_0617_m_000019_0",
      "shuffleFinished" : -1,
      "sortFinished" : -1,
      "hdfsBytesRead" : 12444998,
      "hdfsBytesWritten" : -1,
      "fileBytesRead" : 176452451,
      "fileBytesWritten" : 252875616,
      "mapInputRecords" : 68058,
      "mapOutputBytes" : 124733734,
      "mapOutputRecords" : 7555196,
      "combineInputRecords" : 12877434,
      "reduceInputGroups" : -1,
      "reduceInputRecords" : -1,
      "reduceShuffleBytes" : -1,
      "reduceOutputRecords" : -1,
      "spilledRecords" : 12678290,
      "mapInputBytes" : -1,
      "resourceUsageMetrics" : {
        "cumulativeCpuUsage" : 97150,
        "virtualMemoryUsage" : 783962112,
        "physicalMemoryUsage" : 252674048,
        "heapUsage" : 209190912
      },
      "location" : {
        "layers" : [ "default-rack", "Slave6" ]
      },
      "hostName" : "/default-rack/Slave6"
    } ],
    "finishTime" : 1404745443080,
    "preferredLocations" : [ {
      "layers" : [ "default-rack", "Master" ]
    }, {
      "layers" : [ "default-rack", "Slave6" ]
    }, {
      "layers" : [ "default-rack", "Slave5" ]
    } ],
    "taskType" : "MAP",
    "taskStatus" : "SUCCESS",
    "taskID" : "task_201407020230_0617_m_000019",
    "inputBytes" : 12444998,
    "inputRecords" : 68058,
    "outputBytes" : 252875616,
    "outputRecords" : 7555196
  }, {
    "startTime" : 1404745351720,
    "attempts" : [ {
      "result" : "SUCCESS",
      "startTime" : 1404743713300,
      "finishTime" : 1404743801166,
      "attemptID" : "attempt_201407020230_0617_m_000021_0",
      "shuffleFinished" : -1,
      "sortFinished" : -1,
      "hdfsBytesRead" : 12438192,
      "hdfsBytesWritten" : -1,
      "fileBytesRead" : 174787006,
      "fileBytesWritten" : 250243739,
      "mapInputRecords" : 74508,
      "mapOutputBytes" : 124039240,
      "mapOutputRecords" : 7500172,
      "combineInputRecords" : 12762726,
      "reduceInputGroups" : -1,
      "reduceInputRecords" : -1,
      "reduceShuffleBytes" : -1,
      "reduceOutputRecords" : -1,
      "spilledRecords" : 12510450,
      "mapInputBytes" : -1,
      "resourceUsageMetrics" : {
        "cumulativeCpuUsage" : 92150,
        "virtualMemoryUsage" : 783056896,
        "physicalMemoryUsage" : 255430656,
        "heapUsage" : 209190912
      },
      "location" : {
        "layers" : [ "default-rack", "Slave5" ]
      },
      "hostName" : "/default-rack/Slave5"
    } ],
    "finishTime" : 1404745439760,
    "preferredLocations" : [ {
      "layers" : [ "default-rack", "Master" ]
    }, {
      "layers" : [ "default-rack", "Slave6" ]
    }, {
      "layers" : [ "default-rack", "Slave5" ]
    } ],
    "taskType" : "MAP",
    "taskStatus" : "SUCCESS",
    "taskID" : "task_201407020230_0617_m_000021",
    "inputBytes" : 12438192,
    "inputRecords" : 74508,
    "outputBytes" : 250243739,
    "outputRecords" : 7500172
  }, {
    "startTime" : 1404745352023,
    "attempts" : [ {
      "result" : "SUCCESS",
      "startTime" : 1404743713603,
      "finishTime" : 1404743803048,
      "attemptID" : "attempt_201407020230_0617_m_000022_0",
      "shuffleFinished" : -1,
      "sortFinished" : -1,
      "hdfsBytesRead" : 12435796,
      "hdfsBytesWritten" : -1,
      "fileBytesRead" : 175168938,
      "fileBytesWritten" : 250777392,
      "mapInputRecords" : 70277,
      "mapOutputBytes" : 124313206,
      "mapOutputRecords" : 7514770,
      "combineInputRecords" : 12795647,
      "reduceInputGroups" : -1,
      "reduceInputRecords" : -1,
      "reduceShuffleBytes" : -1,
      "reduceOutputRecords" : -1,
      "spilledRecords" : 12549389,
      "mapInputBytes" : -1,
      "resourceUsageMetrics" : {
        "cumulativeCpuUsage" : 95190,
        "virtualMemoryUsage" : 781889536,
        "physicalMemoryUsage" : 253280256,
        "heapUsage" : 209190912
      },
      "location" : {
        "layers" : [ "default-rack", "Slave5" ]
      },
      "hostName" : "/default-rack/Slave5"
    } ],
    "finishTime" : 1404745441575,
    "preferredLocations" : [ {
      "layers" : [ "default-rack", "Master" ]
    }, {
      "layers" : [ "default-rack", "Slave3" ]
    }, {
      "layers" : [ "default-rack", "Slave5" ]
    } ],
    "taskType" : "MAP",
    "taskStatus" : "SUCCESS",
    "taskID" : "task_201407020230_0617_m_000022",
    "inputBytes" : 12435796,
    "inputRecords" : 70277,
    "outputBytes" : 250777392,
    "outputRecords" : 7514770
  }, {
    "startTime" : 1404745352622,
    "attempts" : [ {
      "result" : "SUCCESS",
      "startTime" : 1404744161117,
      "finishTime" : 1404744247848,
      "attemptID" : "attempt_201407020230_0617_m_000030_0",
      "shuffleFinished" : -1,
      "sortFinished" : -1,
      "hdfsBytesRead" : 12311829,
      "hdfsBytesWritten" : -1,
      "fileBytesRead" : 172754303,
      "fileBytesWritten" : 247798850,
      "mapInputRecords" : 67951,
      "mapOutputBytes" : 123101648,
      "mapOutputRecords" : 7431706,
      "combineInputRecords" : 12648622,
      "reduceInputGroups" : -1,
      "reduceInputRecords" : -1,
      "reduceShuffleBytes" : -1,
      "reduceOutputRecords" : -1,
      "spilledRecords" : 12391700,
      "mapInputBytes" : -1,
      "resourceUsageMetrics" : {
        "cumulativeCpuUsage" : 91790,
        "virtualMemoryUsage" : 786468864,
        "physicalMemoryUsage" : 257413120,
        "heapUsage" : 209190912
      },
      "location" : {
        "layers" : [ "default-rack", "Slave6" ]
      },
      "hostName" : "/default-rack/Slave6"
    } ],
    "finishTime" : 1404745439457,
    "preferredLocations" : [ {
      "layers" : [ "default-rack", "Master" ]
    }, {
      "layers" : [ "default-rack", "Slave4" ]
    }, {
      "layers" : [ "default-rack", "Slave6" ]
    } ],
    "taskType" : "MAP",
    "taskStatus" : "SUCCESS",
    "taskID" : "task_201407020230_0617_m_000030",
    "inputBytes" : 12311829,
    "inputRecords" : 67951,
    "outputBytes" : 247798850,
    "outputRecords" : 7431706
  }, {
    "startTime" : 1404745354446,
    "attempts" : [ {
      "result" : "SUCCESS",
      "startTime" : 1404743988995,
      "finishTime" : 1404744080696,
      "attemptID" : "attempt_201407020230_0617_m_000028_0",
      "shuffleFinished" : -1,
      "sortFinished" : -1,
      "hdfsBytesRead" : 12364757,
      "hdfsBytesWritten" : -1,
      "fileBytesRead" : 174941034,
      "fileBytesWritten" : 250446657,
      "mapInputRecords" : 65823,
      "mapOutputBytes" : 124117076,
      "mapOutputRecords" : 7526872,
      "combineInputRecords" : 12814396,
      "reduceInputGroups" : -1,
      "reduceInputRecords" : -1,
      "reduceShuffleBytes" : -1,
      "reduceOutputRecords" : -1,
      "spilledRecords" : 12568036,
      "mapInputBytes" : -1,
      "resourceUsageMetrics" : {
        "cumulativeCpuUsage" : 95590,
        "virtualMemoryUsage" : 782852096,
        "physicalMemoryUsage" : 254558208,
        "heapUsage" : 209190912
      },
      "location" : {
        "layers" : [ "default-rack", "Slave3" ]
      },
      "hostName" : "/default-rack/Slave3"
    } ],
    "finishTime" : 1404745446382,
    "preferredLocations" : [ {
      "layers" : [ "default-rack", "Master" ]
    }, {
      "layers" : [ "default-rack", "Slave1" ]
    }, {
      "layers" : [ "default-rack", "Slave3" ]
    } ],
    "taskType" : "MAP",
    "taskStatus" : "SUCCESS",
    "taskID" : "task_201407020230_0617_m_000028",
    "inputBytes" : 12364757,
    "inputRecords" : 65823,
    "outputBytes" : 250446657,
    "outputRecords" : 7526872
  }, {
    "startTime" : 1404745356565,
    "attempts" : [ {
      "result" : "SUCCESS",
      "startTime" : 1404743991114,
      "finishTime" : 1404744081593,
      "attemptID" : "attempt_201407020230_0617_m_000031_0",
      "shuffleFinished" : -1,
      "sortFinished" : -1,
      "hdfsBytesRead" : 12288755,
      "hdfsBytesWritten" : -1,
      "fileBytesRead" : 173005625,
      "fileBytesWritten" : 247625460,
      "mapInputRecords" : 64633,
      "mapOutputBytes" : 123285052,
      "mapOutputRecords" : 7452768,
      "combineInputRecords" : 12674697,
      "reduceInputGroups" : -1,
      "reduceInputRecords" : -1,
      "reduceShuffleBytes" : -1,
      "reduceOutputRecords" : -1,
      "spilledRecords" : 12390351,
      "mapInputBytes" : -1,
      "resourceUsageMetrics" : {
        "cumulativeCpuUsage" : 94540,
        "virtualMemoryUsage" : 786870272,
        "physicalMemoryUsage" : 252944384,
        "heapUsage" : 209190912
      },
      "location" : {
        "layers" : [ "default-rack", "Slave3" ]
      },
      "hostName" : "/default-rack/Slave3"
    } ],
    "finishTime" : 1404745447290,
    "preferredLocations" : [ {
      "layers" : [ "default-rack", "Master" ]
    }, {
      "layers" : [ "default-rack", "Slave5" ]
    }, {
      "layers" : [ "default-rack", "Slave3" ]
    } ],
    "taskType" : "MAP",
    "taskStatus" : "SUCCESS",
    "taskID" : "task_201407020230_0617_m_000031",
    "inputBytes" : 12288755,
    "inputRecords" : 64633,
    "outputBytes" : 247625460,
    "outputRecords" : 7452768
  }, {
    "startTime" : 1404745397835,
    "attempts" : [ {
      "result" : "SUCCESS",
      "startTime" : 1404745427125,
      "finishTime" : 1404745510686,
      "attemptID" : "attempt_201407020230_0617_m_000025_1",
      "shuffleFinished" : -1,
      "sortFinished" : -1,
      "hdfsBytesRead" : 12410911,
      "hdfsBytesWritten" : -1,
      "fileBytesRead" : 173705387,
      "fileBytesWritten" : 248746840,
      "mapInputRecords" : 69802,
      "mapOutputBytes" : 124147972,
      "mapOutputRecords" : 7521272,
      "combineInputRecords" : 12770255,
      "reduceInputGroups" : -1,
      "reduceInputRecords" : -1,
      "reduceShuffleBytes" : -1,
      "reduceOutputRecords" : -1,
      "spilledRecords" : 12472293,
      "mapInputBytes" : -1,
      "resourceUsageMetrics" : {
        "cumulativeCpuUsage" : 87230,
        "virtualMemoryUsage" : 784744448,
        "physicalMemoryUsage" : 256413696,
        "heapUsage" : 209190912
      },
      "location" : {
        "layers" : [ "default-rack", "Slave7" ]
      },
      "hostName" : "/default-rack/Slave7"
    }, {
      "result" : "KILLED",
      "startTime" : 1404656234673,
      "finishTime" : 1404656354493,
      "attemptID" : "attempt_201407020230_0617_m_000025_0",
      "shuffleFinished" : -1,
      "sortFinished" : -1,
      "hdfsBytesRead" : -1,
      "hdfsBytesWritten" : -1,
      "fileBytesRead" : -1,
      "fileBytesWritten" : -1,
      "mapInputRecords" : -1,
      "mapOutputBytes" : -1,
      "mapOutputRecords" : -1,
      "combineInputRecords" : -1,
      "reduceInputGroups" : -1,
      "reduceInputRecords" : -1,
      "reduceShuffleBytes" : -1,
      "reduceOutputRecords" : -1,
      "spilledRecords" : -1,
      "mapInputBytes" : -1,
      "resourceUsageMetrics" : {
        "cumulativeCpuUsage" : 0,
        "virtualMemoryUsage" : 0,
        "physicalMemoryUsage" : 0,
        "heapUsage" : 0
      },
      "location" : null,
      "hostName" : null
    } ],
    "finishTime" : 1404745514440,
    "preferredLocations" : [ {
      "layers" : [ "default-rack", "Master" ]
    }, {
      "layers" : [ "default-rack", "Slave2" ]
    }, {
      "layers" : [ "default-rack", "Slave4" ]
    } ],
    "taskType" : "MAP",
    "taskStatus" : "SUCCESS",
    "taskID" : "task_201407020230_0617_m_000025",
    "inputBytes" : 12410911,
    "inputRecords" : 69802,
    "outputBytes" : 248746840,
    "outputRecords" : 7521272
  }, {
    "startTime" : 1404745400868,
    "attempts" : [ {
      "result" : "SUCCESS",
      "startTime" : 1404656237707,
      "finishTime" : 1404656256888,
      "attemptID" : "attempt_201407020230_0617_m_000034_0",
      "shuffleFinished" : -1,
      "sortFinished" : -1,
      "hdfsBytesRead" : 2128092,
      "hdfsBytesWritten" : -1,
      "fileBytesRead" : 17957265,
      "fileBytesWritten" : 33767919,
      "mapInputRecords" : 11585,
      "mapOutputBytes" : 21375000,
      "mapOutputRecords" : 1302192,
      "combineInputRecords" : 2217729,
      "reduceInputGroups" : -1,
      "reduceInputRecords" : -1,
      "reduceShuffleBytes" : -1,
      "reduceOutputRecords" : -1,
      "spilledRecords" : 1704596,
      "mapInputBytes" : -1,
      "resourceUsageMetrics" : {
        "cumulativeCpuUsage" : 20060,
        "virtualMemoryUsage" : 782028800,
        "physicalMemoryUsage" : 277602304,
        "heapUsage" : 209190912
      },
      "location" : {
        "layers" : [ "default-rack", "Slave4" ]
      },
      "hostName" : "/default-rack/Slave4"
    } ],
    "finishTime" : 1404745420204,
    "preferredLocations" : [ {
      "layers" : [ "default-rack", "Master" ]
    }, {
      "layers" : [ "default-rack", "Slave4" ]
    }, {
      "layers" : [ "default-rack", "Slave3" ]
    } ],
    "taskType" : "MAP",
    "taskStatus" : "SUCCESS",
    "taskID" : "task_201407020230_0617_m_000034",
    "inputBytes" : 2128092,
    "inputRecords" : 11585,
    "outputBytes" : 33767919,
    "outputRecords" : 1302192
  }, {
    "startTime" : 1404745420204,
    "attempts" : [ {
      "result" : "SUCCESS",
      "startTime" : 1404745927272,
      "finishTime" : 1404746021627,
      "attemptID" : "attempt_201407020230_0617_m_000029_1",
      "shuffleFinished" : -1,
      "sortFinished" : -1,
      "hdfsBytesRead" : 12328737,
      "hdfsBytesWritten" : -1,
      "fileBytesRead" : 172681976,
      "fileBytesWritten" : 247757025,
      "mapInputRecords" : 72713,
      "mapOutputBytes" : 123026920,
      "mapOutputRecords" : 7440636,
      "combineInputRecords" : 12661402,
      "reduceInputGroups" : -1,
      "reduceInputRecords" : -1,
      "reduceShuffleBytes" : -1,
      "reduceOutputRecords" : -1,
      "spilledRecords" : 12392162,
      "mapInputBytes" : -1,
      "resourceUsageMetrics" : {
        "cumulativeCpuUsage" : 99410,
        "virtualMemoryUsage" : 786067456,
        "physicalMemoryUsage" : 256602112,
        "heapUsage" : 209190912
      },
      "location" : {
        "layers" : [ "default-rack", "Slave2" ]
      },
      "hostName" : "/default-rack/Slave2"
    }, {
      "result" : "KILLED",
      "startTime" : 1404656257042,
      "finishTime" : 1404656366277,
      "attemptID" : "attempt_201407020230_0617_m_000029_0",
      "shuffleFinished" : -1,
      "sortFinished" : -1,
      "hdfsBytesRead" : -1,
      "hdfsBytesWritten" : -1,
      "fileBytesRead" : -1,
      "fileBytesWritten" : -1,
      "mapInputRecords" : -1,
      "mapOutputBytes" : -1,
      "mapOutputRecords" : -1,
      "combineInputRecords" : -1,
      "reduceInputGroups" : -1,
      "reduceInputRecords" : -1,
      "reduceShuffleBytes" : -1,
      "reduceOutputRecords" : -1,
      "spilledRecords" : -1,
      "mapInputBytes" : -1,
      "resourceUsageMetrics" : {
        "cumulativeCpuUsage" : 0,
        "virtualMemoryUsage" : 0,
        "physicalMemoryUsage" : 0,
        "heapUsage" : 0
      },
      "location" : null,
      "hostName" : null
    } ],
    "finishTime" : 1404745525402,
    "preferredLocations" : [ {
      "layers" : [ "default-rack", "Master" ]
    }, {
      "layers" : [ "default-rack", "Slave2" ]
    }, {
      "layers" : [ "default-rack", "Slave1" ]
    } ],
    "taskType" : "MAP",
    "taskStatus" : "SUCCESS",
    "taskID" : "task_201407020230_0617_m_000029",
    "inputBytes" : 12328737,
    "inputRecords" : 72713,
    "outputBytes" : 247757025,
    "outputRecords" : 7440636
  }, {
    "startTime" : 1404745428253,
    "attempts" : [ {
      "result" : "SUCCESS",
      "startTime" : 1404745424706,
      "finishTime" : 1404745506670,
      "attemptID" : "attempt_201407020230_0617_m_000032_0",
      "shuffleFinished" : -1,
      "sortFinished" : -1,
      "hdfsBytesRead" : 12075278,
      "hdfsBytesWritten" : -1,
      "fileBytesRead" : 170080796,
      "fileBytesWritten" : 244405322,
      "mapInputRecords" : 63723,
      "mapOutputBytes" : 121122984,
      "mapOutputRecords" : 7324142,
      "combineInputRecords" : 12477189,
      "reduceInputGroups" : -1,
      "reduceInputRecords" : -1,
      "reduceShuffleBytes" : -1,
      "reduceOutputRecords" : -1,
      "spilledRecords" : 12232651,
      "mapInputBytes" : -1,
      "resourceUsageMetrics" : {
        "cumulativeCpuUsage" : 85460,
        "virtualMemoryUsage" : 783818752,
        "physicalMemoryUsage" : 286142464,
        "heapUsage" : 209190912
      },
      "location" : {
        "layers" : [ "default-rack", "Slave7" ]
      },
      "hostName" : "/default-rack/Slave7"
    }, {
      "result" : "KILLED",
      "startTime" : 1404745432367,
      "finishTime" : 1404745513502,
      "attemptID" : "attempt_201407020230_0617_m_000032_1",
      "shuffleFinished" : -1,
      "sortFinished" : -1,
      "hdfsBytesRead" : -1,
      "hdfsBytesWritten" : -1,
      "fileBytesRead" : -1,
      "fileBytesWritten" : -1,
      "mapInputRecords" : -1,
      "mapOutputBytes" : -1,
      "mapOutputRecords" : -1,
      "combineInputRecords" : -1,
      "reduceInputGroups" : -1,
      "reduceInputRecords" : -1,
      "reduceShuffleBytes" : -1,
      "reduceOutputRecords" : -1,
      "spilledRecords" : -1,
      "mapInputBytes" : -1,
      "resourceUsageMetrics" : {
        "cumulativeCpuUsage" : 0,
        "virtualMemoryUsage" : 0,
        "physicalMemoryUsage" : 0,
        "heapUsage" : 0
      },
      "location" : null,
      "hostName" : null
    } ],
    "finishTime" : 1404745510518,
    "preferredLocations" : [ {
      "layers" : [ "default-rack", "Master" ]
    }, {
      "layers" : [ "default-rack", "Slave2" ]
    }, {
      "layers" : [ "default-rack", "Slave3" ]
    } ],
    "taskType" : "MAP",
    "taskStatus" : "SUCCESS",
    "taskID" : "task_201407020230_0617_m_000032",
    "inputBytes" : 12075278,
    "inputRecords" : 63723,
    "outputBytes" : 244405322,
    "outputRecords" : 7324142
  }, {
    "startTime" : 1404745429346,
    "attempts" : [ {
      "result" : "SUCCESS",
      "startTime" : 1404745429348,
      "finishTime" : 1404745520804,
      "attemptID" : "attempt_201407020230_0617_m_000033_0",
      "shuffleFinished" : -1,
      "sortFinished" : -1,
      "hdfsBytesRead" : 11856605,
      "hdfsBytesWritten" : -1,
      "fileBytesRead" : 167031377,
      "fileBytesWritten" : 240320893,
      "mapInputRecords" : 63860,
      "mapOutputBytes" : 118874456,
      "mapOutputRecords" : 7200068,
      "combineInputRecords" : 12287959,
      "reduceInputGroups" : -1,
      "reduceInputRecords" : -1,
      "reduceShuffleBytes" : -1,
      "reduceOutputRecords" : -1,
      "spilledRecords" : 12046964,
      "mapInputBytes" : -1,
      "resourceUsageMetrics" : {
        "cumulativeCpuUsage" : 96260,
        "virtualMemoryUsage" : 774660096,
        "physicalMemoryUsage" : 254529536,
        "heapUsage" : 209190912
      },
      "location" : {
        "layers" : [ "default-rack", "Master" ]
      },
      "hostName" : "/default-rack/Master"
    }, {
      "result" : "KILLED",
      "startTime" : 1404745018256,
      "finishTime" : 1404745109391,
      "attemptID" : "attempt_201407020230_0617_m_000033_1",
      "shuffleFinished" : -1,
      "sortFinished" : -1,
      "hdfsBytesRead" : -1,
      "hdfsBytesWritten" : -1,
      "fileBytesRead" : -1,
      "fileBytesWritten" : -1,
      "mapInputRecords" : -1,
      "mapOutputBytes" : -1,
      "mapOutputRecords" : -1,
      "combineInputRecords" : -1,
      "reduceInputGroups" : -1,
      "reduceInputRecords" : -1,
      "reduceShuffleBytes" : -1,
      "reduceOutputRecords" : -1,
      "spilledRecords" : -1,
      "mapInputBytes" : -1,
      "resourceUsageMetrics" : {
        "cumulativeCpuUsage" : 0,
        "virtualMemoryUsage" : 0,
        "physicalMemoryUsage" : 0,
        "heapUsage" : 0
      },
      "location" : null,
      "hostName" : null
    } ],
    "finishTime" : 1404745521088,
    "preferredLocations" : [ {
      "layers" : [ "default-rack", "Master" ]
    }, {
      "layers" : [ "default-rack", "Slave1" ]
    }, {
      "layers" : [ "default-rack", "Slave2" ]
    } ],
    "taskType" : "MAP",
    "taskStatus" : "SUCCESS",
    "taskID" : "task_201407020230_0617_m_000033",
    "inputBytes" : 11856605,
    "inputRecords" : 63860,
    "outputBytes" : 240320893,
    "outputRecords" : 7200068
  } ],
  "finishTime" : 1404745749911,
  "reduceTasks" : [ {
    "startTime" : 1404745334882,
    "attempts" : [ {
      "result" : "SUCCESS",
      "startTime" : 1404745831259,
      "finishTime" : 1404746210268,
      "attemptID" : "attempt_201407020230_0617_r_000000_0",
      "shuffleFinished" : 1404746055106,
      "sortFinished" : 1404746055142,
      "hdfsBytesRead" : -1,
      "hdfsBytesWritten" : 87867063,
      "fileBytesRead" : 365684494,
      "fileBytesWritten" : 365743867,
      "mapInputRecords" : -1,
      "mapOutputBytes" : -1,
      "mapOutputRecords" : -1,
      "combineInputRecords" : 24410962,
      "reduceInputGroups" : 14292574,
      "reduceInputRecords" : 17674461,
      "reduceShuffleBytes" : 519999728,
      "reduceOutputRecords" : 14292574,
      "spilledRecords" : 16949726,
      "mapInputBytes" : -1,
      "resourceUsageMetrics" : {
        "cumulativeCpuUsage" : 336990,
        "virtualMemoryUsage" : 1012101120,
        "physicalMemoryUsage" : 503828480,
        "heapUsage" : 418906112
      },
      "location" : {
        "layers" : [ "default-rack", "Slave2" ]
      },
      "hostName" : "/default-rack/Slave2"
    }, {
      "result" : "KILLED",
      "startTime" : 1404745143247,
      "finishTime" : 1404745301361,
      "attemptID" : "attempt_201407020230_0617_r_000000_1",
      "shuffleFinished" : -1,
      "sortFinished" : -1,
      "hdfsBytesRead" : -1,
      "hdfsBytesWritten" : -1,
      "fileBytesRead" : -1,
      "fileBytesWritten" : -1,
      "mapInputRecords" : -1,
      "mapOutputBytes" : -1,
      "mapOutputRecords" : -1,
      "combineInputRecords" : -1,
      "reduceInputGroups" : -1,
      "reduceInputRecords" : -1,
      "reduceShuffleBytes" : -1,
      "reduceOutputRecords" : -1,
      "spilledRecords" : -1,
      "mapInputBytes" : -1,
      "resourceUsageMetrics" : {
        "cumulativeCpuUsage" : 0,
        "virtualMemoryUsage" : 0,
        "physicalMemoryUsage" : 0,
        "heapUsage" : 0
      },
      "location" : null,
      "hostName" : null
    } ],
    "finishTime" : 1404745714030,
    "preferredLocations" : [ ],
    "taskType" : "REDUCE",
    "taskStatus" : "SUCCESS",
    "taskID" : "task_201407020230_0617_r_000000",
    "inputBytes" : 519999728,
    "inputRecords" : 17674461,
    "outputBytes" : 87867063,
    "outputRecords" : 14292574
  }, {
    "startTime" : 1404745334886,
    "attempts" : [ {
      "result" : "SUCCESS",
      "startTime" : 1404745334888,
      "finishTime" : 1404745710066,
      "attemptID" : "attempt_201407020230_0617_r_000001_0",
      "shuffleFinished" : 1404745557193,
      "sortFinished" : 1404745557230,
      "hdfsBytesRead" : -1,
      "hdfsBytesWritten" : 87920220,
      "fileBytesRead" : 366004554,
      "fileBytesWritten" : 366063927,
      "mapInputRecords" : -1,
      "mapOutputBytes" : -1,
      "mapOutputRecords" : -1,
      "combineInputRecords" : 24436535,
      "reduceInputGroups" : 14303784,
      "reduceInputRecords" : 17692184,
      "reduceShuffleBytes" : 520463961,
      "reduceOutputRecords" : 14303784,
      "spilledRecords" : 16966332,
      "mapInputBytes" : -1,
      "resourceUsageMetrics" : {
        "cumulativeCpuUsage" : 305460,
        "virtualMemoryUsage" : 1013161984,
        "physicalMemoryUsage" : 506073088,
        "heapUsage" : 418906112
      },
      "location" : {
        "layers" : [ "default-rack", "Master" ]
      },
      "hostName" : "/default-rack/Master"
    } ],
    "finishTime" : 1404745710270,
    "preferredLocations" : [ ],
    "taskType" : "REDUCE",
    "taskStatus" : "SUCCESS",
    "taskID" : "task_201407020230_0617_r_000001",
    "inputBytes" : 520463961,
    "inputRecords" : 17692184,
    "outputBytes" : 87920220,
    "outputRecords" : 14303784
  }, {
    "startTime" : 1404745334895,
    "attempts" : [ {
      "result" : "SUCCESS",
      "startTime" : 1404743969446,
      "finishTime" : 1404744338752,
      "attemptID" : "attempt_201407020230_0617_r_000002_0",
      "shuffleFinished" : 1404744190477,
      "sortFinished" : 1404744190507,
      "hdfsBytesRead" : -1,
      "hdfsBytesWritten" : 87944741,
      "fileBytesRead" : 366151574,
      "fileBytesWritten" : 366210947,
      "mapInputRecords" : -1,
      "mapOutputBytes" : -1,
      "mapOutputRecords" : -1,
      "combineInputRecords" : 24435494,
      "reduceInputGroups" : 14306967,
      "reduceInputRecords" : 17697422,
      "reduceShuffleBytes" : 520502853,
      "reduceOutputRecords" : 14306967,
      "spilledRecords" : 16972416,
      "mapInputBytes" : -1,
      "resourceUsageMetrics" : {
        "cumulativeCpuUsage" : 310500,
        "virtualMemoryUsage" : 1012604928,
        "physicalMemoryUsage" : 499253248,
        "heapUsage" : 418906112
      },
      "location" : {
        "layers" : [ "default-rack", "Slave3" ]
      },
      "hostName" : "/default-rack/Slave3"
    } ],
    "finishTime" : 1404745704414,
    "preferredLocations" : [ ],
    "taskType" : "REDUCE",
    "taskStatus" : "SUCCESS",
    "taskID" : "task_201407020230_0617_r_000002",
    "inputBytes" : 520502853,
    "inputRecords" : 17697422,
    "outputBytes" : 87944741,
    "outputRecords" : 14306967
  }, {
    "startTime" : 1404745334976,
    "attempts" : [ {
      "result" : "SUCCESS",
      "startTime" : 1404656171819,
      "finishTime" : 1404656585740,
      "attemptID" : "attempt_201407020230_0617_r_000003_0",
      "shuffleFinished" : 1404656402565,
      "sortFinished" : 1404656402603,
      "hdfsBytesRead" : -1,
      "hdfsBytesWritten" : 87918303,
      "fileBytesRead" : 365987972,
      "fileBytesWritten" : 366047345,
      "mapInputRecords" : -1,
      "mapOutputBytes" : -1,
      "mapOutputRecords" : -1,
      "combineInputRecords" : 24418198,
      "reduceInputGroups" : 14300997,
      "reduceInputRecords" : 17688862,
      "reduceShuffleBytes" : 520283359,
      "reduceOutputRecords" : 14300997,
      "spilledRecords" : 16962224,
      "mapInputBytes" : -1,
      "resourceUsageMetrics" : {
        "cumulativeCpuUsage" : 384720,
        "virtualMemoryUsage" : 1014747136,
        "physicalMemoryUsage" : 499593216,
        "heapUsage" : 418906112
      },
      "location" : {
        "layers" : [ "default-rack", "Slave4" ]
      },
      "hostName" : "/default-rack/Slave4"
    } ],
    "finishTime" : 1404745749003,
    "preferredLocations" : [ ],
    "taskType" : "REDUCE",
    "taskStatus" : "SUCCESS",
    "taskID" : "task_201407020230_0617_r_000003",
    "inputBytes" : 520283359,
    "inputRecords" : 17688862,
    "outputBytes" : 87918303,
    "outputRecords" : 14300997
  }, {
    "startTime" : 1404745335040,
    "attempts" : [ {
      "result" : "SUCCESS",
      "startTime" : 1404745331497,
      "finishTime" : 1404745692966,
      "attemptID" : "attempt_201407020230_0617_r_000004_0",
      "shuffleFinished" : 1404745546537,
      "sortFinished" : 1404745546574,
      "hdfsBytesRead" : -1,
      "hdfsBytesWritten" : 87925031,
      "fileBytesRead" : 356943605,
      "fileBytesWritten" : 357002978,
      "mapInputRecords" : -1,
      "mapOutputBytes" : -1,
      "mapOutputRecords" : -1,
      "combineInputRecords" : 23729404,
      "reduceInputGroups" : 14301533,
      "reduceInputRecords" : 17990518,
      "reduceShuffleBytes" : 520577188,
      "reduceOutputRecords" : 14301533,
      "spilledRecords" : 16552543,
      "mapInputBytes" : -1,
      "resourceUsageMetrics" : {
        "cumulativeCpuUsage" : 291020,
        "virtualMemoryUsage" : 1012064256,
        "physicalMemoryUsage" : 494735360,
        "heapUsage" : 418906112
      },
      "location" : {
        "layers" : [ "default-rack", "Slave7" ]
      },
      "hostName" : "/default-rack/Slave7"
    } ],
    "finishTime" : 1404745696713,
    "preferredLocations" : [ ],
    "taskType" : "REDUCE",
    "taskStatus" : "SUCCESS",
    "taskID" : "task_201407020230_0617_r_000004",
    "inputBytes" : 520577188,
    "inputRecords" : 17990518,
    "outputBytes" : 87925031,
    "outputRecords" : 14301533
  } ],
  "submitTime" : 1404745218142,
  "launchTime" : 1404745218239,
  "totalMaps" : 35,
  "totalReduces" : 5,
  "otherTasks" : [ {
    "startTime" : 1404745218240,
    "attempts" : [ {
      "result" : "SUCCESS",
      "startTime" : 1404743852884,
      "finishTime" : 1404743854407,
      "attemptID" : "attempt_201407020230_0617_m_000036_0",
      "shuffleFinished" : -1,
      "sortFinished" : -1,
      "hdfsBytesRead" : -1,
      "hdfsBytesWritten" : -1,
      "fileBytesRead" : -1,
      "fileBytesWritten" : 59467,
      "mapInputRecords" : -1,
      "mapOutputBytes" : -1,
      "mapOutputRecords" : -1,
      "combineInputRecords" : -1,
      "reduceInputGroups" : -1,
      "reduceInputRecords" : -1,
      "reduceShuffleBytes" : -1,
      "reduceOutputRecords" : -1,
      "spilledRecords" : 0,
      "mapInputBytes" : -1,
      "resourceUsageMetrics" : {
        "cumulativeCpuUsage" : 160,
        "virtualMemoryUsage" : 776830976,
        "physicalMemoryUsage" : 114987008,
        "heapUsage" : 201326592
      },
      "location" : {
        "layers" : [ "default-rack", "Slave3" ]
      },
      "hostName" : "/default-rack/Slave3"
    } ],
    "finishTime" : 1404745220056,
    "preferredLocations" : [ ],
    "taskType" : "SETUP",
    "taskStatus" : "SUCCESS",
    "taskID" : "task_201407020230_0617_m_000036",
    "inputBytes" : -1,
    "inputRecords" : -1,
    "outputBytes" : -1,
    "outputRecords" : -1
  }, {
    "startTime" : 1404745749004,
    "attempts" : [ {
      "result" : "SUCCESS",
      "startTime" : 1404656585824,
      "finishTime" : 1404656586563,
      "attemptID" : "attempt_201407020230_0617_m_000035_0",
      "shuffleFinished" : -1,
      "sortFinished" : -1,
      "hdfsBytesRead" : -1,
      "hdfsBytesWritten" : -1,
      "fileBytesRead" : -1,
      "fileBytesWritten" : 59467,
      "mapInputRecords" : -1,
      "mapOutputBytes" : -1,
      "mapOutputRecords" : -1,
      "combineInputRecords" : -1,
      "reduceInputGroups" : -1,
      "reduceInputRecords" : -1,
      "reduceShuffleBytes" : -1,
      "reduceOutputRecords" : -1,
      "spilledRecords" : 0,
      "mapInputBytes" : -1,
      "resourceUsageMetrics" : {
        "cumulativeCpuUsage" : 150,
        "virtualMemoryUsage" : 781692928,
        "physicalMemoryUsage" : 122544128,
        "heapUsage" : 201326592
      },
      "location" : {
        "layers" : [ "default-rack", "Slave4" ]
      },
      "hostName" : "/default-rack/Slave4"
    } ],
    "finishTime" : 1404745749911,
    "preferredLocations" : [ ],
    "taskType" : "CLEANUP",
    "taskStatus" : "SUCCESS",
    "taskID" : "task_201407020230_0617_m_000035",
    "inputBytes" : -1,
    "inputRecords" : -1,
    "outputBytes" : -1,
    "outputRecords" : -1
  } ],
  "queue" : "default",
  "jobProperties" : {
    "fs.s3n.impl" : "org.apache.hadoop.fs.s3native.NativeS3FileSystem",
    "mapred.task.cache.levels" : "2",
    "mapreduce.job.restart.recover" : "true",
    "mapreduce.job.counters.max" : "120",
    "dfs.client.use.datanode.hostname" : "false",
    "hadoop.tmp.dir" : "/tmp/hadoop-${user.name}",
    "hadoop.native.lib" : "true",
    "map.sort.class" : "org.apache.hadoop.util.QuickSort",
    "dfs.namenode.decommission.nodes.per.interval" : "5",
    "dfs.https.need.client.auth" : "false",
    "dfs.datanode.drop.cache.behind.writes" : "false",
    "ipc.client.idlethreshold" : "4000",
    "mapred.system.dir" : "${hadoop.tmp.dir}/mapred/system",
    "dfs.datanode.data.dir.perm" : "755",
    "mapred.job.tracker.persist.jobstatus.hours" : "0",
    "dfs.namenode.logging.level" : "info",
    "dfs.datanode.address" : "0.0.0.0:50010",
    "io.skip.checksum.errors" : "false",
    "dfs.block.access.token.enable" : "false",
    "fs.default.name" : "hdfs://Master:9000",
    "mapred.cluster.reduce.memory.mb" : "-1",
    "mapred.reducer.new-api" : "true",
    "mapred.child.tmp" : "./tmp",
    "fs.har.impl.disable.cache" : "true",
    "dfs.safemode.threshold.pct" : "0.999f",
    "mapred.skip.reduce.max.skip.groups" : "0",
    "mapred.heartbeats.in.second" : "100",
    "dfs.namenode.handler.count" : "10",
    "dfs.blockreport.initialDelay" : "0",
    "mapred.tasktracker.dns.nameserver" : "default",
    "io.sort.factor" : "10",
    "dfs.datanode.drop.cache.behind.reads" : "false",
    "mapred.task.timeout" : "600000",
    "mapred.max.tracker.failures" : "4",
    "hadoop.rpc.socket.factory.class.default" : "org.apache.hadoop.net.StandardSocketFactory",
    "mapred.job.tracker.jobhistory.lru.cache.size" : "5",
    "fs.hdfs.impl" : "org.apache.hadoop.hdfs.DistributedFileSystem",
    "mapred.queue.default.acl-administer-jobs" : "*",
    "dfs.namenode.stale.datanode.interval" : "30000",
    "mapred.output.key.class" : "WordPair",
    "dfs.block.access.key.update.interval" : "600",
    "mapred.skip.map.auto.incr.proc.count" : "true",
    "mapreduce.job.complete.cancel.delegation.tokens" : "true",
    "io.mapfile.bloom.size" : "1048576",
    "mapreduce.reduce.shuffle.connect.timeout" : "180000",
    "dfs.safemode.extension" : "30000",
    "mapred.jobtracker.blacklist.fault-timeout-window" : "180",
    "dfs.namenode.write.stale.datanode.ratio" : "0.5f",
    "hadoop.skip.worker.version.check" : "false",
    "tasktracker.http.threads" : "40",
    "net.topology.impl" : "org.apache.hadoop.net.NetworkTopology",
    "mapred.job.shuffle.merge.percent" : "0.5",
    "fs.ftp.impl" : "org.apache.hadoop.fs.ftp.FTPFileSystem",
    "user.name" : "trend-hadoop",
    "dfs.namenode.kerberos.internal.spnego.principal" : "${dfs.web.authentication.kerberos.principal}",
    "mapred.output.compress" : "true",
    "io.bytes.per.checksum" : "512",
    "mapred.combine.recordsBeforeProgress" : "10000",
    "mapred.healthChecker.script.timeout" : "600000",
    "topology.node.switch.mapping.impl" : "org.apache.hadoop.net.ScriptBasedMapping",
    "dfs.https.server.keystore.resource" : "ssl-server.xml",
    "mapred.reduce.slowstart.completed.maps" : "0.07",
    "mapred.reduce.max.attempts" : "4",
    "dfs.namenode.safemode.min.datanodes" : "0",
    "mapreduce.ifile.readahead.bytes" : "4194304",
    "fs.ramfs.impl" : "org.apache.hadoop.fs.InMemoryFileSystem",
    "dfs.block.access.token.lifetime" : "600",
    "mapred.skip.map.max.skip.records" : "0",
    "dfs.name.edits.dir" : "${dfs.name.dir}",
    "mapred.cluster.map.memory.mb" : "-1",
    "hadoop.security.group.mapping" : "org.apache.hadoop.security.ShellBasedUnixGroupsMapping",
    "mapred.job.tracker.persist.jobstatus.dir" : "/jobtracker/jobsInfo",
    "mapred.jar" : "hdfs://Master:9000/tmp/hadoop-trend-hadoop/mapred/staging/trend-hadoop/.staging/job_201407020230_0617/job.jar",
    "fs.s3.buffer.dir" : "${hadoop.tmp.dir}/s3",
    "dfs.block.size" : "67108864",
    "job.end.retry.attempts" : "0",
    "fs.file.impl" : "org.apache.hadoop.fs.LocalFileSystem",
    "dfs.namenode.avoid.write.stale.datanode" : "false",
    "dfs.datanode.max.xcievers" : "4096",
    "mapred.local.dir.minspacestart" : "0",
    "mapred.output.compression.type" : "RECORD",
    "dfs.datanode.ipc.address" : "0.0.0.0:50020",
    "dfs.permissions" : "true",
    "topology.script.number.args" : "100",
    "mapreduce.job.counters.groups.max" : "50",
    "io.mapfile.bloom.error.rate" : "0.005",
    "mapred.cluster.max.reduce.memory.mb" : "-1",
    "mapred.max.tracker.blacklists" : "4",
    "mapred.task.profile.maps" : "0-2",
    "mapred.jobtracker.jobSchedulable" : "org.apache.hadoop.mapred.JobSchedulable",
    "dfs.datanode.https.address" : "0.0.0.0:50475",
    "mapred.userlog.retain.hours" : "24",
    "dfs.secondary.http.address" : "0.0.0.0:50090",
    "dfs.namenode.replication.work.multiplier.per.iteration" : "2",
    "dfs.replication.max" : "512",
    "mapred.job.tracker.persist.jobstatus.active" : "false",
    "hadoop.security.authorization" : "false",
    "local.cache.size" : "10737418240",
    "mapred.min.split.size" : "67108864",
    "dfs.namenode.delegation.token.renew-interval" : "86400000",
    "mapred.map.tasks" : "35",
    "mapred.child.java.opts" : "-Xmx200m",
    "mapred.output.value.class" : "org.apache.hadoop.io.IntWritable",
    "dfs.https.client.keystore.resource" : "ssl-client.xml",
    "ipc.client.fallback-to-simple-auth-allowed" : "false",
    "mapred.job.queue.name" : "default",
    "mapred.job.tracker.retiredjobs.cache.size" : "1000",
    "dfs.https.address" : "0.0.0.0:50470",
    "dfs.balance.bandwidthPerSec" : "1048576",
    "ipc.server.listen.queue.size" : "128",
    "dfs.namenode.invalidate.work.pct.per.iteration" : "0.32f",
    "mapred.inmem.merge.threshold" : "1100",
    "job.end.retry.interval" : "30000",
    "mapred.skip.attempts.to.start.skipping" : "2",
    "mapreduce.tasktracker.outofband.heartbeat.damper" : "1000000",
    "hadoop.security.use-weak-http-crypto" : "false",
    "fs.checkpoint.dir" : "${hadoop.tmp.dir}/dfs/namesecondary",
    "dfs.namenode.avoid.read.stale.datanode" : "false",
    "mapred.reduce.tasks" : "5",
    "mapred.merge.recordsBeforeProgress" : "10000",
    "mapred.userlog.limit.kb" : "0",
    "mapred.job.reduce.memory.mb" : "-1",
    "webinterface.private.actions" : "false",
    "dfs.max.objects" : "0",
    "hadoop.security.token.service.use_ip" : "true",
    "io.sort.spill.percent" : "0.9",
    "mapred.job.shuffle.input.buffer.percent" : "0.8",
    "mapred.map.tasks.speculative.execution" : "true",
    "hadoop.http.authentication.type" : "simple",
    "mapred.job.name" : "pairs-co-occur",
    "hadoop.util.hash.type" : "murmur",
    "dfs.datanode.dns.nameserver" : "default",
    "hadoop.security.instrumentation.requires.admin" : "false",
    "dfs.blockreport.intervalMsec" : "3600000",
    "dfs.datanode.readahead.bytes" : "4193404",
    "mapred.map.max.attempts" : "4",
    "mapreduce.job.acl-view-job" : " ",
    "mapreduce.ifile.readahead" : "true",
    "mapred.jobtracker.nodegroup.aware" : "false",
    "mapred.job.tracker.handler.count" : "10",
    "dfs.client.block.write.retries" : "3",
    "mapreduce.reduce.shuffle.read.timeout" : "180000",
    "mapred.tasktracker.expiry.interval" : "600000",
    "dfs.secondary.namenode.kerberos.internal.spnego.principal" : "${dfs.web.authentication.kerberos.principal}",
    "dfs.https.enable" : "false",
    "mapred.jobtracker.job.history.block.size" : "3145728",
    "mapred.jobtracker.maxtasks.per.job" : "-1",
    "keep.failed.task.files" : "false",
    "dfs.datanode.use.datanode.hostname" : "false",
    "dfs.datanode.failed.volumes.tolerated" : "0",
    "ipc.client.tcpnodelay" : "false",
    "mapred.task.profile.reduces" : "0-2",
    "io.map.index.skip" : "0",
    "mapred.output.compression.codec" : "org.apache.hadoop.io.compress.DefaultCodec",
    "hadoop.http.authentication.token.validity" : "36000",
    "ipc.server.tcpnodelay" : "false",
    "hadoop.jetty.logs.serve.aliases" : "true",
    "mapred.working.dir" : "hdfs://Master:9000/user/trend-hadoop",
    "mapred.jobtracker.blacklist.fault-bucket-width" : "15",
    "dfs.namenode.delegation.key.update-interval" : "86400000",
    "mapred.used.genericoptionsparser" : "true",
    "mapred.job.map.memory.mb" : "-1",
    "mapred.mapper.new-api" : "true",
    "dfs.default.chunk.view.size" : "32768",
    "hadoop.logfile.size" : "10000000",
    "mapred.reduce.tasks.speculative.execution" : "true",
    "mapreduce.tasktracker.outofband.heartbeat" : "false",
    "mapreduce.job.dir" : "hdfs://Master:9000/tmp/hadoop-trend-hadoop/mapred/staging/trend-hadoop/.staging/job_201407020230_0617",
    "mapreduce.reduce.input.limit" : "-1",
    "dfs.datanode.du.reserved" : "0",
    "dfs.datanode.sync.behind.writes" : "false",
    "hadoop.security.authentication" : "simple",
    "fs.checkpoint.period" : "3600",
    "mapred.job.reuse.jvm.num.tasks" : "16",
    "dfs.web.ugi" : "webuser,webgroup",
    "mapred.jobtracker.completeuserjobs.maximum" : "100",
    "dfs.df.interval" : "60000",
    "mapred.task.tracker.task-controller" : "org.apache.hadoop.mapred.DefaultTaskController",
    "dfs.data.dir" : "${hadoop.tmp.dir}/dfs/data",
    "fs.s3.maxRetries" : "4",
    "dfs.datanode.dns.interface" : "default",
    "mapred.cluster.max.map.memory.mb" : "-1",
    "mapreduce.reduce.shuffle.maxfetchfailures" : "10",
    "mapred.map.child.java.opts" : "-Xmx200M",
    "mapreduce.job.acl-modify-job" : " ",
    "fs.hftp.impl" : "org.apache.hadoop.hdfs.HftpFileSystem",
    "mapred.local.dir" : "${hadoop.tmp.dir}/mapred/local",
    "dfs.permissions.supergroup" : "supergroup",
    "fs.s3.sleepTimeSeconds" : "10",
    "fs.trash.interval" : "0",
    "mapred.submit.replication" : "10",
    "dfs.replication.min" : "1",
    "fs.har.impl" : "org.apache.hadoop.fs.HarFileSystem",
    "hadoop.relaxed.worker.version.check" : "false",
    "mapred.map.output.compression.codec" : "org.apache.hadoop.io.compress.DefaultCodec",
    "mapred.tasktracker.dns.interface" : "default",
    "dfs.http.address" : "0.0.0.0:50070",
    "dfs.namenode.decommission.interval" : "30",
    "mapred.job.tracker" : "Master:9001",
    "dfs.heartbeat.interval" : "3",
    "hadoop.http.authentication.signature.secret.file" : "${user.home}/hadoop-http-auth-signature-secret",
    "io.seqfile.sorter.recordlimit" : "1000000",
    "mapreduce.job.submithost" : "Master",
    "dfs.name.dir" : "${hadoop.tmp.dir}/dfs/name",
    "mapred.jobtracker.taskScheduler" : "org.apache.hadoop.mapred.JobQueueTaskScheduler",
    "mapred.line.input.format.linespermap" : "1",
    "dfs.datanode.http.address" : "0.0.0.0:50075",
    "fs.webhdfs.impl" : "org.apache.hadoop.hdfs.web.WebHdfsFileSystem",
    "mapred.local.dir.minspacekill" : "0",
    "dfs.image.transfer.bandwidthPerSec" : "0",
    "dfs.replication.interval" : "3",
    "io.sort.record.percent" : "0.05",
    "hadoop.http.authentication.kerberos.principal" : "HTTP/localhost@LOCALHOST",
    "mapreduce.reduce.class" : "PairsReducer",
    "fs.kfs.impl" : "org.apache.hadoop.fs.kfs.KosmosFileSystem",
    "mapred.tasktracker.reduce.tasks.maximum" : "4",
    "mapred.temp.dir" : "${hadoop.tmp.dir}/mapred/temp",
    "dfs.replication" : "3",
    "fs.checkpoint.edits.dir" : "${fs.checkpoint.dir}",
    "mapreduce.jobhistory.max-age-ms" : "2592000000",
    "mapred.tasktracker.tasks.sleeptime-before-sigkill" : "5000",
    "mapred.job.reduce.input.buffer.percent" : "0.5",
    "mapred.tasktracker.indexcache.mb" : "10",
    "dfs.webhdfs.enabled" : "false",
    "mapreduce.job.split.metainfo.maxsize" : "10000000",
    "hadoop.logfile.count" : "10",
    "mapred.skip.reduce.auto.incr.proc.count" : "true",
    "mapreduce.job.submithostaddress" : "192.168.168.50",
    "io.seqfile.compress.blocksize" : "1000000",
    "fs.s3.block.size" : "67108864",
    "mapred.tasktracker.taskmemorymanager.monitoring-interval" : "5000",
    "hadoop.http.authentication.simple.anonymous.allowed" : "true",
    "mapreduce.jobtracker.staging.root.dir" : "${hadoop.tmp.dir}/mapred/staging",
    "mapred.acls.enabled" : "false",
    "mapred.queue.default.state" : "RUNNING",
    "mapred.queue.names" : "default",
    "fs.hsftp.impl" : "org.apache.hadoop.hdfs.HsftpFileSystem",
    "dfs.access.time.precision" : "3600000",
    "mapred.task.tracker.http.address" : "0.0.0.0:50060",
    "mapreduce.combine.class" : "PairsReducer",
    "io.seqfile.lazydecompress" : "true",
    "mapred.reduce.parallel.copies" : "5",
    "mapred.disk.healthChecker.interval" : "60000",
    "mapred.output.dir" : "/wiki-out",
    "ipc.client.connection.maxidletime" : "10000",
    "io.sort.mb" : "100",
    "mapred.reduce.child.java.opts" : "-Xmx400M",
    "mapred.task.tracker.report.address" : "127.0.0.1:0",
    "hadoop.security.uid.cache.secs" : "14400",
    "mapred.compress.map.output" : "false",
    "ipc.client.kill.max" : "10",
    "mapred.healthChecker.interval" : "60000",
    "ipc.client.connect.max.retries" : "10",
    "mapreduce.map.class" : "PairsOccurrenceMapper",
    "fs.s3.impl" : "org.apache.hadoop.fs.s3.S3FileSystem",
    "mapred.user.jobconf.limit" : "5242880",
    "mapreduce.job.counters.group.name.max" : "128",
    "mapred.job.tracker.http.address" : "0.0.0.0:50030",
    "mapred.input.dir" : "hdfs://Master:9000/wiki-in400M",
    "io.file.buffer.size" : "4096",
    "mapred.jobtracker.restart.recover" : "false",
    "io.serializations" : "org.apache.hadoop.io.serializer.WritableSerialization",
    "mapred.task.profile" : "false",
    "dfs.datanode.handler.count" : "3",
    "mapreduce.input.num.files" : "35",
    "mapreduce.jobhistory.cleaner.interval-ms" : "86400000",
    "dfs.replication.considerLoad" : "true",
    "jobclient.output.filter" : "FAILED",
    "dfs.namenode.edits.toleration.length" : "0",
    "hadoop.http.authentication.kerberos.keytab" : "${user.home}/hadoop.keytab",
    "dfs.namenode.delegation.token.max-lifetime" : "604800000",
    "mapred.tasktracker.map.tasks.maximum" : "2",
    "fs.checkpoint.size" : "67108864",
    "io.compression.codecs" : "org.apache.hadoop.io.compress.DefaultCodec,org.apache.hadoop.io.compress.GzipCodec,org.apache.hadoop.io.compress.BZip2Codec,org.apache.hadoop.io.compress.SnappyCodec",
    "mapreduce.job.counters.counter.name.max" : "64"
  },
  "computonsPerMapInputByte" : -1,
  "computonsPerMapOutputByte" : -1,
  "computonsPerReduceInputByte" : -1,
  "computonsPerReduceOutputByte" : -1,
  "heapMegabytes" : 200,
  "outcome" : "SUCCESS",
  "jobtype" : "JAVA",
  "directDependantJobs" : [ ],
  "successfulMapAttemptCDFs" : [ {
    "maximum" : 180398,
    "minimum" : 19181,
    "rankings" : [ {
      "relativeRanking" : 0.05,
      "datum" : 19181
    }, {
      "relativeRanking" : 0.1,
      "datum" : 84569
    }, {
      "relativeRanking" : 0.15,
      "datum" : 86731
    }, {
      "relativeRanking" : 0.2,
      "datum" : 89445
    }, {
      "relativeRanking" : 0.25,
      "datum" : 91456
    }, {
      "relativeRanking" : 0.3,
      "datum" : 91571
    }, {
      "relativeRanking" : 0.35,
      "datum" : 94355
    }, {
      "relativeRanking" : 0.4,
      "datum" : 95791
    }, {
      "relativeRanking" : 0.45,
      "datum" : 95795
    }, {
      "relativeRanking" : 0.5,
      "datum" : 98324
    }, {
      "relativeRanking" : 0.55,
      "datum" : 112827
    }, {
      "relativeRanking" : 0.6,
      "datum" : 113838
    }, {
      "relativeRanking" : 0.65,
      "datum" : 114766
    }, {
      "relativeRanking" : 0.7,
      "datum" : 116782
    }, {
      "relativeRanking" : 0.75,
      "datum" : 123771
    }, {
      "relativeRanking" : 0.8,
      "datum" : 130944
    }, {
      "relativeRanking" : 0.85,
      "datum" : 131397
    }, {
      "relativeRanking" : 0.9,
      "datum" : 132087
    }, {
      "relativeRanking" : 0.95,
      "datum" : 136299
    } ],
    "numberValues" : 33
  }, {
    "maximum" : 83561,
    "minimum" : 81964,
    "rankings" : [ {
      "relativeRanking" : 0.05,
      "datum" : 81964
    }, {
      "relativeRanking" : 0.1,
      "datum" : 81964
    }, {
      "relativeRanking" : 0.15,
      "datum" : 81964
    }, {
      "relativeRanking" : 0.2,
      "datum" : 81964
    }, {
      "relativeRanking" : 0.25,
      "datum" : 81964
    }, {
      "relativeRanking" : 0.3,
      "datum" : 81964
    }, {
      "relativeRanking" : 0.35,
      "datum" : 81964
    }, {
      "relativeRanking" : 0.4,
      "datum" : 81964
    }, {
      "relativeRanking" : 0.45,
      "datum" : 81964
    }, {
      "relativeRanking" : 0.5,
      "datum" : 81964
    }, {
      "relativeRanking" : 0.55,
      "datum" : 81964
    }, {
      "relativeRanking" : 0.6,
      "datum" : 81964
    }, {
      "relativeRanking" : 0.65,
      "datum" : 81964
    }, {
      "relativeRanking" : 0.7,
      "datum" : 81964
    }, {
      "relativeRanking" : 0.75,
      "datum" : 81964
    }, {
      "relativeRanking" : 0.8,
      "datum" : 81964
    }, {
      "relativeRanking" : 0.85,
      "datum" : 81964
    }, {
      "relativeRanking" : 0.9,
      "datum" : 81964
    }, {
      "relativeRanking" : 0.95,
      "datum" : 81964
    } ],
    "numberValues" : 2
  }, {
    "maximum" : 9223372036854775807,
    "minimum" : -9223372036854775808,
    "rankings" : [ ],
    "numberValues" : 0
  }, {
    "maximum" : 9223372036854775807,
    "minimum" : -9223372036854775808,
    "rankings" : [ ],
    "numberValues" : 0
  } ],
  "failedMapAttemptCDFs" : [ {
    "maximum" : 9223372036854775807,
    "minimum" : -9223372036854775808,
    "rankings" : [ ],
    "numberValues" : 0
  }, {
    "maximum" : 9223372036854775807,
    "minimum" : -9223372036854775808,
    "rankings" : [ ],
    "numberValues" : 0
  }, {
    "maximum" : 9223372036854775807,
    "minimum" : -9223372036854775808,
    "rankings" : [ ],
    "numberValues" : 0
  }, {
    "maximum" : 9223372036854775807,
    "minimum" : -9223372036854775808,
    "rankings" : [ ],
    "numberValues" : 0
  } ],
  "successfulReduceAttemptCDF" : {
    "maximum" : 413921,
    "minimum" : 361469,
    "rankings" : [ {
      "relativeRanking" : 0.05,
      "datum" : 361469
    }, {
      "relativeRanking" : 0.1,
      "datum" : 361469
    }, {
      "relativeRanking" : 0.15,
      "datum" : 361469
    }, {
      "relativeRanking" : 0.2,
      "datum" : 361469
    }, {
      "relativeRanking" : 0.25,
      "datum" : 361469
    }, {
      "relativeRanking" : 0.3,
      "datum" : 361469
    }, {
      "relativeRanking" : 0.35,
      "datum" : 361469
    }, {
      "relativeRanking" : 0.4,
      "datum" : 369306
    }, {
      "relativeRanking" : 0.45,
      "datum" : 369306
    }, {
      "relativeRanking" : 0.5,
      "datum" : 369306
    }, {
      "relativeRanking" : 0.55,
      "datum" : 369306
    }, {
      "relativeRanking" : 0.6,
      "datum" : 375178
    }, {
      "relativeRanking" : 0.65,
      "datum" : 375178
    }, {
      "relativeRanking" : 0.7,
      "datum" : 375178
    }, {
      "relativeRanking" : 0.75,
      "datum" : 375178
    }, {
      "relativeRanking" : 0.8,
      "datum" : 379009
    }, {
      "relativeRanking" : 0.85,
      "datum" : 379009
    }, {
      "relativeRanking" : 0.9,
      "datum" : 379009
    }, {
      "relativeRanking" : 0.95,
      "datum" : 379009
    } ],
    "numberValues" : 5
  },
  "failedReduceAttemptCDF" : {
    "maximum" : 9223372036854775807,
    "minimum" : -9223372036854775808,
    "rankings" : [ ],
    "numberValues" : 0
  },
  "priority" : "NORMAL"
}