{
  "priority" : "NORMAL",
  "jobID" : "job_201406270004_0422",
  "user" : "trend-hadoop",
  "jobName" : "pairs-co-occur",
  "mapTasks" : [ {
    "startTime" : 1404006499648,
    "attempts" : [ {
      "location" : {
        "layers" : [ "default-rack", "Slave1" ]
      },
      "hostName" : "/default-rack/Slave1",
      "result" : "SUCCESS",
      "startTime" : 1404006073157,
      "finishTime" : 1404006181576,
      "attemptID" : "attempt_201406270004_0422_m_000002_0",
      "shuffleFinished" : -1,
      "sortFinished" : -1,
      "hdfsBytesRead" : 12545410,
      "hdfsBytesWritten" : -1,
      "fileBytesRead" : 94486327,
      "fileBytesWritten" : 169790757,
      "mapInputRecords" : 82989,
      "mapOutputBytes" : 123920500,
      "mapOutputRecords" : 7463474,
      "combineInputRecords" : 12158973,
      "reduceInputGroups" : -1,
      "reduceInputRecords" : -1,
      "reduceShuffleBytes" : -1,
      "reduceOutputRecords" : -1,
      "spilledRecords" : 8306131,
      "mapInputBytes" : -1,
      "resourceUsageMetrics" : {
        "cumulativeCpuUsage" : 120610,
        "virtualMemoryUsage" : 1653178368,
        "physicalMemoryUsage" : 839315456,
        "heapUsage" : 876085248
      }
    } ],
    "finishTime" : 1404006608306,
    "preferredLocations" : [ {
      "layers" : [ "default-rack", "Master" ]
    }, {
      "layers" : [ "default-rack", "Slave4" ]
    }, {
      "layers" : [ "default-rack", "Slave1" ]
    } ],
    "taskType" : "MAP",
    "taskStatus" : "SUCCESS",
    "taskID" : "task_201406270004_0422_m_000002",
    "inputBytes" : 12545410,
    "inputRecords" : 82989,
    "outputBytes" : 169790757,
    "outputRecords" : 7463474
  }, {
    "startTime" : 1404006499648,
    "attempts" : [ {
      "location" : {
        "layers" : [ "default-rack", "Slave1" ]
      },
      "hostName" : "/default-rack/Slave1",
      "result" : "SUCCESS",
      "startTime" : 1404006073157,
      "finishTime" : 1404006185232,
      "attemptID" : "attempt_201406270004_0422_m_000005_0",
      "shuffleFinished" : -1,
      "sortFinished" : -1,
      "hdfsBytesRead" : 12540113,
      "hdfsBytesWritten" : -1,
      "fileBytesRead" : 96897096,
      "fileBytesWritten" : 173525031,
      "mapInputRecords" : 72022,
      "mapOutputBytes" : 125290022,
      "mapOutputRecords" : 7580298,
      "combineInputRecords" : 12428776,
      "reduceInputGroups" : -1,
      "reduceInputRecords" : -1,
      "reduceShuffleBytes" : -1,
      "reduceOutputRecords" : -1,
      "spilledRecords" : 8552063,
      "mapInputBytes" : -1,
      "resourceUsageMetrics" : {
        "cumulativeCpuUsage" : 122390,
        "virtualMemoryUsage" : 1640849408,
        "physicalMemoryUsage" : 839065600,
        "heapUsage" : 876085248
      }
    } ],
    "finishTime" : 1404006611928,
    "preferredLocations" : [ {
      "layers" : [ "default-rack", "Master" ]
    }, {
      "layers" : [ "default-rack", "Slave5" ]
    }, {
      "layers" : [ "default-rack", "Slave1" ]
    } ],
    "taskType" : "MAP",
    "taskStatus" : "SUCCESS",
    "taskID" : "task_201406270004_0422_m_000005",
    "inputBytes" : 12540113,
    "inputRecords" : 72022,
    "outputBytes" : 173525031,
    "outputRecords" : 7580298
  }, {
    "startTime" : 1404006499668,
    "attempts" : [ {
      "location" : {
        "layers" : [ "default-rack", "Master" ]
      },
      "hostName" : "/default-rack/Master",
      "result" : "SUCCESS",
      "startTime" : 1404006499763,
      "finishTime" : 1404006612149,
      "attemptID" : "attempt_201406270004_0422_m_000000_0",
      "shuffleFinished" : -1,
      "sortFinished" : -1,
      "hdfsBytesRead" : 12575747,
      "hdfsBytesWritten" : -1,
      "fileBytesRead" : 96246259,
      "fileBytesWritten" : 172226474,
      "mapInputRecords" : 70292,
      "mapOutputBytes" : 125852860,
      "mapOutputRecords" : 7625586,
      "combineInputRecords" : 12450666,
      "reduceInputGroups" : -1,
      "reduceInputRecords" : -1,
      "reduceShuffleBytes" : -1,
      "reduceOutputRecords" : -1,
      "spilledRecords" : 8503230,
      "mapInputBytes" : -1,
      "resourceUsageMetrics" : {
        "cumulativeCpuUsage" : 123320,
        "virtualMemoryUsage" : 1640853504,
        "physicalMemoryUsage" : 837292032,
        "heapUsage" : 876085248
      }
    } ],
    "finishTime" : 1404006612198,
    "preferredLocations" : [ {
      "layers" : [ "default-rack", "Master" ]
    }, {
      "layers" : [ "default-rack", "Slave7" ]
    }, {
      "layers" : [ "default-rack", "Slave6" ]
    } ],
    "taskType" : "MAP",
    "taskStatus" : "SUCCESS",
    "taskID" : "task_201406270004_0422_m_000000",
    "inputBytes" : 12575747,
    "inputRecords" : 70292,
    "outputBytes" : 172226474,
    "outputRecords" : 7625586
  }, {
    "startTime" : 1404006499669,
    "attempts" : [ {
      "location" : {
        "layers" : [ "default-rack", "Master" ]
      },
      "hostName" : "/default-rack/Master",
      "result" : "SUCCESS",
      "startTime" : 1404006499763,
      "finishTime" : 1404006613866,
      "attemptID" : "attempt_201406270004_0422_m_000001_0",
      "shuffleFinished" : -1,
      "sortFinished" : -1,
      "hdfsBytesRead" : 12555263,
      "hdfsBytesWritten" : -1,
      "fileBytesRead" : 97362141,
      "fileBytesWritten" : 174363166,
      "mapInputRecords" : 69442,
      "mapOutputBytes" : 125838118,
      "mapOutputRecords" : 7636470,
      "combineInputRecords" : 12523128,
      "reduceInputGroups" : -1,
      "reduceInputRecords" : -1,
      "reduceShuffleBytes" : -1,
      "reduceOutputRecords" : -1,
      "spilledRecords" : 8617168,
      "mapInputBytes" : -1,
      "resourceUsageMetrics" : {
        "cumulativeCpuUsage" : 126260,
        "virtualMemoryUsage" : 1640996864,
        "physicalMemoryUsage" : 835829760,
        "heapUsage" : 876085248
      }
    } ],
    "finishTime" : 1404006614009,
    "preferredLocations" : [ {
      "layers" : [ "default-rack", "Master" ]
    }, {
      "layers" : [ "default-rack", "Slave5" ]
    }, {
      "layers" : [ "default-rack", "Slave4" ]
    } ],
    "taskType" : "MAP",
    "taskStatus" : "SUCCESS",
    "taskID" : "task_201406270004_0422_m_000001",
    "inputBytes" : 12555263,
    "inputRecords" : 69442,
    "outputBytes" : 174363166,
    "outputRecords" : 7636470
  }, {
    "startTime" : 1404006499692,
    "attempts" : [ {
      "location" : {
        "layers" : [ "default-rack", "Slave7" ]
      },
      "hostName" : "/default-rack/Slave7",
      "result" : "SUCCESS",
      "startTime" : 1404006480403,
      "finishTime" : 1404006604284,
      "attemptID" : "attempt_201406270004_0422_m_000003_0",
      "shuffleFinished" : -1,
      "sortFinished" : -1,
      "hdfsBytesRead" : 12542984,
      "hdfsBytesWritten" : -1,
      "fileBytesRead" : 97159336,
      "fileBytesWritten" : 174220195,
      "mapInputRecords" : 72873,
      "mapOutputBytes" : 125165602,
      "mapOutputRecords" : 7555522,
      "combineInputRecords" : 12405695,
      "reduceInputGroups" : -1,
      "reduceInputRecords" : -1,
      "reduceShuffleBytes" : -1,
      "reduceOutputRecords" : -1,
      "spilledRecords" : 8563647,
      "mapInputBytes" : -1,
      "resourceUsageMetrics" : {
        "cumulativeCpuUsage" : 134920,
        "virtualMemoryUsage" : 1649741824,
        "physicalMemoryUsage" : 841777152,
        "heapUsage" : 1048051712
      }
    } ],
    "finishTime" : 1404006623907,
    "preferredLocations" : [ {
      "layers" : [ "default-rack", "Master" ]
    }, {
      "layers" : [ "default-rack", "Slave7" ]
    }, {
      "layers" : [ "default-rack", "Slave3" ]
    } ],
    "taskType" : "MAP",
    "taskStatus" : "SUCCESS",
    "taskID" : "task_201406270004_0422_m_000003",
    "inputBytes" : 12542984,
    "inputRecords" : 72873,
    "outputBytes" : 174220195,
    "outputRecords" : 7555522
  }, {
    "startTime" : 1404006499693,
    "attempts" : [ {
      "location" : {
        "layers" : [ "default-rack", "Slave7" ]
      },
      "hostName" : "/default-rack/Slave7",
      "result" : "SUCCESS",
      "startTime" : 1404006480403,
      "finishTime" : 1404006604070,
      "attemptID" : "attempt_201406270004_0422_m_000009_0",
      "shuffleFinished" : -1,
      "sortFinished" : -1,
      "hdfsBytesRead" : 12516212,
      "hdfsBytesWritten" : -1,
      "fileBytesRead" : 96949732,
      "fileBytesWritten" : 173305978,
      "mapInputRecords" : 70181,
      "mapOutputBytes" : 125302766,
      "mapOutputRecords" : 7594506,
      "combineInputRecords" : 12451039,
      "reduceInputGroups" : -1,
      "reduceInputRecords" : -1,
      "reduceShuffleBytes" : -1,
      "reduceOutputRecords" : -1,
      "spilledRecords" : 8548235,
      "mapInputBytes" : -1,
      "resourceUsageMetrics" : {
        "cumulativeCpuUsage" : 134690,
        "virtualMemoryUsage" : 1640849408,
        "physicalMemoryUsage" : 839270400,
        "heapUsage" : 1048051712
      }
    } ],
    "finishTime" : 1404006623605,
    "preferredLocations" : [ {
      "layers" : [ "default-rack", "Master" ]
    }, {
      "layers" : [ "default-rack", "Slave7" ]
    }, {
      "layers" : [ "default-rack", "Slave5" ]
    } ],
    "taskType" : "MAP",
    "taskStatus" : "SUCCESS",
    "taskID" : "task_201406270004_0422_m_000009",
    "inputBytes" : 12516212,
    "inputRecords" : 70181,
    "outputBytes" : 173305978,
    "outputRecords" : 7594506
  }, {
    "startTime" : 1404006499760,
    "attempts" : [ {
      "location" : {
        "layers" : [ "default-rack", "Slave6" ]
      },
      "hostName" : "/default-rack/Slave6",
      "result" : "SUCCESS",
      "startTime" : 1404005095798,
      "finishTime" : 1404005227100,
      "attemptID" : "attempt_201406270004_0422_m_000006_0",
      "shuffleFinished" : -1,
      "sortFinished" : -1,
      "hdfsBytesRead" : 12526971,
      "hdfsBytesWritten" : -1,
      "fileBytesRead" : 96389862,
      "fileBytesWritten" : 172817037,
      "mapInputRecords" : 72153,
      "mapOutputBytes" : 125092470,
      "mapOutputRecords" : 7561714,
      "combineInputRecords" : 12377487,
      "reduceInputGroups" : -1,
      "reduceInputRecords" : -1,
      "reduceShuffleBytes" : -1,
      "reduceOutputRecords" : -1,
      "spilledRecords" : 8504809,
      "mapInputBytes" : -1,
      "resourceUsageMetrics" : {
        "cumulativeCpuUsage" : 142380,
        "virtualMemoryUsage" : 1648472064,
        "physicalMemoryUsage" : 840224768,
        "heapUsage" : 1048051712
      }
    } ],
    "finishTime" : 1404006631192,
    "preferredLocations" : [ {
      "layers" : [ "default-rack", "Master" ]
    }, {
      "layers" : [ "default-rack", "Slave6" ]
    }, {
      "layers" : [ "default-rack", "Slave2" ]
    } ],
    "taskType" : "MAP",
    "taskStatus" : "SUCCESS",
    "taskID" : "task_201406270004_0422_m_000006",
    "inputBytes" : 12526971,
    "inputRecords" : 72153,
    "outputBytes" : 172817037,
    "outputRecords" : 7561714
  }, {
    "startTime" : 1404006499760,
    "attempts" : [ {
      "location" : {
        "layers" : [ "default-rack", "Slave6" ]
      },
      "hostName" : "/default-rack/Slave6",
      "result" : "SUCCESS",
      "startTime" : 1404005095798,
      "finishTime" : 1404005228201,
      "attemptID" : "attempt_201406270004_0422_m_000007_0",
      "shuffleFinished" : -1,
      "sortFinished" : -1,
      "hdfsBytesRead" : 12525989,
      "hdfsBytesWritten" : -1,
      "fileBytesRead" : 97257216,
      "fileBytesWritten" : 174239849,
      "mapInputRecords" : 70212,
      "mapOutputBytes" : 125295674,
      "mapOutputRecords" : 7572980,
      "combineInputRecords" : 12433992,
      "reduceInputGroups" : -1,
      "reduceInputRecords" : -1,
      "reduceShuffleBytes" : -1,
      "reduceOutputRecords" : -1,
      "spilledRecords" : 8576009,
      "mapInputBytes" : -1,
      "resourceUsageMetrics" : {
        "cumulativeCpuUsage" : 144440,
        "virtualMemoryUsage" : 1649827840,
        "physicalMemoryUsage" : 840011776,
        "heapUsage" : 1048051712
      }
    } ],
    "finishTime" : 1404006632398,
    "preferredLocations" : [ {
      "layers" : [ "default-rack", "Master" ]
    }, {
      "layers" : [ "default-rack", "Slave5" ]
    }, {
      "layers" : [ "default-rack", "Slave6" ]
    } ],
    "taskType" : "MAP",
    "taskStatus" : "SUCCESS",
    "taskID" : "task_201406270004_0422_m_000007",
    "inputBytes" : 12525989,
    "inputRecords" : 70212,
    "outputBytes" : 174239849,
    "outputRecords" : 7572980
  }, {
    "startTime" : 1404006499791,
    "attempts" : [ {
      "location" : {
        "layers" : [ "default-rack", "Slave3" ]
      },
      "hostName" : "/default-rack/Slave3",
      "result" : "SUCCESS",
      "startTime" : 1404005046124,
      "finishTime" : 1404005181130,
      "attemptID" : "attempt_201406270004_0422_m_000010_0",
      "shuffleFinished" : -1,
      "sortFinished" : -1,
      "hdfsBytesRead" : 12508553,
      "hdfsBytesWritten" : -1,
      "fileBytesRead" : 96444671,
      "fileBytesWritten" : 172674569,
      "mapInputRecords" : 75847,
      "mapOutputBytes" : 124544736,
      "mapOutputRecords" : 7528800,
      "combineInputRecords" : 12349519,
      "reduceInputGroups" : -1,
      "reduceInputRecords" : -1,
      "reduceShuffleBytes" : -1,
      "reduceOutputRecords" : -1,
      "spilledRecords" : 8497540,
      "mapInputBytes" : -1,
      "resourceUsageMetrics" : {
        "cumulativeCpuUsage" : 146240,
        "virtualMemoryUsage" : 1649631232,
        "physicalMemoryUsage" : 840564736,
        "heapUsage" : 1048051712
      }
    } ],
    "finishTime" : 1404006635202,
    "preferredLocations" : [ {
      "layers" : [ "default-rack", "Master" ]
    }, {
      "layers" : [ "default-rack", "Slave2" ]
    }, {
      "layers" : [ "default-rack", "Slave3" ]
    } ],
    "taskType" : "MAP",
    "taskStatus" : "SUCCESS",
    "taskID" : "task_201406270004_0422_m_000010",
    "inputBytes" : 12508553,
    "inputRecords" : 75847,
    "outputBytes" : 172674569,
    "outputRecords" : 7528800
  }, {
    "startTime" : 1404006499791,
    "attempts" : [ {
      "location" : {
        "layers" : [ "default-rack", "Slave3" ]
      },
      "hostName" : "/default-rack/Slave3",
      "result" : "SUCCESS",
      "startTime" : 1404005046125,
      "finishTime" : 1404005179031,
      "attemptID" : "attempt_201406270004_0422_m_000018_0",
      "shuffleFinished" : -1,
      "sortFinished" : -1,
      "hdfsBytesRead" : 12458709,
      "hdfsBytesWritten" : -1,
      "fileBytesRead" : 96774368,
      "fileBytesWritten" : 173545708,
      "mapInputRecords" : 69176,
      "mapOutputBytes" : 124715750,
      "mapOutputRecords" : 7545516,
      "combineInputRecords" : 12386461,
      "reduceInputGroups" : -1,
      "reduceInputRecords" : -1,
      "reduceShuffleBytes" : -1,
      "reduceOutputRecords" : -1,
      "spilledRecords" : 8550095,
      "mapInputBytes" : -1,
      "resourceUsageMetrics" : {
        "cumulativeCpuUsage" : 144440,
        "virtualMemoryUsage" : 1650544640,
        "physicalMemoryUsage" : 839249920,
        "heapUsage" : 1048051712
      }
    } ],
    "finishTime" : 1404006633068,
    "preferredLocations" : [ {
      "layers" : [ "default-rack", "Master" ]
    }, {
      "layers" : [ "default-rack", "Slave1" ]
    }, {
      "layers" : [ "default-rack", "Slave3" ]
    } ],
    "taskType" : "MAP",
    "taskStatus" : "SUCCESS",
    "taskID" : "task_201406270004_0422_m_000018",
    "inputBytes" : 12458709,
    "inputRecords" : 69176,
    "outputBytes" : 173545708,
    "outputRecords" : 7545516
  }, {
    "startTime" : 1404006499875,
    "attempts" : [ {
      "location" : {
        "layers" : [ "default-rack", "Slave4" ]
      },
      "hostName" : "/default-rack/Slave4",
      "result" : "SUCCESS",
      "startTime" : 1403917211471,
      "finishTime" : 1403917390056,
      "attemptID" : "attempt_201406270004_0422_m_000008_0",
      "shuffleFinished" : -1,
      "sortFinished" : -1,
      "hdfsBytesRead" : 12523520,
      "hdfsBytesWritten" : -1,
      "fileBytesRead" : 96787657,
      "fileBytesWritten" : 173151301,
      "mapInputRecords" : 69336,
      "mapOutputBytes" : 125405284,
      "mapOutputRecords" : 7592280,
      "combineInputRecords" : 12440462,
      "reduceInputGroups" : -1,
      "reduceInputRecords" : -1,
      "reduceShuffleBytes" : -1,
      "reduceOutputRecords" : -1,
      "spilledRecords" : 8541957,
      "mapInputBytes" : -1,
      "resourceUsageMetrics" : {
        "cumulativeCpuUsage" : 194150,
        "virtualMemoryUsage" : 1649938432,
        "physicalMemoryUsage" : 837808128,
        "heapUsage" : 1048051712
      }
    } ],
    "finishTime" : 1404006678683,
    "preferredLocations" : [ {
      "layers" : [ "default-rack", "Master" ]
    }, {
      "layers" : [ "default-rack", "Slave5" ]
    }, {
      "layers" : [ "default-rack", "Slave4" ]
    } ],
    "taskType" : "MAP",
    "taskStatus" : "SUCCESS",
    "taskID" : "task_201406270004_0422_m_000008",
    "inputBytes" : 12523520,
    "inputRecords" : 69336,
    "outputBytes" : 173151301,
    "outputRecords" : 7592280
  }, {
    "startTime" : 1404006499875,
    "attempts" : [ {
      "location" : {
        "layers" : [ "default-rack", "Slave4" ]
      },
      "hostName" : "/default-rack/Slave4",
      "result" : "SUCCESS",
      "startTime" : 1403917211471,
      "finishTime" : 1403917388047,
      "attemptID" : "attempt_201406270004_0422_m_000011_0",
      "shuffleFinished" : -1,
      "sortFinished" : -1,
      "hdfsBytesRead" : 12508344,
      "hdfsBytesWritten" : -1,
      "fileBytesRead" : 95965221,
      "fileBytesWritten" : 172013174,
      "mapInputRecords" : 78232,
      "mapOutputBytes" : 124202394,
      "mapOutputRecords" : 7506196,
      "combineInputRecords" : 12294487,
      "reduceInputGroups" : -1,
      "reduceInputRecords" : -1,
      "reduceShuffleBytes" : -1,
      "reduceOutputRecords" : -1,
      "spilledRecords" : 8452335,
      "mapInputBytes" : -1,
      "resourceUsageMetrics" : {
        "cumulativeCpuUsage" : 191520,
        "virtualMemoryUsage" : 1649274880,
        "physicalMemoryUsage" : 839393280,
        "heapUsage" : 1048051712
      }
    } ],
    "finishTime" : 1404006676567,
    "preferredLocations" : [ {
      "layers" : [ "default-rack", "Master" ]
    }, {
      "layers" : [ "default-rack", "Slave1" ]
    }, {
      "layers" : [ "default-rack", "Slave4" ]
    } ],
    "taskType" : "MAP",
    "taskStatus" : "SUCCESS",
    "taskID" : "task_201406270004_0422_m_000011",
    "inputBytes" : 12508344,
    "inputRecords" : 78232,
    "outputBytes" : 172013174,
    "outputRecords" : 7506196
  }, {
    "startTime" : 1404006499891,
    "attempts" : [ {
      "location" : {
        "layers" : [ "default-rack", "Slave2" ]
      },
      "hostName" : "/default-rack/Slave2",
      "result" : "SUCCESS",
      "startTime" : 1404007091775,
      "finishTime" : 1404007203735,
      "attemptID" : "attempt_201406270004_0422_m_000004_0",
      "shuffleFinished" : -1,
      "sortFinished" : -1,
      "hdfsBytesRead" : 12542322,
      "hdfsBytesWritten" : -1,
      "fileBytesRead" : 97275402,
      "fileBytesWritten" : 174186897,
      "mapInputRecords" : 70209,
      "mapOutputBytes" : 125610444,
      "mapOutputRecords" : 7621040,
      "combineInputRecords" : 12503594,
      "reduceInputGroups" : -1,
      "reduceInputRecords" : -1,
      "reduceShuffleBytes" : -1,
      "reduceOutputRecords" : -1,
      "spilledRecords" : 8611082,
      "mapInputBytes" : -1,
      "resourceUsageMetrics" : {
        "cumulativeCpuUsage" : 123160,
        "virtualMemoryUsage" : 1649541120,
        "physicalMemoryUsage" : 837591040,
        "heapUsage" : 876085248
      }
    } ],
    "finishTime" : 1404006612197,
    "preferredLocations" : [ {
      "layers" : [ "default-rack", "Master" ]
    }, {
      "layers" : [ "default-rack", "Slave5" ]
    }, {
      "layers" : [ "default-rack", "Slave2" ]
    } ],
    "taskType" : "MAP",
    "taskStatus" : "SUCCESS",
    "taskID" : "task_201406270004_0422_m_000004",
    "inputBytes" : 12542322,
    "inputRecords" : 70209,
    "outputBytes" : 174186897,
    "outputRecords" : 7621040
  }, {
    "startTime" : 1404006499892,
    "attempts" : [ {
      "location" : {
        "layers" : [ "default-rack", "Slave2" ]
      },
      "hostName" : "/default-rack/Slave2",
      "result" : "SUCCESS",
      "startTime" : 1404007091775,
      "finishTime" : 1404007203325,
      "attemptID" : "attempt_201406270004_0422_m_000014_0",
      "shuffleFinished" : -1,
      "sortFinished" : -1,
      "hdfsBytesRead" : 12485810,
      "hdfsBytesWritten" : -1,
      "fileBytesRead" : 96548747,
      "fileBytesWritten" : 172908915,
      "mapInputRecords" : 70334,
      "mapOutputBytes" : 124907300,
      "mapOutputRecords" : 7560118,
      "combineInputRecords" : 12392138,
      "reduceInputGroups" : -1,
      "reduceInputRecords" : -1,
      "reduceShuffleBytes" : -1,
      "reduceOutputRecords" : -1,
      "spilledRecords" : 8523725,
      "mapInputBytes" : -1,
      "resourceUsageMetrics" : {
        "cumulativeCpuUsage" : 123680,
        "virtualMemoryUsage" : 1647431680,
        "physicalMemoryUsage" : 836562944,
        "heapUsage" : 876085248
      }
    } ],
    "finishTime" : 1404006611592,
    "preferredLocations" : [ {
      "layers" : [ "default-rack", "Master" ]
    }, {
      "layers" : [ "default-rack", "Slave2" ]
    }, {
      "layers" : [ "default-rack", "Slave5" ]
    } ],
    "taskType" : "MAP",
    "taskStatus" : "SUCCESS",
    "taskID" : "task_201406270004_0422_m_000014",
    "inputBytes" : 12485810,
    "inputRecords" : 70334,
    "outputBytes" : 172908915,
    "outputRecords" : 7560118
  }, {
    "startTime" : 1404006499895,
    "attempts" : [ {
      "location" : {
        "layers" : [ "default-rack", "Slave5" ]
      },
      "hostName" : "/default-rack/Slave5",
      "result" : "SUCCESS",
      "startTime" : 1404004687901,
      "finishTime" : 1404004818334,
      "attemptID" : "attempt_201406270004_0422_m_000012_0",
      "shuffleFinished" : -1,
      "sortFinished" : -1,
      "hdfsBytesRead" : 12507171,
      "hdfsBytesWritten" : -1,
      "fileBytesRead" : 97142997,
      "fileBytesWritten" : 173966486,
      "mapInputRecords" : 69080,
      "mapOutputBytes" : 125267238,
      "mapOutputRecords" : 7584834,
      "combineInputRecords" : 12450683,
      "reduceInputGroups" : -1,
      "reduceInputRecords" : -1,
      "reduceShuffleBytes" : -1,
      "reduceOutputRecords" : -1,
      "spilledRecords" : 8582459,
      "mapInputBytes" : -1,
      "resourceUsageMetrics" : {
        "cumulativeCpuUsage" : 141040,
        "virtualMemoryUsage" : 1652404224,
        "physicalMemoryUsage" : 840785920,
        "heapUsage" : 1048051712
      }
    } ],
    "finishTime" : 1404006630419,
    "preferredLocations" : [ {
      "layers" : [ "default-rack", "Master" ]
    }, {
      "layers" : [ "default-rack", "Slave5" ]
    }, {
      "layers" : [ "default-rack", "Slave4" ]
    } ],
    "taskType" : "MAP",
    "taskStatus" : "SUCCESS",
    "taskID" : "task_201406270004_0422_m_000012",
    "inputBytes" : 12507171,
    "inputRecords" : 69080,
    "outputBytes" : 173966486,
    "outputRecords" : 7584834
  }, {
    "startTime" : 1404006499895,
    "attempts" : [ {
      "location" : {
        "layers" : [ "default-rack", "Slave5" ]
      },
      "hostName" : "/default-rack/Slave5",
      "result" : "SUCCESS",
      "startTime" : 1404004687901,
      "finishTime" : 1404004819440,
      "attemptID" : "attempt_201406270004_0422_m_000013_0",
      "shuffleFinished" : -1,
      "sortFinished" : -1,
      "hdfsBytesRead" : 12506379,
      "hdfsBytesWritten" : -1,
      "fileBytesRead" : 97107315,
      "fileBytesWritten" : 173966917,
      "mapInputRecords" : 70622,
      "mapOutputBytes" : 125104624,
      "mapOutputRecords" : 7574726,
      "combineInputRecords" : 12438765,
      "reduceInputGroups" : -1,
      "reduceInputRecords" : -1,
      "reduceShuffleBytes" : -1,
      "reduceOutputRecords" : -1,
      "spilledRecords" : 8581329,
      "mapInputBytes" : -1,
      "resourceUsageMetrics" : {
        "cumulativeCpuUsage" : 142710,
        "virtualMemoryUsage" : 1650249728,
        "physicalMemoryUsage" : 841646080,
        "heapUsage" : 1048051712
      }
    } ],
    "finishTime" : 1404006631626,
    "preferredLocations" : [ {
      "layers" : [ "default-rack", "Master" ]
    }, {
      "layers" : [ "default-rack", "Slave7" ]
    }, {
      "layers" : [ "default-rack", "Slave5" ]
    } ],
    "taskType" : "MAP",
    "taskStatus" : "SUCCESS",
    "taskID" : "task_201406270004_0422_m_000013",
    "inputBytes" : 12506379,
    "inputRecords" : 70622,
    "outputBytes" : 173966917,
    "outputRecords" : 7574726
  }, {
    "startTime" : 1404006608307,
    "attempts" : [ {
      "location" : {
        "layers" : [ "default-rack", "Slave1" ]
      },
      "hostName" : "/default-rack/Slave1",
      "result" : "SUCCESS",
      "startTime" : 1404006181815,
      "finishTime" : 1404006274709,
      "attemptID" : "attempt_201406270004_0422_m_000017_0",
      "shuffleFinished" : -1,
      "sortFinished" : -1,
      "hdfsBytesRead" : 12470000,
      "hdfsBytesWritten" : -1,
      "fileBytesRead" : 96637319,
      "fileBytesWritten" : 172862413,
      "mapInputRecords" : 67323,
      "mapOutputBytes" : 125064940,
      "mapOutputRecords" : 7578560,
      "combineInputRecords" : 12420031,
      "reduceInputGroups" : -1,
      "reduceInputRecords" : -1,
      "reduceShuffleBytes" : -1,
      "reduceOutputRecords" : -1,
      "spilledRecords" : 8529499,
      "mapInputBytes" : -1,
      "resourceUsageMetrics" : {
        "cumulativeCpuUsage" : 99250,
        "virtualMemoryUsage" : 1656336384,
        "physicalMemoryUsage" : 858615808,
        "heapUsage" : 972554240
      }
    } ],
    "finishTime" : 1404006701297,
    "preferredLocations" : [ {
      "layers" : [ "default-rack", "Master" ]
    }, {
      "layers" : [ "default-rack", "Slave1" ]
    }, {
      "layers" : [ "default-rack", "Slave5" ]
    } ],
    "taskType" : "MAP",
    "taskStatus" : "SUCCESS",
    "taskID" : "task_201406270004_0422_m_000017",
    "inputBytes" : 12470000,
    "inputRecords" : 67323,
    "outputBytes" : 172862413,
    "outputRecords" : 7578560
  }, {
    "startTime" : 1404006611592,
    "attempts" : [ {
      "location" : {
        "layers" : [ "default-rack", "Slave2" ]
      },
      "hostName" : "/default-rack/Slave2",
      "result" : "SUCCESS",
      "startTime" : 1404007203375,
      "finishTime" : 1404007300754,
      "attemptID" : "attempt_201406270004_0422_m_000015_0",
      "shuffleFinished" : -1,
      "sortFinished" : -1,
      "hdfsBytesRead" : 12472565,
      "hdfsBytesWritten" : -1,
      "fileBytesRead" : 96520903,
      "fileBytesWritten" : 173025731,
      "mapInputRecords" : 69994,
      "mapOutputBytes" : 124769060,
      "mapOutputRecords" : 7546302,
      "combineInputRecords" : 12374806,
      "reduceInputGroups" : -1,
      "reduceInputRecords" : -1,
      "reduceShuffleBytes" : -1,
      "reduceOutputRecords" : -1,
      "spilledRecords" : 8523462,
      "mapInputBytes" : -1,
      "resourceUsageMetrics" : {
        "cumulativeCpuUsage" : 103880,
        "virtualMemoryUsage" : 1650589696,
        "physicalMemoryUsage" : 854720512,
        "heapUsage" : 910688256
      }
    } ],
    "finishTime" : 1404006709112,
    "preferredLocations" : [ {
      "layers" : [ "default-rack", "Master" ]
    }, {
      "layers" : [ "default-rack", "Slave2" ]
    }, {
      "layers" : [ "default-rack", "Slave5" ]
    } ],
    "taskType" : "MAP",
    "taskStatus" : "SUCCESS",
    "taskID" : "task_201406270004_0422_m_000015",
    "inputBytes" : 12472565,
    "inputRecords" : 69994,
    "outputBytes" : 173025731,
    "outputRecords" : 7546302
  }, {
    "startTime" : 1404006611928,
    "attempts" : [ {
      "location" : {
        "layers" : [ "default-rack", "Slave1" ]
      },
      "hostName" : "/default-rack/Slave1",
      "result" : "SUCCESS",
      "startTime" : 1404006185437,
      "finishTime" : 1404006277811,
      "attemptID" : "attempt_201406270004_0422_m_000021_0",
      "shuffleFinished" : -1,
      "sortFinished" : -1,
      "hdfsBytesRead" : 12452776,
      "hdfsBytesWritten" : -1,
      "fileBytesRead" : 96026529,
      "fileBytesWritten" : 172144064,
      "mapInputRecords" : 69925,
      "mapOutputBytes" : 124563886,
      "mapOutputRecords" : 7532494,
      "combineInputRecords" : 12336609,
      "reduceInputGroups" : -1,
      "reduceInputRecords" : -1,
      "reduceShuffleBytes" : -1,
      "reduceOutputRecords" : -1,
      "spilledRecords" : 8482544,
      "mapInputBytes" : -1,
      "resourceUsageMetrics" : {
        "cumulativeCpuUsage" : 98710,
        "virtualMemoryUsage" : 1644146688,
        "physicalMemoryUsage" : 858537984,
        "heapUsage" : 1005584384
      }
    } ],
    "finishTime" : 1404006704317,
    "preferredLocations" : [ {
      "layers" : [ "default-rack", "Master" ]
    }, {
      "layers" : [ "default-rack", "Slave1" ]
    }, {
      "layers" : [ "default-rack", "Slave5" ]
    } ],
    "taskType" : "MAP",
    "taskStatus" : "SUCCESS",
    "taskID" : "task_201406270004_0422_m_000021",
    "inputBytes" : 12452776,
    "inputRecords" : 69925,
    "outputBytes" : 172144064,
    "outputRecords" : 7532494
  }, {
    "startTime" : 1404006612198,
    "attempts" : [ {
      "location" : {
        "layers" : [ "default-rack", "Slave2" ]
      },
      "hostName" : "/default-rack/Slave2",
      "result" : "SUCCESS",
      "startTime" : 1404007203979,
      "finishTime" : 1404007295858,
      "attemptID" : "attempt_201406270004_0422_m_000019_0",
      "shuffleFinished" : -1,
      "sortFinished" : -1,
      "hdfsBytesRead" : 12456134,
      "hdfsBytesWritten" : -1,
      "fileBytesRead" : 95731500,
      "fileBytesWritten" : 171829596,
      "mapInputRecords" : 71413,
      "mapOutputBytes" : 124330098,
      "mapOutputRecords" : 7501734,
      "combineInputRecords" : 12278332,
      "reduceInputGroups" : -1,
      "reduceInputRecords" : -1,
      "reduceShuffleBytes" : -1,
      "reduceOutputRecords" : -1,
      "spilledRecords" : 8443389,
      "mapInputBytes" : -1,
      "resourceUsageMetrics" : {
        "cumulativeCpuUsage" : 96760,
        "virtualMemoryUsage" : 1652699136,
        "physicalMemoryUsage" : 858087424,
        "heapUsage" : 964689920
      }
    } ],
    "finishTime" : 1404006704274,
    "preferredLocations" : [ {
      "layers" : [ "default-rack", "Master" ]
    }, {
      "layers" : [ "default-rack", "Slave2" ]
    }, {
      "layers" : [ "default-rack", "Slave5" ]
    } ],
    "taskType" : "MAP",
    "taskStatus" : "SUCCESS",
    "taskID" : "task_201406270004_0422_m_000019",
    "inputBytes" : 12456134,
    "inputRecords" : 71413,
    "outputBytes" : 171829596,
    "outputRecords" : 7501734
  }, {
    "startTime" : 1404006612199,
    "attempts" : [ {
      "location" : {
        "layers" : [ "default-rack", "Master" ]
      },
      "hostName" : "/default-rack/Master",
      "result" : "SUCCESS",
      "startTime" : 1404006612201,
      "finishTime" : 1404006706980,
      "attemptID" : "attempt_201406270004_0422_m_000016_0",
      "shuffleFinished" : -1,
      "sortFinished" : -1,
      "hdfsBytesRead" : 12470778,
      "hdfsBytesWritten" : -1,
      "fileBytesRead" : 96604241,
      "fileBytesWritten" : 173140973,
      "mapInputRecords" : 69273,
      "mapOutputBytes" : 124870438,
      "mapOutputRecords" : 7566486,
      "combineInputRecords" : 12406910,
      "reduceInputGroups" : -1,
      "reduceInputRecords" : -1,
      "reduceShuffleBytes" : -1,
      "reduceOutputRecords" : -1,
      "spilledRecords" : 8544602,
      "mapInputBytes" : -1,
      "resourceUsageMetrics" : {
        "cumulativeCpuUsage" : 100720,
        "virtualMemoryUsage" : 1644011520,
        "physicalMemoryUsage" : 856526848,
        "heapUsage" : 953679872
      }
    } ],
    "finishTime" : 1404006707237,
    "preferredLocations" : [ {
      "layers" : [ "default-rack", "Master" ]
    }, {
      "layers" : [ "default-rack", "Slave6" ]
    }, {
      "layers" : [ "default-rack", "Slave5" ]
    } ],
    "taskType" : "MAP",
    "taskStatus" : "SUCCESS",
    "taskID" : "task_201406270004_0422_m_000016",
    "inputBytes" : 12470778,
    "inputRecords" : 69273,
    "outputBytes" : 173140973,
    "outputRecords" : 7566486
  }, {
    "startTime" : 1404006614009,
    "attempts" : [ {
      "location" : {
        "layers" : [ "default-rack", "Master" ]
      },
      "hostName" : "/default-rack/Master",
      "result" : "SUCCESS",
      "startTime" : 1404006614011,
      "finishTime" : 1404006708072,
      "attemptID" : "attempt_201406270004_0422_m_000020_0",
      "shuffleFinished" : -1,
      "sortFinished" : -1,
      "hdfsBytesRead" : 12455726,
      "hdfsBytesWritten" : -1,
      "fileBytesRead" : 96618558,
      "fileBytesWritten" : 173354982,
      "mapInputRecords" : 68408,
      "mapOutputBytes" : 124731134,
      "mapOutputRecords" : 7546842,
      "combineInputRecords" : 12385071,
      "reduceInputGroups" : -1,
      "reduceInputRecords" : -1,
      "reduceShuffleBytes" : -1,
      "reduceOutputRecords" : -1,
      "spilledRecords" : 8550328,
      "mapInputBytes" : -1,
      "resourceUsageMetrics" : {
        "cumulativeCpuUsage" : 100500,
        "virtualMemoryUsage" : 1644154880,
        "physicalMemoryUsage" : 858247168,
        "heapUsage" : 938999808
      }
    } ],
    "finishTime" : 1404006708143,
    "preferredLocations" : [ {
      "layers" : [ "default-rack", "Master" ]
    }, {
      "layers" : [ "default-rack", "Slave3" ]
    }, {
      "layers" : [ "default-rack", "Slave7" ]
    } ],
    "taskType" : "MAP",
    "taskStatus" : "SUCCESS",
    "taskID" : "task_201406270004_0422_m_000020",
    "inputBytes" : 12455726,
    "inputRecords" : 68408,
    "outputBytes" : 173354982,
    "outputRecords" : 7546842
  }, {
    "startTime" : 1404006623605,
    "attempts" : [ {
      "location" : {
        "layers" : [ "default-rack", "Slave7" ]
      },
      "hostName" : "/default-rack/Slave7",
      "result" : "SUCCESS",
      "startTime" : 1404006604237,
      "finishTime" : 1404006683823,
      "attemptID" : "attempt_201406270004_0422_m_000024_0",
      "shuffleFinished" : -1,
      "sortFinished" : -1,
      "hdfsBytesRead" : 12444998,
      "hdfsBytesWritten" : -1,
      "fileBytesRead" : 96560031,
      "fileBytesWritten" : 173106995,
      "mapInputRecords" : 68058,
      "mapOutputBytes" : 124733734,
      "mapOutputRecords" : 7555196,
      "combineInputRecords" : 12393489,
      "reduceInputGroups" : -1,
      "reduceInputRecords" : -1,
      "reduceShuffleBytes" : -1,
      "reduceOutputRecords" : -1,
      "spilledRecords" : 8545121,
      "mapInputBytes" : -1,
      "resourceUsageMetrics" : {
        "cumulativeCpuUsage" : 84950,
        "virtualMemoryUsage" : 1644007424,
        "physicalMemoryUsage" : 858300416,
        "heapUsage" : 823132160
      }
    } ],
    "finishTime" : 1404006703247,
    "preferredLocations" : [ {
      "layers" : [ "default-rack", "Master" ]
    }, {
      "layers" : [ "default-rack", "Slave7" ]
    }, {
      "layers" : [ "default-rack", "Slave4" ]
    } ],
    "taskType" : "MAP",
    "taskStatus" : "SUCCESS",
    "taskID" : "task_201406270004_0422_m_000024",
    "inputBytes" : 12444998,
    "inputRecords" : 68058,
    "outputBytes" : 173106995,
    "outputRecords" : 7555196
  }, {
    "startTime" : 1404006623908,
    "attempts" : [ {
      "location" : {
        "layers" : [ "default-rack", "Slave7" ]
      },
      "hostName" : "/default-rack/Slave7",
      "result" : "SUCCESS",
      "startTime" : 1404006604540,
      "finishTime" : 1404006685534,
      "attemptID" : "attempt_201406270004_0422_m_000026_0",
      "shuffleFinished" : -1,
      "sortFinished" : -1,
      "hdfsBytesRead" : 12438192,
      "hdfsBytesWritten" : -1,
      "fileBytesRead" : 95486243,
      "fileBytesWritten" : 171088253,
      "mapInputRecords" : 74508,
      "mapOutputBytes" : 124039240,
      "mapOutputRecords" : 7500172,
      "combineInputRecords" : 12271570,
      "reduceInputGroups" : -1,
      "reduceInputRecords" : -1,
      "reduceShuffleBytes" : -1,
      "reduceOutputRecords" : -1,
      "spilledRecords" : 8417560,
      "mapInputBytes" : -1,
      "resourceUsageMetrics" : {
        "cumulativeCpuUsage" : 85880,
        "virtualMemoryUsage" : 1652899840,
        "physicalMemoryUsage" : 857931776,
        "heapUsage" : 879230976
      }
    } ],
    "finishTime" : 1404006705056,
    "preferredLocations" : [ {
      "layers" : [ "default-rack", "Master" ]
    }, {
      "layers" : [ "default-rack", "Slave6" ]
    }, {
      "layers" : [ "default-rack", "Slave7" ]
    } ],
    "taskType" : "MAP",
    "taskStatus" : "SUCCESS",
    "taskID" : "task_201406270004_0422_m_000026",
    "inputBytes" : 12438192,
    "inputRecords" : 74508,
    "outputBytes" : 171088253,
    "outputRecords" : 7500172
  }, {
    "startTime" : 1404006630419,
    "attempts" : [ {
      "location" : {
        "layers" : [ "default-rack", "Slave5" ]
      },
      "hostName" : "/default-rack/Slave5",
      "result" : "SUCCESS",
      "startTime" : 1404004818342,
      "finishTime" : 1404004909026,
      "attemptID" : "attempt_201406270004_0422_m_000027_0",
      "shuffleFinished" : -1,
      "sortFinished" : -1,
      "hdfsBytesRead" : 12435796,
      "hdfsBytesWritten" : -1,
      "fileBytesRead" : 95794952,
      "fileBytesWritten" : 171530113,
      "mapInputRecords" : 70277,
      "mapOutputBytes" : 124313206,
      "mapOutputRecords" : 7514770,
      "combineInputRecords" : 12305069,
      "reduceInputGroups" : -1,
      "reduceInputRecords" : -1,
      "reduceShuffleBytes" : -1,
      "reduceOutputRecords" : -1,
      "spilledRecords" : 8448180,
      "mapInputBytes" : -1,
      "resourceUsageMetrics" : {
        "cumulativeCpuUsage" : 96120,
        "virtualMemoryUsage" : 1655562240,
        "physicalMemoryUsage" : 858243072,
        "heapUsage" : 926941184
      }
    } ],
    "finishTime" : 1404006721184,
    "preferredLocations" : [ {
      "layers" : [ "default-rack", "Master" ]
    }, {
      "layers" : [ "default-rack", "Slave4" ]
    }, {
      "layers" : [ "default-rack", "Slave5" ]
    } ],
    "taskType" : "MAP",
    "taskStatus" : "SUCCESS",
    "taskID" : "task_201406270004_0422_m_000027",
    "inputBytes" : 12435796,
    "inputRecords" : 70277,
    "outputBytes" : 171530113,
    "outputRecords" : 7514770
  }, {
    "startTime" : 1404006631193,
    "attempts" : [ {
      "location" : {
        "layers" : [ "default-rack", "Slave6" ]
      },
      "hostName" : "/default-rack/Slave6",
      "result" : "SUCCESS",
      "startTime" : 1404005227139,
      "finishTime" : 1404005316031,
      "attemptID" : "attempt_201406270004_0422_m_000023_0",
      "shuffleFinished" : -1,
      "sortFinished" : -1,
      "hdfsBytesRead" : 12448786,
      "hdfsBytesWritten" : -1,
      "fileBytesRead" : 96066254,
      "fileBytesWritten" : 171993033,
      "mapInputRecords" : 74516,
      "mapOutputBytes" : 124196660,
      "mapOutputRecords" : 7543974,
      "combineInputRecords" : 12368360,
      "reduceInputGroups" : -1,
      "reduceInputRecords" : -1,
      "reduceShuffleBytes" : -1,
      "reduceOutputRecords" : -1,
      "spilledRecords" : 8505114,
      "mapInputBytes" : -1,
      "resourceUsageMetrics" : {
        "cumulativeCpuUsage" : 93650,
        "virtualMemoryUsage" : 1651630080,
        "physicalMemoryUsage" : 856109056,
        "heapUsage" : 878706688
      }
    } ],
    "finishTime" : 1404006720148,
    "preferredLocations" : [ {
      "layers" : [ "default-rack", "Master" ]
    }, {
      "layers" : [ "default-rack", "Slave2" ]
    }, {
      "layers" : [ "default-rack", "Slave6" ]
    } ],
    "taskType" : "MAP",
    "taskStatus" : "SUCCESS",
    "taskID" : "task_201406270004_0422_m_000023",
    "inputBytes" : 12448786,
    "inputRecords" : 74516,
    "outputBytes" : 171993033,
    "outputRecords" : 7543974
  }, {
    "startTime" : 1404006631626,
    "attempts" : [ {
      "location" : {
        "layers" : [ "default-rack", "Slave5" ]
      },
      "hostName" : "/default-rack/Slave5",
      "result" : "SUCCESS",
      "startTime" : 1404004819546,
      "finishTime" : 1404004902469,
      "attemptID" : "attempt_201406270004_0422_m_000041_0",
      "shuffleFinished" : -1,
      "sortFinished" : -1,
      "hdfsBytesRead" : 11856605,
      "hdfsBytesWritten" : -1,
      "fileBytesRead" : 92412664,
      "fileBytesWritten" : 165826627,
      "mapInputRecords" : 63860,
      "mapOutputBytes" : 118874456,
      "mapOutputRecords" : 7200068,
      "combineInputRecords" : 11830636,
      "reduceInputGroups" : -1,
      "reduceInputRecords" : -1,
      "reduceShuffleBytes" : -1,
      "reduceOutputRecords" : -1,
      "spilledRecords" : 8184943,
      "mapInputBytes" : -1,
      "resourceUsageMetrics" : {
        "cumulativeCpuUsage" : 88370,
        "virtualMemoryUsage" : 1653407744,
        "physicalMemoryUsage" : 858861568,
        "heapUsage" : 829947904
      }
    } ],
    "finishTime" : 1404006714840,
    "preferredLocations" : [ {
      "layers" : [ "default-rack", "Master" ]
    }, {
      "layers" : [ "default-rack", "Slave5" ]
    }, {
      "layers" : [ "default-rack", "Slave3" ]
    } ],
    "taskType" : "MAP",
    "taskStatus" : "SUCCESS",
    "taskID" : "task_201406270004_0422_m_000041",
    "inputBytes" : 11856605,
    "inputRecords" : 63860,
    "outputBytes" : 165826627,
    "outputRecords" : 7200068
  }, {
    "startTime" : 1404006632399,
    "attempts" : [ {
      "location" : {
        "layers" : [ "default-rack", "Slave6" ]
      },
      "hostName" : "/default-rack/Slave6",
      "result" : "SUCCESS",
      "startTime" : 1404005228345,
      "finishTime" : 1404005316165,
      "attemptID" : "attempt_201406270004_0422_m_000025_0",
      "shuffleFinished" : -1,
      "sortFinished" : -1,
      "hdfsBytesRead" : 12444914,
      "hdfsBytesWritten" : -1,
      "fileBytesRead" : 96046060,
      "fileBytesWritten" : 172049604,
      "mapInputRecords" : 68254,
      "mapOutputBytes" : 124654662,
      "mapOutputRecords" : 7543398,
      "combineInputRecords" : 12345795,
      "reduceInputGroups" : -1,
      "reduceInputRecords" : -1,
      "reduceShuffleBytes" : -1,
      "reduceOutputRecords" : -1,
      "spilledRecords" : 8471517,
      "mapInputBytes" : -1,
      "resourceUsageMetrics" : {
        "cumulativeCpuUsage" : 92710,
        "virtualMemoryUsage" : 1652985856,
        "physicalMemoryUsage" : 857194496,
        "heapUsage" : 833093632
      }
    } ],
    "finishTime" : 1404006720450,
    "preferredLocations" : [ {
      "layers" : [ "default-rack", "Master" ]
    }, {
      "layers" : [ "default-rack", "Slave6" ]
    }, {
      "layers" : [ "default-rack", "Slave1" ]
    } ],
    "taskType" : "MAP",
    "taskStatus" : "SUCCESS",
    "taskID" : "task_201406270004_0422_m_000025",
    "inputBytes" : 12444914,
    "inputRecords" : 68254,
    "outputBytes" : 172049604,
    "outputRecords" : 7543398
  }, {
    "startTime" : 1404006633068,
    "attempts" : [ {
      "location" : {
        "layers" : [ "default-rack", "Slave3" ]
      },
      "hostName" : "/default-rack/Slave3",
      "result" : "SUCCESS",
      "startTime" : 1404005179316,
      "finishTime" : 1404005268705,
      "attemptID" : "attempt_201406270004_0422_m_000030_0",
      "shuffleFinished" : -1,
      "sortFinished" : -1,
      "hdfsBytesRead" : 12414462,
      "hdfsBytesWritten" : -1,
      "fileBytesRead" : 95112508,
      "fileBytesWritten" : 170770434,
      "mapInputRecords" : 75924,
      "mapOutputBytes" : 123438414,
      "mapOutputRecords" : 7457476,
      "combineInputRecords" : 12207991,
      "reduceInputGroups" : -1,
      "reduceInputRecords" : -1,
      "reduceShuffleBytes" : -1,
      "reduceOutputRecords" : -1,
      "spilledRecords" : 8398792,
      "mapInputBytes" : -1,
      "resourceUsageMetrics" : {
        "cumulativeCpuUsage" : 94270,
        "virtualMemoryUsage" : 1653702656,
        "physicalMemoryUsage" : 855388160,
        "heapUsage" : 888668160
      }
    } ],
    "finishTime" : 1404006722597,
    "preferredLocations" : [ {
      "layers" : [ "default-rack", "Master" ]
    }, {
      "layers" : [ "default-rack", "Slave3" ]
    }, {
      "layers" : [ "default-rack", "Slave1" ]
    } ],
    "taskType" : "MAP",
    "taskStatus" : "SUCCESS",
    "taskID" : "task_201406270004_0422_m_000030",
    "inputBytes" : 12414462,
    "inputRecords" : 75924,
    "outputBytes" : 170770434,
    "outputRecords" : 7457476
  }, {
    "startTime" : 1404006635203,
    "attempts" : [ {
      "location" : {
        "layers" : [ "default-rack", "Slave3" ]
      },
      "hostName" : "/default-rack/Slave3",
      "result" : "SUCCESS",
      "startTime" : 1404005181450,
      "finishTime" : 1404005273260,
      "attemptID" : "attempt_201406270004_0422_m_000035_0",
      "shuffleFinished" : -1,
      "sortFinished" : -1,
      "hdfsBytesRead" : 12353033,
      "hdfsBytesWritten" : -1,
      "fileBytesRead" : 95353564,
      "fileBytesWritten" : 170871830,
      "mapInputRecords" : 68230,
      "mapOutputBytes" : 123737856,
      "mapOutputRecords" : 7499224,
      "combineInputRecords" : 12277618,
      "reduceInputGroups" : -1,
      "reduceInputRecords" : -1,
      "reduceShuffleBytes" : -1,
      "reduceOutputRecords" : -1,
      "spilledRecords" : 8433285,
      "mapInputBytes" : -1,
      "resourceUsageMetrics" : {
        "cumulativeCpuUsage" : 97190,
        "virtualMemoryUsage" : 1652789248,
        "physicalMemoryUsage" : 857501696,
        "heapUsage" : 929562624
      }
    } ],
    "finishTime" : 1404006727138,
    "preferredLocations" : [ {
      "layers" : [ "default-rack", "Master" ]
    }, {
      "layers" : [ "default-rack", "Slave1" ]
    }, {
      "layers" : [ "default-rack", "Slave3" ]
    } ],
    "taskType" : "MAP",
    "taskStatus" : "SUCCESS",
    "taskID" : "task_201406270004_0422_m_000035",
    "inputBytes" : 12353033,
    "inputRecords" : 68230,
    "outputBytes" : 170871830,
    "outputRecords" : 7499224
  }, {
    "startTime" : 1404006676567,
    "attempts" : [ {
      "location" : {
        "layers" : [ "default-rack", "Slave4" ]
      },
      "hostName" : "/default-rack/Slave4",
      "result" : "SUCCESS",
      "startTime" : 1403917388054,
      "finishTime" : 1403917507939,
      "attemptID" : "attempt_201406270004_0422_m_000022_0",
      "shuffleFinished" : -1,
      "sortFinished" : -1,
      "hdfsBytesRead" : 12449601,
      "hdfsBytesWritten" : -1,
      "fileBytesRead" : 95748850,
      "fileBytesWritten" : 171590048,
      "mapInputRecords" : 71622,
      "mapOutputBytes" : 124321590,
      "mapOutputRecords" : 7507818,
      "combineInputRecords" : 12290668,
      "reduceInputGroups" : -1,
      "reduceInputRecords" : -1,
      "reduceShuffleBytes" : -1,
      "reduceOutputRecords" : -1,
      "spilledRecords" : 8439518,
      "mapInputBytes" : -1,
      "resourceUsageMetrics" : {
        "cumulativeCpuUsage" : 126460,
        "virtualMemoryUsage" : 1652432896,
        "physicalMemoryUsage" : 856559616,
        "heapUsage" : 926416896
      }
    }, {
      "location" : null,
      "hostName" : null,
      "result" : "KILLED",
      "startTime" : 1404004909101,
      "finishTime" : 1404004986547,
      "attemptID" : "attempt_201406270004_0422_m_000022_1",
      "shuffleFinished" : -1,
      "sortFinished" : -1,
      "hdfsBytesRead" : -1,
      "hdfsBytesWritten" : -1,
      "fileBytesRead" : -1,
      "fileBytesWritten" : -1,
      "mapInputRecords" : -1,
      "mapOutputBytes" : -1,
      "mapOutputRecords" : -1,
      "combineInputRecords" : -1,
      "reduceInputGroups" : -1,
      "reduceInputRecords" : -1,
      "reduceShuffleBytes" : -1,
      "reduceOutputRecords" : -1,
      "spilledRecords" : -1,
      "mapInputBytes" : -1,
      "resourceUsageMetrics" : {
        "cumulativeCpuUsage" : 0,
        "virtualMemoryUsage" : 0,
        "physicalMemoryUsage" : 0,
        "heapUsage" : 0
      }
    } ],
    "finishTime" : 1404006796612,
    "preferredLocations" : [ {
      "layers" : [ "default-rack", "Master" ]
    }, {
      "layers" : [ "default-rack", "Slave4" ]
    }, {
      "layers" : [ "default-rack", "Slave1" ]
    } ],
    "taskType" : "MAP",
    "taskStatus" : "SUCCESS",
    "taskID" : "task_201406270004_0422_m_000022",
    "inputBytes" : 12449601,
    "inputRecords" : 71622,
    "outputBytes" : 171590048,
    "outputRecords" : 7507818
  }, {
    "startTime" : 1404006678683,
    "attempts" : [ {
      "location" : {
        "layers" : [ "default-rack", "Slave4" ]
      },
      "hostName" : "/default-rack/Slave4",
      "result" : "SUCCESS",
      "startTime" : 1403917390170,
      "finishTime" : 1403917506230,
      "attemptID" : "attempt_201406270004_0422_m_000031_0",
      "shuffleFinished" : -1,
      "sortFinished" : -1,
      "hdfsBytesRead" : 12410911,
      "hdfsBytesWritten" : -1,
      "fileBytesRead" : 95046792,
      "fileBytesWritten" : 170233066,
      "mapInputRecords" : 69802,
      "mapOutputBytes" : 124147972,
      "mapOutputRecords" : 7521272,
      "combineInputRecords" : 12282564,
      "reduceInputGroups" : -1,
      "reduceInputRecords" : -1,
      "reduceShuffleBytes" : -1,
      "reduceOutputRecords" : -1,
      "spilledRecords" : 8399183,
      "mapInputBytes" : -1,
      "resourceUsageMetrics" : {
        "cumulativeCpuUsage" : 122180,
        "virtualMemoryUsage" : 1653096448,
        "physicalMemoryUsage" : 854986752,
        "heapUsage" : 899153920
      }
    }, {
      "location" : null,
      "hostName" : null,
      "result" : "KILLED",
      "startTime" : 1404005273382,
      "finishTime" : 1404005343008,
      "attemptID" : "attempt_201406270004_0422_m_000031_1",
      "shuffleFinished" : -1,
      "sortFinished" : -1,
      "hdfsBytesRead" : -1,
      "hdfsBytesWritten" : -1,
      "fileBytesRead" : -1,
      "fileBytesWritten" : -1,
      "mapInputRecords" : -1,
      "mapOutputBytes" : -1,
      "mapOutputRecords" : -1,
      "combineInputRecords" : -1,
      "reduceInputGroups" : -1,
      "reduceInputRecords" : -1,
      "reduceShuffleBytes" : -1,
      "reduceOutputRecords" : -1,
      "spilledRecords" : -1,
      "mapInputBytes" : -1,
      "resourceUsageMetrics" : {
        "cumulativeCpuUsage" : 0,
        "virtualMemoryUsage" : 0,
        "physicalMemoryUsage" : 0,
        "heapUsage" : 0
      }
    } ],
    "finishTime" : 1404006794798,
    "preferredLocations" : [ {
      "layers" : [ "default-rack", "Master" ]
    }, {
      "layers" : [ "default-rack", "Slave4" ]
    }, {
      "layers" : [ "default-rack", "Slave2" ]
    } ],
    "taskType" : "MAP",
    "taskStatus" : "SUCCESS",
    "taskID" : "task_201406270004_0422_m_000031",
    "inputBytes" : 12410911,
    "inputRecords" : 69802,
    "outputBytes" : 170233066,
    "outputRecords" : 7521272
  }, {
    "startTime" : 1404006701298,
    "attempts" : [ {
      "location" : {
        "layers" : [ "default-rack", "Slave1" ]
      },
      "hostName" : "/default-rack/Slave1",
      "result" : "SUCCESS",
      "startTime" : 1404006274806,
      "finishTime" : 1404006369689,
      "attemptID" : "attempt_201406270004_0422_m_000028_0",
      "shuffleFinished" : -1,
      "sortFinished" : -1,
      "hdfsBytesRead" : 12433660,
      "hdfsBytesWritten" : -1,
      "fileBytesRead" : 95538845,
      "fileBytesWritten" : 171258997,
      "mapInputRecords" : 73689,
      "mapOutputBytes" : 123979654,
      "mapOutputRecords" : 7498062,
      "combineInputRecords" : 12275675,
      "reduceInputGroups" : -1,
      "reduceInputRecords" : -1,
      "reduceShuffleBytes" : -1,
      "reduceOutputRecords" : -1,
      "spilledRecords" : 8434714,
      "mapInputBytes" : -1,
      "resourceUsageMetrics" : {
        "cumulativeCpuUsage" : 102040,
        "virtualMemoryUsage" : 1656336384,
        "physicalMemoryUsage" : 860803072,
        "heapUsage" : 966262784
      }
    }, {
      "location" : null,
      "hostName" : null,
      "result" : "KILLED",
      "startTime" : 1404004918144,
      "finishTime" : 1403917509904,
      "attemptID" : "attempt_201406270004_0422_m_000028_1",
      "shuffleFinished" : -1,
      "sortFinished" : -1,
      "hdfsBytesRead" : -1,
      "hdfsBytesWritten" : -1,
      "fileBytesRead" : -1,
      "fileBytesWritten" : -1,
      "mapInputRecords" : -1,
      "mapOutputBytes" : -1,
      "mapOutputRecords" : -1,
      "combineInputRecords" : -1,
      "reduceInputGroups" : -1,
      "reduceInputRecords" : -1,
      "reduceShuffleBytes" : -1,
      "reduceOutputRecords" : -1,
      "spilledRecords" : -1,
      "mapInputBytes" : -1,
      "resourceUsageMetrics" : {
        "cumulativeCpuUsage" : 0,
        "virtualMemoryUsage" : 0,
        "physicalMemoryUsage" : 0,
        "heapUsage" : 0
      }
    } ],
    "finishTime" : 1404006796413,
    "preferredLocations" : [ {
      "layers" : [ "default-rack", "Master" ]
    }, {
      "layers" : [ "default-rack", "Slave6" ]
    }, {
      "layers" : [ "default-rack", "Slave1" ]
    } ],
    "taskType" : "MAP",
    "taskStatus" : "SUCCESS",
    "taskID" : "task_201406270004_0422_m_000028",
    "inputBytes" : 12433660,
    "inputRecords" : 73689,
    "outputBytes" : 171258997,
    "outputRecords" : 7498062
  }, {
    "startTime" : 1404006703248,
    "attempts" : [ {
      "location" : {
        "layers" : [ "default-rack", "Slave7" ]
      },
      "hostName" : "/default-rack/Slave7",
      "result" : "SUCCESS",
      "startTime" : 1404006683878,
      "finishTime" : 1404006768758,
      "attemptID" : "attempt_201406270004_0422_m_000029_0",
      "shuffleFinished" : -1,
      "sortFinished" : -1,
      "hdfsBytesRead" : 12430810,
      "hdfsBytesWritten" : -1,
      "fileBytesRead" : 96280206,
      "fileBytesWritten" : 172523889,
      "mapInputRecords" : 71270,
      "mapOutputBytes" : 124366770,
      "mapOutputRecords" : 7539188,
      "combineInputRecords" : 12362100,
      "reduceInputGroups" : -1,
      "reduceInputRecords" : -1,
      "reduceShuffleBytes" : -1,
      "reduceOutputRecords" : -1,
      "spilledRecords" : 8510872,
      "mapInputBytes" : -1,
      "resourceUsageMetrics" : {
        "cumulativeCpuUsage" : 90020,
        "virtualMemoryUsage" : 1644007424,
        "physicalMemoryUsage" : 858357760,
        "heapUsage" : 896008192
      }
    } ],
    "finishTime" : 1404006788295,
    "preferredLocations" : [ {
      "layers" : [ "default-rack", "Master" ]
    }, {
      "layers" : [ "default-rack", "Slave7" ]
    }, {
      "layers" : [ "default-rack", "Slave1" ]
    } ],
    "taskType" : "MAP",
    "taskStatus" : "SUCCESS",
    "taskID" : "task_201406270004_0422_m_000029",
    "inputBytes" : 12430810,
    "inputRecords" : 71270,
    "outputBytes" : 172523889,
    "outputRecords" : 7539188
  }, {
    "startTime" : 1404006704274,
    "attempts" : [ {
      "location" : {
        "layers" : [ "default-rack", "Slave2" ]
      },
      "hostName" : "/default-rack/Slave2",
      "result" : "SUCCESS",
      "startTime" : 1404007296058,
      "finishTime" : 1404007387420,
      "attemptID" : "attempt_201406270004_0422_m_000036_0",
      "shuffleFinished" : -1,
      "sortFinished" : -1,
      "hdfsBytesRead" : 12328737,
      "hdfsBytesWritten" : -1,
      "fileBytesRead" : 94823263,
      "fileBytesWritten" : 170029577,
      "mapInputRecords" : 72713,
      "mapOutputBytes" : 123026920,
      "mapOutputRecords" : 7440636,
      "combineInputRecords" : 12180204,
      "reduceInputGroups" : -1,
      "reduceInputRecords" : -1,
      "reduceShuffleBytes" : -1,
      "reduceOutputRecords" : -1,
      "spilledRecords" : 8368020,
      "mapInputBytes" : -1,
      "resourceUsageMetrics" : {
        "cumulativeCpuUsage" : 95950,
        "virtualMemoryUsage" : 1652699136,
        "physicalMemoryUsage" : 858144768,
        "heapUsage" : 948436992
      }
    } ],
    "finishTime" : 1404006795756,
    "preferredLocations" : [ {
      "layers" : [ "default-rack", "Master" ]
    }, {
      "layers" : [ "default-rack", "Slave6" ]
    }, {
      "layers" : [ "default-rack", "Slave2" ]
    } ],
    "taskType" : "MAP",
    "taskStatus" : "SUCCESS",
    "taskID" : "task_201406270004_0422_m_000036",
    "inputBytes" : 12328737,
    "inputRecords" : 72713,
    "outputBytes" : 170029577,
    "outputRecords" : 7440636
  }, {
    "startTime" : 1404006704317,
    "attempts" : [ {
      "location" : {
        "layers" : [ "default-rack", "Slave1" ]
      },
      "hostName" : "/default-rack/Slave1",
      "result" : "SUCCESS",
      "startTime" : 1404006277825,
      "finishTime" : 1404006370952,
      "attemptID" : "attempt_201406270004_0422_m_000032_0",
      "shuffleFinished" : -1,
      "sortFinished" : -1,
      "hdfsBytesRead" : 12396698,
      "hdfsBytesWritten" : -1,
      "fileBytesRead" : 96390537,
      "fileBytesWritten" : 172824280,
      "mapInputRecords" : 67855,
      "mapOutputBytes" : 124106798,
      "mapOutputRecords" : 7501090,
      "combineInputRecords" : 12320076,
      "reduceInputGroups" : -1,
      "reduceInputRecords" : -1,
      "reduceShuffleBytes" : -1,
      "reduceOutputRecords" : -1,
      "spilledRecords" : 8510179,
      "mapInputBytes" : -1,
      "resourceUsageMetrics" : {
        "cumulativeCpuUsage" : 98650,
        "virtualMemoryUsage" : 1644146688,
        "physicalMemoryUsage" : 860725248,
        "heapUsage" : 1007157248
      }
    } ],
    "finishTime" : 1404006797643,
    "preferredLocations" : [ {
      "layers" : [ "default-rack", "Master" ]
    }, {
      "layers" : [ "default-rack", "Slave1" ]
    }, {
      "layers" : [ "default-rack", "Slave6" ]
    } ],
    "taskType" : "MAP",
    "taskStatus" : "SUCCESS",
    "taskID" : "task_201406270004_0422_m_000032",
    "inputBytes" : 12396698,
    "inputRecords" : 67855,
    "outputBytes" : 172824280,
    "outputRecords" : 7501090
  }, {
    "startTime" : 1404006705064,
    "attempts" : [ {
      "location" : {
        "layers" : [ "default-rack", "Slave7" ]
      },
      "hostName" : "/default-rack/Slave7",
      "result" : "SUCCESS",
      "startTime" : 1404006685695,
      "finishTime" : 1404006768153,
      "attemptID" : "attempt_201406270004_0422_m_000034_0",
      "shuffleFinished" : -1,
      "sortFinished" : -1,
      "hdfsBytesRead" : 12364757,
      "hdfsBytesWritten" : -1,
      "fileBytesRead" : 95644638,
      "fileBytesWritten" : 171286362,
      "mapInputRecords" : 65823,
      "mapOutputBytes" : 124117076,
      "mapOutputRecords" : 7526872,
      "combineInputRecords" : 12322689,
      "reduceInputGroups" : -1,
      "reduceInputRecords" : -1,
      "reduceShuffleBytes" : -1,
      "reduceOutputRecords" : -1,
      "spilledRecords" : 8460148,
      "mapInputBytes" : -1,
      "resourceUsageMetrics" : {
        "cumulativeCpuUsage" : 88190,
        "virtualMemoryUsage" : 1652899840,
        "physicalMemoryUsage" : 857989120,
        "heapUsage" : 841482240
      }
    } ],
    "finishTime" : 1404006787692,
    "preferredLocations" : [ {
      "layers" : [ "default-rack", "Master" ]
    }, {
      "layers" : [ "default-rack", "Slave6" ]
    }, {
      "layers" : [ "default-rack", "Slave7" ]
    } ],
    "taskType" : "MAP",
    "taskStatus" : "SUCCESS",
    "taskID" : "task_201406270004_0422_m_000034",
    "inputBytes" : 12364757,
    "inputRecords" : 65823,
    "outputBytes" : 171286362,
    "outputRecords" : 7526872
  }, {
    "startTime" : 1404006707237,
    "attempts" : [ {
      "location" : {
        "layers" : [ "default-rack", "Master" ]
      },
      "hostName" : "/default-rack/Master",
      "result" : "SUCCESS",
      "startTime" : 1404006707239,
      "finishTime" : 1404006803058,
      "attemptID" : "attempt_201406270004_0422_m_000033_0",
      "shuffleFinished" : -1,
      "sortFinished" : -1,
      "hdfsBytesRead" : 12371929,
      "hdfsBytesWritten" : -1,
      "fileBytesRead" : 96076441,
      "fileBytesWritten" : 172319148,
      "mapInputRecords" : 68633,
      "mapOutputBytes" : 123912568,
      "mapOutputRecords" : 7508828,
      "combineInputRecords" : 12323000,
      "reduceInputGroups" : -1,
      "reduceInputRecords" : -1,
      "reduceShuffleBytes" : -1,
      "reduceOutputRecords" : -1,
      "spilledRecords" : 8505534,
      "mapInputBytes" : -1,
      "resourceUsageMetrics" : {
        "cumulativeCpuUsage" : 101720,
        "virtualMemoryUsage" : 1644146688,
        "physicalMemoryUsage" : 858714112,
        "heapUsage" : 970457088
      }
    } ],
    "finishTime" : 1404006803193,
    "preferredLocations" : [ {
      "layers" : [ "default-rack", "Master" ]
    }, {
      "layers" : [ "default-rack", "Slave1" ]
    }, {
      "layers" : [ "default-rack", "Slave6" ]
    } ],
    "taskType" : "MAP",
    "taskStatus" : "SUCCESS",
    "taskID" : "task_201406270004_0422_m_000033",
    "inputBytes" : 12371929,
    "inputRecords" : 68633,
    "outputBytes" : 172319148,
    "outputRecords" : 7508828
  }, {
    "startTime" : 1404006708143,
    "attempts" : [ {
      "location" : {
        "layers" : [ "default-rack", "Master" ]
      },
      "hostName" : "/default-rack/Master",
      "result" : "SUCCESS",
      "startTime" : 1404006708145,
      "finishTime" : 1404006800548,
      "attemptID" : "attempt_201406270004_0422_m_000037_0",
      "shuffleFinished" : -1,
      "sortFinished" : -1,
      "hdfsBytesRead" : 12311829,
      "hdfsBytesWritten" : -1,
      "fileBytesRead" : 94843225,
      "fileBytesWritten" : 170017514,
      "mapInputRecords" : 67951,
      "mapOutputBytes" : 123101648,
      "mapOutputRecords" : 7431706,
      "combineInputRecords" : 12171942,
      "reduceInputGroups" : -1,
      "reduceInputRecords" : -1,
      "reduceShuffleBytes" : -1,
      "reduceOutputRecords" : -1,
      "spilledRecords" : 8371763,
      "mapInputBytes" : -1,
      "resourceUsageMetrics" : {
        "cumulativeCpuUsage" : 97600,
        "virtualMemoryUsage" : 1644154880,
        "physicalMemoryUsage" : 860430336,
        "heapUsage" : 966262784
      }
    } ],
    "finishTime" : 1404006800779,
    "preferredLocations" : [ {
      "layers" : [ "default-rack", "Master" ]
    }, {
      "layers" : [ "default-rack", "Slave1" ]
    }, {
      "layers" : [ "default-rack", "Slave7" ]
    } ],
    "taskType" : "MAP",
    "taskStatus" : "SUCCESS",
    "taskID" : "task_201406270004_0422_m_000037",
    "inputBytes" : 12311829,
    "inputRecords" : 67951,
    "outputBytes" : 170017514,
    "outputRecords" : 7431706
  }, {
    "startTime" : 1404006709112,
    "attempts" : [ {
      "location" : {
        "layers" : [ "default-rack", "Slave2" ]
      },
      "hostName" : "/default-rack/Slave2",
      "result" : "SUCCESS",
      "startTime" : 1404007300896,
      "finishTime" : 1404007397155,
      "attemptID" : "attempt_201406270004_0422_m_000038_0",
      "shuffleFinished" : -1,
      "sortFinished" : -1,
      "hdfsBytesRead" : 12296939,
      "hdfsBytesWritten" : -1,
      "fileBytesRead" : 94723149,
      "fileBytesWritten" : 169730405,
      "mapInputRecords" : 68970,
      "mapOutputBytes" : 123053642,
      "mapOutputRecords" : 7451218,
      "combineInputRecords" : 12194011,
      "reduceInputGroups" : -1,
      "reduceInputRecords" : -1,
      "reduceShuffleBytes" : -1,
      "reduceOutputRecords" : -1,
      "spilledRecords" : 8369780,
      "mapInputBytes" : -1,
      "resourceUsageMetrics" : {
        "cumulativeCpuUsage" : 102370,
        "virtualMemoryUsage" : 1650589696,
        "physicalMemoryUsage" : 854827008,
        "heapUsage" : 977272832
      }
    } ],
    "finishTime" : 1404006805417,
    "preferredLocations" : [ {
      "layers" : [ "default-rack", "Master" ]
    }, {
      "layers" : [ "default-rack", "Slave1" ]
    }, {
      "layers" : [ "default-rack", "Slave7" ]
    } ],
    "taskType" : "MAP",
    "taskStatus" : "SUCCESS",
    "taskID" : "task_201406270004_0422_m_000038",
    "inputBytes" : 12296939,
    "inputRecords" : 68970,
    "outputBytes" : 169730405,
    "outputRecords" : 7451218
  }, {
    "startTime" : 1404006714840,
    "attempts" : [ {
      "location" : {
        "layers" : [ "default-rack", "Slave5" ]
      },
      "hostName" : "/default-rack/Slave5",
      "result" : "SUCCESS",
      "startTime" : 1404004902757,
      "finishTime" : 1404004917889,
      "attemptID" : "attempt_201406270004_0422_m_000042_0",
      "shuffleFinished" : -1,
      "sortFinished" : -1,
      "hdfsBytesRead" : 2128092,
      "hdfsBytesWritten" : -1,
      "fileBytesRead" : 16750862,
      "fileBytesWritten" : 33528210,
      "mapInputRecords" : 11585,
      "mapOutputBytes" : 21375000,
      "mapOutputRecords" : 1302192,
      "combineInputRecords" : 1302192,
      "reduceInputGroups" : -1,
      "reduceInputRecords" : -1,
      "reduceShuffleBytes" : -1,
      "reduceOutputRecords" : -1,
      "spilledRecords" : 1688920,
      "mapInputBytes" : -1,
      "resourceUsageMetrics" : {
        "cumulativeCpuUsage" : 15660,
        "virtualMemoryUsage" : 1653407744,
        "physicalMemoryUsage" : 859144192,
        "heapUsage" : 941096960
      }
    } ],
    "finishTime" : 1404006730227,
    "preferredLocations" : [ {
      "layers" : [ "default-rack", "Master" ]
    }, {
      "layers" : [ "default-rack", "Slave5" ]
    }, {
      "layers" : [ "default-rack", "Slave3" ]
    } ],
    "taskType" : "MAP",
    "taskStatus" : "SUCCESS",
    "taskID" : "task_201406270004_0422_m_000042",
    "inputBytes" : 2128092,
    "inputRecords" : 11585,
    "outputBytes" : 33528210,
    "outputRecords" : 1302192
  }, {
    "startTime" : 1404006720148,
    "attempts" : [ {
      "location" : {
        "layers" : [ "default-rack", "Slave6" ]
      },
      "hostName" : "/default-rack/Slave6",
      "result" : "SUCCESS",
      "startTime" : 1404005316090,
      "finishTime" : 1404005404555,
      "attemptID" : "attempt_201406270004_0422_m_000039_0",
      "shuffleFinished" : -1,
      "sortFinished" : -1,
      "hdfsBytesRead" : 12288755,
      "hdfsBytesWritten" : -1,
      "fileBytesRead" : 94593501,
      "fileBytesWritten" : 169361579,
      "mapInputRecords" : 64633,
      "mapOutputBytes" : 123285052,
      "mapOutputRecords" : 7452768,
      "combineInputRecords" : 12183246,
      "reduceInputGroups" : -1,
      "reduceInputRecords" : -1,
      "reduceShuffleBytes" : -1,
      "reduceOutputRecords" : -1,
      "spilledRecords" : 8342578,
      "mapInputBytes" : -1,
      "resourceUsageMetrics" : {
        "cumulativeCpuUsage" : 92590,
        "virtualMemoryUsage" : 1651630080,
        "physicalMemoryUsage" : 856178688,
        "heapUsage" : 916979712
      }
    }, {
      "location" : null,
      "hostName" : null,
      "result" : "KILLED",
      "startTime" : 1404005268841,
      "finishTime" : 1404005356979,
      "attemptID" : "attempt_201406270004_0422_m_000039_1",
      "shuffleFinished" : -1,
      "sortFinished" : -1,
      "hdfsBytesRead" : -1,
      "hdfsBytesWritten" : -1,
      "fileBytesRead" : -1,
      "fileBytesWritten" : -1,
      "mapInputRecords" : -1,
      "mapOutputBytes" : -1,
      "mapOutputRecords" : -1,
      "combineInputRecords" : -1,
      "reduceInputGroups" : -1,
      "reduceInputRecords" : -1,
      "reduceShuffleBytes" : -1,
      "reduceOutputRecords" : -1,
      "spilledRecords" : -1,
      "mapInputBytes" : -1,
      "resourceUsageMetrics" : {
        "cumulativeCpuUsage" : 0,
        "virtualMemoryUsage" : 0,
        "physicalMemoryUsage" : 0,
        "heapUsage" : 0
      }
    } ],
    "finishTime" : 1404006808799,
    "preferredLocations" : [ {
      "layers" : [ "default-rack", "Master" ]
    }, {
      "layers" : [ "default-rack", "Slave3" ]
    }, {
      "layers" : [ "default-rack", "Slave4" ]
    } ],
    "taskType" : "MAP",
    "taskStatus" : "SUCCESS",
    "taskID" : "task_201406270004_0422_m_000039",
    "inputBytes" : 12288755,
    "inputRecords" : 64633,
    "outputBytes" : 169361579,
    "outputRecords" : 7452768
  }, {
    "startTime" : 1404006720451,
    "attempts" : [ {
      "location" : {
        "layers" : [ "default-rack", "Slave6" ]
      },
      "hostName" : "/default-rack/Slave6",
      "result" : "SUCCESS",
      "startTime" : 1404005316393,
      "finishTime" : 1404005401478,
      "attemptID" : "attempt_201406270004_0422_m_000040_0",
      "shuffleFinished" : -1,
      "sortFinished" : -1,
      "hdfsBytesRead" : 12075278,
      "hdfsBytesWritten" : -1,
      "fileBytesRead" : 93781501,
      "fileBytesWritten" : 168229238,
      "mapInputRecords" : 63723,
      "mapOutputBytes" : 121122984,
      "mapOutputRecords" : 7324142,
      "combineInputRecords" : 12016314,
      "reduceInputGroups" : -1,
      "reduceInputRecords" : -1,
      "reduceShuffleBytes" : -1,
      "reduceOutputRecords" : -1,
      "spilledRecords" : 8291238,
      "mapInputBytes" : -1,
      "resourceUsageMetrics" : {
        "cumulativeCpuUsage" : 90090,
        "virtualMemoryUsage" : 1652985856,
        "physicalMemoryUsage" : 857436160,
        "heapUsage" : 941096960
      }
    } ],
    "finishTime" : 1404006805783,
    "preferredLocations" : [ {
      "layers" : [ "default-rack", "Master" ]
    }, {
      "layers" : [ "default-rack", "Slave1" ]
    }, {
      "layers" : [ "default-rack", "Slave4" ]
    } ],
    "taskType" : "MAP",
    "taskStatus" : "SUCCESS",
    "taskID" : "task_201406270004_0422_m_000040",
    "inputBytes" : 12075278,
    "inputRecords" : 63723,
    "outputBytes" : 168229238,
    "outputRecords" : 7324142
  } ],
  "finishTime" : 1404006982376,
  "reduceTasks" : [ {
    "startTime" : 1404006611593,
    "attempts" : [ {
      "location" : {
        "layers" : [ "default-rack", "Slave2" ]
      },
      "hostName" : "/default-rack/Slave2",
      "result" : "SUCCESS",
      "startTime" : 1404007203376,
      "finishTime" : 1404007528937,
      "attemptID" : "attempt_201406270004_0422_r_000000_0",
      "shuffleFinished" : 1404007423577,
      "sortFinished" : 1404007423639,
      "hdfsBytesRead" : -1,
      "hdfsBytesWritten" : 648246754,
      "fileBytesRead" : 440322604,
      "fileBytesWritten" : 440381978,
      "mapInputRecords" : -1,
      "mapOutputBytes" : -1,
      "mapOutputRecords" : -1,
      "combineInputRecords" : 28837825,
      "reduceInputGroups" : 16984930,
      "reduceInputRecords" : 22608490,
      "reduceShuffleBytes" : 641645285,
      "reduceOutputRecords" : 16984930,
      "spilledRecords" : 20440955,
      "mapInputBytes" : -1,
      "resourceUsageMetrics" : {
        "cumulativeCpuUsage" : 268380,
        "virtualMemoryUsage" : 1009631232,
        "physicalMemoryUsage" : 505233408,
        "heapUsage" : 418906112
      }
    } ],
    "finishTime" : 1404006937308,
    "preferredLocations" : [ ],
    "taskType" : "REDUCE",
    "taskStatus" : "SUCCESS",
    "taskID" : "task_201406270004_0422_r_000000",
    "inputBytes" : 641645285,
    "inputRecords" : 22608490,
    "outputBytes" : 648246754,
    "outputRecords" : 16984930
  }, {
    "startTime" : 1404006611593,
    "attempts" : [ {
      "location" : {
        "layers" : [ "default-rack", "Master" ]
      },
      "hostName" : "/default-rack/Master",
      "result" : "SUCCESS",
      "startTime" : 1404006611596,
      "finishTime" : 1404006941567,
      "attemptID" : "attempt_201406270004_0422_r_000001_0",
      "shuffleFinished" : 1404006834927,
      "sortFinished" : 1404006834988,
      "hdfsBytesRead" : -1,
      "hdfsBytesWritten" : 648571170,
      "fileBytesRead" : 440695884,
      "fileBytesWritten" : 440755258,
      "mapInputRecords" : -1,
      "mapOutputBytes" : -1,
      "mapOutputRecords" : -1,
      "combineInputRecords" : 28868205,
      "reduceInputGroups" : 16994058,
      "reduceInputRecords" : 22624936,
      "reduceShuffleBytes" : 642135402,
      "reduceOutputRecords" : 16994058,
      "spilledRecords" : 20459070,
      "mapInputBytes" : -1,
      "resourceUsageMetrics" : {
        "cumulativeCpuUsage" : 278840,
        "virtualMemoryUsage" : 1013493760,
        "physicalMemoryUsage" : 499953664,
        "heapUsage" : 418906112
      }
    } ],
    "finishTime" : 1404006941656,
    "preferredLocations" : [ ],
    "taskType" : "REDUCE",
    "taskStatus" : "SUCCESS",
    "taskID" : "task_201406270004_0422_r_000001",
    "inputBytes" : 642135402,
    "inputRecords" : 22624936,
    "outputBytes" : 648571170,
    "outputRecords" : 16994058
  }, {
    "startTime" : 1404006611593,
    "attempts" : [ {
      "location" : {
        "layers" : [ "default-rack", "Slave4" ]
      },
      "hostName" : "/default-rack/Slave4",
      "result" : "SUCCESS",
      "startTime" : 1403917323083,
      "finishTime" : 1403917692183,
      "attemptID" : "attempt_201406270004_0422_r_000002_0",
      "shuffleFinished" : 1403917561828,
      "sortFinished" : 1403917561898,
      "hdfsBytesRead" : -1,
      "hdfsBytesWritten" : 648593346,
      "fileBytesRead" : 439771496,
      "fileBytesWritten" : 439830870,
      "mapInputRecords" : -1,
      "mapOutputBytes" : -1,
      "mapOutputRecords" : -1,
      "combineInputRecords" : 28840343,
      "reduceInputGroups" : 16993529,
      "reduceInputRecords" : 22602201,
      "reduceShuffleBytes" : 642149692,
      "reduceOutputRecords" : 16993529,
      "spilledRecords" : 20412772,
      "mapInputBytes" : -1,
      "resourceUsageMetrics" : {
        "cumulativeCpuUsage" : 395500,
        "virtualMemoryUsage" : 1008685056,
        "physicalMemoryUsage" : 503504896,
        "heapUsage" : 418906112
      }
    } ],
    "finishTime" : 1404006980865,
    "preferredLocations" : [ ],
    "taskType" : "REDUCE",
    "taskStatus" : "SUCCESS",
    "taskID" : "task_201406270004_0422_r_000002",
    "inputBytes" : 642149692,
    "inputRecords" : 22602201,
    "outputBytes" : 648593346,
    "outputRecords" : 16993529
  }, {
    "startTime" : 1404006611595,
    "attempts" : [ {
      "location" : {
        "layers" : [ "default-rack", "Slave6" ]
      },
      "hostName" : "/default-rack/Slave6",
      "result" : "SUCCESS",
      "startTime" : 1404005207543,
      "finishTime" : 1404005535655,
      "attemptID" : "attempt_201406270004_0422_r_000003_0",
      "shuffleFinished" : 1404005433586,
      "sortFinished" : 1404005433646,
      "hdfsBytesRead" : -1,
      "hdfsBytesWritten" : 648562422,
      "fileBytesRead" : 430035853,
      "fileBytesWritten" : 430095227,
      "mapInputRecords" : -1,
      "mapOutputBytes" : -1,
      "mapOutputRecords" : -1,
      "combineInputRecords" : 28098266,
      "reduceInputGroups" : 16991281,
      "reduceInputRecords" : 22878768,
      "reduceShuffleBytes" : 641911522,
      "reduceOutputRecords" : 16991281,
      "spilledRecords" : 19965556,
      "mapInputBytes" : -1,
      "resourceUsageMetrics" : {
        "cumulativeCpuUsage" : 288970,
        "virtualMemoryUsage" : 1010507776,
        "physicalMemoryUsage" : 501104640,
        "heapUsage" : 406323200
      }
    }, {
      "location" : null,
      "hostName" : null,
      "result" : "KILLED",
      "startTime" : 1404006411880,
      "finishTime" : 1404006516255,
      "attemptID" : "attempt_201406270004_0422_r_000003_1",
      "shuffleFinished" : -1,
      "sortFinished" : -1,
      "hdfsBytesRead" : -1,
      "hdfsBytesWritten" : -1,
      "fileBytesRead" : -1,
      "fileBytesWritten" : -1,
      "mapInputRecords" : -1,
      "mapOutputBytes" : -1,
      "mapOutputRecords" : -1,
      "combineInputRecords" : -1,
      "reduceInputGroups" : -1,
      "reduceInputRecords" : -1,
      "reduceShuffleBytes" : -1,
      "reduceOutputRecords" : -1,
      "spilledRecords" : -1,
      "mapInputBytes" : -1,
      "resourceUsageMetrics" : {
        "cumulativeCpuUsage" : 0,
        "virtualMemoryUsage" : 0,
        "physicalMemoryUsage" : 0,
        "heapUsage" : 0
      }
    } ],
    "finishTime" : 1404006939918,
    "preferredLocations" : [ ],
    "taskType" : "REDUCE",
    "taskStatus" : "SUCCESS",
    "taskID" : "task_201406270004_0422_r_000003",
    "inputBytes" : 641911522,
    "inputRecords" : 22878768,
    "outputBytes" : 648562422,
    "outputRecords" : 16991281
  }, {
    "startTime" : 1404006611611,
    "attempts" : [ {
      "location" : {
        "layers" : [ "default-rack", "Slave3" ]
      },
      "hostName" : "/default-rack/Slave3",
      "result" : "SUCCESS",
      "startTime" : 1404005157860,
      "finishTime" : 1404005485484,
      "attemptID" : "attempt_201406270004_0422_r_000004_0",
      "shuffleFinished" : 1404005378573,
      "sortFinished" : 1404005378639,
      "hdfsBytesRead" : -1,
      "hdfsBytesWritten" : 648617066,
      "fileBytesRead" : 430264894,
      "fileBytesWritten" : 430324268,
      "mapInputRecords" : -1,
      "mapOutputBytes" : -1,
      "mapOutputRecords" : -1,
      "combineInputRecords" : 28133899,
      "reduceInputGroups" : 16992855,
      "reduceInputRecords" : 22885149,
      "reduceShuffleBytes" : 642302169,
      "reduceOutputRecords" : 16992855,
      "spilledRecords" : 19977877,
      "mapInputBytes" : -1,
      "resourceUsageMetrics" : {
        "cumulativeCpuUsage" : 294000,
        "virtualMemoryUsage" : 1008332800,
        "physicalMemoryUsage" : 502460416,
        "heapUsage" : 418906112
      }
    } ],
    "finishTime" : 1404006939394,
    "preferredLocations" : [ ],
    "taskType" : "REDUCE",
    "taskStatus" : "SUCCESS",
    "taskID" : "task_201406270004_0422_r_000004",
    "inputBytes" : 642302169,
    "inputRecords" : 22885149,
    "outputBytes" : 648617066,
    "outputRecords" : 16992855
  } ],
  "queue" : "default",
  "jobProperties" : {
    "fs.s3n.impl" : "org.apache.hadoop.fs.s3native.NativeS3FileSystem",
    "mapred.task.cache.levels" : "2",
    "mapreduce.job.restart.recover" : "true",
    "mapreduce.job.counters.max" : "120",
    "dfs.client.use.datanode.hostname" : "false",
    "hadoop.tmp.dir" : "/tmp/hadoop-${user.name}",
    "hadoop.native.lib" : "true",
    "map.sort.class" : "org.apache.hadoop.util.QuickSort",
    "dfs.namenode.decommission.nodes.per.interval" : "5",
    "dfs.https.need.client.auth" : "false",
    "dfs.datanode.drop.cache.behind.writes" : "false",
    "ipc.client.idlethreshold" : "4000",
    "mapred.system.dir" : "${hadoop.tmp.dir}/mapred/system",
    "dfs.datanode.data.dir.perm" : "755",
    "mapred.job.tracker.persist.jobstatus.hours" : "0",
    "dfs.namenode.logging.level" : "info",
    "dfs.datanode.address" : "0.0.0.0:50010",
    "io.skip.checksum.errors" : "false",
    "dfs.block.access.token.enable" : "false",
    "fs.default.name" : "hdfs://Master:9000",
    "mapred.cluster.reduce.memory.mb" : "-1",
    "mapred.reducer.new-api" : "true",
    "mapred.child.tmp" : "./tmp",
    "fs.har.impl.disable.cache" : "true",
    "dfs.safemode.threshold.pct" : "0.999f",
    "mapred.skip.reduce.max.skip.groups" : "0",
    "mapred.heartbeats.in.second" : "100",
    "dfs.namenode.handler.count" : "10",
    "dfs.blockreport.initialDelay" : "0",
    "mapred.tasktracker.dns.nameserver" : "default",
    "io.sort.factor" : "10",
    "dfs.datanode.drop.cache.behind.reads" : "false",
    "mapred.task.timeout" : "600000",
    "mapred.max.tracker.failures" : "4",
    "hadoop.rpc.socket.factory.class.default" : "org.apache.hadoop.net.StandardSocketFactory",
    "mapred.job.tracker.jobhistory.lru.cache.size" : "5",
    "fs.hdfs.impl" : "org.apache.hadoop.hdfs.DistributedFileSystem",
    "mapred.queue.default.acl-administer-jobs" : "*",
    "dfs.namenode.stale.datanode.interval" : "30000",
    "mapred.output.key.class" : "WordPair",
    "dfs.block.access.key.update.interval" : "600",
    "mapred.skip.map.auto.incr.proc.count" : "true",
    "mapreduce.job.complete.cancel.delegation.tokens" : "true",
    "io.mapfile.bloom.size" : "1048576",
    "mapreduce.reduce.shuffle.connect.timeout" : "180000",
    "dfs.safemode.extension" : "30000",
    "mapred.jobtracker.blacklist.fault-timeout-window" : "180",
    "dfs.namenode.write.stale.datanode.ratio" : "0.5f",
    "hadoop.skip.worker.version.check" : "false",
    "tasktracker.http.threads" : "40",
    "net.topology.impl" : "org.apache.hadoop.net.NetworkTopology",
    "mapred.job.shuffle.merge.percent" : "0.4",
    "fs.ftp.impl" : "org.apache.hadoop.fs.ftp.FTPFileSystem",
    "user.name" : "trend-hadoop",
    "dfs.namenode.kerberos.internal.spnego.principal" : "${dfs.web.authentication.kerberos.principal}",
    "mapred.output.compress" : "false",
    "io.bytes.per.checksum" : "512",
    "mapred.combine.recordsBeforeProgress" : "10000",
    "mapred.healthChecker.script.timeout" : "600000",
    "topology.node.switch.mapping.impl" : "org.apache.hadoop.net.ScriptBasedMapping",
    "dfs.https.server.keystore.resource" : "ssl-server.xml",
    "mapred.reduce.slowstart.completed.maps" : "0.04",
    "mapred.reduce.max.attempts" : "4",
    "dfs.namenode.safemode.min.datanodes" : "0",
    "mapreduce.ifile.readahead.bytes" : "4194304",
    "fs.ramfs.impl" : "org.apache.hadoop.fs.InMemoryFileSystem",
    "dfs.block.access.token.lifetime" : "600",
    "mapred.skip.map.max.skip.records" : "0",
    "dfs.name.edits.dir" : "${dfs.name.dir}",
    "mapred.cluster.map.memory.mb" : "-1",
    "hadoop.security.group.mapping" : "org.apache.hadoop.security.ShellBasedUnixGroupsMapping",
    "mapred.job.tracker.persist.jobstatus.dir" : "/jobtracker/jobsInfo",
    "mapred.jar" : "hdfs://Master:9000/tmp/hadoop-trend-hadoop/mapred/staging/trend-hadoop/.staging/job_201406270004_0422/job.jar",
    "fs.s3.buffer.dir" : "${hadoop.tmp.dir}/s3",
    "dfs.block.size" : "67108864",
    "job.end.retry.attempts" : "0",
    "fs.file.impl" : "org.apache.hadoop.fs.LocalFileSystem",
    "dfs.namenode.avoid.write.stale.datanode" : "false",
    "dfs.datanode.max.xcievers" : "4096",
    "mapred.local.dir.minspacestart" : "0",
    "mapred.output.compression.type" : "RECORD",
    "dfs.datanode.ipc.address" : "0.0.0.0:50020",
    "dfs.permissions" : "true",
    "topology.script.number.args" : "100",
    "mapreduce.job.counters.groups.max" : "50",
    "io.mapfile.bloom.error.rate" : "0.005",
    "mapred.cluster.max.reduce.memory.mb" : "-1",
    "mapred.max.tracker.blacklists" : "4",
    "mapred.task.profile.maps" : "0-2",
    "mapred.jobtracker.jobSchedulable" : "org.apache.hadoop.mapred.JobSchedulable",
    "dfs.datanode.https.address" : "0.0.0.0:50475",
    "mapred.userlog.retain.hours" : "24",
    "dfs.secondary.http.address" : "0.0.0.0:50090",
    "dfs.namenode.replication.work.multiplier.per.iteration" : "2",
    "dfs.replication.max" : "512",
    "mapred.job.tracker.persist.jobstatus.active" : "false",
    "hadoop.security.authorization" : "false",
    "local.cache.size" : "10737418240",
    "mapred.min.split.size" : "67108864",
    "dfs.namenode.delegation.token.renew-interval" : "86400000",
    "mapred.map.tasks" : "43",
    "mapred.child.java.opts" : "-Xmx200m",
    "mapred.output.value.class" : "org.apache.hadoop.io.IntWritable",
    "dfs.https.client.keystore.resource" : "ssl-client.xml",
    "ipc.client.fallback-to-simple-auth-allowed" : "false",
    "mapred.job.queue.name" : "default",
    "mapred.job.tracker.retiredjobs.cache.size" : "1000",
    "dfs.https.address" : "0.0.0.0:50470",
    "dfs.balance.bandwidthPerSec" : "1048576",
    "ipc.server.listen.queue.size" : "128",
    "dfs.namenode.invalidate.work.pct.per.iteration" : "0.32f",
    "mapred.inmem.merge.threshold" : "800",
    "job.end.retry.interval" : "30000",
    "mapred.skip.attempts.to.start.skipping" : "2",
    "mapreduce.tasktracker.outofband.heartbeat.damper" : "1000000",
    "hadoop.security.use-weak-http-crypto" : "false",
    "fs.checkpoint.dir" : "${hadoop.tmp.dir}/dfs/namesecondary",
    "dfs.namenode.avoid.read.stale.datanode" : "false",
    "mapred.reduce.tasks" : "5",
    "mapred.merge.recordsBeforeProgress" : "10000",
    "mapred.userlog.limit.kb" : "0",
    "mapred.job.reduce.memory.mb" : "-1",
    "webinterface.private.actions" : "false",
    "dfs.max.objects" : "0",
    "hadoop.security.token.service.use_ip" : "true",
    "io.sort.spill.percent" : "0.8",
    "mapred.job.shuffle.input.buffer.percent" : "0.8",
    "mapred.map.tasks.speculative.execution" : "true",
    "hadoop.http.authentication.type" : "simple",
    "mapred.job.name" : "pairs-co-occur",
    "hadoop.util.hash.type" : "murmur",
    "dfs.datanode.dns.nameserver" : "default",
    "hadoop.security.instrumentation.requires.admin" : "false",
    "dfs.blockreport.intervalMsec" : "3600000",
    "dfs.datanode.readahead.bytes" : "4193404",
    "mapred.map.max.attempts" : "4",
    "mapreduce.job.acl-view-job" : " ",
    "mapreduce.ifile.readahead" : "true",
    "mapred.jobtracker.nodegroup.aware" : "false",
    "mapred.job.tracker.handler.count" : "10",
    "dfs.client.block.write.retries" : "3",
    "mapreduce.reduce.shuffle.read.timeout" : "180000",
    "mapred.tasktracker.expiry.interval" : "600000",
    "dfs.secondary.namenode.kerberos.internal.spnego.principal" : "${dfs.web.authentication.kerberos.principal}",
    "dfs.https.enable" : "false",
    "mapred.jobtracker.job.history.block.size" : "3145728",
    "mapred.jobtracker.maxtasks.per.job" : "-1",
    "keep.failed.task.files" : "false",
    "dfs.datanode.use.datanode.hostname" : "false",
    "dfs.datanode.failed.volumes.tolerated" : "0",
    "ipc.client.tcpnodelay" : "false",
    "mapred.task.profile.reduces" : "0-2",
    "io.map.index.skip" : "0",
    "mapred.output.compression.codec" : "org.apache.hadoop.io.compress.DefaultCodec",
    "hadoop.http.authentication.token.validity" : "36000",
    "ipc.server.tcpnodelay" : "false",
    "hadoop.jetty.logs.serve.aliases" : "true",
    "mapred.working.dir" : "hdfs://Master:9000/user/trend-hadoop",
    "mapred.jobtracker.blacklist.fault-bucket-width" : "15",
    "dfs.namenode.delegation.key.update-interval" : "86400000",
    "mapred.used.genericoptionsparser" : "true",
    "mapred.job.map.memory.mb" : "-1",
    "mapred.mapper.new-api" : "true",
    "dfs.default.chunk.view.size" : "32768",
    "hadoop.logfile.size" : "10000000",
    "mapred.reduce.tasks.speculative.execution" : "true",
    "mapreduce.tasktracker.outofband.heartbeat" : "false",
    "mapreduce.job.dir" : "hdfs://Master:9000/tmp/hadoop-trend-hadoop/mapred/staging/trend-hadoop/.staging/job_201406270004_0422",
    "mapreduce.reduce.input.limit" : "-1",
    "dfs.datanode.du.reserved" : "0",
    "dfs.datanode.sync.behind.writes" : "false",
    "hadoop.security.authentication" : "simple",
    "fs.checkpoint.period" : "3600",
    "mapred.job.reuse.jvm.num.tasks" : "-1",
    "dfs.web.ugi" : "webuser,webgroup",
    "mapred.jobtracker.completeuserjobs.maximum" : "100",
    "dfs.df.interval" : "60000",
    "mapred.task.tracker.task-controller" : "org.apache.hadoop.mapred.DefaultTaskController",
    "dfs.data.dir" : "${hadoop.tmp.dir}/dfs/data",
    "fs.s3.maxRetries" : "4",
    "dfs.datanode.dns.interface" : "default",
    "mapred.cluster.max.map.memory.mb" : "-1",
    "mapreduce.reduce.shuffle.maxfetchfailures" : "10",
    "mapred.map.child.java.opts" : "-Xmx1000M",
    "mapreduce.job.acl-modify-job" : " ",
    "fs.hftp.impl" : "org.apache.hadoop.hdfs.HftpFileSystem",
    "mapred.local.dir" : "${hadoop.tmp.dir}/mapred/local",
    "dfs.permissions.supergroup" : "supergroup",
    "fs.s3.sleepTimeSeconds" : "10",
    "fs.trash.interval" : "0",
    "mapred.submit.replication" : "10",
    "dfs.replication.min" : "1",
    "fs.har.impl" : "org.apache.hadoop.fs.HarFileSystem",
    "hadoop.relaxed.worker.version.check" : "false",
    "mapred.map.output.compression.codec" : "org.apache.hadoop.io.compress.DefaultCodec",
    "mapred.tasktracker.dns.interface" : "default",
    "dfs.http.address" : "0.0.0.0:50070",
    "dfs.namenode.decommission.interval" : "30",
    "mapred.job.tracker" : "Master:9001",
    "dfs.heartbeat.interval" : "3",
    "hadoop.http.authentication.signature.secret.file" : "${user.home}/hadoop-http-auth-signature-secret",
    "io.seqfile.sorter.recordlimit" : "1000000",
    "mapreduce.job.submithost" : "Master",
    "dfs.name.dir" : "${hadoop.tmp.dir}/dfs/name",
    "mapred.jobtracker.taskScheduler" : "org.apache.hadoop.mapred.JobQueueTaskScheduler",
    "mapred.line.input.format.linespermap" : "1",
    "dfs.datanode.http.address" : "0.0.0.0:50075",
    "fs.webhdfs.impl" : "org.apache.hadoop.hdfs.web.WebHdfsFileSystem",
    "mapred.local.dir.minspacekill" : "0",
    "dfs.image.transfer.bandwidthPerSec" : "0",
    "dfs.replication.interval" : "3",
    "io.sort.record.percent" : "0.04",
    "hadoop.http.authentication.kerberos.principal" : "HTTP/localhost@LOCALHOST",
    "mapreduce.reduce.class" : "PairsReducer",
    "fs.kfs.impl" : "org.apache.hadoop.fs.kfs.KosmosFileSystem",
    "mapred.tasktracker.reduce.tasks.maximum" : "1",
    "mapred.temp.dir" : "${hadoop.tmp.dir}/mapred/temp",
    "dfs.replication" : "3",
    "fs.checkpoint.edits.dir" : "${fs.checkpoint.dir}",
    "mapreduce.jobhistory.max-age-ms" : "2592000000",
    "mapred.tasktracker.tasks.sleeptime-before-sigkill" : "5000",
    "mapred.job.reduce.input.buffer.percent" : "0.7",
    "mapred.tasktracker.indexcache.mb" : "10",
    "dfs.webhdfs.enabled" : "false",
    "mapreduce.job.split.metainfo.maxsize" : "10000000",
    "hadoop.logfile.count" : "10",
    "mapred.skip.reduce.auto.incr.proc.count" : "true",
    "mapreduce.job.submithostaddress" : "192.168.168.50",
    "io.seqfile.compress.blocksize" : "1000000",
    "fs.s3.block.size" : "67108864",
    "mapred.tasktracker.taskmemorymanager.monitoring-interval" : "5000",
    "hadoop.http.authentication.simple.anonymous.allowed" : "true",
    "mapreduce.jobtracker.staging.root.dir" : "${hadoop.tmp.dir}/mapred/staging",
    "mapred.acls.enabled" : "false",
    "mapred.queue.default.state" : "RUNNING",
    "mapred.queue.names" : "default",
    "fs.hsftp.impl" : "org.apache.hadoop.hdfs.HsftpFileSystem",
    "dfs.access.time.precision" : "3600000",
    "mapred.task.tracker.http.address" : "0.0.0.0:50060",
    "mapreduce.combine.class" : "PairsReducer",
    "io.seqfile.lazydecompress" : "true",
    "mapred.reduce.parallel.copies" : "5",
    "mapred.disk.healthChecker.interval" : "60000",
    "mapred.output.dir" : "/wiki-out",
    "ipc.client.connection.maxidletime" : "10000",
    "io.sort.mb" : "400",
    "mapred.reduce.child.java.opts" : "-Xmx400M",
    "mapred.task.tracker.report.address" : "127.0.0.1:0",
    "hadoop.security.uid.cache.secs" : "14400",
    "mapred.compress.map.output" : "false",
    "ipc.client.kill.max" : "10",
    "mapred.healthChecker.interval" : "60000",
    "ipc.client.connect.max.retries" : "10",
    "mapreduce.map.class" : "PairsOccurrenceMapper",
    "fs.s3.impl" : "org.apache.hadoop.fs.s3.S3FileSystem",
    "mapred.user.jobconf.limit" : "5242880",
    "mapreduce.job.counters.group.name.max" : "128",
    "mapred.job.tracker.http.address" : "0.0.0.0:50030",
    "mapred.input.dir" : "hdfs://Master:9000/wiki-in500M",
    "io.file.buffer.size" : "4096",
    "mapred.jobtracker.restart.recover" : "false",
    "io.serializations" : "org.apache.hadoop.io.serializer.WritableSerialization",
    "mapred.task.profile" : "false",
    "dfs.datanode.handler.count" : "3",
    "mapreduce.input.num.files" : "43",
    "mapreduce.jobhistory.cleaner.interval-ms" : "86400000",
    "dfs.replication.considerLoad" : "true",
    "jobclient.output.filter" : "FAILED",
    "dfs.namenode.edits.toleration.length" : "0",
    "hadoop.http.authentication.kerberos.keytab" : "${user.home}/hadoop.keytab",
    "dfs.namenode.delegation.token.max-lifetime" : "604800000",
    "mapred.tasktracker.map.tasks.maximum" : "3",
    "fs.checkpoint.size" : "67108864",
    "io.compression.codecs" : "org.apache.hadoop.io.compress.DefaultCodec,org.apache.hadoop.io.compress.GzipCodec,org.apache.hadoop.io.compress.BZip2Codec,org.apache.hadoop.io.compress.SnappyCodec",
    "mapreduce.job.counters.counter.name.max" : "64"
  },
  "computonsPerMapInputByte" : -1,
  "computonsPerMapOutputByte" : -1,
  "computonsPerReduceInputByte" : -1,
  "computonsPerReduceOutputByte" : -1,
  "heapMegabytes" : 200,
  "outcome" : "SUCCESS",
  "jobtype" : "JAVA",
  "directDependantJobs" : [ ],
  "successfulMapAttemptCDFs" : [ {
    "maximum" : 178585,
    "minimum" : 15132,
    "rankings" : [ {
      "datum" : 79586,
      "relativeRanking" : 0.05
    }, {
      "datum" : 82458,
      "relativeRanking" : 0.1
    }, {
      "datum" : 84880,
      "relativeRanking" : 0.15
    }, {
      "datum" : 88892,
      "relativeRanking" : 0.2
    }, {
      "datum" : 90684,
      "relativeRanking" : 0.25
    }, {
      "datum" : 91810,
      "relativeRanking" : 0.3
    }, {
      "datum" : 92374,
      "relativeRanking" : 0.35
    }, {
      "datum" : 92894,
      "relativeRanking" : 0.4
    }, {
      "datum" : 94061,
      "relativeRanking" : 0.45
    }, {
      "datum" : 94883,
      "relativeRanking" : 0.5
    }, {
      "datum" : 97379,
      "relativeRanking" : 0.55
    }, {
      "datum" : 111550,
      "relativeRanking" : 0.6
    }, {
      "datum" : 112075,
      "relativeRanking" : 0.65
    }, {
      "datum" : 114103,
      "relativeRanking" : 0.7
    }, {
      "datum" : 119885,
      "relativeRanking" : 0.75
    }, {
      "datum" : 123881,
      "relativeRanking" : 0.8
    }, {
      "datum" : 131302,
      "relativeRanking" : 0.85
    }, {
      "datum" : 132403,
      "relativeRanking" : 0.9
    }, {
      "datum" : 135006,
      "relativeRanking" : 0.95
    } ],
    "numberValues" : 40
  }, {
    "maximum" : 96259,
    "minimum" : 85085,
    "rankings" : [ {
      "datum" : 85085,
      "relativeRanking" : 0.05
    }, {
      "datum" : 85085,
      "relativeRanking" : 0.1
    }, {
      "datum" : 85085,
      "relativeRanking" : 0.15
    }, {
      "datum" : 85085,
      "relativeRanking" : 0.2
    }, {
      "datum" : 85085,
      "relativeRanking" : 0.25
    }, {
      "datum" : 85085,
      "relativeRanking" : 0.3
    }, {
      "datum" : 85085,
      "relativeRanking" : 0.35
    }, {
      "datum" : 85085,
      "relativeRanking" : 0.4
    }, {
      "datum" : 85085,
      "relativeRanking" : 0.45
    }, {
      "datum" : 85085,
      "relativeRanking" : 0.5
    }, {
      "datum" : 85085,
      "relativeRanking" : 0.55
    }, {
      "datum" : 85085,
      "relativeRanking" : 0.6
    }, {
      "datum" : 85085,
      "relativeRanking" : 0.65
    }, {
      "datum" : 88465,
      "relativeRanking" : 0.7
    }, {
      "datum" : 88465,
      "relativeRanking" : 0.75
    }, {
      "datum" : 88465,
      "relativeRanking" : 0.8
    }, {
      "datum" : 88465,
      "relativeRanking" : 0.85
    }, {
      "datum" : 88465,
      "relativeRanking" : 0.9
    }, {
      "datum" : 88465,
      "relativeRanking" : 0.95
    } ],
    "numberValues" : 3
  }, {
    "maximum" : 9223372036854775807,
    "minimum" : -9223372036854775808,
    "rankings" : [ ],
    "numberValues" : 0
  }, {
    "maximum" : 9223372036854775807,
    "minimum" : -9223372036854775808,
    "rankings" : [ ],
    "numberValues" : 0
  } ],
  "failedMapAttemptCDFs" : [ {
    "maximum" : 9223372036854775807,
    "minimum" : -9223372036854775808,
    "rankings" : [ ],
    "numberValues" : 0
  }, {
    "maximum" : 9223372036854775807,
    "minimum" : -9223372036854775808,
    "rankings" : [ ],
    "numberValues" : 0
  }, {
    "maximum" : 9223372036854775807,
    "minimum" : -9223372036854775808,
    "rankings" : [ ],
    "numberValues" : 0
  }, {
    "maximum" : 9223372036854775807,
    "minimum" : -9223372036854775808,
    "rankings" : [ ],
    "numberValues" : 0
  } ],
  "successfulReduceAttemptCDF" : {
    "maximum" : 369100,
    "minimum" : 325561,
    "rankings" : [ {
      "datum" : 325561,
      "relativeRanking" : 0.05
    }, {
      "datum" : 325561,
      "relativeRanking" : 0.1
    }, {
      "datum" : 325561,
      "relativeRanking" : 0.15
    }, {
      "datum" : 325561,
      "relativeRanking" : 0.2
    }, {
      "datum" : 325561,
      "relativeRanking" : 0.25
    }, {
      "datum" : 325561,
      "relativeRanking" : 0.3
    }, {
      "datum" : 325561,
      "relativeRanking" : 0.35
    }, {
      "datum" : 327624,
      "relativeRanking" : 0.4
    }, {
      "datum" : 327624,
      "relativeRanking" : 0.45
    }, {
      "datum" : 327624,
      "relativeRanking" : 0.5
    }, {
      "datum" : 327624,
      "relativeRanking" : 0.55
    }, {
      "datum" : 328112,
      "relativeRanking" : 0.6
    }, {
      "datum" : 328112,
      "relativeRanking" : 0.65
    }, {
      "datum" : 328112,
      "relativeRanking" : 0.7
    }, {
      "datum" : 328112,
      "relativeRanking" : 0.75
    }, {
      "datum" : 329971,
      "relativeRanking" : 0.8
    }, {
      "datum" : 329971,
      "relativeRanking" : 0.85
    }, {
      "datum" : 329971,
      "relativeRanking" : 0.9
    }, {
      "datum" : 329971,
      "relativeRanking" : 0.95
    } ],
    "numberValues" : 5
  },
  "failedReduceAttemptCDF" : {
    "maximum" : 9223372036854775807,
    "minimum" : -9223372036854775808,
    "rankings" : [ ],
    "numberValues" : 0
  },
  "mapperTriesToSucceed" : [ 1.0 ],
  "failedMapperFraction" : 0.0,
  "relativeTime" : 0,
  "clusterMapMB" : -1,
  "clusterReduceMB" : -1,
  "jobMapMB" : 200,
  "jobReduceMB" : 200,
  "submitTime" : 1404006497403,
  "launchTime" : 1404006497499,
  "totalMaps" : 43,
  "totalReduces" : 5,
  "otherTasks" : [ {
    "startTime" : 1404006497529,
    "attempts" : [ {
      "location" : {
        "layers" : [ "default-rack", "Slave1" ]
      },
      "hostName" : "/default-rack/Slave1",
      "result" : "SUCCESS",
      "startTime" : 1404006071134,
      "finishTime" : 1404006072896,
      "attemptID" : "attempt_201406270004_0422_m_000044_0",
      "shuffleFinished" : -1,
      "sortFinished" : -1,
      "hdfsBytesRead" : -1,
      "hdfsBytesWritten" : -1,
      "fileBytesRead" : -1,
      "fileBytesWritten" : 59468,
      "mapInputRecords" : -1,
      "mapOutputBytes" : -1,
      "mapOutputRecords" : -1,
      "combineInputRecords" : -1,
      "reduceInputGroups" : -1,
      "reduceInputRecords" : -1,
      "reduceShuffleBytes" : -1,
      "reduceOutputRecords" : -1,
      "spilledRecords" : 0,
      "mapInputBytes" : -1,
      "resourceUsageMetrics" : {
        "cumulativeCpuUsage" : 180,
        "virtualMemoryUsage" : 1647816704,
        "physicalMemoryUsage" : 122916864,
        "heapUsage" : 758120448
      }
    } ],
    "finishTime" : 1404006499646,
    "preferredLocations" : [ ],
    "taskType" : "SETUP",
    "taskStatus" : "SUCCESS",
    "taskID" : "task_201406270004_0422_m_000044",
    "inputBytes" : -1,
    "inputRecords" : -1,
    "outputBytes" : -1,
    "outputRecords" : -1
  }, {
    "startTime" : 1404006980867,
    "attempts" : [ {
      "location" : {
        "layers" : [ "default-rack", "Slave4" ]
      },
      "hostName" : "/default-rack/Slave4",
      "result" : "SUCCESS",
      "startTime" : 1403917692337,
      "finishTime" : 1403917693748,
      "attemptID" : "attempt_201406270004_0422_m_000043_0",
      "shuffleFinished" : -1,
      "sortFinished" : -1,
      "hdfsBytesRead" : -1,
      "hdfsBytesWritten" : -1,
      "fileBytesRead" : -1,
      "fileBytesWritten" : 59468,
      "mapInputRecords" : -1,
      "mapOutputBytes" : -1,
      "mapOutputRecords" : -1,
      "combineInputRecords" : -1,
      "reduceInputGroups" : -1,
      "reduceInputRecords" : -1,
      "reduceShuffleBytes" : -1,
      "reduceOutputRecords" : -1,
      "spilledRecords" : 0,
      "mapInputBytes" : -1,
      "resourceUsageMetrics" : {
        "cumulativeCpuUsage" : 60,
        "virtualMemoryUsage" : 1653096448,
        "physicalMemoryUsage" : 855113728,
        "heapUsage" : 899153920
      }
    } ],
    "finishTime" : 1404006982376,
    "preferredLocations" : [ ],
    "taskType" : "CLEANUP",
    "taskStatus" : "SUCCESS",
    "taskID" : "task_201406270004_0422_m_000043",
    "inputBytes" : -1,
    "inputRecords" : -1,
    "outputBytes" : -1,
    "outputRecords" : -1
  } ]
}