{
  "name" : "<root>",
  "children" : [ {
    "name" : "default-rack",
    "children" : [ {
      "name" : "192\\.168\\.168\\.51",
      "children" : null
    }, {
      "name" : "192\\.168\\.168\\.52",
      "children" : null
    }, {
      "name" : "192\\.168\\.168\\.53",
      "children" : null
    }, {
      "name" : "Slave1",
      "children" : null
    }, {
      "name" : "Slave2",
      "children" : null
    }, {
      "name" : "192\\.168\\.168\\.54",
      "children" : null
    }, {
      "name" : "192\\.168\\.168\\.55",
      "children" : null
    }, {
      "name" : "Slave3",
      "children" : null
    }, {
      "name" : "192\\.168\\.168\\.56",
      "children" : null
    }, {
      "name" : "Slave4",
      "children" : null
    }, {
      "name" : "192\\.168\\.168\\.57",
      "children" : null
    }, {
      "name" : "Slave5",
      "children" : null
    }, {
      "name" : "Slave6",
      "children" : null
    }, {
      "name" : "192\\.168\\.168\\.50",
      "children" : null
    }, {
      "name" : "Slave7",
      "children" : null
    }, {
      "name" : "Master",
      "children" : null
    } ]
  } ]
}