{
  "priority" : "NORMAL",
  "jobID" : "job_201402250015_0051",
  "user" : "trend-hadoop",
  "jobName" : "TeraSort",
  "mapTasks" : [ {
    "startTime" : 1393338578540,
    "attempts" : [ {
      "result" : "SUCCESS",
      "location" : {
        "layers" : [ "default-rack", "Slave7" ]
      },
      "hostName" : "/default-rack/Slave7",
      "startTime" : 1393338728170,
      "finishTime" : 1393338749610,
      "attemptID" : "attempt_201402250015_0051_m_000000_0",
      "shuffleFinished" : -1,
      "sortFinished" : -1,
      "hdfsBytesRead" : 335548509,
      "hdfsBytesWritten" : -1,
      "fileBytesRead" : 449209947,
      "fileBytesWritten" : 791525562,
      "mapInputRecords" : 3355444,
      "mapOutputBytes" : 335544400,
      "mapOutputRecords" : 3355444,
      "combineInputRecords" : 0,
      "reduceInputGroups" : -1,
      "reduceInputRecords" : -1,
      "reduceShuffleBytes" : -1,
      "reduceOutputRecords" : -1,
      "spilledRecords" : 7759461,
      "mapInputBytes" : 335544400,
      "resourceUsageMetrics" : {
        "cumulativeCpuUsage" : 23810,
        "virtualMemoryUsage" : 784461824,
        "physicalMemoryUsage" : 226709504,
        "heapUsage" : 201326592
      }
    } ],
    "finishTime" : 1393338600261,
    "preferredLocations" : [ {
      "layers" : [ "default-rack", "192\\.168\\.168\\.53" ]
    }, {
      "layers" : [ "default-rack", "192\\.168\\.168\\.51" ]
    }, {
      "layers" : [ "default-rack", "192\\.168\\.168\\.50" ]
    } ],
    "taskType" : "MAP",
    "taskStatus" : "SUCCESS",
    "taskID" : "task_201402250015_0051_m_000000",
    "inputBytes" : 335548509,
    "inputRecords" : 3355444,
    "outputBytes" : 791525562,
    "outputRecords" : 3355444
  }, {
    "startTime" : 1393338578541,
    "attempts" : [ {
      "result" : "SUCCESS",
      "location" : {
        "layers" : [ "default-rack", "Slave7" ]
      },
      "hostName" : "/default-rack/Slave7",
      "startTime" : 1393338728171,
      "finishTime" : 1393338747639,
      "attemptID" : "attempt_201402250015_0051_m_000001_0",
      "shuffleFinished" : -1,
      "sortFinished" : -1,
      "hdfsBytesRead" : 335548509,
      "hdfsBytesWritten" : -1,
      "fileBytesRead" : 449209845,
      "fileBytesWritten" : 791525358,
      "mapInputRecords" : 3355443,
      "mapOutputBytes" : 335544300,
      "mapOutputRecords" : 3355443,
      "combineInputRecords" : 0,
      "reduceInputGroups" : -1,
      "reduceInputRecords" : -1,
      "reduceShuffleBytes" : -1,
      "reduceOutputRecords" : -1,
      "spilledRecords" : 7759459,
      "mapInputBytes" : 335544300,
      "resourceUsageMetrics" : {
        "cumulativeCpuUsage" : 21940,
        "virtualMemoryUsage" : 783347712,
        "physicalMemoryUsage" : 233857024,
        "heapUsage" : 201326592
      }
    } ],
    "finishTime" : 1393338598141,
    "preferredLocations" : [ {
      "layers" : [ "default-rack", "192\\.168\\.168\\.53" ]
    }, {
      "layers" : [ "default-rack", "192\\.168\\.168\\.55" ]
    }, {
      "layers" : [ "default-rack", "192\\.168\\.168\\.57" ]
    } ],
    "taskType" : "MAP",
    "taskStatus" : "SUCCESS",
    "taskID" : "task_201402250015_0051_m_000001",
    "inputBytes" : 335548509,
    "inputRecords" : 3355443,
    "outputBytes" : 791525358,
    "outputRecords" : 3355443
  }, {
    "startTime" : 1393338578544,
    "attempts" : [ {
      "result" : "SUCCESS",
      "location" : {
        "layers" : [ "default-rack", "Slave6" ]
      },
      "hostName" : "/default-rack/Slave6",
      "startTime" : 1393337682009,
      "finishTime" : 1393337702410,
      "attemptID" : "attempt_201402250015_0051_m_000029_0",
      "shuffleFinished" : -1,
      "sortFinished" : -1,
      "hdfsBytesRead" : 302379613,
      "hdfsBytesWritten" : -1,
      "fileBytesRead" : 388643157,
      "fileBytesWritten" : 697130575,
      "mapInputRecords" : 3023795,
      "mapOutputBytes" : 302379500,
      "mapOutputRecords" : 3023795,
      "combineInputRecords" : 0,
      "reduceInputGroups" : -1,
      "reduceInputRecords" : -1,
      "reduceShuffleBytes" : -1,
      "reduceOutputRecords" : -1,
      "spilledRecords" : 6834020,
      "mapInputBytes" : 302379500,
      "resourceUsageMetrics" : {
        "cumulativeCpuUsage" : 22460,
        "virtualMemoryUsage" : 781606912,
        "physicalMemoryUsage" : 221732864,
        "heapUsage" : 201326592
      }
    } ],
    "finishTime" : 1393338599346,
    "preferredLocations" : [ {
      "layers" : [ "default-rack", "Master" ]
    }, {
      "layers" : [ "default-rack", "Slave6" ]
    }, {
      "layers" : [ "default-rack", "Slave1" ]
    } ],
    "taskType" : "MAP",
    "taskStatus" : "SUCCESS",
    "taskID" : "task_201402250015_0051_m_000029",
    "inputBytes" : 302379613,
    "inputRecords" : 3023795,
    "outputBytes" : 697130575,
    "outputRecords" : 3023795
  }, {
    "startTime" : 1393338578545,
    "attempts" : [ {
      "result" : "SUCCESS",
      "location" : {
        "layers" : [ "default-rack", "Slave6" ]
      },
      "hostName" : "/default-rack/Slave6",
      "startTime" : 1393337682010,
      "finishTime" : 1393337704342,
      "attemptID" : "attempt_201402250015_0051_m_000002_0",
      "shuffleFinished" : -1,
      "sortFinished" : -1,
      "hdfsBytesRead" : 335548509,
      "hdfsBytesWritten" : -1,
      "fileBytesRead" : 449209845,
      "fileBytesWritten" : 791525358,
      "mapInputRecords" : 3355443,
      "mapOutputBytes" : 335544300,
      "mapOutputRecords" : 3355443,
      "combineInputRecords" : 0,
      "reduceInputGroups" : -1,
      "reduceInputRecords" : -1,
      "reduceShuffleBytes" : -1,
      "reduceOutputRecords" : -1,
      "spilledRecords" : 7759459,
      "mapInputBytes" : 335544300,
      "resourceUsageMetrics" : {
        "cumulativeCpuUsage" : 24680,
        "virtualMemoryUsage" : 781754368,
        "physicalMemoryUsage" : 226619392,
        "heapUsage" : 201326592
      }
    } ],
    "finishTime" : 1393338601156,
    "preferredLocations" : [ {
      "layers" : [ "default-rack", "192\\.168\\.168\\.53" ]
    }, {
      "layers" : [ "default-rack", "192\\.168\\.168\\.54" ]
    }, {
      "layers" : [ "default-rack", "192\\.168\\.168\\.57" ]
    } ],
    "taskType" : "MAP",
    "taskStatus" : "SUCCESS",
    "taskID" : "task_201402250015_0051_m_000002",
    "inputBytes" : 335548509,
    "inputRecords" : 3355443,
    "outputBytes" : 791525358,
    "outputRecords" : 3355443
  }, {
    "startTime" : 1393338578557,
    "attempts" : [ {
      "result" : "SUCCESS",
      "location" : {
        "layers" : [ "default-rack", "Slave4" ]
      },
      "hostName" : "/default-rack/Slave4",
      "startTime" : 1393249845563,
      "finishTime" : 1393249874721,
      "attemptID" : "attempt_201402250015_0051_m_000003_0",
      "shuffleFinished" : -1,
      "sortFinished" : -1,
      "hdfsBytesRead" : 335548509,
      "hdfsBytesWritten" : -1,
      "fileBytesRead" : 449209845,
      "fileBytesWritten" : 791525358,
      "mapInputRecords" : 3355443,
      "mapOutputBytes" : 335544300,
      "mapOutputRecords" : 3355443,
      "combineInputRecords" : 0,
      "reduceInputGroups" : -1,
      "reduceInputRecords" : -1,
      "reduceShuffleBytes" : -1,
      "reduceOutputRecords" : -1,
      "spilledRecords" : 7759459,
      "mapInputBytes" : 335544300,
      "resourceUsageMetrics" : {
        "cumulativeCpuUsage" : 32110,
        "virtualMemoryUsage" : 788242432,
        "physicalMemoryUsage" : 235311104,
        "heapUsage" : 201326592
      }
    } ],
    "finishTime" : 1393338607942,
    "preferredLocations" : [ {
      "layers" : [ "default-rack", "192\\.168\\.168\\.53" ]
    }, {
      "layers" : [ "default-rack", "192\\.168\\.168\\.50" ]
    }, {
      "layers" : [ "default-rack", "192\\.168\\.168\\.55" ]
    } ],
    "taskType" : "MAP",
    "taskStatus" : "SUCCESS",
    "taskID" : "task_201402250015_0051_m_000003",
    "inputBytes" : 335548509,
    "inputRecords" : 3355443,
    "outputBytes" : 791525358,
    "outputRecords" : 3355443
  }, {
    "startTime" : 1393338578558,
    "attempts" : [ {
      "result" : "SUCCESS",
      "location" : {
        "layers" : [ "default-rack", "Slave4" ]
      },
      "hostName" : "/default-rack/Slave4",
      "startTime" : 1393249845563,
      "finishTime" : 1393249876224,
      "attemptID" : "attempt_201402250015_0051_m_000004_0",
      "shuffleFinished" : -1,
      "sortFinished" : -1,
      "hdfsBytesRead" : 335548509,
      "hdfsBytesWritten" : -1,
      "fileBytesRead" : 449209947,
      "fileBytesWritten" : 791525562,
      "mapInputRecords" : 3355444,
      "mapOutputBytes" : 335544400,
      "mapOutputRecords" : 3355444,
      "combineInputRecords" : 0,
      "reduceInputGroups" : -1,
      "reduceInputRecords" : -1,
      "reduceShuffleBytes" : -1,
      "reduceOutputRecords" : -1,
      "spilledRecords" : 7759461,
      "mapInputBytes" : 335544400,
      "resourceUsageMetrics" : {
        "cumulativeCpuUsage" : 33640,
        "virtualMemoryUsage" : 784257024,
        "physicalMemoryUsage" : 230993920,
        "heapUsage" : 201326592
      }
    } ],
    "finishTime" : 1393338609456,
    "preferredLocations" : [ {
      "layers" : [ "default-rack", "192\\.168\\.168\\.53" ]
    }, {
      "layers" : [ "default-rack", "192\\.168\\.168\\.56" ]
    }, {
      "layers" : [ "default-rack", "192\\.168\\.168\\.55" ]
    } ],
    "taskType" : "MAP",
    "taskStatus" : "SUCCESS",
    "taskID" : "task_201402250015_0051_m_000004",
    "inputBytes" : 335548509,
    "inputRecords" : 3355444,
    "outputBytes" : 791525562,
    "outputRecords" : 3355444
  }, {
    "startTime" : 1393338578600,
    "attempts" : [ {
      "result" : "SUCCESS",
      "location" : {
        "layers" : [ "default-rack", "Slave1" ]
      },
      "hostName" : "/default-rack/Slave1",
      "startTime" : 1393338204653,
      "finishTime" : 1393338224896,
      "attemptID" : "attempt_201402250015_0051_m_000028_0",
      "shuffleFinished" : -1,
      "sortFinished" : -1,
      "hdfsBytesRead" : 302379613,
      "hdfsBytesWritten" : -1,
      "fileBytesRead" : 388643157,
      "fileBytesWritten" : 697130574,
      "mapInputRecords" : 3023795,
      "mapOutputBytes" : 302379500,
      "mapOutputRecords" : 3023795,
      "combineInputRecords" : 0,
      "reduceInputGroups" : -1,
      "reduceInputRecords" : -1,
      "reduceShuffleBytes" : -1,
      "reduceOutputRecords" : -1,
      "spilledRecords" : 6834020,
      "mapInputBytes" : 302379500,
      "resourceUsageMetrics" : {
        "cumulativeCpuUsage" : 21810,
        "virtualMemoryUsage" : 783044608,
        "physicalMemoryUsage" : 228884480,
        "heapUsage" : 201326592
      }
    } ],
    "finishTime" : 1393338599131,
    "preferredLocations" : [ {
      "layers" : [ "default-rack", "Master" ]
    }, {
      "layers" : [ "default-rack", "Slave1" ]
    }, {
      "layers" : [ "default-rack", "Slave3" ]
    } ],
    "taskType" : "MAP",
    "taskStatus" : "SUCCESS",
    "taskID" : "task_201402250015_0051_m_000028",
    "inputBytes" : 302379613,
    "inputRecords" : 3023795,
    "outputBytes" : 697130574,
    "outputRecords" : 3023795
  }, {
    "startTime" : 1393338578600,
    "attempts" : [ {
      "result" : "SUCCESS",
      "location" : {
        "layers" : [ "default-rack", "Slave1" ]
      },
      "hostName" : "/default-rack/Slave1",
      "startTime" : 1393338204654,
      "finishTime" : 1393338225971,
      "attemptID" : "attempt_201402250015_0051_m_000005_0",
      "shuffleFinished" : -1,
      "sortFinished" : -1,
      "hdfsBytesRead" : 335548509,
      "hdfsBytesWritten" : -1,
      "fileBytesRead" : 449209845,
      "fileBytesWritten" : 791525357,
      "mapInputRecords" : 3355443,
      "mapOutputBytes" : 335544300,
      "mapOutputRecords" : 3355443,
      "combineInputRecords" : 0,
      "reduceInputGroups" : -1,
      "reduceInputRecords" : -1,
      "reduceShuffleBytes" : -1,
      "reduceOutputRecords" : -1,
      "spilledRecords" : 7759459,
      "mapInputBytes" : 335544300,
      "resourceUsageMetrics" : {
        "cumulativeCpuUsage" : 23160,
        "virtualMemoryUsage" : 781737984,
        "physicalMemoryUsage" : 226238464,
        "heapUsage" : 201326592
      }
    } ],
    "finishTime" : 1393338600347,
    "preferredLocations" : [ {
      "layers" : [ "default-rack", "192\\.168\\.168\\.53" ]
    }, {
      "layers" : [ "default-rack", "192\\.168\\.168\\.51" ]
    }, {
      "layers" : [ "default-rack", "192\\.168\\.168\\.57" ]
    } ],
    "taskType" : "MAP",
    "taskStatus" : "SUCCESS",
    "taskID" : "task_201402250015_0051_m_000005",
    "inputBytes" : 335548509,
    "inputRecords" : 3355443,
    "outputBytes" : 791525357,
    "outputRecords" : 3355443
  }, {
    "startTime" : 1393338578601,
    "attempts" : [ {
      "result" : "SUCCESS",
      "location" : {
        "layers" : [ "default-rack", "Slave2" ]
      },
      "hostName" : "/default-rack/Slave2",
      "startTime" : 1393338977511,
      "finishTime" : 1393338999946,
      "attemptID" : "attempt_201402250015_0051_m_000006_0",
      "shuffleFinished" : -1,
      "sortFinished" : -1,
      "hdfsBytesRead" : 335548509,
      "hdfsBytesWritten" : -1,
      "fileBytesRead" : 449209845,
      "fileBytesWritten" : 791525358,
      "mapInputRecords" : 3355443,
      "mapOutputBytes" : 335544300,
      "mapOutputRecords" : 3355443,
      "combineInputRecords" : 0,
      "reduceInputGroups" : -1,
      "reduceInputRecords" : -1,
      "reduceShuffleBytes" : -1,
      "reduceOutputRecords" : -1,
      "spilledRecords" : 7759459,
      "mapInputBytes" : 335544300,
      "resourceUsageMetrics" : {
        "cumulativeCpuUsage" : 23340,
        "virtualMemoryUsage" : 773525504,
        "physicalMemoryUsage" : 226668544,
        "heapUsage" : 201326592
      }
    } ],
    "finishTime" : 1393338601238,
    "preferredLocations" : [ {
      "layers" : [ "default-rack", "192\\.168\\.168\\.53" ]
    }, {
      "layers" : [ "default-rack", "192\\.168\\.168\\.54" ]
    }, {
      "layers" : [ "default-rack", "192\\.168\\.168\\.51" ]
    } ],
    "taskType" : "MAP",
    "taskStatus" : "SUCCESS",
    "taskID" : "task_201402250015_0051_m_000006",
    "inputBytes" : 335548509,
    "inputRecords" : 3355443,
    "outputBytes" : 791525358,
    "outputRecords" : 3355443
  }, {
    "startTime" : 1393338578601,
    "attempts" : [ {
      "result" : "SUCCESS",
      "location" : {
        "layers" : [ "default-rack", "Slave2" ]
      },
      "hostName" : "/default-rack/Slave2",
      "startTime" : 1393338977512,
      "finishTime" : 1393338998782,
      "attemptID" : "attempt_201402250015_0051_m_000007_0",
      "shuffleFinished" : -1,
      "sortFinished" : -1,
      "hdfsBytesRead" : 335548509,
      "hdfsBytesWritten" : -1,
      "fileBytesRead" : 449209845,
      "fileBytesWritten" : 791525358,
      "mapInputRecords" : 3355443,
      "mapOutputBytes" : 335544300,
      "mapOutputRecords" : 3355443,
      "combineInputRecords" : 0,
      "reduceInputGroups" : -1,
      "reduceInputRecords" : -1,
      "reduceShuffleBytes" : -1,
      "reduceOutputRecords" : -1,
      "spilledRecords" : 7759459,
      "mapInputBytes" : 335544300,
      "resourceUsageMetrics" : {
        "cumulativeCpuUsage" : 23440,
        "virtualMemoryUsage" : 783409152,
        "physicalMemoryUsage" : 225660928,
        "heapUsage" : 201326592
      }
    } ],
    "finishTime" : 1393338600030,
    "preferredLocations" : [ {
      "layers" : [ "default-rack", "192\\.168\\.168\\.53" ]
    }, {
      "layers" : [ "default-rack", "192\\.168\\.168\\.54" ]
    }, {
      "layers" : [ "default-rack", "192\\.168\\.168\\.52" ]
    } ],
    "taskType" : "MAP",
    "taskStatus" : "SUCCESS",
    "taskID" : "task_201402250015_0051_m_000007",
    "inputBytes" : 335548509,
    "inputRecords" : 3355443,
    "outputBytes" : 791525358,
    "outputRecords" : 3355443
  }, {
    "startTime" : 1393338578705,
    "attempts" : [ {
      "result" : "SUCCESS",
      "location" : {
        "layers" : [ "default-rack", "Master" ]
      },
      "hostName" : "/default-rack/Master",
      "startTime" : 1393338578834,
      "finishTime" : 1393338600232,
      "attemptID" : "attempt_201402250015_0051_m_000008_0",
      "shuffleFinished" : -1,
      "sortFinished" : -1,
      "hdfsBytesRead" : 335548509,
      "hdfsBytesWritten" : -1,
      "fileBytesRead" : 449209845,
      "fileBytesWritten" : 791525358,
      "mapInputRecords" : 3355443,
      "mapOutputBytes" : 335544300,
      "mapOutputRecords" : 3355443,
      "combineInputRecords" : 0,
      "reduceInputGroups" : -1,
      "reduceInputRecords" : -1,
      "reduceShuffleBytes" : -1,
      "reduceOutputRecords" : -1,
      "spilledRecords" : 7759459,
      "mapInputBytes" : 335544300,
      "resourceUsageMetrics" : {
        "cumulativeCpuUsage" : 23750,
        "virtualMemoryUsage" : 784830464,
        "physicalMemoryUsage" : 227332096,
        "heapUsage" : 201326592
      }
    } ],
    "finishTime" : 1393338600430,
    "preferredLocations" : [ {
      "layers" : [ "default-rack", "192\\.168\\.168\\.53" ]
    }, {
      "layers" : [ "default-rack", "192\\.168\\.168\\.52" ]
    }, {
      "layers" : [ "default-rack", "192\\.168\\.168\\.51" ]
    } ],
    "taskType" : "MAP",
    "taskStatus" : "SUCCESS",
    "taskID" : "task_201402250015_0051_m_000008",
    "inputBytes" : 335548509,
    "inputRecords" : 3355443,
    "outputBytes" : 791525358,
    "outputRecords" : 3355443
  }, {
    "startTime" : 1393338578706,
    "attempts" : [ {
      "result" : "SUCCESS",
      "location" : {
        "layers" : [ "default-rack", "Master" ]
      },
      "hostName" : "/default-rack/Master",
      "startTime" : 1393338578835,
      "finishTime" : 1393338599958,
      "attemptID" : "attempt_201402250015_0051_m_000009_0",
      "shuffleFinished" : -1,
      "sortFinished" : -1,
      "hdfsBytesRead" : 335548509,
      "hdfsBytesWritten" : -1,
      "fileBytesRead" : 449209947,
      "fileBytesWritten" : 791525562,
      "mapInputRecords" : 3355444,
      "mapOutputBytes" : 335544400,
      "mapOutputRecords" : 3355444,
      "combineInputRecords" : 0,
      "reduceInputGroups" : -1,
      "reduceInputRecords" : -1,
      "reduceShuffleBytes" : -1,
      "reduceOutputRecords" : -1,
      "spilledRecords" : 7759461,
      "mapInputBytes" : 335544400,
      "resourceUsageMetrics" : {
        "cumulativeCpuUsage" : 23360,
        "virtualMemoryUsage" : 782712832,
        "physicalMemoryUsage" : 228007936,
        "heapUsage" : 201326592
      }
    } ],
    "finishTime" : 1393338600127,
    "preferredLocations" : [ {
      "layers" : [ "default-rack", "192\\.168\\.168\\.53" ]
    }, {
      "layers" : [ "default-rack", "192\\.168\\.168\\.54" ]
    }, {
      "layers" : [ "default-rack", "192\\.168\\.168\\.56" ]
    } ],
    "taskType" : "MAP",
    "taskStatus" : "SUCCESS",
    "taskID" : "task_201402250015_0051_m_000009",
    "inputBytes" : 335548509,
    "inputRecords" : 3355444,
    "outputBytes" : 791525562,
    "outputRecords" : 3355444
  }, {
    "startTime" : 1393338578708,
    "attempts" : [ {
      "result" : "SUCCESS",
      "location" : {
        "layers" : [ "default-rack", "Slave3" ]
      },
      "hostName" : "/default-rack/Slave3",
      "startTime" : 1393337547993,
      "finishTime" : 1393337570993,
      "attemptID" : "attempt_201402250015_0051_m_000010_0",
      "shuffleFinished" : -1,
      "sortFinished" : -1,
      "hdfsBytesRead" : 335548509,
      "hdfsBytesWritten" : -1,
      "fileBytesRead" : 449209845,
      "fileBytesWritten" : 791525359,
      "mapInputRecords" : 3355443,
      "mapOutputBytes" : 335544300,
      "mapOutputRecords" : 3355443,
      "combineInputRecords" : 0,
      "reduceInputGroups" : -1,
      "reduceInputRecords" : -1,
      "reduceShuffleBytes" : -1,
      "reduceOutputRecords" : -1,
      "spilledRecords" : 7759459,
      "mapInputBytes" : 335544300,
      "resourceUsageMetrics" : {
        "cumulativeCpuUsage" : 25650,
        "virtualMemoryUsage" : 783740928,
        "physicalMemoryUsage" : 231682048,
        "heapUsage" : 201326592
      }
    } ],
    "finishTime" : 1393338602012,
    "preferredLocations" : [ {
      "layers" : [ "default-rack", "192\\.168\\.168\\.53" ]
    }, {
      "layers" : [ "default-rack", "192\\.168\\.168\\.55" ]
    }, {
      "layers" : [ "default-rack", "192\\.168\\.168\\.51" ]
    } ],
    "taskType" : "MAP",
    "taskStatus" : "SUCCESS",
    "taskID" : "task_201402250015_0051_m_000010",
    "inputBytes" : 335548509,
    "inputRecords" : 3355443,
    "outputBytes" : 791525359,
    "outputRecords" : 3355443
  }, {
    "startTime" : 1393338578708,
    "attempts" : [ {
      "result" : "SUCCESS",
      "location" : {
        "layers" : [ "default-rack", "Slave3" ]
      },
      "hostName" : "/default-rack/Slave3",
      "startTime" : 1393337547994,
      "finishTime" : 1393337571041,
      "attemptID" : "attempt_201402250015_0051_m_000011_0",
      "shuffleFinished" : -1,
      "sortFinished" : -1,
      "hdfsBytesRead" : 335548509,
      "hdfsBytesWritten" : -1,
      "fileBytesRead" : 449209845,
      "fileBytesWritten" : 791525359,
      "mapInputRecords" : 3355443,
      "mapOutputBytes" : 335544300,
      "mapOutputRecords" : 3355443,
      "combineInputRecords" : 0,
      "reduceInputGroups" : -1,
      "reduceInputRecords" : -1,
      "reduceShuffleBytes" : -1,
      "reduceOutputRecords" : -1,
      "spilledRecords" : 7759459,
      "mapInputBytes" : 335544300,
      "resourceUsageMetrics" : {
        "cumulativeCpuUsage" : 25660,
        "virtualMemoryUsage" : 773324800,
        "physicalMemoryUsage" : 232730624,
        "heapUsage" : 201326592
      }
    } ],
    "finishTime" : 1393338602013,
    "preferredLocations" : [ {
      "layers" : [ "default-rack", "192\\.168\\.168\\.53" ]
    }, {
      "layers" : [ "default-rack", "192\\.168\\.168\\.55" ]
    }, {
      "layers" : [ "default-rack", "192\\.168\\.168\\.51" ]
    } ],
    "taskType" : "MAP",
    "taskStatus" : "SUCCESS",
    "taskID" : "task_201402250015_0051_m_000011",
    "inputBytes" : 335548509,
    "inputRecords" : 3355443,
    "outputBytes" : 791525359,
    "outputRecords" : 3355443
  }, {
    "startTime" : 1393338578837,
    "attempts" : [ {
      "result" : "SUCCESS",
      "location" : {
        "layers" : [ "default-rack", "Slave5" ]
      },
      "hostName" : "/default-rack/Slave5",
      "startTime" : 1393337176087,
      "finishTime" : 1393337197786,
      "attemptID" : "attempt_201402250015_0051_m_000012_0",
      "shuffleFinished" : -1,
      "sortFinished" : -1,
      "hdfsBytesRead" : 335548509,
      "hdfsBytesWritten" : -1,
      "fileBytesRead" : 449209845,
      "fileBytesWritten" : 791525360,
      "mapInputRecords" : 3355443,
      "mapOutputBytes" : 335544300,
      "mapOutputRecords" : 3355443,
      "combineInputRecords" : 0,
      "reduceInputGroups" : -1,
      "reduceInputRecords" : -1,
      "reduceShuffleBytes" : -1,
      "reduceOutputRecords" : -1,
      "spilledRecords" : 7759459,
      "mapInputBytes" : 335544300,
      "resourceUsageMetrics" : {
        "cumulativeCpuUsage" : 23620,
        "virtualMemoryUsage" : 783257600,
        "physicalMemoryUsage" : 228257792,
        "heapUsage" : 201326592
      }
    } ],
    "finishTime" : 1393338600865,
    "preferredLocations" : [ {
      "layers" : [ "default-rack", "192\\.168\\.168\\.55" ]
    }, {
      "layers" : [ "default-rack", "192\\.168\\.168\\.53" ]
    }, {
      "layers" : [ "default-rack", "192\\.168\\.168\\.51" ]
    } ],
    "taskType" : "MAP",
    "taskStatus" : "SUCCESS",
    "taskID" : "task_201402250015_0051_m_000012",
    "inputBytes" : 335548509,
    "inputRecords" : 3355443,
    "outputBytes" : 791525360,
    "outputRecords" : 3355443
  }, {
    "startTime" : 1393338578838,
    "attempts" : [ {
      "result" : "SUCCESS",
      "location" : {
        "layers" : [ "default-rack", "Slave5" ]
      },
      "hostName" : "/default-rack/Slave5",
      "startTime" : 1393337176087,
      "finishTime" : 1393337198753,
      "attemptID" : "attempt_201402250015_0051_m_000013_0",
      "shuffleFinished" : -1,
      "sortFinished" : -1,
      "hdfsBytesRead" : 335548509,
      "hdfsBytesWritten" : -1,
      "fileBytesRead" : 449209845,
      "fileBytesWritten" : 791525360,
      "mapInputRecords" : 3355443,
      "mapOutputBytes" : 335544300,
      "mapOutputRecords" : 3355443,
      "combineInputRecords" : 0,
      "reduceInputGroups" : -1,
      "reduceInputRecords" : -1,
      "reduceShuffleBytes" : -1,
      "reduceOutputRecords" : -1,
      "spilledRecords" : 7759459,
      "mapInputBytes" : 335544300,
      "resourceUsageMetrics" : {
        "cumulativeCpuUsage" : 25030,
        "virtualMemoryUsage" : 782708736,
        "physicalMemoryUsage" : 227311616,
        "heapUsage" : 201326592
      }
    } ],
    "finishTime" : 1393338601772,
    "preferredLocations" : [ {
      "layers" : [ "default-rack", "192\\.168\\.168\\.53" ]
    }, {
      "layers" : [ "default-rack", "192\\.168\\.168\\.56" ]
    }, {
      "layers" : [ "default-rack", "192\\.168\\.168\\.50" ]
    } ],
    "taskType" : "MAP",
    "taskStatus" : "SUCCESS",
    "taskID" : "task_201402250015_0051_m_000013",
    "inputBytes" : 335548509,
    "inputRecords" : 3355443,
    "outputBytes" : 791525360,
    "outputRecords" : 3355443
  }, {
    "startTime" : 1393338598141,
    "attempts" : [ {
      "result" : "SUCCESS",
      "location" : {
        "layers" : [ "default-rack", "Slave7" ]
      },
      "hostName" : "/default-rack/Slave7",
      "startTime" : 1393338747769,
      "finishTime" : 1393338765524,
      "attemptID" : "attempt_201402250015_0051_m_000014_0",
      "shuffleFinished" : -1,
      "sortFinished" : -1,
      "hdfsBytesRead" : 335548509,
      "hdfsBytesWritten" : -1,
      "fileBytesRead" : 449209947,
      "fileBytesWritten" : 791525563,
      "mapInputRecords" : 3355444,
      "mapOutputBytes" : 335544400,
      "mapOutputRecords" : 3355444,
      "combineInputRecords" : 0,
      "reduceInputGroups" : -1,
      "reduceInputRecords" : -1,
      "reduceShuffleBytes" : -1,
      "reduceOutputRecords" : -1,
      "spilledRecords" : 7759461,
      "mapInputBytes" : 335544400,
      "resourceUsageMetrics" : {
        "cumulativeCpuUsage" : 18760,
        "virtualMemoryUsage" : 785453056,
        "physicalMemoryUsage" : 244109312,
        "heapUsage" : 201326592
      }
    } ],
    "finishTime" : 1393338615944,
    "preferredLocations" : [ {
      "layers" : [ "default-rack", "192\\.168\\.168\\.50" ]
    }, {
      "layers" : [ "default-rack", "192\\.168\\.168\\.57" ]
    }, {
      "layers" : [ "default-rack", "192\\.168\\.168\\.51" ]
    } ],
    "taskType" : "MAP",
    "taskStatus" : "SUCCESS",
    "taskID" : "task_201402250015_0051_m_000014",
    "inputBytes" : 335548509,
    "inputRecords" : 3355444,
    "outputBytes" : 791525563,
    "outputRecords" : 3355444
  }, {
    "startTime" : 1393338599132,
    "attempts" : [ {
      "result" : "SUCCESS",
      "location" : {
        "layers" : [ "default-rack", "Slave1" ]
      },
      "hostName" : "/default-rack/Slave1",
      "startTime" : 1393338225023,
      "finishTime" : 1393338249398,
      "attemptID" : "attempt_201402250015_0051_m_000015_0",
      "shuffleFinished" : -1,
      "sortFinished" : -1,
      "hdfsBytesRead" : 335548509,
      "hdfsBytesWritten" : -1,
      "fileBytesRead" : 449209845,
      "fileBytesWritten" : 791525358,
      "mapInputRecords" : 3355443,
      "mapOutputBytes" : 335544300,
      "mapOutputRecords" : 3355443,
      "combineInputRecords" : 0,
      "reduceInputGroups" : -1,
      "reduceInputRecords" : -1,
      "reduceShuffleBytes" : -1,
      "reduceOutputRecords" : -1,
      "spilledRecords" : 7759459,
      "mapInputBytes" : 335544300,
      "resourceUsageMetrics" : {
        "cumulativeCpuUsage" : 21040,
        "virtualMemoryUsage" : 786202624,
        "physicalMemoryUsage" : 241233920,
        "heapUsage" : 199229440
      }
    } ],
    "finishTime" : 1393338623653,
    "preferredLocations" : [ {
      "layers" : [ "default-rack", "192\\.168\\.168\\.50" ]
    }, {
      "layers" : [ "default-rack", "192\\.168\\.168\\.52" ]
    }, {
      "layers" : [ "default-rack", "192\\.168\\.168\\.51" ]
    } ],
    "taskType" : "MAP",
    "taskStatus" : "SUCCESS",
    "taskID" : "task_201402250015_0051_m_000015",
    "inputBytes" : 335548509,
    "inputRecords" : 3355443,
    "outputBytes" : 791525358,
    "outputRecords" : 3355443
  }, {
    "startTime" : 1393338599347,
    "attempts" : [ {
      "result" : "SUCCESS",
      "location" : {
        "layers" : [ "default-rack", "Slave6" ]
      },
      "hostName" : "/default-rack/Slave6",
      "startTime" : 1393337702701,
      "finishTime" : 1393337722514,
      "attemptID" : "attempt_201402250015_0051_m_000016_0",
      "shuffleFinished" : -1,
      "sortFinished" : -1,
      "hdfsBytesRead" : 335548509,
      "hdfsBytesWritten" : -1,
      "fileBytesRead" : 449209845,
      "fileBytesWritten" : 791525359,
      "mapInputRecords" : 3355443,
      "mapOutputBytes" : 335544300,
      "mapOutputRecords" : 3355443,
      "combineInputRecords" : 0,
      "reduceInputGroups" : -1,
      "reduceInputRecords" : -1,
      "reduceShuffleBytes" : -1,
      "reduceOutputRecords" : -1,
      "spilledRecords" : 7759459,
      "mapInputBytes" : 335544300,
      "resourceUsageMetrics" : {
        "cumulativeCpuUsage" : 21270,
        "virtualMemoryUsage" : 784764928,
        "physicalMemoryUsage" : 236261376,
        "heapUsage" : 201326592
      }
    } ],
    "finishTime" : 1393338619258,
    "preferredLocations" : [ {
      "layers" : [ "default-rack", "192\\.168\\.168\\.50" ]
    }, {
      "layers" : [ "default-rack", "192\\.168\\.168\\.53" ]
    }, {
      "layers" : [ "default-rack", "192\\.168\\.168\\.51" ]
    } ],
    "taskType" : "MAP",
    "taskStatus" : "SUCCESS",
    "taskID" : "task_201402250015_0051_m_000016",
    "inputBytes" : 335548509,
    "inputRecords" : 3355443,
    "outputBytes" : 791525359,
    "outputRecords" : 3355443
  }, {
    "startTime" : 1393338600030,
    "attempts" : [ {
      "result" : "SUCCESS",
      "location" : {
        "layers" : [ "default-rack", "Slave2" ]
      },
      "hostName" : "/default-rack/Slave2",
      "startTime" : 1393338998810,
      "finishTime" : 1393339017239,
      "attemptID" : "attempt_201402250015_0051_m_000017_0",
      "shuffleFinished" : -1,
      "sortFinished" : -1,
      "hdfsBytesRead" : 335548509,
      "hdfsBytesWritten" : -1,
      "fileBytesRead" : 449209845,
      "fileBytesWritten" : 791525359,
      "mapInputRecords" : 3355443,
      "mapOutputBytes" : 335544300,
      "mapOutputRecords" : 3355443,
      "combineInputRecords" : 0,
      "reduceInputGroups" : -1,
      "reduceInputRecords" : -1,
      "reduceShuffleBytes" : -1,
      "reduceOutputRecords" : -1,
      "spilledRecords" : 7759459,
      "mapInputBytes" : 335544300,
      "resourceUsageMetrics" : {
        "cumulativeCpuUsage" : 19810,
        "virtualMemoryUsage" : 786567168,
        "physicalMemoryUsage" : 238092288,
        "heapUsage" : 201326592
      }
    } ],
    "finishTime" : 1393338618758,
    "preferredLocations" : [ {
      "layers" : [ "default-rack", "192\\.168\\.168\\.50" ]
    }, {
      "layers" : [ "default-rack", "192\\.168\\.168\\.54" ]
    }, {
      "layers" : [ "default-rack", "192\\.168\\.168\\.52" ]
    } ],
    "taskType" : "MAP",
    "taskStatus" : "SUCCESS",
    "taskID" : "task_201402250015_0051_m_000017",
    "inputBytes" : 335548509,
    "inputRecords" : 3355443,
    "outputBytes" : 791525359,
    "outputRecords" : 3355443
  }, {
    "startTime" : 1393338600127,
    "attempts" : [ {
      "result" : "SUCCESS",
      "location" : {
        "layers" : [ "default-rack", "Master" ]
      },
      "hostName" : "/default-rack/Master",
      "startTime" : 1393338600130,
      "finishTime" : 1393338617996,
      "attemptID" : "attempt_201402250015_0051_m_000018_0",
      "shuffleFinished" : -1,
      "sortFinished" : -1,
      "hdfsBytesRead" : 335548509,
      "hdfsBytesWritten" : -1,
      "fileBytesRead" : 449209947,
      "fileBytesWritten" : 791525563,
      "mapInputRecords" : 3355444,
      "mapOutputBytes" : 335544400,
      "mapOutputRecords" : 3355444,
      "combineInputRecords" : 0,
      "reduceInputGroups" : -1,
      "reduceInputRecords" : -1,
      "reduceShuffleBytes" : -1,
      "reduceOutputRecords" : -1,
      "spilledRecords" : 7759461,
      "mapInputBytes" : 335544400,
      "resourceUsageMetrics" : {
        "cumulativeCpuUsage" : 19210,
        "virtualMemoryUsage" : 785870848,
        "physicalMemoryUsage" : 240349184,
        "heapUsage" : 201326592
      }
    } ],
    "finishTime" : 1393338618224,
    "preferredLocations" : [ {
      "layers" : [ "default-rack", "192\\.168\\.168\\.50" ]
    }, {
      "layers" : [ "default-rack", "192\\.168\\.168\\.53" ]
    }, {
      "layers" : [ "default-rack", "192\\.168\\.168\\.55" ]
    } ],
    "taskType" : "MAP",
    "taskStatus" : "SUCCESS",
    "taskID" : "task_201402250015_0051_m_000018",
    "inputBytes" : 335548509,
    "inputRecords" : 3355444,
    "outputBytes" : 791525563,
    "outputRecords" : 3355444
  }, {
    "startTime" : 1393338600261,
    "attempts" : [ {
      "result" : "SUCCESS",
      "location" : {
        "layers" : [ "default-rack", "Slave7" ]
      },
      "hostName" : "/default-rack/Slave7",
      "startTime" : 1393338749890,
      "finishTime" : 1393338767689,
      "attemptID" : "attempt_201402250015_0051_m_000019_0",
      "shuffleFinished" : -1,
      "sortFinished" : -1,
      "hdfsBytesRead" : 335548509,
      "hdfsBytesWritten" : -1,
      "fileBytesRead" : 449209845,
      "fileBytesWritten" : 791525359,
      "mapInputRecords" : 3355443,
      "mapOutputBytes" : 335544300,
      "mapOutputRecords" : 3355443,
      "combineInputRecords" : 0,
      "reduceInputGroups" : -1,
      "reduceInputRecords" : -1,
      "reduceShuffleBytes" : -1,
      "reduceOutputRecords" : -1,
      "spilledRecords" : 7759459,
      "mapInputBytes" : 335544300,
      "resourceUsageMetrics" : {
        "cumulativeCpuUsage" : 18680,
        "virtualMemoryUsage" : 787619840,
        "physicalMemoryUsage" : 239042560,
        "heapUsage" : 201326592
      }
    } ],
    "finishTime" : 1393338618354,
    "preferredLocations" : [ {
      "layers" : [ "default-rack", "192\\.168\\.168\\.50" ]
    }, {
      "layers" : [ "default-rack", "192\\.168\\.168\\.51" ]
    }, {
      "layers" : [ "default-rack", "192\\.168\\.168\\.57" ]
    } ],
    "taskType" : "MAP",
    "taskStatus" : "SUCCESS",
    "taskID" : "task_201402250015_0051_m_000019",
    "inputBytes" : 335548509,
    "inputRecords" : 3355443,
    "outputBytes" : 791525359,
    "outputRecords" : 3355443
  }, {
    "startTime" : 1393338600347,
    "attempts" : [ {
      "result" : "SUCCESS",
      "location" : {
        "layers" : [ "default-rack", "Slave1" ]
      },
      "hostName" : "/default-rack/Slave1",
      "startTime" : 1393338226237,
      "finishTime" : 1393338248863,
      "attemptID" : "attempt_201402250015_0051_m_000020_0",
      "shuffleFinished" : -1,
      "sortFinished" : -1,
      "hdfsBytesRead" : 335548509,
      "hdfsBytesWritten" : -1,
      "fileBytesRead" : 449209845,
      "fileBytesWritten" : 791525358,
      "mapInputRecords" : 3355443,
      "mapOutputBytes" : 335544300,
      "mapOutputRecords" : 3355443,
      "combineInputRecords" : 0,
      "reduceInputGroups" : -1,
      "reduceInputRecords" : -1,
      "reduceShuffleBytes" : -1,
      "reduceOutputRecords" : -1,
      "spilledRecords" : 7759459,
      "mapInputBytes" : 335544300,
      "resourceUsageMetrics" : {
        "cumulativeCpuUsage" : 22190,
        "virtualMemoryUsage" : 784896000,
        "physicalMemoryUsage" : 238718976,
        "heapUsage" : 199229440
      }
    } ],
    "finishTime" : 1393338623048,
    "preferredLocations" : [ {
      "layers" : [ "default-rack", "192\\.168\\.168\\.50" ]
    }, {
      "layers" : [ "default-rack", "192\\.168\\.168\\.57" ]
    }, {
      "layers" : [ "default-rack", "192\\.168\\.168\\.55" ]
    } ],
    "taskType" : "MAP",
    "taskStatus" : "SUCCESS",
    "taskID" : "task_201402250015_0051_m_000020",
    "inputBytes" : 335548509,
    "inputRecords" : 3355443,
    "outputBytes" : 791525358,
    "outputRecords" : 3355443
  }, {
    "startTime" : 1393338600430,
    "attempts" : [ {
      "result" : "SUCCESS",
      "location" : {
        "layers" : [ "default-rack", "Master" ]
      },
      "hostName" : "/default-rack/Master",
      "startTime" : 1393338600433,
      "finishTime" : 1393338618859,
      "attemptID" : "attempt_201402250015_0051_m_000021_0",
      "shuffleFinished" : -1,
      "sortFinished" : -1,
      "hdfsBytesRead" : 335548509,
      "hdfsBytesWritten" : -1,
      "fileBytesRead" : 449209845,
      "fileBytesWritten" : 791525359,
      "mapInputRecords" : 3355443,
      "mapOutputBytes" : 335544300,
      "mapOutputRecords" : 3355443,
      "combineInputRecords" : 0,
      "reduceInputGroups" : -1,
      "reduceInputRecords" : -1,
      "reduceShuffleBytes" : -1,
      "reduceOutputRecords" : -1,
      "spilledRecords" : 7759459,
      "mapInputBytes" : 335544300,
      "resourceUsageMetrics" : {
        "cumulativeCpuUsage" : 19790,
        "virtualMemoryUsage" : 787988480,
        "physicalMemoryUsage" : 238923776,
        "heapUsage" : 201326592
      }
    } ],
    "finishTime" : 1393338619129,
    "preferredLocations" : [ {
      "layers" : [ "default-rack", "192\\.168\\.168\\.50" ]
    }, {
      "layers" : [ "default-rack", "192\\.168\\.168\\.53" ]
    }, {
      "layers" : [ "default-rack", "192\\.168\\.168\\.56" ]
    } ],
    "taskType" : "MAP",
    "taskStatus" : "SUCCESS",
    "taskID" : "task_201402250015_0051_m_000021",
    "inputBytes" : 335548509,
    "inputRecords" : 3355443,
    "outputBytes" : 791525359,
    "outputRecords" : 3355443
  }, {
    "startTime" : 1393338600866,
    "attempts" : [ {
      "result" : "SUCCESS",
      "location" : {
        "layers" : [ "default-rack", "Slave5" ]
      },
      "hostName" : "/default-rack/Slave5",
      "startTime" : 1393337198007,
      "finishTime" : 1393337217160,
      "attemptID" : "attempt_201402250015_0051_m_000022_0",
      "shuffleFinished" : -1,
      "sortFinished" : -1,
      "hdfsBytesRead" : 335548509,
      "hdfsBytesWritten" : -1,
      "fileBytesRead" : 449209845,
      "fileBytesWritten" : 791525360,
      "mapInputRecords" : 3355443,
      "mapOutputBytes" : 335544300,
      "mapOutputRecords" : 3355443,
      "combineInputRecords" : 0,
      "reduceInputGroups" : -1,
      "reduceInputRecords" : -1,
      "reduceShuffleBytes" : -1,
      "reduceOutputRecords" : -1,
      "spilledRecords" : 7759459,
      "mapInputBytes" : 335544300,
      "resourceUsageMetrics" : {
        "cumulativeCpuUsage" : 20730,
        "virtualMemoryUsage" : 786415616,
        "physicalMemoryUsage" : 238911488,
        "heapUsage" : 201326592
      }
    } ],
    "finishTime" : 1393338620171,
    "preferredLocations" : [ {
      "layers" : [ "default-rack", "192\\.168\\.168\\.50" ]
    }, {
      "layers" : [ "default-rack", "192\\.168\\.168\\.56" ]
    }, {
      "layers" : [ "default-rack", "192\\.168\\.168\\.57" ]
    } ],
    "taskType" : "MAP",
    "taskStatus" : "SUCCESS",
    "taskID" : "task_201402250015_0051_m_000022",
    "inputBytes" : 335548509,
    "inputRecords" : 3355443,
    "outputBytes" : 791525360,
    "outputRecords" : 3355443
  }, {
    "startTime" : 1393338601157,
    "attempts" : [ {
      "result" : "SUCCESS",
      "location" : {
        "layers" : [ "default-rack", "Slave6" ]
      },
      "hostName" : "/default-rack/Slave6",
      "startTime" : 1393337704511,
      "finishTime" : 1393337724960,
      "attemptID" : "attempt_201402250015_0051_m_000023_0",
      "shuffleFinished" : -1,
      "sortFinished" : -1,
      "hdfsBytesRead" : 335548509,
      "hdfsBytesWritten" : -1,
      "fileBytesRead" : 449209947,
      "fileBytesWritten" : 791525563,
      "mapInputRecords" : 3355444,
      "mapOutputBytes" : 335544400,
      "mapOutputRecords" : 3355444,
      "combineInputRecords" : 0,
      "reduceInputGroups" : -1,
      "reduceInputRecords" : -1,
      "reduceShuffleBytes" : -1,
      "reduceOutputRecords" : -1,
      "spilledRecords" : 7759461,
      "mapInputBytes" : 335544400,
      "resourceUsageMetrics" : {
        "cumulativeCpuUsage" : 21850,
        "virtualMemoryUsage" : 784912384,
        "physicalMemoryUsage" : 239058944,
        "heapUsage" : 201326592
      }
    } ],
    "finishTime" : 1393338621668,
    "preferredLocations" : [ {
      "layers" : [ "default-rack", "192\\.168\\.168\\.50" ]
    }, {
      "layers" : [ "default-rack", "192\\.168\\.168\\.54" ]
    }, {
      "layers" : [ "default-rack", "192\\.168\\.168\\.57" ]
    } ],
    "taskType" : "MAP",
    "taskStatus" : "SUCCESS",
    "taskID" : "task_201402250015_0051_m_000023",
    "inputBytes" : 335548509,
    "inputRecords" : 3355444,
    "outputBytes" : 791525563,
    "outputRecords" : 3355444
  }, {
    "startTime" : 1393338601239,
    "attempts" : [ {
      "result" : "SUCCESS",
      "location" : {
        "layers" : [ "default-rack", "Slave2" ]
      },
      "hostName" : "/default-rack/Slave2",
      "startTime" : 1393339000019,
      "finishTime" : 1393339019460,
      "attemptID" : "attempt_201402250015_0051_m_000024_0",
      "shuffleFinished" : -1,
      "sortFinished" : -1,
      "hdfsBytesRead" : 335548509,
      "hdfsBytesWritten" : -1,
      "fileBytesRead" : 449209845,
      "fileBytesWritten" : 791525359,
      "mapInputRecords" : 3355443,
      "mapOutputBytes" : 335544300,
      "mapOutputRecords" : 3355443,
      "combineInputRecords" : 0,
      "reduceInputGroups" : -1,
      "reduceInputRecords" : -1,
      "reduceShuffleBytes" : -1,
      "reduceOutputRecords" : -1,
      "spilledRecords" : 7759459,
      "mapInputBytes" : 335544300,
      "resourceUsageMetrics" : {
        "cumulativeCpuUsage" : 20610,
        "virtualMemoryUsage" : 776683520,
        "physicalMemoryUsage" : 239558656,
        "heapUsage" : 201326592
      }
    } ],
    "finishTime" : 1393338620870,
    "preferredLocations" : [ {
      "layers" : [ "default-rack", "192\\.168\\.168\\.55" ]
    }, {
      "layers" : [ "default-rack", "192\\.168\\.168\\.50" ]
    }, {
      "layers" : [ "default-rack", "192\\.168\\.168\\.57" ]
    } ],
    "taskType" : "MAP",
    "taskStatus" : "SUCCESS",
    "taskID" : "task_201402250015_0051_m_000024",
    "inputBytes" : 335548509,
    "inputRecords" : 3355443,
    "outputBytes" : 791525359,
    "outputRecords" : 3355443
  }, {
    "startTime" : 1393338601772,
    "attempts" : [ {
      "result" : "SUCCESS",
      "location" : {
        "layers" : [ "default-rack", "Slave5" ]
      },
      "hostName" : "/default-rack/Slave5",
      "startTime" : 1393337198914,
      "finishTime" : 1393337219921,
      "attemptID" : "attempt_201402250015_0051_m_000025_0",
      "shuffleFinished" : -1,
      "sortFinished" : -1,
      "hdfsBytesRead" : 335548509,
      "hdfsBytesWritten" : -1,
      "fileBytesRead" : 449209845,
      "fileBytesWritten" : 791525360,
      "mapInputRecords" : 3355443,
      "mapOutputBytes" : 335544300,
      "mapOutputRecords" : 3355443,
      "combineInputRecords" : 0,
      "reduceInputGroups" : -1,
      "reduceInputRecords" : -1,
      "reduceShuffleBytes" : -1,
      "reduceOutputRecords" : -1,
      "spilledRecords" : 7759459,
      "mapInputBytes" : 335544300,
      "resourceUsageMetrics" : {
        "cumulativeCpuUsage" : 21240,
        "virtualMemoryUsage" : 784814080,
        "physicalMemoryUsage" : 239628288,
        "heapUsage" : 201326592
      }
    } ],
    "finishTime" : 1393338622903,
    "preferredLocations" : [ {
      "layers" : [ "default-rack", "192\\.168\\.168\\.50" ]
    }, {
      "layers" : [ "default-rack", "192\\.168\\.168\\.54" ]
    }, {
      "layers" : [ "default-rack", "192\\.168\\.168\\.51" ]
    } ],
    "taskType" : "MAP",
    "taskStatus" : "SUCCESS",
    "taskID" : "task_201402250015_0051_m_000025",
    "inputBytes" : 335548509,
    "inputRecords" : 3355443,
    "outputBytes" : 791525360,
    "outputRecords" : 3355443
  }, {
    "startTime" : 1393338602013,
    "attempts" : [ {
      "result" : "SUCCESS",
      "location" : {
        "layers" : [ "default-rack", "Slave3" ]
      },
      "hostName" : "/default-rack/Slave3",
      "startTime" : 1393337571179,
      "finishTime" : 1393337592681,
      "attemptID" : "attempt_201402250015_0051_m_000026_0",
      "shuffleFinished" : -1,
      "sortFinished" : -1,
      "hdfsBytesRead" : 335548509,
      "hdfsBytesWritten" : -1,
      "fileBytesRead" : 449209845,
      "fileBytesWritten" : 791525359,
      "mapInputRecords" : 3355443,
      "mapOutputBytes" : 335544300,
      "mapOutputRecords" : 3355443,
      "combineInputRecords" : 0,
      "reduceInputGroups" : -1,
      "reduceInputRecords" : -1,
      "reduceShuffleBytes" : -1,
      "reduceOutputRecords" : -1,
      "spilledRecords" : 7759459,
      "mapInputBytes" : 335544300,
      "resourceUsageMetrics" : {
        "cumulativeCpuUsage" : 23200,
        "virtualMemoryUsage" : 786898944,
        "physicalMemoryUsage" : 244170752,
        "heapUsage" : 201326592
      }
    } ],
    "finishTime" : 1393338623812,
    "preferredLocations" : [ {
      "layers" : [ "default-rack", "192\\.168\\.168\\.50" ]
    }, {
      "layers" : [ "default-rack", "192\\.168\\.168\\.56" ]
    }, {
      "layers" : [ "default-rack", "192\\.168\\.168\\.51" ]
    } ],
    "taskType" : "MAP",
    "taskStatus" : "SUCCESS",
    "taskID" : "task_201402250015_0051_m_000026",
    "inputBytes" : 335548509,
    "inputRecords" : 3355443,
    "outputBytes" : 791525359,
    "outputRecords" : 3355443
  }, {
    "startTime" : 1393338602014,
    "attempts" : [ {
      "result" : "SUCCESS",
      "location" : {
        "layers" : [ "default-rack", "Slave3" ]
      },
      "hostName" : "/default-rack/Slave3",
      "startTime" : 1393337571182,
      "finishTime" : 1393337592693,
      "attemptID" : "attempt_201402250015_0051_m_000027_0",
      "shuffleFinished" : -1,
      "sortFinished" : -1,
      "hdfsBytesRead" : 335548509,
      "hdfsBytesWritten" : -1,
      "fileBytesRead" : 449209845,
      "fileBytesWritten" : 791525359,
      "mapInputRecords" : 3355443,
      "mapOutputBytes" : 335544300,
      "mapOutputRecords" : 3355443,
      "combineInputRecords" : 0,
      "reduceInputGroups" : -1,
      "reduceInputRecords" : -1,
      "reduceShuffleBytes" : -1,
      "reduceOutputRecords" : -1,
      "spilledRecords" : 7759459,
      "mapInputBytes" : 335544300,
      "resourceUsageMetrics" : {
        "cumulativeCpuUsage" : 22210,
        "virtualMemoryUsage" : 776482816,
        "physicalMemoryUsage" : 245653504,
        "heapUsage" : 201326592
      }
    } ],
    "finishTime" : 1393338623813,
    "preferredLocations" : [ {
      "layers" : [ "default-rack", "192\\.168\\.168\\.50" ]
    }, {
      "layers" : [ "default-rack", "192\\.168\\.168\\.55" ]
    }, {
      "layers" : [ "default-rack", "192\\.168\\.168\\.54" ]
    } ],
    "taskType" : "MAP",
    "taskStatus" : "SUCCESS",
    "taskID" : "task_201402250015_0051_m_000027",
    "inputBytes" : 335548509,
    "inputRecords" : 3355443,
    "outputBytes" : 791525359,
    "outputRecords" : 3355443
  } ],
  "finishTime" : 1393338934352,
  "reduceTasks" : [ {
    "startTime" : 1393338599132,
    "attempts" : [ {
      "result" : "SUCCESS",
      "location" : {
        "layers" : [ "default-rack", "Slave1" ]
      },
      "hostName" : "/default-rack/Slave1",
      "startTime" : 1393338225024,
      "finishTime" : 1393338558545,
      "attemptID" : "attempt_201402250015_0051_r_000000_0",
      "shuffleFinished" : 1393338328089,
      "sortFinished" : 1393338385858,
      "hdfsBytesRead" : -1,
      "hdfsBytesWritten" : 10000000000,
      "fileBytesRead" : 18004213284,
      "fileBytesWritten" : 18004273604,
      "mapInputRecords" : -1,
      "mapOutputBytes" : -1,
      "mapOutputRecords" : -1,
      "combineInputRecords" : 0,
      "reduceInputGroups" : 100000000,
      "reduceInputRecords" : 100000000,
      "reduceShuffleBytes" : 10200000180,
      "reduceOutputRecords" : 100000000,
      "spilledRecords" : 176511893,
      "mapInputBytes" : -1,
      "resourceUsageMetrics" : {
        "cumulativeCpuUsage" : 376070,
        "virtualMemoryUsage" : 789123072,
        "physicalMemoryUsage" : 105963520,
        "heapUsage" : 169345024
      }
    } ],
    "finishTime" : 1393338932839,
    "preferredLocations" : [ ],
    "taskType" : "REDUCE",
    "taskStatus" : "SUCCESS",
    "taskID" : "task_201402250015_0051_r_000000",
    "inputBytes" : 10200000180,
    "inputRecords" : 100000000,
    "outputBytes" : 10000000000,
    "outputRecords" : 100000000
  } ],
  "submitTime" : 1393338576560,
  "launchTime" : 1393338576662,
  "totalMaps" : 30,
  "totalReduces" : 1,
  "otherTasks" : [ {
    "startTime" : 1393338576726,
    "attempts" : [ {
      "result" : "SUCCESS",
      "location" : {
        "layers" : [ "default-rack", "Slave7" ]
      },
      "hostName" : "/default-rack/Slave7",
      "startTime" : 1393338726467,
      "finishTime" : 1393338727872,
      "attemptID" : "attempt_201402250015_0051_m_000031_0",
      "shuffleFinished" : -1,
      "sortFinished" : -1,
      "hdfsBytesRead" : -1,
      "hdfsBytesWritten" : -1,
      "fileBytesRead" : -1,
      "fileBytesWritten" : 60419,
      "mapInputRecords" : -1,
      "mapOutputBytes" : -1,
      "mapOutputRecords" : -1,
      "combineInputRecords" : -1,
      "reduceInputGroups" : -1,
      "reduceInputRecords" : -1,
      "reduceShuffleBytes" : -1,
      "reduceOutputRecords" : -1,
      "spilledRecords" : 0,
      "mapInputBytes" : -1,
      "resourceUsageMetrics" : {
        "cumulativeCpuUsage" : 210,
        "virtualMemoryUsage" : 783167488,
        "physicalMemoryUsage" : 127524864,
        "heapUsage" : 201326592
      }
    } ],
    "finishTime" : 1393338578538,
    "preferredLocations" : [ ],
    "taskType" : "SETUP",
    "taskStatus" : "SUCCESS",
    "taskID" : "task_201402250015_0051_m_000031",
    "inputBytes" : -1,
    "inputRecords" : -1,
    "outputBytes" : -1,
    "outputRecords" : -1
  }, {
    "startTime" : 1393338932840,
    "attempts" : [ {
      "result" : "SUCCESS",
      "location" : {
        "layers" : [ "default-rack", "Slave1" ]
      },
      "hostName" : "/default-rack/Slave1",
      "startTime" : 1393338558729,
      "finishTime" : 1393338560201,
      "attemptID" : "attempt_201402250015_0051_m_000030_0",
      "shuffleFinished" : -1,
      "sortFinished" : -1,
      "hdfsBytesRead" : -1,
      "hdfsBytesWritten" : -1,
      "fileBytesRead" : -1,
      "fileBytesWritten" : 60418,
      "mapInputRecords" : -1,
      "mapOutputBytes" : -1,
      "mapOutputRecords" : -1,
      "combineInputRecords" : -1,
      "reduceInputGroups" : -1,
      "reduceInputRecords" : -1,
      "reduceShuffleBytes" : -1,
      "reduceOutputRecords" : -1,
      "spilledRecords" : 0,
      "mapInputBytes" : -1,
      "resourceUsageMetrics" : {
        "cumulativeCpuUsage" : 80,
        "virtualMemoryUsage" : 784896000,
        "physicalMemoryUsage" : 238940160,
        "heapUsage" : 199229440
      }
    } ],
    "finishTime" : 1393338934352,
    "preferredLocations" : [ ],
    "taskType" : "CLEANUP",
    "taskStatus" : "SUCCESS",
    "taskID" : "task_201402250015_0051_m_000030",
    "inputBytes" : -1,
    "inputRecords" : -1,
    "outputBytes" : -1,
    "outputRecords" : -1
  } ],
  "queue" : "default",
  "jobProperties" : {
    "fs.s3n.impl" : "org.apache.hadoop.fs.s3native.NativeS3FileSystem",
    "mapred.task.cache.levels" : "2",
    "mapreduce.job.restart.recover" : "true",
    "mapreduce.job.counters.max" : "120",
    "dfs.client.use.datanode.hostname" : "false",
    "hadoop.tmp.dir" : "/tmp/hadoop-${user.name}",
    "hadoop.native.lib" : "true",
    "map.sort.class" : "org.apache.hadoop.util.QuickSort",
    "dfs.namenode.decommission.nodes.per.interval" : "5",
    "dfs.https.need.client.auth" : "false",
    "dfs.datanode.drop.cache.behind.writes" : "false",
    "ipc.client.idlethreshold" : "4000",
    "mapred.system.dir" : "${hadoop.tmp.dir}/mapred/system",
    "dfs.datanode.data.dir.perm" : "755",
    "mapred.job.tracker.persist.jobstatus.hours" : "0",
    "dfs.namenode.logging.level" : "info",
    "dfs.datanode.address" : "0.0.0.0:50010",
    "io.skip.checksum.errors" : "false",
    "dfs.block.access.token.enable" : "false",
    "fs.default.name" : "hdfs://Master:9000",
    "mapred.cluster.reduce.memory.mb" : "-1",
    "mapred.child.tmp" : "./tmp",
    "fs.har.impl.disable.cache" : "true",
    "dfs.safemode.threshold.pct" : "0.999f",
    "mapred.skip.reduce.max.skip.groups" : "0",
    "mapred.heartbeats.in.second" : "100",
    "dfs.namenode.handler.count" : "10",
    "dfs.blockreport.initialDelay" : "0",
    "mapred.tasktracker.dns.nameserver" : "default",
    "io.sort.factor" : "10",
    "dfs.datanode.drop.cache.behind.reads" : "false",
    "mapred.task.timeout" : "600000",
    "mapred.max.tracker.failures" : "4",
    "hadoop.rpc.socket.factory.class.default" : "org.apache.hadoop.net.StandardSocketFactory",
    "mapred.job.tracker.jobhistory.lru.cache.size" : "5",
    "fs.hdfs.impl" : "org.apache.hadoop.hdfs.DistributedFileSystem",
    "mapred.queue.default.acl-administer-jobs" : "*",
    "dfs.namenode.stale.datanode.interval" : "30000",
    "mapred.output.key.class" : "org.apache.hadoop.io.Text",
    "dfs.block.access.key.update.interval" : "600",
    "mapred.skip.map.auto.incr.proc.count" : "true",
    "mapreduce.job.complete.cancel.delegation.tokens" : "true",
    "io.mapfile.bloom.size" : "1048576",
    "mapreduce.reduce.shuffle.connect.timeout" : "180000",
    "dfs.safemode.extension" : "30000",
    "mapred.jobtracker.blacklist.fault-timeout-window" : "180",
    "dfs.namenode.write.stale.datanode.ratio" : "0.5f",
    "hadoop.skip.worker.version.check" : "false",
    "tasktracker.http.threads" : "40",
    "net.topology.impl" : "org.apache.hadoop.net.NetworkTopology",
    "mapred.job.shuffle.merge.percent" : "0.66",
    "fs.ftp.impl" : "org.apache.hadoop.fs.ftp.FTPFileSystem",
    "user.name" : "trend-hadoop",
    "dfs.namenode.kerberos.internal.spnego.principal" : "${dfs.web.authentication.kerberos.principal}",
    "mapred.output.compress" : "false",
    "io.bytes.per.checksum" : "512",
    "mapred.combine.recordsBeforeProgress" : "10000",
    "mapred.healthChecker.script.timeout" : "600000",
    "mapred.cache.files.filesizes" : "129",
    "topology.node.switch.mapping.impl" : "org.apache.hadoop.net.ScriptBasedMapping",
    "dfs.https.server.keystore.resource" : "ssl-server.xml",
    "mapred.reduce.slowstart.completed.maps" : "0.05",
    "mapred.reduce.max.attempts" : "4",
    "dfs.namenode.safemode.min.datanodes" : "0",
    "mapreduce.ifile.readahead.bytes" : "4194304",
    "fs.ramfs.impl" : "org.apache.hadoop.fs.InMemoryFileSystem",
    "dfs.block.access.token.lifetime" : "600",
    "mapred.skip.map.max.skip.records" : "0",
    "dfs.name.edits.dir" : "${dfs.name.dir}",
    "mapred.cluster.map.memory.mb" : "-1",
    "hadoop.security.group.mapping" : "org.apache.hadoop.security.ShellBasedUnixGroupsMapping",
    "mapred.job.tracker.persist.jobstatus.dir" : "/jobtracker/jobsInfo",
    "mapred.jar" : "hdfs://Master:9000/tmp/hadoop-trend-hadoop/mapred/staging/trend-hadoop/.staging/job_201402250015_0051/job.jar",
    "fs.s3.buffer.dir" : "${hadoop.tmp.dir}/s3",
    "dfs.block.size" : "67108864",
    "job.end.retry.attempts" : "0",
    "fs.file.impl" : "org.apache.hadoop.fs.LocalFileSystem",
    "dfs.namenode.avoid.write.stale.datanode" : "false",
    "dfs.datanode.max.xcievers" : "4096",
    "mapred.local.dir.minspacestart" : "0",
    "mapred.output.compression.type" : "RECORD",
    "dfs.datanode.ipc.address" : "0.0.0.0:50020",
    "dfs.permissions" : "true",
    "topology.script.number.args" : "100",
    "mapreduce.job.counters.groups.max" : "50",
    "io.mapfile.bloom.error.rate" : "0.005",
    "mapred.cluster.max.reduce.memory.mb" : "-1",
    "mapred.max.tracker.blacklists" : "4",
    "mapred.task.profile.maps" : "0-2",
    "mapred.jobtracker.jobSchedulable" : "org.apache.hadoop.mapred.JobSchedulable",
    "dfs.datanode.https.address" : "0.0.0.0:50475",
    "mapred.userlog.retain.hours" : "24",
    "dfs.secondary.http.address" : "0.0.0.0:50090",
    "dfs.namenode.replication.work.multiplier.per.iteration" : "2",
    "dfs.replication.max" : "512",
    "mapred.job.tracker.persist.jobstatus.active" : "false",
    "hadoop.security.authorization" : "false",
    "local.cache.size" : "10737418240",
    "mapred.min.split.size" : "335544320",
    "dfs.namenode.delegation.token.renew-interval" : "86400000",
    "mapred.map.tasks" : "30",
    "mapred.child.java.opts" : "-Xmx200m",
    "mapred.partitioner.class" : "org.apache.hadoop.examples.terasort.TeraSort$TotalOrderPartitioner",
    "mapred.output.value.class" : "org.apache.hadoop.io.Text",
    "dfs.https.client.keystore.resource" : "ssl-client.xml",
    "ipc.client.fallback-to-simple-auth-allowed" : "false",
    "mapred.job.queue.name" : "default",
    "mapred.job.tracker.retiredjobs.cache.size" : "1000",
    "dfs.https.address" : "0.0.0.0:50470",
    "dfs.balance.bandwidthPerSec" : "1048576",
    "ipc.server.listen.queue.size" : "128",
    "dfs.namenode.invalidate.work.pct.per.iteration" : "0.32f",
    "mapred.inmem.merge.threshold" : "1000",
    "job.end.retry.interval" : "30000",
    "mapred.skip.attempts.to.start.skipping" : "2",
    "mapreduce.tasktracker.outofband.heartbeat.damper" : "1000000",
    "hadoop.security.use-weak-http-crypto" : "false",
    "fs.checkpoint.dir" : "${hadoop.tmp.dir}/dfs/namesecondary",
    "dfs.namenode.avoid.read.stale.datanode" : "false",
    "mapred.reduce.tasks" : "1",
    "mapred.merge.recordsBeforeProgress" : "10000",
    "mapred.userlog.limit.kb" : "0",
    "mapred.job.reduce.memory.mb" : "-1",
    "webinterface.private.actions" : "false",
    "dfs.max.objects" : "0",
    "hadoop.security.token.service.use_ip" : "true",
    "io.sort.spill.percent" : "0.80",
    "mapred.job.shuffle.input.buffer.percent" : "0.70",
    "mapred.map.tasks.speculative.execution" : "true",
    "hadoop.http.authentication.type" : "simple",
    "mapred.job.name" : "TeraSort",
    "hadoop.util.hash.type" : "murmur",
    "dfs.datanode.dns.nameserver" : "default",
    "hadoop.security.instrumentation.requires.admin" : "false",
    "dfs.blockreport.intervalMsec" : "3600000",
    "dfs.datanode.readahead.bytes" : "4193404",
    "mapred.map.max.attempts" : "4",
    "mapreduce.job.acl-view-job" : " ",
    "mapreduce.ifile.readahead" : "true",
    "mapred.jobtracker.nodegroup.aware" : "false",
    "mapred.job.tracker.handler.count" : "10",
    "dfs.client.block.write.retries" : "3",
    "mapred.input.format.class" : "org.apache.hadoop.examples.terasort.TeraInputFormat",
    "mapreduce.reduce.shuffle.read.timeout" : "180000",
    "mapred.tasktracker.expiry.interval" : "600000",
    "dfs.secondary.namenode.kerberos.internal.spnego.principal" : "${dfs.web.authentication.kerberos.principal}",
    "dfs.https.enable" : "false",
    "mapred.jobtracker.job.history.block.size" : "3145728",
    "mapred.jobtracker.maxtasks.per.job" : "-1",
    "keep.failed.task.files" : "false",
    "dfs.datanode.use.datanode.hostname" : "false",
    "mapred.output.format.class" : "org.apache.hadoop.examples.terasort.TeraOutputFormat",
    "dfs.datanode.failed.volumes.tolerated" : "0",
    "ipc.client.tcpnodelay" : "false",
    "mapred.task.profile.reduces" : "0-2",
    "io.map.index.skip" : "0",
    "mapred.output.compression.codec" : "org.apache.hadoop.io.compress.DefaultCodec",
    "hadoop.http.authentication.token.validity" : "36000",
    "ipc.server.tcpnodelay" : "false",
    "hadoop.jetty.logs.serve.aliases" : "true",
    "mapred.working.dir" : "hdfs://Master:9000/user/trend-hadoop",
    "mapred.jobtracker.blacklist.fault-bucket-width" : "15",
    "dfs.namenode.delegation.key.update-interval" : "86400000",
    "mapred.used.genericoptionsparser" : "true",
    "mapred.job.map.memory.mb" : "-1",
    "dfs.default.chunk.view.size" : "32768",
    "hadoop.logfile.size" : "10000000",
    "mapred.cache.files.timestamps" : "1393338575586",
    "mapred.reduce.tasks.speculative.execution" : "true",
    "mapreduce.tasktracker.outofband.heartbeat" : "false",
    "mapreduce.job.dir" : "hdfs://Master:9000/tmp/hadoop-trend-hadoop/mapred/staging/trend-hadoop/.staging/job_201402250015_0051",
    "mapreduce.reduce.input.limit" : "-1",
    "dfs.datanode.du.reserved" : "0",
    "dfs.datanode.sync.behind.writes" : "false",
    "hadoop.security.authentication" : "simple",
    "fs.checkpoint.period" : "3600",
    "mapred.job.reuse.jvm.num.tasks" : "-1",
    "dfs.web.ugi" : "webuser,webgroup",
    "mapred.jobtracker.completeuserjobs.maximum" : "100",
    "dfs.df.interval" : "60000",
    "mapred.task.tracker.task-controller" : "org.apache.hadoop.mapred.DefaultTaskController",
    "dfs.data.dir" : "${hadoop.tmp.dir}/dfs/data",
    "fs.s3.maxRetries" : "4",
    "dfs.datanode.dns.interface" : "default",
    "mapred.cluster.max.map.memory.mb" : "-1",
    "mapreduce.reduce.shuffle.maxfetchfailures" : "10",
    "mapreduce.job.acl-modify-job" : " ",
    "fs.hftp.impl" : "org.apache.hadoop.hdfs.HftpFileSystem",
    "mapred.local.dir" : "${hadoop.tmp.dir}/mapred/local",
    "dfs.permissions.supergroup" : "supergroup",
    "fs.s3.sleepTimeSeconds" : "10",
    "fs.trash.interval" : "0",
    "mapred.submit.replication" : "10",
    "dfs.replication.min" : "1",
    "fs.har.impl" : "org.apache.hadoop.fs.HarFileSystem",
    "hadoop.relaxed.worker.version.check" : "false",
    "mapred.map.output.compression.codec" : "org.apache.hadoop.io.compress.DefaultCodec",
    "mapreduce.job.cache.files.visibilities" : "true",
    "mapred.tasktracker.dns.interface" : "default",
    "dfs.http.address" : "0.0.0.0:50070",
    "dfs.namenode.decommission.interval" : "30",
    "mapred.cache.files" : "hdfs://Master:9000/tera-in10G/_partition.lst#_partition.lst",
    "mapred.job.tracker" : "Master:9001",
    "dfs.heartbeat.interval" : "3",
    "hadoop.http.authentication.signature.secret.file" : "${user.home}/hadoop-http-auth-signature-secret",
    "io.seqfile.sorter.recordlimit" : "1000000",
    "mapreduce.job.submithost" : "Master",
    "dfs.name.dir" : "${hadoop.tmp.dir}/dfs/name",
    "mapred.jobtracker.taskScheduler" : "org.apache.hadoop.mapred.JobQueueTaskScheduler",
    "mapred.line.input.format.linespermap" : "1",
    "mapred.create.symlink" : "yes",
    "dfs.datanode.http.address" : "0.0.0.0:50075",
    "fs.webhdfs.impl" : "org.apache.hadoop.hdfs.web.WebHdfsFileSystem",
    "mapred.local.dir.minspacekill" : "0",
    "dfs.image.transfer.bandwidthPerSec" : "0",
    "dfs.replication.interval" : "3",
    "io.sort.record.percent" : "0.05",
    "hadoop.http.authentication.kerberos.principal" : "HTTP/localhost@LOCALHOST",
    "fs.kfs.impl" : "org.apache.hadoop.fs.kfs.KosmosFileSystem",
    "mapred.tasktracker.reduce.tasks.maximum" : "8",
    "mapred.temp.dir" : "${hadoop.tmp.dir}/mapred/temp",
    "dfs.replication" : "1",
    "fs.checkpoint.edits.dir" : "${fs.checkpoint.dir}",
    "mapreduce.jobhistory.max-age-ms" : "2592000000",
    "mapred.tasktracker.tasks.sleeptime-before-sigkill" : "5000",
    "mapred.job.reduce.input.buffer.percent" : "0.0",
    "mapred.tasktracker.indexcache.mb" : "10",
    "dfs.webhdfs.enabled" : "false",
    "mapreduce.job.split.metainfo.maxsize" : "10000000",
    "hadoop.logfile.count" : "10",
    "mapred.skip.reduce.auto.incr.proc.count" : "true",
    "mapreduce.job.submithostaddress" : "192.168.168.50",
    "terasort.final.sync" : "true",
    "io.seqfile.compress.blocksize" : "1000000",
    "fs.s3.block.size" : "67108864",
    "mapred.tasktracker.taskmemorymanager.monitoring-interval" : "5000",
    "hadoop.http.authentication.simple.anonymous.allowed" : "true",
    "mapreduce.jobtracker.staging.root.dir" : "${hadoop.tmp.dir}/mapred/staging",
    "mapred.acls.enabled" : "false",
    "mapred.queue.default.state" : "RUNNING",
    "mapred.queue.names" : "default",
    "fs.hsftp.impl" : "org.apache.hadoop.hdfs.HsftpFileSystem",
    "dfs.access.time.precision" : "3600000",
    "mapred.task.tracker.http.address" : "0.0.0.0:50060",
    "io.seqfile.lazydecompress" : "true",
    "mapred.reduce.parallel.copies" : "5",
    "mapred.disk.healthChecker.interval" : "60000",
    "mapred.output.dir" : "hdfs://Master:9000/tera-out",
    "ipc.client.connection.maxidletime" : "10000",
    "io.sort.mb" : "100",
    "mapred.task.tracker.report.address" : "127.0.0.1:0",
    "hadoop.security.uid.cache.secs" : "14400",
    "mapred.compress.map.output" : "false",
    "ipc.client.kill.max" : "10",
    "mapred.healthChecker.interval" : "60000",
    "ipc.client.connect.max.retries" : "10",
    "fs.s3.impl" : "org.apache.hadoop.fs.s3.S3FileSystem",
    "mapred.user.jobconf.limit" : "5242880",
    "mapreduce.job.counters.group.name.max" : "128",
    "mapred.job.tracker.http.address" : "0.0.0.0:50030",
    "mapred.input.dir" : "hdfs://Master:9000/tera-in10G",
    "io.file.buffer.size" : "4096",
    "mapred.jobtracker.restart.recover" : "false",
    "io.serializations" : "org.apache.hadoop.io.serializer.WritableSerialization",
    "mapred.task.profile" : "false",
    "dfs.datanode.handler.count" : "3",
    "mapreduce.input.num.files" : "2",
    "mapreduce.jobhistory.cleaner.interval-ms" : "86400000",
    "dfs.replication.considerLoad" : "true",
    "jobclient.output.filter" : "FAILED",
    "dfs.namenode.edits.toleration.length" : "0",
    "hadoop.http.authentication.kerberos.keytab" : "${user.home}/hadoop.keytab",
    "dfs.namenode.delegation.token.max-lifetime" : "604800000",
    "mapred.tasktracker.map.tasks.maximum" : "2",
    "fs.checkpoint.size" : "67108864",
    "io.compression.codecs" : "org.apache.hadoop.io.compress.DefaultCodec,org.apache.hadoop.io.compress.GzipCodec,org.apache.hadoop.io.compress.BZip2Codec,org.apache.hadoop.io.compress.SnappyCodec",
    "mapreduce.job.counters.counter.name.max" : "64"
  },
  "computonsPerMapInputByte" : -1,
  "computonsPerMapOutputByte" : -1,
  "computonsPerReduceInputByte" : -1,
  "computonsPerReduceOutputByte" : -1,
  "heapMegabytes" : 200,
  "outcome" : "SUCCESS",
  "jobtype" : "JAVA",
  "directDependantJobs" : [ ],
  "successfulMapAttemptCDFs" : [ {
    "maximum" : 20401,
    "minimum" : 20243,
    "rankings" : [ {
      "datum" : 20243,
      "relativeRanking" : 0.05
    }, {
      "datum" : 20243,
      "relativeRanking" : 0.1
    }, {
      "datum" : 20243,
      "relativeRanking" : 0.15
    }, {
      "datum" : 20243,
      "relativeRanking" : 0.2
    }, {
      "datum" : 20243,
      "relativeRanking" : 0.25
    }, {
      "datum" : 20243,
      "relativeRanking" : 0.3
    }, {
      "datum" : 20243,
      "relativeRanking" : 0.35
    }, {
      "datum" : 20243,
      "relativeRanking" : 0.4
    }, {
      "datum" : 20243,
      "relativeRanking" : 0.45
    }, {
      "datum" : 20243,
      "relativeRanking" : 0.5
    }, {
      "datum" : 20243,
      "relativeRanking" : 0.55
    }, {
      "datum" : 20243,
      "relativeRanking" : 0.6
    }, {
      "datum" : 20243,
      "relativeRanking" : 0.65
    }, {
      "datum" : 20243,
      "relativeRanking" : 0.7
    }, {
      "datum" : 20243,
      "relativeRanking" : 0.75
    }, {
      "datum" : 20243,
      "relativeRanking" : 0.8
    }, {
      "datum" : 20243,
      "relativeRanking" : 0.85
    }, {
      "datum" : 20243,
      "relativeRanking" : 0.9
    }, {
      "datum" : 20243,
      "relativeRanking" : 0.95
    } ],
    "numberValues" : 2
  }, {
    "maximum" : 30661,
    "minimum" : 17755,
    "rankings" : [ {
      "datum" : 17755,
      "relativeRanking" : 0.05
    }, {
      "datum" : 17799,
      "relativeRanking" : 0.1
    }, {
      "datum" : 18426,
      "relativeRanking" : 0.15
    }, {
      "datum" : 18429,
      "relativeRanking" : 0.2
    }, {
      "datum" : 19441,
      "relativeRanking" : 0.25
    }, {
      "datum" : 19468,
      "relativeRanking" : 0.3
    }, {
      "datum" : 19813,
      "relativeRanking" : 0.35
    }, {
      "datum" : 21007,
      "relativeRanking" : 0.4
    }, {
      "datum" : 21123,
      "relativeRanking" : 0.45
    }, {
      "datum" : 21317,
      "relativeRanking" : 0.5
    }, {
      "datum" : 21398,
      "relativeRanking" : 0.55
    }, {
      "datum" : 21440,
      "relativeRanking" : 0.6
    }, {
      "datum" : 21511,
      "relativeRanking" : 0.65
    }, {
      "datum" : 21699,
      "relativeRanking" : 0.7
    }, {
      "datum" : 22435,
      "relativeRanking" : 0.75
    }, {
      "datum" : 22626,
      "relativeRanking" : 0.8
    }, {
      "datum" : 22666,
      "relativeRanking" : 0.85
    }, {
      "datum" : 23047,
      "relativeRanking" : 0.9
    }, {
      "datum" : 24375,
      "relativeRanking" : 0.95
    } ],
    "numberValues" : 28
  }, {
    "maximum" : 9223372036854775807,
    "minimum" : -9223372036854775808,
    "rankings" : [ ],
    "numberValues" : 0
  }, {
    "maximum" : 9223372036854775807,
    "minimum" : -9223372036854775808,
    "rankings" : [ ],
    "numberValues" : 0
  } ],
  "failedMapAttemptCDFs" : [ {
    "maximum" : 9223372036854775807,
    "minimum" : -9223372036854775808,
    "rankings" : [ ],
    "numberValues" : 0
  }, {
    "maximum" : 9223372036854775807,
    "minimum" : -9223372036854775808,
    "rankings" : [ ],
    "numberValues" : 0
  }, {
    "maximum" : 9223372036854775807,
    "minimum" : -9223372036854775808,
    "rankings" : [ ],
    "numberValues" : 0
  }, {
    "maximum" : 9223372036854775807,
    "minimum" : -9223372036854775808,
    "rankings" : [ ],
    "numberValues" : 0
  } ],
  "successfulReduceAttemptCDF" : {
    "maximum" : 333521,
    "minimum" : 333521,
    "rankings" : [ {
      "datum" : 333521,
      "relativeRanking" : 0.05
    }, {
      "datum" : 333521,
      "relativeRanking" : 0.1
    }, {
      "datum" : 333521,
      "relativeRanking" : 0.15
    }, {
      "datum" : 333521,
      "relativeRanking" : 0.2
    }, {
      "datum" : 333521,
      "relativeRanking" : 0.25
    }, {
      "datum" : 333521,
      "relativeRanking" : 0.3
    }, {
      "datum" : 333521,
      "relativeRanking" : 0.35
    }, {
      "datum" : 333521,
      "relativeRanking" : 0.4
    }, {
      "datum" : 333521,
      "relativeRanking" : 0.45
    }, {
      "datum" : 333521,
      "relativeRanking" : 0.5
    }, {
      "datum" : 333521,
      "relativeRanking" : 0.55
    }, {
      "datum" : 333521,
      "relativeRanking" : 0.6
    }, {
      "datum" : 333521,
      "relativeRanking" : 0.65
    }, {
      "datum" : 333521,
      "relativeRanking" : 0.7
    }, {
      "datum" : 333521,
      "relativeRanking" : 0.75
    }, {
      "datum" : 333521,
      "relativeRanking" : 0.8
    }, {
      "datum" : 333521,
      "relativeRanking" : 0.85
    }, {
      "datum" : 333521,
      "relativeRanking" : 0.9
    }, {
      "datum" : 333521,
      "relativeRanking" : 0.95
    } ],
    "numberValues" : 1
  },
  "failedReduceAttemptCDF" : {
    "maximum" : 9223372036854775807,
    "minimum" : -9223372036854775808,
    "rankings" : [ ],
    "numberValues" : 0
  },
  "mapperTriesToSucceed" : [ 1.0 ],
  "failedMapperFraction" : 0.0,
  "relativeTime" : 0,
  "clusterMapMB" : -1,
  "clusterReduceMB" : -1,
  "jobMapMB" : 200,
  "jobReduceMB" : 200
}