{
  "jobID" : "job_201407031554_2062",
  "user" : "itri-hadoop",
  "jobName" : "word count",
  "failedMapperFraction" : 0.0,
  "relativeTime" : 0,
  "clusterMapMB" : -1,
  "clusterReduceMB" : -1,
  "jobMapMB" : 200,
  "jobReduceMB" : 200,
  "mapTasks" : [ {
    "startTime" : 1405071546234,
    "attempts" : [ {
      "result" : "SUCCESS",
      "startTime" : 1405071536722,
      "finishTime" : 1405071585692,
      "attemptID" : "attempt_201407031554_2062_m_000000_0",
      "shuffleFinished" : -1,
      "sortFinished" : -1,
      "hdfsBytesRead" : 256639622,
      "hdfsBytesWritten" : -1,
      "fileBytesRead" : 32530300,
      "fileBytesWritten" : 48141567,
      "mapInputRecords" : 6182,
      "mapOutputBytes" : 353773529,
      "mapOutputRecords" : 23476900,
      "combineInputRecords" : 24129827,
      "reduceInputGroups" : -1,
      "reduceInputRecords" : -1,
      "reduceShuffleBytes" : -1,
      "reduceOutputRecords" : -1,
      "spilledRecords" : 1560636,
      "mapInputBytes" : -1,
      "resourceUsageMetrics" : {
        "cumulativeCpuUsage" : 74590,
        "virtualMemoryUsage" : 505479168,
        "physicalMemoryUsage" : 115781632,
        "heapUsage" : 63176704
      },
      "location" : {
        "layers" : [ "default-rack", "Slave21" ]
      },
      "hostName" : "/default-rack/Slave21"
    } ],
    "finishTime" : 1405071595318,
    "preferredLocations" : [ {
      "layers" : [ "default-rack", "Slave22" ]
    }, {
      "layers" : [ "default-rack", "Slave23" ]
    }, {
      "layers" : [ "default-rack", "Slave21" ]
    } ],
    "taskType" : "MAP",
    "taskStatus" : "SUCCESS",
    "taskID" : "task_201407031554_2062_m_000000",
    "inputBytes" : 256639622,
    "inputRecords" : 6182,
    "outputBytes" : 48141567,
    "outputRecords" : 23476900
  }, {
    "startTime" : 1405071546235,
    "attempts" : [ {
      "result" : "SUCCESS",
      "startTime" : 1405071536722,
      "finishTime" : 1405071585951,
      "attemptID" : "attempt_201407031554_2062_m_000002_0",
      "shuffleFinished" : -1,
      "sortFinished" : -1,
      "hdfsBytesRead" : 256637343,
      "hdfsBytesWritten" : -1,
      "fileBytesRead" : 27975281,
      "fileBytesWritten" : 40920246,
      "mapInputRecords" : 112705,
      "mapOutputBytes" : 354630886,
      "mapOutputRecords" : 23585648,
      "combineInputRecords" : 24239061,
      "reduceInputGroups" : -1,
      "reduceInputRecords" : -1,
      "reduceShuffleBytes" : -1,
      "reduceOutputRecords" : -1,
      "spilledRecords" : 1562063,
      "mapInputBytes" : -1,
      "resourceUsageMetrics" : {
        "cumulativeCpuUsage" : 74480,
        "virtualMemoryUsage" : 506470400,
        "physicalMemoryUsage" : 120340480,
        "heapUsage" : 63438848
      },
      "location" : {
        "layers" : [ "default-rack", "Slave21" ]
      },
      "hostName" : "/default-rack/Slave21"
    } ],
    "finishTime" : 1405071595620,
    "preferredLocations" : [ {
      "layers" : [ "default-rack", "Slave22" ]
    }, {
      "layers" : [ "default-rack", "Slave21" ]
    }, {
      "layers" : [ "default-rack", "Slave23" ]
    } ],
    "taskType" : "MAP",
    "taskStatus" : "SUCCESS",
    "taskID" : "task_201407031554_2062_m_000002",
    "inputBytes" : 256637343,
    "inputRecords" : 112705,
    "outputBytes" : 40920246,
    "outputRecords" : 23585648
  }, {
    "startTime" : 1405071546255,
    "attempts" : [ {
      "result" : "SUCCESS",
      "startTime" : 1405071530750,
      "finishTime" : 1405071575371,
      "attemptID" : "attempt_201407031554_2062_m_000001_0",
      "shuffleFinished" : -1,
      "sortFinished" : -1,
      "hdfsBytesRead" : 256638682,
      "hdfsBytesWritten" : -1,
      "fileBytesRead" : 30684458,
      "fileBytesWritten" : 45257324,
      "mapInputRecords" : 6253,
      "mapOutputBytes" : 354730889,
      "mapOutputRecords" : 23583859,
      "combineInputRecords" : 24237576,
      "reduceInputGroups" : -1,
      "reduceInputRecords" : -1,
      "reduceShuffleBytes" : -1,
      "reduceOutputRecords" : -1,
      "spilledRecords" : 1563045,
      "mapInputBytes" : -1,
      "resourceUsageMetrics" : {
        "cumulativeCpuUsage" : 61170,
        "virtualMemoryUsage" : 507637760,
        "physicalMemoryUsage" : 290689024,
        "heapUsage" : 246939648
      },
      "location" : {
        "layers" : [ "default-rack", "Slave22" ]
      },
      "hostName" : "/default-rack/Slave22"
    } ],
    "finishTime" : 1405071591113,
    "preferredLocations" : [ {
      "layers" : [ "default-rack", "Master2" ]
    }, {
      "layers" : [ "default-rack", "Slave23" ]
    }, {
      "layers" : [ "default-rack", "Slave22" ]
    } ],
    "taskType" : "MAP",
    "taskStatus" : "SUCCESS",
    "taskID" : "task_201407031554_2062_m_000001",
    "inputBytes" : 256638682,
    "inputRecords" : 6253,
    "outputBytes" : 45257324,
    "outputRecords" : 23583859
  }, {
    "startTime" : 1405071546256,
    "attempts" : [ {
      "result" : "SUCCESS",
      "startTime" : 1405071530750,
      "finishTime" : 1405071578155,
      "attemptID" : "attempt_201407031554_2062_m_000003_0",
      "shuffleFinished" : -1,
      "sortFinished" : -1,
      "hdfsBytesRead" : 256637172,
      "hdfsBytesWritten" : -1,
      "fileBytesRead" : 33510393,
      "fileBytesWritten" : 49731043,
      "mapInputRecords" : 6226,
      "mapOutputBytes" : 354420571,
      "mapOutputRecords" : 23479791,
      "combineInputRecords" : 24132075,
      "reduceInputGroups" : -1,
      "reduceInputRecords" : -1,
      "reduceShuffleBytes" : -1,
      "reduceOutputRecords" : -1,
      "spilledRecords" : 1559214,
      "mapInputBytes" : -1,
      "resourceUsageMetrics" : {
        "cumulativeCpuUsage" : 72850,
        "virtualMemoryUsage" : 504373248,
        "physicalMemoryUsage" : 96468992,
        "heapUsage" : 229638144
      },
      "location" : {
        "layers" : [ "default-rack", "Slave22" ]
      },
      "hostName" : "/default-rack/Slave22"
    } ],
    "finishTime" : 1405071593827,
    "preferredLocations" : [ {
      "layers" : [ "default-rack", "Slave23" ]
    }, {
      "layers" : [ "default-rack", "Slave21" ]
    }, {
      "layers" : [ "default-rack", "Slave22" ]
    } ],
    "taskType" : "MAP",
    "taskStatus" : "SUCCESS",
    "taskID" : "task_201407031554_2062_m_000003",
    "inputBytes" : 256637172,
    "inputRecords" : 6226,
    "outputBytes" : 49731043,
    "outputRecords" : 23479791
  }, {
    "startTime" : 1405071546261,
    "attempts" : [ {
      "result" : "SUCCESS",
      "startTime" : 1405071549668,
      "finishTime" : 1405071594008,
      "attemptID" : "attempt_201407031554_2062_m_000006_0",
      "shuffleFinished" : -1,
      "sortFinished" : -1,
      "hdfsBytesRead" : 256635312,
      "hdfsBytesWritten" : -1,
      "fileBytesRead" : 30020936,
      "fileBytesWritten" : 44122184,
      "mapInputRecords" : 6141,
      "mapOutputBytes" : 355269135,
      "mapOutputRecords" : 23586242,
      "combineInputRecords" : 24239221,
      "reduceInputGroups" : -1,
      "reduceInputRecords" : -1,
      "reduceShuffleBytes" : -1,
      "reduceOutputRecords" : -1,
      "spilledRecords" : 1561119,
      "mapInputBytes" : -1,
      "resourceUsageMetrics" : {
        "cumulativeCpuUsage" : 61940,
        "virtualMemoryUsage" : 506646528,
        "physicalMemoryUsage" : 115867648,
        "heapUsage" : 246939648
      },
      "location" : {
        "layers" : [ "default-rack", "Slave23" ]
      },
      "hostName" : "/default-rack/Slave23"
    } ],
    "finishTime" : 1405071590808,
    "preferredLocations" : [ {
      "layers" : [ "default-rack", "Master2" ]
    }, {
      "layers" : [ "default-rack", "Slave21" ]
    }, {
      "layers" : [ "default-rack", "Slave23" ]
    } ],
    "taskType" : "MAP",
    "taskStatus" : "SUCCESS",
    "taskID" : "task_201407031554_2062_m_000006",
    "inputBytes" : 256635312,
    "inputRecords" : 6141,
    "outputBytes" : 44122184,
    "outputRecords" : 23586242
  }, {
    "startTime" : 1405071546262,
    "attempts" : [ {
      "result" : "SUCCESS",
      "startTime" : 1405071549668,
      "finishTime" : 1405071594253,
      "attemptID" : "attempt_201407031554_2062_m_000008_0",
      "shuffleFinished" : -1,
      "sortFinished" : -1,
      "hdfsBytesRead" : 256634543,
      "hdfsBytesWritten" : -1,
      "fileBytesRead" : 28177433,
      "fileBytesWritten" : 41230515,
      "mapInputRecords" : 112606,
      "mapOutputBytes" : 355468766,
      "mapOutputRecords" : 23689644,
      "combineInputRecords" : 24343271,
      "reduceInputGroups" : -1,
      "reduceInputRecords" : -1,
      "reduceShuffleBytes" : -1,
      "reduceOutputRecords" : -1,
      "spilledRecords" : 1563495,
      "mapInputBytes" : -1,
      "resourceUsageMetrics" : {
        "cumulativeCpuUsage" : 61240,
        "virtualMemoryUsage" : 505892864,
        "physicalMemoryUsage" : 115593216,
        "heapUsage" : 246939648
      },
      "location" : {
        "layers" : [ "default-rack", "Slave23" ]
      },
      "hostName" : "/default-rack/Slave23"
    } ],
    "finishTime" : 1405071591110,
    "preferredLocations" : [ {
      "layers" : [ "default-rack", "Master2" ]
    }, {
      "layers" : [ "default-rack", "Slave23" ]
    }, {
      "layers" : [ "default-rack", "Slave21" ]
    } ],
    "taskType" : "MAP",
    "taskStatus" : "SUCCESS",
    "taskID" : "task_201407031554_2062_m_000008",
    "inputBytes" : 256634543,
    "inputRecords" : 112606,
    "outputBytes" : 41230515,
    "outputRecords" : 23689644
  }, {
    "startTime" : 1405071546331,
    "attempts" : [ {
      "result" : "SUCCESS",
      "startTime" : 1405071546568,
      "finishTime" : 1405071590463,
      "attemptID" : "attempt_201407031554_2062_m_000004_0",
      "shuffleFinished" : -1,
      "sortFinished" : -1,
      "hdfsBytesRead" : 256636878,
      "hdfsBytesWritten" : -1,
      "fileBytesRead" : 33181309,
      "fileBytesWritten" : 49195902,
      "mapInputRecords" : 6290,
      "mapOutputBytes" : 354192159,
      "mapOutputRecords" : 23476253,
      "combineInputRecords" : 24129160,
      "reduceInputGroups" : -1,
      "reduceInputRecords" : -1,
      "reduceShuffleBytes" : -1,
      "reduceOutputRecords" : -1,
      "spilledRecords" : 1560179,
      "mapInputBytes" : -1,
      "resourceUsageMetrics" : {
        "cumulativeCpuUsage" : 60880,
        "virtualMemoryUsage" : 505135104,
        "physicalMemoryUsage" : 290410496,
        "heapUsage" : 246939648
      },
      "location" : {
        "layers" : [ "default-rack", "Master2" ]
      },
      "hostName" : "/default-rack/Master2"
    } ],
    "finishTime" : 1405071590573,
    "preferredLocations" : [ {
      "layers" : [ "default-rack", "Master2" ]
    }, {
      "layers" : [ "default-rack", "Slave22" ]
    }, {
      "layers" : [ "default-rack", "Slave21" ]
    } ],
    "taskType" : "MAP",
    "taskStatus" : "SUCCESS",
    "taskID" : "task_201407031554_2062_m_000004",
    "inputBytes" : 256636878,
    "inputRecords" : 6290,
    "outputBytes" : 49195902,
    "outputRecords" : 23476253
  }, {
    "startTime" : 1405071546331,
    "attempts" : [ {
      "result" : "SUCCESS",
      "startTime" : 1405071546568,
      "finishTime" : 1405071590555,
      "attemptID" : "attempt_201407031554_2062_m_000005_0",
      "shuffleFinished" : -1,
      "sortFinished" : -1,
      "hdfsBytesRead" : 256636045,
      "hdfsBytesWritten" : -1,
      "fileBytesRead" : 27792330,
      "fileBytesWritten" : 40651569,
      "mapInputRecords" : 6102,
      "mapOutputBytes" : 355054010,
      "mapOutputRecords" : 23585548,
      "combineInputRecords" : 24238681,
      "reduceInputGroups" : -1,
      "reduceInputRecords" : -1,
      "reduceShuffleBytes" : -1,
      "reduceOutputRecords" : -1,
      "spilledRecords" : 1561564,
      "mapInputBytes" : -1,
      "resourceUsageMetrics" : {
        "cumulativeCpuUsage" : 61340,
        "virtualMemoryUsage" : 506687488,
        "physicalMemoryUsage" : 115707904,
        "heapUsage" : 246939648
      },
      "location" : {
        "layers" : [ "default-rack", "Master2" ]
      },
      "hostName" : "/default-rack/Master2"
    } ],
    "finishTime" : 1405071590573,
    "preferredLocations" : [ {
      "layers" : [ "default-rack", "Master2" ]
    }, {
      "layers" : [ "default-rack", "Slave21" ]
    }, {
      "layers" : [ "default-rack", "Slave22" ]
    } ],
    "taskType" : "MAP",
    "taskStatus" : "SUCCESS",
    "taskID" : "task_201407031554_2062_m_000005",
    "inputBytes" : 256636045,
    "inputRecords" : 6102,
    "outputBytes" : 40651569,
    "outputRecords" : 23585548
  }, {
    "startTime" : 1405071590573,
    "attempts" : [ {
      "result" : "SUCCESS",
      "startTime" : 1405071590574,
      "finishTime" : 1405071631588,
      "attemptID" : "attempt_201407031554_2062_m_000007_0",
      "shuffleFinished" : -1,
      "sortFinished" : -1,
      "hdfsBytesRead" : 256634726,
      "hdfsBytesWritten" : -1,
      "fileBytesRead" : 32831269,
      "fileBytesWritten" : 48654159,
      "mapInputRecords" : 6182,
      "mapOutputBytes" : 353986489,
      "mapOutputRecords" : 23478739,
      "combineInputRecords" : 24130952,
      "reduceInputGroups" : -1,
      "reduceInputRecords" : -1,
      "reduceShuffleBytes" : -1,
      "reduceOutputRecords" : -1,
      "spilledRecords" : 1559343,
      "mapInputBytes" : -1,
      "resourceUsageMetrics" : {
        "cumulativeCpuUsage" : 56250,
        "virtualMemoryUsage" : 507682816,
        "physicalMemoryUsage" : 143839232,
        "heapUsage" : 88866816
      },
      "location" : {
        "layers" : [ "default-rack", "Master2" ]
      },
      "hostName" : "/default-rack/Master2"
    } ],
    "finishTime" : 1405071631736,
    "preferredLocations" : [ {
      "layers" : [ "default-rack", "Master2" ]
    }, {
      "layers" : [ "default-rack", "Slave22" ]
    }, {
      "layers" : [ "default-rack", "Slave21" ]
    } ],
    "taskType" : "MAP",
    "taskStatus" : "SUCCESS",
    "taskID" : "task_201407031554_2062_m_000007",
    "inputBytes" : 256634726,
    "inputRecords" : 6182,
    "outputBytes" : 48654159,
    "outputRecords" : 23478739
  }, {
    "startTime" : 1405071590573,
    "attempts" : [ {
      "result" : "SUCCESS",
      "startTime" : 1405071590574,
      "finishTime" : 1405071631671,
      "attemptID" : "attempt_201407031554_2062_m_000009_0",
      "shuffleFinished" : -1,
      "sortFinished" : -1,
      "hdfsBytesRead" : 256634154,
      "hdfsBytesWritten" : -1,
      "fileBytesRead" : 33176416,
      "fileBytesWritten" : 49207361,
      "mapInputRecords" : 6191,
      "mapOutputBytes" : 354193051,
      "mapOutputRecords" : 23477544,
      "combineInputRecords" : 24130356,
      "reduceInputGroups" : -1,
      "reduceInputRecords" : -1,
      "reduceShuffleBytes" : -1,
      "reduceOutputRecords" : -1,
      "spilledRecords" : 1560510,
      "mapInputBytes" : -1,
      "resourceUsageMetrics" : {
        "cumulativeCpuUsage" : 57190,
        "virtualMemoryUsage" : 506130432,
        "physicalMemoryUsage" : 125980672,
        "heapUsage" : 246939648
      },
      "location" : {
        "layers" : [ "default-rack", "Master2" ]
      },
      "hostName" : "/default-rack/Master2"
    } ],
    "finishTime" : 1405071631737,
    "preferredLocations" : [ {
      "layers" : [ "default-rack", "Master2" ]
    }, {
      "layers" : [ "default-rack", "Slave23" ]
    }, {
      "layers" : [ "default-rack", "Slave22" ]
    } ],
    "taskType" : "MAP",
    "taskStatus" : "SUCCESS",
    "taskID" : "task_201407031554_2062_m_000009",
    "inputBytes" : 256634154,
    "inputRecords" : 6191,
    "outputBytes" : 49207361,
    "outputRecords" : 23477544
  }, {
    "startTime" : 1405071590808,
    "attempts" : [ {
      "result" : "SUCCESS",
      "startTime" : 1405071594115,
      "finishTime" : 1405071633080,
      "attemptID" : "attempt_201407031554_2062_m_000010_0",
      "shuffleFinished" : -1,
      "sortFinished" : -1,
      "hdfsBytesRead" : 256634003,
      "hdfsBytesWritten" : -1,
      "fileBytesRead" : 34539899,
      "fileBytesWritten" : 51351534,
      "mapInputRecords" : 6226,
      "mapOutputBytes" : 355051836,
      "mapOutputRecords" : 23479830,
      "combineInputRecords" : 24132380,
      "reduceInputGroups" : -1,
      "reduceInputRecords" : -1,
      "reduceShuffleBytes" : -1,
      "reduceOutputRecords" : -1,
      "spilledRecords" : 1559389,
      "mapInputBytes" : -1,
      "resourceUsageMetrics" : {
        "cumulativeCpuUsage" : 50680,
        "virtualMemoryUsage" : 507641856,
        "physicalMemoryUsage" : 291352576,
        "heapUsage" : 246939648
      },
      "location" : {
        "layers" : [ "default-rack", "Slave23" ]
      },
      "hostName" : "/default-rack/Slave23"
    } ],
    "finishTime" : 1405071630075,
    "preferredLocations" : [ {
      "layers" : [ "default-rack", "Master2" ]
    }, {
      "layers" : [ "default-rack", "Slave22" ]
    }, {
      "layers" : [ "default-rack", "Slave23" ]
    } ],
    "taskType" : "MAP",
    "taskStatus" : "SUCCESS",
    "taskID" : "task_201407031554_2062_m_000010",
    "inputBytes" : 256634003,
    "inputRecords" : 6226,
    "outputBytes" : 51351534,
    "outputRecords" : 23479830
  }, {
    "startTime" : 1405071591111,
    "attempts" : [ {
      "result" : "SUCCESS",
      "startTime" : 1405071594417,
      "finishTime" : 1405071633261,
      "attemptID" : "attempt_201407031554_2062_m_000011_0",
      "shuffleFinished" : -1,
      "sortFinished" : -1,
      "hdfsBytesRead" : 256633784,
      "hdfsBytesWritten" : -1,
      "fileBytesRead" : 32842398,
      "fileBytesWritten" : 48639535,
      "mapInputRecords" : 6188,
      "mapOutputBytes" : 353988963,
      "mapOutputRecords" : 23479827,
      "combineInputRecords" : 24132006,
      "reduceInputGroups" : -1,
      "reduceInputRecords" : -1,
      "reduceShuffleBytes" : -1,
      "reduceOutputRecords" : -1,
      "spilledRecords" : 1558854,
      "mapInputBytes" : -1,
      "resourceUsageMetrics" : {
        "cumulativeCpuUsage" : 51080,
        "virtualMemoryUsage" : 506888192,
        "physicalMemoryUsage" : 178122752,
        "heapUsage" : 246939648
      },
      "location" : {
        "layers" : [ "default-rack", "Slave23" ]
      },
      "hostName" : "/default-rack/Slave23"
    } ],
    "finishTime" : 1405071630076,
    "preferredLocations" : [ {
      "layers" : [ "default-rack", "Slave23" ]
    }, {
      "layers" : [ "default-rack", "Slave21" ]
    }, {
      "layers" : [ "default-rack", "Slave22" ]
    } ],
    "taskType" : "MAP",
    "taskStatus" : "SUCCESS",
    "taskID" : "task_201407031554_2062_m_000011",
    "inputBytes" : 256633784,
    "inputRecords" : 6188,
    "outputBytes" : 48639535,
    "outputRecords" : 23479827
  }, {
    "startTime" : 1405071591113,
    "attempts" : [ {
      "result" : "SUCCESS",
      "startTime" : 1405071575549,
      "finishTime" : 1405071615648,
      "attemptID" : "attempt_201407031554_2062_m_000012_0",
      "shuffleFinished" : -1,
      "sortFinished" : -1,
      "hdfsBytesRead" : 256633764,
      "hdfsBytesWritten" : -1,
      "fileBytesRead" : 33535858,
      "fileBytesWritten" : 49728639,
      "mapInputRecords" : 6241,
      "mapOutputBytes" : 354409593,
      "mapOutputRecords" : 23478457,
      "combineInputRecords" : 24130793,
      "reduceInputGroups" : -1,
      "reduceInputRecords" : -1,
      "reduceShuffleBytes" : -1,
      "reduceOutputRecords" : -1,
      "spilledRecords" : 1559267,
      "mapInputBytes" : -1,
      "resourceUsageMetrics" : {
        "cumulativeCpuUsage" : 55700,
        "virtualMemoryUsage" : 508633088,
        "physicalMemoryUsage" : 291667968,
        "heapUsage" : 246939648
      },
      "location" : {
        "layers" : [ "default-rack", "Slave22" ]
      },
      "hostName" : "/default-rack/Slave22"
    } ],
    "finishTime" : 1405071631508,
    "preferredLocations" : [ {
      "layers" : [ "default-rack", "Slave22" ]
    }, {
      "layers" : [ "default-rack", "Slave21" ]
    }, {
      "layers" : [ "default-rack", "Slave23" ]
    } ],
    "taskType" : "MAP",
    "taskStatus" : "SUCCESS",
    "taskID" : "task_201407031554_2062_m_000012",
    "inputBytes" : 256633764,
    "inputRecords" : 6241,
    "outputBytes" : 49728639,
    "outputRecords" : 23478457
  }, {
    "startTime" : 1405071593827,
    "attempts" : [ {
      "result" : "SUCCESS",
      "startTime" : 1405071578263,
      "finishTime" : 1405071620015,
      "attemptID" : "attempt_201407031554_2062_m_000013_0",
      "shuffleFinished" : -1,
      "sortFinished" : -1,
      "hdfsBytesRead" : 256633614,
      "hdfsBytesWritten" : -1,
      "fileBytesRead" : 26378460,
      "fileBytesWritten" : 37920144,
      "mapInputRecords" : 6167,
      "mapOutputBytes" : 353975597,
      "mapOutputRecords" : 23583073,
      "combineInputRecords" : 24234749,
      "reduceInputGroups" : -1,
      "reduceInputRecords" : -1,
      "reduceShuffleBytes" : -1,
      "reduceOutputRecords" : -1,
      "spilledRecords" : 1540542,
      "mapInputBytes" : -1,
      "resourceUsageMetrics" : {
        "cumulativeCpuUsage" : 60980,
        "virtualMemoryUsage" : 505528320,
        "physicalMemoryUsage" : 185737216,
        "heapUsage" : 132907008
      },
      "location" : {
        "layers" : [ "default-rack", "Slave22" ]
      },
      "hostName" : "/default-rack/Slave22"
    } ],
    "finishTime" : 1405071635829,
    "preferredLocations" : [ {
      "layers" : [ "default-rack", "Master2" ]
    }, {
      "layers" : [ "default-rack", "Slave22" ]
    }, {
      "layers" : [ "default-rack", "Slave23" ]
    } ],
    "taskType" : "MAP",
    "taskStatus" : "SUCCESS",
    "taskID" : "task_201407031554_2062_m_000013",
    "inputBytes" : 256633614,
    "inputRecords" : 6167,
    "outputBytes" : 37920144,
    "outputRecords" : 23583073
  }, {
    "startTime" : 1405071595318,
    "attempts" : [ {
      "result" : "SUCCESS",
      "startTime" : 1405071585805,
      "finishTime" : 1405071628810,
      "attemptID" : "attempt_201407031554_2062_m_000014_0",
      "shuffleFinished" : -1,
      "sortFinished" : -1,
      "hdfsBytesRead" : 256633202,
      "hdfsBytesWritten" : -1,
      "fileBytesRead" : 33485943,
      "fileBytesWritten" : 49706349,
      "mapInputRecords" : 6178,
      "mapOutputBytes" : 354416921,
      "mapOutputRecords" : 23480302,
      "combineInputRecords" : 24132421,
      "reduceInputGroups" : -1,
      "reduceInputRecords" : -1,
      "reduceShuffleBytes" : -1,
      "reduceOutputRecords" : -1,
      "spilledRecords" : 1558981,
      "mapInputBytes" : -1,
      "resourceUsageMetrics" : {
        "cumulativeCpuUsage" : 63790,
        "virtualMemoryUsage" : 509763584,
        "physicalMemoryUsage" : 188735488,
        "heapUsage" : 132120576
      },
      "location" : {
        "layers" : [ "default-rack", "Slave21" ]
      },
      "hostName" : "/default-rack/Slave21"
    } ],
    "finishTime" : 1405071638354,
    "preferredLocations" : [ {
      "layers" : [ "default-rack", "Master2" ]
    }, {
      "layers" : [ "default-rack", "Slave22" ]
    }, {
      "layers" : [ "default-rack", "Slave21" ]
    } ],
    "taskType" : "MAP",
    "taskStatus" : "SUCCESS",
    "taskID" : "task_201407031554_2062_m_000014",
    "inputBytes" : 256633202,
    "inputRecords" : 6178,
    "outputBytes" : 49706349,
    "outputRecords" : 23480302
  }, {
    "startTime" : 1405071595621,
    "attempts" : [ {
      "result" : "SUCCESS",
      "startTime" : 1405071586108,
      "finishTime" : 1405071626757,
      "attemptID" : "attempt_201407031554_2062_m_000015_0",
      "shuffleFinished" : -1,
      "sortFinished" : -1,
      "hdfsBytesRead" : 256631528,
      "hdfsBytesWritten" : -1,
      "fileBytesRead" : 34028333,
      "fileBytesWritten" : 50543645,
      "mapInputRecords" : 6104,
      "mapOutputBytes" : 354725052,
      "mapOutputRecords" : 23478630,
      "combineInputRecords" : 24131428,
      "reduceInputGroups" : -1,
      "reduceInputRecords" : -1,
      "reduceShuffleBytes" : -1,
      "reduceOutputRecords" : -1,
      "spilledRecords" : 1560493,
      "mapInputBytes" : -1,
      "resourceUsageMetrics" : {
        "cumulativeCpuUsage" : 57170,
        "virtualMemoryUsage" : 507621376,
        "physicalMemoryUsage" : 178479104,
        "heapUsage" : 123731968
      },
      "location" : {
        "layers" : [ "default-rack", "Slave21" ]
      },
      "hostName" : "/default-rack/Slave21"
    } ],
    "finishTime" : 1405071636549,
    "preferredLocations" : [ {
      "layers" : [ "default-rack", "Master2" ]
    }, {
      "layers" : [ "default-rack", "Slave23" ]
    }, {
      "layers" : [ "default-rack", "Slave21" ]
    } ],
    "taskType" : "MAP",
    "taskStatus" : "SUCCESS",
    "taskID" : "task_201407031554_2062_m_000015",
    "inputBytes" : 256631528,
    "inputRecords" : 6104,
    "outputBytes" : 50543645,
    "outputRecords" : 23478630
  }, {
    "startTime" : 1405071630076,
    "attempts" : [ {
      "result" : "SUCCESS",
      "startTime" : 1405071633383,
      "finishTime" : 1405071672409,
      "attemptID" : "attempt_201407031554_2062_m_000016_0",
      "shuffleFinished" : -1,
      "sortFinished" : -1,
      "hdfsBytesRead" : 256631525,
      "hdfsBytesWritten" : -1,
      "fileBytesRead" : 28504456,
      "fileBytesWritten" : 41725654,
      "mapInputRecords" : 218982,
      "mapOutputBytes" : 354415816,
      "mapOutputRecords" : 23693606,
      "combineInputRecords" : 24346418,
      "reduceInputGroups" : -1,
      "reduceInputRecords" : -1,
      "reduceShuffleBytes" : -1,
      "reduceOutputRecords" : -1,
      "spilledRecords" : 1561648,
      "mapInputBytes" : -1,
      "resourceUsageMetrics" : {
        "cumulativeCpuUsage" : 53240,
        "virtualMemoryUsage" : 507641856,
        "physicalMemoryUsage" : 291651584,
        "heapUsage" : 246939648
      },
      "location" : {
        "layers" : [ "default-rack", "Slave23" ]
      },
      "hostName" : "/default-rack/Slave23"
    }, {
      "result" : "KILLED",
      "startTime" : 1405071631739,
      "finishTime" : 1405071669478,
      "attemptID" : "attempt_201407031554_2062_m_000016_1",
      "shuffleFinished" : -1,
      "sortFinished" : -1,
      "hdfsBytesRead" : -1,
      "hdfsBytesWritten" : -1,
      "fileBytesRead" : -1,
      "fileBytesWritten" : -1,
      "mapInputRecords" : -1,
      "mapOutputBytes" : -1,
      "mapOutputRecords" : -1,
      "combineInputRecords" : -1,
      "reduceInputGroups" : -1,
      "reduceInputRecords" : -1,
      "reduceShuffleBytes" : -1,
      "reduceOutputRecords" : -1,
      "spilledRecords" : -1,
      "mapInputBytes" : -1,
      "resourceUsageMetrics" : {
        "cumulativeCpuUsage" : 0,
        "virtualMemoryUsage" : 0,
        "physicalMemoryUsage" : 0,
        "heapUsage" : 0
      },
      "location" : null,
      "hostName" : null
    } ],
    "finishTime" : 1405071669175,
    "preferredLocations" : [ {
      "layers" : [ "default-rack", "Master2" ]
    }, {
      "layers" : [ "default-rack", "Slave21" ]
    }, {
      "layers" : [ "default-rack", "Slave23" ]
    } ],
    "taskType" : "MAP",
    "taskStatus" : "SUCCESS",
    "taskID" : "task_201407031554_2062_m_000016",
    "inputBytes" : 256631525,
    "inputRecords" : 218982,
    "outputBytes" : 41725654,
    "outputRecords" : 23693606
  }, {
    "startTime" : 1405071630076,
    "attempts" : [ {
      "result" : "SUCCESS",
      "startTime" : 1405071633383,
      "finishTime" : 1405071672263,
      "attemptID" : "attempt_201407031554_2062_m_000017_0",
      "shuffleFinished" : -1,
      "sortFinished" : -1,
      "hdfsBytesRead" : 256630450,
      "hdfsBytesWritten" : -1,
      "fileBytesRead" : 28656717,
      "fileBytesWritten" : 41993249,
      "mapInputRecords" : 6098,
      "mapOutputBytes" : 354720700,
      "mapOutputRecords" : 23584488,
      "combineInputRecords" : 24237719,
      "reduceInputGroups" : -1,
      "reduceInputRecords" : -1,
      "reduceShuffleBytes" : -1,
      "reduceOutputRecords" : -1,
      "spilledRecords" : 1561977,
      "mapInputBytes" : -1,
      "resourceUsageMetrics" : {
        "cumulativeCpuUsage" : 52020,
        "virtualMemoryUsage" : 506888192,
        "physicalMemoryUsage" : 197345280,
        "heapUsage" : 142344192
      },
      "location" : {
        "layers" : [ "default-rack", "Slave23" ]
      },
      "hostName" : "/default-rack/Slave23"
    }, {
      "result" : "KILLED",
      "startTime" : 1405071620263,
      "finishTime" : 1405071655274,
      "attemptID" : "attempt_201407031554_2062_m_000017_1",
      "shuffleFinished" : -1,
      "sortFinished" : -1,
      "hdfsBytesRead" : -1,
      "hdfsBytesWritten" : -1,
      "fileBytesRead" : -1,
      "fileBytesWritten" : -1,
      "mapInputRecords" : -1,
      "mapOutputBytes" : -1,
      "mapOutputRecords" : -1,
      "combineInputRecords" : -1,
      "reduceInputGroups" : -1,
      "reduceInputRecords" : -1,
      "reduceShuffleBytes" : -1,
      "reduceOutputRecords" : -1,
      "spilledRecords" : -1,
      "mapInputBytes" : -1,
      "resourceUsageMetrics" : {
        "cumulativeCpuUsage" : 0,
        "virtualMemoryUsage" : 0,
        "physicalMemoryUsage" : 0,
        "heapUsage" : 0
      },
      "location" : null,
      "hostName" : null
    } ],
    "finishTime" : 1405071669176,
    "preferredLocations" : [ {
      "layers" : [ "default-rack", "Master2" ]
    }, {
      "layers" : [ "default-rack", "Slave23" ]
    }, {
      "layers" : [ "default-rack", "Slave21" ]
    } ],
    "taskType" : "MAP",
    "taskStatus" : "SUCCESS",
    "taskID" : "task_201407031554_2062_m_000017",
    "inputBytes" : 256630450,
    "inputRecords" : 6098,
    "outputBytes" : 41993249,
    "outputRecords" : 23584488
  }, {
    "startTime" : 1405071631509,
    "attempts" : [ {
      "result" : "SUCCESS",
      "startTime" : 1405071615943,
      "finishTime" : 1405071655771,
      "attemptID" : "attempt_201407031554_2062_m_000019_0",
      "shuffleFinished" : -1,
      "sortFinished" : -1,
      "hdfsBytesRead" : 256630142,
      "hdfsBytesWritten" : -1,
      "fileBytesRead" : 32795831,
      "fileBytesWritten" : 48600331,
      "mapInputRecords" : 6216,
      "mapOutputBytes" : 353987119,
      "mapOutputRecords" : 23480401,
      "combineInputRecords" : 24132324,
      "reduceInputGroups" : -1,
      "reduceInputRecords" : -1,
      "reduceShuffleBytes" : -1,
      "reduceOutputRecords" : -1,
      "spilledRecords" : 1557389,
      "mapInputBytes" : -1,
      "resourceUsageMetrics" : {
        "cumulativeCpuUsage" : 57280,
        "virtualMemoryUsage" : 508633088,
        "physicalMemoryUsage" : 292552704,
        "heapUsage" : 246939648
      },
      "location" : {
        "layers" : [ "default-rack", "Slave22" ]
      },
      "hostName" : "/default-rack/Slave22"
    }, {
      "result" : "KILLED",
      "startTime" : 1405071627035,
      "finishTime" : 1405071663895,
      "attemptID" : "attempt_201407031554_2062_m_000019_1",
      "shuffleFinished" : -1,
      "sortFinished" : -1,
      "hdfsBytesRead" : -1,
      "hdfsBytesWritten" : -1,
      "fileBytesRead" : -1,
      "fileBytesWritten" : -1,
      "mapInputRecords" : -1,
      "mapOutputBytes" : -1,
      "mapOutputRecords" : -1,
      "combineInputRecords" : -1,
      "reduceInputGroups" : -1,
      "reduceInputRecords" : -1,
      "reduceShuffleBytes" : -1,
      "reduceOutputRecords" : -1,
      "spilledRecords" : -1,
      "mapInputBytes" : -1,
      "resourceUsageMetrics" : {
        "cumulativeCpuUsage" : 0,
        "virtualMemoryUsage" : 0,
        "physicalMemoryUsage" : 0,
        "heapUsage" : 0
      },
      "location" : null,
      "hostName" : null
    } ],
    "finishTime" : 1405071671361,
    "preferredLocations" : [ {
      "layers" : [ "default-rack", "Master2" ]
    }, {
      "layers" : [ "default-rack", "Slave22" ]
    }, {
      "layers" : [ "default-rack", "Slave21" ]
    } ],
    "taskType" : "MAP",
    "taskStatus" : "SUCCESS",
    "taskID" : "task_201407031554_2062_m_000019",
    "inputBytes" : 256630142,
    "inputRecords" : 6216,
    "outputBytes" : 48600331,
    "outputRecords" : 23480401
  }, {
    "startTime" : 1405071631737,
    "attempts" : [ {
      "result" : "SUCCESS",
      "startTime" : 1405071631738,
      "finishTime" : 1405071669941,
      "attemptID" : "attempt_201407031554_2062_m_000018_0",
      "shuffleFinished" : -1,
      "sortFinished" : -1,
      "hdfsBytesRead" : 256630412,
      "hdfsBytesWritten" : -1,
      "fileBytesRead" : 27786586,
      "fileBytesWritten" : 40613369,
      "mapInputRecords" : 6203,
      "mapOutputBytes" : 354723409,
      "mapOutputRecords" : 23584253,
      "combineInputRecords" : 24236615,
      "reduceInputGroups" : -1,
      "reduceInputRecords" : -1,
      "reduceShuffleBytes" : -1,
      "reduceOutputRecords" : -1,
      "spilledRecords" : 1559863,
      "mapInputBytes" : -1,
      "resourceUsageMetrics" : {
        "cumulativeCpuUsage" : 52180,
        "virtualMemoryUsage" : 506130432,
        "physicalMemoryUsage" : 177614848,
        "heapUsage" : 246939648
      },
      "location" : {
        "layers" : [ "default-rack", "Master2" ]
      },
      "hostName" : "/default-rack/Master2"
    } ],
    "finishTime" : 1405071670217,
    "preferredLocations" : [ {
      "layers" : [ "default-rack", "Master2" ]
    }, {
      "layers" : [ "default-rack", "Slave23" ]
    }, {
      "layers" : [ "default-rack", "Slave21" ]
    } ],
    "taskType" : "MAP",
    "taskStatus" : "SUCCESS",
    "taskID" : "task_201407031554_2062_m_000018",
    "inputBytes" : 256630412,
    "inputRecords" : 6203,
    "outputBytes" : 40613369,
    "outputRecords" : 23584253
  } ],
  "finishTime" : 1405071681063,
  "reduceTasks" : [ {
    "startTime" : 1405071590573,
    "attempts" : [ {
      "result" : "SUCCESS",
      "startTime" : 1405071590575,
      "finishTime" : 1405071679880,
      "attemptID" : "attempt_201407031554_2062_r_000000_0",
      "shuffleFinished" : 1405071677415,
      "sortFinished" : 1405071677561,
      "hdfsBytesRead" : -1,
      "hdfsBytesWritten" : 24518443,
      "fileBytesRead" : -1,
      "fileBytesWritten" : 58926,
      "mapInputRecords" : -1,
      "mapOutputBytes" : -1,
      "mapOutputRecords" : -1,
      "combineInputRecords" : 0,
      "reduceInputGroups" : 767326,
      "reduceInputRecords" : 1401527,
      "reduceShuffleBytes" : 42788944,
      "reduceOutputRecords" : 767326,
      "spilledRecords" : 0,
      "mapInputBytes" : -1,
      "resourceUsageMetrics" : {
        "cumulativeCpuUsage" : 3900,
        "virtualMemoryUsage" : 836685824,
        "physicalMemoryUsage" : 169537536,
        "heapUsage" : 135790592
      },
      "location" : {
        "layers" : [ "default-rack", "Master2" ]
      },
      "hostName" : "/default-rack/Master2"
    } ],
    "finishTime" : 1405071679902,
    "preferredLocations" : [ ],
    "taskType" : "REDUCE",
    "taskStatus" : "SUCCESS",
    "taskID" : "task_201407031554_2062_r_000000",
    "inputBytes" : 42788944,
    "inputRecords" : 1401527,
    "outputBytes" : 24518443,
    "outputRecords" : 767326
  }, {
    "startTime" : 1405071590804,
    "attempts" : [ {
      "result" : "SUCCESS",
      "startTime" : 1405071581291,
      "finishTime" : 1405071666836,
      "attemptID" : "attempt_201407031554_2062_r_000001_0",
      "shuffleFinished" : 1405071664247,
      "sortFinished" : 1405071664439,
      "hdfsBytesRead" : -1,
      "hdfsBytesWritten" : 24517475,
      "fileBytesRead" : -1,
      "fileBytesWritten" : 58926,
      "mapInputRecords" : -1,
      "mapOutputBytes" : -1,
      "mapOutputRecords" : -1,
      "combineInputRecords" : 0,
      "reduceInputGroups" : 767780,
      "reduceInputRecords" : 1404219,
      "reduceShuffleBytes" : 42840795,
      "reduceOutputRecords" : 767780,
      "spilledRecords" : 0,
      "mapInputBytes" : -1,
      "resourceUsageMetrics" : {
        "cumulativeCpuUsage" : 4100,
        "virtualMemoryUsage" : 836767744,
        "physicalMemoryUsage" : 180891648,
        "heapUsage" : 145489920
      },
      "location" : {
        "layers" : [ "default-rack", "Slave21" ]
      },
      "hostName" : "/default-rack/Slave21"
    } ],
    "finishTime" : 1405071676599,
    "preferredLocations" : [ ],
    "taskType" : "REDUCE",
    "taskStatus" : "SUCCESS",
    "taskID" : "task_201407031554_2062_r_000001",
    "inputBytes" : 42840795,
    "inputRecords" : 1404219,
    "outputBytes" : 24517475,
    "outputRecords" : 767780
  }, {
    "startTime" : 1405071590808,
    "attempts" : [ {
      "result" : "SUCCESS",
      "startTime" : 1405071594115,
      "finishTime" : 1405071679391,
      "attemptID" : "attempt_201407031554_2062_r_000002_0",
      "shuffleFinished" : 1405071675987,
      "sortFinished" : 1405071676144,
      "hdfsBytesRead" : -1,
      "hdfsBytesWritten" : 24572332,
      "fileBytesRead" : -1,
      "fileBytesWritten" : 58926,
      "mapInputRecords" : -1,
      "mapOutputBytes" : -1,
      "mapOutputRecords" : -1,
      "combineInputRecords" : 0,
      "reduceInputGroups" : 769451,
      "reduceInputRecords" : 1404239,
      "reduceShuffleBytes" : 42870451,
      "reduceOutputRecords" : 769451,
      "spilledRecords" : 0,
      "mapInputBytes" : -1,
      "resourceUsageMetrics" : {
        "cumulativeCpuUsage" : 3710,
        "virtualMemoryUsage" : 840540160,
        "physicalMemoryUsage" : 179507200,
        "heapUsage" : 142344192
      },
      "location" : {
        "layers" : [ "default-rack", "Slave23" ]
      },
      "hostName" : "/default-rack/Slave23"
    } ],
    "finishTime" : 1405071676195,
    "preferredLocations" : [ ],
    "taskType" : "REDUCE",
    "taskStatus" : "SUCCESS",
    "taskID" : "task_201407031554_2062_r_000002",
    "inputBytes" : 42870451,
    "inputRecords" : 1404239,
    "outputBytes" : 24572332,
    "outputRecords" : 769451
  }, {
    "startTime" : 1405071590811,
    "attempts" : [ {
      "result" : "SUCCESS",
      "startTime" : 1405071575246,
      "finishTime" : 1405071664321,
      "attemptID" : "attempt_201407031554_2062_r_000003_0",
      "shuffleFinished" : 1405071662036,
      "sortFinished" : 1405071662184,
      "hdfsBytesRead" : -1,
      "hdfsBytesWritten" : 24525627,
      "fileBytesRead" : -1,
      "fileBytesWritten" : 58926,
      "mapInputRecords" : -1,
      "mapOutputBytes" : -1,
      "mapOutputRecords" : -1,
      "combineInputRecords" : 0,
      "reduceInputGroups" : 767563,
      "reduceInputRecords" : 1403263,
      "reduceShuffleBytes" : 42837562,
      "reduceOutputRecords" : 767563,
      "spilledRecords" : 0,
      "mapInputBytes" : -1,
      "resourceUsageMetrics" : {
        "cumulativeCpuUsage" : 3770,
        "virtualMemoryUsage" : 837156864,
        "physicalMemoryUsage" : 133091328,
        "heapUsage" : 81526784
      },
      "location" : {
        "layers" : [ "default-rack", "Slave22" ]
      },
      "hostName" : "/default-rack/Slave22"
    } ],
    "finishTime" : 1405071680154,
    "preferredLocations" : [ ],
    "taskType" : "REDUCE",
    "taskStatus" : "SUCCESS",
    "taskID" : "task_201407031554_2062_r_000003",
    "inputBytes" : 42837562,
    "inputRecords" : 1403263,
    "outputBytes" : 24525627,
    "outputRecords" : 767563
  }, {
    "startTime" : 1405071590875,
    "attempts" : [ {
      "result" : "SUCCESS",
      "startTime" : 1405071590876,
      "finishTime" : 1405071675818,
      "attemptID" : "attempt_201407031554_2062_r_000004_0",
      "shuffleFinished" : 1405071672864,
      "sortFinished" : 1405071673054,
      "hdfsBytesRead" : -1,
      "hdfsBytesWritten" : 24547931,
      "fileBytesRead" : -1,
      "fileBytesWritten" : 58926,
      "mapInputRecords" : -1,
      "mapOutputBytes" : -1,
      "mapOutputRecords" : -1,
      "combineInputRecords" : 0,
      "reduceInputGroups" : 768346,
      "reduceInputRecords" : 1405338,
      "reduceShuffleBytes" : 42896124,
      "reduceOutputRecords" : 768346,
      "spilledRecords" : 0,
      "mapInputBytes" : -1,
      "resourceUsageMetrics" : {
        "cumulativeCpuUsage" : 4080,
        "virtualMemoryUsage" : 837795840,
        "physicalMemoryUsage" : 159735808,
        "heapUsage" : 114556928
      },
      "location" : {
        "layers" : [ "default-rack", "Master2" ]
      },
      "hostName" : "/default-rack/Master2"
    } ],
    "finishTime" : 1405071675980,
    "preferredLocations" : [ ],
    "taskType" : "REDUCE",
    "taskStatus" : "SUCCESS",
    "taskID" : "task_201407031554_2062_r_000004",
    "inputBytes" : 42896124,
    "inputRecords" : 1405338,
    "outputBytes" : 24547931,
    "outputRecords" : 768346
  }, {
    "startTime" : 1405071591106,
    "attempts" : [ {
      "result" : "SUCCESS",
      "startTime" : 1405071581593,
      "finishTime" : 1405071666578,
      "attemptID" : "attempt_201407031554_2062_r_000005_0",
      "shuffleFinished" : 1405071663483,
      "sortFinished" : 1405071663690,
      "hdfsBytesRead" : -1,
      "hdfsBytesWritten" : 24567741,
      "fileBytesRead" : -1,
      "fileBytesWritten" : 58926,
      "mapInputRecords" : -1,
      "mapOutputBytes" : -1,
      "mapOutputRecords" : -1,
      "combineInputRecords" : 0,
      "reduceInputGroups" : 768220,
      "reduceInputRecords" : 1404886,
      "reduceShuffleBytes" : 42899699,
      "reduceOutputRecords" : 768220,
      "spilledRecords" : 0,
      "mapInputBytes" : -1,
      "resourceUsageMetrics" : {
        "cumulativeCpuUsage" : 4110,
        "virtualMemoryUsage" : 838901760,
        "physicalMemoryUsage" : 170778624,
        "heapUsage" : 128450560
      },
      "location" : {
        "layers" : [ "default-rack", "Slave21" ]
      },
      "hostName" : "/default-rack/Slave21"
    } ],
    "finishTime" : 1405071676291,
    "preferredLocations" : [ ],
    "taskType" : "REDUCE",
    "taskStatus" : "SUCCESS",
    "taskID" : "task_201407031554_2062_r_000005",
    "inputBytes" : 42899699,
    "inputRecords" : 1404886,
    "outputBytes" : 24567741,
    "outputRecords" : 768220
  }, {
    "startTime" : 1405071591111,
    "attempts" : [ {
      "result" : "SUCCESS",
      "startTime" : 1405071594417,
      "finishTime" : 1405071679049,
      "attemptID" : "attempt_201407031554_2062_r_000006_0",
      "shuffleFinished" : 1405071676420,
      "sortFinished" : 1405071676577,
      "hdfsBytesRead" : -1,
      "hdfsBytesWritten" : 24565580,
      "fileBytesRead" : -1,
      "fileBytesWritten" : 58926,
      "mapInputRecords" : -1,
      "mapOutputBytes" : -1,
      "mapOutputRecords" : -1,
      "combineInputRecords" : 0,
      "reduceInputGroups" : 768694,
      "reduceInputRecords" : 1403806,
      "reduceShuffleBytes" : 42862844,
      "reduceOutputRecords" : 768694,
      "spilledRecords" : 0,
      "mapInputBytes" : -1,
      "resourceUsageMetrics" : {
        "cumulativeCpuUsage" : 3890,
        "virtualMemoryUsage" : 837066752,
        "physicalMemoryUsage" : 177696768,
        "heapUsage" : 124256256
      },
      "location" : {
        "layers" : [ "default-rack", "Slave23" ]
      },
      "hostName" : "/default-rack/Slave23"
    } ],
    "finishTime" : 1405071675885,
    "preferredLocations" : [ ],
    "taskType" : "REDUCE",
    "taskStatus" : "SUCCESS",
    "taskID" : "task_201407031554_2062_r_000006",
    "inputBytes" : 42862844,
    "inputRecords" : 1403806,
    "outputBytes" : 24565580,
    "outputRecords" : 768694
  } ],
  "submitTime" : 1405071545097,
  "launchTime" : 1405071545186,
  "totalMaps" : 20,
  "totalReduces" : 7,
  "otherTasks" : [ {
    "startTime" : 1405071545327,
    "attempts" : [ {
      "result" : "SUCCESS",
      "startTime" : 1405071535900,
      "finishTime" : 1405071536574,
      "attemptID" : "attempt_201407031554_2062_m_000021_0",
      "shuffleFinished" : -1,
      "sortFinished" : -1,
      "hdfsBytesRead" : -1,
      "hdfsBytesWritten" : -1,
      "fileBytesRead" : -1,
      "fileBytesWritten" : 59018,
      "mapInputRecords" : -1,
      "mapOutputBytes" : -1,
      "mapOutputRecords" : -1,
      "combineInputRecords" : -1,
      "reduceInputGroups" : -1,
      "reduceInputRecords" : -1,
      "reduceShuffleBytes" : -1,
      "reduceOutputRecords" : -1,
      "spilledRecords" : 0,
      "mapInputBytes" : -1,
      "resourceUsageMetrics" : {
        "cumulativeCpuUsage" : 40,
        "virtualMemoryUsage" : 502661120,
        "physicalMemoryUsage" : 61976576,
        "heapUsage" : 64487424
      },
      "location" : {
        "layers" : [ "default-rack", "Slave21" ]
      },
      "hostName" : "/default-rack/Slave21"
    } ],
    "finishTime" : 1405071546232,
    "preferredLocations" : [ ],
    "taskType" : "SETUP",
    "taskStatus" : "SUCCESS",
    "taskID" : "task_201407031554_2062_m_000021",
    "inputBytes" : -1,
    "inputRecords" : -1,
    "outputBytes" : -1,
    "outputRecords" : -1
  }, {
    "startTime" : 1405071680156,
    "attempts" : [ {
      "result" : "SUCCESS",
      "startTime" : 1405071664590,
      "finishTime" : 1405071665385,
      "attemptID" : "attempt_201407031554_2062_m_000020_0",
      "shuffleFinished" : -1,
      "sortFinished" : -1,
      "hdfsBytesRead" : -1,
      "hdfsBytesWritten" : -1,
      "fileBytesRead" : -1,
      "fileBytesWritten" : 59018,
      "mapInputRecords" : -1,
      "mapOutputBytes" : -1,
      "mapOutputRecords" : -1,
      "combineInputRecords" : -1,
      "reduceInputGroups" : -1,
      "reduceInputRecords" : -1,
      "reduceShuffleBytes" : -1,
      "reduceOutputRecords" : -1,
      "spilledRecords" : 0,
      "mapInputBytes" : -1,
      "resourceUsageMetrics" : {
        "cumulativeCpuUsage" : 30,
        "virtualMemoryUsage" : 508964864,
        "physicalMemoryUsage" : 127623168,
        "heapUsage" : 71827456
      },
      "location" : {
        "layers" : [ "default-rack", "Slave22" ]
      },
      "hostName" : "/default-rack/Slave22"
    } ],
    "finishTime" : 1405071681063,
    "preferredLocations" : [ ],
    "taskType" : "CLEANUP",
    "taskStatus" : "SUCCESS",
    "taskID" : "task_201407031554_2062_m_000020",
    "inputBytes" : -1,
    "inputRecords" : -1,
    "outputBytes" : -1,
    "outputRecords" : -1
  } ],
  "queue" : "default",
  "jobProperties" : {
    "fs.s3n.impl" : "org.apache.hadoop.fs.s3native.NativeS3FileSystem",
    "mapred.task.cache.levels" : "2",
    "mapreduce.job.restart.recover" : "true",
    "mapreduce.job.counters.max" : "120",
    "dfs.client.use.datanode.hostname" : "false",
    "hadoop.tmp.dir" : "/tmp/hadoop-${user.name}",
    "hadoop.native.lib" : "true",
    "map.sort.class" : "org.apache.hadoop.util.QuickSort",
    "dfs.namenode.decommission.nodes.per.interval" : "5",
    "dfs.https.need.client.auth" : "false",
    "dfs.datanode.drop.cache.behind.writes" : "false",
    "ipc.client.idlethreshold" : "4000",
    "mapred.system.dir" : "${hadoop.tmp.dir}/mapred/system",
    "dfs.datanode.data.dir.perm" : "755",
    "mapred.job.tracker.persist.jobstatus.hours" : "0",
    "dfs.namenode.logging.level" : "info",
    "dfs.datanode.address" : "0.0.0.0:50010",
    "io.skip.checksum.errors" : "false",
    "dfs.block.access.token.enable" : "false",
    "fs.default.name" : "hdfs://Master2:9000",
    "mapred.cluster.reduce.memory.mb" : "-1",
    "mapred.reducer.new-api" : "true",
    "mapred.child.tmp" : "./tmp",
    "fs.har.impl.disable.cache" : "true",
    "dfs.safemode.threshold.pct" : "0.999f",
    "mapred.skip.reduce.max.skip.groups" : "0",
    "mapred.heartbeats.in.second" : "100",
    "dfs.namenode.handler.count" : "10",
    "dfs.blockreport.initialDelay" : "0",
    "mapred.tasktracker.dns.nameserver" : "default",
    "io.sort.factor" : "10",
    "dfs.datanode.drop.cache.behind.reads" : "false",
    "mapred.task.timeout" : "600000",
    "mapred.max.tracker.failures" : "4",
    "hadoop.rpc.socket.factory.class.default" : "org.apache.hadoop.net.StandardSocketFactory",
    "mapred.job.tracker.jobhistory.lru.cache.size" : "5",
    "fs.hdfs.impl" : "org.apache.hadoop.hdfs.DistributedFileSystem",
    "mapred.queue.default.acl-administer-jobs" : "*",
    "dfs.namenode.stale.datanode.interval" : "30000",
    "mapred.output.key.class" : "org.apache.hadoop.io.Text",
    "dfs.block.access.key.update.interval" : "600",
    "mapred.skip.map.auto.incr.proc.count" : "true",
    "mapreduce.job.complete.cancel.delegation.tokens" : "true",
    "io.mapfile.bloom.size" : "1048576",
    "mapreduce.reduce.shuffle.connect.timeout" : "180000",
    "dfs.safemode.extension" : "30000",
    "mapred.jobtracker.blacklist.fault-timeout-window" : "180",
    "dfs.namenode.write.stale.datanode.ratio" : "0.5f",
    "hadoop.skip.worker.version.check" : "false",
    "tasktracker.http.threads" : "40",
    "net.topology.impl" : "org.apache.hadoop.net.NetworkTopology",
    "mapred.job.shuffle.merge.percent" : "0.8",
    "fs.ftp.impl" : "org.apache.hadoop.fs.ftp.FTPFileSystem",
    "user.name" : "itri-hadoop",
    "dfs.namenode.kerberos.internal.spnego.principal" : "${dfs.web.authentication.kerberos.principal}",
    "mapred.output.compress" : "false",
    "io.bytes.per.checksum" : "512",
    "mapred.combine.recordsBeforeProgress" : "10000",
    "mapred.healthChecker.script.timeout" : "600000",
    "topology.node.switch.mapping.impl" : "org.apache.hadoop.net.ScriptBasedMapping",
    "dfs.https.server.keystore.resource" : "ssl-server.xml",
    "mapred.reduce.slowstart.completed.maps" : "0.05",
    "mapred.reduce.max.attempts" : "4",
    "dfs.namenode.safemode.min.datanodes" : "0",
    "mapreduce.ifile.readahead.bytes" : "4194304",
    "fs.ramfs.impl" : "org.apache.hadoop.fs.InMemoryFileSystem",
    "dfs.block.access.token.lifetime" : "600",
    "mapred.skip.map.max.skip.records" : "0",
    "dfs.name.edits.dir" : "${dfs.name.dir}",
    "mapred.cluster.map.memory.mb" : "-1",
    "hadoop.security.group.mapping" : "org.apache.hadoop.security.ShellBasedUnixGroupsMapping",
    "mapred.job.tracker.persist.jobstatus.dir" : "/jobtracker/jobsInfo",
    "mapred.jar" : "hdfs://Master2:9000/tmp/hadoop-itri-hadoop/mapred/staging/itri-hadoop/.staging/job_201407031554_2062/job.jar",
    "fs.s3.buffer.dir" : "${hadoop.tmp.dir}/s3",
    "dfs.block.size" : "67108864",
    "job.end.retry.attempts" : "0",
    "fs.file.impl" : "org.apache.hadoop.fs.LocalFileSystem",
    "dfs.namenode.avoid.write.stale.datanode" : "false",
    "dfs.datanode.max.xcievers" : "4096",
    "mapred.local.dir.minspacestart" : "0",
    "mapred.output.compression.type" : "RECORD",
    "dfs.datanode.ipc.address" : "0.0.0.0:50020",
    "dfs.permissions" : "true",
    "topology.script.number.args" : "100",
    "mapreduce.job.counters.groups.max" : "50",
    "io.mapfile.bloom.error.rate" : "0.005",
    "mapred.cluster.max.reduce.memory.mb" : "-1",
    "mapred.max.tracker.blacklists" : "4",
    "mapred.task.profile.maps" : "0-2",
    "mapred.jobtracker.jobSchedulable" : "org.apache.hadoop.mapred.JobSchedulable",
    "dfs.datanode.https.address" : "0.0.0.0:50475",
    "mapred.userlog.retain.hours" : "24",
    "dfs.secondary.http.address" : "0.0.0.0:50090",
    "dfs.namenode.replication.work.multiplier.per.iteration" : "2",
    "dfs.replication.max" : "512",
    "mapred.job.tracker.persist.jobstatus.active" : "false",
    "hadoop.security.authorization" : "false",
    "local.cache.size" : "10737418240",
    "mapred.min.split.size" : "268435456",
    "dfs.namenode.delegation.token.renew-interval" : "86400000",
    "mapred.map.tasks" : "20",
    "mapred.child.java.opts" : "-Xmx200m",
    "mapred.output.value.class" : "org.apache.hadoop.io.IntWritable",
    "dfs.https.client.keystore.resource" : "ssl-client.xml",
    "ipc.client.fallback-to-simple-auth-allowed" : "false",
    "mapred.job.queue.name" : "default",
    "mapred.job.tracker.retiredjobs.cache.size" : "1000",
    "dfs.https.address" : "0.0.0.0:50470",
    "dfs.balance.bandwidthPerSec" : "1048576",
    "ipc.server.listen.queue.size" : "128",
    "dfs.namenode.invalidate.work.pct.per.iteration" : "0.32f",
    "mapred.inmem.merge.threshold" : "900",
    "job.end.retry.interval" : "30000",
    "mapred.skip.attempts.to.start.skipping" : "2",
    "mapreduce.tasktracker.outofband.heartbeat.damper" : "1000000",
    "hadoop.security.use-weak-http-crypto" : "false",
    "fs.checkpoint.dir" : "${hadoop.tmp.dir}/dfs/namesecondary",
    "dfs.namenode.avoid.read.stale.datanode" : "false",
    "mapred.reduce.tasks" : "7",
    "mapred.merge.recordsBeforeProgress" : "10000",
    "mapred.userlog.limit.kb" : "0",
    "mapred.job.reduce.memory.mb" : "-1",
    "webinterface.private.actions" : "false",
    "dfs.max.objects" : "0",
    "hadoop.security.token.service.use_ip" : "true",
    "io.sort.spill.percent" : "0.9",
    "mapred.job.shuffle.input.buffer.percent" : "0.6",
    "mapred.map.tasks.speculative.execution" : "true",
    "hadoop.http.authentication.type" : "simple",
    "mapred.job.name" : "word count",
    "hadoop.util.hash.type" : "murmur",
    "dfs.datanode.dns.nameserver" : "default",
    "hadoop.security.instrumentation.requires.admin" : "false",
    "dfs.blockreport.intervalMsec" : "3600000",
    "dfs.datanode.readahead.bytes" : "4193404",
    "mapred.map.max.attempts" : "4",
    "mapreduce.job.acl-view-job" : " ",
    "mapreduce.ifile.readahead" : "true",
    "mapred.jobtracker.nodegroup.aware" : "false",
    "mapred.job.tracker.handler.count" : "10",
    "dfs.client.block.write.retries" : "3",
    "mapreduce.reduce.shuffle.read.timeout" : "180000",
    "mapred.tasktracker.expiry.interval" : "600000",
    "dfs.secondary.namenode.kerberos.internal.spnego.principal" : "${dfs.web.authentication.kerberos.principal}",
    "dfs.https.enable" : "false",
    "mapred.jobtracker.job.history.block.size" : "3145728",
    "mapred.jobtracker.maxtasks.per.job" : "-1",
    "keep.failed.task.files" : "false",
    "dfs.datanode.use.datanode.hostname" : "false",
    "dfs.datanode.failed.volumes.tolerated" : "0",
    "ipc.client.tcpnodelay" : "false",
    "mapred.task.profile.reduces" : "0-2",
    "io.map.index.skip" : "0",
    "mapred.output.compression.codec" : "org.apache.hadoop.io.compress.DefaultCodec",
    "hadoop.http.authentication.token.validity" : "36000",
    "ipc.server.tcpnodelay" : "false",
    "hadoop.jetty.logs.serve.aliases" : "true",
    "mapred.working.dir" : "hdfs://Master2:9000/user/itri-hadoop",
    "mapred.jobtracker.blacklist.fault-bucket-width" : "15",
    "dfs.namenode.delegation.key.update-interval" : "86400000",
    "mapred.used.genericoptionsparser" : "true",
    "mapred.job.map.memory.mb" : "-1",
    "mapred.mapper.new-api" : "true",
    "dfs.default.chunk.view.size" : "32768",
    "hadoop.logfile.size" : "10000000",
    "mapred.reduce.tasks.speculative.execution" : "true",
    "mapreduce.tasktracker.outofband.heartbeat" : "false",
    "mapreduce.job.dir" : "hdfs://Master2:9000/tmp/hadoop-itri-hadoop/mapred/staging/itri-hadoop/.staging/job_201407031554_2062",
    "mapreduce.reduce.input.limit" : "-1",
    "dfs.datanode.du.reserved" : "0",
    "dfs.datanode.sync.behind.writes" : "false",
    "hadoop.security.authentication" : "simple",
    "fs.checkpoint.period" : "3600",
    "mapred.job.reuse.jvm.num.tasks" : "8",
    "dfs.web.ugi" : "webuser,webgroup",
    "mapred.jobtracker.completeuserjobs.maximum" : "100",
    "dfs.df.interval" : "60000",
    "mapred.task.tracker.task-controller" : "org.apache.hadoop.mapred.DefaultTaskController",
    "dfs.data.dir" : "${hadoop.tmp.dir}/dfs/data",
    "fs.s3.maxRetries" : "4",
    "dfs.datanode.dns.interface" : "default",
    "mapred.cluster.max.map.memory.mb" : "-1",
    "mapreduce.reduce.shuffle.maxfetchfailures" : "10",
    "mapred.map.child.java.opts" : "-Xmx300M",
    "mapreduce.job.acl-modify-job" : " ",
    "fs.hftp.impl" : "org.apache.hadoop.hdfs.HftpFileSystem",
    "mapred.local.dir" : "${hadoop.tmp.dir}/mapred/local",
    "dfs.permissions.supergroup" : "supergroup",
    "fs.s3.sleepTimeSeconds" : "10",
    "fs.trash.interval" : "0",
    "mapred.submit.replication" : "10",
    "dfs.replication.min" : "1",
    "fs.har.impl" : "org.apache.hadoop.fs.HarFileSystem",
    "hadoop.relaxed.worker.version.check" : "false",
    "mapred.map.output.compression.codec" : "org.apache.hadoop.io.compress.DefaultCodec",
    "mapred.tasktracker.dns.interface" : "default",
    "dfs.http.address" : "0.0.0.0:50070",
    "dfs.namenode.decommission.interval" : "30",
    "mapred.job.tracker" : "Master2:9001",
    "dfs.heartbeat.interval" : "3",
    "hadoop.http.authentication.signature.secret.file" : "${user.home}/hadoop-http-auth-signature-secret",
    "io.seqfile.sorter.recordlimit" : "1000000",
    "mapreduce.job.submithost" : "Master2",
    "dfs.name.dir" : "${hadoop.tmp.dir}/dfs/name",
    "mapred.jobtracker.taskScheduler" : "org.apache.hadoop.mapred.JobQueueTaskScheduler",
    "mapred.line.input.format.linespermap" : "1",
    "dfs.datanode.http.address" : "0.0.0.0:50075",
    "fs.webhdfs.impl" : "org.apache.hadoop.hdfs.web.WebHdfsFileSystem",
    "mapred.local.dir.minspacekill" : "0",
    "dfs.image.transfer.bandwidthPerSec" : "0",
    "dfs.replication.interval" : "3",
    "io.sort.record.percent" : "0.09",
    "hadoop.http.authentication.kerberos.principal" : "HTTP/localhost@LOCALHOST",
    "mapreduce.reduce.class" : "org.apache.hadoop.examples.WordCount$IntSumReducer",
    "fs.kfs.impl" : "org.apache.hadoop.fs.kfs.KosmosFileSystem",
    "mapred.tasktracker.reduce.tasks.maximum" : "3",
    "mapred.temp.dir" : "${hadoop.tmp.dir}/mapred/temp",
    "dfs.replication" : "3",
    "fs.checkpoint.edits.dir" : "${fs.checkpoint.dir}",
    "mapreduce.jobhistory.max-age-ms" : "2592000000",
    "mapred.tasktracker.tasks.sleeptime-before-sigkill" : "5000",
    "mapred.job.reduce.input.buffer.percent" : "0.5",
    "mapred.tasktracker.indexcache.mb" : "10",
    "dfs.webhdfs.enabled" : "false",
    "mapreduce.job.split.metainfo.maxsize" : "10000000",
    "hadoop.logfile.count" : "10",
    "mapred.skip.reduce.auto.incr.proc.count" : "true",
    "mapreduce.job.submithostaddress" : "192.168.1.104",
    "io.seqfile.compress.blocksize" : "1000000",
    "fs.s3.block.size" : "67108864",
    "mapred.tasktracker.taskmemorymanager.monitoring-interval" : "5000",
    "hadoop.http.authentication.simple.anonymous.allowed" : "true",
    "mapreduce.jobtracker.staging.root.dir" : "${hadoop.tmp.dir}/mapred/staging",
    "mapred.acls.enabled" : "false",
    "mapred.queue.default.state" : "RUNNING",
    "mapred.queue.names" : "default",
    "fs.hsftp.impl" : "org.apache.hadoop.hdfs.HsftpFileSystem",
    "dfs.access.time.precision" : "3600000",
    "mapred.task.tracker.http.address" : "0.0.0.0:50060",
    "mapreduce.combine.class" : "org.apache.hadoop.examples.WordCount$IntSumReducer",
    "io.seqfile.lazydecompress" : "true",
    "mapred.reduce.parallel.copies" : "5",
    "mapred.disk.healthChecker.interval" : "60000",
    "mapred.output.dir" : "/word-out",
    "ipc.client.connection.maxidletime" : "10000",
    "io.sort.mb" : "200",
    "mapred.reduce.child.java.opts" : "-Xmx600M",
    "mapred.task.tracker.report.address" : "127.0.0.1:0",
    "hadoop.security.uid.cache.secs" : "14400",
    "mapred.compress.map.output" : "false",
    "ipc.client.kill.max" : "10",
    "mapred.healthChecker.interval" : "60000",
    "ipc.client.connect.max.retries" : "10",
    "mapreduce.map.class" : "org.apache.hadoop.examples.WordCount$TokenizerMapper",
    "fs.s3.impl" : "org.apache.hadoop.fs.s3.S3FileSystem",
    "mapred.user.jobconf.limit" : "5242880",
    "mapreduce.job.counters.group.name.max" : "128",
    "mapred.job.tracker.http.address" : "0.0.0.0:50030",
    "mapred.input.dir" : "hdfs://Master2:9000/word-in5G",
    "io.file.buffer.size" : "4096",
    "mapred.jobtracker.restart.recover" : "false",
    "io.serializations" : "org.apache.hadoop.io.serializer.WritableSerialization",
    "mapred.task.profile" : "false",
    "dfs.datanode.handler.count" : "3",
    "mapreduce.input.num.files" : "20",
    "mapreduce.jobhistory.cleaner.interval-ms" : "86400000",
    "dfs.replication.considerLoad" : "true",
    "jobclient.output.filter" : "FAILED",
    "dfs.namenode.edits.toleration.length" : "0",
    "hadoop.http.authentication.kerberos.keytab" : "${user.home}/hadoop.keytab",
    "dfs.namenode.delegation.token.max-lifetime" : "604800000",
    "mapred.tasktracker.map.tasks.maximum" : "4",
    "fs.checkpoint.size" : "67108864",
    "io.compression.codecs" : "org.apache.hadoop.io.compress.DefaultCodec,org.apache.hadoop.io.compress.GzipCodec,org.apache.hadoop.io.compress.BZip2Codec,org.apache.hadoop.io.compress.SnappyCodec",
    "mapreduce.job.counters.counter.name.max" : "64"
  },
  "computonsPerMapInputByte" : -1,
  "computonsPerMapOutputByte" : -1,
  "computonsPerReduceInputByte" : -1,
  "computonsPerReduceOutputByte" : -1,
  "heapMegabytes" : 200,
  "outcome" : "SUCCESS",
  "jobtype" : "JAVA",
  "directDependantJobs" : [ ],
  "successfulMapAttemptCDFs" : [ {
    "maximum" : 49229,
    "minimum" : 38203,
    "rankings" : [ {
      "relativeRanking" : 0.05,
      "datum" : 38203
    }, {
      "relativeRanking" : 0.1,
      "datum" : 38844
    }, {
      "relativeRanking" : 0.15,
      "datum" : 38880
    }, {
      "relativeRanking" : 0.2,
      "datum" : 38965
    }, {
      "relativeRanking" : 0.25,
      "datum" : 39026
    }, {
      "relativeRanking" : 0.3,
      "datum" : 39828
    }, {
      "relativeRanking" : 0.35,
      "datum" : 40099
    }, {
      "relativeRanking" : 0.4,
      "datum" : 40649
    }, {
      "relativeRanking" : 0.45,
      "datum" : 41014
    }, {
      "relativeRanking" : 0.5,
      "datum" : 41097
    }, {
      "relativeRanking" : 0.55,
      "datum" : 41752
    }, {
      "relativeRanking" : 0.6,
      "datum" : 43005
    }, {
      "relativeRanking" : 0.65,
      "datum" : 43895
    }, {
      "relativeRanking" : 0.7,
      "datum" : 43987
    }, {
      "relativeRanking" : 0.75,
      "datum" : 44340
    }, {
      "relativeRanking" : 0.8,
      "datum" : 44585
    }, {
      "relativeRanking" : 0.85,
      "datum" : 44621
    }, {
      "relativeRanking" : 0.9,
      "datum" : 47405
    }, {
      "relativeRanking" : 0.95,
      "datum" : 48970
    } ],
    "numberValues" : 20
  }, {
    "maximum" : 9223372036854775807,
    "minimum" : -9223372036854775808,
    "rankings" : [ ],
    "numberValues" : 0
  }, {
    "maximum" : 9223372036854775807,
    "minimum" : -9223372036854775808,
    "rankings" : [ ],
    "numberValues" : 0
  }, {
    "maximum" : 9223372036854775807,
    "minimum" : -9223372036854775808,
    "rankings" : [ ],
    "numberValues" : 0
  } ],
  "failedMapAttemptCDFs" : [ {
    "maximum" : 9223372036854775807,
    "minimum" : -9223372036854775808,
    "rankings" : [ ],
    "numberValues" : 0
  }, {
    "maximum" : 9223372036854775807,
    "minimum" : -9223372036854775808,
    "rankings" : [ ],
    "numberValues" : 0
  }, {
    "maximum" : 9223372036854775807,
    "minimum" : -9223372036854775808,
    "rankings" : [ ],
    "numberValues" : 0
  }, {
    "maximum" : 9223372036854775807,
    "minimum" : -9223372036854775808,
    "rankings" : [ ],
    "numberValues" : 0
  } ],
  "successfulReduceAttemptCDF" : {
    "maximum" : 89305,
    "minimum" : 84632,
    "rankings" : [ {
      "relativeRanking" : 0.05,
      "datum" : 84632
    }, {
      "relativeRanking" : 0.1,
      "datum" : 84632
    }, {
      "relativeRanking" : 0.15,
      "datum" : 84632
    }, {
      "relativeRanking" : 0.2,
      "datum" : 84632
    }, {
      "relativeRanking" : 0.25,
      "datum" : 84632
    }, {
      "relativeRanking" : 0.3,
      "datum" : 84942
    }, {
      "relativeRanking" : 0.35,
      "datum" : 84942
    }, {
      "relativeRanking" : 0.4,
      "datum" : 84942
    }, {
      "relativeRanking" : 0.45,
      "datum" : 84985
    }, {
      "relativeRanking" : 0.5,
      "datum" : 84985
    }, {
      "relativeRanking" : 0.55,
      "datum" : 84985
    }, {
      "relativeRanking" : 0.6,
      "datum" : 85276
    }, {
      "relativeRanking" : 0.65,
      "datum" : 85276
    }, {
      "relativeRanking" : 0.7,
      "datum" : 85276
    }, {
      "relativeRanking" : 0.75,
      "datum" : 85545
    }, {
      "relativeRanking" : 0.8,
      "datum" : 85545
    }, {
      "relativeRanking" : 0.85,
      "datum" : 85545
    }, {
      "relativeRanking" : 0.9,
      "datum" : 89075
    }, {
      "relativeRanking" : 0.95,
      "datum" : 89075
    } ],
    "numberValues" : 7
  },
  "failedReduceAttemptCDF" : {
    "maximum" : 9223372036854775807,
    "minimum" : -9223372036854775808,
    "rankings" : [ ],
    "numberValues" : 0
  },
  "mapperTriesToSucceed" : [ 1.0 ],
  "priority" : "NORMAL"
}