{
  "priority" : "NORMAL",
  "jobID" : "job_201407031554_1746",
  "user" : "itri-hadoop",
  "jobName" : "word count",
  "mapTasks" : [ {
    "startTime" : 1404974656343,
    "attempts" : [ {
      "result" : "SUCCESS",
      "location" : {
        "layers" : [ "default-rack", "Slave22" ]
      },
      "hostName" : "/default-rack/Slave22",
      "startTime" : 1404974642692,
      "finishTime" : 1404974679422,
      "attemptID" : "attempt_201407031554_1746_m_000000_0",
      "shuffleFinished" : -1,
      "sortFinished" : -1,
      "hdfsBytesRead" : 256639996,
      "hdfsBytesWritten" : -1,
      "fileBytesRead" : 37867116,
      "fileBytesWritten" : 54307314,
      "mapInputRecords" : 6287,
      "mapOutputBytes" : 354421684,
      "mapOutputRecords" : 23479252,
      "combineInputRecords" : 24169167,
      "reduceInputGroups" : -1,
      "reduceInputRecords" : -1,
      "reduceShuffleBytes" : -1,
      "reduceOutputRecords" : -1,
      "spilledRecords" : 1726501,
      "mapInputBytes" : -1,
      "resourceUsageMetrics" : {
        "cumulativeCpuUsage" : 39830,
        "virtualMemoryUsage" : 940150784,
        "physicalMemoryUsage" : 432320512,
        "heapUsage" : 521404416
      }
    } ],
    "finishTime" : 1404974693092,
    "preferredLocations" : [ {
      "layers" : [ "default-rack", "Master2" ]
    }, {
      "layers" : [ "default-rack", "Slave23" ]
    }, {
      "layers" : [ "default-rack", "Slave22" ]
    } ],
    "taskType" : "MAP",
    "taskStatus" : "SUCCESS",
    "taskID" : "task_201407031554_1746_m_000000",
    "inputBytes" : 256639996,
    "inputRecords" : 6287,
    "outputBytes" : 54307314,
    "outputRecords" : 23479252
  }, {
    "startTime" : 1404974656343,
    "attempts" : [ {
      "result" : "SUCCESS",
      "location" : {
        "layers" : [ "default-rack", "Slave22" ]
      },
      "hostName" : "/default-rack/Slave22",
      "startTime" : 1404974642692,
      "finishTime" : 1404974680612,
      "attemptID" : "attempt_201407031554_1746_m_000001_0",
      "shuffleFinished" : -1,
      "sortFinished" : -1,
      "hdfsBytesRead" : 256639160,
      "hdfsBytesWritten" : -1,
      "fileBytesRead" : 31941610,
      "fileBytesWritten" : 45212243,
      "mapInputRecords" : 219088,
      "mapOutputBytes" : 354630398,
      "mapOutputRecords" : 23691420,
      "combineInputRecords" : 24381853,
      "reduceInputGroups" : -1,
      "reduceInputRecords" : -1,
      "reduceShuffleBytes" : -1,
      "reduceOutputRecords" : -1,
      "spilledRecords" : 1728172,
      "mapInputBytes" : -1,
      "resourceUsageMetrics" : {
        "cumulativeCpuUsage" : 40870,
        "virtualMemoryUsage" : 940453888,
        "physicalMemoryUsage" : 397049856,
        "heapUsage" : 443285504
      }
    } ],
    "finishTime" : 1404974694296,
    "preferredLocations" : [ {
      "layers" : [ "default-rack", "Master2" ]
    }, {
      "layers" : [ "default-rack", "Slave22" ]
    }, {
      "layers" : [ "default-rack", "Slave23" ]
    } ],
    "taskType" : "MAP",
    "taskStatus" : "SUCCESS",
    "taskID" : "task_201407031554_1746_m_000001",
    "inputBytes" : 256639160,
    "inputRecords" : 219088,
    "outputBytes" : 45212243,
    "outputRecords" : 23691420
  }, {
    "startTime" : 1404974656364,
    "attempts" : [ {
      "result" : "SUCCESS",
      "location" : {
        "layers" : [ "default-rack", "Master2" ]
      },
      "hostName" : "/default-rack/Master2",
      "startTime" : 1404974656447,
      "finishTime" : 1404974692850,
      "attemptID" : "attempt_201407031554_1746_m_000002_0",
      "shuffleFinished" : -1,
      "sortFinished" : -1,
      "hdfsBytesRead" : 256638247,
      "hdfsBytesWritten" : -1,
      "fileBytesRead" : 32302719,
      "fileBytesWritten" : 45787735,
      "mapInputRecords" : 112590,
      "mapOutputBytes" : 354832939,
      "mapOutputRecords" : 23584115,
      "combineInputRecords" : 24274448,
      "reduceInputGroups" : -1,
      "reduceInputRecords" : -1,
      "reduceShuffleBytes" : -1,
      "reduceOutputRecords" : -1,
      "spilledRecords" : 1727903,
      "mapInputBytes" : -1,
      "resourceUsageMetrics" : {
        "cumulativeCpuUsage" : 40050,
        "virtualMemoryUsage" : 941510656,
        "physicalMemoryUsage" : 393326592,
        "heapUsage" : 495190016
      }
    } ],
    "finishTime" : 1404974693105,
    "preferredLocations" : [ {
      "layers" : [ "default-rack", "Master2" ]
    }, {
      "layers" : [ "default-rack", "Slave21" ]
    }, {
      "layers" : [ "default-rack", "Slave22" ]
    } ],
    "taskType" : "MAP",
    "taskStatus" : "SUCCESS",
    "taskID" : "task_201407031554_1746_m_000002",
    "inputBytes" : 256638247,
    "inputRecords" : 112590,
    "outputBytes" : 45787735,
    "outputRecords" : 23584115
  }, {
    "startTime" : 1404974656364,
    "attempts" : [ {
      "result" : "SUCCESS",
      "location" : {
        "layers" : [ "default-rack", "Master2" ]
      },
      "hostName" : "/default-rack/Master2",
      "startTime" : 1404974656447,
      "finishTime" : 1404974692657,
      "attemptID" : "attempt_201407031554_1746_m_000003_0",
      "shuffleFinished" : -1,
      "sortFinished" : -1,
      "hdfsBytesRead" : 256637462,
      "hdfsBytesWritten" : -1,
      "fileBytesRead" : 38386329,
      "fileBytesWritten" : 55112883,
      "mapInputRecords" : 6190,
      "mapOutputBytes" : 354734072,
      "mapOutputRecords" : 23478568,
      "combineInputRecords" : 24168028,
      "reduceInputGroups" : -1,
      "reduceInputRecords" : -1,
      "reduceShuffleBytes" : -1,
      "reduceOutputRecords" : -1,
      "spilledRecords" : 1724714,
      "mapInputBytes" : -1,
      "resourceUsageMetrics" : {
        "cumulativeCpuUsage" : 40140,
        "virtualMemoryUsage" : 943878144,
        "physicalMemoryUsage" : 401874944,
        "heapUsage" : 442761216
      }
    } ],
    "finishTime" : 1404974692804,
    "preferredLocations" : [ {
      "layers" : [ "default-rack", "Master2" ]
    }, {
      "layers" : [ "default-rack", "Slave22" ]
    }, {
      "layers" : [ "default-rack", "Slave23" ]
    } ],
    "taskType" : "MAP",
    "taskStatus" : "SUCCESS",
    "taskID" : "task_201407031554_1746_m_000003",
    "inputBytes" : 256637462,
    "inputRecords" : 6190,
    "outputBytes" : 55112883,
    "outputRecords" : 23478568
  }, {
    "startTime" : 1404974656396,
    "attempts" : [ {
      "result" : "SUCCESS",
      "location" : {
        "layers" : [ "default-rack", "Slave21" ]
      },
      "hostName" : "/default-rack/Slave21",
      "startTime" : 1404974648111,
      "finishTime" : 1404974684077,
      "attemptID" : "attempt_201407031554_1746_m_000005_0",
      "shuffleFinished" : -1,
      "sortFinished" : -1,
      "hdfsBytesRead" : 256637015,
      "hdfsBytesWritten" : -1,
      "fileBytesRead" : 37075239,
      "fileBytesWritten" : 53112783,
      "mapInputRecords" : 6257,
      "mapOutputBytes" : 353981081,
      "mapOutputRecords" : 23476364,
      "combineInputRecords" : 24165628,
      "reduceInputGroups" : -1,
      "reduceInputRecords" : -1,
      "reduceShuffleBytes" : -1,
      "reduceOutputRecords" : -1,
      "spilledRecords" : 1724587,
      "mapInputBytes" : -1,
      "resourceUsageMetrics" : {
        "cumulativeCpuUsage" : 39350,
        "virtualMemoryUsage" : 943652864,
        "physicalMemoryUsage" : 458944512,
        "heapUsage" : 499384320
      }
    } ],
    "finishTime" : 1404974692518,
    "preferredLocations" : [ {
      "layers" : [ "default-rack", "Master2" ]
    }, {
      "layers" : [ "default-rack", "Slave21" ]
    }, {
      "layers" : [ "default-rack", "Slave23" ]
    } ],
    "taskType" : "MAP",
    "taskStatus" : "SUCCESS",
    "taskID" : "task_201407031554_1746_m_000005",
    "inputBytes" : 256637015,
    "inputRecords" : 6257,
    "outputBytes" : 53112783,
    "outputRecords" : 23476364
  }, {
    "startTime" : 1404974656397,
    "attempts" : [ {
      "result" : "SUCCESS",
      "location" : {
        "layers" : [ "default-rack", "Slave21" ]
      },
      "hostName" : "/default-rack/Slave21",
      "startTime" : 1404974648111,
      "finishTime" : 1404974684041,
      "attemptID" : "attempt_201407031554_1746_m_000006_0",
      "shuffleFinished" : -1,
      "sortFinished" : -1,
      "hdfsBytesRead" : 256636365,
      "hdfsBytesWritten" : -1,
      "fileBytesRead" : 38556071,
      "fileBytesWritten" : 55390676,
      "mapInputRecords" : 6087,
      "mapOutputBytes" : 354842515,
      "mapOutputRecords" : 23479607,
      "combineInputRecords" : 24168716,
      "reduceInputGroups" : -1,
      "reduceInputRecords" : -1,
      "reduceShuffleBytes" : -1,
      "reduceOutputRecords" : -1,
      "spilledRecords" : 1724795,
      "mapInputBytes" : -1,
      "resourceUsageMetrics" : {
        "cumulativeCpuUsage" : 39680,
        "virtualMemoryUsage" : 944148480,
        "physicalMemoryUsage" : 427601920,
        "heapUsage" : 468975616
      }
    } ],
    "finishTime" : 1404974692518,
    "preferredLocations" : [ {
      "layers" : [ "default-rack", "Master2" ]
    }, {
      "layers" : [ "default-rack", "Slave23" ]
    }, {
      "layers" : [ "default-rack", "Slave21" ]
    } ],
    "taskType" : "MAP",
    "taskStatus" : "SUCCESS",
    "taskID" : "task_201407031554_1746_m_000006",
    "inputBytes" : 256636365,
    "inputRecords" : 6087,
    "outputBytes" : 55390676,
    "outputRecords" : 23479607
  }, {
    "startTime" : 1404974656401,
    "attempts" : [ {
      "result" : "SUCCESS",
      "location" : {
        "layers" : [ "default-rack", "Slave23" ]
      },
      "hostName" : "/default-rack/Slave23",
      "startTime" : 1404974659326,
      "finishTime" : 1404974694716,
      "attemptID" : "attempt_201407031554_1746_m_000004_0",
      "shuffleFinished" : -1,
      "sortFinished" : -1,
      "hdfsBytesRead" : 256637190,
      "hdfsBytesWritten" : -1,
      "fileBytesRead" : 37466163,
      "fileBytesWritten" : 53693770,
      "mapInputRecords" : 6253,
      "mapOutputBytes" : 354195759,
      "mapOutputRecords" : 23477445,
      "combineInputRecords" : 24166698,
      "reduceInputGroups" : -1,
      "reduceInputRecords" : -1,
      "reduceShuffleBytes" : -1,
      "reduceOutputRecords" : -1,
      "spilledRecords" : 1724437,
      "mapInputBytes" : -1,
      "resourceUsageMetrics" : {
        "cumulativeCpuUsage" : 39230,
        "virtualMemoryUsage" : 943935488,
        "physicalMemoryUsage" : 394686464,
        "heapUsage" : 491520000
      }
    } ],
    "finishTime" : 1404974691917,
    "preferredLocations" : [ {
      "layers" : [ "default-rack", "Master2" ]
    }, {
      "layers" : [ "default-rack", "Slave22" ]
    }, {
      "layers" : [ "default-rack", "Slave23" ]
    } ],
    "taskType" : "MAP",
    "taskStatus" : "SUCCESS",
    "taskID" : "task_201407031554_1746_m_000004",
    "inputBytes" : 256637190,
    "inputRecords" : 6253,
    "outputBytes" : 53693770,
    "outputRecords" : 23477445
  }, {
    "startTime" : 1404974656402,
    "attempts" : [ {
      "result" : "SUCCESS",
      "location" : {
        "layers" : [ "default-rack", "Slave23" ]
      },
      "hostName" : "/default-rack/Slave23",
      "startTime" : 1404974659326,
      "finishTime" : 1404974695541,
      "attemptID" : "attempt_201407031554_1746_m_000007_0",
      "shuffleFinished" : -1,
      "sortFinished" : -1,
      "hdfsBytesRead" : 256635555,
      "hdfsBytesWritten" : -1,
      "fileBytesRead" : 33408549,
      "fileBytesWritten" : 47453071,
      "mapInputRecords" : 112592,
      "mapOutputBytes" : 354622719,
      "mapOutputRecords" : 23584181,
      "combineInputRecords" : 24273751,
      "reduceInputGroups" : -1,
      "reduceInputRecords" : -1,
      "reduceShuffleBytes" : -1,
      "reduceOutputRecords" : -1,
      "spilledRecords" : 1725739,
      "mapInputBytes" : -1,
      "resourceUsageMetrics" : {
        "cumulativeCpuUsage" : 39650,
        "virtualMemoryUsage" : 941150208,
        "physicalMemoryUsage" : 396992512,
        "heapUsage" : 442236928
      }
    } ],
    "finishTime" : 1404974692823,
    "preferredLocations" : [ {
      "layers" : [ "default-rack", "Master2" ]
    }, {
      "layers" : [ "default-rack", "Slave23" ]
    }, {
      "layers" : [ "default-rack", "Slave22" ]
    } ],
    "taskType" : "MAP",
    "taskStatus" : "SUCCESS",
    "taskID" : "task_201407031554_1746_m_000007",
    "inputBytes" : 256635555,
    "inputRecords" : 112592,
    "outputBytes" : 47453071,
    "outputRecords" : 23584181
  }, {
    "startTime" : 1404974691917,
    "attempts" : [ {
      "result" : "SUCCESS",
      "location" : {
        "layers" : [ "default-rack", "Slave23" ]
      },
      "hostName" : "/default-rack/Slave23",
      "startTime" : 1404974694769,
      "finishTime" : 1404974727574,
      "attemptID" : "attempt_201407031554_1746_m_000008_0",
      "shuffleFinished" : -1,
      "sortFinished" : -1,
      "hdfsBytesRead" : 256635338,
      "hdfsBytesWritten" : -1,
      "fileBytesRead" : 37819430,
      "fileBytesWritten" : 54246369,
      "mapInputRecords" : 6091,
      "mapOutputBytes" : 354419394,
      "mapOutputRecords" : 23480282,
      "combineInputRecords" : 24169628,
      "reduceInputGroups" : -1,
      "reduceInputRecords" : -1,
      "reduceShuffleBytes" : -1,
      "reduceOutputRecords" : -1,
      "spilledRecords" : 1725045,
      "mapInputBytes" : -1,
      "resourceUsageMetrics" : {
        "cumulativeCpuUsage" : 34200,
        "virtualMemoryUsage" : 944930816,
        "physicalMemoryUsage" : 597647360,
        "heapUsage" : 537395200
      }
    } ],
    "finishTime" : 1404974724728,
    "preferredLocations" : [ {
      "layers" : [ "default-rack", "Slave22" ]
    }, {
      "layers" : [ "default-rack", "Slave21" ]
    }, {
      "layers" : [ "default-rack", "Slave23" ]
    } ],
    "taskType" : "MAP",
    "taskStatus" : "SUCCESS",
    "taskID" : "task_201407031554_1746_m_000008",
    "inputBytes" : 256635338,
    "inputRecords" : 6091,
    "outputBytes" : 54246369,
    "outputRecords" : 23480282
  }, {
    "startTime" : 1404974692518,
    "attempts" : [ {
      "result" : "SUCCESS",
      "location" : {
        "layers" : [ "default-rack", "Slave21" ]
      },
      "hostName" : "/default-rack/Slave21",
      "startTime" : 1404974684161,
      "finishTime" : 1404974715919,
      "attemptID" : "attempt_201407031554_1746_m_000009_0",
      "shuffleFinished" : -1,
      "sortFinished" : -1,
      "hdfsBytesRead" : 256634993,
      "hdfsBytesWritten" : -1,
      "fileBytesRead" : 37468326,
      "fileBytesWritten" : 53694373,
      "mapInputRecords" : 6278,
      "mapOutputBytes" : 354199981,
      "mapOutputRecords" : 23479018,
      "combineInputRecords" : 24168557,
      "reduceInputGroups" : -1,
      "reduceInputRecords" : -1,
      "reduceShuffleBytes" : -1,
      "reduceOutputRecords" : -1,
      "spilledRecords" : 1725420,
      "mapInputBytes" : -1,
      "resourceUsageMetrics" : {
        "cumulativeCpuUsage" : 33020,
        "virtualMemoryUsage" : 945143808,
        "physicalMemoryUsage" : 687005696,
        "heapUsage" : 699924480
      }
    } ],
    "finishTime" : 1404974724428,
    "preferredLocations" : [ {
      "layers" : [ "default-rack", "Master2" ]
    }, {
      "layers" : [ "default-rack", "Slave22" ]
    }, {
      "layers" : [ "default-rack", "Slave21" ]
    } ],
    "taskType" : "MAP",
    "taskStatus" : "SUCCESS",
    "taskID" : "task_201407031554_1746_m_000009",
    "inputBytes" : 256634993,
    "inputRecords" : 6278,
    "outputBytes" : 53694373,
    "outputRecords" : 23479018
  }, {
    "startTime" : 1404974692518,
    "attempts" : [ {
      "result" : "SUCCESS",
      "location" : {
        "layers" : [ "default-rack", "Slave21" ]
      },
      "hostName" : "/default-rack/Slave21",
      "startTime" : 1404974684161,
      "finishTime" : 1404974716039,
      "attemptID" : "attempt_201407031554_1746_m_000010_0",
      "shuffleFinished" : -1,
      "sortFinished" : -1,
      "hdfsBytesRead" : 256634886,
      "hdfsBytesWritten" : -1,
      "fileBytesRead" : 38181389,
      "fileBytesWritten" : 54808261,
      "mapInputRecords" : 6123,
      "mapOutputBytes" : 354618958,
      "mapOutputRecords" : 23477321,
      "combineInputRecords" : 24166152,
      "reduceInputGroups" : -1,
      "reduceInputRecords" : -1,
      "reduceShuffleBytes" : -1,
      "reduceOutputRecords" : -1,
      "spilledRecords" : 1723993,
      "mapInputBytes" : -1,
      "resourceUsageMetrics" : {
        "cumulativeCpuUsage" : 32970,
        "virtualMemoryUsage" : 944648192,
        "physicalMemoryUsage" : 711553024,
        "heapUsage" : 725090304
      }
    } ],
    "finishTime" : 1404974724428,
    "preferredLocations" : [ {
      "layers" : [ "default-rack", "Master2" ]
    }, {
      "layers" : [ "default-rack", "Slave23" ]
    }, {
      "layers" : [ "default-rack", "Slave21" ]
    } ],
    "taskType" : "MAP",
    "taskStatus" : "SUCCESS",
    "taskID" : "task_201407031554_1746_m_000010",
    "inputBytes" : 256634886,
    "inputRecords" : 6123,
    "outputBytes" : 54808261,
    "outputRecords" : 23477321
  }, {
    "startTime" : 1404974692804,
    "attempts" : [ {
      "result" : "SUCCESS",
      "location" : {
        "layers" : [ "default-rack", "Master2" ]
      },
      "hostName" : "/default-rack/Master2",
      "startTime" : 1404974692805,
      "finishTime" : 1404974724503,
      "attemptID" : "attempt_201407031554_1746_m_000011_0",
      "shuffleFinished" : -1,
      "sortFinished" : -1,
      "hdfsBytesRead" : 256634837,
      "hdfsBytesWritten" : -1,
      "fileBytesRead" : 37480839,
      "fileBytesWritten" : 53698565,
      "mapInputRecords" : 6197,
      "mapOutputBytes" : 354198447,
      "mapOutputRecords" : 23478639,
      "combineInputRecords" : 24168028,
      "reduceInputGroups" : -1,
      "reduceInputRecords" : -1,
      "reduceShuffleBytes" : -1,
      "reduceOutputRecords" : -1,
      "spilledRecords" : 1725179,
      "mapInputBytes" : -1,
      "resourceUsageMetrics" : {
        "cumulativeCpuUsage" : 33300,
        "virtualMemoryUsage" : 944873472,
        "physicalMemoryUsage" : 647667712,
        "heapUsage" : 662437888
      }
    } ],
    "finishTime" : 1404974724727,
    "preferredLocations" : [ {
      "layers" : [ "default-rack", "Master2" ]
    }, {
      "layers" : [ "default-rack", "Slave23" ]
    }, {
      "layers" : [ "default-rack", "Slave21" ]
    } ],
    "taskType" : "MAP",
    "taskStatus" : "SUCCESS",
    "taskID" : "task_201407031554_1746_m_000011",
    "inputBytes" : 256634837,
    "inputRecords" : 6197,
    "outputBytes" : 53698565,
    "outputRecords" : 23478639
  }, {
    "startTime" : 1404974692823,
    "attempts" : [ {
      "result" : "SUCCESS",
      "location" : {
        "layers" : [ "default-rack", "Slave23" ]
      },
      "hostName" : "/default-rack/Slave23",
      "startTime" : 1404974695691,
      "finishTime" : 1404974728321,
      "attemptID" : "attempt_201407031554_1746_m_000013_0",
      "shuffleFinished" : -1,
      "sortFinished" : -1,
      "hdfsBytesRead" : 256634749,
      "hdfsBytesWritten" : -1,
      "fileBytesRead" : 33191829,
      "fileBytesWritten" : 47145437,
      "mapInputRecords" : 6105,
      "mapOutputBytes" : 355045811,
      "mapOutputRecords" : 23583894,
      "combineInputRecords" : 24273247,
      "reduceInputGroups" : -1,
      "reduceInputRecords" : -1,
      "reduceShuffleBytes" : -1,
      "reduceOutputRecords" : -1,
      "spilledRecords" : 1725082,
      "mapInputBytes" : -1,
      "resourceUsageMetrics" : {
        "cumulativeCpuUsage" : 33450,
        "virtualMemoryUsage" : 942145536,
        "physicalMemoryUsage" : 638013440,
        "heapUsage" : 652214272
      }
    } ],
    "finishTime" : 1404974725631,
    "preferredLocations" : [ {
      "layers" : [ "default-rack", "Slave23" ]
    }, {
      "layers" : [ "default-rack", "Slave21" ]
    }, {
      "layers" : [ "default-rack", "Slave22" ]
    } ],
    "taskType" : "MAP",
    "taskStatus" : "SUCCESS",
    "taskID" : "task_201407031554_1746_m_000013",
    "inputBytes" : 256634749,
    "inputRecords" : 6105,
    "outputBytes" : 47145437,
    "outputRecords" : 23583894
  }, {
    "startTime" : 1404974693092,
    "attempts" : [ {
      "result" : "SUCCESS",
      "location" : {
        "layers" : [ "default-rack", "Slave22" ]
      },
      "hostName" : "/default-rack/Slave22",
      "startTime" : 1404974679439,
      "finishTime" : 1404974711553,
      "attemptID" : "attempt_201407031554_1746_m_000012_0",
      "shuffleFinished" : -1,
      "sortFinished" : -1,
      "hdfsBytesRead" : 256634810,
      "hdfsBytesWritten" : -1,
      "fileBytesRead" : 36862276,
      "fileBytesWritten" : 52780941,
      "mapInputRecords" : 6227,
      "mapOutputBytes" : 353884521,
      "mapOutputRecords" : 23479238,
      "combineInputRecords" : 24167766,
      "reduceInputGroups" : -1,
      "reduceInputRecords" : -1,
      "reduceShuffleBytes" : -1,
      "reduceOutputRecords" : -1,
      "spilledRecords" : 1722370,
      "mapInputBytes" : -1,
      "resourceUsageMetrics" : {
        "cumulativeCpuUsage" : 33250,
        "virtualMemoryUsage" : 941146112,
        "physicalMemoryUsage" : 647241728,
        "heapUsage" : 593231872
      }
    } ],
    "finishTime" : 1404974725351,
    "preferredLocations" : [ {
      "layers" : [ "default-rack", "Master2" ]
    }, {
      "layers" : [ "default-rack", "Slave22" ]
    }, {
      "layers" : [ "default-rack", "Slave21" ]
    } ],
    "taskType" : "MAP",
    "taskStatus" : "SUCCESS",
    "taskID" : "task_201407031554_1746_m_000012",
    "inputBytes" : 256634810,
    "inputRecords" : 6227,
    "outputBytes" : 52780941,
    "outputRecords" : 23479238
  }, {
    "startTime" : 1404974693106,
    "attempts" : [ {
      "result" : "SUCCESS",
      "location" : {
        "layers" : [ "default-rack", "Master2" ]
      },
      "hostName" : "/default-rack/Master2",
      "startTime" : 1404974693106,
      "finishTime" : 1404974724813,
      "attemptID" : "attempt_201407031554_1746_m_000014_0",
      "shuffleFinished" : -1,
      "sortFinished" : -1,
      "hdfsBytesRead" : 256634712,
      "hdfsBytesWritten" : -1,
      "fileBytesRead" : 36342810,
      "fileBytesWritten" : 51993837,
      "mapInputRecords" : 6212,
      "mapOutputBytes" : 353554088,
      "mapOutputRecords" : 23477343,
      "combineInputRecords" : 24166838,
      "reduceInputGroups" : -1,
      "reduceInputRecords" : -1,
      "reduceShuffleBytes" : -1,
      "reduceOutputRecords" : -1,
      "spilledRecords" : 1725207,
      "mapInputBytes" : -1,
      "resourceUsageMetrics" : {
        "cumulativeCpuUsage" : 33430,
        "virtualMemoryUsage" : 942505984,
        "physicalMemoryUsage" : 605814784,
        "heapUsage" : 547094528
      }
    } ],
    "finishTime" : 1404974725029,
    "preferredLocations" : [ {
      "layers" : [ "default-rack", "Master2" ]
    }, {
      "layers" : [ "default-rack", "Slave21" ]
    }, {
      "layers" : [ "default-rack", "Slave23" ]
    } ],
    "taskType" : "MAP",
    "taskStatus" : "SUCCESS",
    "taskID" : "task_201407031554_1746_m_000014",
    "inputBytes" : 256634712,
    "inputRecords" : 6212,
    "outputBytes" : 51993837,
    "outputRecords" : 23477343
  }, {
    "startTime" : 1404974694297,
    "attempts" : [ {
      "result" : "SUCCESS",
      "location" : {
        "layers" : [ "default-rack", "Slave22" ]
      },
      "hostName" : "/default-rack/Slave22",
      "startTime" : 1404974680644,
      "finishTime" : 1404974712439,
      "attemptID" : "attempt_201407031554_1746_m_000015_0",
      "shuffleFinished" : -1,
      "sortFinished" : -1,
      "hdfsBytesRead" : 256634603,
      "hdfsBytesWritten" : -1,
      "fileBytesRead" : 37234290,
      "fileBytesWritten" : 53350780,
      "mapInputRecords" : 6177,
      "mapOutputBytes" : 354096679,
      "mapOutputRecords" : 23479525,
      "combineInputRecords" : 24168084,
      "reduceInputGroups" : -1,
      "reduceInputRecords" : -1,
      "reduceShuffleBytes" : -1,
      "reduceOutputRecords" : -1,
      "spilledRecords" : 1722870,
      "mapInputBytes" : -1,
      "resourceUsageMetrics" : {
        "cumulativeCpuUsage" : 32250,
        "virtualMemoryUsage" : 941449216,
        "physicalMemoryUsage" : 658776064,
        "heapUsage" : 673185792
      }
    } ],
    "finishTime" : 1404974726257,
    "preferredLocations" : [ {
      "layers" : [ "default-rack", "Master2" ]
    }, {
      "layers" : [ "default-rack", "Slave22" ]
    }, {
      "layers" : [ "default-rack", "Slave21" ]
    } ],
    "taskType" : "MAP",
    "taskStatus" : "SUCCESS",
    "taskID" : "task_201407031554_1746_m_000015",
    "inputBytes" : 256634603,
    "inputRecords" : 6177,
    "outputBytes" : 53350780,
    "outputRecords" : 23479525
  }, {
    "startTime" : 1404974724430,
    "attempts" : [ {
      "result" : "SUCCESS",
      "location" : {
        "layers" : [ "default-rack", "Slave21" ]
      },
      "hostName" : "/default-rack/Slave21",
      "startTime" : 1404974716074,
      "finishTime" : 1404974747910,
      "attemptID" : "attempt_201407031554_1746_m_000016_0",
      "shuffleFinished" : -1,
      "sortFinished" : -1,
      "hdfsBytesRead" : 256634574,
      "hdfsBytesWritten" : -1,
      "fileBytesRead" : 36719251,
      "fileBytesWritten" : 52573335,
      "mapInputRecords" : 6223,
      "mapOutputBytes" : 353765494,
      "mapOutputRecords" : 23477094,
      "combineInputRecords" : 24166446,
      "reduceInputGroups" : -1,
      "reduceInputRecords" : -1,
      "reduceShuffleBytes" : -1,
      "reduceOutputRecords" : -1,
      "spilledRecords" : 1725616,
      "mapInputBytes" : -1,
      "resourceUsageMetrics" : {
        "cumulativeCpuUsage" : 33040,
        "virtualMemoryUsage" : 945143808,
        "physicalMemoryUsage" : 615084032,
        "heapUsage" : 546570240
      }
    } ],
    "finishTime" : 1404974756368,
    "preferredLocations" : [ {
      "layers" : [ "default-rack", "Master2" ]
    }, {
      "layers" : [ "default-rack", "Slave22" ]
    }, {
      "layers" : [ "default-rack", "Slave21" ]
    } ],
    "taskType" : "MAP",
    "taskStatus" : "SUCCESS",
    "taskID" : "task_201407031554_1746_m_000016",
    "inputBytes" : 256634574,
    "inputRecords" : 6223,
    "outputBytes" : 52573335,
    "outputRecords" : 23477094
  }, {
    "startTime" : 1404974724430,
    "attempts" : [ {
      "result" : "SUCCESS",
      "location" : {
        "layers" : [ "default-rack", "Slave21" ]
      },
      "hostName" : "/default-rack/Slave21",
      "startTime" : 1404974716074,
      "finishTime" : 1404974747829,
      "attemptID" : "attempt_201407031554_1746_m_000017_0",
      "shuffleFinished" : -1,
      "sortFinished" : -1,
      "hdfsBytesRead" : 256634558,
      "hdfsBytesWritten" : -1,
      "fileBytesRead" : 37069276,
      "fileBytesWritten" : 53106333,
      "mapInputRecords" : 6163,
      "mapOutputBytes" : 353986406,
      "mapOutputRecords" : 23478826,
      "combineInputRecords" : 24167793,
      "reduceInputGroups" : -1,
      "reduceInputRecords" : -1,
      "reduceShuffleBytes" : -1,
      "reduceOutputRecords" : -1,
      "spilledRecords" : 1723878,
      "mapInputBytes" : -1,
      "resourceUsageMetrics" : {
        "cumulativeCpuUsage" : 32640,
        "virtualMemoryUsage" : 944648192,
        "physicalMemoryUsage" : 629100544,
        "heapUsage" : 559153152
      }
    } ],
    "finishTime" : 1404974756368,
    "preferredLocations" : [ {
      "layers" : [ "default-rack", "Master2" ]
    }, {
      "layers" : [ "default-rack", "Slave22" ]
    }, {
      "layers" : [ "default-rack", "Slave21" ]
    } ],
    "taskType" : "MAP",
    "taskStatus" : "SUCCESS",
    "taskID" : "task_201407031554_1746_m_000017",
    "inputBytes" : 256634558,
    "inputRecords" : 6163,
    "outputBytes" : 53106333,
    "outputRecords" : 23478826
  }, {
    "startTime" : 1404974724727,
    "attempts" : [ {
      "result" : "SUCCESS",
      "location" : {
        "layers" : [ "default-rack", "Master2" ]
      },
      "hostName" : "/default-rack/Master2",
      "startTime" : 1404974724728,
      "finishTime" : 1404974756842,
      "attemptID" : "attempt_201407031554_1746_m_000018_0",
      "shuffleFinished" : -1,
      "sortFinished" : -1,
      "hdfsBytesRead" : 256634486,
      "hdfsBytesWritten" : -1,
      "fileBytesRead" : 38187650,
      "fileBytesWritten" : 54801448,
      "mapInputRecords" : 6198,
      "mapOutputBytes" : 354638828,
      "mapOutputRecords" : 23482323,
      "combineInputRecords" : 24171627,
      "reduceInputGroups" : -1,
      "reduceInputRecords" : -1,
      "reduceShuffleBytes" : -1,
      "reduceOutputRecords" : -1,
      "spilledRecords" : 1724063,
      "mapInputBytes" : -1,
      "resourceUsageMetrics" : {
        "cumulativeCpuUsage" : 33070,
        "virtualMemoryUsage" : 944873472,
        "physicalMemoryUsage" : 518291456,
        "heapUsage" : 531365888
      }
    } ],
    "finishTime" : 1404974757099,
    "preferredLocations" : [ {
      "layers" : [ "default-rack", "Master2" ]
    }, {
      "layers" : [ "default-rack", "Slave22" ]
    }, {
      "layers" : [ "default-rack", "Slave23" ]
    } ],
    "taskType" : "MAP",
    "taskStatus" : "SUCCESS",
    "taskID" : "task_201407031554_1746_m_000018",
    "inputBytes" : 256634486,
    "inputRecords" : 6198,
    "outputBytes" : 54801448,
    "outputRecords" : 23482323
  }, {
    "startTime" : 1404974724728,
    "attempts" : [ {
      "result" : "SUCCESS",
      "location" : {
        "layers" : [ "default-rack", "Slave23" ]
      },
      "hostName" : "/default-rack/Slave23",
      "startTime" : 1404974727579,
      "finishTime" : 1404974759966,
      "attemptID" : "attempt_201407031554_1746_m_000019_0",
      "shuffleFinished" : -1,
      "sortFinished" : -1,
      "hdfsBytesRead" : 256634040,
      "hdfsBytesWritten" : -1,
      "fileBytesRead" : 37451047,
      "fileBytesWritten" : 53688318,
      "mapInputRecords" : 6278,
      "mapOutputBytes" : 354195442,
      "mapOutputRecords" : 23478486,
      "combineInputRecords" : 24167437,
      "reduceInputGroups" : -1,
      "reduceInputRecords" : -1,
      "reduceShuffleBytes" : -1,
      "reduceOutputRecords" : -1,
      "spilledRecords" : 1724513,
      "mapInputBytes" : -1,
      "resourceUsageMetrics" : {
        "cumulativeCpuUsage" : 33310,
        "virtualMemoryUsage" : 944930816,
        "physicalMemoryUsage" : 706154496,
        "heapUsage" : 647233536
      }
    } ],
    "finishTime" : 1404974757236,
    "preferredLocations" : [ {
      "layers" : [ "default-rack", "Slave22" ]
    }, {
      "layers" : [ "default-rack", "Slave21" ]
    }, {
      "layers" : [ "default-rack", "Slave23" ]
    } ],
    "taskType" : "MAP",
    "taskStatus" : "SUCCESS",
    "taskID" : "task_201407031554_1746_m_000019",
    "inputBytes" : 256634040,
    "inputRecords" : 6278,
    "outputBytes" : 53688318,
    "outputRecords" : 23478486
  }, {
    "startTime" : 1404974725029,
    "attempts" : [ {
      "result" : "SUCCESS",
      "location" : {
        "layers" : [ "default-rack", "Master2" ]
      },
      "hostName" : "/default-rack/Master2",
      "startTime" : 1404974725030,
      "finishTime" : 1404974756798,
      "attemptID" : "attempt_201407031554_1746_m_000020_0",
      "shuffleFinished" : -1,
      "sortFinished" : -1,
      "hdfsBytesRead" : 256633961,
      "hdfsBytesWritten" : -1,
      "fileBytesRead" : 37834241,
      "fileBytesWritten" : 54289732,
      "mapInputRecords" : 6080,
      "mapOutputBytes" : 354408397,
      "mapOutputRecords" : 23478666,
      "combineInputRecords" : 24168262,
      "reduceInputGroups" : -1,
      "reduceInputRecords" : -1,
      "reduceShuffleBytes" : -1,
      "reduceOutputRecords" : -1,
      "spilledRecords" : 1726218,
      "mapInputBytes" : -1,
      "resourceUsageMetrics" : {
        "cumulativeCpuUsage" : 33100,
        "virtualMemoryUsage" : 942505984,
        "physicalMemoryUsage" : 707670016,
        "heapUsage" : 651165696
      }
    } ],
    "finishTime" : 1404974757099,
    "preferredLocations" : [ {
      "layers" : [ "default-rack", "Master2" ]
    }, {
      "layers" : [ "default-rack", "Slave21" ]
    }, {
      "layers" : [ "default-rack", "Slave22" ]
    } ],
    "taskType" : "MAP",
    "taskStatus" : "SUCCESS",
    "taskID" : "task_201407031554_1746_m_000020",
    "inputBytes" : 256633961,
    "inputRecords" : 6080,
    "outputBytes" : 54289732,
    "outputRecords" : 23478666
  }, {
    "startTime" : 1404974725352,
    "attempts" : [ {
      "result" : "SUCCESS",
      "location" : {
        "layers" : [ "default-rack", "Slave22" ]
      },
      "hostName" : "/default-rack/Slave22",
      "startTime" : 1404974711699,
      "finishTime" : 1404974743559,
      "attemptID" : "attempt_201407031554_1746_m_000021_0",
      "shuffleFinished" : -1,
      "sortFinished" : -1,
      "hdfsBytesRead" : 256633956,
      "hdfsBytesWritten" : -1,
      "fileBytesRead" : 37806260,
      "fileBytesWritten" : 54234994,
      "mapInputRecords" : 6236,
      "mapOutputBytes" : 354405518,
      "mapOutputRecords" : 23477326,
      "combineInputRecords" : 24166493,
      "reduceInputGroups" : -1,
      "reduceInputRecords" : -1,
      "reduceShuffleBytes" : -1,
      "reduceOutputRecords" : -1,
      "spilledRecords" : 1724261,
      "mapInputBytes" : -1,
      "resourceUsageMetrics" : {
        "cumulativeCpuUsage" : 32560,
        "virtualMemoryUsage" : 941146112,
        "physicalMemoryUsage" : 721903616,
        "heapUsage" : 662700032
      }
    } ],
    "finishTime" : 1404974757259,
    "preferredLocations" : [ {
      "layers" : [ "default-rack", "Slave21" ]
    }, {
      "layers" : [ "default-rack", "Slave23" ]
    }, {
      "layers" : [ "default-rack", "Slave22" ]
    } ],
    "taskType" : "MAP",
    "taskStatus" : "SUCCESS",
    "taskID" : "task_201407031554_1746_m_000021",
    "inputBytes" : 256633956,
    "inputRecords" : 6236,
    "outputBytes" : 54234994,
    "outputRecords" : 23477326
  }, {
    "startTime" : 1404974725632,
    "attempts" : [ {
      "result" : "SUCCESS",
      "location" : {
        "layers" : [ "default-rack", "Slave23" ]
      },
      "hostName" : "/default-rack/Slave23",
      "startTime" : 1404974728483,
      "finishTime" : 1404974760821,
      "attemptID" : "attempt_201407031554_1746_m_000022_0",
      "shuffleFinished" : -1,
      "sortFinished" : -1,
      "hdfsBytesRead" : 256633760,
      "hdfsBytesWritten" : -1,
      "fileBytesRead" : 30217389,
      "fileBytesWritten" : 42583005,
      "mapInputRecords" : 6169,
      "mapOutputBytes" : 354623914,
      "mapOutputRecords" : 23585376,
      "combineInputRecords" : 24274759,
      "reduceInputGroups" : -1,
      "reduceInputRecords" : -1,
      "reduceShuffleBytes" : -1,
      "reduceOutputRecords" : -1,
      "spilledRecords" : 1725109,
      "mapInputBytes" : -1,
      "resourceUsageMetrics" : {
        "cumulativeCpuUsage" : 33230,
        "virtualMemoryUsage" : 942145536,
        "physicalMemoryUsage" : 515579904,
        "heapUsage" : 532152320
      }
    } ],
    "finishTime" : 1404974758142,
    "preferredLocations" : [ {
      "layers" : [ "default-rack", "Master2" ]
    }, {
      "layers" : [ "default-rack", "Slave23" ]
    }, {
      "layers" : [ "default-rack", "Slave21" ]
    } ],
    "taskType" : "MAP",
    "taskStatus" : "SUCCESS",
    "taskID" : "task_201407031554_1746_m_000022",
    "inputBytes" : 256633760,
    "inputRecords" : 6169,
    "outputBytes" : 42583005,
    "outputRecords" : 23585376
  }, {
    "startTime" : 1404974726257,
    "attempts" : [ {
      "result" : "SUCCESS",
      "location" : {
        "layers" : [ "default-rack", "Slave22" ]
      },
      "hostName" : "/default-rack/Slave22",
      "startTime" : 1404974712604,
      "finishTime" : 1404974744019,
      "attemptID" : "attempt_201407031554_1746_m_000023_0",
      "shuffleFinished" : -1,
      "sortFinished" : -1,
      "hdfsBytesRead" : 256633638,
      "hdfsBytesWritten" : -1,
      "fileBytesRead" : 33387105,
      "fileBytesWritten" : 47437962,
      "mapInputRecords" : 6228,
      "mapOutputBytes" : 354831800,
      "mapOutputRecords" : 23584291,
      "combineInputRecords" : 24273746,
      "reduceInputGroups" : -1,
      "reduceInputRecords" : -1,
      "reduceShuffleBytes" : -1,
      "reduceOutputRecords" : -1,
      "spilledRecords" : 1725875,
      "mapInputBytes" : -1,
      "resourceUsageMetrics" : {
        "cumulativeCpuUsage" : 32490,
        "virtualMemoryUsage" : 941449216,
        "physicalMemoryUsage" : 516448256,
        "heapUsage" : 530579456
      }
    } ],
    "finishTime" : 1404974757862,
    "preferredLocations" : [ {
      "layers" : [ "default-rack", "Slave23" ]
    }, {
      "layers" : [ "default-rack", "Slave22" ]
    }, {
      "layers" : [ "default-rack", "Slave21" ]
    } ],
    "taskType" : "MAP",
    "taskStatus" : "SUCCESS",
    "taskID" : "task_201407031554_1746_m_000023",
    "inputBytes" : 256633638,
    "inputRecords" : 6228,
    "outputBytes" : 47437962,
    "outputRecords" : 23584291
  }, {
    "startTime" : 1404974756368,
    "attempts" : [ {
      "result" : "SUCCESS",
      "location" : {
        "layers" : [ "default-rack", "Slave21" ]
      },
      "hostName" : "/default-rack/Slave21",
      "startTime" : 1404974748008,
      "finishTime" : 1404974780191,
      "attemptID" : "attempt_201407031554_1746_m_000025_0",
      "shuffleFinished" : -1,
      "sortFinished" : -1,
      "hdfsBytesRead" : 256633033,
      "hdfsBytesWritten" : -1,
      "fileBytesRead" : 37801278,
      "fileBytesWritten" : 54216675,
      "mapInputRecords" : 6107,
      "mapOutputBytes" : 354406467,
      "mapOutputRecords" : 23477851,
      "combineInputRecords" : 24166555,
      "reduceInputGroups" : -1,
      "reduceInputRecords" : -1,
      "reduceShuffleBytes" : -1,
      "reduceOutputRecords" : -1,
      "spilledRecords" : 1723020,
      "mapInputBytes" : -1,
      "resourceUsageMetrics" : {
        "cumulativeCpuUsage" : 33020,
        "virtualMemoryUsage" : 945143808,
        "physicalMemoryUsage" : 737206272,
        "heapUsage" : 731119616
      }
    } ],
    "finishTime" : 1404974788721,
    "preferredLocations" : [ {
      "layers" : [ "default-rack", "Master2" ]
    }, {
      "layers" : [ "default-rack", "Slave21" ]
    }, {
      "layers" : [ "default-rack", "Slave23" ]
    } ],
    "taskType" : "MAP",
    "taskStatus" : "SUCCESS",
    "taskID" : "task_201407031554_1746_m_000025",
    "inputBytes" : 256633033,
    "inputRecords" : 6107,
    "outputBytes" : 54216675,
    "outputRecords" : 23477851
  }, {
    "startTime" : 1404974756369,
    "attempts" : [ {
      "result" : "SUCCESS",
      "location" : {
        "layers" : [ "default-rack", "Slave21" ]
      },
      "hostName" : "/default-rack/Slave21",
      "startTime" : 1404974748008,
      "finishTime" : 1404974780225,
      "attemptID" : "attempt_201407031554_1746_m_000026_0",
      "shuffleFinished" : -1,
      "sortFinished" : -1,
      "hdfsBytesRead" : 256632990,
      "hdfsBytesWritten" : -1,
      "fileBytesRead" : 38178297,
      "fileBytesWritten" : 54807520,
      "mapInputRecords" : 6181,
      "mapOutputBytes" : 354623426,
      "mapOutputRecords" : 23478731,
      "combineInputRecords" : 24167470,
      "reduceInputGroups" : -1,
      "reduceInputRecords" : -1,
      "reduceShuffleBytes" : -1,
      "reduceOutputRecords" : -1,
      "spilledRecords" : 1723323,
      "mapInputBytes" : -1,
      "resourceUsageMetrics" : {
        "cumulativeCpuUsage" : 33190,
        "virtualMemoryUsage" : 944648192,
        "physicalMemoryUsage" : 738734080,
        "heapUsage" : 732168192
      }
    } ],
    "finishTime" : 1404974788721,
    "preferredLocations" : [ {
      "layers" : [ "default-rack", "Master2" ]
    }, {
      "layers" : [ "default-rack", "Slave23" ]
    }, {
      "layers" : [ "default-rack", "Slave21" ]
    } ],
    "taskType" : "MAP",
    "taskStatus" : "SUCCESS",
    "taskID" : "task_201407031554_1746_m_000026",
    "inputBytes" : 256632990,
    "inputRecords" : 6181,
    "outputBytes" : 54807520,
    "outputRecords" : 23478731
  }, {
    "startTime" : 1404974757100,
    "attempts" : [ {
      "result" : "SUCCESS",
      "location" : {
        "layers" : [ "default-rack", "Master2" ]
      },
      "hostName" : "/default-rack/Master2",
      "startTime" : 1404974757103,
      "finishTime" : 1404974788692,
      "attemptID" : "attempt_201407031554_1746_m_000024_0",
      "shuffleFinished" : -1,
      "sortFinished" : -1,
      "hdfsBytesRead" : 256633575,
      "hdfsBytesWritten" : -1,
      "fileBytesRead" : 37098302,
      "fileBytesWritten" : 53109477,
      "mapInputRecords" : 6180,
      "mapOutputBytes" : 353982443,
      "mapOutputRecords" : 23478229,
      "combineInputRecords" : 24167789,
      "reduceInputGroups" : -1,
      "reduceInputRecords" : -1,
      "reduceShuffleBytes" : -1,
      "reduceOutputRecords" : -1,
      "spilledRecords" : 1725073,
      "mapInputBytes" : -1,
      "resourceUsageMetrics" : {
        "cumulativeCpuUsage" : 33410,
        "virtualMemoryUsage" : 944873472,
        "physicalMemoryUsage" : 683753472,
        "heapUsage" : 621543424
      }
    } ],
    "finishTime" : 1404974788707,
    "preferredLocations" : [ {
      "layers" : [ "default-rack", "Master2" ]
    }, {
      "layers" : [ "default-rack", "Slave22" ]
    }, {
      "layers" : [ "default-rack", "Slave23" ]
    } ],
    "taskType" : "MAP",
    "taskStatus" : "SUCCESS",
    "taskID" : "task_201407031554_1746_m_000024",
    "inputBytes" : 256633575,
    "inputRecords" : 6180,
    "outputBytes" : 53109477,
    "outputRecords" : 23478229
  }, {
    "startTime" : 1404974757101,
    "attempts" : [ {
      "result" : "SUCCESS",
      "location" : {
        "layers" : [ "default-rack", "Master2" ]
      },
      "hostName" : "/default-rack/Master2",
      "startTime" : 1404974757104,
      "finishTime" : 1404974789632,
      "attemptID" : "attempt_201407031554_1746_m_000027_0",
      "shuffleFinished" : -1,
      "sortFinished" : -1,
      "hdfsBytesRead" : 256632932,
      "hdfsBytesWritten" : -1,
      "fileBytesRead" : 38186548,
      "fileBytesWritten" : 54803197,
      "mapInputRecords" : 6152,
      "mapOutputBytes" : 354623496,
      "mapOutputRecords" : 23479094,
      "combineInputRecords" : 24167774,
      "reduceInputGroups" : -1,
      "reduceInputRecords" : -1,
      "reduceShuffleBytes" : -1,
      "reduceOutputRecords" : -1,
      "spilledRecords" : 1723283,
      "mapInputBytes" : -1,
      "resourceUsageMetrics" : {
        "cumulativeCpuUsage" : 33790,
        "virtualMemoryUsage" : 942505984,
        "physicalMemoryUsage" : 735342592,
        "heapUsage" : 710410240
      }
    } ],
    "finishTime" : 1404974789910,
    "preferredLocations" : [ {
      "layers" : [ "default-rack", "Master2" ]
    }, {
      "layers" : [ "default-rack", "Slave21" ]
    }, {
      "layers" : [ "default-rack", "Slave22" ]
    } ],
    "taskType" : "MAP",
    "taskStatus" : "SUCCESS",
    "taskID" : "task_201407031554_1746_m_000027",
    "inputBytes" : 256632932,
    "inputRecords" : 6152,
    "outputBytes" : 54803197,
    "outputRecords" : 23479094
  }, {
    "startTime" : 1404974757237,
    "attempts" : [ {
      "result" : "SUCCESS",
      "location" : {
        "layers" : [ "default-rack", "Slave23" ]
      },
      "hostName" : "/default-rack/Slave23",
      "startTime" : 1404974760089,
      "finishTime" : 1404974792758,
      "attemptID" : "attempt_201407031554_1746_m_000028_0",
      "shuffleFinished" : -1,
      "sortFinished" : -1,
      "hdfsBytesRead" : 256632898,
      "hdfsBytesWritten" : -1,
      "fileBytesRead" : 37407303,
      "fileBytesWritten" : 53634373,
      "mapInputRecords" : 6238,
      "mapOutputBytes" : 354191172,
      "mapOutputRecords" : 23477455,
      "combineInputRecords" : 24166006,
      "reduceInputGroups" : -1,
      "reduceInputRecords" : -1,
      "reduceShuffleBytes" : -1,
      "reduceOutputRecords" : -1,
      "spilledRecords" : 1723019,
      "mapInputBytes" : -1,
      "resourceUsageMetrics" : {
        "cumulativeCpuUsage" : 33730,
        "virtualMemoryUsage" : 944930816,
        "physicalMemoryUsage" : 730165248,
        "heapUsage" : 701235200
      }
    } ],
    "finishTime" : 1404974790162,
    "preferredLocations" : [ {
      "layers" : [ "default-rack", "Master2" ]
    }, {
      "layers" : [ "default-rack", "Slave23" ]
    }, {
      "layers" : [ "default-rack", "Slave21" ]
    } ],
    "taskType" : "MAP",
    "taskStatus" : "SUCCESS",
    "taskID" : "task_201407031554_1746_m_000028",
    "inputBytes" : 256632898,
    "inputRecords" : 6238,
    "outputBytes" : 53634373,
    "outputRecords" : 23477455
  }, {
    "startTime" : 1404974757260,
    "attempts" : [ {
      "result" : "SUCCESS",
      "location" : {
        "layers" : [ "default-rack", "Slave22" ]
      },
      "hostName" : "/default-rack/Slave22",
      "startTime" : 1404974743606,
      "finishTime" : 1404974774986,
      "attemptID" : "attempt_201407031554_1746_m_000029_0",
      "shuffleFinished" : -1,
      "sortFinished" : -1,
      "hdfsBytesRead" : 256632830,
      "hdfsBytesWritten" : -1,
      "fileBytesRead" : 38191887,
      "fileBytesWritten" : 54812923,
      "mapInputRecords" : 6175,
      "mapOutputBytes" : 354616756,
      "mapOutputRecords" : 23477741,
      "combineInputRecords" : 24166852,
      "reduceInputGroups" : -1,
      "reduceInputRecords" : -1,
      "reduceShuffleBytes" : -1,
      "reduceOutputRecords" : -1,
      "spilledRecords" : 1724646,
      "mapInputBytes" : -1,
      "resourceUsageMetrics" : {
        "cumulativeCpuUsage" : 32400,
        "virtualMemoryUsage" : 941146112,
        "physicalMemoryUsage" : 732250112,
        "heapUsage" : 703070208
      }
    } ],
    "finishTime" : 1404974788906,
    "preferredLocations" : [ {
      "layers" : [ "default-rack", "Slave21" ]
    }, {
      "layers" : [ "default-rack", "Slave23" ]
    }, {
      "layers" : [ "default-rack", "Slave22" ]
    } ],
    "taskType" : "MAP",
    "taskStatus" : "SUCCESS",
    "taskID" : "task_201407031554_1746_m_000029",
    "inputBytes" : 256632830,
    "inputRecords" : 6175,
    "outputBytes" : 54812923,
    "outputRecords" : 23477741
  }, {
    "startTime" : 1404974757863,
    "attempts" : [ {
      "result" : "SUCCESS",
      "location" : {
        "layers" : [ "default-rack", "Slave22" ]
      },
      "hostName" : "/default-rack/Slave22",
      "startTime" : 1404974744209,
      "finishTime" : 1404974775314,
      "attemptID" : "attempt_201407031554_1746_m_000031_0",
      "shuffleFinished" : -1,
      "sortFinished" : -1,
      "hdfsBytesRead" : 256632157,
      "hdfsBytesWritten" : -1,
      "fileBytesRead" : 31876630,
      "fileBytesWritten" : 45130513,
      "mapInputRecords" : 112634,
      "mapOutputBytes" : 354419735,
      "mapOutputRecords" : 23588240,
      "combineInputRecords" : 24277406,
      "reduceInputGroups" : -1,
      "reduceInputRecords" : -1,
      "reduceShuffleBytes" : -1,
      "reduceOutputRecords" : -1,
      "spilledRecords" : 1724477,
      "mapInputBytes" : -1,
      "resourceUsageMetrics" : {
        "cumulativeCpuUsage" : 31940,
        "virtualMemoryUsage" : 941449216,
        "physicalMemoryUsage" : 726798336,
        "heapUsage" : 728236032
      }
    } ],
    "finishTime" : 1404974789211,
    "preferredLocations" : [ {
      "layers" : [ "default-rack", "Master2" ]
    }, {
      "layers" : [ "default-rack", "Slave22" ]
    }, {
      "layers" : [ "default-rack", "Slave23" ]
    } ],
    "taskType" : "MAP",
    "taskStatus" : "SUCCESS",
    "taskID" : "task_201407031554_1746_m_000031",
    "inputBytes" : 256632157,
    "inputRecords" : 112634,
    "outputBytes" : 45130513,
    "outputRecords" : 23588240
  }, {
    "startTime" : 1404974758142,
    "attempts" : [ {
      "result" : "SUCCESS",
      "location" : {
        "layers" : [ "default-rack", "Slave23" ]
      },
      "hostName" : "/default-rack/Slave23",
      "startTime" : 1404974760993,
      "finishTime" : 1404974793611,
      "attemptID" : "attempt_201407031554_1746_m_000030_0",
      "shuffleFinished" : -1,
      "sortFinished" : -1,
      "hdfsBytesRead" : 256632446,
      "hdfsBytesWritten" : -1,
      "fileBytesRead" : 36308344,
      "fileBytesWritten" : 51936154,
      "mapInputRecords" : 6182,
      "mapOutputBytes" : 353562474,
      "mapOutputRecords" : 23479833,
      "combineInputRecords" : 24168246,
      "reduceInputGroups" : -1,
      "reduceInputRecords" : -1,
      "reduceShuffleBytes" : -1,
      "reduceOutputRecords" : -1,
      "spilledRecords" : 1722704,
      "mapInputBytes" : -1,
      "resourceUsageMetrics" : {
        "cumulativeCpuUsage" : 33330,
        "virtualMemoryUsage" : 942145536,
        "physicalMemoryUsage" : 727429120,
        "heapUsage" : 729022464
      }
    } ],
    "finishTime" : 1404974790766,
    "preferredLocations" : [ {
      "layers" : [ "default-rack", "Master2" ]
    }, {
      "layers" : [ "default-rack", "Slave21" ]
    }, {
      "layers" : [ "default-rack", "Slave23" ]
    } ],
    "taskType" : "MAP",
    "taskStatus" : "SUCCESS",
    "taskID" : "task_201407031554_1746_m_000030",
    "inputBytes" : 256632446,
    "inputRecords" : 6182,
    "outputBytes" : 51936154,
    "outputRecords" : 23479833
  }, {
    "startTime" : 1404974788707,
    "attempts" : [ {
      "result" : "SUCCESS",
      "location" : {
        "layers" : [ "default-rack", "Master2" ]
      },
      "hostName" : "/default-rack/Master2",
      "startTime" : 1404974788708,
      "finishTime" : 1404974822209,
      "attemptID" : "attempt_201407031554_1746_m_000033_0",
      "shuffleFinished" : -1,
      "sortFinished" : -1,
      "hdfsBytesRead" : 256631423,
      "hdfsBytesWritten" : -1,
      "fileBytesRead" : 37229886,
      "fileBytesWritten" : 53353560,
      "mapInputRecords" : 6378,
      "mapOutputBytes" : 354093502,
      "mapOutputRecords" : 23480295,
      "combineInputRecords" : 24169103,
      "reduceInputGroups" : -1,
      "reduceInputRecords" : -1,
      "reduceShuffleBytes" : -1,
      "reduceOutputRecords" : -1,
      "spilledRecords" : 1723441,
      "mapInputBytes" : -1,
      "resourceUsageMetrics" : {
        "cumulativeCpuUsage" : 34760,
        "virtualMemoryUsage" : 944873472,
        "physicalMemoryUsage" : 729325568,
        "heapUsage" : 672399360
      }
    } ],
    "finishTime" : 1404974822396,
    "preferredLocations" : [ {
      "layers" : [ "default-rack", "Master2" ]
    }, {
      "layers" : [ "default-rack", "Slave23" ]
    }, {
      "layers" : [ "default-rack", "Slave22" ]
    } ],
    "taskType" : "MAP",
    "taskStatus" : "SUCCESS",
    "taskID" : "task_201407031554_1746_m_000033",
    "inputBytes" : 256631423,
    "inputRecords" : 6378,
    "outputBytes" : 53353560,
    "outputRecords" : 23480295
  }, {
    "startTime" : 1404974788721,
    "attempts" : [ {
      "result" : "SUCCESS",
      "location" : {
        "layers" : [ "default-rack", "Slave21" ]
      },
      "hostName" : "/default-rack/Slave21",
      "startTime" : 1404974780360,
      "finishTime" : 1404974812431,
      "attemptID" : "attempt_201407031554_1746_m_000032_0",
      "shuffleFinished" : -1,
      "sortFinished" : -1,
      "hdfsBytesRead" : 256631747,
      "hdfsBytesWritten" : -1,
      "fileBytesRead" : 37792026,
      "fileBytesWritten" : 54216474,
      "mapInputRecords" : 6217,
      "mapOutputBytes" : 354400199,
      "mapOutputRecords" : 23476987,
      "combineInputRecords" : 24165845,
      "reduceInputGroups" : -1,
      "reduceInputRecords" : -1,
      "reduceShuffleBytes" : -1,
      "reduceOutputRecords" : -1,
      "spilledRecords" : 1723765,
      "mapInputBytes" : -1,
      "resourceUsageMetrics" : {
        "cumulativeCpuUsage" : 32710,
        "virtualMemoryUsage" : 945143808,
        "physicalMemoryUsage" : 652062720,
        "heapUsage" : 580124672
      }
    } ],
    "finishTime" : 1404974820967,
    "preferredLocations" : [ {
      "layers" : [ "default-rack", "Slave21" ]
    }, {
      "layers" : [ "default-rack", "Slave23" ]
    }, {
      "layers" : [ "default-rack", "Slave22" ]
    } ],
    "taskType" : "MAP",
    "taskStatus" : "SUCCESS",
    "taskID" : "task_201407031554_1746_m_000032",
    "inputBytes" : 256631747,
    "inputRecords" : 6217,
    "outputBytes" : 54216474,
    "outputRecords" : 23476987
  }, {
    "startTime" : 1404974788721,
    "attempts" : [ {
      "result" : "SUCCESS",
      "location" : {
        "layers" : [ "default-rack", "Slave21" ]
      },
      "hostName" : "/default-rack/Slave21",
      "startTime" : 1404974780360,
      "finishTime" : 1404974812366,
      "attemptID" : "attempt_201407031554_1746_m_000035_0",
      "shuffleFinished" : -1,
      "sortFinished" : -1,
      "hdfsBytesRead" : 256630704,
      "hdfsBytesWritten" : -1,
      "fileBytesRead" : 37637961,
      "fileBytesWritten" : 53950485,
      "mapInputRecords" : 6081,
      "mapOutputBytes" : 354296773,
      "mapOutputRecords" : 23477934,
      "combineInputRecords" : 24166630,
      "reduceInputGroups" : -1,
      "reduceInputRecords" : -1,
      "reduceShuffleBytes" : -1,
      "reduceOutputRecords" : -1,
      "spilledRecords" : 1723228,
      "mapInputBytes" : -1,
      "resourceUsageMetrics" : {
        "cumulativeCpuUsage" : 33240,
        "virtualMemoryUsage" : 944648192,
        "physicalMemoryUsage" : 656629760,
        "heapUsage" : 585629696
      }
    } ],
    "finishTime" : 1404974820967,
    "preferredLocations" : [ {
      "layers" : [ "default-rack", "Slave23" ]
    }, {
      "layers" : [ "default-rack", "Slave21" ]
    }, {
      "layers" : [ "default-rack", "Slave22" ]
    } ],
    "taskType" : "MAP",
    "taskStatus" : "SUCCESS",
    "taskID" : "task_201407031554_1746_m_000035",
    "inputBytes" : 256630704,
    "inputRecords" : 6081,
    "outputBytes" : 53950485,
    "outputRecords" : 23477934
  }, {
    "startTime" : 1404974788907,
    "attempts" : [ {
      "result" : "SUCCESS",
      "location" : {
        "layers" : [ "default-rack", "Slave22" ]
      },
      "hostName" : "/default-rack/Slave22",
      "startTime" : 1404974775263,
      "finishTime" : 1404974806830,
      "attemptID" : "attempt_201407031554_1746_m_000034_0",
      "shuffleFinished" : -1,
      "sortFinished" : -1,
      "hdfsBytesRead" : 256630778,
      "hdfsBytesWritten" : -1,
      "fileBytesRead" : 36867507,
      "fileBytesWritten" : 52795457,
      "mapInputRecords" : 6233,
      "mapOutputBytes" : 353872324,
      "mapOutputRecords" : 23478303,
      "combineInputRecords" : 24166898,
      "reduceInputGroups" : -1,
      "reduceInputRecords" : -1,
      "reduceShuffleBytes" : -1,
      "reduceOutputRecords" : -1,
      "spilledRecords" : 1723187,
      "mapInputBytes" : -1,
      "resourceUsageMetrics" : {
        "cumulativeCpuUsage" : 32890,
        "virtualMemoryUsage" : 941146112,
        "physicalMemoryUsage" : 732205056,
        "heapUsage" : 732954624
      }
    } ],
    "finishTime" : 1404974820517,
    "preferredLocations" : [ {
      "layers" : [ "default-rack", "Master2" ]
    }, {
      "layers" : [ "default-rack", "Slave22" ]
    }, {
      "layers" : [ "default-rack", "Slave23" ]
    } ],
    "taskType" : "MAP",
    "taskStatus" : "SUCCESS",
    "taskID" : "task_201407031554_1746_m_000034",
    "inputBytes" : 256630778,
    "inputRecords" : 6233,
    "outputBytes" : 52795457,
    "outputRecords" : 23478303
  }, {
    "startTime" : 1404974789211,
    "attempts" : [ {
      "result" : "SUCCESS",
      "location" : {
        "layers" : [ "default-rack", "Slave22" ]
      },
      "hostName" : "/default-rack/Slave22",
      "startTime" : 1404974775558,
      "finishTime" : 1404974806560,
      "attemptID" : "attempt_201407031554_1746_m_000037_0",
      "shuffleFinished" : -1,
      "sortFinished" : -1,
      "hdfsBytesRead" : 256629662,
      "hdfsBytesWritten" : -1,
      "fileBytesRead" : 37608413,
      "fileBytesWritten" : 53932539,
      "mapInputRecords" : 6303,
      "mapOutputBytes" : 354296418,
      "mapOutputRecords" : 23478354,
      "combineInputRecords" : 24166950,
      "reduceInputGroups" : -1,
      "reduceInputRecords" : -1,
      "reduceShuffleBytes" : -1,
      "reduceOutputRecords" : -1,
      "spilledRecords" : 1723560,
      "mapInputBytes" : -1,
      "resourceUsageMetrics" : {
        "cumulativeCpuUsage" : 32310,
        "virtualMemoryUsage" : 941449216,
        "physicalMemoryUsage" : 627908608,
        "heapUsage" : 559677440
      }
    } ],
    "finishTime" : 1404974820518,
    "preferredLocations" : [ {
      "layers" : [ "default-rack", "Master2" ]
    }, {
      "layers" : [ "default-rack", "Slave21" ]
    }, {
      "layers" : [ "default-rack", "Slave22" ]
    } ],
    "taskType" : "MAP",
    "taskStatus" : "SUCCESS",
    "taskID" : "task_201407031554_1746_m_000037",
    "inputBytes" : 256629662,
    "inputRecords" : 6303,
    "outputBytes" : 53932539,
    "outputRecords" : 23478354
  }, {
    "startTime" : 1404974789910,
    "attempts" : [ {
      "result" : "SUCCESS",
      "location" : {
        "layers" : [ "default-rack", "Master2" ]
      },
      "hostName" : "/default-rack/Master2",
      "startTime" : 1404974789911,
      "finishTime" : 1404974822546,
      "attemptID" : "attempt_201407031554_1746_m_000036_0",
      "shuffleFinished" : -1,
      "sortFinished" : -1,
      "hdfsBytesRead" : 256630522,
      "hdfsBytesWritten" : -1,
      "fileBytesRead" : 36489641,
      "fileBytesWritten" : 52218020,
      "mapInputRecords" : 6264,
      "mapOutputBytes" : 353660835,
      "mapOutputRecords" : 23478707,
      "combineInputRecords" : 24167186,
      "reduceInputGroups" : -1,
      "reduceInputRecords" : -1,
      "reduceShuffleBytes" : -1,
      "reduceOutputRecords" : -1,
      "spilledRecords" : 1723012,
      "mapInputBytes" : -1,
      "resourceUsageMetrics" : {
        "cumulativeCpuUsage" : 32950,
        "virtualMemoryUsage" : 942505984,
        "physicalMemoryUsage" : 736284672,
        "heapUsage" : 732954624
      }
    } ],
    "finishTime" : 1404974822698,
    "preferredLocations" : [ {
      "layers" : [ "default-rack", "Master2" ]
    }, {
      "layers" : [ "default-rack", "Slave23" ]
    }, {
      "layers" : [ "default-rack", "Slave21" ]
    } ],
    "taskType" : "MAP",
    "taskStatus" : "SUCCESS",
    "taskID" : "task_201407031554_1746_m_000036",
    "inputBytes" : 256630522,
    "inputRecords" : 6264,
    "outputBytes" : 52218020,
    "outputRecords" : 23478707
  }, {
    "startTime" : 1404974790163,
    "attempts" : [ {
      "result" : "SUCCESS",
      "location" : {
        "layers" : [ "default-rack", "Slave23" ]
      },
      "hostName" : "/default-rack/Slave23",
      "startTime" : 1404974793015,
      "finishTime" : 1404974824958,
      "attemptID" : "attempt_201407031554_1746_m_000039_0",
      "shuffleFinished" : -1,
      "sortFinished" : -1,
      "hdfsBytesRead" : 256628322,
      "hdfsBytesWritten" : -1,
      "fileBytesRead" : 37415254,
      "fileBytesWritten" : 53626805,
      "mapInputRecords" : 6174,
      "mapOutputBytes" : 354177774,
      "mapOutputRecords" : 23475908,
      "combineInputRecords" : 24164261,
      "reduceInputGroups" : -1,
      "reduceInputRecords" : -1,
      "reduceShuffleBytes" : -1,
      "reduceOutputRecords" : -1,
      "spilledRecords" : 1722623,
      "mapInputBytes" : -1,
      "resourceUsageMetrics" : {
        "cumulativeCpuUsage" : 33250,
        "virtualMemoryUsage" : 944930816,
        "physicalMemoryUsage" : 731668480,
        "heapUsage" : 732954624
      }
    } ],
    "finishTime" : 1404974822391,
    "preferredLocations" : [ {
      "layers" : [ "default-rack", "Master2" ]
    }, {
      "layers" : [ "default-rack", "Slave23" ]
    }, {
      "layers" : [ "default-rack", "Slave22" ]
    } ],
    "taskType" : "MAP",
    "taskStatus" : "SUCCESS",
    "taskID" : "task_201407031554_1746_m_000039",
    "inputBytes" : 256628322,
    "inputRecords" : 6174,
    "outputBytes" : 53626805,
    "outputRecords" : 23475908
  }, {
    "startTime" : 1404974790767,
    "attempts" : [ {
      "result" : "SUCCESS",
      "location" : {
        "layers" : [ "default-rack", "Slave23" ]
      },
      "hostName" : "/default-rack/Slave23",
      "startTime" : 1404974793618,
      "finishTime" : 1404974826314,
      "attemptID" : "attempt_201407031554_1746_m_000038_0",
      "shuffleFinished" : -1,
      "sortFinished" : -1,
      "hdfsBytesRead" : 256629203,
      "hdfsBytesWritten" : -1,
      "fileBytesRead" : 38864790,
      "fileBytesWritten" : 55861420,
      "mapInputRecords" : 6345,
      "mapOutputBytes" : 355051139,
      "mapOutputRecords" : 23480517,
      "combineInputRecords" : 24168218,
      "reduceInputGroups" : -1,
      "reduceInputRecords" : -1,
      "reduceShuffleBytes" : -1,
      "reduceOutputRecords" : -1,
      "spilledRecords" : 1720342,
      "mapInputBytes" : -1,
      "resourceUsageMetrics" : {
        "cumulativeCpuUsage" : 32910,
        "virtualMemoryUsage" : 942145536,
        "physicalMemoryUsage" : 635473920,
        "heapUsage" : 566755328
      }
    } ],
    "finishTime" : 1404974823596,
    "preferredLocations" : [ {
      "layers" : [ "default-rack", "Master2" ]
    }, {
      "layers" : [ "default-rack", "Slave21" ]
    }, {
      "layers" : [ "default-rack", "Slave22" ]
    } ],
    "taskType" : "MAP",
    "taskStatus" : "SUCCESS",
    "taskID" : "task_201407031554_1746_m_000038",
    "inputBytes" : 256629203,
    "inputRecords" : 6345,
    "outputBytes" : 55861420,
    "outputRecords" : 23480517
  } ],
  "finishTime" : 1404974843906,
  "reduceTasks" : [ {
    "startTime" : 1404974692518,
    "attempts" : [ {
      "result" : "SUCCESS",
      "location" : {
        "layers" : [ "default-rack", "Slave21" ]
      },
      "hostName" : "/default-rack/Slave21",
      "startTime" : 1404974684161,
      "finishTime" : 1404974834848,
      "attemptID" : "attempt_201407031554_1746_r_000000_0",
      "shuffleFinished" : 1404974819504,
      "sortFinished" : 1404974819546,
      "hdfsBytesRead" : -1,
      "hdfsBytesWritten" : 26164023,
      "fileBytesRead" : 185061731,
      "fileBytesWritten" : 185120659,
      "mapInputRecords" : -1,
      "mapOutputBytes" : -1,
      "mapOutputRecords" : -1,
      "combineInputRecords" : 8625208,
      "reduceInputGroups" : 4909991,
      "reduceInputRecords" : 6089985,
      "reduceShuffleBytes" : 316346620,
      "reduceOutputRecords" : 4909991,
      "spilledRecords" : 4858739,
      "mapInputBytes" : -1,
      "resourceUsageMetrics" : {
        "cumulativeCpuUsage" : 24330,
        "virtualMemoryUsage" : 621158400,
        "physicalMemoryUsage" : 324034560,
        "heapUsage" : 219414528
      }
    } ],
    "finishTime" : 1404974843298,
    "preferredLocations" : [ ],
    "taskType" : "REDUCE",
    "taskStatus" : "SUCCESS",
    "taskID" : "task_201407031554_1746_r_000000",
    "inputBytes" : 316346620,
    "inputRecords" : 6089985,
    "outputBytes" : 26164023,
    "outputRecords" : 4909991
  }, {
    "startTime" : 1404974692519,
    "attempts" : [ {
      "result" : "SUCCESS",
      "location" : {
        "layers" : [ "default-rack", "Slave23" ]
      },
      "hostName" : "/default-rack/Slave23",
      "startTime" : 1404974695370,
      "finishTime" : 1404974845503,
      "attemptID" : "attempt_201407031554_1746_r_000001_0",
      "shuffleFinished" : 1404974830356,
      "sortFinished" : 1404974830390,
      "hdfsBytesRead" : -1,
      "hdfsBytesWritten" : 26154981,
      "fileBytesRead" : 190088857,
      "fileBytesWritten" : 190147785,
      "mapInputRecords" : -1,
      "mapOutputBytes" : -1,
      "mapOutputRecords" : -1,
      "combineInputRecords" : 8854164,
      "reduceInputGroups" : 4906508,
      "reduceInputRecords" : 5953322,
      "reduceShuffleBytes" : 315797447,
      "reduceOutputRecords" : 4906508,
      "spilledRecords" : 4970411,
      "mapInputBytes" : -1,
      "resourceUsageMetrics" : {
        "cumulativeCpuUsage" : 24300,
        "virtualMemoryUsage" : 620408832,
        "physicalMemoryUsage" : 309501952,
        "heapUsage" : 160432128
      }
    } ],
    "finishTime" : 1404974842825,
    "preferredLocations" : [ ],
    "taskType" : "REDUCE",
    "taskStatus" : "SUCCESS",
    "taskID" : "task_201407031554_1746_r_000001",
    "inputBytes" : 315797447,
    "inputRecords" : 5953322,
    "outputBytes" : 26154981,
    "outputRecords" : 4906508
  } ],
  "submitTime" : 1404974655165,
  "queue" : "default",
  "jobProperties" : {
    "fs.s3n.impl" : "org.apache.hadoop.fs.s3native.NativeS3FileSystem",
    "mapred.task.cache.levels" : "2",
    "mapreduce.job.restart.recover" : "true",
    "mapreduce.job.counters.max" : "120",
    "dfs.client.use.datanode.hostname" : "false",
    "hadoop.tmp.dir" : "/tmp/hadoop-${user.name}",
    "hadoop.native.lib" : "true",
    "map.sort.class" : "org.apache.hadoop.util.QuickSort",
    "dfs.namenode.decommission.nodes.per.interval" : "5",
    "dfs.https.need.client.auth" : "false",
    "dfs.datanode.drop.cache.behind.writes" : "false",
    "ipc.client.idlethreshold" : "4000",
    "mapred.system.dir" : "${hadoop.tmp.dir}/mapred/system",
    "dfs.datanode.data.dir.perm" : "755",
    "mapred.job.tracker.persist.jobstatus.hours" : "0",
    "dfs.namenode.logging.level" : "info",
    "dfs.datanode.address" : "0.0.0.0:50010",
    "io.skip.checksum.errors" : "false",
    "dfs.block.access.token.enable" : "false",
    "fs.default.name" : "hdfs://Master2:9000",
    "mapred.cluster.reduce.memory.mb" : "-1",
    "mapred.reducer.new-api" : "true",
    "mapred.child.tmp" : "./tmp",
    "fs.har.impl.disable.cache" : "true",
    "dfs.safemode.threshold.pct" : "0.999f",
    "mapred.skip.reduce.max.skip.groups" : "0",
    "mapred.heartbeats.in.second" : "100",
    "dfs.namenode.handler.count" : "10",
    "dfs.blockreport.initialDelay" : "0",
    "mapred.tasktracker.dns.nameserver" : "default",
    "io.sort.factor" : "10",
    "dfs.datanode.drop.cache.behind.reads" : "false",
    "mapred.task.timeout" : "600000",
    "mapred.max.tracker.failures" : "4",
    "hadoop.rpc.socket.factory.class.default" : "org.apache.hadoop.net.StandardSocketFactory",
    "mapred.job.tracker.jobhistory.lru.cache.size" : "5",
    "fs.hdfs.impl" : "org.apache.hadoop.hdfs.DistributedFileSystem",
    "mapred.queue.default.acl-administer-jobs" : "*",
    "dfs.namenode.stale.datanode.interval" : "30000",
    "mapred.output.key.class" : "org.apache.hadoop.io.Text",
    "dfs.block.access.key.update.interval" : "600",
    "mapred.skip.map.auto.incr.proc.count" : "true",
    "mapreduce.job.complete.cancel.delegation.tokens" : "true",
    "io.mapfile.bloom.size" : "1048576",
    "mapreduce.reduce.shuffle.connect.timeout" : "180000",
    "dfs.safemode.extension" : "30000",
    "mapred.jobtracker.blacklist.fault-timeout-window" : "180",
    "dfs.namenode.write.stale.datanode.ratio" : "0.5f",
    "hadoop.skip.worker.version.check" : "false",
    "tasktracker.http.threads" : "40",
    "net.topology.impl" : "org.apache.hadoop.net.NetworkTopology",
    "mapred.job.shuffle.merge.percent" : "0.6",
    "fs.ftp.impl" : "org.apache.hadoop.fs.ftp.FTPFileSystem",
    "user.name" : "itri-hadoop",
    "dfs.namenode.kerberos.internal.spnego.principal" : "${dfs.web.authentication.kerberos.principal}",
    "mapred.output.compress" : "true",
    "io.bytes.per.checksum" : "512",
    "mapred.combine.recordsBeforeProgress" : "10000",
    "mapred.healthChecker.script.timeout" : "600000",
    "topology.node.switch.mapping.impl" : "org.apache.hadoop.net.ScriptBasedMapping",
    "dfs.https.server.keystore.resource" : "ssl-server.xml",
    "mapred.reduce.slowstart.completed.maps" : "0.04",
    "mapred.reduce.max.attempts" : "4",
    "dfs.namenode.safemode.min.datanodes" : "0",
    "mapreduce.ifile.readahead.bytes" : "4194304",
    "fs.ramfs.impl" : "org.apache.hadoop.fs.InMemoryFileSystem",
    "dfs.block.access.token.lifetime" : "600",
    "mapred.skip.map.max.skip.records" : "0",
    "dfs.name.edits.dir" : "${dfs.name.dir}",
    "mapred.cluster.map.memory.mb" : "-1",
    "hadoop.security.group.mapping" : "org.apache.hadoop.security.ShellBasedUnixGroupsMapping",
    "mapred.job.tracker.persist.jobstatus.dir" : "/jobtracker/jobsInfo",
    "mapred.jar" : "hdfs://Master2:9000/tmp/hadoop-itri-hadoop/mapred/staging/itri-hadoop/.staging/job_201407031554_1746/job.jar",
    "fs.s3.buffer.dir" : "${hadoop.tmp.dir}/s3",
    "dfs.block.size" : "67108864",
    "job.end.retry.attempts" : "0",
    "fs.file.impl" : "org.apache.hadoop.fs.LocalFileSystem",
    "dfs.namenode.avoid.write.stale.datanode" : "false",
    "dfs.datanode.max.xcievers" : "4096",
    "mapred.local.dir.minspacestart" : "0",
    "mapred.output.compression.type" : "RECORD",
    "dfs.datanode.ipc.address" : "0.0.0.0:50020",
    "dfs.permissions" : "true",
    "topology.script.number.args" : "100",
    "mapreduce.job.counters.groups.max" : "50",
    "io.mapfile.bloom.error.rate" : "0.005",
    "mapred.cluster.max.reduce.memory.mb" : "-1",
    "mapred.max.tracker.blacklists" : "4",
    "mapred.task.profile.maps" : "0-2",
    "mapred.jobtracker.jobSchedulable" : "org.apache.hadoop.mapred.JobSchedulable",
    "dfs.datanode.https.address" : "0.0.0.0:50475",
    "mapred.userlog.retain.hours" : "24",
    "dfs.secondary.http.address" : "0.0.0.0:50090",
    "dfs.namenode.replication.work.multiplier.per.iteration" : "2",
    "dfs.replication.max" : "512",
    "mapred.job.tracker.persist.jobstatus.active" : "false",
    "hadoop.security.authorization" : "false",
    "local.cache.size" : "10737418240",
    "mapred.min.split.size" : "268435456",
    "dfs.namenode.delegation.token.renew-interval" : "86400000",
    "mapred.map.tasks" : "40",
    "mapred.child.java.opts" : "-Xmx200m",
    "mapred.output.value.class" : "org.apache.hadoop.io.IntWritable",
    "dfs.https.client.keystore.resource" : "ssl-client.xml",
    "ipc.client.fallback-to-simple-auth-allowed" : "false",
    "mapred.job.queue.name" : "default",
    "mapred.job.tracker.retiredjobs.cache.size" : "1000",
    "dfs.https.address" : "0.0.0.0:50470",
    "dfs.balance.bandwidthPerSec" : "1048576",
    "ipc.server.listen.queue.size" : "128",
    "dfs.namenode.invalidate.work.pct.per.iteration" : "0.32f",
    "mapred.inmem.merge.threshold" : "1200",
    "job.end.retry.interval" : "30000",
    "mapred.skip.attempts.to.start.skipping" : "2",
    "mapreduce.tasktracker.outofband.heartbeat.damper" : "1000000",
    "hadoop.security.use-weak-http-crypto" : "false",
    "fs.checkpoint.dir" : "${hadoop.tmp.dir}/dfs/namesecondary",
    "dfs.namenode.avoid.read.stale.datanode" : "false",
    "mapred.reduce.tasks" : "2",
    "mapred.merge.recordsBeforeProgress" : "10000",
    "mapred.userlog.limit.kb" : "0",
    "mapred.job.reduce.memory.mb" : "-1",
    "webinterface.private.actions" : "false",
    "dfs.max.objects" : "0",
    "hadoop.security.token.service.use_ip" : "true",
    "io.sort.spill.percent" : "0.9",
    "mapred.job.shuffle.input.buffer.percent" : "0.6",
    "mapred.map.tasks.speculative.execution" : "true",
    "hadoop.http.authentication.type" : "simple",
    "mapred.job.name" : "word count",
    "hadoop.util.hash.type" : "murmur",
    "dfs.datanode.dns.nameserver" : "default",
    "hadoop.security.instrumentation.requires.admin" : "false",
    "dfs.blockreport.intervalMsec" : "3600000",
    "dfs.datanode.readahead.bytes" : "4193404",
    "mapred.map.max.attempts" : "4",
    "mapreduce.job.acl-view-job" : " ",
    "mapreduce.ifile.readahead" : "true",
    "mapred.jobtracker.nodegroup.aware" : "false",
    "mapred.job.tracker.handler.count" : "10",
    "dfs.client.block.write.retries" : "3",
    "mapreduce.reduce.shuffle.read.timeout" : "180000",
    "mapred.tasktracker.expiry.interval" : "600000",
    "dfs.secondary.namenode.kerberos.internal.spnego.principal" : "${dfs.web.authentication.kerberos.principal}",
    "dfs.https.enable" : "false",
    "mapred.jobtracker.job.history.block.size" : "3145728",
    "mapred.jobtracker.maxtasks.per.job" : "-1",
    "keep.failed.task.files" : "false",
    "dfs.datanode.use.datanode.hostname" : "false",
    "dfs.datanode.failed.volumes.tolerated" : "0",
    "ipc.client.tcpnodelay" : "false",
    "mapred.task.profile.reduces" : "0-2",
    "io.map.index.skip" : "0",
    "mapred.output.compression.codec" : "org.apache.hadoop.io.compress.DefaultCodec",
    "hadoop.http.authentication.token.validity" : "36000",
    "ipc.server.tcpnodelay" : "false",
    "hadoop.jetty.logs.serve.aliases" : "true",
    "mapred.working.dir" : "hdfs://Master2:9000/user/itri-hadoop",
    "mapred.jobtracker.blacklist.fault-bucket-width" : "15",
    "dfs.namenode.delegation.key.update-interval" : "86400000",
    "mapred.used.genericoptionsparser" : "true",
    "mapred.job.map.memory.mb" : "-1",
    "mapred.mapper.new-api" : "true",
    "dfs.default.chunk.view.size" : "32768",
    "hadoop.logfile.size" : "10000000",
    "mapred.reduce.tasks.speculative.execution" : "true",
    "mapreduce.tasktracker.outofband.heartbeat" : "false",
    "mapreduce.job.dir" : "hdfs://Master2:9000/tmp/hadoop-itri-hadoop/mapred/staging/itri-hadoop/.staging/job_201407031554_1746",
    "mapreduce.reduce.input.limit" : "-1",
    "dfs.datanode.du.reserved" : "0",
    "dfs.datanode.sync.behind.writes" : "false",
    "hadoop.security.authentication" : "simple",
    "fs.checkpoint.period" : "3600",
    "mapred.job.reuse.jvm.num.tasks" : "16",
    "dfs.web.ugi" : "webuser,webgroup",
    "mapred.jobtracker.completeuserjobs.maximum" : "100",
    "dfs.df.interval" : "60000",
    "mapred.task.tracker.task-controller" : "org.apache.hadoop.mapred.DefaultTaskController",
    "dfs.data.dir" : "${hadoop.tmp.dir}/dfs/data",
    "fs.s3.maxRetries" : "4",
    "dfs.datanode.dns.interface" : "default",
    "mapred.cluster.max.map.memory.mb" : "-1",
    "mapreduce.reduce.shuffle.maxfetchfailures" : "10",
    "mapred.map.child.java.opts" : "-Xmx700M",
    "mapreduce.job.acl-modify-job" : " ",
    "fs.hftp.impl" : "org.apache.hadoop.hdfs.HftpFileSystem",
    "mapred.local.dir" : "${hadoop.tmp.dir}/mapred/local",
    "dfs.permissions.supergroup" : "supergroup",
    "fs.s3.sleepTimeSeconds" : "10",
    "fs.trash.interval" : "0",
    "mapred.submit.replication" : "10",
    "dfs.replication.min" : "1",
    "fs.har.impl" : "org.apache.hadoop.fs.HarFileSystem",
    "hadoop.relaxed.worker.version.check" : "false",
    "mapred.map.output.compression.codec" : "org.apache.hadoop.io.compress.DefaultCodec",
    "mapred.tasktracker.dns.interface" : "default",
    "dfs.http.address" : "0.0.0.0:50070",
    "dfs.namenode.decommission.interval" : "30",
    "mapred.job.tracker" : "Master2:9001",
    "dfs.heartbeat.interval" : "3",
    "hadoop.http.authentication.signature.secret.file" : "${user.home}/hadoop-http-auth-signature-secret",
    "io.seqfile.sorter.recordlimit" : "1000000",
    "mapreduce.job.submithost" : "Master2",
    "dfs.name.dir" : "${hadoop.tmp.dir}/dfs/name",
    "mapred.jobtracker.taskScheduler" : "org.apache.hadoop.mapred.JobQueueTaskScheduler",
    "mapred.line.input.format.linespermap" : "1",
    "dfs.datanode.http.address" : "0.0.0.0:50075",
    "fs.webhdfs.impl" : "org.apache.hadoop.hdfs.web.WebHdfsFileSystem",
    "mapred.local.dir.minspacekill" : "0",
    "dfs.image.transfer.bandwidthPerSec" : "0",
    "dfs.replication.interval" : "3",
    "io.sort.record.percent" : "0.06",
    "hadoop.http.authentication.kerberos.principal" : "HTTP/localhost@LOCALHOST",
    "mapreduce.reduce.class" : "org.apache.hadoop.examples.WordCount$IntSumReducer",
    "fs.kfs.impl" : "org.apache.hadoop.fs.kfs.KosmosFileSystem",
    "mapred.tasktracker.reduce.tasks.maximum" : "4",
    "mapred.temp.dir" : "${hadoop.tmp.dir}/mapred/temp",
    "dfs.replication" : "3",
    "fs.checkpoint.edits.dir" : "${fs.checkpoint.dir}",
    "mapreduce.jobhistory.max-age-ms" : "2592000000",
    "mapred.tasktracker.tasks.sleeptime-before-sigkill" : "5000",
    "mapred.job.reduce.input.buffer.percent" : "0.9",
    "mapred.tasktracker.indexcache.mb" : "10",
    "dfs.webhdfs.enabled" : "false",
    "mapreduce.job.split.metainfo.maxsize" : "10000000",
    "hadoop.logfile.count" : "10",
    "mapred.skip.reduce.auto.incr.proc.count" : "true",
    "mapreduce.job.submithostaddress" : "192.168.1.104",
    "io.seqfile.compress.blocksize" : "1000000",
    "fs.s3.block.size" : "67108864",
    "mapred.tasktracker.taskmemorymanager.monitoring-interval" : "5000",
    "hadoop.http.authentication.simple.anonymous.allowed" : "true",
    "mapreduce.jobtracker.staging.root.dir" : "${hadoop.tmp.dir}/mapred/staging",
    "mapred.acls.enabled" : "false",
    "mapred.queue.default.state" : "RUNNING",
    "mapred.queue.names" : "default",
    "fs.hsftp.impl" : "org.apache.hadoop.hdfs.HsftpFileSystem",
    "dfs.access.time.precision" : "3600000",
    "mapred.task.tracker.http.address" : "0.0.0.0:50060",
    "mapreduce.combine.class" : "org.apache.hadoop.examples.WordCount$IntSumReducer",
    "io.seqfile.lazydecompress" : "true",
    "mapred.reduce.parallel.copies" : "5",
    "mapred.disk.healthChecker.interval" : "60000",
    "mapred.output.dir" : "/word-out",
    "ipc.client.connection.maxidletime" : "10000",
    "io.sort.mb" : "200",
    "mapred.reduce.child.java.opts" : "-Xmx400M",
    "mapred.task.tracker.report.address" : "127.0.0.1:0",
    "hadoop.security.uid.cache.secs" : "14400",
    "mapred.compress.map.output" : "false",
    "ipc.client.kill.max" : "10",
    "mapred.healthChecker.interval" : "60000",
    "ipc.client.connect.max.retries" : "10",
    "mapreduce.map.class" : "org.apache.hadoop.examples.WordCount$TokenizerMapper",
    "fs.s3.impl" : "org.apache.hadoop.fs.s3.S3FileSystem",
    "mapred.user.jobconf.limit" : "5242880",
    "mapreduce.job.counters.group.name.max" : "128",
    "mapred.job.tracker.http.address" : "0.0.0.0:50030",
    "mapred.input.dir" : "hdfs://Master2:9000/word-in10G",
    "io.file.buffer.size" : "4096",
    "mapred.jobtracker.restart.recover" : "false",
    "io.serializations" : "org.apache.hadoop.io.serializer.WritableSerialization",
    "mapred.task.profile" : "false",
    "dfs.datanode.handler.count" : "3",
    "mapreduce.input.num.files" : "40",
    "mapreduce.jobhistory.cleaner.interval-ms" : "86400000",
    "dfs.replication.considerLoad" : "true",
    "jobclient.output.filter" : "FAILED",
    "dfs.namenode.edits.toleration.length" : "0",
    "hadoop.http.authentication.kerberos.keytab" : "${user.home}/hadoop.keytab",
    "dfs.namenode.delegation.token.max-lifetime" : "604800000",
    "mapred.tasktracker.map.tasks.maximum" : "2",
    "fs.checkpoint.size" : "67108864",
    "io.compression.codecs" : "org.apache.hadoop.io.compress.DefaultCodec,org.apache.hadoop.io.compress.GzipCodec,org.apache.hadoop.io.compress.BZip2Codec,org.apache.hadoop.io.compress.SnappyCodec",
    "mapreduce.job.counters.counter.name.max" : "64"
  },
  "computonsPerMapInputByte" : -1,
  "computonsPerMapOutputByte" : -1,
  "computonsPerReduceInputByte" : -1,
  "computonsPerReduceOutputByte" : -1,
  "heapMegabytes" : 200,
  "outcome" : "SUCCESS",
  "jobtype" : "JAVA",
  "directDependantJobs" : [ ],
  "successfulMapAttemptCDFs" : [ {
    "minimum" : 31002,
    "maximum" : 37920,
    "rankings" : [ {
      "datum" : 31002,
      "relativeRanking" : 0.05
    }, {
      "datum" : 31380,
      "relativeRanking" : 0.1
    }, {
      "datum" : 31567,
      "relativeRanking" : 0.15
    }, {
      "datum" : 31698,
      "relativeRanking" : 0.2
    }, {
      "datum" : 31755,
      "relativeRanking" : 0.25
    }, {
      "datum" : 31768,
      "relativeRanking" : 0.3
    }, {
      "datum" : 31836,
      "relativeRanking" : 0.35
    }, {
      "datum" : 31878,
      "relativeRanking" : 0.4
    }, {
      "datum" : 32006,
      "relativeRanking" : 0.45
    }, {
      "datum" : 32114,
      "relativeRanking" : 0.5
    }, {
      "datum" : 32183,
      "relativeRanking" : 0.55
    }, {
      "datum" : 32338,
      "relativeRanking" : 0.6
    }, {
      "datum" : 32528,
      "relativeRanking" : 0.65
    }, {
      "datum" : 32630,
      "relativeRanking" : 0.7
    }, {
      "datum" : 32669,
      "relativeRanking" : 0.75
    }, {
      "datum" : 33501,
      "relativeRanking" : 0.8
    }, {
      "datum" : 35930,
      "relativeRanking" : 0.85
    }, {
      "datum" : 36210,
      "relativeRanking" : 0.9
    }, {
      "datum" : 36403,
      "relativeRanking" : 0.95
    } ],
    "numberValues" : 39
  }, {
    "minimum" : 32696,
    "maximum" : 32696,
    "rankings" : [ {
      "datum" : 32696,
      "relativeRanking" : 0.05
    }, {
      "datum" : 32696,
      "relativeRanking" : 0.1
    }, {
      "datum" : 32696,
      "relativeRanking" : 0.15
    }, {
      "datum" : 32696,
      "relativeRanking" : 0.2
    }, {
      "datum" : 32696,
      "relativeRanking" : 0.25
    }, {
      "datum" : 32696,
      "relativeRanking" : 0.3
    }, {
      "datum" : 32696,
      "relativeRanking" : 0.35
    }, {
      "datum" : 32696,
      "relativeRanking" : 0.4
    }, {
      "datum" : 32696,
      "relativeRanking" : 0.45
    }, {
      "datum" : 32696,
      "relativeRanking" : 0.5
    }, {
      "datum" : 32696,
      "relativeRanking" : 0.55
    }, {
      "datum" : 32696,
      "relativeRanking" : 0.6
    }, {
      "datum" : 32696,
      "relativeRanking" : 0.65
    }, {
      "datum" : 32696,
      "relativeRanking" : 0.7
    }, {
      "datum" : 32696,
      "relativeRanking" : 0.75
    }, {
      "datum" : 32696,
      "relativeRanking" : 0.8
    }, {
      "datum" : 32696,
      "relativeRanking" : 0.85
    }, {
      "datum" : 32696,
      "relativeRanking" : 0.9
    }, {
      "datum" : 32696,
      "relativeRanking" : 0.95
    } ],
    "numberValues" : 1
  }, {
    "minimum" : -9223372036854775808,
    "maximum" : 9223372036854775807,
    "rankings" : [ ],
    "numberValues" : 0
  }, {
    "minimum" : -9223372036854775808,
    "maximum" : 9223372036854775807,
    "rankings" : [ ],
    "numberValues" : 0
  } ],
  "failedMapAttemptCDFs" : [ {
    "minimum" : -9223372036854775808,
    "maximum" : 9223372036854775807,
    "rankings" : [ ],
    "numberValues" : 0
  }, {
    "minimum" : -9223372036854775808,
    "maximum" : 9223372036854775807,
    "rankings" : [ ],
    "numberValues" : 0
  }, {
    "minimum" : -9223372036854775808,
    "maximum" : 9223372036854775807,
    "rankings" : [ ],
    "numberValues" : 0
  }, {
    "minimum" : -9223372036854775808,
    "maximum" : 9223372036854775807,
    "rankings" : [ ],
    "numberValues" : 0
  } ],
  "successfulReduceAttemptCDF" : {
    "minimum" : 150133,
    "maximum" : 150687,
    "rankings" : [ {
      "datum" : 150133,
      "relativeRanking" : 0.05
    }, {
      "datum" : 150133,
      "relativeRanking" : 0.1
    }, {
      "datum" : 150133,
      "relativeRanking" : 0.15
    }, {
      "datum" : 150133,
      "relativeRanking" : 0.2
    }, {
      "datum" : 150133,
      "relativeRanking" : 0.25
    }, {
      "datum" : 150133,
      "relativeRanking" : 0.3
    }, {
      "datum" : 150133,
      "relativeRanking" : 0.35
    }, {
      "datum" : 150133,
      "relativeRanking" : 0.4
    }, {
      "datum" : 150133,
      "relativeRanking" : 0.45
    }, {
      "datum" : 150133,
      "relativeRanking" : 0.5
    }, {
      "datum" : 150133,
      "relativeRanking" : 0.55
    }, {
      "datum" : 150133,
      "relativeRanking" : 0.6
    }, {
      "datum" : 150133,
      "relativeRanking" : 0.65
    }, {
      "datum" : 150133,
      "relativeRanking" : 0.7
    }, {
      "datum" : 150133,
      "relativeRanking" : 0.75
    }, {
      "datum" : 150133,
      "relativeRanking" : 0.8
    }, {
      "datum" : 150133,
      "relativeRanking" : 0.85
    }, {
      "datum" : 150133,
      "relativeRanking" : 0.9
    }, {
      "datum" : 150133,
      "relativeRanking" : 0.95
    } ],
    "numberValues" : 2
  },
  "failedReduceAttemptCDF" : {
    "minimum" : -9223372036854775808,
    "maximum" : 9223372036854775807,
    "rankings" : [ ],
    "numberValues" : 0
  },
  "mapperTriesToSucceed" : [ 1.0 ],
  "failedMapperFraction" : 0.0,
  "relativeTime" : 0,
  "clusterMapMB" : -1,
  "clusterReduceMB" : -1,
  "jobMapMB" : 200,
  "jobReduceMB" : 200,
  "launchTime" : 1404974655243,
  "totalMaps" : 40,
  "totalReduces" : 2,
  "otherTasks" : [ {
    "startTime" : 1404974655435,
    "attempts" : [ {
      "result" : "SUCCESS",
      "location" : {
        "layers" : [ "default-rack", "Slave22" ]
      },
      "hostName" : "/default-rack/Slave22",
      "startTime" : 1404974641886,
      "finishTime" : 1404974642550,
      "attemptID" : "attempt_201407031554_1746_m_000041_0",
      "shuffleFinished" : -1,
      "sortFinished" : -1,
      "hdfsBytesRead" : -1,
      "hdfsBytesWritten" : -1,
      "fileBytesRead" : -1,
      "fileBytesWritten" : 59020,
      "mapInputRecords" : -1,
      "mapOutputBytes" : -1,
      "mapOutputRecords" : -1,
      "combineInputRecords" : -1,
      "reduceInputGroups" : -1,
      "reduceInputRecords" : -1,
      "reduceShuffleBytes" : -1,
      "reduceOutputRecords" : -1,
      "spilledRecords" : 0,
      "mapInputBytes" : -1,
      "resourceUsageMetrics" : {
        "cumulativeCpuUsage" : 50,
        "virtualMemoryUsage" : 938438656,
        "physicalMemoryUsage" : 62271488,
        "heapUsage" : 64487424
      }
    } ],
    "finishTime" : 1404974656342,
    "preferredLocations" : [ ],
    "taskType" : "SETUP",
    "taskStatus" : "SUCCESS",
    "taskID" : "task_201407031554_1746_m_000041",
    "inputBytes" : -1,
    "inputRecords" : -1,
    "outputBytes" : -1,
    "outputRecords" : -1
  }, {
    "startTime" : 1404974843299,
    "attempts" : [ {
      "result" : "SUCCESS",
      "location" : {
        "layers" : [ "default-rack", "Slave21" ]
      },
      "hostName" : "/default-rack/Slave21",
      "startTime" : 1404974834939,
      "finishTime" : 1404974835529,
      "attemptID" : "attempt_201407031554_1746_m_000040_0",
      "shuffleFinished" : -1,
      "sortFinished" : -1,
      "hdfsBytesRead" : -1,
      "hdfsBytesWritten" : -1,
      "fileBytesRead" : -1,
      "fileBytesWritten" : 59020,
      "mapInputRecords" : -1,
      "mapOutputBytes" : -1,
      "mapOutputRecords" : -1,
      "combineInputRecords" : -1,
      "reduceInputGroups" : -1,
      "reduceInputRecords" : -1,
      "reduceShuffleBytes" : -1,
      "reduceOutputRecords" : -1,
      "spilledRecords" : 0,
      "mapInputBytes" : -1,
      "resourceUsageMetrics" : {
        "cumulativeCpuUsage" : 20,
        "virtualMemoryUsage" : 945143808,
        "physicalMemoryUsage" : 652066816,
        "heapUsage" : 580124672
      }
    } ],
    "finishTime" : 1404974843905,
    "preferredLocations" : [ ],
    "taskType" : "CLEANUP",
    "taskStatus" : "SUCCESS",
    "taskID" : "task_201407031554_1746_m_000040",
    "inputBytes" : -1,
    "inputRecords" : -1,
    "outputBytes" : -1,
    "outputRecords" : -1
  } ]
}