{
  "jobID" : "job_201407031554_1514",
  "user" : "itri-hadoop",
  "jobName" : "word count",
  "mapTasks" : [ {
    "startTime" : 1404902453656,
    "attempts" : [ {
      "result" : "SUCCESS",
      "startTime" : 1404902441415,
      "finishTime" : 1404902469740,
      "attemptID" : "attempt_201407031554_1514_m_000000_0",
      "shuffleFinished" : -1,
      "sortFinished" : -1,
      "hdfsBytesRead" : 201338985,
      "hdfsBytesWritten" : -1,
      "fileBytesRead" : 17782858,
      "fileBytesWritten" : 29690934,
      "mapInputRecords" : 4921,
      "mapOutputBytes" : 278292915,
      "mapOutputRecords" : 18501694,
      "combineInputRecords" : 18988691,
      "reduceInputGroups" : -1,
      "reduceInputRecords" : -1,
      "reduceShuffleBytes" : -1,
      "reduceOutputRecords" : -1,
      "spilledRecords" : 1014002,
      "mapInputBytes" : -1,
      "resourceUsageMetrics" : {
        "cumulativeCpuUsage" : 37090,
        "virtualMemoryUsage" : 1054093312,
        "physicalMemoryUsage" : 673173504,
        "heapUsage" : 753664000
      },
      "location" : {
        "layers" : [ "default-rack", "Slave22" ]
      },
      "hostName" : "/default-rack/Slave22"
    } ],
    "finishTime" : 1404902482262,
    "preferredLocations" : [ {
      "layers" : [ "default-rack", "Master2" ]
    }, {
      "layers" : [ "default-rack", "Slave21" ]
    }, {
      "layers" : [ "default-rack", "Slave22" ]
    } ],
    "taskType" : "MAP",
    "taskStatus" : "SUCCESS",
    "taskID" : "task_201407031554_1514_m_000000",
    "inputBytes" : 201338985,
    "inputRecords" : 4921,
    "outputBytes" : 29690934,
    "outputRecords" : 18501694
  }, {
    "startTime" : 1404902453657,
    "attempts" : [ {
      "result" : "SUCCESS",
      "startTime" : 1404902441415,
      "finishTime" : 1404902469822,
      "attemptID" : "attempt_201407031554_1514_m_000002_0",
      "shuffleFinished" : -1,
      "sortFinished" : -1,
      "hdfsBytesRead" : 201330793,
      "hdfsBytesWritten" : -1,
      "fileBytesRead" : 16407866,
      "fileBytesWritten" : 27264815,
      "mapInputRecords" : 171754,
      "mapOutputBytes" : 278036826,
      "mapOutputRecords" : 18587185,
      "combineInputRecords" : 19073194,
      "reduceInputGroups" : -1,
      "reduceInputRecords" : -1,
      "reduceShuffleBytes" : -1,
      "reduceOutputRecords" : -1,
      "spilledRecords" : 1011717,
      "mapInputBytes" : -1,
      "resourceUsageMetrics" : {
        "cumulativeCpuUsage" : 36730,
        "virtualMemoryUsage" : 1050292224,
        "physicalMemoryUsage" : 640593920,
        "heapUsage" : 722206720
      },
      "location" : {
        "layers" : [ "default-rack", "Slave22" ]
      },
      "hostName" : "/default-rack/Slave22"
    } ],
    "finishTime" : 1404902482262,
    "preferredLocations" : [ {
      "layers" : [ "default-rack", "Master2" ]
    }, {
      "layers" : [ "default-rack", "Slave22" ]
    }, {
      "layers" : [ "default-rack", "Slave23" ]
    } ],
    "taskType" : "MAP",
    "taskStatus" : "SUCCESS",
    "taskID" : "task_201407031554_1514_m_000002",
    "inputBytes" : 201330793,
    "inputRecords" : 171754,
    "outputBytes" : 27264815,
    "outputRecords" : 18587185
  }, {
    "startTime" : 1404902453738,
    "attempts" : [ {
      "result" : "SUCCESS",
      "startTime" : 1404902446299,
      "finishTime" : 1404902475730,
      "attemptID" : "attempt_201407031554_1514_m_000001_0",
      "shuffleFinished" : -1,
      "sortFinished" : -1,
      "hdfsBytesRead" : 201457769,
      "hdfsBytesWritten" : -1,
      "fileBytesRead" : 16530049,
      "fileBytesWritten" : 27479842,
      "mapInputRecords" : 4789,
      "mapOutputBytes" : 278460626,
      "mapOutputRecords" : 18514399,
      "combineInputRecords" : 19001031,
      "reduceInputGroups" : -1,
      "reduceInputRecords" : -1,
      "reduceShuffleBytes" : -1,
      "reduceOutputRecords" : -1,
      "spilledRecords" : 1013122,
      "mapInputBytes" : -1,
      "resourceUsageMetrics" : {
        "cumulativeCpuUsage" : 38440,
        "virtualMemoryUsage" : 1051475968,
        "physicalMemoryUsage" : 630611968,
        "heapUsage" : 704643072
      },
      "location" : {
        "layers" : [ "default-rack", "Slave21" ]
      },
      "hostName" : "/default-rack/Slave21"
    } ],
    "finishTime" : 1404902483257,
    "preferredLocations" : [ {
      "layers" : [ "default-rack", "Master2" ]
    }, {
      "layers" : [ "default-rack", "Slave23" ]
    }, {
      "layers" : [ "default-rack", "Slave21" ]
    } ],
    "taskType" : "MAP",
    "taskStatus" : "SUCCESS",
    "taskID" : "task_201407031554_1514_m_000001",
    "inputBytes" : 201457769,
    "inputRecords" : 4789,
    "outputBytes" : 27479842,
    "outputRecords" : 18514399
  }, {
    "startTime" : 1404902453738,
    "attempts" : [ {
      "result" : "SUCCESS",
      "startTime" : 1404902446299,
      "finishTime" : 1404902476072,
      "attemptID" : "attempt_201407031554_1514_m_000003_0",
      "shuffleFinished" : -1,
      "sortFinished" : -1,
      "hdfsBytesRead" : 201334889,
      "hdfsBytesWritten" : -1,
      "fileBytesRead" : 17353568,
      "fileBytesWritten" : 28934369,
      "mapInputRecords" : 4809,
      "mapOutputBytes" : 278712050,
      "mapOutputRecords" : 18503748,
      "combineInputRecords" : 18990074,
      "reduceInputGroups" : -1,
      "reduceInputRecords" : -1,
      "reduceShuffleBytes" : -1,
      "reduceOutputRecords" : -1,
      "spilledRecords" : 1013023,
      "mapInputBytes" : -1,
      "resourceUsageMetrics" : {
        "cumulativeCpuUsage" : 38740,
        "virtualMemoryUsage" : 1054408704,
        "physicalMemoryUsage" : 543084544,
        "heapUsage" : 480247808
      },
      "location" : {
        "layers" : [ "default-rack", "Slave21" ]
      },
      "hostName" : "/default-rack/Slave21"
    } ],
    "finishTime" : 1404902483860,
    "preferredLocations" : [ {
      "layers" : [ "default-rack", "Slave22" ]
    }, {
      "layers" : [ "default-rack", "Slave21" ]
    }, {
      "layers" : [ "default-rack", "Slave23" ]
    } ],
    "taskType" : "MAP",
    "taskStatus" : "SUCCESS",
    "taskID" : "task_201407031554_1514_m_000003",
    "inputBytes" : 201334889,
    "inputRecords" : 4809,
    "outputBytes" : 28934369,
    "outputRecords" : 18503748
  }, {
    "startTime" : 1404902453854,
    "attempts" : [ {
      "result" : "SUCCESS",
      "startTime" : 1404902453928,
      "finishTime" : 1404902483108,
      "attemptID" : "attempt_201407031554_1514_m_000005_0",
      "shuffleFinished" : -1,
      "sortFinished" : -1,
      "hdfsBytesRead" : 201351273,
      "hdfsBytesWritten" : -1,
      "fileBytesRead" : 19329622,
      "fileBytesWritten" : 32397012,
      "mapInputRecords" : 4914,
      "mapOutputBytes" : 277886866,
      "mapOutputRecords" : 18418611,
      "combineInputRecords" : 18904705,
      "reduceInputGroups" : -1,
      "reduceInputRecords" : -1,
      "reduceShuffleBytes" : -1,
      "reduceOutputRecords" : -1,
      "spilledRecords" : 1013632,
      "mapInputBytes" : -1,
      "resourceUsageMetrics" : {
        "cumulativeCpuUsage" : 38100,
        "virtualMemoryUsage" : 1049100288,
        "physicalMemoryUsage" : 597446656,
        "heapUsage" : 675807232
      },
      "location" : {
        "layers" : [ "default-rack", "Master2" ]
      },
      "hostName" : "/default-rack/Master2"
    } ],
    "finishTime" : 1404902483339,
    "preferredLocations" : [ {
      "layers" : [ "default-rack", "Master2" ]
    }, {
      "layers" : [ "default-rack", "Slave22" ]
    }, {
      "layers" : [ "default-rack", "Slave21" ]
    } ],
    "taskType" : "MAP",
    "taskStatus" : "SUCCESS",
    "taskID" : "task_201407031554_1514_m_000005",
    "inputBytes" : 201351273,
    "inputRecords" : 4914,
    "outputBytes" : 32397012,
    "outputRecords" : 18418611
  }, {
    "startTime" : 1404902453855,
    "attempts" : [ {
      "result" : "SUCCESS",
      "startTime" : 1404902453928,
      "finishTime" : 1404902483739,
      "attemptID" : "attempt_201407031554_1514_m_000006_0",
      "shuffleFinished" : -1,
      "sortFinished" : -1,
      "hdfsBytesRead" : 201330793,
      "hdfsBytesWritten" : -1,
      "fileBytesRead" : 16224861,
      "fileBytesWritten" : 26936822,
      "mapInputRecords" : 88346,
      "mapOutputBytes" : 278864488,
      "mapOutputRecords" : 18584652,
      "combineInputRecords" : 19071448,
      "reduceInputGroups" : -1,
      "reduceInputRecords" : -1,
      "reduceShuffleBytes" : -1,
      "reduceOutputRecords" : -1,
      "spilledRecords" : 1013115,
      "mapInputBytes" : -1,
      "resourceUsageMetrics" : {
        "cumulativeCpuUsage" : 38530,
        "virtualMemoryUsage" : 1051996160,
        "physicalMemoryUsage" : 622411776,
        "heapUsage" : 699662336
      },
      "location" : {
        "layers" : [ "default-rack", "Master2" ]
      },
      "hostName" : "/default-rack/Master2"
    } ],
    "finishTime" : 1404902483941,
    "preferredLocations" : [ {
      "layers" : [ "default-rack", "Master2" ]
    }, {
      "layers" : [ "default-rack", "Slave22" ]
    }, {
      "layers" : [ "default-rack", "Slave23" ]
    } ],
    "taskType" : "MAP",
    "taskStatus" : "SUCCESS",
    "taskID" : "task_201407031554_1514_m_000006",
    "inputBytes" : 201330793,
    "inputRecords" : 88346,
    "outputBytes" : 26936822,
    "outputRecords" : 18584652
  }, {
    "startTime" : 1404902453905,
    "attempts" : [ {
      "result" : "SUCCESS",
      "startTime" : 1404902456472,
      "finishTime" : 1404902485822,
      "attemptID" : "attempt_201407031554_1514_m_000004_0",
      "shuffleFinished" : -1,
      "sortFinished" : -1,
      "hdfsBytesRead" : 201330793,
      "hdfsBytesWritten" : -1,
      "fileBytesRead" : 16020154,
      "fileBytesWritten" : 26587769,
      "mapInputRecords" : 4782,
      "mapOutputBytes" : 278537661,
      "mapOutputRecords" : 18502662,
      "combineInputRecords" : 18989146,
      "reduceInputGroups" : -1,
      "reduceInputRecords" : -1,
      "reduceShuffleBytes" : -1,
      "reduceOutputRecords" : -1,
      "spilledRecords" : 1013574,
      "mapInputBytes" : -1,
      "resourceUsageMetrics" : {
        "cumulativeCpuUsage" : 37780,
        "virtualMemoryUsage" : 1051475968,
        "physicalMemoryUsage" : 648445952,
        "heapUsage" : 727711744
      },
      "location" : {
        "layers" : [ "default-rack", "Slave23" ]
      },
      "hostName" : "/default-rack/Slave23"
    } ],
    "finishTime" : 1404902483641,
    "preferredLocations" : [ {
      "layers" : [ "default-rack", "Slave23" ]
    }, {
      "layers" : [ "default-rack", "Slave21" ]
    }, {
      "layers" : [ "default-rack", "Slave22" ]
    } ],
    "taskType" : "MAP",
    "taskStatus" : "SUCCESS",
    "taskID" : "task_201407031554_1514_m_000004",
    "inputBytes" : 201330793,
    "inputRecords" : 4782,
    "outputBytes" : 26587769,
    "outputRecords" : 18502662
  }, {
    "startTime" : 1404902453905,
    "attempts" : [ {
      "result" : "SUCCESS",
      "startTime" : 1404902456472,
      "finishTime" : 1404902486253,
      "attemptID" : "attempt_201407031554_1514_m_000007_0",
      "shuffleFinished" : -1,
      "sortFinished" : -1,
      "hdfsBytesRead" : 201330793,
      "hdfsBytesWritten" : -1,
      "fileBytesRead" : 15137523,
      "fileBytesWritten" : 24726163,
      "mapInputRecords" : 4837,
      "mapOutputBytes" : 277692800,
      "mapOutputRecords" : 18500332,
      "combineInputRecords" : 18985124,
      "reduceInputGroups" : -1,
      "reduceInputRecords" : -1,
      "reduceShuffleBytes" : -1,
      "reduceOutputRecords" : -1,
      "spilledRecords" : 998955,
      "mapInputBytes" : -1,
      "resourceUsageMetrics" : {
        "cumulativeCpuUsage" : 38750,
        "virtualMemoryUsage" : 1050386432,
        "physicalMemoryUsage" : 617775104,
        "heapUsage" : 697040896
      },
      "location" : {
        "layers" : [ "default-rack", "Slave23" ]
      },
      "hostName" : "/default-rack/Slave23"
    } ],
    "finishTime" : 1404902483943,
    "preferredLocations" : [ {
      "layers" : [ "default-rack", "Master2" ]
    }, {
      "layers" : [ "default-rack", "Slave22" ]
    }, {
      "layers" : [ "default-rack", "Slave23" ]
    } ],
    "taskType" : "MAP",
    "taskStatus" : "SUCCESS",
    "taskID" : "task_201407031554_1514_m_000007",
    "inputBytes" : 201330793,
    "inputRecords" : 4837,
    "outputBytes" : 24726163,
    "outputRecords" : 18500332
  }, {
    "startTime" : 1404902482263,
    "attempts" : [ {
      "result" : "SUCCESS",
      "startTime" : 1404902470022,
      "finishTime" : 1404902496792,
      "attemptID" : "attempt_201407031554_1514_m_000008_0",
      "shuffleFinished" : -1,
      "sortFinished" : -1,
      "hdfsBytesRead" : 201330793,
      "hdfsBytesWritten" : -1,
      "fileBytesRead" : 19543491,
      "fileBytesWritten" : 32778976,
      "mapInputRecords" : 4938,
      "mapOutputBytes" : 278036657,
      "mapOutputRecords" : 18418899,
      "combineInputRecords" : 18905019,
      "reduceInputGroups" : -1,
      "reduceInputRecords" : -1,
      "reduceShuffleBytes" : -1,
      "reduceOutputRecords" : -1,
      "spilledRecords" : 1013613,
      "mapInputBytes" : -1,
      "resourceUsageMetrics" : {
        "cumulativeCpuUsage" : 32160,
        "virtualMemoryUsage" : 1051287552,
        "physicalMemoryUsage" : 654848000,
        "heapUsage" : 725876736
      },
      "location" : {
        "layers" : [ "default-rack", "Slave22" ]
      },
      "hostName" : "/default-rack/Slave22"
    } ],
    "finishTime" : 1404902509061,
    "preferredLocations" : [ {
      "layers" : [ "default-rack", "Slave21" ]
    }, {
      "layers" : [ "default-rack", "Slave23" ]
    }, {
      "layers" : [ "default-rack", "Slave22" ]
    } ],
    "taskType" : "MAP",
    "taskStatus" : "SUCCESS",
    "taskID" : "task_201407031554_1514_m_000008",
    "inputBytes" : 201330793,
    "inputRecords" : 4938,
    "outputBytes" : 32778976,
    "outputRecords" : 18418899
  }, {
    "startTime" : 1404902482263,
    "attempts" : [ {
      "result" : "SUCCESS",
      "startTime" : 1404902470022,
      "finishTime" : 1404902496848,
      "attemptID" : "attempt_201407031554_1514_m_000009_0",
      "shuffleFinished" : -1,
      "sortFinished" : -1,
      "hdfsBytesRead" : 201379945,
      "hdfsBytesWritten" : -1,
      "fileBytesRead" : 19535953,
      "fileBytesWritten" : 32771619,
      "mapInputRecords" : 4872,
      "mapOutputBytes" : 278104602,
      "mapOutputRecords" : 18423430,
      "combineInputRecords" : 18909330,
      "reduceInputGroups" : -1,
      "reduceInputRecords" : -1,
      "reduceShuffleBytes" : -1,
      "reduceOutputRecords" : -1,
      "spilledRecords" : 1013051,
      "mapInputBytes" : -1,
      "resourceUsageMetrics" : {
        "cumulativeCpuUsage" : 32070,
        "virtualMemoryUsage" : 1055223808,
        "physicalMemoryUsage" : 692576256,
        "heapUsage" : 759693312
      },
      "location" : {
        "layers" : [ "default-rack", "Slave22" ]
      },
      "hostName" : "/default-rack/Slave22"
    } ],
    "finishTime" : 1404902509362,
    "preferredLocations" : [ {
      "layers" : [ "default-rack", "Master2" ]
    }, {
      "layers" : [ "default-rack", "Slave23" ]
    }, {
      "layers" : [ "default-rack", "Slave22" ]
    } ],
    "taskType" : "MAP",
    "taskStatus" : "SUCCESS",
    "taskID" : "task_201407031554_1514_m_000009",
    "inputBytes" : 201379945,
    "inputRecords" : 4872,
    "outputBytes" : 32771619,
    "outputRecords" : 18423430
  }, {
    "startTime" : 1404902483257,
    "attempts" : [ {
      "result" : "SUCCESS",
      "startTime" : 1404902475744,
      "finishTime" : 1404902502587,
      "attemptID" : "attempt_201407031554_1514_m_000010_0",
      "shuffleFinished" : -1,
      "sortFinished" : -1,
      "hdfsBytesRead" : 201359465,
      "hdfsBytesWritten" : -1,
      "fileBytesRead" : 19862599,
      "fileBytesWritten" : 33324405,
      "mapInputRecords" : 4739,
      "mapOutputBytes" : 278325860,
      "mapOutputRecords" : 18422360,
      "combineInputRecords" : 18908633,
      "reduceInputGroups" : -1,
      "reduceInputRecords" : -1,
      "reduceShuffleBytes" : -1,
      "reduceOutputRecords" : -1,
      "spilledRecords" : 1014304,
      "mapInputBytes" : -1,
      "resourceUsageMetrics" : {
        "cumulativeCpuUsage" : 32230,
        "virtualMemoryUsage" : 1052471296,
        "physicalMemoryUsage" : 636473344,
        "heapUsage" : 708837376
      },
      "location" : {
        "layers" : [ "default-rack", "Slave21" ]
      },
      "hostName" : "/default-rack/Slave21"
    } ],
    "finishTime" : 1404902510304,
    "preferredLocations" : [ {
      "layers" : [ "default-rack", "Master2" ]
    }, {
      "layers" : [ "default-rack", "Slave23" ]
    }, {
      "layers" : [ "default-rack", "Slave21" ]
    } ],
    "taskType" : "MAP",
    "taskStatus" : "SUCCESS",
    "taskID" : "task_201407031554_1514_m_000010",
    "inputBytes" : 201359465,
    "inputRecords" : 4739,
    "outputBytes" : 33324405,
    "outputRecords" : 18422360
  }, {
    "startTime" : 1404902483339,
    "attempts" : [ {
      "result" : "SUCCESS",
      "startTime" : 1404902483340,
      "finishTime" : 1404902509968,
      "attemptID" : "attempt_201407031554_1514_m_000011_0",
      "shuffleFinished" : -1,
      "sortFinished" : -1,
      "hdfsBytesRead" : 201367657,
      "hdfsBytesWritten" : -1,
      "fileBytesRead" : 20144838,
      "fileBytesWritten" : 33854615,
      "mapInputRecords" : 4885,
      "mapOutputBytes" : 278585686,
      "mapOutputRecords" : 18422584,
      "combineInputRecords" : 18908649,
      "reduceInputGroups" : -1,
      "reduceInputRecords" : -1,
      "reduceShuffleBytes" : -1,
      "reduceOutputRecords" : -1,
      "spilledRecords" : 1013025,
      "mapInputBytes" : -1,
      "resourceUsageMetrics" : {
        "cumulativeCpuUsage" : 32600,
        "virtualMemoryUsage" : 1050095616,
        "physicalMemoryUsage" : 540413952,
        "heapUsage" : 708050944
      },
      "location" : {
        "layers" : [ "default-rack", "Master2" ]
      },
      "hostName" : "/default-rack/Master2"
    } ],
    "finishTime" : 1404902510113,
    "preferredLocations" : [ {
      "layers" : [ "default-rack", "Master2" ]
    }, {
      "layers" : [ "default-rack", "Slave22" ]
    }, {
      "layers" : [ "default-rack", "Slave23" ]
    } ],
    "taskType" : "MAP",
    "taskStatus" : "SUCCESS",
    "taskID" : "task_201407031554_1514_m_000011",
    "inputBytes" : 201367657,
    "inputRecords" : 4885,
    "outputBytes" : 33854615,
    "outputRecords" : 18422584
  }, {
    "startTime" : 1404902483641,
    "attempts" : [ {
      "result" : "SUCCESS",
      "startTime" : 1404902486133,
      "finishTime" : 1404902512730,
      "attemptID" : "attempt_201407031554_1514_m_000012_0",
      "shuffleFinished" : -1,
      "sortFinished" : -1,
      "hdfsBytesRead" : 201351273,
      "hdfsBytesWritten" : -1,
      "fileBytesRead" : 19525733,
      "fileBytesWritten" : 32739058,
      "mapInputRecords" : 4838,
      "mapOutputBytes" : 278069578,
      "mapOutputRecords" : 18422766,
      "combineInputRecords" : 18908301,
      "reduceInputGroups" : -1,
      "reduceInputRecords" : -1,
      "reduceShuffleBytes" : -1,
      "reduceOutputRecords" : -1,
      "spilledRecords" : 1012414,
      "mapInputBytes" : -1,
      "resourceUsageMetrics" : {
        "cumulativeCpuUsage" : 31760,
        "virtualMemoryUsage" : 1052471296,
        "physicalMemoryUsage" : 691294208,
        "heapUsage" : 761266176
      },
      "location" : {
        "layers" : [ "default-rack", "Slave23" ]
      },
      "hostName" : "/default-rack/Slave23"
    } ],
    "finishTime" : 1404902510447,
    "preferredLocations" : [ {
      "layers" : [ "default-rack", "Master2" ]
    }, {
      "layers" : [ "default-rack", "Slave22" ]
    }, {
      "layers" : [ "default-rack", "Slave23" ]
    } ],
    "taskType" : "MAP",
    "taskStatus" : "SUCCESS",
    "taskID" : "task_201407031554_1514_m_000012",
    "inputBytes" : 201351273,
    "inputRecords" : 4838,
    "outputBytes" : 32739058,
    "outputRecords" : 18422766
  }, {
    "startTime" : 1404902483860,
    "attempts" : [ {
      "result" : "SUCCESS",
      "startTime" : 1404902476347,
      "finishTime" : 1404902502637,
      "attemptID" : "attempt_201407031554_1514_m_000013_0",
      "shuffleFinished" : -1,
      "sortFinished" : -1,
      "hdfsBytesRead" : 201330793,
      "hdfsBytesWritten" : -1,
      "fileBytesRead" : 16130688,
      "fileBytesWritten" : 26780605,
      "mapInputRecords" : 88442,
      "mapOutputBytes" : 278202432,
      "mapOutputRecords" : 18502326,
      "combineInputRecords" : 18989366,
      "reduceInputGroups" : -1,
      "reduceInputRecords" : -1,
      "reduceShuffleBytes" : -1,
      "reduceOutputRecords" : -1,
      "spilledRecords" : 1014321,
      "mapInputBytes" : -1,
      "resourceUsageMetrics" : {
        "cumulativeCpuUsage" : 31890,
        "virtualMemoryUsage" : 1055404032,
        "physicalMemoryUsage" : 627687424,
        "heapUsage" : 700186624
      },
      "location" : {
        "layers" : [ "default-rack", "Slave21" ]
      },
      "hostName" : "/default-rack/Slave21"
    } ],
    "finishTime" : 1404902510305,
    "preferredLocations" : [ {
      "layers" : [ "default-rack", "Slave23" ]
    }, {
      "layers" : [ "default-rack", "Slave22" ]
    }, {
      "layers" : [ "default-rack", "Slave21" ]
    } ],
    "taskType" : "MAP",
    "taskStatus" : "SUCCESS",
    "taskID" : "task_201407031554_1514_m_000013",
    "inputBytes" : 201330793,
    "inputRecords" : 88442,
    "outputBytes" : 26780605,
    "outputRecords" : 18502326
  }, {
    "startTime" : 1404902483942,
    "attempts" : [ {
      "result" : "SUCCESS",
      "startTime" : 1404902483943,
      "finishTime" : 1404902510198,
      "attemptID" : "attempt_201407031554_1514_m_000014_0",
      "shuffleFinished" : -1,
      "sortFinished" : -1,
      "hdfsBytesRead" : 201367657,
      "hdfsBytesWritten" : -1,
      "fileBytesRead" : 16001185,
      "fileBytesWritten" : 26550253,
      "mapInputRecords" : 4875,
      "mapOutputBytes" : 278331944,
      "mapOutputRecords" : 18505002,
      "combineInputRecords" : 18990792,
      "reduceInputGroups" : -1,
      "reduceInputRecords" : -1,
      "reduceShuffleBytes" : -1,
      "reduceOutputRecords" : -1,
      "spilledRecords" : 1012100,
      "mapInputBytes" : -1,
      "resourceUsageMetrics" : {
        "cumulativeCpuUsage" : 32510,
        "virtualMemoryUsage" : 1053147136,
        "physicalMemoryUsage" : 636235776,
        "heapUsage" : 706215936
      },
      "location" : {
        "layers" : [ "default-rack", "Master2" ]
      },
      "hostName" : "/default-rack/Master2"
    } ],
    "finishTime" : 1404902510415,
    "preferredLocations" : [ {
      "layers" : [ "default-rack", "Master2" ]
    }, {
      "layers" : [ "default-rack", "Slave23" ]
    }, {
      "layers" : [ "default-rack", "Slave22" ]
    } ],
    "taskType" : "MAP",
    "taskStatus" : "SUCCESS",
    "taskID" : "task_201407031554_1514_m_000014",
    "inputBytes" : 201367657,
    "inputRecords" : 4875,
    "outputBytes" : 26550253,
    "outputRecords" : 18505002
  }, {
    "startTime" : 1404902483944,
    "attempts" : [ {
      "result" : "SUCCESS",
      "startTime" : 1404902486437,
      "finishTime" : 1404902513257,
      "attemptID" : "attempt_201407031554_1514_m_000016_0",
      "shuffleFinished" : -1,
      "sortFinished" : -1,
      "hdfsBytesRead" : 201367657,
      "hdfsBytesWritten" : -1,
      "fileBytesRead" : 18916369,
      "fileBytesWritten" : 31690151,
      "mapInputRecords" : 4825,
      "mapOutputBytes" : 277574841,
      "mapOutputRecords" : 18419833,
      "combineInputRecords" : 18906596,
      "reduceInputGroups" : -1,
      "reduceInputRecords" : -1,
      "reduceShuffleBytes" : -1,
      "reduceOutputRecords" : -1,
      "spilledRecords" : 1014334,
      "mapInputBytes" : -1,
      "resourceUsageMetrics" : {
        "cumulativeCpuUsage" : 32530,
        "virtualMemoryUsage" : 1051381760,
        "physicalMemoryUsage" : 628011008,
        "heapUsage" : 699924480
      },
      "location" : {
        "layers" : [ "default-rack", "Slave23" ]
      },
      "hostName" : "/default-rack/Slave23"
    } ],
    "finishTime" : 1404902511050,
    "preferredLocations" : [ {
      "layers" : [ "default-rack", "Master2" ]
    }, {
      "layers" : [ "default-rack", "Slave23" ]
    }, {
      "layers" : [ "default-rack", "Slave21" ]
    } ],
    "taskType" : "MAP",
    "taskStatus" : "SUCCESS",
    "taskID" : "task_201407031554_1514_m_000016",
    "inputBytes" : 201367657,
    "inputRecords" : 4825,
    "outputBytes" : 31690151,
    "outputRecords" : 18419833
  }, {
    "startTime" : 1404902509061,
    "attempts" : [ {
      "result" : "SUCCESS",
      "startTime" : 1404902496817,
      "finishTime" : 1404902523472,
      "attemptID" : "attempt_201407031554_1514_m_000015_0",
      "shuffleFinished" : -1,
      "sortFinished" : -1,
      "hdfsBytesRead" : 201445481,
      "hdfsBytesWritten" : -1,
      "fileBytesRead" : 19118481,
      "fileBytesWritten" : 32040268,
      "mapInputRecords" : 4885,
      "mapOutputBytes" : 277863605,
      "mapOutputRecords" : 18430546,
      "combineInputRecords" : 18916380,
      "reduceInputGroups" : -1,
      "reduceInputRecords" : -1,
      "reduceShuffleBytes" : -1,
      "reduceOutputRecords" : -1,
      "spilledRecords" : 1013362,
      "mapInputBytes" : -1,
      "resourceUsageMetrics" : {
        "cumulativeCpuUsage" : 32150,
        "virtualMemoryUsage" : 1051287552,
        "physicalMemoryUsage" : 669937664,
        "heapUsage" : 740294656
      },
      "location" : {
        "layers" : [ "default-rack", "Slave22" ]
      },
      "hostName" : "/default-rack/Slave22"
    } ],
    "finishTime" : 1404902535861,
    "preferredLocations" : [ {
      "layers" : [ "default-rack", "Master2" ]
    }, {
      "layers" : [ "default-rack", "Slave22" ]
    }, {
      "layers" : [ "default-rack", "Slave21" ]
    } ],
    "taskType" : "MAP",
    "taskStatus" : "SUCCESS",
    "taskID" : "task_201407031554_1514_m_000015",
    "inputBytes" : 201445481,
    "inputRecords" : 4885,
    "outputBytes" : 32040268,
    "outputRecords" : 18430546
  }, {
    "startTime" : 1404902509363,
    "attempts" : [ {
      "result" : "SUCCESS",
      "startTime" : 1404902497119,
      "finishTime" : 1404902523659,
      "attemptID" : "attempt_201407031554_1514_m_000017_0",
      "shuffleFinished" : -1,
      "sortFinished" : -1,
      "hdfsBytesRead" : 201343081,
      "hdfsBytesWritten" : -1,
      "fileBytesRead" : 19126588,
      "fileBytesWritten" : 32037999,
      "mapInputRecords" : 4845,
      "mapOutputBytes" : 277720771,
      "mapOutputRecords" : 18420672,
      "combineInputRecords" : 18906608,
      "reduceInputGroups" : -1,
      "reduceInputRecords" : -1,
      "reduceShuffleBytes" : -1,
      "reduceOutputRecords" : -1,
      "spilledRecords" : 1013352,
      "mapInputBytes" : -1,
      "resourceUsageMetrics" : {
        "cumulativeCpuUsage" : 31330,
        "virtualMemoryUsage" : 1055223808,
        "physicalMemoryUsage" : 729481216,
        "heapUsage" : 795082752
      },
      "location" : {
        "layers" : [ "default-rack", "Slave22" ]
      },
      "hostName" : "/default-rack/Slave22"
    } ],
    "finishTime" : 1404902536163,
    "preferredLocations" : [ {
      "layers" : [ "default-rack", "Master2" ]
    }, {
      "layers" : [ "default-rack", "Slave21" ]
    }, {
      "layers" : [ "default-rack", "Slave22" ]
    } ],
    "taskType" : "MAP",
    "taskStatus" : "SUCCESS",
    "taskID" : "task_201407031554_1514_m_000017",
    "inputBytes" : 201343081,
    "inputRecords" : 4845,
    "outputBytes" : 32037999,
    "outputRecords" : 18420672
  }, {
    "startTime" : 1404902510113,
    "attempts" : [ {
      "result" : "SUCCESS",
      "startTime" : 1404902510114,
      "finishTime" : 1404902535665,
      "attemptID" : "attempt_201407031554_1514_m_000018_0",
      "shuffleFinished" : -1,
      "sortFinished" : -1,
      "hdfsBytesRead" : 201330793,
      "hdfsBytesWritten" : -1,
      "fileBytesRead" : 19088368,
      "fileBytesWritten" : 31988484,
      "mapInputRecords" : 4852,
      "mapOutputBytes" : 277704557,
      "mapOutputRecords" : 18420146,
      "combineInputRecords" : 18905539,
      "reduceInputGroups" : -1,
      "reduceInputRecords" : -1,
      "reduceShuffleBytes" : -1,
      "reduceOutputRecords" : -1,
      "spilledRecords" : 1011579,
      "mapInputBytes" : -1,
      "resourceUsageMetrics" : {
        "cumulativeCpuUsage" : 30730,
        "virtualMemoryUsage" : 1050095616,
        "physicalMemoryUsage" : 637149184,
        "heapUsage" : 709099520
      },
      "location" : {
        "layers" : [ "default-rack", "Master2" ]
      },
      "hostName" : "/default-rack/Master2"
    } ],
    "finishTime" : 1404902535717,
    "preferredLocations" : [ {
      "layers" : [ "default-rack", "Master2" ]
    }, {
      "layers" : [ "default-rack", "Slave23" ]
    }, {
      "layers" : [ "default-rack", "Slave21" ]
    } ],
    "taskType" : "MAP",
    "taskStatus" : "SUCCESS",
    "taskID" : "task_201407031554_1514_m_000018",
    "inputBytes" : 201330793,
    "inputRecords" : 4852,
    "outputBytes" : 31988484,
    "outputRecords" : 18420146
  }, {
    "startTime" : 1404902510306,
    "attempts" : [ {
      "result" : "SUCCESS",
      "startTime" : 1404902502793,
      "finishTime" : 1404902529893,
      "attemptID" : "attempt_201407031554_1514_m_000019_0",
      "shuffleFinished" : -1,
      "sortFinished" : -1,
      "hdfsBytesRead" : 201330793,
      "hdfsBytesWritten" : -1,
      "fileBytesRead" : 19332720,
      "fileBytesWritten" : 32414726,
      "mapInputRecords" : 4838,
      "mapOutputBytes" : 277859538,
      "mapOutputRecords" : 18417465,
      "combineInputRecords" : 18903699,
      "reduceInputGroups" : -1,
      "reduceInputRecords" : -1,
      "reduceShuffleBytes" : -1,
      "reduceOutputRecords" : -1,
      "spilledRecords" : 1013729,
      "mapInputBytes" : -1,
      "resourceUsageMetrics" : {
        "cumulativeCpuUsage" : 32910,
        "virtualMemoryUsage" : 1052471296,
        "physicalMemoryUsage" : 636653568,
        "heapUsage" : 708837376
      },
      "location" : {
        "layers" : [ "default-rack", "Slave21" ]
      },
      "hostName" : "/default-rack/Slave21"
    } ],
    "finishTime" : 1404902537454,
    "preferredLocations" : [ {
      "layers" : [ "default-rack", "Slave21" ]
    }, {
      "layers" : [ "default-rack", "Slave23" ]
    }, {
      "layers" : [ "default-rack", "Slave22" ]
    } ],
    "taskType" : "MAP",
    "taskStatus" : "SUCCESS",
    "taskID" : "task_201407031554_1514_m_000019",
    "inputBytes" : 201330793,
    "inputRecords" : 4838,
    "outputBytes" : 32414726,
    "outputRecords" : 18417465
  }, {
    "startTime" : 1404902510306,
    "attempts" : [ {
      "result" : "SUCCESS",
      "startTime" : 1404902502793,
      "finishTime" : 1404902510559,
      "attemptID" : "attempt_201407031554_1514_m_000020_0",
      "shuffleFinished" : -1,
      "sortFinished" : -1,
      "hdfsBytesRead" : 55313030,
      "hdfsBytesWritten" : -1,
      "fileBytesRead" : 4112454,
      "fileBytesWritten" : 7957269,
      "mapInputRecords" : 1357,
      "mapOutputBytes" : 76198688,
      "mapOutputRecords" : 5057067,
      "combineInputRecords" : 5191218,
      "reduceInputGroups" : -1,
      "reduceInputRecords" : -1,
      "reduceShuffleBytes" : -1,
      "reduceOutputRecords" : -1,
      "spilledRecords" : 254618,
      "mapInputBytes" : -1,
      "resourceUsageMetrics" : {
        "cumulativeCpuUsage" : 9210,
        "virtualMemoryUsage" : 1055404032,
        "physicalMemoryUsage" : 632643584,
        "heapUsage" : 703594496
      },
      "location" : {
        "layers" : [ "default-rack", "Slave21" ]
      },
      "hostName" : "/default-rack/Slave21"
    } ],
    "finishTime" : 1404902518152,
    "preferredLocations" : [ {
      "layers" : [ "default-rack", "Slave22" ]
    }, {
      "layers" : [ "default-rack", "Slave23" ]
    }, {
      "layers" : [ "default-rack", "Slave21" ]
    } ],
    "taskType" : "MAP",
    "taskStatus" : "SUCCESS",
    "taskID" : "task_201407031554_1514_m_000020",
    "inputBytes" : 55313030,
    "inputRecords" : 1357,
    "outputBytes" : 7957269,
    "outputRecords" : 5057067
  }, {
    "startTime" : 1404902510416,
    "attempts" : [ {
      "result" : "SUCCESS",
      "startTime" : 1404902510418,
      "finishTime" : 1404902518176,
      "attemptID" : "attempt_201407031554_1514_m_000021_0",
      "shuffleFinished" : -1,
      "sortFinished" : -1,
      "hdfsBytesRead" : 55312090,
      "hdfsBytesWritten" : -1,
      "fileBytesRead" : 3878373,
      "fileBytesWritten" : 7488161,
      "mapInputRecords" : 1332,
      "mapOutputBytes" : 76437974,
      "mapOutputRecords" : 5082165,
      "combineInputRecords" : 5216995,
      "reduceInputGroups" : -1,
      "reduceInputRecords" : -1,
      "reduceShuffleBytes" : -1,
      "reduceOutputRecords" : -1,
      "spilledRecords" : 255757,
      "mapInputBytes" : -1,
      "resourceUsageMetrics" : {
        "cumulativeCpuUsage" : 9070,
        "virtualMemoryUsage" : 1053147136,
        "physicalMemoryUsage" : 659816448,
        "heapUsage" : 729284608
      },
      "location" : {
        "layers" : [ "default-rack", "Master2" ]
      },
      "hostName" : "/default-rack/Master2"
    } ],
    "finishTime" : 1404902518240,
    "preferredLocations" : [ {
      "layers" : [ "default-rack", "Master2" ]
    }, {
      "layers" : [ "default-rack", "Slave23" ]
    }, {
      "layers" : [ "default-rack", "Slave22" ]
    } ],
    "taskType" : "MAP",
    "taskStatus" : "SUCCESS",
    "taskID" : "task_201407031554_1514_m_000021",
    "inputBytes" : 55312090,
    "inputRecords" : 1332,
    "outputBytes" : 7488161,
    "outputRecords" : 5082165
  }, {
    "startTime" : 1404902510448,
    "attempts" : [ {
      "result" : "SUCCESS",
      "startTime" : 1404902512940,
      "finishTime" : 1404902520696,
      "attemptID" : "attempt_201407031554_1514_m_000022_0",
      "shuffleFinished" : -1,
      "sortFinished" : -1,
      "hdfsBytesRead" : 55310751,
      "hdfsBytesWritten" : -1,
      "fileBytesRead" : 3509132,
      "fileBytesWritten" : 6746941,
      "mapInputRecords" : 24263,
      "mapOutputBytes" : 76428454,
      "mapOutputRecords" : 5083322,
      "combineInputRecords" : 5217660,
      "reduceInputGroups" : -1,
      "reduceInputRecords" : -1,
      "reduceShuffleBytes" : -1,
      "reduceOutputRecords" : -1,
      "spilledRecords" : 254712,
      "mapInputBytes" : -1,
      "resourceUsageMetrics" : {
        "cumulativeCpuUsage" : 9160,
        "virtualMemoryUsage" : 1052471296,
        "physicalMemoryUsage" : 691519488,
        "heapUsage" : 761266176
      },
      "location" : {
        "layers" : [ "default-rack", "Slave23" ]
      },
      "hostName" : "/default-rack/Slave23"
    } ],
    "finishTime" : 1404902518283,
    "preferredLocations" : [ {
      "layers" : [ "default-rack", "Slave21" ]
    }, {
      "layers" : [ "default-rack", "Slave22" ]
    }, {
      "layers" : [ "default-rack", "Slave23" ]
    } ],
    "taskType" : "MAP",
    "taskStatus" : "SUCCESS",
    "taskID" : "task_201407031554_1514_m_000022",
    "inputBytes" : 55310751,
    "inputRecords" : 24263,
    "outputBytes" : 6746941,
    "outputRecords" : 5083322
  }, {
    "startTime" : 1404902511051,
    "attempts" : [ {
      "result" : "SUCCESS",
      "startTime" : 1404902513543,
      "finishTime" : 1404902521161,
      "attemptID" : "attempt_201407031554_1514_m_000023_0",
      "shuffleFinished" : -1,
      "sortFinished" : -1,
      "hdfsBytesRead" : 55310580,
      "hdfsBytesWritten" : -1,
      "fileBytesRead" : 4243298,
      "fileBytesWritten" : 8224752,
      "mapInputRecords" : 1354,
      "mapOutputBytes" : 76315969,
      "mapOutputRecords" : 5056361,
      "combineInputRecords" : 5190778,
      "reduceInputGroups" : -1,
      "reduceInputRecords" : -1,
      "reduceShuffleBytes" : -1,
      "reduceOutputRecords" : -1,
      "spilledRecords" : 255011,
      "mapInputBytes" : -1,
      "resourceUsageMetrics" : {
        "cumulativeCpuUsage" : 9220,
        "virtualMemoryUsage" : 1051381760,
        "physicalMemoryUsage" : 650002432,
        "heapUsage" : 721420288
      },
      "location" : {
        "layers" : [ "default-rack", "Slave23" ]
      },
      "hostName" : "/default-rack/Slave23"
    } ],
    "finishTime" : 1404902518886,
    "preferredLocations" : [ {
      "layers" : [ "default-rack", "Slave21" ]
    }, {
      "layers" : [ "default-rack", "Slave23" ]
    }, {
      "layers" : [ "default-rack", "Slave22" ]
    } ],
    "taskType" : "MAP",
    "taskStatus" : "SUCCESS",
    "taskID" : "task_201407031554_1514_m_000023",
    "inputBytes" : 55310580,
    "inputRecords" : 1354,
    "outputBytes" : 8224752,
    "outputRecords" : 5056361
  }, {
    "startTime" : 1404902518152,
    "attempts" : [ {
      "result" : "SUCCESS",
      "startTime" : 1404902510638,
      "finishTime" : 1404902518323,
      "attemptID" : "attempt_201407031554_1514_m_000024_0",
      "shuffleFinished" : -1,
      "sortFinished" : -1,
      "hdfsBytesRead" : 55310286,
      "hdfsBytesWritten" : -1,
      "fileBytesRead" : 4213764,
      "fileBytesWritten" : 8160137,
      "mapInputRecords" : 1376,
      "mapOutputBytes" : 76305293,
      "mapOutputRecords" : 5057642,
      "combineInputRecords" : 5192436,
      "reduceInputGroups" : -1,
      "reduceInputRecords" : -1,
      "reduceShuffleBytes" : -1,
      "reduceOutputRecords" : -1,
      "spilledRecords" : 255783,
      "mapInputBytes" : -1,
      "resourceUsageMetrics" : {
        "cumulativeCpuUsage" : 9350,
        "virtualMemoryUsage" : 1055735808,
        "physicalMemoryUsage" : 633806848,
        "heapUsage" : 703332352
      },
      "location" : {
        "layers" : [ "default-rack", "Slave21" ]
      },
      "hostName" : "/default-rack/Slave21"
    } ],
    "finishTime" : 1404902525984,
    "preferredLocations" : [ {
      "layers" : [ "default-rack", "Master2" ]
    }, {
      "layers" : [ "default-rack", "Slave22" ]
    }, {
      "layers" : [ "default-rack", "Slave21" ]
    } ],
    "taskType" : "MAP",
    "taskStatus" : "SUCCESS",
    "taskID" : "task_201407031554_1514_m_000024",
    "inputBytes" : 55310286,
    "inputRecords" : 1376,
    "outputBytes" : 8160137,
    "outputRecords" : 5057642
  }, {
    "startTime" : 1404902518240,
    "attempts" : [ {
      "result" : "SUCCESS",
      "startTime" : 1404902518241,
      "finishTime" : 1404902525831,
      "attemptID" : "attempt_201407031554_1514_m_000025_0",
      "shuffleFinished" : -1,
      "sortFinished" : -1,
      "hdfsBytesRead" : 55309453,
      "hdfsBytesWritten" : -1,
      "fileBytesRead" : 3484448,
      "fileBytesWritten" : 6703016,
      "mapInputRecords" : 1320,
      "mapOutputBytes" : 76516349,
      "mapOutputRecords" : 5082886,
      "combineInputRecords" : 5217228,
      "reduceInputGroups" : -1,
      "reduceInputRecords" : -1,
      "reduceShuffleBytes" : -1,
      "reduceOutputRecords" : -1,
      "spilledRecords" : 254680,
      "mapInputBytes" : -1,
      "resourceUsageMetrics" : {
        "cumulativeCpuUsage" : 8660,
        "virtualMemoryUsage" : 1053478912,
        "physicalMemoryUsage" : 681582592,
        "heapUsage" : 749993984
      },
      "location" : {
        "layers" : [ "default-rack", "Master2" ]
      },
      "hostName" : "/default-rack/Master2"
    } ],
    "finishTime" : 1404902526062,
    "preferredLocations" : [ {
      "layers" : [ "default-rack", "Master2" ]
    }, {
      "layers" : [ "default-rack", "Slave21" ]
    }, {
      "layers" : [ "default-rack", "Slave22" ]
    } ],
    "taskType" : "MAP",
    "taskStatus" : "SUCCESS",
    "taskID" : "task_201407031554_1514_m_000025",
    "inputBytes" : 55309453,
    "inputRecords" : 1320,
    "outputBytes" : 6703016,
    "outputRecords" : 5082886
  }, {
    "startTime" : 1404902518283,
    "attempts" : [ {
      "result" : "SUCCESS",
      "startTime" : 1404902520775,
      "finishTime" : 1404902528535,
      "attemptID" : "attempt_201407031554_1514_m_000026_0",
      "shuffleFinished" : -1,
      "sortFinished" : -1,
      "hdfsBytesRead" : 55308720,
      "hdfsBytesWritten" : -1,
      "fileBytesRead" : 3781128,
      "fileBytesWritten" : 7289193,
      "mapInputRecords" : 1332,
      "mapOutputBytes" : 76557085,
      "mapOutputRecords" : 5082494,
      "combineInputRecords" : 5216998,
      "reduceInputGroups" : -1,
      "reduceInputRecords" : -1,
      "reduceShuffleBytes" : -1,
      "reduceOutputRecords" : -1,
      "spilledRecords" : 255070,
      "mapInputBytes" : -1,
      "resourceUsageMetrics" : {
        "cumulativeCpuUsage" : 8870,
        "virtualMemoryUsage" : 1052803072,
        "physicalMemoryUsage" : 724336640,
        "heapUsage" : 792461312
      },
      "location" : {
        "layers" : [ "default-rack", "Slave23" ]
      },
      "hostName" : "/default-rack/Slave23"
    } ],
    "finishTime" : 1404902526113,
    "preferredLocations" : [ {
      "layers" : [ "default-rack", "Master2" ]
    }, {
      "layers" : [ "default-rack", "Slave21" ]
    }, {
      "layers" : [ "default-rack", "Slave23" ]
    } ],
    "taskType" : "MAP",
    "taskStatus" : "SUCCESS",
    "taskID" : "task_201407031554_1514_m_000026",
    "inputBytes" : 55308720,
    "inputRecords" : 1332,
    "outputBytes" : 7289193,
    "outputRecords" : 5082494
  }, {
    "startTime" : 1404902518886,
    "attempts" : [ {
      "result" : "SUCCESS",
      "startTime" : 1404902521379,
      "finishTime" : 1404902529140,
      "attemptID" : "attempt_201407031554_1514_m_000028_0",
      "shuffleFinished" : -1,
      "sortFinished" : -1,
      "hdfsBytesRead" : 55307951,
      "hdfsBytesWritten" : -1,
      "fileBytesRead" : 3545536,
      "fileBytesWritten" : 6813224,
      "mapInputRecords" : 24260,
      "mapOutputBytes" : 76604278,
      "mapOutputRecords" : 5104992,
      "combineInputRecords" : 5239843,
      "reduceInputGroups" : -1,
      "reduceInputRecords" : -1,
      "reduceShuffleBytes" : -1,
      "reduceOutputRecords" : -1,
      "spilledRecords" : 255507,
      "mapInputBytes" : -1,
      "resourceUsageMetrics" : {
        "cumulativeCpuUsage" : 9290,
        "virtualMemoryUsage" : 1051713536,
        "physicalMemoryUsage" : 673452032,
        "heapUsage" : 744488960
      },
      "location" : {
        "layers" : [ "default-rack", "Slave23" ]
      },
      "hostName" : "/default-rack/Slave23"
    } ],
    "finishTime" : 1404902526716,
    "preferredLocations" : [ {
      "layers" : [ "default-rack", "Master2" ]
    }, {
      "layers" : [ "default-rack", "Slave23" ]
    }, {
      "layers" : [ "default-rack", "Slave21" ]
    } ],
    "taskType" : "MAP",
    "taskStatus" : "SUCCESS",
    "taskID" : "task_201407031554_1514_m_000028",
    "inputBytes" : 55307951,
    "inputRecords" : 24260,
    "outputBytes" : 6813224,
    "outputRecords" : 5104992
  }, {
    "startTime" : 1404902525984,
    "attempts" : [ {
      "result" : "SUCCESS",
      "startTime" : 1404902518473,
      "finishTime" : 1404902527940,
      "attemptID" : "attempt_201407031554_1514_m_000027_0",
      "shuffleFinished" : -1,
      "sortFinished" : -1,
      "hdfsBytesRead" : 55308134,
      "hdfsBytesWritten" : -1,
      "fileBytesRead" : 4158934,
      "fileBytesWritten" : 8047615,
      "mapInputRecords" : 1297,
      "mapOutputBytes" : 76122884,
      "mapOutputRecords" : 5048193,
      "combineInputRecords" : 5182616,
      "reduceInputGroups" : -1,
      "reduceInputRecords" : -1,
      "reduceShuffleBytes" : -1,
      "reduceOutputRecords" : -1,
      "spilledRecords" : 255107,
      "mapInputBytes" : -1,
      "resourceUsageMetrics" : {
        "cumulativeCpuUsage" : 13740,
        "virtualMemoryUsage" : 1053376512,
        "physicalMemoryUsage" : 546492416,
        "heapUsage" : 624951296
      },
      "location" : {
        "layers" : [ "default-rack", "Slave21" ]
      },
      "hostName" : "/default-rack/Slave21"
    } ],
    "finishTime" : 1404902535623,
    "preferredLocations" : [ {
      "layers" : [ "default-rack", "Master2" ]
    }, {
      "layers" : [ "default-rack", "Slave22" ]
    }, {
      "layers" : [ "default-rack", "Slave21" ]
    } ],
    "taskType" : "MAP",
    "taskStatus" : "SUCCESS",
    "taskID" : "task_201407031554_1514_m_000027",
    "inputBytes" : 55308134,
    "inputRecords" : 1297,
    "outputBytes" : 8047615,
    "outputRecords" : 5048193
  }, {
    "startTime" : 1404902526062,
    "attempts" : [ {
      "result" : "SUCCESS",
      "startTime" : 1404902526063,
      "finishTime" : 1404902535470,
      "attemptID" : "attempt_201407031554_1514_m_000029_0",
      "shuffleFinished" : -1,
      "sortFinished" : -1,
      "hdfsBytesRead" : 55307562,
      "hdfsBytesWritten" : -1,
      "fileBytesRead" : 4208042,
      "fileBytesWritten" : 8140365,
      "mapInputRecords" : 1353,
      "mapOutputBytes" : 76333513,
      "mapOutputRecords" : 5060079,
      "combineInputRecords" : 5194665,
      "reduceInputGroups" : -1,
      "reduceInputRecords" : -1,
      "reduceShuffleBytes" : -1,
      "reduceOutputRecords" : -1,
      "spilledRecords" : 255245,
      "mapInputBytes" : -1,
      "resourceUsageMetrics" : {
        "cumulativeCpuUsage" : 13080,
        "virtualMemoryUsage" : 1051279360,
        "physicalMemoryUsage" : 577232896,
        "heapUsage" : 657981440
      },
      "location" : {
        "layers" : [ "default-rack", "Master2" ]
      },
      "hostName" : "/default-rack/Master2"
    } ],
    "finishTime" : 1404902535717,
    "preferredLocations" : [ {
      "layers" : [ "default-rack", "Master2" ]
    }, {
      "layers" : [ "default-rack", "Slave23" ]
    }, {
      "layers" : [ "default-rack", "Slave22" ]
    } ],
    "taskType" : "MAP",
    "taskStatus" : "SUCCESS",
    "taskID" : "task_201407031554_1514_m_000029",
    "inputBytes" : 55307562,
    "inputRecords" : 1353,
    "outputBytes" : 8140365,
    "outputRecords" : 5060079
  }, {
    "startTime" : 1404902526113,
    "attempts" : [ {
      "result" : "SUCCESS",
      "startTime" : 1404902528605,
      "finishTime" : 1404902538389,
      "attemptID" : "attempt_201407031554_1514_m_000030_0",
      "shuffleFinished" : -1,
      "sortFinished" : -1,
      "hdfsBytesRead" : 55307411,
      "hdfsBytesWritten" : -1,
      "fileBytesRead" : 4383982,
      "fileBytesWritten" : 8498902,
      "mapInputRecords" : 1341,
      "mapOutputBytes" : 76466150,
      "mapOutputRecords" : 5057246,
      "combineInputRecords" : 5191684,
      "reduceInputGroups" : -1,
      "reduceInputRecords" : -1,
      "reduceShuffleBytes" : -1,
      "reduceOutputRecords" : -1,
      "spilledRecords" : 255044,
      "mapInputBytes" : -1,
      "resourceUsageMetrics" : {
        "cumulativeCpuUsage" : 13930,
        "virtualMemoryUsage" : 1052835840,
        "physicalMemoryUsage" : 545779712,
        "heapUsage" : 624689152
      },
      "location" : {
        "layers" : [ "default-rack", "Slave23" ]
      },
      "hostName" : "/default-rack/Slave23"
    } ],
    "finishTime" : 1404902536048,
    "preferredLocations" : [ {
      "layers" : [ "default-rack", "Master2" ]
    }, {
      "layers" : [ "default-rack", "Slave22" ]
    }, {
      "layers" : [ "default-rack", "Slave23" ]
    } ],
    "taskType" : "MAP",
    "taskStatus" : "SUCCESS",
    "taskID" : "task_201407031554_1514_m_000030",
    "inputBytes" : 55307411,
    "inputRecords" : 1341,
    "outputBytes" : 8498902,
    "outputRecords" : 5057246
  }, {
    "startTime" : 1404902526716,
    "attempts" : [ {
      "result" : "SUCCESS",
      "startTime" : 1404902529208,
      "finishTime" : 1404902538814,
      "attemptID" : "attempt_201407031554_1514_m_000031_0",
      "shuffleFinished" : -1,
      "sortFinished" : -1,
      "hdfsBytesRead" : 55307192,
      "hdfsBytesWritten" : -1,
      "fileBytesRead" : 4150579,
      "fileBytesWritten" : 8036463,
      "mapInputRecords" : 1343,
      "mapOutputBytes" : 76268192,
      "mapOutputRecords" : 5059155,
      "combineInputRecords" : 5193322,
      "reduceInputGroups" : -1,
      "reduceInputRecords" : -1,
      "reduceShuffleBytes" : -1,
      "reduceOutputRecords" : -1,
      "spilledRecords" : 254585,
      "mapInputBytes" : -1,
      "resourceUsageMetrics" : {
        "cumulativeCpuUsage" : 13780,
        "virtualMemoryUsage" : 1055473664,
        "physicalMemoryUsage" : 552415232,
        "heapUsage" : 629145600
      },
      "location" : {
        "layers" : [ "default-rack", "Slave23" ]
      },
      "hostName" : "/default-rack/Slave23"
    } ],
    "finishTime" : 1404902536350,
    "preferredLocations" : [ {
      "layers" : [ "default-rack", "Slave22" ]
    }, {
      "layers" : [ "default-rack", "Slave23" ]
    }, {
      "layers" : [ "default-rack", "Slave21" ]
    } ],
    "taskType" : "MAP",
    "taskStatus" : "SUCCESS",
    "taskID" : "task_201407031554_1514_m_000031",
    "inputBytes" : 55307192,
    "inputRecords" : 1343,
    "outputBytes" : 8036463,
    "outputRecords" : 5059155
  }, {
    "startTime" : 1404902535623,
    "attempts" : [ {
      "result" : "SUCCESS",
      "startTime" : 1404902528109,
      "finishTime" : 1404902535896,
      "attemptID" : "attempt_201407031554_1514_m_000032_0",
      "shuffleFinished" : -1,
      "sortFinished" : -1,
      "hdfsBytesRead" : 55307172,
      "hdfsBytesWritten" : -1,
      "fileBytesRead" : 4242274,
      "fileBytesWritten" : 8211511,
      "mapInputRecords" : 1303,
      "mapOutputBytes" : 76372936,
      "mapOutputRecords" : 5059558,
      "combineInputRecords" : 5193721,
      "reduceInputGroups" : -1,
      "reduceInputRecords" : -1,
      "reduceShuffleBytes" : -1,
      "reduceOutputRecords" : -1,
      "spilledRecords" : 254548,
      "mapInputBytes" : -1,
      "resourceUsageMetrics" : {
        "cumulativeCpuUsage" : 9440,
        "virtualMemoryUsage" : 1054040064,
        "physicalMemoryUsage" : 590835712,
        "heapUsage" : 665583616
      },
      "location" : {
        "layers" : [ "default-rack", "Slave21" ]
      },
      "hostName" : "/default-rack/Slave21"
    } ],
    "finishTime" : 1404902543474,
    "preferredLocations" : [ {
      "layers" : [ "default-rack", "Slave22" ]
    }, {
      "layers" : [ "default-rack", "Slave21" ]
    }, {
      "layers" : [ "default-rack", "Slave23" ]
    } ],
    "taskType" : "MAP",
    "taskStatus" : "SUCCESS",
    "taskID" : "task_201407031554_1514_m_000032",
    "inputBytes" : 55307172,
    "inputRecords" : 1303,
    "outputBytes" : 8211511,
    "outputRecords" : 5059558
  }, {
    "startTime" : 1404902535717,
    "attempts" : [ {
      "result" : "SUCCESS",
      "startTime" : 1404902535718,
      "finishTime" : 1404902543463,
      "attemptID" : "attempt_201407031554_1514_m_000033_0",
      "shuffleFinished" : -1,
      "sortFinished" : -1,
      "hdfsBytesRead" : 55307022,
      "hdfsBytesWritten" : -1,
      "fileBytesRead" : 3301488,
      "fileBytesWritten" : 6313781,
      "mapInputRecords" : 1330,
      "mapOutputBytes" : 76282797,
      "mapOutputRecords" : 5082741,
      "combineInputRecords" : 5216812,
      "reduceInputGroups" : -1,
      "reduceInputRecords" : -1,
      "reduceShuffleBytes" : -1,
      "reduceOutputRecords" : -1,
      "spilledRecords" : 253429,
      "mapInputBytes" : -1,
      "resourceUsageMetrics" : {
        "cumulativeCpuUsage" : 8950,
        "virtualMemoryUsage" : 1050095616,
        "physicalMemoryUsage" : 655290368,
        "heapUsage" : 727711744
      },
      "location" : {
        "layers" : [ "default-rack", "Master2" ]
      },
      "hostName" : "/default-rack/Master2"
    } ],
    "finishTime" : 1404902543544,
    "preferredLocations" : [ {
      "layers" : [ "default-rack", "Master2" ]
    }, {
      "layers" : [ "default-rack", "Slave22" ]
    }, {
      "layers" : [ "default-rack", "Slave23" ]
    } ],
    "taskType" : "MAP",
    "taskStatus" : "SUCCESS",
    "taskID" : "task_201407031554_1514_m_000033",
    "inputBytes" : 55307022,
    "inputRecords" : 1330,
    "outputBytes" : 6313781,
    "outputRecords" : 5082741
  }, {
    "startTime" : 1404902535717,
    "attempts" : [ {
      "result" : "SUCCESS",
      "startTime" : 1404902535718,
      "finishTime" : 1404902543550,
      "attemptID" : "attempt_201407031554_1514_m_000034_0",
      "shuffleFinished" : -1,
      "sortFinished" : -1,
      "hdfsBytesRead" : 55306610,
      "hdfsBytesWritten" : -1,
      "fileBytesRead" : 4244540,
      "fileBytesWritten" : 8227323,
      "mapInputRecords" : 1340,
      "mapOutputBytes" : 76347343,
      "mapOutputRecords" : 5057536,
      "combineInputRecords" : 5191888,
      "reduceInputGroups" : -1,
      "reduceInputRecords" : -1,
      "reduceShuffleBytes" : -1,
      "reduceOutputRecords" : -1,
      "spilledRecords" : 254927,
      "mapInputBytes" : -1,
      "resourceUsageMetrics" : {
        "cumulativeCpuUsage" : 9740,
        "virtualMemoryUsage" : 1050894336,
        "physicalMemoryUsage" : 607145984,
        "heapUsage" : 689438720
      },
      "location" : {
        "layers" : [ "default-rack", "Master2" ]
      },
      "hostName" : "/default-rack/Master2"
    } ],
    "finishTime" : 1404902543844,
    "preferredLocations" : [ {
      "layers" : [ "default-rack", "Master2" ]
    }, {
      "layers" : [ "default-rack", "Slave22" ]
    }, {
      "layers" : [ "default-rack", "Slave21" ]
    } ],
    "taskType" : "MAP",
    "taskStatus" : "SUCCESS",
    "taskID" : "task_201407031554_1514_m_000034",
    "inputBytes" : 55306610,
    "inputRecords" : 1340,
    "outputBytes" : 8227323,
    "outputRecords" : 5057536
  }, {
    "startTime" : 1404902535862,
    "attempts" : [ {
      "result" : "SUCCESS",
      "startTime" : 1404902523617,
      "finishTime" : 1404902532830,
      "attemptID" : "attempt_201407031554_1514_m_000039_0",
      "shuffleFinished" : -1,
      "sortFinished" : -1,
      "hdfsBytesRead" : 55303550,
      "hdfsBytesWritten" : -1,
      "fileBytesRead" : 4165079,
      "fileBytesWritten" : 8057231,
      "mapInputRecords" : 1364,
      "mapOutputBytes" : 76282562,
      "mapOutputRecords" : 5060255,
      "combineInputRecords" : 5194797,
      "reduceInputGroups" : -1,
      "reduceInputRecords" : -1,
      "reduceShuffleBytes" : -1,
      "reduceOutputRecords" : -1,
      "spilledRecords" : 255225,
      "mapInputBytes" : -1,
      "resourceUsageMetrics" : {
        "cumulativeCpuUsage" : 13070,
        "virtualMemoryUsage" : 1053855744,
        "physicalMemoryUsage" : 581337088,
        "heapUsage" : 659030016
      },
      "location" : {
        "layers" : [ "default-rack", "Slave22" ]
      },
      "hostName" : "/default-rack/Slave22"
    }, {
      "result" : "KILLED",
      "startTime" : 1404902536562,
      "finishTime" : 1404902539908,
      "attemptID" : "attempt_201407031554_1514_m_000039_1",
      "shuffleFinished" : -1,
      "sortFinished" : -1,
      "hdfsBytesRead" : -1,
      "hdfsBytesWritten" : -1,
      "fileBytesRead" : -1,
      "fileBytesWritten" : -1,
      "mapInputRecords" : -1,
      "mapOutputBytes" : -1,
      "mapOutputRecords" : -1,
      "combineInputRecords" : -1,
      "reduceInputGroups" : -1,
      "reduceInputRecords" : -1,
      "reduceShuffleBytes" : -1,
      "reduceOutputRecords" : -1,
      "spilledRecords" : -1,
      "mapInputBytes" : -1,
      "resourceUsageMetrics" : {
        "cumulativeCpuUsage" : 0,
        "virtualMemoryUsage" : 0,
        "physicalMemoryUsage" : 0,
        "heapUsage" : 0
      },
      "location" : null,
      "hostName" : null
    } ],
    "finishTime" : 1404902545195,
    "preferredLocations" : [ {
      "layers" : [ "default-rack", "Master2" ]
    }, {
      "layers" : [ "default-rack", "Slave22" ]
    }, {
      "layers" : [ "default-rack", "Slave21" ]
    } ],
    "taskType" : "MAP",
    "taskStatus" : "SUCCESS",
    "taskID" : "task_201407031554_1514_m_000039",
    "inputBytes" : 55303550,
    "inputRecords" : 1364,
    "outputBytes" : 8057231,
    "outputRecords" : 5060255
  }, {
    "startTime" : 1404902536048,
    "attempts" : [ {
      "result" : "SUCCESS",
      "startTime" : 1404902538540,
      "finishTime" : 1404902546771,
      "attemptID" : "attempt_201407031554_1514_m_000035_0",
      "shuffleFinished" : -1,
      "sortFinished" : -1,
      "hdfsBytesRead" : 55304936,
      "hdfsBytesWritten" : -1,
      "fileBytesRead" : 4318795,
      "fileBytesWritten" : 8361899,
      "mapInputRecords" : 1365,
      "mapOutputBytes" : 76399192,
      "mapOutputRecords" : 5056270,
      "combineInputRecords" : 5190634,
      "reduceInputGroups" : -1,
      "reduceInputRecords" : -1,
      "reduceShuffleBytes" : -1,
      "reduceOutputRecords" : -1,
      "spilledRecords" : 255025,
      "mapInputBytes" : -1,
      "resourceUsageMetrics" : {
        "cumulativeCpuUsage" : 10040,
        "virtualMemoryUsage" : 1051402240,
        "physicalMemoryUsage" : 603209728,
        "heapUsage" : 678690816
      },
      "location" : {
        "layers" : [ "default-rack", "Slave23" ]
      },
      "hostName" : "/default-rack/Slave23"
    } ],
    "finishTime" : 1404902544478,
    "preferredLocations" : [ {
      "layers" : [ "default-rack", "Master2" ]
    }, {
      "layers" : [ "default-rack", "Slave23" ]
    }, {
      "layers" : [ "default-rack", "Slave21" ]
    } ],
    "taskType" : "MAP",
    "taskStatus" : "SUCCESS",
    "taskID" : "task_201407031554_1514_m_000035",
    "inputBytes" : 55304936,
    "inputRecords" : 1365,
    "outputBytes" : 8361899,
    "outputRecords" : 5056270
  }, {
    "startTime" : 1404902536164,
    "attempts" : [ {
      "result" : "SUCCESS",
      "startTime" : 1404902523919,
      "finishTime" : 1404902531761,
      "attemptID" : "attempt_201407031554_1514_m_000036_0",
      "shuffleFinished" : -1,
      "sortFinished" : -1,
      "hdfsBytesRead" : 55304933,
      "hdfsBytesWritten" : -1,
      "fileBytesRead" : 3587073,
      "fileBytesWritten" : 6895238,
      "mapInputRecords" : 47228,
      "mapOutputBytes" : 76378990,
      "mapOutputRecords" : 5106421,
      "combineInputRecords" : 5241169,
      "reduceInputGroups" : -1,
      "reduceInputRecords" : -1,
      "reduceShuffleBytes" : -1,
      "reduceOutputRecords" : -1,
      "spilledRecords" : 255332,
      "mapInputBytes" : -1,
      "resourceUsageMetrics" : {
        "cumulativeCpuUsage" : 9020,
        "virtualMemoryUsage" : 1055223808,
        "physicalMemoryUsage" : 767676416,
        "heapUsage" : 833093632
      },
      "location" : {
        "layers" : [ "default-rack", "Slave22" ]
      },
      "hostName" : "/default-rack/Slave22"
    } ],
    "finishTime" : 1404902544292,
    "preferredLocations" : [ {
      "layers" : [ "default-rack", "Master2" ]
    }, {
      "layers" : [ "default-rack", "Slave21" ]
    }, {
      "layers" : [ "default-rack", "Slave23" ]
    } ],
    "taskType" : "MAP",
    "taskStatus" : "SUCCESS",
    "taskID" : "task_201407031554_1514_m_000036",
    "inputBytes" : 55304933,
    "inputRecords" : 47228,
    "outputBytes" : 6895238,
    "outputRecords" : 5106421
  }, {
    "startTime" : 1404902536350,
    "attempts" : [ {
      "result" : "SUCCESS",
      "startTime" : 1404902538842,
      "finishTime" : 1404902546842,
      "attemptID" : "attempt_201407031554_1514_m_000037_0",
      "shuffleFinished" : -1,
      "sortFinished" : -1,
      "hdfsBytesRead" : 55303858,
      "hdfsBytesWritten" : -1,
      "fileBytesRead" : 3598915,
      "fileBytesWritten" : 6927605,
      "mapInputRecords" : 1309,
      "mapOutputBytes" : 76260074,
      "mapOutputRecords" : 5070089,
      "combineInputRecords" : 5204478,
      "reduceInputGroups" : -1,
      "reduceInputRecords" : -1,
      "reduceShuffleBytes" : -1,
      "reduceOutputRecords" : -1,
      "spilledRecords" : 254970,
      "mapInputBytes" : -1,
      "resourceUsageMetrics" : {
        "cumulativeCpuUsage" : 9630,
        "virtualMemoryUsage" : 1056137216,
        "physicalMemoryUsage" : 603164672,
        "heapUsage" : 678428672
      },
      "location" : {
        "layers" : [ "default-rack", "Slave23" ]
      },
      "hostName" : "/default-rack/Slave23"
    } ],
    "finishTime" : 1404902544478,
    "preferredLocations" : [ {
      "layers" : [ "default-rack", "Master2" ]
    }, {
      "layers" : [ "default-rack", "Slave23" ]
    }, {
      "layers" : [ "default-rack", "Slave21" ]
    } ],
    "taskType" : "MAP",
    "taskStatus" : "SUCCESS",
    "taskID" : "task_201407031554_1514_m_000037",
    "inputBytes" : 55303858,
    "inputRecords" : 1309,
    "outputBytes" : 6927605,
    "outputRecords" : 5070089
  }, {
    "startTime" : 1404902537454,
    "attempts" : [ {
      "result" : "SUCCESS",
      "startTime" : 1404902529940,
      "finishTime" : 1404902537694,
      "attemptID" : "attempt_201407031554_1514_m_000038_0",
      "shuffleFinished" : -1,
      "sortFinished" : -1,
      "hdfsBytesRead" : 55303820,
      "hdfsBytesWritten" : -1,
      "fileBytesRead" : 3494723,
      "fileBytesWritten" : 6716451,
      "mapInputRecords" : 1328,
      "mapOutputBytes" : 76391465,
      "mapOutputRecords" : 5079251,
      "combineInputRecords" : 5213755,
      "reduceInputGroups" : -1,
      "reduceInputRecords" : -1,
      "reduceShuffleBytes" : -1,
      "reduceOutputRecords" : -1,
      "spilledRecords" : 255031,
      "mapInputBytes" : -1,
      "resourceUsageMetrics" : {
        "cumulativeCpuUsage" : 9040,
        "virtualMemoryUsage" : 1052471296,
        "physicalMemoryUsage" : 643846144,
        "heapUsage" : 715390976
      },
      "location" : {
        "layers" : [ "default-rack", "Slave21" ]
      },
      "hostName" : "/default-rack/Slave21"
    }, {
      "result" : "KILLED",
      "startTime" : 1404902543545,
      "finishTime" : 1404902546880,
      "attemptID" : "attempt_201407031554_1514_m_000038_1",
      "shuffleFinished" : -1,
      "sortFinished" : -1,
      "hdfsBytesRead" : -1,
      "hdfsBytesWritten" : -1,
      "fileBytesRead" : -1,
      "fileBytesWritten" : -1,
      "mapInputRecords" : -1,
      "mapOutputBytes" : -1,
      "mapOutputRecords" : -1,
      "combineInputRecords" : -1,
      "reduceInputGroups" : -1,
      "reduceInputRecords" : -1,
      "reduceShuffleBytes" : -1,
      "reduceOutputRecords" : -1,
      "spilledRecords" : -1,
      "mapInputBytes" : -1,
      "resourceUsageMetrics" : {
        "cumulativeCpuUsage" : 0,
        "virtualMemoryUsage" : 0,
        "physicalMemoryUsage" : 0,
        "heapUsage" : 0
      },
      "location" : null,
      "hostName" : null
    } ],
    "finishTime" : 1404902545282,
    "preferredLocations" : [ {
      "layers" : [ "default-rack", "Master2" ]
    }, {
      "layers" : [ "default-rack", "Slave23" ]
    }, {
      "layers" : [ "default-rack", "Slave21" ]
    } ],
    "taskType" : "MAP",
    "taskStatus" : "SUCCESS",
    "taskID" : "task_201407031554_1514_m_000038",
    "inputBytes" : 55303820,
    "inputRecords" : 1328,
    "outputBytes" : 6716451,
    "outputRecords" : 5079251
  } ],
  "finishTime" : 1404902561250,
  "reduceTasks" : [ {
    "startTime" : 1404902482263,
    "attempts" : [ {
      "result" : "SUCCESS",
      "startTime" : 1404902470022,
      "finishTime" : 1404902547888,
      "attemptID" : "attempt_201407031554_1514_r_000000_0",
      "shuffleFinished" : 1404902537891,
      "sortFinished" : 1404902538196,
      "hdfsBytesRead" : -1,
      "hdfsBytesWritten" : 14179137,
      "fileBytesRead" : -1,
      "fileBytesWritten" : 58926,
      "mapInputRecords" : -1,
      "mapOutputBytes" : -1,
      "mapOutputRecords" : -1,
      "combineInputRecords" : 0,
      "reduceInputGroups" : 2688108,
      "reduceInputRecords" : 5172180,
      "reduceShuffleBytes" : 156761210,
      "reduceOutputRecords" : 2688108,
      "spilledRecords" : 0,
      "mapInputBytes" : -1,
      "resourceUsageMetrics" : {
        "cumulativeCpuUsage" : 12820,
        "virtualMemoryUsage" : 727048192,
        "physicalMemoryUsage" : 389025792,
        "heapUsage" : 284426240
      },
      "location" : {
        "layers" : [ "default-rack", "Slave22" ]
      },
      "hostName" : "/default-rack/Slave22"
    } ],
    "finishTime" : 1404902560269,
    "preferredLocations" : [ ],
    "taskType" : "REDUCE",
    "taskStatus" : "SUCCESS",
    "taskID" : "task_201407031554_1514_r_000000",
    "inputBytes" : 156761210,
    "inputRecords" : 5172180,
    "outputBytes" : 14179137,
    "outputRecords" : 2688108
  }, {
    "startTime" : 1404902482354,
    "attempts" : [ {
      "result" : "SUCCESS",
      "startTime" : 1404902474841,
      "finishTime" : 1404902552610,
      "attemptID" : "attempt_201407031554_1514_r_000001_0",
      "shuffleFinished" : 1404902542647,
      "sortFinished" : 1404902542880,
      "hdfsBytesRead" : -1,
      "hdfsBytesWritten" : 14186353,
      "fileBytesRead" : -1,
      "fileBytesWritten" : 58926,
      "mapInputRecords" : -1,
      "mapOutputBytes" : -1,
      "mapOutputRecords" : -1,
      "combineInputRecords" : 0,
      "reduceInputGroups" : 2689272,
      "reduceInputRecords" : 5167801,
      "reduceShuffleBytes" : 156626406,
      "reduceOutputRecords" : 2689272,
      "spilledRecords" : 0,
      "mapInputBytes" : -1,
      "resourceUsageMetrics" : {
        "cumulativeCpuUsage" : 12870,
        "virtualMemoryUsage" : 731332608,
        "physicalMemoryUsage" : 408633344,
        "heapUsage" : 379584512
      },
      "location" : {
        "layers" : [ "default-rack", "Slave21" ]
      },
      "hostName" : "/default-rack/Slave21"
    } ],
    "finishTime" : 1404902560343,
    "preferredLocations" : [ ],
    "taskType" : "REDUCE",
    "taskStatus" : "SUCCESS",
    "taskID" : "task_201407031554_1514_r_000001",
    "inputBytes" : 156626406,
    "inputRecords" : 5167801,
    "outputBytes" : 14186353,
    "outputRecords" : 2689272
  } ],
  "submitTime" : 1404902452673,
  "launchTime" : 1404902452717,
  "totalMaps" : 40,
  "totalReduces" : 2,
  "otherTasks" : [ {
    "startTime" : 1404902452748,
    "attempts" : [ {
      "result" : "SUCCESS",
      "startTime" : 1404902440576,
      "finishTime" : 1404902441190,
      "attemptID" : "attempt_201407031554_1514_m_000041_0",
      "shuffleFinished" : -1,
      "sortFinished" : -1,
      "hdfsBytesRead" : -1,
      "hdfsBytesWritten" : -1,
      "fileBytesRead" : -1,
      "fileBytesWritten" : 59018,
      "mapInputRecords" : -1,
      "mapOutputBytes" : -1,
      "mapOutputRecords" : -1,
      "combineInputRecords" : -1,
      "reduceInputGroups" : -1,
      "reduceInputRecords" : -1,
      "reduceShuffleBytes" : -1,
      "reduceOutputRecords" : -1,
      "spilledRecords" : 0,
      "mapInputBytes" : -1,
      "resourceUsageMetrics" : {
        "cumulativeCpuUsage" : 40,
        "virtualMemoryUsage" : 1048580096,
        "physicalMemoryUsage" : 62791680,
        "heapUsage" : 81788928
      },
      "location" : {
        "layers" : [ "default-rack", "Slave22" ]
      },
      "hostName" : "/default-rack/Slave22"
    } ],
    "finishTime" : 1404902453654,
    "preferredLocations" : [ ],
    "taskType" : "SETUP",
    "taskStatus" : "SUCCESS",
    "taskID" : "task_201407031554_1514_m_000041",
    "inputBytes" : -1,
    "inputRecords" : -1,
    "outputBytes" : -1,
    "outputRecords" : -1
  }, {
    "startTime" : 1404902560345,
    "attempts" : [ {
      "result" : "SUCCESS",
      "startTime" : 1404902552833,
      "finishTime" : 1404902553509,
      "attemptID" : "attempt_201407031554_1514_m_000040_0",
      "shuffleFinished" : -1,
      "sortFinished" : -1,
      "hdfsBytesRead" : -1,
      "hdfsBytesWritten" : -1,
      "fileBytesRead" : -1,
      "fileBytesWritten" : 59018,
      "mapInputRecords" : -1,
      "mapOutputBytes" : -1,
      "mapOutputRecords" : -1,
      "combineInputRecords" : -1,
      "reduceInputGroups" : -1,
      "reduceInputRecords" : -1,
      "reduceShuffleBytes" : -1,
      "reduceOutputRecords" : -1,
      "spilledRecords" : 0,
      "mapInputBytes" : -1,
      "resourceUsageMetrics" : {
        "cumulativeCpuUsage" : 40,
        "virtualMemoryUsage" : 1047470080,
        "physicalMemoryUsage" : 61759488,
        "heapUsage" : 64487424
      },
      "location" : {
        "layers" : [ "default-rack", "Slave21" ]
      },
      "hostName" : "/default-rack/Slave21"
    } ],
    "finishTime" : 1404902561250,
    "preferredLocations" : [ ],
    "taskType" : "CLEANUP",
    "taskStatus" : "SUCCESS",
    "taskID" : "task_201407031554_1514_m_000040",
    "inputBytes" : -1,
    "inputRecords" : -1,
    "outputBytes" : -1,
    "outputRecords" : -1
  } ],
  "relativeTime" : 0,
  "clusterMapMB" : -1,
  "clusterReduceMB" : -1,
  "jobMapMB" : 200,
  "jobReduceMB" : 200,
  "queue" : "default",
  "jobProperties" : {
    "fs.s3n.impl" : "org.apache.hadoop.fs.s3native.NativeS3FileSystem",
    "mapred.task.cache.levels" : "2",
    "mapreduce.job.restart.recover" : "true",
    "mapreduce.job.counters.max" : "120",
    "dfs.client.use.datanode.hostname" : "false",
    "hadoop.tmp.dir" : "/tmp/hadoop-${user.name}",
    "hadoop.native.lib" : "true",
    "map.sort.class" : "org.apache.hadoop.util.QuickSort",
    "dfs.namenode.decommission.nodes.per.interval" : "5",
    "dfs.https.need.client.auth" : "false",
    "dfs.datanode.drop.cache.behind.writes" : "false",
    "ipc.client.idlethreshold" : "4000",
    "mapred.system.dir" : "${hadoop.tmp.dir}/mapred/system",
    "dfs.datanode.data.dir.perm" : "755",
    "mapred.job.tracker.persist.jobstatus.hours" : "0",
    "dfs.namenode.logging.level" : "info",
    "dfs.datanode.address" : "0.0.0.0:50010",
    "io.skip.checksum.errors" : "false",
    "dfs.block.access.token.enable" : "false",
    "fs.default.name" : "hdfs://Master2:9000",
    "mapred.cluster.reduce.memory.mb" : "-1",
    "mapred.reducer.new-api" : "true",
    "mapred.child.tmp" : "./tmp",
    "fs.har.impl.disable.cache" : "true",
    "dfs.safemode.threshold.pct" : "0.999f",
    "mapred.skip.reduce.max.skip.groups" : "0",
    "mapred.heartbeats.in.second" : "100",
    "dfs.namenode.handler.count" : "10",
    "dfs.blockreport.initialDelay" : "0",
    "mapred.tasktracker.dns.nameserver" : "default",
    "io.sort.factor" : "10",
    "dfs.datanode.drop.cache.behind.reads" : "false",
    "mapred.task.timeout" : "600000",
    "mapred.max.tracker.failures" : "4",
    "hadoop.rpc.socket.factory.class.default" : "org.apache.hadoop.net.StandardSocketFactory",
    "mapred.job.tracker.jobhistory.lru.cache.size" : "5",
    "fs.hdfs.impl" : "org.apache.hadoop.hdfs.DistributedFileSystem",
    "mapred.queue.default.acl-administer-jobs" : "*",
    "dfs.namenode.stale.datanode.interval" : "30000",
    "mapred.output.key.class" : "org.apache.hadoop.io.Text",
    "dfs.block.access.key.update.interval" : "600",
    "mapred.skip.map.auto.incr.proc.count" : "true",
    "mapreduce.job.complete.cancel.delegation.tokens" : "true",
    "io.mapfile.bloom.size" : "1048576",
    "mapreduce.reduce.shuffle.connect.timeout" : "180000",
    "dfs.safemode.extension" : "30000",
    "mapred.jobtracker.blacklist.fault-timeout-window" : "180",
    "dfs.namenode.write.stale.datanode.ratio" : "0.5f",
    "hadoop.skip.worker.version.check" : "false",
    "tasktracker.http.threads" : "40",
    "net.topology.impl" : "org.apache.hadoop.net.NetworkTopology",
    "mapred.job.shuffle.merge.percent" : "0.8",
    "fs.ftp.impl" : "org.apache.hadoop.fs.ftp.FTPFileSystem",
    "user.name" : "itri-hadoop",
    "dfs.namenode.kerberos.internal.spnego.principal" : "${dfs.web.authentication.kerberos.principal}",
    "mapred.output.compress" : "true",
    "io.bytes.per.checksum" : "512",
    "mapred.combine.recordsBeforeProgress" : "10000",
    "mapred.healthChecker.script.timeout" : "600000",
    "topology.node.switch.mapping.impl" : "org.apache.hadoop.net.ScriptBasedMapping",
    "dfs.https.server.keystore.resource" : "ssl-server.xml",
    "mapred.reduce.slowstart.completed.maps" : "0.04",
    "mapred.reduce.max.attempts" : "4",
    "dfs.namenode.safemode.min.datanodes" : "0",
    "mapreduce.ifile.readahead.bytes" : "4194304",
    "fs.ramfs.impl" : "org.apache.hadoop.fs.InMemoryFileSystem",
    "dfs.block.access.token.lifetime" : "600",
    "mapred.skip.map.max.skip.records" : "0",
    "dfs.name.edits.dir" : "${dfs.name.dir}",
    "mapred.cluster.map.memory.mb" : "-1",
    "hadoop.security.group.mapping" : "org.apache.hadoop.security.ShellBasedUnixGroupsMapping",
    "mapred.job.tracker.persist.jobstatus.dir" : "/jobtracker/jobsInfo",
    "mapred.jar" : "hdfs://Master2:9000/tmp/hadoop-itri-hadoop/mapred/staging/itri-hadoop/.staging/job_201407031554_1514/job.jar",
    "fs.s3.buffer.dir" : "${hadoop.tmp.dir}/s3",
    "dfs.block.size" : "67108864",
    "job.end.retry.attempts" : "0",
    "fs.file.impl" : "org.apache.hadoop.fs.LocalFileSystem",
    "dfs.namenode.avoid.write.stale.datanode" : "false",
    "dfs.datanode.max.xcievers" : "4096",
    "mapred.local.dir.minspacestart" : "0",
    "mapred.output.compression.type" : "RECORD",
    "dfs.datanode.ipc.address" : "0.0.0.0:50020",
    "dfs.permissions" : "true",
    "topology.script.number.args" : "100",
    "mapreduce.job.counters.groups.max" : "50",
    "io.mapfile.bloom.error.rate" : "0.005",
    "mapred.cluster.max.reduce.memory.mb" : "-1",
    "mapred.max.tracker.blacklists" : "4",
    "mapred.task.profile.maps" : "0-2",
    "mapred.jobtracker.jobSchedulable" : "org.apache.hadoop.mapred.JobSchedulable",
    "dfs.datanode.https.address" : "0.0.0.0:50475",
    "mapred.userlog.retain.hours" : "24",
    "dfs.secondary.http.address" : "0.0.0.0:50090",
    "dfs.namenode.replication.work.multiplier.per.iteration" : "2",
    "dfs.replication.max" : "512",
    "mapred.job.tracker.persist.jobstatus.active" : "false",
    "hadoop.security.authorization" : "false",
    "local.cache.size" : "10737418240",
    "mapred.min.split.size" : "201326592",
    "dfs.namenode.delegation.token.renew-interval" : "86400000",
    "mapred.map.tasks" : "40",
    "mapred.child.java.opts" : "-Xmx200m",
    "mapred.output.value.class" : "org.apache.hadoop.io.IntWritable",
    "dfs.https.client.keystore.resource" : "ssl-client.xml",
    "ipc.client.fallback-to-simple-auth-allowed" : "false",
    "mapred.job.queue.name" : "default",
    "mapred.job.tracker.retiredjobs.cache.size" : "1000",
    "dfs.https.address" : "0.0.0.0:50470",
    "dfs.balance.bandwidthPerSec" : "1048576",
    "ipc.server.listen.queue.size" : "128",
    "dfs.namenode.invalidate.work.pct.per.iteration" : "0.32f",
    "mapred.inmem.merge.threshold" : "1100",
    "job.end.retry.interval" : "30000",
    "mapred.skip.attempts.to.start.skipping" : "2",
    "mapreduce.tasktracker.outofband.heartbeat.damper" : "1000000",
    "hadoop.security.use-weak-http-crypto" : "false",
    "fs.checkpoint.dir" : "${hadoop.tmp.dir}/dfs/namesecondary",
    "dfs.namenode.avoid.read.stale.datanode" : "false",
    "mapred.reduce.tasks" : "2",
    "mapred.merge.recordsBeforeProgress" : "10000",
    "mapred.userlog.limit.kb" : "0",
    "mapred.job.reduce.memory.mb" : "-1",
    "webinterface.private.actions" : "false",
    "dfs.max.objects" : "0",
    "hadoop.security.token.service.use_ip" : "true",
    "io.sort.spill.percent" : "0.7",
    "mapred.job.shuffle.input.buffer.percent" : "0.8",
    "mapred.map.tasks.speculative.execution" : "true",
    "hadoop.http.authentication.type" : "simple",
    "mapred.job.name" : "word count",
    "hadoop.util.hash.type" : "murmur",
    "dfs.datanode.dns.nameserver" : "default",
    "hadoop.security.instrumentation.requires.admin" : "false",
    "dfs.blockreport.intervalMsec" : "3600000",
    "dfs.datanode.readahead.bytes" : "4193404",
    "mapred.map.max.attempts" : "4",
    "mapreduce.job.acl-view-job" : " ",
    "mapreduce.ifile.readahead" : "true",
    "mapred.jobtracker.nodegroup.aware" : "false",
    "mapred.job.tracker.handler.count" : "10",
    "dfs.client.block.write.retries" : "3",
    "mapreduce.reduce.shuffle.read.timeout" : "180000",
    "mapred.tasktracker.expiry.interval" : "600000",
    "dfs.secondary.namenode.kerberos.internal.spnego.principal" : "${dfs.web.authentication.kerberos.principal}",
    "dfs.https.enable" : "false",
    "mapred.jobtracker.job.history.block.size" : "3145728",
    "mapred.jobtracker.maxtasks.per.job" : "-1",
    "keep.failed.task.files" : "false",
    "dfs.datanode.use.datanode.hostname" : "false",
    "dfs.datanode.failed.volumes.tolerated" : "0",
    "ipc.client.tcpnodelay" : "false",
    "mapred.task.profile.reduces" : "0-2",
    "io.map.index.skip" : "0",
    "mapred.output.compression.codec" : "org.apache.hadoop.io.compress.DefaultCodec",
    "hadoop.http.authentication.token.validity" : "36000",
    "ipc.server.tcpnodelay" : "false",
    "hadoop.jetty.logs.serve.aliases" : "true",
    "mapred.working.dir" : "hdfs://Master2:9000/user/itri-hadoop",
    "mapred.jobtracker.blacklist.fault-bucket-width" : "15",
    "dfs.namenode.delegation.key.update-interval" : "86400000",
    "mapred.used.genericoptionsparser" : "true",
    "mapred.job.map.memory.mb" : "-1",
    "mapred.mapper.new-api" : "true",
    "dfs.default.chunk.view.size" : "32768",
    "hadoop.logfile.size" : "10000000",
    "mapred.reduce.tasks.speculative.execution" : "true",
    "mapreduce.tasktracker.outofband.heartbeat" : "false",
    "mapreduce.job.dir" : "hdfs://Master2:9000/tmp/hadoop-itri-hadoop/mapred/staging/itri-hadoop/.staging/job_201407031554_1514",
    "mapreduce.reduce.input.limit" : "-1",
    "dfs.datanode.du.reserved" : "0",
    "dfs.datanode.sync.behind.writes" : "false",
    "hadoop.security.authentication" : "simple",
    "fs.checkpoint.period" : "3600",
    "mapred.job.reuse.jvm.num.tasks" : "4",
    "dfs.web.ugi" : "webuser,webgroup",
    "mapred.jobtracker.completeuserjobs.maximum" : "100",
    "dfs.df.interval" : "60000",
    "mapred.task.tracker.task-controller" : "org.apache.hadoop.mapred.DefaultTaskController",
    "dfs.data.dir" : "${hadoop.tmp.dir}/dfs/data",
    "fs.s3.maxRetries" : "4",
    "dfs.datanode.dns.interface" : "default",
    "mapred.cluster.max.map.memory.mb" : "-1",
    "mapreduce.reduce.shuffle.maxfetchfailures" : "10",
    "mapred.map.child.java.opts" : "-Xmx800M",
    "mapreduce.job.acl-modify-job" : " ",
    "fs.hftp.impl" : "org.apache.hadoop.hdfs.HftpFileSystem",
    "mapred.local.dir" : "${hadoop.tmp.dir}/mapred/local",
    "dfs.permissions.supergroup" : "supergroup",
    "fs.s3.sleepTimeSeconds" : "10",
    "fs.trash.interval" : "0",
    "mapred.submit.replication" : "10",
    "dfs.replication.min" : "1",
    "fs.har.impl" : "org.apache.hadoop.fs.HarFileSystem",
    "hadoop.relaxed.worker.version.check" : "false",
    "mapred.map.output.compression.codec" : "org.apache.hadoop.io.compress.DefaultCodec",
    "mapred.tasktracker.dns.interface" : "default",
    "dfs.http.address" : "0.0.0.0:50070",
    "dfs.namenode.decommission.interval" : "30",
    "mapred.job.tracker" : "Master2:9001",
    "dfs.heartbeat.interval" : "3",
    "hadoop.http.authentication.signature.secret.file" : "${user.home}/hadoop-http-auth-signature-secret",
    "io.seqfile.sorter.recordlimit" : "1000000",
    "mapreduce.job.submithost" : "Master2",
    "dfs.name.dir" : "${hadoop.tmp.dir}/dfs/name",
    "mapred.jobtracker.taskScheduler" : "org.apache.hadoop.mapred.JobQueueTaskScheduler",
    "mapred.line.input.format.linespermap" : "1",
    "dfs.datanode.http.address" : "0.0.0.0:50075",
    "fs.webhdfs.impl" : "org.apache.hadoop.hdfs.web.WebHdfsFileSystem",
    "mapred.local.dir.minspacekill" : "0",
    "dfs.image.transfer.bandwidthPerSec" : "0",
    "dfs.replication.interval" : "3",
    "io.sort.record.percent" : "0.09",
    "hadoop.http.authentication.kerberos.principal" : "HTTP/localhost@LOCALHOST",
    "mapreduce.reduce.class" : "org.apache.hadoop.examples.WordCount$IntSumReducer",
    "fs.kfs.impl" : "org.apache.hadoop.fs.kfs.KosmosFileSystem",
    "mapred.tasktracker.reduce.tasks.maximum" : "4",
    "mapred.temp.dir" : "${hadoop.tmp.dir}/mapred/temp",
    "dfs.replication" : "3",
    "fs.checkpoint.edits.dir" : "${fs.checkpoint.dir}",
    "mapreduce.jobhistory.max-age-ms" : "2592000000",
    "mapred.tasktracker.tasks.sleeptime-before-sigkill" : "5000",
    "mapred.job.reduce.input.buffer.percent" : "0.8",
    "mapred.tasktracker.indexcache.mb" : "10",
    "dfs.webhdfs.enabled" : "false",
    "mapreduce.job.split.metainfo.maxsize" : "10000000",
    "hadoop.logfile.count" : "10",
    "mapred.skip.reduce.auto.incr.proc.count" : "true",
    "mapreduce.job.submithostaddress" : "192.168.1.104",
    "io.seqfile.compress.blocksize" : "1000000",
    "fs.s3.block.size" : "67108864",
    "mapred.tasktracker.taskmemorymanager.monitoring-interval" : "5000",
    "hadoop.http.authentication.simple.anonymous.allowed" : "true",
    "mapreduce.jobtracker.staging.root.dir" : "${hadoop.tmp.dir}/mapred/staging",
    "mapred.acls.enabled" : "false",
    "mapred.queue.default.state" : "RUNNING",
    "mapred.queue.names" : "default",
    "fs.hsftp.impl" : "org.apache.hadoop.hdfs.HsftpFileSystem",
    "dfs.access.time.precision" : "3600000",
    "mapred.task.tracker.http.address" : "0.0.0.0:50060",
    "mapreduce.combine.class" : "org.apache.hadoop.examples.WordCount$IntSumReducer",
    "io.seqfile.lazydecompress" : "true",
    "mapred.reduce.parallel.copies" : "5",
    "mapred.disk.healthChecker.interval" : "60000",
    "mapred.output.dir" : "/word-out",
    "ipc.client.connection.maxidletime" : "10000",
    "io.sort.mb" : "400",
    "mapred.reduce.child.java.opts" : "-Xmx500M",
    "mapred.task.tracker.report.address" : "127.0.0.1:0",
    "hadoop.security.uid.cache.secs" : "14400",
    "mapred.compress.map.output" : "false",
    "ipc.client.kill.max" : "10",
    "mapred.healthChecker.interval" : "60000",
    "ipc.client.connect.max.retries" : "10",
    "mapreduce.map.class" : "org.apache.hadoop.examples.WordCount$TokenizerMapper",
    "fs.s3.impl" : "org.apache.hadoop.fs.s3.S3FileSystem",
    "mapred.user.jobconf.limit" : "5242880",
    "mapreduce.job.counters.group.name.max" : "128",
    "mapred.job.tracker.http.address" : "0.0.0.0:50030",
    "mapred.input.dir" : "hdfs://Master2:9000/word-in5G",
    "io.file.buffer.size" : "4096",
    "mapred.jobtracker.restart.recover" : "false",
    "io.serializations" : "org.apache.hadoop.io.serializer.WritableSerialization",
    "mapred.task.profile" : "false",
    "dfs.datanode.handler.count" : "3",
    "mapreduce.input.num.files" : "20",
    "mapreduce.jobhistory.cleaner.interval-ms" : "86400000",
    "dfs.replication.considerLoad" : "true",
    "jobclient.output.filter" : "FAILED",
    "dfs.namenode.edits.toleration.length" : "0",
    "hadoop.http.authentication.kerberos.keytab" : "${user.home}/hadoop.keytab",
    "dfs.namenode.delegation.token.max-lifetime" : "604800000",
    "mapred.tasktracker.map.tasks.maximum" : "4",
    "fs.checkpoint.size" : "67108864",
    "io.compression.codecs" : "org.apache.hadoop.io.compress.DefaultCodec,org.apache.hadoop.io.compress.GzipCodec,org.apache.hadoop.io.compress.BZip2Codec,org.apache.hadoop.io.compress.SnappyCodec",
    "mapreduce.job.counters.counter.name.max" : "64"
  },
  "computonsPerMapInputByte" : -1,
  "computonsPerMapOutputByte" : -1,
  "computonsPerReduceInputByte" : -1,
  "computonsPerReduceOutputByte" : -1,
  "heapMegabytes" : 200,
  "outcome" : "SUCCESS",
  "jobtype" : "JAVA",
  "directDependantJobs" : [ ],
  "successfulMapAttemptCDFs" : [ {
    "minimum" : 7590,
    "maximum" : 29811,
    "rankings" : [ {
      "relativeRanking" : 0.05,
      "datum" : 7590
    }, {
      "relativeRanking" : 0.1,
      "datum" : 7685
    }, {
      "relativeRanking" : 0.15,
      "datum" : 7754
    }, {
      "relativeRanking" : 0.2,
      "datum" : 7758
    }, {
      "relativeRanking" : 0.25,
      "datum" : 7761
    }, {
      "relativeRanking" : 0.3,
      "datum" : 7787
    }, {
      "relativeRanking" : 0.35,
      "datum" : 8000
    }, {
      "relativeRanking" : 0.4,
      "datum" : 9213
    }, {
      "relativeRanking" : 0.45,
      "datum" : 9467
    }, {
      "relativeRanking" : 0.5,
      "datum" : 9784
    }, {
      "relativeRanking" : 0.55,
      "datum" : 26255
    }, {
      "relativeRanking" : 0.6,
      "datum" : 26540
    }, {
      "relativeRanking" : 0.65,
      "datum" : 26628
    }, {
      "relativeRanking" : 0.7,
      "datum" : 26770
    }, {
      "relativeRanking" : 0.75,
      "datum" : 26826
    }, {
      "relativeRanking" : 0.8,
      "datum" : 27100
    }, {
      "relativeRanking" : 0.85,
      "datum" : 28407
    }, {
      "relativeRanking" : 0.9,
      "datum" : 29350
    }, {
      "relativeRanking" : 0.95,
      "datum" : 29773
    } ],
    "numberValues" : 39
  }, {
    "minimum" : 7842,
    "maximum" : 7842,
    "rankings" : [ {
      "relativeRanking" : 0.05,
      "datum" : 7842
    }, {
      "relativeRanking" : 0.1,
      "datum" : 7842
    }, {
      "relativeRanking" : 0.15,
      "datum" : 7842
    }, {
      "relativeRanking" : 0.2,
      "datum" : 7842
    }, {
      "relativeRanking" : 0.25,
      "datum" : 7842
    }, {
      "relativeRanking" : 0.3,
      "datum" : 7842
    }, {
      "relativeRanking" : 0.35,
      "datum" : 7842
    }, {
      "relativeRanking" : 0.4,
      "datum" : 7842
    }, {
      "relativeRanking" : 0.45,
      "datum" : 7842
    }, {
      "relativeRanking" : 0.5,
      "datum" : 7842
    }, {
      "relativeRanking" : 0.55,
      "datum" : 7842
    }, {
      "relativeRanking" : 0.6,
      "datum" : 7842
    }, {
      "relativeRanking" : 0.65,
      "datum" : 7842
    }, {
      "relativeRanking" : 0.7,
      "datum" : 7842
    }, {
      "relativeRanking" : 0.75,
      "datum" : 7842
    }, {
      "relativeRanking" : 0.8,
      "datum" : 7842
    }, {
      "relativeRanking" : 0.85,
      "datum" : 7842
    }, {
      "relativeRanking" : 0.9,
      "datum" : 7842
    }, {
      "relativeRanking" : 0.95,
      "datum" : 7842
    } ],
    "numberValues" : 1
  }, {
    "minimum" : -9223372036854775808,
    "maximum" : 9223372036854775807,
    "rankings" : [ ],
    "numberValues" : 0
  }, {
    "minimum" : -9223372036854775808,
    "maximum" : 9223372036854775807,
    "rankings" : [ ],
    "numberValues" : 0
  } ],
  "failedMapAttemptCDFs" : [ {
    "minimum" : -9223372036854775808,
    "maximum" : 9223372036854775807,
    "rankings" : [ ],
    "numberValues" : 0
  }, {
    "minimum" : -9223372036854775808,
    "maximum" : 9223372036854775807,
    "rankings" : [ ],
    "numberValues" : 0
  }, {
    "minimum" : -9223372036854775808,
    "maximum" : 9223372036854775807,
    "rankings" : [ ],
    "numberValues" : 0
  }, {
    "minimum" : -9223372036854775808,
    "maximum" : 9223372036854775807,
    "rankings" : [ ],
    "numberValues" : 0
  } ],
  "successfulReduceAttemptCDF" : {
    "minimum" : 77769,
    "maximum" : 77866,
    "rankings" : [ {
      "relativeRanking" : 0.05,
      "datum" : 77769
    }, {
      "relativeRanking" : 0.1,
      "datum" : 77769
    }, {
      "relativeRanking" : 0.15,
      "datum" : 77769
    }, {
      "relativeRanking" : 0.2,
      "datum" : 77769
    }, {
      "relativeRanking" : 0.25,
      "datum" : 77769
    }, {
      "relativeRanking" : 0.3,
      "datum" : 77769
    }, {
      "relativeRanking" : 0.35,
      "datum" : 77769
    }, {
      "relativeRanking" : 0.4,
      "datum" : 77769
    }, {
      "relativeRanking" : 0.45,
      "datum" : 77769
    }, {
      "relativeRanking" : 0.5,
      "datum" : 77769
    }, {
      "relativeRanking" : 0.55,
      "datum" : 77769
    }, {
      "relativeRanking" : 0.6,
      "datum" : 77769
    }, {
      "relativeRanking" : 0.65,
      "datum" : 77769
    }, {
      "relativeRanking" : 0.7,
      "datum" : 77769
    }, {
      "relativeRanking" : 0.75,
      "datum" : 77769
    }, {
      "relativeRanking" : 0.8,
      "datum" : 77769
    }, {
      "relativeRanking" : 0.85,
      "datum" : 77769
    }, {
      "relativeRanking" : 0.9,
      "datum" : 77769
    }, {
      "relativeRanking" : 0.95,
      "datum" : 77769
    } ],
    "numberValues" : 2
  },
  "failedReduceAttemptCDF" : {
    "minimum" : -9223372036854775808,
    "maximum" : 9223372036854775807,
    "rankings" : [ ],
    "numberValues" : 0
  },
  "mapperTriesToSucceed" : [ 1.0 ],
  "failedMapperFraction" : 0.0,
  "priority" : "NORMAL"
}