{
  "priority" : "NORMAL",
  "jobID" : "job_201407031554_0888",
  "user" : "itri-hadoop",
  "jobName" : "word count",
  "mapTasks" : [ {
    "startTime" : 1404691127536,
    "attempts" : [ {
      "result" : "SUCCESS",
      "location" : {
        "layers" : [ "default-rack", "Slave23" ]
      },
      "hostName" : "/default-rack/Slave23",
      "startTime" : 1404691129048,
      "finishTime" : 1404691152108,
      "attemptID" : "attempt_201407031554_0888_m_000000_0",
      "shuffleFinished" : -1,
      "sortFinished" : -1,
      "hdfsBytesRead" : 256639996,
      "hdfsBytesWritten" : -1,
      "fileBytesRead" : 45797333,
      "fileBytesWritten" : 61982737,
      "mapInputRecords" : 6287,
      "mapOutputBytes" : 354421684,
      "mapOutputRecords" : 23479252,
      "combineInputRecords" : 24262853,
      "reduceInputGroups" : -1,
      "reduceInputRecords" : -1,
      "reduceShuffleBytes" : -1,
      "reduceOutputRecords" : -1,
      "spilledRecords" : 2040034,
      "mapInputBytes" : -1,
      "resourceUsageMetrics" : {
        "cumulativeCpuUsage" : 41890,
        "virtualMemoryUsage" : 1269784576,
        "physicalMemoryUsage" : 528855040,
        "heapUsage" : 630456320
      }
    } ],
    "finishTime" : 1404691150646,
    "preferredLocations" : [ {
      "layers" : [ "default-rack", "Master2" ]
    }, {
      "layers" : [ "default-rack", "Slave23" ]
    }, {
      "layers" : [ "default-rack", "Slave22" ]
    } ],
    "taskType" : "MAP",
    "taskStatus" : "SUCCESS",
    "taskID" : "task_201407031554_0888_m_000000",
    "inputBytes" : 256639996,
    "inputRecords" : 6287,
    "outputBytes" : 61982737,
    "outputRecords" : 23479252
  }, {
    "startTime" : 1404691127537,
    "attempts" : [ {
      "result" : "SUCCESS",
      "location" : {
        "layers" : [ "default-rack", "Slave23" ]
      },
      "hostName" : "/default-rack/Slave23",
      "startTime" : 1404691129048,
      "finishTime" : 1404691154101,
      "attemptID" : "attempt_201407031554_0888_m_000001_0",
      "shuffleFinished" : -1,
      "sortFinished" : -1,
      "hdfsBytesRead" : 256639160,
      "hdfsBytesWritten" : -1,
      "fileBytesRead" : 39220443,
      "fileBytesWritten" : 52253632,
      "mapInputRecords" : 219088,
      "mapOutputBytes" : 354630398,
      "mapOutputRecords" : 23691420,
      "combineInputRecords" : 24476552,
      "reduceInputGroups" : -1,
      "reduceInputRecords" : -1,
      "reduceShuffleBytes" : -1,
      "reduceOutputRecords" : -1,
      "spilledRecords" : 2042992,
      "mapInputBytes" : -1,
      "resourceUsageMetrics" : {
        "cumulativeCpuUsage" : 44320,
        "virtualMemoryUsage" : 1271111680,
        "physicalMemoryUsage" : 523767808,
        "heapUsage" : 644349952
      }
    } ],
    "finishTime" : 1404691152756,
    "preferredLocations" : [ {
      "layers" : [ "default-rack", "Master2" ]
    }, {
      "layers" : [ "default-rack", "Slave22" ]
    }, {
      "layers" : [ "default-rack", "Slave23" ]
    } ],
    "taskType" : "MAP",
    "taskStatus" : "SUCCESS",
    "taskID" : "task_201407031554_0888_m_000001",
    "inputBytes" : 256639160,
    "inputRecords" : 219088,
    "outputBytes" : 52253632,
    "outputRecords" : 23691420
  }, {
    "startTime" : 1404691127541,
    "attempts" : [ {
      "result" : "SUCCESS",
      "location" : {
        "layers" : [ "default-rack", "Master2" ]
      },
      "hostName" : "/default-rack/Master2",
      "startTime" : 1404691127609,
      "finishTime" : 1404691150463,
      "attemptID" : "attempt_201407031554_0888_m_000002_0",
      "shuffleFinished" : -1,
      "sortFinished" : -1,
      "hdfsBytesRead" : 256638247,
      "hdfsBytesWritten" : -1,
      "fileBytesRead" : 39642630,
      "fileBytesWritten" : 52845319,
      "mapInputRecords" : 112590,
      "mapOutputBytes" : 354832939,
      "mapOutputRecords" : 23584115,
      "combineInputRecords" : 24368019,
      "reduceInputGroups" : -1,
      "reduceInputRecords" : -1,
      "reduceShuffleBytes" : -1,
      "reduceOutputRecords" : -1,
      "spilledRecords" : 2040738,
      "mapInputBytes" : -1,
      "resourceUsageMetrics" : {
        "cumulativeCpuUsage" : 41090,
        "virtualMemoryUsage" : 1265590272,
        "physicalMemoryUsage" : 514539520,
        "heapUsage" : 637009920
      }
    } ],
    "finishTime" : 1404691150713,
    "preferredLocations" : [ {
      "layers" : [ "default-rack", "Master2" ]
    }, {
      "layers" : [ "default-rack", "Slave21" ]
    }, {
      "layers" : [ "default-rack", "Slave22" ]
    } ],
    "taskType" : "MAP",
    "taskStatus" : "SUCCESS",
    "taskID" : "task_201407031554_0888_m_000002",
    "inputBytes" : 256638247,
    "inputRecords" : 112590,
    "outputBytes" : 52845319,
    "outputRecords" : 23584115
  }, {
    "startTime" : 1404691127542,
    "attempts" : [ {
      "result" : "SUCCESS",
      "location" : {
        "layers" : [ "default-rack", "Master2" ]
      },
      "hostName" : "/default-rack/Master2",
      "startTime" : 1404691127609,
      "finishTime" : 1404691151054,
      "attemptID" : "attempt_201407031554_0888_m_000003_0",
      "shuffleFinished" : -1,
      "sortFinished" : -1,
      "hdfsBytesRead" : 256637462,
      "hdfsBytesWritten" : -1,
      "fileBytesRead" : 46362156,
      "fileBytesWritten" : 62859657,
      "mapInputRecords" : 6190,
      "mapOutputBytes" : 354734072,
      "mapOutputRecords" : 23478568,
      "combineInputRecords" : 24261807,
      "reduceInputGroups" : -1,
      "reduceInputRecords" : -1,
      "reduceShuffleBytes" : -1,
      "reduceOutputRecords" : -1,
      "spilledRecords" : 2038766,
      "mapInputBytes" : -1,
      "resourceUsageMetrics" : {
        "cumulativeCpuUsage" : 43120,
        "virtualMemoryUsage" : 1266638848,
        "physicalMemoryUsage" : 476692480,
        "heapUsage" : 602669056
      }
    } ],
    "finishTime" : 1404691151315,
    "preferredLocations" : [ {
      "layers" : [ "default-rack", "Master2" ]
    }, {
      "layers" : [ "default-rack", "Slave22" ]
    }, {
      "layers" : [ "default-rack", "Slave23" ]
    } ],
    "taskType" : "MAP",
    "taskStatus" : "SUCCESS",
    "taskID" : "task_201407031554_0888_m_000003",
    "inputBytes" : 256637462,
    "inputRecords" : 6190,
    "outputBytes" : 62859657,
    "outputRecords" : 23478568
  }, {
    "startTime" : 1404691127649,
    "attempts" : [ {
      "result" : "SUCCESS",
      "location" : {
        "layers" : [ "default-rack", "Slave22" ]
      },
      "hostName" : "/default-rack/Slave22",
      "startTime" : 1404691119677,
      "finishTime" : 1404691143188,
      "attemptID" : "attempt_201407031554_0888_m_000004_0",
      "shuffleFinished" : -1,
      "sortFinished" : -1,
      "hdfsBytesRead" : 256637190,
      "hdfsBytesWritten" : -1,
      "fileBytesRead" : 45391592,
      "fileBytesWritten" : 61341871,
      "mapInputRecords" : 6253,
      "mapOutputBytes" : 354195759,
      "mapOutputRecords" : 23477445,
      "combineInputRecords" : 24260442,
      "reduceInputGroups" : -1,
      "reduceInputRecords" : -1,
      "reduceShuffleBytes" : -1,
      "reduceOutputRecords" : -1,
      "spilledRecords" : 2038099,
      "mapInputBytes" : -1,
      "resourceUsageMetrics" : {
        "cumulativeCpuUsage" : 42360,
        "virtualMemoryUsage" : 1271320576,
        "physicalMemoryUsage" : 519585792,
        "heapUsage" : 643563520
      }
    } ],
    "finishTime" : 1404691151339,
    "preferredLocations" : [ {
      "layers" : [ "default-rack", "Master2" ]
    }, {
      "layers" : [ "default-rack", "Slave22" ]
    }, {
      "layers" : [ "default-rack", "Slave23" ]
    } ],
    "taskType" : "MAP",
    "taskStatus" : "SUCCESS",
    "taskID" : "task_201407031554_0888_m_000004",
    "inputBytes" : 256637190,
    "inputRecords" : 6253,
    "outputBytes" : 61341871,
    "outputRecords" : 23477445
  }, {
    "startTime" : 1404691127649,
    "attempts" : [ {
      "result" : "SUCCESS",
      "location" : {
        "layers" : [ "default-rack", "Slave22" ]
      },
      "hostName" : "/default-rack/Slave22",
      "startTime" : 1404691119677,
      "finishTime" : 1404691144715,
      "attemptID" : "attempt_201407031554_0888_m_000007_0",
      "shuffleFinished" : -1,
      "sortFinished" : -1,
      "hdfsBytesRead" : 256635555,
      "hdfsBytesWritten" : -1,
      "fileBytesRead" : 40792755,
      "fileBytesWritten" : 54638043,
      "mapInputRecords" : 112592,
      "mapOutputBytes" : 354622719,
      "mapOutputRecords" : 23584181,
      "combineInputRecords" : 24367556,
      "reduceInputGroups" : -1,
      "reduceInputRecords" : -1,
      "reduceShuffleBytes" : -1,
      "reduceOutputRecords" : -1,
      "spilledRecords" : 2038901,
      "mapInputBytes" : -1,
      "resourceUsageMetrics" : {
        "cumulativeCpuUsage" : 46260,
        "virtualMemoryUsage" : 1267687424,
        "physicalMemoryUsage" : 496721920,
        "heapUsage" : 622067712
      }
    } ],
    "finishTime" : 1404691152844,
    "preferredLocations" : [ {
      "layers" : [ "default-rack", "Master2" ]
    }, {
      "layers" : [ "default-rack", "Slave23" ]
    }, {
      "layers" : [ "default-rack", "Slave22" ]
    } ],
    "taskType" : "MAP",
    "taskStatus" : "SUCCESS",
    "taskID" : "task_201407031554_0888_m_000007",
    "inputBytes" : 256635555,
    "inputRecords" : 112592,
    "outputBytes" : 54638043,
    "outputRecords" : 23584181
  }, {
    "startTime" : 1404691127765,
    "attempts" : [ {
      "result" : "SUCCESS",
      "location" : {
        "layers" : [ "default-rack", "Slave21" ]
      },
      "hostName" : "/default-rack/Slave21",
      "startTime" : 1404691122851,
      "finishTime" : 1404691145920,
      "attemptID" : "attempt_201407031554_0888_m_000005_0",
      "shuffleFinished" : -1,
      "sortFinished" : -1,
      "hdfsBytesRead" : 256637015,
      "hdfsBytesWritten" : -1,
      "fileBytesRead" : 44970930,
      "fileBytesWritten" : 60724891,
      "mapInputRecords" : 6257,
      "mapOutputBytes" : 353981081,
      "mapOutputRecords" : 23476364,
      "combineInputRecords" : 24259591,
      "reduceInputGroups" : -1,
      "reduceInputRecords" : -1,
      "reduceShuffleBytes" : -1,
      "reduceOutputRecords" : -1,
      "spilledRecords" : 2039018,
      "mapInputBytes" : -1,
      "resourceUsageMetrics" : {
        "cumulativeCpuUsage" : 41530,
        "virtualMemoryUsage" : 1267687424,
        "physicalMemoryUsage" : 545583104,
        "heapUsage" : 669253632
      }
    } ],
    "finishTime" : 1404691150986,
    "preferredLocations" : [ {
      "layers" : [ "default-rack", "Master2" ]
    }, {
      "layers" : [ "default-rack", "Slave21" ]
    }, {
      "layers" : [ "default-rack", "Slave23" ]
    } ],
    "taskType" : "MAP",
    "taskStatus" : "SUCCESS",
    "taskID" : "task_201407031554_0888_m_000005",
    "inputBytes" : 256637015,
    "inputRecords" : 6257,
    "outputBytes" : 60724891,
    "outputRecords" : 23476364
  }, {
    "startTime" : 1404691127765,
    "attempts" : [ {
      "result" : "SUCCESS",
      "location" : {
        "layers" : [ "default-rack", "Slave21" ]
      },
      "hostName" : "/default-rack/Slave21",
      "startTime" : 1404691122851,
      "finishTime" : 1404691145498,
      "attemptID" : "attempt_201407031554_0888_m_000006_0",
      "shuffleFinished" : -1,
      "sortFinished" : -1,
      "hdfsBytesRead" : 256636365,
      "hdfsBytesWritten" : -1,
      "fileBytesRead" : 46598634,
      "fileBytesWritten" : 63155604,
      "mapInputRecords" : 6087,
      "mapOutputBytes" : 354842515,
      "mapOutputRecords" : 23479607,
      "combineInputRecords" : 24262673,
      "reduceInputGroups" : -1,
      "reduceInputRecords" : -1,
      "reduceShuffleBytes" : -1,
      "reduceOutputRecords" : -1,
      "spilledRecords" : 2038425,
      "mapInputBytes" : -1,
      "resourceUsageMetrics" : {
        "cumulativeCpuUsage" : 41810,
        "virtualMemoryUsage" : 1268006912,
        "physicalMemoryUsage" : 527917056,
        "heapUsage" : 645922816
      }
    } ],
    "finishTime" : 1404691150680,
    "preferredLocations" : [ {
      "layers" : [ "default-rack", "Master2" ]
    }, {
      "layers" : [ "default-rack", "Slave23" ]
    }, {
      "layers" : [ "default-rack", "Slave21" ]
    } ],
    "taskType" : "MAP",
    "taskStatus" : "SUCCESS",
    "taskID" : "task_201407031554_0888_m_000006",
    "inputBytes" : 256636365,
    "inputRecords" : 6087,
    "outputBytes" : 63155604,
    "outputRecords" : 23479607
  }, {
    "startTime" : 1404691150647,
    "attempts" : [ {
      "result" : "SUCCESS",
      "location" : {
        "layers" : [ "default-rack", "Slave23" ]
      },
      "hostName" : "/default-rack/Slave23",
      "startTime" : 1404691152158,
      "finishTime" : 1404691172781,
      "attemptID" : "attempt_201407031554_0888_m_000008_0",
      "shuffleFinished" : -1,
      "sortFinished" : -1,
      "hdfsBytesRead" : 256635338,
      "hdfsBytesWritten" : -1,
      "fileBytesRead" : 45767117,
      "fileBytesWritten" : 61936105,
      "mapInputRecords" : 6091,
      "mapOutputBytes" : 354419394,
      "mapOutputRecords" : 23480282,
      "combineInputRecords" : 24263330,
      "reduceInputGroups" : -1,
      "reduceInputRecords" : -1,
      "reduceShuffleBytes" : -1,
      "reduceOutputRecords" : -1,
      "spilledRecords" : 2038646,
      "mapInputBytes" : -1,
      "resourceUsageMetrics" : {
        "cumulativeCpuUsage" : 32090,
        "virtualMemoryUsage" : 1270779904,
        "physicalMemoryUsage" : 766009344,
        "heapUsage" : 692846592
      }
    } ],
    "finishTime" : 1404691171439,
    "preferredLocations" : [ {
      "layers" : [ "default-rack", "Slave21" ]
    }, {
      "layers" : [ "default-rack", "Slave23" ]
    }, {
      "layers" : [ "default-rack", "Slave22" ]
    } ],
    "taskType" : "MAP",
    "taskStatus" : "SUCCESS",
    "taskID" : "task_201407031554_0888_m_000008",
    "inputBytes" : 256635338,
    "inputRecords" : 6091,
    "outputBytes" : 61936105,
    "outputRecords" : 23480282
  }, {
    "startTime" : 1404691150680,
    "attempts" : [ {
      "result" : "SUCCESS",
      "location" : {
        "layers" : [ "default-rack", "Slave21" ]
      },
      "hostName" : "/default-rack/Slave21",
      "startTime" : 1404691145700,
      "finishTime" : 1404691166841,
      "attemptID" : "attempt_201407031554_0888_m_000009_0",
      "shuffleFinished" : -1,
      "sortFinished" : -1,
      "hdfsBytesRead" : 256634993,
      "hdfsBytesWritten" : -1,
      "fileBytesRead" : 45364289,
      "fileBytesWritten" : 61324520,
      "mapInputRecords" : 6278,
      "mapOutputBytes" : 354199981,
      "mapOutputRecords" : 23479018,
      "combineInputRecords" : 24262014,
      "reduceInputGroups" : -1,
      "reduceInputRecords" : -1,
      "reduceShuffleBytes" : -1,
      "reduceOutputRecords" : -1,
      "spilledRecords" : 2038346,
      "mapInputBytes" : -1,
      "resourceUsageMetrics" : {
        "cumulativeCpuUsage" : 33760,
        "virtualMemoryUsage" : 1269002240,
        "physicalMemoryUsage" : 763838464,
        "heapUsage" : 695730176
      }
    } ],
    "finishTime" : 1404691172090,
    "preferredLocations" : [ {
      "layers" : [ "default-rack", "Master2" ]
    }, {
      "layers" : [ "default-rack", "Slave22" ]
    }, {
      "layers" : [ "default-rack", "Slave21" ]
    } ],
    "taskType" : "MAP",
    "taskStatus" : "SUCCESS",
    "taskID" : "task_201407031554_0888_m_000009",
    "inputBytes" : 256634993,
    "inputRecords" : 6278,
    "outputBytes" : 61324520,
    "outputRecords" : 23479018
  }, {
    "startTime" : 1404691150714,
    "attempts" : [ {
      "result" : "SUCCESS",
      "location" : {
        "layers" : [ "default-rack", "Master2" ]
      },
      "hostName" : "/default-rack/Master2",
      "startTime" : 1404691150715,
      "finishTime" : 1404691171919,
      "attemptID" : "attempt_201407031554_0888_m_000010_0",
      "shuffleFinished" : -1,
      "sortFinished" : -1,
      "hdfsBytesRead" : 256634886,
      "hdfsBytesWritten" : -1,
      "fileBytesRead" : 46143725,
      "fileBytesWritten" : 62529728,
      "mapInputRecords" : 6123,
      "mapOutputBytes" : 354618958,
      "mapOutputRecords" : 23477321,
      "combineInputRecords" : 24260092,
      "reduceInputGroups" : -1,
      "reduceInputRecords" : -1,
      "reduceShuffleBytes" : -1,
      "reduceOutputRecords" : -1,
      "spilledRecords" : 2037684,
      "mapInputBytes" : -1,
      "resourceUsageMetrics" : {
        "cumulativeCpuUsage" : 34150,
        "virtualMemoryUsage" : 1266585600,
        "physicalMemoryUsage" : 750260224,
        "heapUsage" : 680263680
      }
    } ],
    "finishTime" : 1404691172076,
    "preferredLocations" : [ {
      "layers" : [ "default-rack", "Master2" ]
    }, {
      "layers" : [ "default-rack", "Slave23" ]
    }, {
      "layers" : [ "default-rack", "Slave21" ]
    } ],
    "taskType" : "MAP",
    "taskStatus" : "SUCCESS",
    "taskID" : "task_201407031554_0888_m_000010",
    "inputBytes" : 256634886,
    "inputRecords" : 6123,
    "outputBytes" : 62529728,
    "outputRecords" : 23477321
  }, {
    "startTime" : 1404691150987,
    "attempts" : [ {
      "result" : "SUCCESS",
      "location" : {
        "layers" : [ "default-rack", "Slave21" ]
      },
      "hostName" : "/default-rack/Slave21",
      "startTime" : 1404691146007,
      "finishTime" : 1404691167606,
      "attemptID" : "attempt_201407031554_0888_m_000011_0",
      "shuffleFinished" : -1,
      "sortFinished" : -1,
      "hdfsBytesRead" : 256634837,
      "hdfsBytesWritten" : -1,
      "fileBytesRead" : 45348767,
      "fileBytesWritten" : 61337789,
      "mapInputRecords" : 6197,
      "mapOutputBytes" : 354198447,
      "mapOutputRecords" : 23478639,
      "combineInputRecords" : 24261816,
      "reduceInputGroups" : -1,
      "reduceInputRecords" : -1,
      "reduceShuffleBytes" : -1,
      "reduceOutputRecords" : -1,
      "spilledRecords" : 2038962,
      "mapInputBytes" : -1,
      "resourceUsageMetrics" : {
        "cumulativeCpuUsage" : 34710,
        "virtualMemoryUsage" : 1268682752,
        "physicalMemoryUsage" : 781144064,
        "heapUsage" : 710672384
      }
    } ],
    "finishTime" : 1404691172693,
    "preferredLocations" : [ {
      "layers" : [ "default-rack", "Master2" ]
    }, {
      "layers" : [ "default-rack", "Slave23" ]
    }, {
      "layers" : [ "default-rack", "Slave21" ]
    } ],
    "taskType" : "MAP",
    "taskStatus" : "SUCCESS",
    "taskID" : "task_201407031554_0888_m_000011",
    "inputBytes" : 256634837,
    "inputRecords" : 6197,
    "outputBytes" : 61337789,
    "outputRecords" : 23478639
  }, {
    "startTime" : 1404691151316,
    "attempts" : [ {
      "result" : "SUCCESS",
      "location" : {
        "layers" : [ "default-rack", "Master2" ]
      },
      "hostName" : "/default-rack/Master2",
      "startTime" : 1404691151316,
      "finishTime" : 1404691173562,
      "attemptID" : "attempt_201407031554_0888_m_000012_0",
      "shuffleFinished" : -1,
      "sortFinished" : -1,
      "hdfsBytesRead" : 256634810,
      "hdfsBytesWritten" : -1,
      "fileBytesRead" : 44691090,
      "fileBytesWritten" : 60362894,
      "mapInputRecords" : 6227,
      "mapOutputBytes" : 353884521,
      "mapOutputRecords" : 23479238,
      "combineInputRecords" : 24261756,
      "reduceInputGroups" : -1,
      "reduceInputRecords" : -1,
      "reduceShuffleBytes" : -1,
      "reduceOutputRecords" : -1,
      "spilledRecords" : 2036214,
      "mapInputBytes" : -1,
      "resourceUsageMetrics" : {
        "cumulativeCpuUsage" : 34790,
        "virtualMemoryUsage" : 1267789824,
        "physicalMemoryUsage" : 718528512,
        "heapUsage" : 649592832
      }
    } ],
    "finishTime" : 1404691173579,
    "preferredLocations" : [ {
      "layers" : [ "default-rack", "Master2" ]
    }, {
      "layers" : [ "default-rack", "Slave22" ]
    }, {
      "layers" : [ "default-rack", "Slave21" ]
    } ],
    "taskType" : "MAP",
    "taskStatus" : "SUCCESS",
    "taskID" : "task_201407031554_0888_m_000012",
    "inputBytes" : 256634810,
    "inputRecords" : 6227,
    "outputBytes" : 60362894,
    "outputRecords" : 23479238
  }, {
    "startTime" : 1404691151340,
    "attempts" : [ {
      "result" : "SUCCESS",
      "location" : {
        "layers" : [ "default-rack", "Slave22" ]
      },
      "hostName" : "/default-rack/Slave22",
      "startTime" : 1404691143269,
      "finishTime" : 1404691163210,
      "attemptID" : "attempt_201407031554_0888_m_000013_0",
      "shuffleFinished" : -1,
      "sortFinished" : -1,
      "hdfsBytesRead" : 256634749,
      "hdfsBytesWritten" : -1,
      "fileBytesRead" : 40565371,
      "fileBytesWritten" : 54277489,
      "mapInputRecords" : 6105,
      "mapOutputBytes" : 355045811,
      "mapOutputRecords" : 23583894,
      "combineInputRecords" : 24366522,
      "reduceInputGroups" : -1,
      "reduceInputRecords" : -1,
      "reduceShuffleBytes" : -1,
      "reduceOutputRecords" : -1,
      "spilledRecords" : 2037038,
      "mapInputBytes" : -1,
      "resourceUsageMetrics" : {
        "cumulativeCpuUsage" : 30580,
        "virtualMemoryUsage" : 1272315904,
        "physicalMemoryUsage" : 773099520,
        "heapUsage" : 704380928
      }
    } ],
    "finishTime" : 1404691171511,
    "preferredLocations" : [ {
      "layers" : [ "default-rack", "Slave23" ]
    }, {
      "layers" : [ "default-rack", "Slave21" ]
    }, {
      "layers" : [ "default-rack", "Slave22" ]
    } ],
    "taskType" : "MAP",
    "taskStatus" : "SUCCESS",
    "taskID" : "task_201407031554_0888_m_000013",
    "inputBytes" : 256634749,
    "inputRecords" : 6105,
    "outputBytes" : 54277489,
    "outputRecords" : 23583894
  }, {
    "startTime" : 1404691152757,
    "attempts" : [ {
      "result" : "SUCCESS",
      "location" : {
        "layers" : [ "default-rack", "Slave23" ]
      },
      "hostName" : "/default-rack/Slave23",
      "startTime" : 1404691154268,
      "finishTime" : 1404691174961,
      "attemptID" : "attempt_201407031554_0888_m_000014_0",
      "shuffleFinished" : -1,
      "sortFinished" : -1,
      "hdfsBytesRead" : 256634712,
      "hdfsBytesWritten" : -1,
      "fileBytesRead" : 44089262,
      "fileBytesWritten" : 59495319,
      "mapInputRecords" : 6212,
      "mapOutputBytes" : 353554088,
      "mapOutputRecords" : 23477343,
      "combineInputRecords" : 24260289,
      "reduceInputGroups" : -1,
      "reduceInputRecords" : -1,
      "reduceShuffleBytes" : -1,
      "reduceOutputRecords" : -1,
      "spilledRecords" : 2038349,
      "mapInputBytes" : -1,
      "resourceUsageMetrics" : {
        "cumulativeCpuUsage" : 31630,
        "virtualMemoryUsage" : 1272107008,
        "physicalMemoryUsage" : 778125312,
        "heapUsage" : 704643072
      }
    } ],
    "finishTime" : 1404691173548,
    "preferredLocations" : [ {
      "layers" : [ "default-rack", "Master2" ]
    }, {
      "layers" : [ "default-rack", "Slave21" ]
    }, {
      "layers" : [ "default-rack", "Slave23" ]
    } ],
    "taskType" : "MAP",
    "taskStatus" : "SUCCESS",
    "taskID" : "task_201407031554_0888_m_000014",
    "inputBytes" : 256634712,
    "inputRecords" : 6212,
    "outputBytes" : 59495319,
    "outputRecords" : 23477343
  }, {
    "startTime" : 1404691152844,
    "attempts" : [ {
      "result" : "SUCCESS",
      "location" : {
        "layers" : [ "default-rack", "Slave22" ]
      },
      "hostName" : "/default-rack/Slave22",
      "startTime" : 1404691144774,
      "finishTime" : 1404691165139,
      "attemptID" : "attempt_201407031554_0888_m_000015_0",
      "shuffleFinished" : -1,
      "sortFinished" : -1,
      "hdfsBytesRead" : 256634603,
      "hdfsBytesWritten" : -1,
      "fileBytesRead" : 45121723,
      "fileBytesWritten" : 60976124,
      "mapInputRecords" : 6177,
      "mapOutputBytes" : 354096679,
      "mapOutputRecords" : 23479525,
      "combineInputRecords" : 24262019,
      "reduceInputGroups" : -1,
      "reduceInputRecords" : -1,
      "reduceShuffleBytes" : -1,
      "reduceOutputRecords" : -1,
      "spilledRecords" : 2036660,
      "mapInputBytes" : -1,
      "resourceUsageMetrics" : {
        "cumulativeCpuUsage" : 31430,
        "virtualMemoryUsage" : 1268682752,
        "physicalMemoryUsage" : 758476800,
        "heapUsage" : 692060160
      }
    } ],
    "finishTime" : 1404691173318,
    "preferredLocations" : [ {
      "layers" : [ "default-rack", "Master2" ]
    }, {
      "layers" : [ "default-rack", "Slave22" ]
    }, {
      "layers" : [ "default-rack", "Slave21" ]
    } ],
    "taskType" : "MAP",
    "taskStatus" : "SUCCESS",
    "taskID" : "task_201407031554_0888_m_000015",
    "inputBytes" : 256634603,
    "inputRecords" : 6177,
    "outputBytes" : 60976124,
    "outputRecords" : 23479525
  }, {
    "startTime" : 1404691171440,
    "attempts" : [ {
      "result" : "SUCCESS",
      "location" : {
        "layers" : [ "default-rack", "Slave23" ]
      },
      "hostName" : "/default-rack/Slave23",
      "startTime" : 1404691172951,
      "finishTime" : 1404691194163,
      "attemptID" : "attempt_201407031554_0888_m_000018_0",
      "shuffleFinished" : -1,
      "sortFinished" : -1,
      "hdfsBytesRead" : 256634486,
      "hdfsBytesWritten" : -1,
      "fileBytesRead" : 46151807,
      "fileBytesWritten" : 62509488,
      "mapInputRecords" : 6198,
      "mapOutputBytes" : 354638828,
      "mapOutputRecords" : 23482323,
      "combineInputRecords" : 24265088,
      "reduceInputGroups" : -1,
      "reduceInputRecords" : -1,
      "reduceShuffleBytes" : -1,
      "reduceOutputRecords" : -1,
      "spilledRecords" : 2037133,
      "mapInputBytes" : -1,
      "resourceUsageMetrics" : {
        "cumulativeCpuUsage" : 34240,
        "virtualMemoryUsage" : 1270779904,
        "physicalMemoryUsage" : 878919680,
        "heapUsage" : 803209216
      }
    } ],
    "finishTime" : 1404691192846,
    "preferredLocations" : [ {
      "layers" : [ "default-rack", "Master2" ]
    }, {
      "layers" : [ "default-rack", "Slave22" ]
    }, {
      "layers" : [ "default-rack", "Slave23" ]
    } ],
    "taskType" : "MAP",
    "taskStatus" : "SUCCESS",
    "taskID" : "task_201407031554_0888_m_000018",
    "inputBytes" : 256634486,
    "inputRecords" : 6198,
    "outputBytes" : 62509488,
    "outputRecords" : 23482323
  }, {
    "startTime" : 1404691171511,
    "attempts" : [ {
      "result" : "SUCCESS",
      "location" : {
        "layers" : [ "default-rack", "Slave22" ]
      },
      "hostName" : "/default-rack/Slave22",
      "startTime" : 1404691163440,
      "finishTime" : 1404691185780,
      "attemptID" : "attempt_201407031554_0888_m_000016_0",
      "shuffleFinished" : -1,
      "sortFinished" : -1,
      "hdfsBytesRead" : 256634574,
      "hdfsBytesWritten" : -1,
      "fileBytesRead" : 44540048,
      "fileBytesWritten" : 60141509,
      "mapInputRecords" : 6223,
      "mapOutputBytes" : 353765494,
      "mapOutputRecords" : 23477094,
      "combineInputRecords" : 24260398,
      "reduceInputGroups" : -1,
      "reduceInputRecords" : -1,
      "reduceShuffleBytes" : -1,
      "reduceOutputRecords" : -1,
      "spilledRecords" : 2039371,
      "mapInputBytes" : -1,
      "resourceUsageMetrics" : {
        "cumulativeCpuUsage" : 35700,
        "virtualMemoryUsage" : 1272315904,
        "physicalMemoryUsage" : 880263168,
        "heapUsage" : 804782080
      }
    } ],
    "finishTime" : 1404691194135,
    "preferredLocations" : [ {
      "layers" : [ "default-rack", "Master2" ]
    }, {
      "layers" : [ "default-rack", "Slave22" ]
    }, {
      "layers" : [ "default-rack", "Slave21" ]
    } ],
    "taskType" : "MAP",
    "taskStatus" : "SUCCESS",
    "taskID" : "task_201407031554_0888_m_000016",
    "inputBytes" : 256634574,
    "inputRecords" : 6223,
    "outputBytes" : 60141509,
    "outputRecords" : 23477094
  }, {
    "startTime" : 1404691172076,
    "attempts" : [ {
      "result" : "SUCCESS",
      "location" : {
        "layers" : [ "default-rack", "Master2" ]
      },
      "hostName" : "/default-rack/Master2",
      "startTime" : 1404691172077,
      "finishTime" : 1404691191193,
      "attemptID" : "attempt_201407031554_0888_m_000017_0",
      "shuffleFinished" : -1,
      "sortFinished" : -1,
      "hdfsBytesRead" : 256634558,
      "hdfsBytesWritten" : -1,
      "fileBytesRead" : 44906825,
      "fileBytesWritten" : 60693050,
      "mapInputRecords" : 6163,
      "mapOutputBytes" : 353986406,
      "mapOutputRecords" : 23478826,
      "combineInputRecords" : 24261442,
      "reduceInputGroups" : -1,
      "reduceInputRecords" : -1,
      "reduceShuffleBytes" : -1,
      "reduceOutputRecords" : -1,
      "spilledRecords" : 2037193,
      "mapInputBytes" : -1,
      "resourceUsageMetrics" : {
        "cumulativeCpuUsage" : 30620,
        "virtualMemoryUsage" : 1266585600,
        "physicalMemoryUsage" : 868130816,
        "heapUsage" : 795869184
      }
    } ],
    "finishTime" : 1404691191338,
    "preferredLocations" : [ {
      "layers" : [ "default-rack", "Master2" ]
    }, {
      "layers" : [ "default-rack", "Slave22" ]
    }, {
      "layers" : [ "default-rack", "Slave21" ]
    } ],
    "taskType" : "MAP",
    "taskStatus" : "SUCCESS",
    "taskID" : "task_201407031554_0888_m_000017",
    "inputBytes" : 256634558,
    "inputRecords" : 6163,
    "outputBytes" : 60693050,
    "outputRecords" : 23478826
  }, {
    "startTime" : 1404691172090,
    "attempts" : [ {
      "result" : "SUCCESS",
      "location" : {
        "layers" : [ "default-rack", "Slave21" ]
      },
      "hostName" : "/default-rack/Slave21",
      "startTime" : 1404691167109,
      "finishTime" : 1404691188108,
      "attemptID" : "attempt_201407031554_0888_m_000019_0",
      "shuffleFinished" : -1,
      "sortFinished" : -1,
      "hdfsBytesRead" : 256634040,
      "hdfsBytesWritten" : -1,
      "fileBytesRead" : 45370131,
      "fileBytesWritten" : 61314808,
      "mapInputRecords" : 6278,
      "mapOutputBytes" : 354195442,
      "mapOutputRecords" : 23478486,
      "combineInputRecords" : 24260962,
      "reduceInputGroups" : -1,
      "reduceInputRecords" : -1,
      "reduceShuffleBytes" : -1,
      "reduceOutputRecords" : -1,
      "spilledRecords" : 2037456,
      "mapInputBytes" : -1,
      "resourceUsageMetrics" : {
        "cumulativeCpuUsage" : 33280,
        "virtualMemoryUsage" : 1269002240,
        "physicalMemoryUsage" : 887943168,
        "heapUsage" : 819200000
      }
    } ],
    "finishTime" : 1404691193182,
    "preferredLocations" : [ {
      "layers" : [ "default-rack", "Slave23" ]
    }, {
      "layers" : [ "default-rack", "Slave22" ]
    }, {
      "layers" : [ "default-rack", "Slave21" ]
    } ],
    "taskType" : "MAP",
    "taskStatus" : "SUCCESS",
    "taskID" : "task_201407031554_0888_m_000019",
    "inputBytes" : 256634040,
    "inputRecords" : 6278,
    "outputBytes" : 61314808,
    "outputRecords" : 23478486
  }, {
    "startTime" : 1404691172693,
    "attempts" : [ {
      "result" : "SUCCESS",
      "location" : {
        "layers" : [ "default-rack", "Slave21" ]
      },
      "hostName" : "/default-rack/Slave21",
      "startTime" : 1404691167712,
      "finishTime" : 1404691188492,
      "attemptID" : "attempt_201407031554_0888_m_000020_0",
      "shuffleFinished" : -1,
      "sortFinished" : -1,
      "hdfsBytesRead" : 256633961,
      "hdfsBytesWritten" : -1,
      "fileBytesRead" : 45757484,
      "fileBytesWritten" : 61959622,
      "mapInputRecords" : 6080,
      "mapOutputBytes" : 354408397,
      "mapOutputRecords" : 23478666,
      "combineInputRecords" : 24261989,
      "reduceInputGroups" : -1,
      "reduceInputRecords" : -1,
      "reduceShuffleBytes" : -1,
      "reduceOutputRecords" : -1,
      "spilledRecords" : 2039458,
      "mapInputBytes" : -1,
      "resourceUsageMetrics" : {
        "cumulativeCpuUsage" : 33040,
        "virtualMemoryUsage" : 1268682752,
        "physicalMemoryUsage" : 912867328,
        "heapUsage" : 844627968
      }
    } ],
    "finishTime" : 1404691193484,
    "preferredLocations" : [ {
      "layers" : [ "default-rack", "Master2" ]
    }, {
      "layers" : [ "default-rack", "Slave21" ]
    }, {
      "layers" : [ "default-rack", "Slave22" ]
    } ],
    "taskType" : "MAP",
    "taskStatus" : "SUCCESS",
    "taskID" : "task_201407031554_0888_m_000020",
    "inputBytes" : 256633961,
    "inputRecords" : 6080,
    "outputBytes" : 61959622,
    "outputRecords" : 23478666
  }, {
    "startTime" : 1404691173318,
    "attempts" : [ {
      "result" : "SUCCESS",
      "location" : {
        "layers" : [ "default-rack", "Slave22" ]
      },
      "hostName" : "/default-rack/Slave22",
      "startTime" : 1404691165247,
      "finishTime" : 1404691187937,
      "attemptID" : "attempt_201407031554_0888_m_000021_0",
      "shuffleFinished" : -1,
      "sortFinished" : -1,
      "hdfsBytesRead" : 256633956,
      "hdfsBytesWritten" : -1,
      "fileBytesRead" : 45736873,
      "fileBytesWritten" : 61912241,
      "mapInputRecords" : 6236,
      "mapOutputBytes" : 354405518,
      "mapOutputRecords" : 23477326,
      "combineInputRecords" : 24260122,
      "reduceInputGroups" : -1,
      "reduceInputRecords" : -1,
      "reduceShuffleBytes" : -1,
      "reduceOutputRecords" : -1,
      "spilledRecords" : 2037730,
      "mapInputBytes" : -1,
      "resourceUsageMetrics" : {
        "cumulativeCpuUsage" : 36590,
        "virtualMemoryUsage" : 1268682752,
        "physicalMemoryUsage" : 877465600,
        "heapUsage" : 804257792
      }
    } ],
    "finishTime" : 1404691196250,
    "preferredLocations" : [ {
      "layers" : [ "default-rack", "Slave22" ]
    }, {
      "layers" : [ "default-rack", "Slave23" ]
    }, {
      "layers" : [ "default-rack", "Slave21" ]
    } ],
    "taskType" : "MAP",
    "taskStatus" : "SUCCESS",
    "taskID" : "task_201407031554_0888_m_000021",
    "inputBytes" : 256633956,
    "inputRecords" : 6236,
    "outputBytes" : 61912241,
    "outputRecords" : 23477326
  }, {
    "startTime" : 1404691173549,
    "attempts" : [ {
      "result" : "SUCCESS",
      "location" : {
        "layers" : [ "default-rack", "Slave23" ]
      },
      "hostName" : "/default-rack/Slave23",
      "startTime" : 1404691175060,
      "finishTime" : 1404691197002,
      "attemptID" : "attempt_201407031554_0888_m_000022_0",
      "shuffleFinished" : -1,
      "sortFinished" : -1,
      "hdfsBytesRead" : 256633760,
      "hdfsBytesWritten" : -1,
      "fileBytesRead" : 37359856,
      "fileBytesWritten" : 49431376,
      "mapInputRecords" : 6169,
      "mapOutputBytes" : 354623914,
      "mapOutputRecords" : 23585376,
      "combineInputRecords" : 24368588,
      "reduceInputGroups" : -1,
      "reduceInputRecords" : -1,
      "reduceShuffleBytes" : -1,
      "reduceOutputRecords" : -1,
      "spilledRecords" : 2038353,
      "mapInputBytes" : -1,
      "resourceUsageMetrics" : {
        "cumulativeCpuUsage" : 34960,
        "virtualMemoryUsage" : 1272107008,
        "physicalMemoryUsage" : 899731456,
        "heapUsage" : 828112896
      }
    } ],
    "finishTime" : 1404691195565,
    "preferredLocations" : [ {
      "layers" : [ "default-rack", "Master2" ]
    }, {
      "layers" : [ "default-rack", "Slave23" ]
    }, {
      "layers" : [ "default-rack", "Slave21" ]
    } ],
    "taskType" : "MAP",
    "taskStatus" : "SUCCESS",
    "taskID" : "task_201407031554_0888_m_000022",
    "inputBytes" : 256633760,
    "inputRecords" : 6169,
    "outputBytes" : 49431376,
    "outputRecords" : 23585376
  }, {
    "startTime" : 1404691173579,
    "attempts" : [ {
      "result" : "SUCCESS",
      "location" : {
        "layers" : [ "default-rack", "Master2" ]
      },
      "hostName" : "/default-rack/Master2",
      "startTime" : 1404691173580,
      "finishTime" : 1404691194179,
      "attemptID" : "attempt_201407031554_0888_m_000024_0",
      "shuffleFinished" : -1,
      "sortFinished" : -1,
      "hdfsBytesRead" : 256633575,
      "hdfsBytesWritten" : -1,
      "fileBytesRead" : 44942035,
      "fileBytesWritten" : 60709058,
      "mapInputRecords" : 6180,
      "mapOutputBytes" : 353982443,
      "mapOutputRecords" : 23478229,
      "combineInputRecords" : 24261451,
      "reduceInputGroups" : -1,
      "reduceInputRecords" : -1,
      "reduceShuffleBytes" : -1,
      "reduceOutputRecords" : -1,
      "spilledRecords" : 2038530,
      "mapInputBytes" : -1,
      "resourceUsageMetrics" : {
        "cumulativeCpuUsage" : 31530,
        "virtualMemoryUsage" : 1267789824,
        "physicalMemoryUsage" : 828444672,
        "heapUsage" : 756547584
      }
    } ],
    "finishTime" : 1404691194347,
    "preferredLocations" : [ {
      "layers" : [ "default-rack", "Master2" ]
    }, {
      "layers" : [ "default-rack", "Slave22" ]
    }, {
      "layers" : [ "default-rack", "Slave23" ]
    } ],
    "taskType" : "MAP",
    "taskStatus" : "SUCCESS",
    "taskID" : "task_201407031554_0888_m_000024",
    "inputBytes" : 256633575,
    "inputRecords" : 6180,
    "outputBytes" : 60709058,
    "outputRecords" : 23478229
  }, {
    "startTime" : 1404691191339,
    "attempts" : [ {
      "result" : "SUCCESS",
      "location" : {
        "layers" : [ "default-rack", "Master2" ]
      },
      "hostName" : "/default-rack/Master2",
      "startTime" : 1404691191340,
      "finishTime" : 1404691213130,
      "attemptID" : "attempt_201407031554_0888_m_000025_0",
      "shuffleFinished" : -1,
      "sortFinished" : -1,
      "hdfsBytesRead" : 256633033,
      "hdfsBytesWritten" : -1,
      "fileBytesRead" : 45732117,
      "fileBytesWritten" : 61891641,
      "mapInputRecords" : 6107,
      "mapOutputBytes" : 354406467,
      "mapOutputRecords" : 23477851,
      "combineInputRecords" : 24260141,
      "reduceInputGroups" : -1,
      "reduceInputRecords" : -1,
      "reduceShuffleBytes" : -1,
      "reduceOutputRecords" : -1,
      "spilledRecords" : 2036382,
      "mapInputBytes" : -1,
      "resourceUsageMetrics" : {
        "cumulativeCpuUsage" : 34900,
        "virtualMemoryUsage" : 1266585600,
        "physicalMemoryUsage" : 983322624,
        "heapUsage" : 908066816
      }
    } ],
    "finishTime" : 1404691213356,
    "preferredLocations" : [ {
      "layers" : [ "default-rack", "Master2" ]
    }, {
      "layers" : [ "default-rack", "Slave21" ]
    }, {
      "layers" : [ "default-rack", "Slave23" ]
    } ],
    "taskType" : "MAP",
    "taskStatus" : "SUCCESS",
    "taskID" : "task_201407031554_0888_m_000025",
    "inputBytes" : 256633033,
    "inputRecords" : 6107,
    "outputBytes" : 61891641,
    "outputRecords" : 23477851
  }, {
    "startTime" : 1404691192846,
    "attempts" : [ {
      "result" : "SUCCESS",
      "location" : {
        "layers" : [ "default-rack", "Slave23" ]
      },
      "hostName" : "/default-rack/Slave23",
      "startTime" : 1404691194358,
      "finishTime" : 1404691215492,
      "attemptID" : "attempt_201407031554_0888_m_000023_0",
      "shuffleFinished" : -1,
      "sortFinished" : -1,
      "hdfsBytesRead" : 256633638,
      "hdfsBytesWritten" : -1,
      "fileBytesRead" : 40786273,
      "fileBytesWritten" : 54605632,
      "mapInputRecords" : 6228,
      "mapOutputBytes" : 354831800,
      "mapOutputRecords" : 23584291,
      "combineInputRecords" : 24367204,
      "reduceInputGroups" : -1,
      "reduceInputRecords" : -1,
      "reduceShuffleBytes" : -1,
      "reduceOutputRecords" : -1,
      "spilledRecords" : 2038311,
      "mapInputBytes" : -1,
      "resourceUsageMetrics" : {
        "cumulativeCpuUsage" : 33170,
        "virtualMemoryUsage" : 1270779904,
        "physicalMemoryUsage" : 997724160,
        "heapUsage" : 920649728
      }
    } ],
    "finishTime" : 1404691214126,
    "preferredLocations" : [ {
      "layers" : [ "default-rack", "Slave23" ]
    }, {
      "layers" : [ "default-rack", "Slave22" ]
    }, {
      "layers" : [ "default-rack", "Slave21" ]
    } ],
    "taskType" : "MAP",
    "taskStatus" : "SUCCESS",
    "taskID" : "task_201407031554_0888_m_000023",
    "inputBytes" : 256633638,
    "inputRecords" : 6228,
    "outputBytes" : 54605632,
    "outputRecords" : 23584291
  }, {
    "startTime" : 1404691193183,
    "attempts" : [ {
      "result" : "SUCCESS",
      "location" : {
        "layers" : [ "default-rack", "Slave21" ]
      },
      "hostName" : "/default-rack/Slave21",
      "startTime" : 1404691188202,
      "finishTime" : 1404691208194,
      "attemptID" : "attempt_201407031554_0888_m_000026_0",
      "shuffleFinished" : -1,
      "sortFinished" : -1,
      "hdfsBytesRead" : 256632990,
      "hdfsBytesWritten" : -1,
      "fileBytesRead" : 46167081,
      "fileBytesWritten" : 62531234,
      "mapInputRecords" : 6181,
      "mapOutputBytes" : 354623426,
      "mapOutputRecords" : 23478731,
      "combineInputRecords" : 24261229,
      "reduceInputGroups" : -1,
      "reduceInputRecords" : -1,
      "reduceShuffleBytes" : -1,
      "reduceOutputRecords" : -1,
      "spilledRecords" : 2036981,
      "mapInputBytes" : -1,
      "resourceUsageMetrics" : {
        "cumulativeCpuUsage" : 32850,
        "virtualMemoryUsage" : 1269002240,
        "physicalMemoryUsage" : 983638016,
        "heapUsage" : 905969664
      }
    } ],
    "finishTime" : 1404691213329,
    "preferredLocations" : [ {
      "layers" : [ "default-rack", "Master2" ]
    }, {
      "layers" : [ "default-rack", "Slave23" ]
    }, {
      "layers" : [ "default-rack", "Slave21" ]
    } ],
    "taskType" : "MAP",
    "taskStatus" : "SUCCESS",
    "taskID" : "task_201407031554_0888_m_000026",
    "inputBytes" : 256632990,
    "inputRecords" : 6181,
    "outputBytes" : 62531234,
    "outputRecords" : 23478731
  }, {
    "startTime" : 1404691193484,
    "attempts" : [ {
      "result" : "SUCCESS",
      "location" : {
        "layers" : [ "default-rack", "Slave21" ]
      },
      "hostName" : "/default-rack/Slave21",
      "startTime" : 1404691188504,
      "finishTime" : 1404691210339,
      "attemptID" : "attempt_201407031554_0888_m_000027_0",
      "shuffleFinished" : -1,
      "sortFinished" : -1,
      "hdfsBytesRead" : 256632932,
      "hdfsBytesWritten" : -1,
      "fileBytesRead" : 46152299,
      "fileBytesWritten" : 62520734,
      "mapInputRecords" : 6152,
      "mapOutputBytes" : 354623496,
      "mapOutputRecords" : 23479094,
      "combineInputRecords" : 24261499,
      "reduceInputGroups" : -1,
      "reduceInputRecords" : -1,
      "reduceShuffleBytes" : -1,
      "reduceOutputRecords" : -1,
      "spilledRecords" : 2036697,
      "mapInputBytes" : -1,
      "resourceUsageMetrics" : {
        "cumulativeCpuUsage" : 34980,
        "virtualMemoryUsage" : 1268682752,
        "physicalMemoryUsage" : 1002766336,
        "heapUsage" : 924319744
      }
    } ],
    "finishTime" : 1404691215438,
    "preferredLocations" : [ {
      "layers" : [ "default-rack", "Master2" ]
    }, {
      "layers" : [ "default-rack", "Slave21" ]
    }, {
      "layers" : [ "default-rack", "Slave22" ]
    } ],
    "taskType" : "MAP",
    "taskStatus" : "SUCCESS",
    "taskID" : "task_201407031554_0888_m_000027",
    "inputBytes" : 256632932,
    "inputRecords" : 6152,
    "outputBytes" : 62520734,
    "outputRecords" : 23479094
  }, {
    "startTime" : 1404691194139,
    "attempts" : [ {
      "result" : "SUCCESS",
      "location" : {
        "layers" : [ "default-rack", "Slave22" ]
      },
      "hostName" : "/default-rack/Slave22",
      "startTime" : 1404691186068,
      "finishTime" : 1404691205864,
      "attemptID" : "attempt_201407031554_0888_m_000029_0",
      "shuffleFinished" : -1,
      "sortFinished" : -1,
      "hdfsBytesRead" : 256632830,
      "hdfsBytesWritten" : -1,
      "fileBytesRead" : 46159161,
      "fileBytesWritten" : 62530216,
      "mapInputRecords" : 6175,
      "mapOutputBytes" : 354616756,
      "mapOutputRecords" : 23477741,
      "combineInputRecords" : 24260465,
      "reduceInputGroups" : -1,
      "reduceInputRecords" : -1,
      "reduceShuffleBytes" : -1,
      "reduceOutputRecords" : -1,
      "spilledRecords" : 2037941,
      "mapInputBytes" : -1,
      "resourceUsageMetrics" : {
        "cumulativeCpuUsage" : 31750,
        "virtualMemoryUsage" : 1272315904,
        "physicalMemoryUsage" : 993755136,
        "heapUsage" : 916455424
      }
    } ],
    "finishTime" : 1404691214047,
    "preferredLocations" : [ {
      "layers" : [ "default-rack", "Slave23" ]
    }, {
      "layers" : [ "default-rack", "Slave21" ]
    }, {
      "layers" : [ "default-rack", "Slave22" ]
    } ],
    "taskType" : "MAP",
    "taskStatus" : "SUCCESS",
    "taskID" : "task_201407031554_0888_m_000029",
    "inputBytes" : 256632830,
    "inputRecords" : 6175,
    "outputBytes" : 62530216,
    "outputRecords" : 23477741
  }, {
    "startTime" : 1404691194348,
    "attempts" : [ {
      "result" : "SUCCESS",
      "location" : {
        "layers" : [ "default-rack", "Master2" ]
      },
      "hostName" : "/default-rack/Master2",
      "startTime" : 1404691194349,
      "finishTime" : 1404691216594,
      "attemptID" : "attempt_201407031554_0888_m_000028_0",
      "shuffleFinished" : -1,
      "sortFinished" : -1,
      "hdfsBytesRead" : 256632898,
      "hdfsBytesWritten" : -1,
      "fileBytesRead" : 45318793,
      "fileBytesWritten" : 61290691,
      "mapInputRecords" : 6238,
      "mapOutputBytes" : 354191172,
      "mapOutputRecords" : 23477455,
      "combineInputRecords" : 24260062,
      "reduceInputGroups" : -1,
      "reduceInputRecords" : -1,
      "reduceShuffleBytes" : -1,
      "reduceOutputRecords" : -1,
      "spilledRecords" : 2037278,
      "mapInputBytes" : -1,
      "resourceUsageMetrics" : {
        "cumulativeCpuUsage" : 34460,
        "virtualMemoryUsage" : 1267789824,
        "physicalMemoryUsage" : 920555520,
        "heapUsage" : 846725120
      }
    } ],
    "finishTime" : 1404691216673,
    "preferredLocations" : [ {
      "layers" : [ "default-rack", "Master2" ]
    }, {
      "layers" : [ "default-rack", "Slave23" ]
    }, {
      "layers" : [ "default-rack", "Slave21" ]
    } ],
    "taskType" : "MAP",
    "taskStatus" : "SUCCESS",
    "taskID" : "task_201407031554_0888_m_000028",
    "inputBytes" : 256632898,
    "inputRecords" : 6238,
    "outputBytes" : 61290691,
    "outputRecords" : 23477455
  }, {
    "startTime" : 1404691195565,
    "attempts" : [ {
      "result" : "SUCCESS",
      "location" : {
        "layers" : [ "default-rack", "Slave23" ]
      },
      "hostName" : "/default-rack/Slave23",
      "startTime" : 1404691197077,
      "finishTime" : 1404691218207,
      "attemptID" : "attempt_201407031554_0888_m_000030_0",
      "shuffleFinished" : -1,
      "sortFinished" : -1,
      "hdfsBytesRead" : 256632446,
      "hdfsBytesWritten" : -1,
      "fileBytesRead" : 44096115,
      "fileBytesWritten" : 59454418,
      "mapInputRecords" : 6182,
      "mapOutputBytes" : 353562474,
      "mapOutputRecords" : 23479833,
      "combineInputRecords" : 24262246,
      "reduceInputGroups" : -1,
      "reduceInputRecords" : -1,
      "reduceShuffleBytes" : -1,
      "reduceOutputRecords" : -1,
      "spilledRecords" : 2036422,
      "mapInputBytes" : -1,
      "resourceUsageMetrics" : {
        "cumulativeCpuUsage" : 32860,
        "virtualMemoryUsage" : 1272107008,
        "physicalMemoryUsage" : 999477248,
        "heapUsage" : 919339008
      }
    } ],
    "finishTime" : 1404691216838,
    "preferredLocations" : [ {
      "layers" : [ "default-rack", "Master2" ]
    }, {
      "layers" : [ "default-rack", "Slave21" ]
    }, {
      "layers" : [ "default-rack", "Slave23" ]
    } ],
    "taskType" : "MAP",
    "taskStatus" : "SUCCESS",
    "taskID" : "task_201407031554_0888_m_000030",
    "inputBytes" : 256632446,
    "inputRecords" : 6182,
    "outputBytes" : 59454418,
    "outputRecords" : 23479833
  }, {
    "startTime" : 1404691196250,
    "attempts" : [ {
      "result" : "SUCCESS",
      "location" : {
        "layers" : [ "default-rack", "Slave22" ]
      },
      "hostName" : "/default-rack/Slave22",
      "startTime" : 1404691188178,
      "finishTime" : 1404691209373,
      "attemptID" : "attempt_201407031554_0888_m_000031_0",
      "shuffleFinished" : -1,
      "sortFinished" : -1,
      "hdfsBytesRead" : 256632157,
      "hdfsBytesWritten" : -1,
      "fileBytesRead" : 39127989,
      "fileBytesWritten" : 52132487,
      "mapInputRecords" : 112634,
      "mapOutputBytes" : 354419735,
      "mapOutputRecords" : 23588240,
      "combineInputRecords" : 24370684,
      "reduceInputGroups" : -1,
      "reduceInputRecords" : -1,
      "reduceShuffleBytes" : -1,
      "reduceOutputRecords" : -1,
      "spilledRecords" : 2036607,
      "mapInputBytes" : -1,
      "resourceUsageMetrics" : {
        "cumulativeCpuUsage" : 33640,
        "virtualMemoryUsage" : 1268682752,
        "physicalMemoryUsage" : 994496512,
        "heapUsage" : 918552576
      }
    } ],
    "finishTime" : 1404691217662,
    "preferredLocations" : [ {
      "layers" : [ "default-rack", "Master2" ]
    }, {
      "layers" : [ "default-rack", "Slave22" ]
    }, {
      "layers" : [ "default-rack", "Slave23" ]
    } ],
    "taskType" : "MAP",
    "taskStatus" : "SUCCESS",
    "taskID" : "task_201407031554_0888_m_000031",
    "inputBytes" : 256632157,
    "inputRecords" : 112634,
    "outputBytes" : 52132487,
    "outputRecords" : 23588240
  }, {
    "startTime" : 1404691213329,
    "attempts" : [ {
      "result" : "SUCCESS",
      "location" : {
        "layers" : [ "default-rack", "Slave21" ]
      },
      "hostName" : "/default-rack/Slave21",
      "startTime" : 1404691208348,
      "finishTime" : 1404691228470,
      "attemptID" : "attempt_201407031554_0888_m_000032_0",
      "shuffleFinished" : -1,
      "sortFinished" : -1,
      "hdfsBytesRead" : 256631747,
      "hdfsBytesWritten" : -1,
      "fileBytesRead" : 45738432,
      "fileBytesWritten" : 61883677,
      "mapInputRecords" : 6217,
      "mapOutputBytes" : 354400199,
      "mapOutputRecords" : 23476987,
      "combineInputRecords" : 24259480,
      "reduceInputGroups" : -1,
      "reduceInputRecords" : -1,
      "reduceShuffleBytes" : -1,
      "reduceOutputRecords" : -1,
      "spilledRecords" : 2036948,
      "mapInputBytes" : -1,
      "resourceUsageMetrics" : {
        "cumulativeCpuUsage" : 32020,
        "virtualMemoryUsage" : 1269002240,
        "physicalMemoryUsage" : 1052319744,
        "heapUsage" : 973078528
      }
    } ],
    "finishTime" : 1404691233511,
    "preferredLocations" : [ {
      "layers" : [ "default-rack", "Slave22" ]
    }, {
      "layers" : [ "default-rack", "Slave23" ]
    }, {
      "layers" : [ "default-rack", "Slave21" ]
    } ],
    "taskType" : "MAP",
    "taskStatus" : "SUCCESS",
    "taskID" : "task_201407031554_0888_m_000032",
    "inputBytes" : 256631747,
    "inputRecords" : 6217,
    "outputBytes" : 61883677,
    "outputRecords" : 23476987
  }, {
    "startTime" : 1404691213357,
    "attempts" : [ {
      "result" : "SUCCESS",
      "location" : {
        "layers" : [ "default-rack", "Master2" ]
      },
      "hostName" : "/default-rack/Master2",
      "startTime" : 1404691213358,
      "finishTime" : 1404691232608,
      "attemptID" : "attempt_201407031554_0888_m_000033_0",
      "shuffleFinished" : -1,
      "sortFinished" : -1,
      "hdfsBytesRead" : 256631423,
      "hdfsBytesWritten" : -1,
      "fileBytesRead" : 45110511,
      "fileBytesWritten" : 60954707,
      "mapInputRecords" : 6378,
      "mapOutputBytes" : 354093502,
      "mapOutputRecords" : 23480295,
      "combineInputRecords" : 24262665,
      "reduceInputGroups" : -1,
      "reduceInputRecords" : -1,
      "reduceShuffleBytes" : -1,
      "reduceOutputRecords" : -1,
      "spilledRecords" : 2036674,
      "mapInputBytes" : -1,
      "resourceUsageMetrics" : {
        "cumulativeCpuUsage" : 30060,
        "virtualMemoryUsage" : 1266585600,
        "physicalMemoryUsage" : 1050472448,
        "heapUsage" : 990904320
      }
    } ],
    "finishTime" : 1404691232622,
    "preferredLocations" : [ {
      "layers" : [ "default-rack", "Master2" ]
    }, {
      "layers" : [ "default-rack", "Slave23" ]
    }, {
      "layers" : [ "default-rack", "Slave22" ]
    } ],
    "taskType" : "MAP",
    "taskStatus" : "SUCCESS",
    "taskID" : "task_201407031554_0888_m_000033",
    "inputBytes" : 256631423,
    "inputRecords" : 6378,
    "outputBytes" : 60954707,
    "outputRecords" : 23480295
  }, {
    "startTime" : 1404691214048,
    "attempts" : [ {
      "result" : "SUCCESS",
      "location" : {
        "layers" : [ "default-rack", "Slave22" ]
      },
      "hostName" : "/default-rack/Slave22",
      "startTime" : 1404691205976,
      "finishTime" : 1404691226481,
      "attemptID" : "attempt_201407031554_0888_m_000034_0",
      "shuffleFinished" : -1,
      "sortFinished" : -1,
      "hdfsBytesRead" : 256630778,
      "hdfsBytesWritten" : -1,
      "fileBytesRead" : 44712607,
      "fileBytesWritten" : 60369795,
      "mapInputRecords" : 6233,
      "mapOutputBytes" : 353872324,
      "mapOutputRecords" : 23478303,
      "combineInputRecords" : 24260719,
      "reduceInputGroups" : -1,
      "reduceInputRecords" : -1,
      "reduceShuffleBytes" : -1,
      "reduceOutputRecords" : -1,
      "spilledRecords" : 2036844,
      "mapInputBytes" : -1,
      "resourceUsageMetrics" : {
        "cumulativeCpuUsage" : 33240,
        "virtualMemoryUsage" : 1272315904,
        "physicalMemoryUsage" : 1053650944,
        "heapUsage" : 999817216
      }
    } ],
    "finishTime" : 1404691234831,
    "preferredLocations" : [ {
      "layers" : [ "default-rack", "Master2" ]
    }, {
      "layers" : [ "default-rack", "Slave22" ]
    }, {
      "layers" : [ "default-rack", "Slave23" ]
    } ],
    "taskType" : "MAP",
    "taskStatus" : "SUCCESS",
    "taskID" : "task_201407031554_0888_m_000034",
    "inputBytes" : 256630778,
    "inputRecords" : 6233,
    "outputBytes" : 60369795,
    "outputRecords" : 23478303
  }, {
    "startTime" : 1404691214127,
    "attempts" : [ {
      "result" : "SUCCESS",
      "location" : {
        "layers" : [ "default-rack", "Slave23" ]
      },
      "hostName" : "/default-rack/Slave23",
      "startTime" : 1404691215638,
      "finishTime" : 1404691237984,
      "attemptID" : "attempt_201407031554_0888_m_000035_0",
      "shuffleFinished" : -1,
      "sortFinished" : -1,
      "hdfsBytesRead" : 256630704,
      "hdfsBytesWritten" : -1,
      "fileBytesRead" : 45539350,
      "fileBytesWritten" : 61607428,
      "mapInputRecords" : 6081,
      "mapOutputBytes" : 354296773,
      "mapOutputRecords" : 23477934,
      "combineInputRecords" : 24260317,
      "reduceInputGroups" : -1,
      "reduceInputRecords" : -1,
      "reduceShuffleBytes" : -1,
      "reduceOutputRecords" : -1,
      "spilledRecords" : 2036572,
      "mapInputBytes" : -1,
      "resourceUsageMetrics" : {
        "cumulativeCpuUsage" : 29810,
        "virtualMemoryUsage" : 1270779904,
        "physicalMemoryUsage" : 1054302208,
        "heapUsage" : 997720064
      }
    } ],
    "finishTime" : 1404691236715,
    "preferredLocations" : [ {
      "layers" : [ "default-rack", "Slave22" ]
    }, {
      "layers" : [ "default-rack", "Slave21" ]
    }, {
      "layers" : [ "default-rack", "Slave23" ]
    } ],
    "taskType" : "MAP",
    "taskStatus" : "SUCCESS",
    "taskID" : "task_201407031554_0888_m_000035",
    "inputBytes" : 256630704,
    "inputRecords" : 6081,
    "outputBytes" : 61607428,
    "outputRecords" : 23477934
  }, {
    "startTime" : 1404691215438,
    "attempts" : [ {
      "result" : "SUCCESS",
      "location" : {
        "layers" : [ "default-rack", "Slave21" ]
      },
      "hostName" : "/default-rack/Slave21",
      "startTime" : 1404691210457,
      "finishTime" : 1404691229831,
      "attemptID" : "attempt_201407031554_0888_m_000036_0",
      "shuffleFinished" : -1,
      "sortFinished" : -1,
      "hdfsBytesRead" : 256630522,
      "hdfsBytesWritten" : -1,
      "fileBytesRead" : 44264615,
      "fileBytesWritten" : 59751257,
      "mapInputRecords" : 6264,
      "mapOutputBytes" : 353660835,
      "mapOutputRecords" : 23478707,
      "combineInputRecords" : 24261106,
      "reduceInputGroups" : -1,
      "reduceInputRecords" : -1,
      "reduceShuffleBytes" : -1,
      "reduceOutputRecords" : -1,
      "spilledRecords" : 2036610,
      "mapInputBytes" : -1,
      "resourceUsageMetrics" : {
        "cumulativeCpuUsage" : 29330,
        "virtualMemoryUsage" : 1268682752,
        "physicalMemoryUsage" : 1051938816,
        "heapUsage" : 985137152
      }
    } ],
    "finishTime" : 1404691235019,
    "preferredLocations" : [ {
      "layers" : [ "default-rack", "Master2" ]
    }, {
      "layers" : [ "default-rack", "Slave23" ]
    }, {
      "layers" : [ "default-rack", "Slave21" ]
    } ],
    "taskType" : "MAP",
    "taskStatus" : "SUCCESS",
    "taskID" : "task_201407031554_0888_m_000036",
    "inputBytes" : 256630522,
    "inputRecords" : 6264,
    "outputBytes" : 59751257,
    "outputRecords" : 23478707
  }, {
    "startTime" : 1404691216673,
    "attempts" : [ {
      "result" : "SUCCESS",
      "location" : {
        "layers" : [ "default-rack", "Master2" ]
      },
      "hostName" : "/default-rack/Master2",
      "startTime" : 1404691216674,
      "finishTime" : 1404691238196,
      "attemptID" : "attempt_201407031554_0888_m_000037_0",
      "shuffleFinished" : -1,
      "sortFinished" : -1,
      "hdfsBytesRead" : 256629662,
      "hdfsBytesWritten" : -1,
      "fileBytesRead" : 45502840,
      "fileBytesWritten" : 61579869,
      "mapInputRecords" : 6303,
      "mapOutputBytes" : 354296418,
      "mapOutputRecords" : 23478354,
      "combineInputRecords" : 24260458,
      "reduceInputGroups" : -1,
      "reduceInputRecords" : -1,
      "reduceShuffleBytes" : -1,
      "reduceOutputRecords" : -1,
      "spilledRecords" : 2036517,
      "mapInputBytes" : -1,
      "resourceUsageMetrics" : {
        "cumulativeCpuUsage" : 33810,
        "virtualMemoryUsage" : 1267789824,
        "physicalMemoryUsage" : 1008848896,
        "heapUsage" : 977797120
      }
    }, {
      "result" : "KILLED",
      "location" : null,
      "hostName" : null,
      "startTime" : 1404691228530,
      "finishTime" : 1404691234593,
      "attemptID" : "attempt_201407031554_0888_m_000037_1",
      "shuffleFinished" : -1,
      "sortFinished" : -1,
      "hdfsBytesRead" : -1,
      "hdfsBytesWritten" : -1,
      "fileBytesRead" : -1,
      "fileBytesWritten" : -1,
      "mapInputRecords" : -1,
      "mapOutputBytes" : -1,
      "mapOutputRecords" : -1,
      "combineInputRecords" : -1,
      "reduceInputGroups" : -1,
      "reduceInputRecords" : -1,
      "reduceShuffleBytes" : -1,
      "reduceOutputRecords" : -1,
      "spilledRecords" : -1,
      "mapInputBytes" : -1,
      "resourceUsageMetrics" : {
        "cumulativeCpuUsage" : 0,
        "virtualMemoryUsage" : 0,
        "physicalMemoryUsage" : 0,
        "heapUsage" : 0
      }
    } ],
    "finishTime" : 1404691238339,
    "preferredLocations" : [ {
      "layers" : [ "default-rack", "Master2" ]
    }, {
      "layers" : [ "default-rack", "Slave21" ]
    }, {
      "layers" : [ "default-rack", "Slave22" ]
    } ],
    "taskType" : "MAP",
    "taskStatus" : "SUCCESS",
    "taskID" : "task_201407031554_0888_m_000037",
    "inputBytes" : 256629662,
    "inputRecords" : 6303,
    "outputBytes" : 61579869,
    "outputRecords" : 23478354
  }, {
    "startTime" : 1404691216839,
    "attempts" : [ {
      "result" : "SUCCESS",
      "location" : {
        "layers" : [ "default-rack", "Slave23" ]
      },
      "hostName" : "/default-rack/Slave23",
      "startTime" : 1404691218350,
      "finishTime" : 1404691241435,
      "attemptID" : "attempt_201407031554_0888_m_000039_0",
      "shuffleFinished" : -1,
      "sortFinished" : -1,
      "hdfsBytesRead" : 256628322,
      "hdfsBytesWritten" : -1,
      "fileBytesRead" : 45273858,
      "fileBytesWritten" : 61256800,
      "mapInputRecords" : 6174,
      "mapOutputBytes" : 354177774,
      "mapOutputRecords" : 23475908,
      "combineInputRecords" : 24257781,
      "reduceInputGroups" : -1,
      "reduceInputRecords" : -1,
      "reduceShuffleBytes" : -1,
      "reduceOutputRecords" : -1,
      "spilledRecords" : 2035703,
      "mapInputBytes" : -1,
      "resourceUsageMetrics" : {
        "cumulativeCpuUsage" : 32180,
        "virtualMemoryUsage" : 1272107008,
        "physicalMemoryUsage" : 1054720000,
        "heapUsage" : 983564288
      }
    }, {
      "result" : "KILLED",
      "location" : null,
      "hostName" : null,
      "startTime" : 1404691232623,
      "finishTime" : 1404691242482,
      "attemptID" : "attempt_201407031554_0888_m_000039_1",
      "shuffleFinished" : -1,
      "sortFinished" : -1,
      "hdfsBytesRead" : -1,
      "hdfsBytesWritten" : -1,
      "fileBytesRead" : -1,
      "fileBytesWritten" : -1,
      "mapInputRecords" : -1,
      "mapOutputBytes" : -1,
      "mapOutputRecords" : -1,
      "combineInputRecords" : -1,
      "reduceInputGroups" : -1,
      "reduceInputRecords" : -1,
      "reduceShuffleBytes" : -1,
      "reduceOutputRecords" : -1,
      "spilledRecords" : -1,
      "mapInputBytes" : -1,
      "resourceUsageMetrics" : {
        "cumulativeCpuUsage" : 0,
        "virtualMemoryUsage" : 0,
        "physicalMemoryUsage" : 0,
        "heapUsage" : 0
      }
    } ],
    "finishTime" : 1404691239925,
    "preferredLocations" : [ {
      "layers" : [ "default-rack", "Master2" ]
    }, {
      "layers" : [ "default-rack", "Slave23" ]
    }, {
      "layers" : [ "default-rack", "Slave22" ]
    } ],
    "taskType" : "MAP",
    "taskStatus" : "SUCCESS",
    "taskID" : "task_201407031554_0888_m_000039",
    "inputBytes" : 256628322,
    "inputRecords" : 6174,
    "outputBytes" : 61256800,
    "outputRecords" : 23475908
  }, {
    "startTime" : 1404691217662,
    "attempts" : [ {
      "result" : "SUCCESS",
      "location" : {
        "layers" : [ "default-rack", "Slave22" ]
      },
      "hostName" : "/default-rack/Slave22",
      "startTime" : 1404691209590,
      "finishTime" : 1404691230135,
      "attemptID" : "attempt_201407031554_0888_m_000038_0",
      "shuffleFinished" : -1,
      "sortFinished" : -1,
      "hdfsBytesRead" : 256629203,
      "hdfsBytesWritten" : -1,
      "fileBytesRead" : 46935280,
      "fileBytesWritten" : 63657851,
      "mapInputRecords" : 6345,
      "mapOutputBytes" : 355051139,
      "mapOutputRecords" : 23480517,
      "combineInputRecords" : 24261951,
      "reduceInputGroups" : -1,
      "reduceInputRecords" : -1,
      "reduceShuffleBytes" : -1,
      "reduceOutputRecords" : -1,
      "spilledRecords" : 2034214,
      "mapInputBytes" : -1,
      "resourceUsageMetrics" : {
        "cumulativeCpuUsage" : 33050,
        "virtualMemoryUsage" : 1268682752,
        "physicalMemoryUsage" : 1052041216,
        "heapUsage" : 991166464
      }
    } ],
    "finishTime" : 1404691238444,
    "preferredLocations" : [ {
      "layers" : [ "default-rack", "Master2" ]
    }, {
      "layers" : [ "default-rack", "Slave21" ]
    }, {
      "layers" : [ "default-rack", "Slave22" ]
    } ],
    "taskType" : "MAP",
    "taskStatus" : "SUCCESS",
    "taskID" : "task_201407031554_0888_m_000038",
    "inputBytes" : 256629203,
    "inputRecords" : 6345,
    "outputBytes" : 63657851,
    "outputRecords" : 23480517
  } ],
  "finishTime" : 1404691253574,
  "reduceTasks" : [ {
    "startTime" : 1404691150714,
    "attempts" : [ {
      "result" : "SUCCESS",
      "location" : {
        "layers" : [ "default-rack", "Master2" ]
      },
      "hostName" : "/default-rack/Master2",
      "startTime" : 1404691150715,
      "finishTime" : 1404691252937,
      "attemptID" : "attempt_201407031554_0888_r_000000_0",
      "shuffleFinished" : 1404691244874,
      "sortFinished" : 1404691245117,
      "hdfsBytesRead" : -1,
      "hdfsBytesWritten" : 118700510,
      "fileBytesRead" : -1,
      "fileBytesWritten" : 58932,
      "mapInputRecords" : -1,
      "mapOutputBytes" : -1,
      "mapOutputRecords" : -1,
      "combineInputRecords" : 0,
      "reduceInputGroups" : 3271089,
      "reduceInputRecords" : 6561402,
      "reduceShuffleBytes" : 210604603,
      "reduceOutputRecords" : 3271089,
      "spilledRecords" : 0,
      "mapInputBytes" : -1,
      "resourceUsageMetrics" : {
        "cumulativeCpuUsage" : 9210,
        "virtualMemoryUsage" : 1271566336,
        "physicalMemoryUsage" : 516583424,
        "heapUsage" : 536346624
      }
    } ],
    "finishTime" : 1404691253116,
    "preferredLocations" : [ ],
    "taskType" : "REDUCE",
    "taskStatus" : "SUCCESS",
    "taskID" : "task_201407031554_0888_r_000000",
    "inputBytes" : 210604603,
    "inputRecords" : 6561402,
    "outputBytes" : 118700510,
    "outputRecords" : 3271089
  }, {
    "startTime" : 1404691150738,
    "attempts" : [ {
      "result" : "SUCCESS",
      "location" : {
        "layers" : [ "default-rack", "Slave22" ]
      },
      "hostName" : "/default-rack/Slave22",
      "startTime" : 1404691142667,
      "finishTime" : 1404691244127,
      "attemptID" : "attempt_201407031554_0888_r_000001_0",
      "shuffleFinished" : 1404691236694,
      "sortFinished" : 1404691236999,
      "hdfsBytesRead" : -1,
      "hdfsBytesWritten" : 118752742,
      "fileBytesRead" : -1,
      "fileBytesWritten" : 58932,
      "mapInputRecords" : -1,
      "mapOutputBytes" : -1,
      "mapOutputRecords" : -1,
      "combineInputRecords" : 0,
      "reduceInputGroups" : 3271698,
      "reduceInputRecords" : 6563198,
      "reduceShuffleBytes" : 210681647,
      "reduceOutputRecords" : 3271698,
      "spilledRecords" : 0,
      "mapInputBytes" : -1,
      "resourceUsageMetrics" : {
        "cumulativeCpuUsage" : 9070,
        "virtualMemoryUsage" : 1272340480,
        "physicalMemoryUsage" : 534274048,
        "heapUsage" : 569114624
      }
    } ],
    "finishTime" : 1404691252391,
    "preferredLocations" : [ ],
    "taskType" : "REDUCE",
    "taskStatus" : "SUCCESS",
    "taskID" : "task_201407031554_0888_r_000001",
    "inputBytes" : 210681647,
    "inputRecords" : 6563198,
    "outputBytes" : 118752742,
    "outputRecords" : 3271698
  }, {
    "startTime" : 1404691150948,
    "attempts" : [ {
      "result" : "SUCCESS",
      "location" : {
        "layers" : [ "default-rack", "Slave23" ]
      },
      "hostName" : "/default-rack/Slave23",
      "startTime" : 1404691152459,
      "finishTime" : 1404691254622,
      "attemptID" : "attempt_201407031554_0888_r_000002_0",
      "shuffleFinished" : 1404691246559,
      "sortFinished" : 1404691246881,
      "hdfsBytesRead" : -1,
      "hdfsBytesWritten" : 118839515,
      "fileBytesRead" : -1,
      "fileBytesWritten" : 58932,
      "mapInputRecords" : -1,
      "mapOutputBytes" : -1,
      "mapOutputRecords" : -1,
      "combineInputRecords" : 0,
      "reduceInputGroups" : 3273712,
      "reduceInputRecords" : 6568929,
      "reduceShuffleBytes" : 210858057,
      "reduceOutputRecords" : 3273712,
      "spilledRecords" : 0,
      "mapInputBytes" : -1,
      "resourceUsageMetrics" : {
        "cumulativeCpuUsage" : 9500,
        "virtualMemoryUsage" : 1271918592,
        "physicalMemoryUsage" : 476831744,
        "heapUsage" : 530055168
      }
    } ],
    "finishTime" : 1404691253271,
    "preferredLocations" : [ ],
    "taskType" : "REDUCE",
    "taskStatus" : "SUCCESS",
    "taskID" : "task_201407031554_0888_r_000002",
    "inputBytes" : 210858057,
    "inputRecords" : 6568929,
    "outputBytes" : 118839515,
    "outputRecords" : 3273712
  } ],
  "queue" : "default",
  "jobProperties" : {
    "fs.s3n.impl" : "org.apache.hadoop.fs.s3native.NativeS3FileSystem",
    "mapred.task.cache.levels" : "2",
    "mapreduce.job.restart.recover" : "true",
    "mapreduce.job.counters.max" : "120",
    "dfs.client.use.datanode.hostname" : "false",
    "hadoop.tmp.dir" : "/tmp/hadoop-${user.name}",
    "hadoop.native.lib" : "true",
    "map.sort.class" : "org.apache.hadoop.util.QuickSort",
    "dfs.namenode.decommission.nodes.per.interval" : "5",
    "dfs.https.need.client.auth" : "false",
    "dfs.datanode.drop.cache.behind.writes" : "false",
    "ipc.client.idlethreshold" : "4000",
    "mapred.system.dir" : "${hadoop.tmp.dir}/mapred/system",
    "dfs.datanode.data.dir.perm" : "755",
    "mapred.job.tracker.persist.jobstatus.hours" : "0",
    "dfs.namenode.logging.level" : "info",
    "dfs.datanode.address" : "0.0.0.0:50010",
    "io.skip.checksum.errors" : "false",
    "dfs.block.access.token.enable" : "false",
    "fs.default.name" : "hdfs://Master2:9000",
    "mapred.cluster.reduce.memory.mb" : "-1",
    "mapred.reducer.new-api" : "true",
    "mapred.child.tmp" : "./tmp",
    "fs.har.impl.disable.cache" : "true",
    "dfs.safemode.threshold.pct" : "0.999f",
    "mapred.skip.reduce.max.skip.groups" : "0",
    "mapred.heartbeats.in.second" : "100",
    "dfs.namenode.handler.count" : "10",
    "dfs.blockreport.initialDelay" : "0",
    "mapred.tasktracker.dns.nameserver" : "default",
    "io.sort.factor" : "10",
    "dfs.datanode.drop.cache.behind.reads" : "false",
    "mapred.task.timeout" : "600000",
    "mapred.max.tracker.failures" : "4",
    "hadoop.rpc.socket.factory.class.default" : "org.apache.hadoop.net.StandardSocketFactory",
    "mapred.job.tracker.jobhistory.lru.cache.size" : "5",
    "fs.hdfs.impl" : "org.apache.hadoop.hdfs.DistributedFileSystem",
    "mapred.queue.default.acl-administer-jobs" : "*",
    "dfs.namenode.stale.datanode.interval" : "30000",
    "mapred.output.key.class" : "org.apache.hadoop.io.Text",
    "dfs.block.access.key.update.interval" : "600",
    "mapred.skip.map.auto.incr.proc.count" : "true",
    "mapreduce.job.complete.cancel.delegation.tokens" : "true",
    "io.mapfile.bloom.size" : "1048576",
    "mapreduce.reduce.shuffle.connect.timeout" : "180000",
    "dfs.safemode.extension" : "30000",
    "mapred.jobtracker.blacklist.fault-timeout-window" : "180",
    "dfs.namenode.write.stale.datanode.ratio" : "0.5f",
    "hadoop.skip.worker.version.check" : "false",
    "tasktracker.http.threads" : "40",
    "net.topology.impl" : "org.apache.hadoop.net.NetworkTopology",
    "mapred.job.shuffle.merge.percent" : "0.8",
    "fs.ftp.impl" : "org.apache.hadoop.fs.ftp.FTPFileSystem",
    "user.name" : "itri-hadoop",
    "dfs.namenode.kerberos.internal.spnego.principal" : "${dfs.web.authentication.kerberos.principal}",
    "mapred.output.compress" : "false",
    "io.bytes.per.checksum" : "512",
    "mapred.combine.recordsBeforeProgress" : "10000",
    "mapred.healthChecker.script.timeout" : "600000",
    "topology.node.switch.mapping.impl" : "org.apache.hadoop.net.ScriptBasedMapping",
    "dfs.https.server.keystore.resource" : "ssl-server.xml",
    "mapred.reduce.slowstart.completed.maps" : "0.07",
    "mapred.reduce.max.attempts" : "4",
    "dfs.namenode.safemode.min.datanodes" : "0",
    "mapreduce.ifile.readahead.bytes" : "4194304",
    "fs.ramfs.impl" : "org.apache.hadoop.fs.InMemoryFileSystem",
    "dfs.block.access.token.lifetime" : "600",
    "mapred.skip.map.max.skip.records" : "0",
    "dfs.name.edits.dir" : "${dfs.name.dir}",
    "mapred.cluster.map.memory.mb" : "-1",
    "hadoop.security.group.mapping" : "org.apache.hadoop.security.ShellBasedUnixGroupsMapping",
    "mapred.job.tracker.persist.jobstatus.dir" : "/jobtracker/jobsInfo",
    "mapred.jar" : "hdfs://Master2:9000/tmp/hadoop-itri-hadoop/mapred/staging/itri-hadoop/.staging/job_201407031554_0888/job.jar",
    "fs.s3.buffer.dir" : "${hadoop.tmp.dir}/s3",
    "dfs.block.size" : "67108864",
    "job.end.retry.attempts" : "0",
    "fs.file.impl" : "org.apache.hadoop.fs.LocalFileSystem",
    "dfs.namenode.avoid.write.stale.datanode" : "false",
    "dfs.datanode.max.xcievers" : "4096",
    "mapred.local.dir.minspacestart" : "0",
    "mapred.output.compression.type" : "RECORD",
    "dfs.datanode.ipc.address" : "0.0.0.0:50020",
    "dfs.permissions" : "true",
    "topology.script.number.args" : "100",
    "mapreduce.job.counters.groups.max" : "50",
    "io.mapfile.bloom.error.rate" : "0.005",
    "mapred.cluster.max.reduce.memory.mb" : "-1",
    "mapred.max.tracker.blacklists" : "4",
    "mapred.task.profile.maps" : "0-2",
    "mapred.jobtracker.jobSchedulable" : "org.apache.hadoop.mapred.JobSchedulable",
    "dfs.datanode.https.address" : "0.0.0.0:50475",
    "mapred.userlog.retain.hours" : "24",
    "dfs.secondary.http.address" : "0.0.0.0:50090",
    "dfs.namenode.replication.work.multiplier.per.iteration" : "2",
    "dfs.replication.max" : "512",
    "mapred.job.tracker.persist.jobstatus.active" : "false",
    "hadoop.security.authorization" : "false",
    "local.cache.size" : "10737418240",
    "mapred.min.split.size" : "268435456",
    "dfs.namenode.delegation.token.renew-interval" : "86400000",
    "mapred.map.tasks" : "40",
    "mapred.child.java.opts" : "-Xmx200m",
    "mapred.output.value.class" : "org.apache.hadoop.io.IntWritable",
    "dfs.https.client.keystore.resource" : "ssl-client.xml",
    "ipc.client.fallback-to-simple-auth-allowed" : "false",
    "mapred.job.queue.name" : "default",
    "mapred.job.tracker.retiredjobs.cache.size" : "1000",
    "dfs.https.address" : "0.0.0.0:50470",
    "dfs.balance.bandwidthPerSec" : "1048576",
    "ipc.server.listen.queue.size" : "128",
    "dfs.namenode.invalidate.work.pct.per.iteration" : "0.32f",
    "mapred.inmem.merge.threshold" : "1000",
    "job.end.retry.interval" : "30000",
    "mapred.skip.attempts.to.start.skipping" : "2",
    "mapreduce.tasktracker.outofband.heartbeat.damper" : "1000000",
    "hadoop.security.use-weak-http-crypto" : "false",
    "fs.checkpoint.dir" : "${hadoop.tmp.dir}/dfs/namesecondary",
    "dfs.namenode.avoid.read.stale.datanode" : "false",
    "mapred.reduce.tasks" : "3",
    "mapred.merge.recordsBeforeProgress" : "10000",
    "mapred.userlog.limit.kb" : "0",
    "mapred.job.reduce.memory.mb" : "-1",
    "webinterface.private.actions" : "false",
    "dfs.max.objects" : "0",
    "hadoop.security.token.service.use_ip" : "true",
    "io.sort.spill.percent" : "0.5",
    "mapred.job.shuffle.input.buffer.percent" : "0.70",
    "mapred.map.tasks.speculative.execution" : "true",
    "hadoop.http.authentication.type" : "simple",
    "mapred.job.name" : "word count",
    "hadoop.util.hash.type" : "murmur",
    "dfs.datanode.dns.nameserver" : "default",
    "hadoop.security.instrumentation.requires.admin" : "false",
    "dfs.blockreport.intervalMsec" : "3600000",
    "dfs.datanode.readahead.bytes" : "4193404",
    "mapred.map.max.attempts" : "4",
    "mapreduce.job.acl-view-job" : " ",
    "mapreduce.ifile.readahead" : "true",
    "mapred.jobtracker.nodegroup.aware" : "false",
    "mapred.job.tracker.handler.count" : "10",
    "dfs.client.block.write.retries" : "3",
    "mapreduce.reduce.shuffle.read.timeout" : "180000",
    "mapred.tasktracker.expiry.interval" : "600000",
    "dfs.secondary.namenode.kerberos.internal.spnego.principal" : "${dfs.web.authentication.kerberos.principal}",
    "dfs.https.enable" : "false",
    "mapred.jobtracker.job.history.block.size" : "3145728",
    "mapred.jobtracker.maxtasks.per.job" : "-1",
    "keep.failed.task.files" : "false",
    "dfs.datanode.use.datanode.hostname" : "false",
    "dfs.datanode.failed.volumes.tolerated" : "0",
    "ipc.client.tcpnodelay" : "false",
    "mapred.task.profile.reduces" : "0-2",
    "io.map.index.skip" : "0",
    "mapred.output.compression.codec" : "org.apache.hadoop.io.compress.DefaultCodec",
    "hadoop.http.authentication.token.validity" : "36000",
    "ipc.server.tcpnodelay" : "false",
    "hadoop.jetty.logs.serve.aliases" : "true",
    "mapred.working.dir" : "hdfs://Master2:9000/user/itri-hadoop",
    "mapred.jobtracker.blacklist.fault-bucket-width" : "15",
    "dfs.namenode.delegation.key.update-interval" : "86400000",
    "mapred.used.genericoptionsparser" : "true",
    "mapred.job.map.memory.mb" : "-1",
    "mapred.mapper.new-api" : "true",
    "dfs.default.chunk.view.size" : "32768",
    "hadoop.logfile.size" : "10000000",
    "mapred.reduce.tasks.speculative.execution" : "true",
    "mapreduce.tasktracker.outofband.heartbeat" : "false",
    "mapreduce.job.dir" : "hdfs://Master2:9000/tmp/hadoop-itri-hadoop/mapred/staging/itri-hadoop/.staging/job_201407031554_0888",
    "mapreduce.reduce.input.limit" : "-1",
    "dfs.datanode.du.reserved" : "0",
    "dfs.datanode.sync.behind.writes" : "false",
    "hadoop.security.authentication" : "simple",
    "fs.checkpoint.period" : "3600",
    "mapred.job.reuse.jvm.num.tasks" : "-1",
    "dfs.web.ugi" : "webuser,webgroup",
    "mapred.jobtracker.completeuserjobs.maximum" : "100",
    "dfs.df.interval" : "60000",
    "mapred.task.tracker.task-controller" : "org.apache.hadoop.mapred.DefaultTaskController",
    "dfs.data.dir" : "${hadoop.tmp.dir}/dfs/data",
    "fs.s3.maxRetries" : "4",
    "dfs.datanode.dns.interface" : "default",
    "mapred.cluster.max.map.memory.mb" : "-1",
    "mapreduce.reduce.shuffle.maxfetchfailures" : "10",
    "mapred.map.child.java.opts" : "-Xmx1000M",
    "mapreduce.job.acl-modify-job" : " ",
    "fs.hftp.impl" : "org.apache.hadoop.hdfs.HftpFileSystem",
    "mapred.local.dir" : "${hadoop.tmp.dir}/mapred/local",
    "dfs.permissions.supergroup" : "supergroup",
    "fs.s3.sleepTimeSeconds" : "10",
    "fs.trash.interval" : "0",
    "mapred.submit.replication" : "10",
    "dfs.replication.min" : "1",
    "fs.har.impl" : "org.apache.hadoop.fs.HarFileSystem",
    "hadoop.relaxed.worker.version.check" : "false",
    "mapred.map.output.compression.codec" : "org.apache.hadoop.io.compress.DefaultCodec",
    "mapred.tasktracker.dns.interface" : "default",
    "dfs.http.address" : "0.0.0.0:50070",
    "dfs.namenode.decommission.interval" : "30",
    "mapred.job.tracker" : "Master2:9001",
    "dfs.heartbeat.interval" : "3",
    "hadoop.http.authentication.signature.secret.file" : "${user.home}/hadoop-http-auth-signature-secret",
    "io.seqfile.sorter.recordlimit" : "1000000",
    "mapreduce.job.submithost" : "Master2",
    "dfs.name.dir" : "${hadoop.tmp.dir}/dfs/name",
    "mapred.jobtracker.taskScheduler" : "org.apache.hadoop.mapred.JobQueueTaskScheduler",
    "mapred.line.input.format.linespermap" : "1",
    "dfs.datanode.http.address" : "0.0.0.0:50075",
    "fs.webhdfs.impl" : "org.apache.hadoop.hdfs.web.WebHdfsFileSystem",
    "mapred.local.dir.minspacekill" : "0",
    "dfs.image.transfer.bandwidthPerSec" : "0",
    "dfs.replication.interval" : "3",
    "io.sort.record.percent" : "0.03",
    "hadoop.http.authentication.kerberos.principal" : "HTTP/localhost@LOCALHOST",
    "mapreduce.reduce.class" : "org.apache.hadoop.examples.WordCount$IntSumReducer",
    "fs.kfs.impl" : "org.apache.hadoop.fs.kfs.KosmosFileSystem",
    "mapred.tasktracker.reduce.tasks.maximum" : "1",
    "mapred.temp.dir" : "${hadoop.tmp.dir}/mapred/temp",
    "dfs.replication" : "3",
    "fs.checkpoint.edits.dir" : "${fs.checkpoint.dir}",
    "mapreduce.jobhistory.max-age-ms" : "2592000000",
    "mapred.tasktracker.tasks.sleeptime-before-sigkill" : "5000",
    "mapred.job.reduce.input.buffer.percent" : "0.8",
    "mapred.tasktracker.indexcache.mb" : "10",
    "dfs.webhdfs.enabled" : "false",
    "mapreduce.job.split.metainfo.maxsize" : "10000000",
    "hadoop.logfile.count" : "10",
    "mapred.skip.reduce.auto.incr.proc.count" : "true",
    "mapreduce.job.submithostaddress" : "192.168.1.104",
    "io.seqfile.compress.blocksize" : "1000000",
    "fs.s3.block.size" : "67108864",
    "mapred.tasktracker.taskmemorymanager.monitoring-interval" : "5000",
    "hadoop.http.authentication.simple.anonymous.allowed" : "true",
    "mapreduce.jobtracker.staging.root.dir" : "${hadoop.tmp.dir}/mapred/staging",
    "mapred.acls.enabled" : "false",
    "mapred.queue.default.state" : "RUNNING",
    "mapred.queue.names" : "default",
    "fs.hsftp.impl" : "org.apache.hadoop.hdfs.HsftpFileSystem",
    "dfs.access.time.precision" : "3600000",
    "mapred.task.tracker.http.address" : "0.0.0.0:50060",
    "mapreduce.combine.class" : "org.apache.hadoop.examples.WordCount$IntSumReducer",
    "io.seqfile.lazydecompress" : "true",
    "mapred.reduce.parallel.copies" : "5",
    "mapred.disk.healthChecker.interval" : "60000",
    "mapred.output.dir" : "/word-out",
    "ipc.client.connection.maxidletime" : "10000",
    "io.sort.mb" : "300",
    "mapred.reduce.child.java.opts" : "-Xmx1000M",
    "mapred.task.tracker.report.address" : "127.0.0.1:0",
    "hadoop.security.uid.cache.secs" : "14400",
    "mapred.compress.map.output" : "false",
    "ipc.client.kill.max" : "10",
    "mapred.healthChecker.interval" : "60000",
    "ipc.client.connect.max.retries" : "10",
    "mapreduce.map.class" : "org.apache.hadoop.examples.WordCount$TokenizerMapper",
    "fs.s3.impl" : "org.apache.hadoop.fs.s3.S3FileSystem",
    "mapred.user.jobconf.limit" : "5242880",
    "mapreduce.job.counters.group.name.max" : "128",
    "mapred.job.tracker.http.address" : "0.0.0.0:50030",
    "mapred.input.dir" : "hdfs://Master2:9000/word-in10G",
    "io.file.buffer.size" : "4096",
    "mapred.jobtracker.restart.recover" : "false",
    "io.serializations" : "org.apache.hadoop.io.serializer.WritableSerialization",
    "mapred.task.profile" : "false",
    "dfs.datanode.handler.count" : "3",
    "mapreduce.input.num.files" : "40",
    "mapreduce.jobhistory.cleaner.interval-ms" : "86400000",
    "dfs.replication.considerLoad" : "true",
    "jobclient.output.filter" : "FAILED",
    "dfs.namenode.edits.toleration.length" : "0",
    "hadoop.http.authentication.kerberos.keytab" : "${user.home}/hadoop.keytab",
    "dfs.namenode.delegation.token.max-lifetime" : "604800000",
    "mapred.tasktracker.map.tasks.maximum" : "2",
    "fs.checkpoint.size" : "67108864",
    "io.compression.codecs" : "org.apache.hadoop.io.compress.DefaultCodec,org.apache.hadoop.io.compress.GzipCodec,org.apache.hadoop.io.compress.BZip2Codec,org.apache.hadoop.io.compress.SnappyCodec",
    "mapreduce.job.counters.counter.name.max" : "64"
  },
  "computonsPerMapInputByte" : -1,
  "computonsPerMapOutputByte" : -1,
  "computonsPerReduceInputByte" : -1,
  "computonsPerReduceOutputByte" : -1,
  "heapMegabytes" : 200,
  "outcome" : "SUCCESS",
  "jobtype" : "JAVA",
  "directDependantJobs" : [ ],
  "successfulMapAttemptCDFs" : [ {
    "maximum" : 25053,
    "minimum" : 19116,
    "rankings" : [ {
      "datum" : 19250,
      "relativeRanking" : 0.05
    }, {
      "datum" : 19796,
      "relativeRanking" : 0.1
    }, {
      "datum" : 19992,
      "relativeRanking" : 0.15
    }, {
      "datum" : 20365,
      "relativeRanking" : 0.2
    }, {
      "datum" : 20545,
      "relativeRanking" : 0.25
    }, {
      "datum" : 20623,
      "relativeRanking" : 0.3
    }, {
      "datum" : 20780,
      "relativeRanking" : 0.35
    }, {
      "datum" : 21130,
      "relativeRanking" : 0.4
    }, {
      "datum" : 21141,
      "relativeRanking" : 0.45
    }, {
      "datum" : 21204,
      "relativeRanking" : 0.5
    }, {
      "datum" : 21522,
      "relativeRanking" : 0.55
    }, {
      "datum" : 21790,
      "relativeRanking" : 0.6
    }, {
      "datum" : 21942,
      "relativeRanking" : 0.65
    }, {
      "datum" : 22246,
      "relativeRanking" : 0.7
    }, {
      "datum" : 22346,
      "relativeRanking" : 0.75
    }, {
      "datum" : 22690,
      "relativeRanking" : 0.8
    }, {
      "datum" : 23060,
      "relativeRanking" : 0.85
    }, {
      "datum" : 23085,
      "relativeRanking" : 0.9
    }, {
      "datum" : 23511,
      "relativeRanking" : 0.95
    } ],
    "numberValues" : 40
  }, {
    "maximum" : 9223372036854775807,
    "minimum" : -9223372036854775808,
    "rankings" : [ ],
    "numberValues" : 0
  }, {
    "maximum" : 9223372036854775807,
    "minimum" : -9223372036854775808,
    "rankings" : [ ],
    "numberValues" : 0
  }, {
    "maximum" : 9223372036854775807,
    "minimum" : -9223372036854775808,
    "rankings" : [ ],
    "numberValues" : 0
  } ],
  "failedMapAttemptCDFs" : [ {
    "maximum" : 9223372036854775807,
    "minimum" : -9223372036854775808,
    "rankings" : [ ],
    "numberValues" : 0
  }, {
    "maximum" : 9223372036854775807,
    "minimum" : -9223372036854775808,
    "rankings" : [ ],
    "numberValues" : 0
  }, {
    "maximum" : 9223372036854775807,
    "minimum" : -9223372036854775808,
    "rankings" : [ ],
    "numberValues" : 0
  }, {
    "maximum" : 9223372036854775807,
    "minimum" : -9223372036854775808,
    "rankings" : [ ],
    "numberValues" : 0
  } ],
  "successfulReduceAttemptCDF" : {
    "maximum" : 102222,
    "minimum" : 101460,
    "rankings" : [ {
      "datum" : 101460,
      "relativeRanking" : 0.05
    }, {
      "datum" : 101460,
      "relativeRanking" : 0.1
    }, {
      "datum" : 101460,
      "relativeRanking" : 0.15
    }, {
      "datum" : 101460,
      "relativeRanking" : 0.2
    }, {
      "datum" : 101460,
      "relativeRanking" : 0.25
    }, {
      "datum" : 101460,
      "relativeRanking" : 0.3
    }, {
      "datum" : 101460,
      "relativeRanking" : 0.35
    }, {
      "datum" : 101460,
      "relativeRanking" : 0.4
    }, {
      "datum" : 101460,
      "relativeRanking" : 0.45
    }, {
      "datum" : 101460,
      "relativeRanking" : 0.5
    }, {
      "datum" : 101460,
      "relativeRanking" : 0.55
    }, {
      "datum" : 101460,
      "relativeRanking" : 0.6
    }, {
      "datum" : 101460,
      "relativeRanking" : 0.65
    }, {
      "datum" : 102163,
      "relativeRanking" : 0.7
    }, {
      "datum" : 102163,
      "relativeRanking" : 0.75
    }, {
      "datum" : 102163,
      "relativeRanking" : 0.8
    }, {
      "datum" : 102163,
      "relativeRanking" : 0.85
    }, {
      "datum" : 102163,
      "relativeRanking" : 0.9
    }, {
      "datum" : 102163,
      "relativeRanking" : 0.95
    } ],
    "numberValues" : 3
  },
  "failedReduceAttemptCDF" : {
    "maximum" : 9223372036854775807,
    "minimum" : -9223372036854775808,
    "rankings" : [ ],
    "numberValues" : 0
  },
  "mapperTriesToSucceed" : [ 1.0 ],
  "failedMapperFraction" : 0.0,
  "relativeTime" : 0,
  "clusterMapMB" : -1,
  "clusterReduceMB" : -1,
  "jobMapMB" : 200,
  "jobReduceMB" : 200,
  "submitTime" : 1404691126521,
  "launchTime" : 1404691126603,
  "totalMaps" : 40,
  "totalReduces" : 3,
  "otherTasks" : [ {
    "startTime" : 1404691126625,
    "attempts" : [ {
      "result" : "SUCCESS",
      "location" : {
        "layers" : [ "default-rack", "Slave23" ]
      },
      "hostName" : "/default-rack/Slave23",
      "startTime" : 1404691128214,
      "finishTime" : 1404691128840,
      "attemptID" : "attempt_201407031554_0888_m_000041_0",
      "shuffleFinished" : -1,
      "sortFinished" : -1,
      "hdfsBytesRead" : -1,
      "hdfsBytesWritten" : -1,
      "fileBytesRead" : -1,
      "fileBytesWritten" : 59024,
      "mapInputRecords" : -1,
      "mapOutputBytes" : -1,
      "mapOutputRecords" : -1,
      "combineInputRecords" : -1,
      "reduceInputGroups" : -1,
      "reduceInputRecords" : -1,
      "reduceShuffleBytes" : -1,
      "reduceOutputRecords" : -1,
      "spilledRecords" : 0,
      "mapInputBytes" : -1,
      "resourceUsageMetrics" : {
        "cumulativeCpuUsage" : 60,
        "virtualMemoryUsage" : 1265975296,
        "physicalMemoryUsage" : 62775296,
        "heapUsage" : 64487424
      }
    } ],
    "finishTime" : 1404691127533,
    "preferredLocations" : [ ],
    "taskType" : "SETUP",
    "taskStatus" : "SUCCESS",
    "taskID" : "task_201407031554_0888_m_000041",
    "inputBytes" : -1,
    "inputRecords" : -1,
    "outputBytes" : -1,
    "outputRecords" : -1
  }, {
    "startTime" : 1404691253271,
    "attempts" : [ {
      "result" : "SUCCESS",
      "location" : {
        "layers" : [ "default-rack", "Slave23" ]
      },
      "hostName" : "/default-rack/Slave23",
      "startTime" : 1404691254784,
      "finishTime" : 1404691255069,
      "attemptID" : "attempt_201407031554_0888_m_000040_0",
      "shuffleFinished" : -1,
      "sortFinished" : -1,
      "hdfsBytesRead" : -1,
      "hdfsBytesWritten" : -1,
      "fileBytesRead" : -1,
      "fileBytesWritten" : 59024,
      "mapInputRecords" : -1,
      "mapOutputBytes" : -1,
      "mapOutputRecords" : -1,
      "combineInputRecords" : -1,
      "reduceInputGroups" : -1,
      "reduceInputRecords" : -1,
      "reduceShuffleBytes" : -1,
      "reduceOutputRecords" : -1,
      "spilledRecords" : 0,
      "mapInputBytes" : -1,
      "resourceUsageMetrics" : {
        "cumulativeCpuUsage" : 10,
        "virtualMemoryUsage" : 1270779904,
        "physicalMemoryUsage" : 1054601216,
        "heapUsage" : 997720064
      }
    } ],
    "finishTime" : 1404691253573,
    "preferredLocations" : [ ],
    "taskType" : "CLEANUP",
    "taskStatus" : "SUCCESS",
    "taskID" : "task_201407031554_0888_m_000040",
    "inputBytes" : -1,
    "inputRecords" : -1,
    "outputBytes" : -1,
    "outputRecords" : -1
  } ]
}