{
  "jobID" : "job_201402250015_0024",
  "user" : "trend-hadoop",
  "jobName" : "TeraSort",
  "failedReduceAttemptCDF" : {
    "minimum" : -9223372036854775808,
    "maximum" : 9223372036854775807,
    "rankings" : [ ],
    "numberValues" : 0
  },
  "mapperTriesToSucceed" : [ 1.0 ],
  "failedMapperFraction" : 0.0,
  "relativeTime" : 0,
  "clusterMapMB" : -1,
  "clusterReduceMB" : -1,
  "jobMapMB" : 200,
  "jobReduceMB" : 200,
  "mapTasks" : [ {
    "startTime" : 1393278375578,
    "attempts" : [ {
      "result" : "SUCCESS",
      "startTime" : 1393277481812,
      "finishTime" : 1393277501981,
      "attemptID" : "attempt_201402250015_0024_m_000029_0",
      "shuffleFinished" : -1,
      "sortFinished" : -1,
      "hdfsBytesRead" : 302379613,
      "hdfsBytesWritten" : -1,
      "fileBytesRead" : 388643157,
      "fileBytesWritten" : 697130575,
      "mapInputRecords" : 3023795,
      "mapOutputBytes" : 302379500,
      "mapOutputRecords" : 3023795,
      "combineInputRecords" : 0,
      "reduceInputGroups" : -1,
      "reduceInputRecords" : -1,
      "reduceShuffleBytes" : -1,
      "reduceOutputRecords" : -1,
      "spilledRecords" : 6834020,
      "mapInputBytes" : 302379500,
      "resourceUsageMetrics" : {
        "cumulativeCpuUsage" : 21900,
        "virtualMemoryUsage" : 780050432,
        "physicalMemoryUsage" : 221093888,
        "heapUsage" : 201326592
      },
      "location" : {
        "layers" : [ "default-rack", "Slave6" ]
      },
      "hostName" : "/default-rack/Slave6"
    } ],
    "finishTime" : 1393278395794,
    "preferredLocations" : [ {
      "layers" : [ "default-rack", "Master" ]
    }, {
      "layers" : [ "default-rack", "Slave6" ]
    }, {
      "layers" : [ "default-rack", "Slave1" ]
    } ],
    "taskType" : "MAP",
    "taskStatus" : "SUCCESS",
    "taskID" : "task_201402250015_0024_m_000029",
    "inputBytes" : 302379613,
    "inputRecords" : 3023795,
    "outputBytes" : 697130575,
    "outputRecords" : 3023795
  }, {
    "startTime" : 1393278375578,
    "attempts" : [ {
      "result" : "SUCCESS",
      "startTime" : 1393277481812,
      "finishTime" : 1393277504763,
      "attemptID" : "attempt_201402250015_0024_m_000000_0",
      "shuffleFinished" : -1,
      "sortFinished" : -1,
      "hdfsBytesRead" : 335548509,
      "hdfsBytesWritten" : -1,
      "fileBytesRead" : 449209947,
      "fileBytesWritten" : 791525562,
      "mapInputRecords" : 3355444,
      "mapOutputBytes" : 335544400,
      "mapOutputRecords" : 3355444,
      "combineInputRecords" : 0,
      "reduceInputGroups" : -1,
      "reduceInputRecords" : -1,
      "reduceShuffleBytes" : -1,
      "reduceOutputRecords" : -1,
      "spilledRecords" : 7759461,
      "mapInputBytes" : 335544400,
      "resourceUsageMetrics" : {
        "cumulativeCpuUsage" : 25540,
        "virtualMemoryUsage" : 784289792,
        "physicalMemoryUsage" : 232128512,
        "heapUsage" : 201326592
      },
      "location" : {
        "layers" : [ "default-rack", "Slave6" ]
      },
      "hostName" : "/default-rack/Slave6"
    } ],
    "finishTime" : 1393278398812,
    "preferredLocations" : [ {
      "layers" : [ "default-rack", "192\\.168\\.168\\.53" ]
    }, {
      "layers" : [ "default-rack", "192\\.168\\.168\\.51" ]
    }, {
      "layers" : [ "default-rack", "192\\.168\\.168\\.55" ]
    } ],
    "taskType" : "MAP",
    "taskStatus" : "SUCCESS",
    "taskID" : "task_201402250015_0024_m_000000",
    "inputBytes" : 335548509,
    "inputRecords" : 3355444,
    "outputBytes" : 791525562,
    "outputRecords" : 3355444
  }, {
    "startTime" : 1393278375605,
    "attempts" : [ {
      "result" : "SUCCESS",
      "startTime" : 1393278526299,
      "finishTime" : 1393278547573,
      "attemptID" : "attempt_201402250015_0024_m_000001_0",
      "shuffleFinished" : -1,
      "sortFinished" : -1,
      "hdfsBytesRead" : 335548509,
      "hdfsBytesWritten" : -1,
      "fileBytesRead" : 449209845,
      "fileBytesWritten" : 791525356,
      "mapInputRecords" : 3355443,
      "mapOutputBytes" : 335544300,
      "mapOutputRecords" : 3355443,
      "combineInputRecords" : 0,
      "reduceInputGroups" : -1,
      "reduceInputRecords" : -1,
      "reduceShuffleBytes" : -1,
      "reduceOutputRecords" : -1,
      "spilledRecords" : 7759459,
      "mapInputBytes" : 335544300,
      "resourceUsageMetrics" : {
        "cumulativeCpuUsage" : 23460,
        "virtualMemoryUsage" : 782376960,
        "physicalMemoryUsage" : 225001472,
        "heapUsage" : 201326592
      },
      "location" : {
        "layers" : [ "default-rack", "Slave7" ]
      },
      "hostName" : "/default-rack/Slave7"
    } ],
    "finishTime" : 1393278397004,
    "preferredLocations" : [ {
      "layers" : [ "default-rack", "192\\.168\\.168\\.53" ]
    }, {
      "layers" : [ "default-rack", "192\\.168\\.168\\.55" ]
    }, {
      "layers" : [ "default-rack", "192\\.168\\.168\\.52" ]
    } ],
    "taskType" : "MAP",
    "taskStatus" : "SUCCESS",
    "taskID" : "task_201402250015_0024_m_000001",
    "inputBytes" : 335548509,
    "inputRecords" : 3355443,
    "outputBytes" : 791525356,
    "outputRecords" : 3355443
  }, {
    "startTime" : 1393278375605,
    "attempts" : [ {
      "result" : "SUCCESS",
      "startTime" : 1393278526300,
      "finishTime" : 1393278547909,
      "attemptID" : "attempt_201402250015_0024_m_000002_0",
      "shuffleFinished" : -1,
      "sortFinished" : -1,
      "hdfsBytesRead" : 335548509,
      "hdfsBytesWritten" : -1,
      "fileBytesRead" : 449209845,
      "fileBytesWritten" : 791525356,
      "mapInputRecords" : 3355443,
      "mapOutputBytes" : 335544300,
      "mapOutputRecords" : 3355443,
      "combineInputRecords" : 0,
      "reduceInputGroups" : -1,
      "reduceInputRecords" : -1,
      "reduceShuffleBytes" : -1,
      "reduceOutputRecords" : -1,
      "spilledRecords" : 7759459,
      "mapInputBytes" : 335544300,
      "resourceUsageMetrics" : {
        "cumulativeCpuUsage" : 23560,
        "virtualMemoryUsage" : 784891904,
        "physicalMemoryUsage" : 229445632,
        "heapUsage" : 201326592
      },
      "location" : {
        "layers" : [ "default-rack", "Slave7" ]
      },
      "hostName" : "/default-rack/Slave7"
    } ],
    "finishTime" : 1393278397608,
    "preferredLocations" : [ {
      "layers" : [ "default-rack", "192\\.168\\.168\\.53" ]
    }, {
      "layers" : [ "default-rack", "192\\.168\\.168\\.54" ]
    }, {
      "layers" : [ "default-rack", "192\\.168\\.168\\.57" ]
    } ],
    "taskType" : "MAP",
    "taskStatus" : "SUCCESS",
    "taskID" : "task_201402250015_0024_m_000002",
    "inputBytes" : 335548509,
    "inputRecords" : 3355443,
    "outputBytes" : 791525356,
    "outputRecords" : 3355443
  }, {
    "startTime" : 1393278375645,
    "attempts" : [ {
      "result" : "SUCCESS",
      "startTime" : 1393278001971,
      "finishTime" : 1393278021383,
      "attemptID" : "attempt_201402250015_0024_m_000028_0",
      "shuffleFinished" : -1,
      "sortFinished" : -1,
      "hdfsBytesRead" : 302379613,
      "hdfsBytesWritten" : -1,
      "fileBytesRead" : 388643157,
      "fileBytesWritten" : 697130574,
      "mapInputRecords" : 3023795,
      "mapOutputBytes" : 302379500,
      "mapOutputRecords" : 3023795,
      "combineInputRecords" : 0,
      "reduceInputGroups" : -1,
      "reduceInputRecords" : -1,
      "reduceShuffleBytes" : -1,
      "reduceOutputRecords" : -1,
      "spilledRecords" : 6834020,
      "mapInputBytes" : 302379500,
      "resourceUsageMetrics" : {
        "cumulativeCpuUsage" : 21430,
        "virtualMemoryUsage" : 782041088,
        "physicalMemoryUsage" : 221052928,
        "heapUsage" : 201326592
      },
      "location" : {
        "layers" : [ "default-rack", "Slave1" ]
      },
      "hostName" : "/default-rack/Slave1"
    } ],
    "finishTime" : 1393278395268,
    "preferredLocations" : [ {
      "layers" : [ "default-rack", "Master" ]
    }, {
      "layers" : [ "default-rack", "Slave1" ]
    }, {
      "layers" : [ "default-rack", "Slave3" ]
    } ],
    "taskType" : "MAP",
    "taskStatus" : "SUCCESS",
    "taskID" : "task_201402250015_0024_m_000028",
    "inputBytes" : 302379613,
    "inputRecords" : 3023795,
    "outputBytes" : 697130574,
    "outputRecords" : 3023795
  }, {
    "startTime" : 1393278375646,
    "attempts" : [ {
      "result" : "SUCCESS",
      "startTime" : 1393278001972,
      "finishTime" : 1393278022922,
      "attemptID" : "attempt_201402250015_0024_m_000003_0",
      "shuffleFinished" : -1,
      "sortFinished" : -1,
      "hdfsBytesRead" : 335548509,
      "hdfsBytesWritten" : -1,
      "fileBytesRead" : 449209845,
      "fileBytesWritten" : 791525357,
      "mapInputRecords" : 3355443,
      "mapOutputBytes" : 335544300,
      "mapOutputRecords" : 3355443,
      "combineInputRecords" : 0,
      "reduceInputGroups" : -1,
      "reduceInputRecords" : -1,
      "reduceShuffleBytes" : -1,
      "reduceOutputRecords" : -1,
      "spilledRecords" : 7759459,
      "mapInputBytes" : 335544300,
      "resourceUsageMetrics" : {
        "cumulativeCpuUsage" : 22860,
        "virtualMemoryUsage" : 782659584,
        "physicalMemoryUsage" : 227196928,
        "heapUsage" : 201326592
      },
      "location" : {
        "layers" : [ "default-rack", "Slave1" ]
      },
      "hostName" : "/default-rack/Slave1"
    } ],
    "finishTime" : 1393278396779,
    "preferredLocations" : [ {
      "layers" : [ "default-rack", "192\\.168\\.168\\.53" ]
    }, {
      "layers" : [ "default-rack", "192\\.168\\.168\\.50" ]
    }, {
      "layers" : [ "default-rack", "192\\.168\\.168\\.51" ]
    } ],
    "taskType" : "MAP",
    "taskStatus" : "SUCCESS",
    "taskID" : "task_201402250015_0024_m_000003",
    "inputBytes" : 335548509,
    "inputRecords" : 3355443,
    "outputBytes" : 791525357,
    "outputRecords" : 3355443
  }, {
    "startTime" : 1393278375666,
    "attempts" : [ {
      "result" : "SUCCESS",
      "startTime" : 1393277347334,
      "finishTime" : 1393277370843,
      "attemptID" : "attempt_201402250015_0024_m_000004_0",
      "shuffleFinished" : -1,
      "sortFinished" : -1,
      "hdfsBytesRead" : 335548509,
      "hdfsBytesWritten" : -1,
      "fileBytesRead" : 449209947,
      "fileBytesWritten" : 791525561,
      "mapInputRecords" : 3355444,
      "mapOutputBytes" : 335544400,
      "mapOutputRecords" : 3355444,
      "combineInputRecords" : 0,
      "reduceInputGroups" : -1,
      "reduceInputRecords" : -1,
      "reduceShuffleBytes" : -1,
      "reduceOutputRecords" : -1,
      "spilledRecords" : 7759461,
      "mapInputBytes" : 335544400,
      "resourceUsageMetrics" : {
        "cumulativeCpuUsage" : 26130,
        "virtualMemoryUsage" : 784044032,
        "physicalMemoryUsage" : 231923712,
        "heapUsage" : 201326592
      },
      "location" : {
        "layers" : [ "default-rack", "Slave3" ]
      },
      "hostName" : "/default-rack/Slave3"
    } ],
    "finishTime" : 1393278399582,
    "preferredLocations" : [ {
      "layers" : [ "default-rack", "192\\.168\\.168\\.53" ]
    }, {
      "layers" : [ "default-rack", "192\\.168\\.168\\.56" ]
    }, {
      "layers" : [ "default-rack", "192\\.168\\.168\\.55" ]
    } ],
    "taskType" : "MAP",
    "taskStatus" : "SUCCESS",
    "taskID" : "task_201402250015_0024_m_000004",
    "inputBytes" : 335548509,
    "inputRecords" : 3355444,
    "outputBytes" : 791525561,
    "outputRecords" : 3355444
  }, {
    "startTime" : 1393278375666,
    "attempts" : [ {
      "result" : "SUCCESS",
      "startTime" : 1393277347334,
      "finishTime" : 1393277370479,
      "attemptID" : "attempt_201402250015_0024_m_000005_0",
      "shuffleFinished" : -1,
      "sortFinished" : -1,
      "hdfsBytesRead" : 335548509,
      "hdfsBytesWritten" : -1,
      "fileBytesRead" : 449209845,
      "fileBytesWritten" : 791525357,
      "mapInputRecords" : 3355443,
      "mapOutputBytes" : 335544300,
      "mapOutputRecords" : 3355443,
      "combineInputRecords" : 0,
      "reduceInputGroups" : -1,
      "reduceInputRecords" : -1,
      "reduceShuffleBytes" : -1,
      "reduceOutputRecords" : -1,
      "spilledRecords" : 7759459,
      "mapInputBytes" : 335544300,
      "resourceUsageMetrics" : {
        "cumulativeCpuUsage" : 25550,
        "virtualMemoryUsage" : 781361152,
        "physicalMemoryUsage" : 230801408,
        "heapUsage" : 201326592
      },
      "location" : {
        "layers" : [ "default-rack", "Slave3" ]
      },
      "hostName" : "/default-rack/Slave3"
    } ],
    "finishTime" : 1393278398976,
    "preferredLocations" : [ {
      "layers" : [ "default-rack", "192\\.168\\.168\\.53" ]
    }, {
      "layers" : [ "default-rack", "192\\.168\\.168\\.51" ]
    }, {
      "layers" : [ "default-rack", "192\\.168\\.168\\.52" ]
    } ],
    "taskType" : "MAP",
    "taskStatus" : "SUCCESS",
    "taskID" : "task_201402250015_0024_m_000005",
    "inputBytes" : 335548509,
    "inputRecords" : 3355443,
    "outputBytes" : 791525357,
    "outputRecords" : 3355443
  }, {
    "startTime" : 1393278375750,
    "attempts" : [ {
      "result" : "SUCCESS",
      "startTime" : 1393278773579,
      "finishTime" : 1393278795034,
      "attemptID" : "attempt_201402250015_0024_m_000006_0",
      "shuffleFinished" : -1,
      "sortFinished" : -1,
      "hdfsBytesRead" : 335548509,
      "hdfsBytesWritten" : -1,
      "fileBytesRead" : 449209845,
      "fileBytesWritten" : 791525358,
      "mapInputRecords" : 3355443,
      "mapOutputBytes" : 335544300,
      "mapOutputRecords" : 3355443,
      "combineInputRecords" : 0,
      "reduceInputGroups" : -1,
      "reduceInputRecords" : -1,
      "reduceShuffleBytes" : -1,
      "reduceOutputRecords" : -1,
      "spilledRecords" : 7759459,
      "mapInputBytes" : 335544300,
      "resourceUsageMetrics" : {
        "cumulativeCpuUsage" : 23210,
        "virtualMemoryUsage" : 782692352,
        "physicalMemoryUsage" : 227672064,
        "heapUsage" : 201326592
      },
      "location" : {
        "layers" : [ "default-rack", "Slave2" ]
      },
      "hostName" : "/default-rack/Slave2"
    } ],
    "finishTime" : 1393278397485,
    "preferredLocations" : [ {
      "layers" : [ "default-rack", "192\\.168\\.168\\.53" ]
    }, {
      "layers" : [ "default-rack", "192\\.168\\.168\\.54" ]
    }, {
      "layers" : [ "default-rack", "192\\.168\\.168\\.51" ]
    } ],
    "taskType" : "MAP",
    "taskStatus" : "SUCCESS",
    "taskID" : "task_201402250015_0024_m_000006",
    "inputBytes" : 335548509,
    "inputRecords" : 3355443,
    "outputBytes" : 791525358,
    "outputRecords" : 3355443
  }, {
    "startTime" : 1393278375750,
    "attempts" : [ {
      "result" : "SUCCESS",
      "startTime" : 1393278773581,
      "finishTime" : 1393278794927,
      "attemptID" : "attempt_201402250015_0024_m_000007_0",
      "shuffleFinished" : -1,
      "sortFinished" : -1,
      "hdfsBytesRead" : 335548509,
      "hdfsBytesWritten" : -1,
      "fileBytesRead" : 449209845,
      "fileBytesWritten" : 791525358,
      "mapInputRecords" : 3355443,
      "mapOutputBytes" : 335544300,
      "mapOutputRecords" : 3355443,
      "combineInputRecords" : 0,
      "reduceInputGroups" : -1,
      "reduceInputRecords" : -1,
      "reduceShuffleBytes" : -1,
      "reduceOutputRecords" : -1,
      "spilledRecords" : 7759459,
      "mapInputBytes" : 335544300,
      "resourceUsageMetrics" : {
        "cumulativeCpuUsage" : 23650,
        "virtualMemoryUsage" : 782667776,
        "physicalMemoryUsage" : 227110912,
        "heapUsage" : 201326592
      },
      "location" : {
        "layers" : [ "default-rack", "Slave2" ]
      },
      "hostName" : "/default-rack/Slave2"
    } ],
    "finishTime" : 1393278397485,
    "preferredLocations" : [ {
      "layers" : [ "default-rack", "192\\.168\\.168\\.53" ]
    }, {
      "layers" : [ "default-rack", "192\\.168\\.168\\.54" ]
    }, {
      "layers" : [ "default-rack", "192\\.168\\.168\\.52" ]
    } ],
    "taskType" : "MAP",
    "taskStatus" : "SUCCESS",
    "taskID" : "task_201402250015_0024_m_000007",
    "inputBytes" : 335548509,
    "inputRecords" : 3355443,
    "outputBytes" : 791525358,
    "outputRecords" : 3355443
  }, {
    "startTime" : 1393278375782,
    "attempts" : [ {
      "result" : "SUCCESS",
      "startTime" : 1393278375912,
      "finishTime" : 1393278397430,
      "attemptID" : "attempt_201402250015_0024_m_000008_0",
      "shuffleFinished" : -1,
      "sortFinished" : -1,
      "hdfsBytesRead" : 335548509,
      "hdfsBytesWritten" : -1,
      "fileBytesRead" : 449209845,
      "fileBytesWritten" : 791525357,
      "mapInputRecords" : 3355443,
      "mapOutputBytes" : 335544300,
      "mapOutputRecords" : 3355443,
      "combineInputRecords" : 0,
      "reduceInputGroups" : -1,
      "reduceInputRecords" : -1,
      "reduceShuffleBytes" : -1,
      "reduceOutputRecords" : -1,
      "spilledRecords" : 7759459,
      "mapInputBytes" : 335544300,
      "resourceUsageMetrics" : {
        "cumulativeCpuUsage" : 23060,
        "virtualMemoryUsage" : 781979648,
        "physicalMemoryUsage" : 228941824,
        "heapUsage" : 201326592
      },
      "location" : {
        "layers" : [ "default-rack", "Master" ]
      },
      "hostName" : "/default-rack/Master"
    } ],
    "finishTime" : 1393278397505,
    "preferredLocations" : [ {
      "layers" : [ "default-rack", "192\\.168\\.168\\.53" ]
    }, {
      "layers" : [ "default-rack", "192\\.168\\.168\\.52" ]
    }, {
      "layers" : [ "default-rack", "192\\.168\\.168\\.50" ]
    } ],
    "taskType" : "MAP",
    "taskStatus" : "SUCCESS",
    "taskID" : "task_201402250015_0024_m_000008",
    "inputBytes" : 335548509,
    "inputRecords" : 3355443,
    "outputBytes" : 791525357,
    "outputRecords" : 3355443
  }, {
    "startTime" : 1393278375782,
    "attempts" : [ {
      "result" : "SUCCESS",
      "startTime" : 1393278375914,
      "finishTime" : 1393278397144,
      "attemptID" : "attempt_201402250015_0024_m_000009_0",
      "shuffleFinished" : -1,
      "sortFinished" : -1,
      "hdfsBytesRead" : 335548509,
      "hdfsBytesWritten" : -1,
      "fileBytesRead" : 449209947,
      "fileBytesWritten" : 791525561,
      "mapInputRecords" : 3355444,
      "mapOutputBytes" : 335544400,
      "mapOutputRecords" : 3355444,
      "combineInputRecords" : 0,
      "reduceInputGroups" : -1,
      "reduceInputRecords" : -1,
      "reduceShuffleBytes" : -1,
      "reduceOutputRecords" : -1,
      "spilledRecords" : 7759461,
      "mapInputBytes" : 335544400,
      "resourceUsageMetrics" : {
        "cumulativeCpuUsage" : 23110,
        "virtualMemoryUsage" : 784924672,
        "physicalMemoryUsage" : 226459648,
        "heapUsage" : 201326592
      },
      "location" : {
        "layers" : [ "default-rack", "Master" ]
      },
      "hostName" : "/default-rack/Master"
    } ],
    "finishTime" : 1393278397201,
    "preferredLocations" : [ {
      "layers" : [ "default-rack", "192\\.168\\.168\\.53" ]
    }, {
      "layers" : [ "default-rack", "192\\.168\\.168\\.54" ]
    }, {
      "layers" : [ "default-rack", "192\\.168\\.168\\.56" ]
    } ],
    "taskType" : "MAP",
    "taskStatus" : "SUCCESS",
    "taskID" : "task_201402250015_0024_m_000009",
    "inputBytes" : 335548509,
    "inputRecords" : 3355444,
    "outputBytes" : 791525561,
    "outputRecords" : 3355444
  }, {
    "startTime" : 1393278375782,
    "attempts" : [ {
      "result" : "SUCCESS",
      "startTime" : 1393189645927,
      "finishTime" : 1393189675979,
      "attemptID" : "attempt_201402250015_0024_m_000010_0",
      "shuffleFinished" : -1,
      "sortFinished" : -1,
      "hdfsBytesRead" : 335548509,
      "hdfsBytesWritten" : -1,
      "fileBytesRead" : 449209845,
      "fileBytesWritten" : 791525359,
      "mapInputRecords" : 3355443,
      "mapOutputBytes" : 335544300,
      "mapOutputRecords" : 3355443,
      "combineInputRecords" : 0,
      "reduceInputGroups" : -1,
      "reduceInputRecords" : -1,
      "reduceShuffleBytes" : -1,
      "reduceOutputRecords" : -1,
      "spilledRecords" : 7759459,
      "mapInputBytes" : 335544300,
      "resourceUsageMetrics" : {
        "cumulativeCpuUsage" : 33360,
        "virtualMemoryUsage" : 784691200,
        "physicalMemoryUsage" : 231817216,
        "heapUsage" : 201326592
      },
      "location" : {
        "layers" : [ "default-rack", "Slave4" ]
      },
      "hostName" : "/default-rack/Slave4"
    } ],
    "finishTime" : 1393278406289,
    "preferredLocations" : [ {
      "layers" : [ "default-rack", "192\\.168\\.168\\.53" ]
    }, {
      "layers" : [ "default-rack", "192\\.168\\.168\\.55" ]
    }, {
      "layers" : [ "default-rack", "192\\.168\\.168\\.51" ]
    } ],
    "taskType" : "MAP",
    "taskStatus" : "SUCCESS",
    "taskID" : "task_201402250015_0024_m_000010",
    "inputBytes" : 335548509,
    "inputRecords" : 3355443,
    "outputBytes" : 791525359,
    "outputRecords" : 3355443
  }, {
    "startTime" : 1393278375783,
    "attempts" : [ {
      "result" : "SUCCESS",
      "startTime" : 1393189645928,
      "finishTime" : 1393189675842,
      "attemptID" : "attempt_201402250015_0024_m_000011_0",
      "shuffleFinished" : -1,
      "sortFinished" : -1,
      "hdfsBytesRead" : 335548509,
      "hdfsBytesWritten" : -1,
      "fileBytesRead" : 449209845,
      "fileBytesWritten" : 791525359,
      "mapInputRecords" : 3355443,
      "mapOutputBytes" : 335544300,
      "mapOutputRecords" : 3355443,
      "combineInputRecords" : 0,
      "reduceInputGroups" : -1,
      "reduceInputRecords" : -1,
      "reduceShuffleBytes" : -1,
      "reduceOutputRecords" : -1,
      "spilledRecords" : 7759459,
      "mapInputBytes" : 335544300,
      "resourceUsageMetrics" : {
        "cumulativeCpuUsage" : 33450,
        "virtualMemoryUsage" : 782704640,
        "physicalMemoryUsage" : 234143744,
        "heapUsage" : 201326592
      },
      "location" : {
        "layers" : [ "default-rack", "Slave4" ]
      },
      "hostName" : "/default-rack/Slave4"
    } ],
    "finishTime" : 1393278405986,
    "preferredLocations" : [ {
      "layers" : [ "default-rack", "192\\.168\\.168\\.53" ]
    }, {
      "layers" : [ "default-rack", "192\\.168\\.168\\.51" ]
    }, {
      "layers" : [ "default-rack", "192\\.168\\.168\\.55" ]
    } ],
    "taskType" : "MAP",
    "taskStatus" : "SUCCESS",
    "taskID" : "task_201402250015_0024_m_000011",
    "inputBytes" : 335548509,
    "inputRecords" : 3355443,
    "outputBytes" : 791525359,
    "outputRecords" : 3355443
  }, {
    "startTime" : 1393278375827,
    "attempts" : [ {
      "result" : "SUCCESS",
      "startTime" : 1393276975450,
      "finishTime" : 1393276997855,
      "attemptID" : "attempt_201402250015_0024_m_000012_0",
      "shuffleFinished" : -1,
      "sortFinished" : -1,
      "hdfsBytesRead" : 335548509,
      "hdfsBytesWritten" : -1,
      "fileBytesRead" : 449209845,
      "fileBytesWritten" : 791525358,
      "mapInputRecords" : 3355443,
      "mapOutputBytes" : 335544300,
      "mapOutputRecords" : 3355443,
      "combineInputRecords" : 0,
      "reduceInputGroups" : -1,
      "reduceInputRecords" : -1,
      "reduceShuffleBytes" : -1,
      "reduceOutputRecords" : -1,
      "spilledRecords" : 7759459,
      "mapInputBytes" : 335544300,
      "resourceUsageMetrics" : {
        "cumulativeCpuUsage" : 24590,
        "virtualMemoryUsage" : 784199680,
        "physicalMemoryUsage" : 226021376,
        "heapUsage" : 201326592
      },
      "location" : {
        "layers" : [ "default-rack", "Slave5" ]
      },
      "hostName" : "/default-rack/Slave5"
    } ],
    "finishTime" : 1393278398438,
    "preferredLocations" : [ {
      "layers" : [ "default-rack", "192\\.168\\.168\\.55" ]
    }, {
      "layers" : [ "default-rack", "192\\.168\\.168\\.53" ]
    }, {
      "layers" : [ "default-rack", "192\\.168\\.168\\.51" ]
    } ],
    "taskType" : "MAP",
    "taskStatus" : "SUCCESS",
    "taskID" : "task_201402250015_0024_m_000012",
    "inputBytes" : 335548509,
    "inputRecords" : 3355443,
    "outputBytes" : 791525358,
    "outputRecords" : 3355443
  }, {
    "startTime" : 1393278375827,
    "attempts" : [ {
      "result" : "SUCCESS",
      "startTime" : 1393276975450,
      "finishTime" : 1393276997671,
      "attemptID" : "attempt_201402250015_0024_m_000013_0",
      "shuffleFinished" : -1,
      "sortFinished" : -1,
      "hdfsBytesRead" : 335548509,
      "hdfsBytesWritten" : -1,
      "fileBytesRead" : 449209845,
      "fileBytesWritten" : 791525358,
      "mapInputRecords" : 3355443,
      "mapOutputBytes" : 335544300,
      "mapOutputRecords" : 3355443,
      "combineInputRecords" : 0,
      "reduceInputGroups" : -1,
      "reduceInputRecords" : -1,
      "reduceShuffleBytes" : -1,
      "reduceOutputRecords" : -1,
      "spilledRecords" : 7759459,
      "mapInputBytes" : 335544300,
      "resourceUsageMetrics" : {
        "cumulativeCpuUsage" : 24080,
        "virtualMemoryUsage" : 782774272,
        "physicalMemoryUsage" : 224124928,
        "heapUsage" : 201326592
      },
      "location" : {
        "layers" : [ "default-rack", "Slave5" ]
      },
      "hostName" : "/default-rack/Slave5"
    } ],
    "finishTime" : 1393278398438,
    "preferredLocations" : [ {
      "layers" : [ "default-rack", "192\\.168\\.168\\.53" ]
    }, {
      "layers" : [ "default-rack", "192\\.168\\.168\\.56" ]
    }, {
      "layers" : [ "default-rack", "192\\.168\\.168\\.55" ]
    } ],
    "taskType" : "MAP",
    "taskStatus" : "SUCCESS",
    "taskID" : "task_201402250015_0024_m_000013",
    "inputBytes" : 335548509,
    "inputRecords" : 3355443,
    "outputBytes" : 791525358,
    "outputRecords" : 3355443
  }, {
    "startTime" : 1393278395268,
    "attempts" : [ {
      "result" : "SUCCESS",
      "startTime" : 1393278021454,
      "finishTime" : 1393278042951,
      "attemptID" : "attempt_201402250015_0024_m_000014_0",
      "shuffleFinished" : -1,
      "sortFinished" : -1,
      "hdfsBytesRead" : 335548509,
      "hdfsBytesWritten" : -1,
      "fileBytesRead" : 449209947,
      "fileBytesWritten" : 791525562,
      "mapInputRecords" : 3355444,
      "mapOutputBytes" : 335544400,
      "mapOutputRecords" : 3355444,
      "combineInputRecords" : 0,
      "reduceInputGroups" : -1,
      "reduceInputRecords" : -1,
      "reduceShuffleBytes" : -1,
      "reduceOutputRecords" : -1,
      "spilledRecords" : 7759461,
      "mapInputBytes" : 335544400,
      "resourceUsageMetrics" : {
        "cumulativeCpuUsage" : 24070,
        "virtualMemoryUsage" : 782303232,
        "physicalMemoryUsage" : 227926016,
        "heapUsage" : 201326592
      },
      "location" : {
        "layers" : [ "default-rack", "Slave1" ]
      },
      "hostName" : "/default-rack/Slave1"
    } ],
    "finishTime" : 1393278417008,
    "preferredLocations" : [ {
      "layers" : [ "default-rack", "192\\.168\\.168\\.50" ]
    }, {
      "layers" : [ "default-rack", "192\\.168\\.168\\.57" ]
    }, {
      "layers" : [ "default-rack", "192\\.168\\.168\\.51" ]
    } ],
    "taskType" : "MAP",
    "taskStatus" : "SUCCESS",
    "taskID" : "task_201402250015_0024_m_000014",
    "inputBytes" : 335548509,
    "inputRecords" : 3355444,
    "outputBytes" : 791525562,
    "outputRecords" : 3355444
  }, {
    "startTime" : 1393278395795,
    "attempts" : [ {
      "result" : "SUCCESS",
      "startTime" : 1393277502028,
      "finishTime" : 1393277530660,
      "attemptID" : "attempt_201402250015_0024_m_000015_0",
      "shuffleFinished" : -1,
      "sortFinished" : -1,
      "hdfsBytesRead" : 335548509,
      "hdfsBytesWritten" : -1,
      "fileBytesRead" : 449209845,
      "fileBytesWritten" : 791525359,
      "mapInputRecords" : 3355443,
      "mapOutputBytes" : 335544300,
      "mapOutputRecords" : 3355443,
      "combineInputRecords" : 0,
      "reduceInputGroups" : -1,
      "reduceInputRecords" : -1,
      "reduceShuffleBytes" : -1,
      "reduceOutputRecords" : -1,
      "spilledRecords" : 7759459,
      "mapInputBytes" : 335544300,
      "resourceUsageMetrics" : {
        "cumulativeCpuUsage" : 27370,
        "virtualMemoryUsage" : 785440768,
        "physicalMemoryUsage" : 231051264,
        "heapUsage" : 201326592
      },
      "location" : {
        "layers" : [ "default-rack", "Slave6" ]
      },
      "hostName" : "/default-rack/Slave6"
    } ],
    "finishTime" : 1393278424722,
    "preferredLocations" : [ {
      "layers" : [ "default-rack", "192\\.168\\.168\\.50" ]
    }, {
      "layers" : [ "default-rack", "192\\.168\\.168\\.52" ]
    }, {
      "layers" : [ "default-rack", "192\\.168\\.168\\.55" ]
    } ],
    "taskType" : "MAP",
    "taskStatus" : "SUCCESS",
    "taskID" : "task_201402250015_0024_m_000015",
    "inputBytes" : 335548509,
    "inputRecords" : 3355443,
    "outputBytes" : 791525359,
    "outputRecords" : 3355443
  }, {
    "startTime" : 1393278396780,
    "attempts" : [ {
      "result" : "SUCCESS",
      "startTime" : 1393278022965,
      "finishTime" : 1393278044289,
      "attemptID" : "attempt_201402250015_0024_m_000016_0",
      "shuffleFinished" : -1,
      "sortFinished" : -1,
      "hdfsBytesRead" : 335548509,
      "hdfsBytesWritten" : -1,
      "fileBytesRead" : 449209845,
      "fileBytesWritten" : 791525358,
      "mapInputRecords" : 3355443,
      "mapOutputBytes" : 335544300,
      "mapOutputRecords" : 3355443,
      "combineInputRecords" : 0,
      "reduceInputGroups" : -1,
      "reduceInputRecords" : -1,
      "reduceShuffleBytes" : -1,
      "reduceOutputRecords" : -1,
      "spilledRecords" : 7759459,
      "mapInputBytes" : 335544300,
      "resourceUsageMetrics" : {
        "cumulativeCpuUsage" : 23370,
        "virtualMemoryUsage" : 783060992,
        "physicalMemoryUsage" : 227876864,
        "heapUsage" : 201326592
      },
      "location" : {
        "layers" : [ "default-rack", "Slave1" ]
      },
      "hostName" : "/default-rack/Slave1"
    } ],
    "finishTime" : 1393278418216,
    "preferredLocations" : [ {
      "layers" : [ "default-rack", "192\\.168\\.168\\.50" ]
    }, {
      "layers" : [ "default-rack", "192\\.168\\.168\\.53" ]
    }, {
      "layers" : [ "default-rack", "192\\.168\\.168\\.51" ]
    } ],
    "taskType" : "MAP",
    "taskStatus" : "SUCCESS",
    "taskID" : "task_201402250015_0024_m_000016",
    "inputBytes" : 335548509,
    "inputRecords" : 3355443,
    "outputBytes" : 791525358,
    "outputRecords" : 3355443
  }, {
    "startTime" : 1393278397004,
    "attempts" : [ {
      "result" : "SUCCESS",
      "startTime" : 1393278547585,
      "finishTime" : 1393278568507,
      "attemptID" : "attempt_201402250015_0024_m_000017_0",
      "shuffleFinished" : -1,
      "sortFinished" : -1,
      "hdfsBytesRead" : 335548509,
      "hdfsBytesWritten" : -1,
      "fileBytesRead" : 449209845,
      "fileBytesWritten" : 791525357,
      "mapInputRecords" : 3355443,
      "mapOutputBytes" : 335544300,
      "mapOutputRecords" : 3355443,
      "combineInputRecords" : 0,
      "reduceInputGroups" : -1,
      "reduceInputRecords" : -1,
      "reduceShuffleBytes" : -1,
      "reduceOutputRecords" : -1,
      "spilledRecords" : 7759459,
      "mapInputBytes" : 335544300,
      "resourceUsageMetrics" : {
        "cumulativeCpuUsage" : 22950,
        "virtualMemoryUsage" : 783208448,
        "physicalMemoryUsage" : 228556800,
        "heapUsage" : 201326592
      },
      "location" : {
        "layers" : [ "default-rack", "Slave7" ]
      },
      "hostName" : "/default-rack/Slave7"
    } ],
    "finishTime" : 1393278418104,
    "preferredLocations" : [ {
      "layers" : [ "default-rack", "192\\.168\\.168\\.50" ]
    }, {
      "layers" : [ "default-rack", "192\\.168\\.168\\.54" ]
    }, {
      "layers" : [ "default-rack", "192\\.168\\.168\\.57" ]
    } ],
    "taskType" : "MAP",
    "taskStatus" : "SUCCESS",
    "taskID" : "task_201402250015_0024_m_000017",
    "inputBytes" : 335548509,
    "inputRecords" : 3355443,
    "outputBytes" : 791525357,
    "outputRecords" : 3355443
  }, {
    "startTime" : 1393278397202,
    "attempts" : [ {
      "result" : "SUCCESS",
      "startTime" : 1393278397205,
      "finishTime" : 1393278418633,
      "attemptID" : "attempt_201402250015_0024_m_000018_0",
      "shuffleFinished" : -1,
      "sortFinished" : -1,
      "hdfsBytesRead" : 335548509,
      "hdfsBytesWritten" : -1,
      "fileBytesRead" : 449209947,
      "fileBytesWritten" : 791525562,
      "mapInputRecords" : 3355444,
      "mapOutputBytes" : 335544400,
      "mapOutputRecords" : 3355444,
      "combineInputRecords" : 0,
      "reduceInputGroups" : -1,
      "reduceInputRecords" : -1,
      "reduceShuffleBytes" : -1,
      "reduceOutputRecords" : -1,
      "spilledRecords" : 7759461,
      "mapInputBytes" : 335544400,
      "resourceUsageMetrics" : {
        "cumulativeCpuUsage" : 23950,
        "virtualMemoryUsage" : 784338944,
        "physicalMemoryUsage" : 229347328,
        "heapUsage" : 201326592
      },
      "location" : {
        "layers" : [ "default-rack", "Master" ]
      },
      "hostName" : "/default-rack/Master"
    } ],
    "finishTime" : 1393278418915,
    "preferredLocations" : [ {
      "layers" : [ "default-rack", "192\\.168\\.168\\.50" ]
    }, {
      "layers" : [ "default-rack", "192\\.168\\.168\\.53" ]
    }, {
      "layers" : [ "default-rack", "192\\.168\\.168\\.57" ]
    } ],
    "taskType" : "MAP",
    "taskStatus" : "SUCCESS",
    "taskID" : "task_201402250015_0024_m_000018",
    "inputBytes" : 335548509,
    "inputRecords" : 3355444,
    "outputBytes" : 791525562,
    "outputRecords" : 3355444
  }, {
    "startTime" : 1393278397486,
    "attempts" : [ {
      "result" : "SUCCESS",
      "startTime" : 1393278795176,
      "finishTime" : 1393278817015,
      "attemptID" : "attempt_201402250015_0024_m_000019_0",
      "shuffleFinished" : -1,
      "sortFinished" : -1,
      "hdfsBytesRead" : 335548509,
      "hdfsBytesWritten" : -1,
      "fileBytesRead" : 449209845,
      "fileBytesWritten" : 791525359,
      "mapInputRecords" : 3355443,
      "mapOutputBytes" : 335544300,
      "mapOutputRecords" : 3355443,
      "combineInputRecords" : 0,
      "reduceInputGroups" : -1,
      "reduceInputRecords" : -1,
      "reduceShuffleBytes" : -1,
      "reduceOutputRecords" : -1,
      "spilledRecords" : 7759459,
      "mapInputBytes" : 335544300,
      "resourceUsageMetrics" : {
        "cumulativeCpuUsage" : 24350,
        "virtualMemoryUsage" : 785084416,
        "physicalMemoryUsage" : 227254272,
        "heapUsage" : 201326592
      },
      "location" : {
        "layers" : [ "default-rack", "Slave2" ]
      },
      "hostName" : "/default-rack/Slave2"
    } ],
    "finishTime" : 1393278419532,
    "preferredLocations" : [ {
      "layers" : [ "default-rack", "192\\.168\\.168\\.50" ]
    }, {
      "layers" : [ "default-rack", "192\\.168\\.168\\.51" ]
    }, {
      "layers" : [ "default-rack", "192\\.168\\.168\\.57" ]
    } ],
    "taskType" : "MAP",
    "taskStatus" : "SUCCESS",
    "taskID" : "task_201402250015_0024_m_000019",
    "inputBytes" : 335548509,
    "inputRecords" : 3355443,
    "outputBytes" : 791525359,
    "outputRecords" : 3355443
  }, {
    "startTime" : 1393278397486,
    "attempts" : [ {
      "result" : "SUCCESS",
      "startTime" : 1393278795178,
      "finishTime" : 1393278816940,
      "attemptID" : "attempt_201402250015_0024_m_000020_0",
      "shuffleFinished" : -1,
      "sortFinished" : -1,
      "hdfsBytesRead" : 335548509,
      "hdfsBytesWritten" : -1,
      "fileBytesRead" : 449209845,
      "fileBytesWritten" : 791525359,
      "mapInputRecords" : 3355443,
      "mapOutputBytes" : 335544300,
      "mapOutputRecords" : 3355443,
      "combineInputRecords" : 0,
      "reduceInputGroups" : -1,
      "reduceInputRecords" : -1,
      "reduceShuffleBytes" : -1,
      "reduceOutputRecords" : -1,
      "spilledRecords" : 7759459,
      "mapInputBytes" : 335544300,
      "resourceUsageMetrics" : {
        "cumulativeCpuUsage" : 24330,
        "virtualMemoryUsage" : 773689344,
        "physicalMemoryUsage" : 227446784,
        "heapUsage" : 201326592
      },
      "location" : {
        "layers" : [ "default-rack", "Slave2" ]
      },
      "hostName" : "/default-rack/Slave2"
    } ],
    "finishTime" : 1393278419532,
    "preferredLocations" : [ {
      "layers" : [ "default-rack", "192\\.168\\.168\\.50" ]
    }, {
      "layers" : [ "default-rack", "192\\.168\\.168\\.57" ]
    }, {
      "layers" : [ "default-rack", "192\\.168\\.168\\.55" ]
    } ],
    "taskType" : "MAP",
    "taskStatus" : "SUCCESS",
    "taskID" : "task_201402250015_0024_m_000020",
    "inputBytes" : 335548509,
    "inputRecords" : 3355443,
    "outputBytes" : 791525359,
    "outputRecords" : 3355443
  }, {
    "startTime" : 1393278397505,
    "attempts" : [ {
      "result" : "SUCCESS",
      "startTime" : 1393278397508,
      "finishTime" : 1393278418644,
      "attemptID" : "attempt_201402250015_0024_m_000021_0",
      "shuffleFinished" : -1,
      "sortFinished" : -1,
      "hdfsBytesRead" : 335548509,
      "hdfsBytesWritten" : -1,
      "fileBytesRead" : 449209845,
      "fileBytesWritten" : 791525358,
      "mapInputRecords" : 3355443,
      "mapOutputBytes" : 335544300,
      "mapOutputRecords" : 3355443,
      "combineInputRecords" : 0,
      "reduceInputGroups" : -1,
      "reduceInputRecords" : -1,
      "reduceShuffleBytes" : -1,
      "reduceOutputRecords" : -1,
      "spilledRecords" : 7759459,
      "mapInputBytes" : 335544300,
      "resourceUsageMetrics" : {
        "cumulativeCpuUsage" : 23460,
        "virtualMemoryUsage" : 773685248,
        "physicalMemoryUsage" : 229097472,
        "heapUsage" : 201326592
      },
      "location" : {
        "layers" : [ "default-rack", "Master" ]
      },
      "hostName" : "/default-rack/Master"
    } ],
    "finishTime" : 1393278418916,
    "preferredLocations" : [ {
      "layers" : [ "default-rack", "192\\.168\\.168\\.50" ]
    }, {
      "layers" : [ "default-rack", "192\\.168\\.168\\.53" ]
    }, {
      "layers" : [ "default-rack", "192\\.168\\.168\\.56" ]
    } ],
    "taskType" : "MAP",
    "taskStatus" : "SUCCESS",
    "taskID" : "task_201402250015_0024_m_000021",
    "inputBytes" : 335548509,
    "inputRecords" : 3355443,
    "outputBytes" : 791525358,
    "outputRecords" : 3355443
  }, {
    "startTime" : 1393278397608,
    "attempts" : [ {
      "result" : "SUCCESS",
      "startTime" : 1393278548189,
      "finishTime" : 1393278569834,
      "attemptID" : "attempt_201402250015_0024_m_000022_0",
      "shuffleFinished" : -1,
      "sortFinished" : -1,
      "hdfsBytesRead" : 335548509,
      "hdfsBytesWritten" : -1,
      "fileBytesRead" : 449209845,
      "fileBytesWritten" : 791525357,
      "mapInputRecords" : 3355443,
      "mapOutputBytes" : 335544300,
      "mapOutputRecords" : 3355443,
      "combineInputRecords" : 0,
      "reduceInputGroups" : -1,
      "reduceInputRecords" : -1,
      "reduceShuffleBytes" : -1,
      "reduceOutputRecords" : -1,
      "spilledRecords" : 7759459,
      "mapInputBytes" : 335544300,
      "resourceUsageMetrics" : {
        "cumulativeCpuUsage" : 23290,
        "virtualMemoryUsage" : 784719872,
        "physicalMemoryUsage" : 226754560,
        "heapUsage" : 201326592
      },
      "location" : {
        "layers" : [ "default-rack", "Slave7" ]
      },
      "hostName" : "/default-rack/Slave7"
    } ],
    "finishTime" : 1393278419309,
    "preferredLocations" : [ {
      "layers" : [ "default-rack", "192\\.168\\.168\\.50" ]
    }, {
      "layers" : [ "default-rack", "192\\.168\\.168\\.57" ]
    }, {
      "layers" : [ "default-rack", "192\\.168\\.168\\.56" ]
    } ],
    "taskType" : "MAP",
    "taskStatus" : "SUCCESS",
    "taskID" : "task_201402250015_0024_m_000022",
    "inputBytes" : 335548509,
    "inputRecords" : 3355443,
    "outputBytes" : 791525357,
    "outputRecords" : 3355443
  }, {
    "startTime" : 1393278398438,
    "attempts" : [ {
      "result" : "SUCCESS",
      "startTime" : 1393276997907,
      "finishTime" : 1393277020777,
      "attemptID" : "attempt_201402250015_0024_m_000023_0",
      "shuffleFinished" : -1,
      "sortFinished" : -1,
      "hdfsBytesRead" : 335548509,
      "hdfsBytesWritten" : -1,
      "fileBytesRead" : 449209947,
      "fileBytesWritten" : 791525562,
      "mapInputRecords" : 3355444,
      "mapOutputBytes" : 335544400,
      "mapOutputRecords" : 3355444,
      "combineInputRecords" : 0,
      "reduceInputGroups" : -1,
      "reduceInputRecords" : -1,
      "reduceShuffleBytes" : -1,
      "reduceOutputRecords" : -1,
      "spilledRecords" : 7759461,
      "mapInputBytes" : 335544400,
      "resourceUsageMetrics" : {
        "cumulativeCpuUsage" : 25230,
        "virtualMemoryUsage" : 783740928,
        "physicalMemoryUsage" : 232538112,
        "heapUsage" : 201326592
      },
      "location" : {
        "layers" : [ "default-rack", "Slave5" ]
      },
      "hostName" : "/default-rack/Slave5"
    } ],
    "finishTime" : 1393278421350,
    "preferredLocations" : [ {
      "layers" : [ "default-rack", "192\\.168\\.168\\.50" ]
    }, {
      "layers" : [ "default-rack", "192\\.168\\.168\\.54" ]
    }, {
      "layers" : [ "default-rack", "192\\.168\\.168\\.53" ]
    } ],
    "taskType" : "MAP",
    "taskStatus" : "SUCCESS",
    "taskID" : "task_201402250015_0024_m_000023",
    "inputBytes" : 335548509,
    "inputRecords" : 3355444,
    "outputBytes" : 791525562,
    "outputRecords" : 3355444
  }, {
    "startTime" : 1393278398439,
    "attempts" : [ {
      "result" : "SUCCESS",
      "startTime" : 1393276997907,
      "finishTime" : 1393277020053,
      "attemptID" : "attempt_201402250015_0024_m_000024_0",
      "shuffleFinished" : -1,
      "sortFinished" : -1,
      "hdfsBytesRead" : 335548509,
      "hdfsBytesWritten" : -1,
      "fileBytesRead" : 449209845,
      "fileBytesWritten" : 791525358,
      "mapInputRecords" : 3355443,
      "mapOutputBytes" : 335544300,
      "mapOutputRecords" : 3355443,
      "combineInputRecords" : 0,
      "reduceInputGroups" : -1,
      "reduceInputRecords" : -1,
      "reduceShuffleBytes" : -1,
      "reduceOutputRecords" : -1,
      "spilledRecords" : 7759459,
      "mapInputBytes" : 335544300,
      "resourceUsageMetrics" : {
        "cumulativeCpuUsage" : 24610,
        "virtualMemoryUsage" : 773324800,
        "physicalMemoryUsage" : 222879744,
        "heapUsage" : 201326592
      },
      "location" : {
        "layers" : [ "default-rack", "Slave5" ]
      },
      "hostName" : "/default-rack/Slave5"
    } ],
    "finishTime" : 1393278420747,
    "preferredLocations" : [ {
      "layers" : [ "default-rack", "192\\.168\\.168\\.50" ]
    }, {
      "layers" : [ "default-rack", "192\\.168\\.168\\.55" ]
    }, {
      "layers" : [ "default-rack", "192\\.168\\.168\\.57" ]
    } ],
    "taskType" : "MAP",
    "taskStatus" : "SUCCESS",
    "taskID" : "task_201402250015_0024_m_000024",
    "inputBytes" : 335548509,
    "inputRecords" : 3355443,
    "outputBytes" : 791525358,
    "outputRecords" : 3355443
  }, {
    "startTime" : 1393278398813,
    "attempts" : [ {
      "result" : "SUCCESS",
      "startTime" : 1393277505044,
      "finishTime" : 1393277535750,
      "attemptID" : "attempt_201402250015_0024_m_000025_0",
      "shuffleFinished" : -1,
      "sortFinished" : -1,
      "hdfsBytesRead" : 335548509,
      "hdfsBytesWritten" : -1,
      "fileBytesRead" : 449209845,
      "fileBytesWritten" : 791525359,
      "mapInputRecords" : 3355443,
      "mapOutputBytes" : 335544300,
      "mapOutputRecords" : 3355443,
      "combineInputRecords" : 0,
      "reduceInputGroups" : -1,
      "reduceInputRecords" : -1,
      "reduceShuffleBytes" : -1,
      "reduceOutputRecords" : -1,
      "spilledRecords" : 7759459,
      "mapInputBytes" : 335544300,
      "resourceUsageMetrics" : {
        "cumulativeCpuUsage" : 27650,
        "virtualMemoryUsage" : 784060416,
        "physicalMemoryUsage" : 232812544,
        "heapUsage" : 201326592
      },
      "location" : {
        "layers" : [ "default-rack", "Slave6" ]
      },
      "hostName" : "/default-rack/Slave6"
    } ],
    "finishTime" : 1393278429563,
    "preferredLocations" : [ {
      "layers" : [ "default-rack", "192\\.168\\.168\\.50" ]
    }, {
      "layers" : [ "default-rack", "192\\.168\\.168\\.54" ]
    }, {
      "layers" : [ "default-rack", "192\\.168\\.168\\.53" ]
    } ],
    "taskType" : "MAP",
    "taskStatus" : "SUCCESS",
    "taskID" : "task_201402250015_0024_m_000025",
    "inputBytes" : 335548509,
    "inputRecords" : 3355443,
    "outputBytes" : 791525359,
    "outputRecords" : 3355443
  }, {
    "startTime" : 1393278398977,
    "attempts" : [ {
      "result" : "SUCCESS",
      "startTime" : 1393277370527,
      "finishTime" : 1393277394143,
      "attemptID" : "attempt_201402250015_0024_m_000026_0",
      "shuffleFinished" : -1,
      "sortFinished" : -1,
      "hdfsBytesRead" : 335548509,
      "hdfsBytesWritten" : -1,
      "fileBytesRead" : 449209845,
      "fileBytesWritten" : 791525358,
      "mapInputRecords" : 3355443,
      "mapOutputBytes" : 335544300,
      "mapOutputRecords" : 3355443,
      "combineInputRecords" : 0,
      "reduceInputGroups" : -1,
      "reduceInputRecords" : -1,
      "reduceShuffleBytes" : -1,
      "reduceOutputRecords" : -1,
      "spilledRecords" : 7759459,
      "mapInputBytes" : 335544300,
      "resourceUsageMetrics" : {
        "cumulativeCpuUsage" : 26330,
        "virtualMemoryUsage" : 782770176,
        "physicalMemoryUsage" : 232198144,
        "heapUsage" : 201326592
      },
      "location" : {
        "layers" : [ "default-rack", "Slave3" ]
      },
      "hostName" : "/default-rack/Slave3"
    } ],
    "finishTime" : 1393278422872,
    "preferredLocations" : [ {
      "layers" : [ "default-rack", "192\\.168\\.168\\.50" ]
    }, {
      "layers" : [ "default-rack", "192\\.168\\.168\\.56" ]
    }, {
      "layers" : [ "default-rack", "192\\.168\\.168\\.57" ]
    } ],
    "taskType" : "MAP",
    "taskStatus" : "SUCCESS",
    "taskID" : "task_201402250015_0024_m_000026",
    "inputBytes" : 335548509,
    "inputRecords" : 3355443,
    "outputBytes" : 791525358,
    "outputRecords" : 3355443
  }, {
    "startTime" : 1393278399583,
    "attempts" : [ {
      "result" : "SUCCESS",
      "startTime" : 1393277371133,
      "finishTime" : 1393277394719,
      "attemptID" : "attempt_201402250015_0024_m_000027_0",
      "shuffleFinished" : -1,
      "sortFinished" : -1,
      "hdfsBytesRead" : 335548509,
      "hdfsBytesWritten" : -1,
      "fileBytesRead" : 449209845,
      "fileBytesWritten" : 791525358,
      "mapInputRecords" : 3355443,
      "mapOutputBytes" : 335544300,
      "mapOutputRecords" : 3355443,
      "combineInputRecords" : 0,
      "reduceInputGroups" : -1,
      "reduceInputRecords" : -1,
      "reduceShuffleBytes" : -1,
      "reduceOutputRecords" : -1,
      "spilledRecords" : 7759459,
      "mapInputBytes" : 335544300,
      "resourceUsageMetrics" : {
        "cumulativeCpuUsage" : 26110,
        "virtualMemoryUsage" : 773324800,
        "physicalMemoryUsage" : 232439808,
        "heapUsage" : 201326592
      },
      "location" : {
        "layers" : [ "default-rack", "Slave3" ]
      },
      "hostName" : "/default-rack/Slave3"
    } ],
    "finishTime" : 1393278423477,
    "preferredLocations" : [ {
      "layers" : [ "default-rack", "192\\.168\\.168\\.50" ]
    }, {
      "layers" : [ "default-rack", "192\\.168\\.168\\.55" ]
    }, {
      "layers" : [ "default-rack", "192\\.168\\.168\\.54" ]
    } ],
    "taskType" : "MAP",
    "taskStatus" : "SUCCESS",
    "taskID" : "task_201402250015_0024_m_000027",
    "inputBytes" : 335548509,
    "inputRecords" : 3355443,
    "outputBytes" : 791525358,
    "outputRecords" : 3355443
  } ],
  "finishTime" : 1393278736003,
  "reduceTasks" : [ {
    "startTime" : 1393278395795,
    "attempts" : [ {
      "result" : "SUCCESS",
      "startTime" : 1393277502028,
      "finishTime" : 1393277840233,
      "attemptID" : "attempt_201402250015_0024_r_000000_0",
      "shuffleFinished" : 1393277609713,
      "sortFinished" : 1393277669943,
      "hdfsBytesRead" : -1,
      "hdfsBytesWritten" : 10000000000,
      "fileBytesRead" : 18004213284,
      "fileBytesWritten" : 18004273605,
      "mapInputRecords" : -1,
      "mapOutputBytes" : -1,
      "mapOutputRecords" : -1,
      "combineInputRecords" : 0,
      "reduceInputGroups" : 100000000,
      "reduceInputRecords" : 100000000,
      "reduceShuffleBytes" : 10200000180,
      "reduceOutputRecords" : 100000000,
      "spilledRecords" : 176511893,
      "mapInputBytes" : -1,
      "resourceUsageMetrics" : {
        "cumulativeCpuUsage" : 359030,
        "virtualMemoryUsage" : 800747520,
        "physicalMemoryUsage" : 110653440,
        "heapUsage" : 169345024
      },
      "location" : {
        "layers" : [ "default-rack", "Slave6" ]
      },
      "hostName" : "/default-rack/Slave6"
    } ],
    "finishTime" : 1393278734191,
    "preferredLocations" : [ ],
    "taskType" : "REDUCE",
    "taskStatus" : "SUCCESS",
    "taskID" : "task_201402250015_0024_r_000000",
    "inputBytes" : 10200000180,
    "inputRecords" : 100000000,
    "outputBytes" : 10000000000,
    "outputRecords" : 100000000
  } ],
  "submitTime" : 1393278373631,
  "launchTime" : 1393278373740,
  "totalMaps" : 30,
  "totalReduces" : 1,
  "otherTasks" : [ {
    "startTime" : 1393278373765,
    "attempts" : [ {
      "result" : "SUCCESS",
      "startTime" : 1393277480113,
      "finishTime" : 1393277481605,
      "attemptID" : "attempt_201402250015_0024_m_000031_0",
      "shuffleFinished" : -1,
      "sortFinished" : -1,
      "hdfsBytesRead" : -1,
      "hdfsBytesWritten" : -1,
      "fileBytesRead" : -1,
      "fileBytesWritten" : 60419,
      "mapInputRecords" : -1,
      "mapOutputBytes" : -1,
      "mapOutputRecords" : -1,
      "combineInputRecords" : -1,
      "reduceInputGroups" : -1,
      "reduceInputRecords" : -1,
      "reduceShuffleBytes" : -1,
      "reduceOutputRecords" : -1,
      "spilledRecords" : 0,
      "mapInputBytes" : -1,
      "resourceUsageMetrics" : {
        "cumulativeCpuUsage" : 130,
        "virtualMemoryUsage" : 769032192,
        "physicalMemoryUsage" : 115175424,
        "heapUsage" : 201326592
      },
      "location" : {
        "layers" : [ "default-rack", "Slave6" ]
      },
      "hostName" : "/default-rack/Slave6"
    } ],
    "finishTime" : 1393278375576,
    "preferredLocations" : [ ],
    "taskType" : "SETUP",
    "taskStatus" : "SUCCESS",
    "taskID" : "task_201402250015_0024_m_000031",
    "inputBytes" : -1,
    "inputRecords" : -1,
    "outputBytes" : -1,
    "outputRecords" : -1
  }, {
    "startTime" : 1393278734193,
    "attempts" : [ {
      "result" : "SUCCESS",
      "startTime" : 1393277840408,
      "finishTime" : 1393277841942,
      "attemptID" : "attempt_201402250015_0024_m_000030_0",
      "shuffleFinished" : -1,
      "sortFinished" : -1,
      "hdfsBytesRead" : -1,
      "hdfsBytesWritten" : -1,
      "fileBytesRead" : -1,
      "fileBytesWritten" : 60419,
      "mapInputRecords" : -1,
      "mapOutputBytes" : -1,
      "mapOutputRecords" : -1,
      "combineInputRecords" : -1,
      "reduceInputGroups" : -1,
      "reduceInputRecords" : -1,
      "reduceShuffleBytes" : -1,
      "reduceOutputRecords" : -1,
      "spilledRecords" : 0,
      "mapInputBytes" : -1,
      "resourceUsageMetrics" : {
        "cumulativeCpuUsage" : 210,
        "virtualMemoryUsage" : 770084864,
        "physicalMemoryUsage" : 126423040,
        "heapUsage" : 201326592
      },
      "location" : {
        "layers" : [ "default-rack", "Slave6" ]
      },
      "hostName" : "/default-rack/Slave6"
    } ],
    "finishTime" : 1393278736003,
    "preferredLocations" : [ ],
    "taskType" : "CLEANUP",
    "taskStatus" : "SUCCESS",
    "taskID" : "task_201402250015_0024_m_000030",
    "inputBytes" : -1,
    "inputRecords" : -1,
    "outputBytes" : -1,
    "outputRecords" : -1
  } ],
  "queue" : "default",
  "jobProperties" : {
    "fs.s3n.impl" : "org.apache.hadoop.fs.s3native.NativeS3FileSystem",
    "mapred.task.cache.levels" : "2",
    "mapreduce.job.restart.recover" : "true",
    "mapreduce.job.counters.max" : "120",
    "dfs.client.use.datanode.hostname" : "false",
    "hadoop.tmp.dir" : "/tmp/hadoop-${user.name}",
    "hadoop.native.lib" : "true",
    "map.sort.class" : "org.apache.hadoop.util.QuickSort",
    "dfs.namenode.decommission.nodes.per.interval" : "5",
    "dfs.https.need.client.auth" : "false",
    "dfs.datanode.drop.cache.behind.writes" : "false",
    "ipc.client.idlethreshold" : "4000",
    "mapred.system.dir" : "${hadoop.tmp.dir}/mapred/system",
    "dfs.datanode.data.dir.perm" : "755",
    "mapred.job.tracker.persist.jobstatus.hours" : "0",
    "dfs.namenode.logging.level" : "info",
    "dfs.datanode.address" : "0.0.0.0:50010",
    "io.skip.checksum.errors" : "false",
    "dfs.block.access.token.enable" : "false",
    "fs.default.name" : "hdfs://Master:9000",
    "mapred.cluster.reduce.memory.mb" : "-1",
    "mapred.child.tmp" : "./tmp",
    "fs.har.impl.disable.cache" : "true",
    "dfs.safemode.threshold.pct" : "0.999f",
    "mapred.skip.reduce.max.skip.groups" : "0",
    "mapred.heartbeats.in.second" : "100",
    "dfs.namenode.handler.count" : "10",
    "dfs.blockreport.initialDelay" : "0",
    "mapred.tasktracker.dns.nameserver" : "default",
    "io.sort.factor" : "10",
    "dfs.datanode.drop.cache.behind.reads" : "false",
    "mapred.task.timeout" : "600000",
    "mapred.max.tracker.failures" : "4",
    "hadoop.rpc.socket.factory.class.default" : "org.apache.hadoop.net.StandardSocketFactory",
    "mapred.job.tracker.jobhistory.lru.cache.size" : "5",
    "fs.hdfs.impl" : "org.apache.hadoop.hdfs.DistributedFileSystem",
    "mapred.queue.default.acl-administer-jobs" : "*",
    "dfs.namenode.stale.datanode.interval" : "30000",
    "mapred.output.key.class" : "org.apache.hadoop.io.Text",
    "dfs.block.access.key.update.interval" : "600",
    "mapred.skip.map.auto.incr.proc.count" : "true",
    "mapreduce.job.complete.cancel.delegation.tokens" : "true",
    "io.mapfile.bloom.size" : "1048576",
    "mapreduce.reduce.shuffle.connect.timeout" : "180000",
    "dfs.safemode.extension" : "30000",
    "mapred.jobtracker.blacklist.fault-timeout-window" : "180",
    "dfs.namenode.write.stale.datanode.ratio" : "0.5f",
    "hadoop.skip.worker.version.check" : "false",
    "tasktracker.http.threads" : "40",
    "net.topology.impl" : "org.apache.hadoop.net.NetworkTopology",
    "mapred.job.shuffle.merge.percent" : "0.66",
    "fs.ftp.impl" : "org.apache.hadoop.fs.ftp.FTPFileSystem",
    "user.name" : "trend-hadoop",
    "dfs.namenode.kerberos.internal.spnego.principal" : "${dfs.web.authentication.kerberos.principal}",
    "mapred.output.compress" : "false",
    "io.bytes.per.checksum" : "512",
    "mapred.combine.recordsBeforeProgress" : "10000",
    "mapred.healthChecker.script.timeout" : "600000",
    "mapred.cache.files.filesizes" : "129",
    "topology.node.switch.mapping.impl" : "org.apache.hadoop.net.ScriptBasedMapping",
    "dfs.https.server.keystore.resource" : "ssl-server.xml",
    "mapred.reduce.slowstart.completed.maps" : "0.05",
    "mapred.reduce.max.attempts" : "4",
    "dfs.namenode.safemode.min.datanodes" : "0",
    "mapreduce.ifile.readahead.bytes" : "4194304",
    "fs.ramfs.impl" : "org.apache.hadoop.fs.InMemoryFileSystem",
    "dfs.block.access.token.lifetime" : "600",
    "mapred.skip.map.max.skip.records" : "0",
    "dfs.name.edits.dir" : "${dfs.name.dir}",
    "mapred.cluster.map.memory.mb" : "-1",
    "hadoop.security.group.mapping" : "org.apache.hadoop.security.ShellBasedUnixGroupsMapping",
    "mapred.job.tracker.persist.jobstatus.dir" : "/jobtracker/jobsInfo",
    "mapred.jar" : "hdfs://Master:9000/tmp/hadoop-trend-hadoop/mapred/staging/trend-hadoop/.staging/job_201402250015_0024/job.jar",
    "fs.s3.buffer.dir" : "${hadoop.tmp.dir}/s3",
    "dfs.block.size" : "67108864",
    "job.end.retry.attempts" : "0",
    "fs.file.impl" : "org.apache.hadoop.fs.LocalFileSystem",
    "dfs.namenode.avoid.write.stale.datanode" : "false",
    "dfs.datanode.max.xcievers" : "4096",
    "mapred.local.dir.minspacestart" : "0",
    "mapred.output.compression.type" : "RECORD",
    "dfs.datanode.ipc.address" : "0.0.0.0:50020",
    "dfs.permissions" : "true",
    "topology.script.number.args" : "100",
    "mapreduce.job.counters.groups.max" : "50",
    "io.mapfile.bloom.error.rate" : "0.005",
    "mapred.cluster.max.reduce.memory.mb" : "-1",
    "mapred.max.tracker.blacklists" : "4",
    "mapred.task.profile.maps" : "0-2",
    "mapred.jobtracker.jobSchedulable" : "org.apache.hadoop.mapred.JobSchedulable",
    "dfs.datanode.https.address" : "0.0.0.0:50475",
    "mapred.userlog.retain.hours" : "24",
    "dfs.secondary.http.address" : "0.0.0.0:50090",
    "dfs.namenode.replication.work.multiplier.per.iteration" : "2",
    "dfs.replication.max" : "512",
    "mapred.job.tracker.persist.jobstatus.active" : "false",
    "hadoop.security.authorization" : "false",
    "local.cache.size" : "10737418240",
    "mapred.min.split.size" : "335544320",
    "dfs.namenode.delegation.token.renew-interval" : "86400000",
    "mapred.map.tasks" : "30",
    "mapred.child.java.opts" : "-Xmx200m",
    "mapred.partitioner.class" : "org.apache.hadoop.examples.terasort.TeraSort$TotalOrderPartitioner",
    "mapred.output.value.class" : "org.apache.hadoop.io.Text",
    "dfs.https.client.keystore.resource" : "ssl-client.xml",
    "ipc.client.fallback-to-simple-auth-allowed" : "false",
    "mapred.job.queue.name" : "default",
    "mapred.job.tracker.retiredjobs.cache.size" : "1000",
    "dfs.https.address" : "0.0.0.0:50470",
    "dfs.balance.bandwidthPerSec" : "1048576",
    "ipc.server.listen.queue.size" : "128",
    "dfs.namenode.invalidate.work.pct.per.iteration" : "0.32f",
    "mapred.inmem.merge.threshold" : "1000",
    "job.end.retry.interval" : "30000",
    "mapred.skip.attempts.to.start.skipping" : "2",
    "mapreduce.tasktracker.outofband.heartbeat.damper" : "1000000",
    "hadoop.security.use-weak-http-crypto" : "false",
    "fs.checkpoint.dir" : "${hadoop.tmp.dir}/dfs/namesecondary",
    "dfs.namenode.avoid.read.stale.datanode" : "false",
    "mapred.reduce.tasks" : "1",
    "mapred.merge.recordsBeforeProgress" : "10000",
    "mapred.userlog.limit.kb" : "0",
    "mapred.job.reduce.memory.mb" : "-1",
    "webinterface.private.actions" : "false",
    "dfs.max.objects" : "0",
    "hadoop.security.token.service.use_ip" : "true",
    "io.sort.spill.percent" : "0.80",
    "mapred.job.shuffle.input.buffer.percent" : "0.70",
    "mapred.map.tasks.speculative.execution" : "true",
    "hadoop.http.authentication.type" : "simple",
    "mapred.job.name" : "TeraSort",
    "hadoop.util.hash.type" : "murmur",
    "dfs.datanode.dns.nameserver" : "default",
    "hadoop.security.instrumentation.requires.admin" : "false",
    "dfs.blockreport.intervalMsec" : "3600000",
    "dfs.datanode.readahead.bytes" : "4193404",
    "mapred.map.max.attempts" : "4",
    "mapreduce.job.acl-view-job" : " ",
    "mapreduce.ifile.readahead" : "true",
    "mapred.jobtracker.nodegroup.aware" : "false",
    "mapred.job.tracker.handler.count" : "10",
    "dfs.client.block.write.retries" : "3",
    "mapred.input.format.class" : "org.apache.hadoop.examples.terasort.TeraInputFormat",
    "mapreduce.reduce.shuffle.read.timeout" : "180000",
    "mapred.tasktracker.expiry.interval" : "600000",
    "dfs.secondary.namenode.kerberos.internal.spnego.principal" : "${dfs.web.authentication.kerberos.principal}",
    "dfs.https.enable" : "false",
    "mapred.jobtracker.job.history.block.size" : "3145728",
    "mapred.jobtracker.maxtasks.per.job" : "-1",
    "keep.failed.task.files" : "false",
    "dfs.datanode.use.datanode.hostname" : "false",
    "mapred.output.format.class" : "org.apache.hadoop.examples.terasort.TeraOutputFormat",
    "dfs.datanode.failed.volumes.tolerated" : "0",
    "ipc.client.tcpnodelay" : "false",
    "mapred.task.profile.reduces" : "0-2",
    "io.map.index.skip" : "0",
    "mapred.output.compression.codec" : "org.apache.hadoop.io.compress.DefaultCodec",
    "hadoop.http.authentication.token.validity" : "36000",
    "ipc.server.tcpnodelay" : "false",
    "hadoop.jetty.logs.serve.aliases" : "true",
    "mapred.working.dir" : "hdfs://Master:9000/user/trend-hadoop",
    "mapred.jobtracker.blacklist.fault-bucket-width" : "15",
    "dfs.namenode.delegation.key.update-interval" : "86400000",
    "mapred.used.genericoptionsparser" : "true",
    "mapred.job.map.memory.mb" : "-1",
    "dfs.default.chunk.view.size" : "32768",
    "hadoop.logfile.size" : "10000000",
    "mapred.cache.files.timestamps" : "1393278372637",
    "mapred.reduce.tasks.speculative.execution" : "true",
    "mapreduce.tasktracker.outofband.heartbeat" : "false",
    "mapreduce.job.dir" : "hdfs://Master:9000/tmp/hadoop-trend-hadoop/mapred/staging/trend-hadoop/.staging/job_201402250015_0024",
    "mapreduce.reduce.input.limit" : "-1",
    "dfs.datanode.du.reserved" : "0",
    "dfs.datanode.sync.behind.writes" : "false",
    "hadoop.security.authentication" : "simple",
    "fs.checkpoint.period" : "3600",
    "mapred.job.reuse.jvm.num.tasks" : "1",
    "dfs.web.ugi" : "webuser,webgroup",
    "mapred.jobtracker.completeuserjobs.maximum" : "100",
    "dfs.df.interval" : "60000",
    "mapred.task.tracker.task-controller" : "org.apache.hadoop.mapred.DefaultTaskController",
    "dfs.data.dir" : "${hadoop.tmp.dir}/dfs/data",
    "fs.s3.maxRetries" : "4",
    "dfs.datanode.dns.interface" : "default",
    "mapred.cluster.max.map.memory.mb" : "-1",
    "mapreduce.reduce.shuffle.maxfetchfailures" : "10",
    "mapreduce.job.acl-modify-job" : " ",
    "fs.hftp.impl" : "org.apache.hadoop.hdfs.HftpFileSystem",
    "mapred.local.dir" : "${hadoop.tmp.dir}/mapred/local",
    "dfs.permissions.supergroup" : "supergroup",
    "fs.s3.sleepTimeSeconds" : "10",
    "fs.trash.interval" : "0",
    "mapred.submit.replication" : "10",
    "dfs.replication.min" : "1",
    "fs.har.impl" : "org.apache.hadoop.fs.HarFileSystem",
    "hadoop.relaxed.worker.version.check" : "false",
    "mapred.map.output.compression.codec" : "org.apache.hadoop.io.compress.DefaultCodec",
    "mapreduce.job.cache.files.visibilities" : "true",
    "mapred.tasktracker.dns.interface" : "default",
    "dfs.http.address" : "0.0.0.0:50070",
    "dfs.namenode.decommission.interval" : "30",
    "mapred.cache.files" : "hdfs://Master:9000/tera-in10G/_partition.lst#_partition.lst",
    "mapred.job.tracker" : "Master:9001",
    "dfs.heartbeat.interval" : "3",
    "hadoop.http.authentication.signature.secret.file" : "${user.home}/hadoop-http-auth-signature-secret",
    "io.seqfile.sorter.recordlimit" : "1000000",
    "mapreduce.job.submithost" : "Master",
    "dfs.name.dir" : "${hadoop.tmp.dir}/dfs/name",
    "mapred.jobtracker.taskScheduler" : "org.apache.hadoop.mapred.JobQueueTaskScheduler",
    "mapred.line.input.format.linespermap" : "1",
    "mapred.create.symlink" : "yes",
    "dfs.datanode.http.address" : "0.0.0.0:50075",
    "fs.webhdfs.impl" : "org.apache.hadoop.hdfs.web.WebHdfsFileSystem",
    "mapred.local.dir.minspacekill" : "0",
    "dfs.image.transfer.bandwidthPerSec" : "0",
    "dfs.replication.interval" : "3",
    "io.sort.record.percent" : "0.05",
    "hadoop.http.authentication.kerberos.principal" : "HTTP/localhost@LOCALHOST",
    "fs.kfs.impl" : "org.apache.hadoop.fs.kfs.KosmosFileSystem",
    "mapred.tasktracker.reduce.tasks.maximum" : "8",
    "mapred.temp.dir" : "${hadoop.tmp.dir}/mapred/temp",
    "dfs.replication" : "1",
    "fs.checkpoint.edits.dir" : "${fs.checkpoint.dir}",
    "mapreduce.jobhistory.max-age-ms" : "2592000000",
    "mapred.tasktracker.tasks.sleeptime-before-sigkill" : "5000",
    "mapred.job.reduce.input.buffer.percent" : "0.0",
    "mapred.tasktracker.indexcache.mb" : "10",
    "dfs.webhdfs.enabled" : "false",
    "mapreduce.job.split.metainfo.maxsize" : "10000000",
    "hadoop.logfile.count" : "10",
    "mapred.skip.reduce.auto.incr.proc.count" : "true",
    "mapreduce.job.submithostaddress" : "192.168.168.50",
    "terasort.final.sync" : "true",
    "io.seqfile.compress.blocksize" : "1000000",
    "fs.s3.block.size" : "67108864",
    "mapred.tasktracker.taskmemorymanager.monitoring-interval" : "5000",
    "hadoop.http.authentication.simple.anonymous.allowed" : "true",
    "mapreduce.jobtracker.staging.root.dir" : "${hadoop.tmp.dir}/mapred/staging",
    "mapred.acls.enabled" : "false",
    "mapred.queue.default.state" : "RUNNING",
    "mapred.queue.names" : "default",
    "fs.hsftp.impl" : "org.apache.hadoop.hdfs.HsftpFileSystem",
    "dfs.access.time.precision" : "3600000",
    "mapred.task.tracker.http.address" : "0.0.0.0:50060",
    "io.seqfile.lazydecompress" : "true",
    "mapred.reduce.parallel.copies" : "5",
    "mapred.disk.healthChecker.interval" : "60000",
    "mapred.output.dir" : "hdfs://Master:9000/tera-out",
    "ipc.client.connection.maxidletime" : "10000",
    "io.sort.mb" : "100",
    "mapred.task.tracker.report.address" : "127.0.0.1:0",
    "hadoop.security.uid.cache.secs" : "14400",
    "mapred.compress.map.output" : "false",
    "ipc.client.kill.max" : "10",
    "mapred.healthChecker.interval" : "60000",
    "ipc.client.connect.max.retries" : "10",
    "fs.s3.impl" : "org.apache.hadoop.fs.s3.S3FileSystem",
    "mapred.user.jobconf.limit" : "5242880",
    "mapreduce.job.counters.group.name.max" : "128",
    "mapred.job.tracker.http.address" : "0.0.0.0:50030",
    "mapred.input.dir" : "hdfs://Master:9000/tera-in10G",
    "io.file.buffer.size" : "4096",
    "mapred.jobtracker.restart.recover" : "false",
    "io.serializations" : "org.apache.hadoop.io.serializer.WritableSerialization",
    "mapred.task.profile" : "false",
    "dfs.datanode.handler.count" : "3",
    "mapreduce.input.num.files" : "2",
    "mapreduce.jobhistory.cleaner.interval-ms" : "86400000",
    "dfs.replication.considerLoad" : "true",
    "jobclient.output.filter" : "FAILED",
    "dfs.namenode.edits.toleration.length" : "0",
    "hadoop.http.authentication.kerberos.keytab" : "${user.home}/hadoop.keytab",
    "dfs.namenode.delegation.token.max-lifetime" : "604800000",
    "mapred.tasktracker.map.tasks.maximum" : "2",
    "fs.checkpoint.size" : "67108864",
    "io.compression.codecs" : "org.apache.hadoop.io.compress.DefaultCodec,org.apache.hadoop.io.compress.GzipCodec,org.apache.hadoop.io.compress.BZip2Codec,org.apache.hadoop.io.compress.SnappyCodec",
    "mapreduce.job.counters.counter.name.max" : "64"
  },
  "computonsPerMapInputByte" : -1,
  "computonsPerMapOutputByte" : -1,
  "computonsPerReduceInputByte" : -1,
  "computonsPerReduceOutputByte" : -1,
  "heapMegabytes" : 200,
  "outcome" : "SUCCESS",
  "jobtype" : "JAVA",
  "directDependantJobs" : [ ],
  "successfulMapAttemptCDFs" : [ {
    "minimum" : 19412,
    "maximum" : 20169,
    "rankings" : [ {
      "datum" : 19412,
      "relativeRanking" : 0.05
    }, {
      "datum" : 19412,
      "relativeRanking" : 0.1
    }, {
      "datum" : 19412,
      "relativeRanking" : 0.15
    }, {
      "datum" : 19412,
      "relativeRanking" : 0.2
    }, {
      "datum" : 19412,
      "relativeRanking" : 0.25
    }, {
      "datum" : 19412,
      "relativeRanking" : 0.3
    }, {
      "datum" : 19412,
      "relativeRanking" : 0.35
    }, {
      "datum" : 19412,
      "relativeRanking" : 0.4
    }, {
      "datum" : 19412,
      "relativeRanking" : 0.45
    }, {
      "datum" : 19412,
      "relativeRanking" : 0.5
    }, {
      "datum" : 19412,
      "relativeRanking" : 0.55
    }, {
      "datum" : 19412,
      "relativeRanking" : 0.6
    }, {
      "datum" : 19412,
      "relativeRanking" : 0.65
    }, {
      "datum" : 19412,
      "relativeRanking" : 0.7
    }, {
      "datum" : 19412,
      "relativeRanking" : 0.75
    }, {
      "datum" : 19412,
      "relativeRanking" : 0.8
    }, {
      "datum" : 19412,
      "relativeRanking" : 0.85
    }, {
      "datum" : 19412,
      "relativeRanking" : 0.9
    }, {
      "datum" : 19412,
      "relativeRanking" : 0.95
    } ],
    "numberValues" : 2
  }, {
    "minimum" : 20922,
    "maximum" : 30706,
    "rankings" : [ {
      "datum" : 20922,
      "relativeRanking" : 0.05
    }, {
      "datum" : 20950,
      "relativeRanking" : 0.1
    }, {
      "datum" : 21230,
      "relativeRanking" : 0.15
    }, {
      "datum" : 21274,
      "relativeRanking" : 0.2
    }, {
      "datum" : 21346,
      "relativeRanking" : 0.25
    }, {
      "datum" : 21428,
      "relativeRanking" : 0.3
    }, {
      "datum" : 21455,
      "relativeRanking" : 0.35
    }, {
      "datum" : 21518,
      "relativeRanking" : 0.4
    }, {
      "datum" : 21609,
      "relativeRanking" : 0.45
    }, {
      "datum" : 21762,
      "relativeRanking" : 0.5
    }, {
      "datum" : 21839,
      "relativeRanking" : 0.55
    }, {
      "datum" : 22146,
      "relativeRanking" : 0.6
    }, {
      "datum" : 22405,
      "relativeRanking" : 0.65
    }, {
      "datum" : 22870,
      "relativeRanking" : 0.7
    }, {
      "datum" : 23145,
      "relativeRanking" : 0.75
    }, {
      "datum" : 23509,
      "relativeRanking" : 0.8
    }, {
      "datum" : 23586,
      "relativeRanking" : 0.85
    }, {
      "datum" : 28632,
      "relativeRanking" : 0.9
    }, {
      "datum" : 29914,
      "relativeRanking" : 0.95
    } ],
    "numberValues" : 28
  }, {
    "minimum" : -9223372036854775808,
    "maximum" : 9223372036854775807,
    "rankings" : [ ],
    "numberValues" : 0
  }, {
    "minimum" : -9223372036854775808,
    "maximum" : 9223372036854775807,
    "rankings" : [ ],
    "numberValues" : 0
  } ],
  "failedMapAttemptCDFs" : [ {
    "minimum" : -9223372036854775808,
    "maximum" : 9223372036854775807,
    "rankings" : [ ],
    "numberValues" : 0
  }, {
    "minimum" : -9223372036854775808,
    "maximum" : 9223372036854775807,
    "rankings" : [ ],
    "numberValues" : 0
  }, {
    "minimum" : -9223372036854775808,
    "maximum" : 9223372036854775807,
    "rankings" : [ ],
    "numberValues" : 0
  }, {
    "minimum" : -9223372036854775808,
    "maximum" : 9223372036854775807,
    "rankings" : [ ],
    "numberValues" : 0
  } ],
  "successfulReduceAttemptCDF" : {
    "minimum" : 338205,
    "maximum" : 338205,
    "rankings" : [ {
      "datum" : 338205,
      "relativeRanking" : 0.05
    }, {
      "datum" : 338205,
      "relativeRanking" : 0.1
    }, {
      "datum" : 338205,
      "relativeRanking" : 0.15
    }, {
      "datum" : 338205,
      "relativeRanking" : 0.2
    }, {
      "datum" : 338205,
      "relativeRanking" : 0.25
    }, {
      "datum" : 338205,
      "relativeRanking" : 0.3
    }, {
      "datum" : 338205,
      "relativeRanking" : 0.35
    }, {
      "datum" : 338205,
      "relativeRanking" : 0.4
    }, {
      "datum" : 338205,
      "relativeRanking" : 0.45
    }, {
      "datum" : 338205,
      "relativeRanking" : 0.5
    }, {
      "datum" : 338205,
      "relativeRanking" : 0.55
    }, {
      "datum" : 338205,
      "relativeRanking" : 0.6
    }, {
      "datum" : 338205,
      "relativeRanking" : 0.65
    }, {
      "datum" : 338205,
      "relativeRanking" : 0.7
    }, {
      "datum" : 338205,
      "relativeRanking" : 0.75
    }, {
      "datum" : 338205,
      "relativeRanking" : 0.8
    }, {
      "datum" : 338205,
      "relativeRanking" : 0.85
    }, {
      "datum" : 338205,
      "relativeRanking" : 0.9
    }, {
      "datum" : 338205,
      "relativeRanking" : 0.95
    } ],
    "numberValues" : 1
  },
  "priority" : "NORMAL"
}