{
  "priority" : "NORMAL",
  "jobID" : "job_201407031554_1581",
  "user" : "itri-hadoop",
  "jobName" : "word count",
  "mapTasks" : [ {
    "startTime" : 1404921684330,
    "attempts" : [ {
      "result" : "SUCCESS",
      "location" : {
        "layers" : [ "default-rack", "Slave23" ]
      },
      "hostName" : "/default-rack/Slave23",
      "startTime" : 1404921686918,
      "finishTime" : 1404921703531,
      "attemptID" : "attempt_201407031554_1581_m_000001_0",
      "shuffleFinished" : -1,
      "sortFinished" : -1,
      "hdfsBytesRead" : 134381673,
      "hdfsBytesWritten" : -1,
      "fileBytesRead" : 19758565,
      "fileBytesWritten" : 26727706,
      "mapInputRecords" : 3186,
      "mapOutputBytes" : 185745223,
      "mapOutputRecords" : 12350438,
      "combineInputRecords" : 12756437,
      "reduceInputGroups" : -1,
      "reduceInputRecords" : -1,
      "reduceShuffleBytes" : -1,
      "reduceOutputRecords" : -1,
      "spilledRecords" : 1023056,
      "mapInputBytes" : -1,
      "resourceUsageMetrics" : {
        "cumulativeCpuUsage" : 28670,
        "virtualMemoryUsage" : 398069760,
        "physicalMemoryUsage" : 163164160,
        "heapUsage" : 176947200
      }
    } ],
    "finishTime" : 1404921701194,
    "preferredLocations" : [ {
      "layers" : [ "default-rack", "Master2" ]
    }, {
      "layers" : [ "default-rack", "Slave23" ]
    }, {
      "layers" : [ "default-rack", "Slave21" ]
    } ],
    "taskType" : "MAP",
    "taskStatus" : "SUCCESS",
    "taskID" : "task_201407031554_1581_m_000001",
    "inputBytes" : 134381673,
    "inputRecords" : 3186,
    "outputBytes" : 26727706,
    "outputRecords" : 12350438
  }, {
    "startTime" : 1404921684331,
    "attempts" : [ {
      "result" : "SUCCESS",
      "location" : {
        "layers" : [ "default-rack", "Slave23" ]
      },
      "hostName" : "/default-rack/Slave23",
      "startTime" : 1404921686918,
      "finishTime" : 1404921702456,
      "attemptID" : "attempt_201407031554_1581_m_000002_0",
      "shuffleFinished" : -1,
      "sortFinished" : -1,
      "hdfsBytesRead" : 134221929,
      "hdfsBytesWritten" : -1,
      "fileBytesRead" : 19635052,
      "fileBytesWritten" : 26575534,
      "mapInputRecords" : 114552,
      "mapOutputBytes" : 185357119,
      "mapOutputRecords" : 12391279,
      "combineInputRecords" : 12797397,
      "reduceInputGroups" : -1,
      "reduceInputRecords" : -1,
      "reduceShuffleBytes" : -1,
      "reduceOutputRecords" : -1,
      "spilledRecords" : 1023058,
      "mapInputBytes" : -1,
      "resourceUsageMetrics" : {
        "cumulativeCpuUsage" : 24790,
        "virtualMemoryUsage" : 400064512,
        "physicalMemoryUsage" : 227246080,
        "heapUsage" : 207093760
      }
    } ],
    "finishTime" : 1404921699989,
    "preferredLocations" : [ {
      "layers" : [ "default-rack", "Master2" ]
    }, {
      "layers" : [ "default-rack", "Slave22" ]
    }, {
      "layers" : [ "default-rack", "Slave23" ]
    } ],
    "taskType" : "MAP",
    "taskStatus" : "SUCCESS",
    "taskID" : "task_201407031554_1581_m_000002",
    "inputBytes" : 134221929,
    "inputRecords" : 114552,
    "outputBytes" : 26575534,
    "outputRecords" : 12391279
  }, {
    "startTime" : 1404921684517,
    "attempts" : [ {
      "result" : "SUCCESS",
      "location" : {
        "layers" : [ "default-rack", "Slave22" ]
      },
      "hostName" : "/default-rack/Slave22",
      "startTime" : 1404921671966,
      "finishTime" : 1404921688646,
      "attemptID" : "attempt_201407031554_1581_m_000000_0",
      "shuffleFinished" : -1,
      "sortFinished" : -1,
      "hdfsBytesRead" : 134230121,
      "hdfsBytesWritten" : -1,
      "fileBytesRead" : 20791504,
      "fileBytesWritten" : 28608235,
      "mapInputRecords" : 3241,
      "mapOutputBytes" : 185536290,
      "mapOutputRecords" : 12335206,
      "combineInputRecords" : 12741847,
      "reduceInputGroups" : -1,
      "reduceInputRecords" : -1,
      "reduceShuffleBytes" : -1,
      "reduceOutputRecords" : -1,
      "spilledRecords" : 1024426,
      "mapInputBytes" : -1,
      "resourceUsageMetrics" : {
        "cumulativeCpuUsage" : 27080,
        "virtualMemoryUsage" : 396529664,
        "physicalMemoryUsage" : 194105344,
        "heapUsage" : 176947200
      }
    } ],
    "finishTime" : 1404921701390,
    "preferredLocations" : [ {
      "layers" : [ "default-rack", "Master2" ]
    }, {
      "layers" : [ "default-rack", "Slave21" ]
    }, {
      "layers" : [ "default-rack", "Slave22" ]
    } ],
    "taskType" : "MAP",
    "taskStatus" : "SUCCESS",
    "taskID" : "task_201407031554_1581_m_000000",
    "inputBytes" : 134230121,
    "inputRecords" : 3241,
    "outputBytes" : 28608235,
    "outputRecords" : 12335206
  }, {
    "startTime" : 1404921684517,
    "attempts" : [ {
      "result" : "SUCCESS",
      "location" : {
        "layers" : [ "default-rack", "Slave22" ]
      },
      "hostName" : "/default-rack/Slave22",
      "startTime" : 1404921671967,
      "finishTime" : 1404921688881,
      "attemptID" : "attempt_201407031554_1581_m_000003_0",
      "shuffleFinished" : -1,
      "sortFinished" : -1,
      "hdfsBytesRead" : 134226025,
      "hdfsBytesWritten" : -1,
      "fileBytesRead" : 20399421,
      "fileBytesWritten" : 27971848,
      "mapInputRecords" : 3194,
      "mapOutputBytes" : 185808922,
      "mapOutputRecords" : 12335516,
      "combineInputRecords" : 12742164,
      "reduceInputGroups" : -1,
      "reduceInputRecords" : -1,
      "reduceShuffleBytes" : -1,
      "reduceOutputRecords" : -1,
      "spilledRecords" : 1024203,
      "mapInputBytes" : -1,
      "resourceUsageMetrics" : {
        "cumulativeCpuUsage" : 27570,
        "virtualMemoryUsage" : 396705792,
        "physicalMemoryUsage" : 195821568,
        "heapUsage" : 176947200
      }
    } ],
    "finishTime" : 1404921701692,
    "preferredLocations" : [ {
      "layers" : [ "default-rack", "Slave22" ]
    }, {
      "layers" : [ "default-rack", "Slave21" ]
    }, {
      "layers" : [ "default-rack", "Slave23" ]
    } ],
    "taskType" : "MAP",
    "taskStatus" : "SUCCESS",
    "taskID" : "task_201407031554_1581_m_000003",
    "inputBytes" : 134226025,
    "inputRecords" : 3194,
    "outputBytes" : 27971848,
    "outputRecords" : 12335516
  }, {
    "startTime" : 1404921684587,
    "attempts" : [ {
      "result" : "SUCCESS",
      "location" : {
        "layers" : [ "default-rack", "Master2" ]
      },
      "hostName" : "/default-rack/Master2",
      "startTime" : 1404921684666,
      "finishTime" : 1404921701304,
      "attemptID" : "attempt_201407031554_1581_m_000005_0",
      "shuffleFinished" : -1,
      "sortFinished" : -1,
      "hdfsBytesRead" : 134221929,
      "hdfsBytesWritten" : -1,
      "fileBytesRead" : 22310537,
      "fileBytesWritten" : 30873079,
      "mapInputRecords" : 3296,
      "mapOutputBytes" : 185239406,
      "mapOutputRecords" : 12277012,
      "combineInputRecords" : 12683432,
      "reduceInputGroups" : -1,
      "reduceInputRecords" : -1,
      "reduceShuffleBytes" : -1,
      "reduceOutputRecords" : -1,
      "spilledRecords" : 1023837,
      "mapInputBytes" : -1,
      "resourceUsageMetrics" : {
        "cumulativeCpuUsage" : 27530,
        "virtualMemoryUsage" : 398262272,
        "physicalMemoryUsage" : 197308416,
        "heapUsage" : 176947200
      }
    } ],
    "finishTime" : 1404921701438,
    "preferredLocations" : [ {
      "layers" : [ "default-rack", "Master2" ]
    }, {
      "layers" : [ "default-rack", "Slave22" ]
    }, {
      "layers" : [ "default-rack", "Slave21" ]
    } ],
    "taskType" : "MAP",
    "taskStatus" : "SUCCESS",
    "taskID" : "task_201407031554_1581_m_000005",
    "inputBytes" : 134221929,
    "inputRecords" : 3296,
    "outputBytes" : 30873079,
    "outputRecords" : 12277012
  }, {
    "startTime" : 1404921684587,
    "attempts" : [ {
      "result" : "SUCCESS",
      "location" : {
        "layers" : [ "default-rack", "Master2" ]
      },
      "hostName" : "/default-rack/Master2",
      "startTime" : 1404921684666,
      "finishTime" : 1404921700024,
      "attemptID" : "attempt_201407031554_1581_m_000006_0",
      "shuffleFinished" : -1,
      "sortFinished" : -1,
      "hdfsBytesRead" : 134221929,
      "hdfsBytesWritten" : -1,
      "fileBytesRead" : 19354775,
      "fileBytesWritten" : 26287213,
      "mapInputRecords" : 58874,
      "mapOutputBytes" : 185911030,
      "mapOutputRecords" : 12390080,
      "combineInputRecords" : 12796453,
      "reduceInputGroups" : -1,
      "reduceInputRecords" : -1,
      "reduceShuffleBytes" : -1,
      "reduceOutputRecords" : -1,
      "spilledRecords" : 1023749,
      "mapInputBytes" : -1,
      "resourceUsageMetrics" : {
        "cumulativeCpuUsage" : 24700,
        "virtualMemoryUsage" : 396775424,
        "physicalMemoryUsage" : 223584256,
        "heapUsage" : 207093760
      }
    } ],
    "finishTime" : 1404921700234,
    "preferredLocations" : [ {
      "layers" : [ "default-rack", "Master2" ]
    }, {
      "layers" : [ "default-rack", "Slave22" ]
    }, {
      "layers" : [ "default-rack", "Slave23" ]
    } ],
    "taskType" : "MAP",
    "taskStatus" : "SUCCESS",
    "taskID" : "task_201407031554_1581_m_000006",
    "inputBytes" : 134221929,
    "inputRecords" : 58874,
    "outputBytes" : 26287213,
    "outputRecords" : 12390080
  }, {
    "startTime" : 1404921684597,
    "attempts" : [ {
      "result" : "SUCCESS",
      "location" : {
        "layers" : [ "default-rack", "Slave21" ]
      },
      "hostName" : "/default-rack/Slave21",
      "startTime" : 1404921676935,
      "finishTime" : 1404921693461,
      "attemptID" : "attempt_201407031554_1581_m_000004_0",
      "shuffleFinished" : -1,
      "sortFinished" : -1,
      "hdfsBytesRead" : 134242409,
      "hdfsBytesWritten" : -1,
      "fileBytesRead" : 19170702,
      "fileBytesWritten" : 26004304,
      "mapInputRecords" : 3172,
      "mapOutputBytes" : 185713281,
      "mapOutputRecords" : 12335678,
      "combineInputRecords" : 12742299,
      "reduceInputGroups" : -1,
      "reduceInputRecords" : -1,
      "reduceShuffleBytes" : -1,
      "reduceOutputRecords" : -1,
      "spilledRecords" : 1024611,
      "mapInputBytes" : -1,
      "resourceUsageMetrics" : {
        "cumulativeCpuUsage" : 27300,
        "virtualMemoryUsage" : 396451840,
        "physicalMemoryUsage" : 196423680,
        "heapUsage" : 176947200
      }
    } ],
    "finishTime" : 1404921701460,
    "preferredLocations" : [ {
      "layers" : [ "default-rack", "Slave22" ]
    }, {
      "layers" : [ "default-rack", "Slave23" ]
    }, {
      "layers" : [ "default-rack", "Slave21" ]
    } ],
    "taskType" : "MAP",
    "taskStatus" : "SUCCESS",
    "taskID" : "task_201407031554_1581_m_000004",
    "inputBytes" : 134242409,
    "inputRecords" : 3172,
    "outputBytes" : 26004304,
    "outputRecords" : 12335678
  }, {
    "startTime" : 1404921684598,
    "attempts" : [ {
      "result" : "SUCCESS",
      "location" : {
        "layers" : [ "default-rack", "Slave21" ]
      },
      "hostName" : "/default-rack/Slave21",
      "startTime" : 1404921676935,
      "finishTime" : 1404921693624,
      "attemptID" : "attempt_201407031554_1581_m_000008_0",
      "shuffleFinished" : -1,
      "sortFinished" : -1,
      "hdfsBytesRead" : 134230121,
      "hdfsBytesWritten" : -1,
      "fileBytesRead" : 22474079,
      "fileBytesWritten" : 31189682,
      "mapInputRecords" : 3265,
      "mapOutputBytes" : 185369834,
      "mapOutputRecords" : 12279783,
      "combineInputRecords" : 12685885,
      "reduceInputGroups" : -1,
      "reduceInputRecords" : -1,
      "reduceShuffleBytes" : -1,
      "reduceOutputRecords" : -1,
      "spilledRecords" : 1023281,
      "mapInputBytes" : -1,
      "resourceUsageMetrics" : {
        "cumulativeCpuUsage" : 28220,
        "virtualMemoryUsage" : 397066240,
        "physicalMemoryUsage" : 196399104,
        "heapUsage" : 176947200
      }
    } ],
    "finishTime" : 1404921701460,
    "preferredLocations" : [ {
      "layers" : [ "default-rack", "Slave22" ]
    }, {
      "layers" : [ "default-rack", "Slave21" ]
    }, {
      "layers" : [ "default-rack", "Slave23" ]
    } ],
    "taskType" : "MAP",
    "taskStatus" : "SUCCESS",
    "taskID" : "task_201407031554_1581_m_000008",
    "inputBytes" : 134230121,
    "inputRecords" : 3265,
    "outputBytes" : 31189682,
    "outputRecords" : 12279783
  }, {
    "startTime" : 1404921699990,
    "attempts" : [ {
      "result" : "SUCCESS",
      "location" : {
        "layers" : [ "default-rack", "Slave23" ]
      },
      "hostName" : "/default-rack/Slave23",
      "startTime" : 1404921702577,
      "finishTime" : 1404921716529,
      "attemptID" : "attempt_201407031554_1581_m_000007_0",
      "shuffleFinished" : -1,
      "sortFinished" : -1,
      "hdfsBytesRead" : 134340713,
      "hdfsBytesWritten" : -1,
      "fileBytesRead" : 18274017,
      "fileBytesWritten" : 24568530,
      "mapInputRecords" : 3117,
      "mapOutputBytes" : 185291898,
      "mapOutputRecords" : 12344227,
      "combineInputRecords" : 12750402,
      "reduceInputGroups" : -1,
      "reduceInputRecords" : -1,
      "reduceShuffleBytes" : -1,
      "reduceOutputRecords" : -1,
      "spilledRecords" : 1017115,
      "mapInputBytes" : -1,
      "resourceUsageMetrics" : {
        "cumulativeCpuUsage" : 19850,
        "virtualMemoryUsage" : 401059840,
        "physicalMemoryUsage" : 218140672,
        "heapUsage" : 164102144
      }
    } ],
    "finishTime" : 1404921714129,
    "preferredLocations" : [ {
      "layers" : [ "default-rack", "Master2" ]
    }, {
      "layers" : [ "default-rack", "Slave22" ]
    }, {
      "layers" : [ "default-rack", "Slave23" ]
    } ],
    "taskType" : "MAP",
    "taskStatus" : "SUCCESS",
    "taskID" : "task_201407031554_1581_m_000007",
    "inputBytes" : 134340713,
    "inputRecords" : 3117,
    "outputBytes" : 24568530,
    "outputRecords" : 12344227
  }, {
    "startTime" : 1404921700235,
    "attempts" : [ {
      "result" : "SUCCESS",
      "location" : {
        "layers" : [ "default-rack", "Master2" ]
      },
      "hostName" : "/default-rack/Master2",
      "startTime" : 1404921700236,
      "finishTime" : 1404921713950,
      "attemptID" : "attempt_201407031554_1581_m_000009_0",
      "shuffleFinished" : -1,
      "sortFinished" : -1,
      "hdfsBytesRead" : 134283369,
      "hdfsBytesWritten" : -1,
      "fileBytesRead" : 22491707,
      "fileBytesWritten" : 31160522,
      "mapInputRecords" : 3224,
      "mapOutputBytes" : 185446396,
      "mapOutputRecords" : 12285634,
      "combineInputRecords" : 12691420,
      "reduceInputGroups" : -1,
      "reduceInputRecords" : -1,
      "reduceShuffleBytes" : -1,
      "reduceOutputRecords" : -1,
      "spilledRecords" : 1022315,
      "mapInputBytes" : -1,
      "resourceUsageMetrics" : {
        "cumulativeCpuUsage" : 20010,
        "virtualMemoryUsage" : 397770752,
        "physicalMemoryUsage" : 215224320,
        "heapUsage" : 163577856
      }
    } ],
    "finishTime" : 1404921714068,
    "preferredLocations" : [ {
      "layers" : [ "default-rack", "Master2" ]
    }, {
      "layers" : [ "default-rack", "Slave23" ]
    }, {
      "layers" : [ "default-rack", "Slave22" ]
    } ],
    "taskType" : "MAP",
    "taskStatus" : "SUCCESS",
    "taskID" : "task_201407031554_1581_m_000009",
    "inputBytes" : 134283369,
    "inputRecords" : 3224,
    "outputBytes" : 31160522,
    "outputRecords" : 12285634
  }, {
    "startTime" : 1404921701194,
    "attempts" : [ {
      "result" : "SUCCESS",
      "location" : {
        "layers" : [ "default-rack", "Slave23" ]
      },
      "hostName" : "/default-rack/Slave23",
      "startTime" : 1404921703782,
      "finishTime" : 1404921718006,
      "attemptID" : "attempt_201407031554_1581_m_000010_0",
      "shuffleFinished" : -1,
      "sortFinished" : -1,
      "hdfsBytesRead" : 134254697,
      "hdfsBytesWritten" : -1,
      "fileBytesRead" : 22806198,
      "fileBytesWritten" : 31648105,
      "mapInputRecords" : 3161,
      "mapOutputBytes" : 185566838,
      "mapOutputRecords" : 12282061,
      "combineInputRecords" : 12688336,
      "reduceInputGroups" : -1,
      "reduceInputRecords" : -1,
      "reduceShuffleBytes" : -1,
      "reduceOutputRecords" : -1,
      "spilledRecords" : 1024146,
      "mapInputBytes" : -1,
      "resourceUsageMetrics" : {
        "cumulativeCpuUsage" : 21630,
        "virtualMemoryUsage" : 399065088,
        "physicalMemoryUsage" : 209141760,
        "heapUsage" : 149684224
      }
    } ],
    "finishTime" : 1404921715637,
    "preferredLocations" : [ {
      "layers" : [ "default-rack", "Master2" ]
    }, {
      "layers" : [ "default-rack", "Slave23" ]
    }, {
      "layers" : [ "default-rack", "Slave21" ]
    } ],
    "taskType" : "MAP",
    "taskStatus" : "SUCCESS",
    "taskID" : "task_201407031554_1581_m_000010",
    "inputBytes" : 134254697,
    "inputRecords" : 3161,
    "outputBytes" : 31648105,
    "outputRecords" : 12282061
  }, {
    "startTime" : 1404921701390,
    "attempts" : [ {
      "result" : "SUCCESS",
      "location" : {
        "layers" : [ "default-rack", "Slave22" ]
      },
      "hostName" : "/default-rack/Slave22",
      "startTime" : 1404921688772,
      "finishTime" : 1404921704021,
      "attemptID" : "attempt_201407031554_1581_m_000011_0",
      "shuffleFinished" : -1,
      "sortFinished" : -1,
      "hdfsBytesRead" : 134221929,
      "hdfsBytesWritten" : -1,
      "fileBytesRead" : 23130817,
      "fileBytesWritten" : 32074878,
      "mapInputRecords" : 3295,
      "mapOutputBytes" : 185694039,
      "mapOutputRecords" : 12280187,
      "combineInputRecords" : 12686027,
      "reduceInputGroups" : -1,
      "reduceInputRecords" : -1,
      "reduceShuffleBytes" : -1,
      "reduceOutputRecords" : -1,
      "spilledRecords" : 1022414,
      "mapInputBytes" : -1,
      "resourceUsageMetrics" : {
        "cumulativeCpuUsage" : 23060,
        "virtualMemoryUsage" : 397684736,
        "physicalMemoryUsage" : 206647296,
        "heapUsage" : 188743680
      }
    } ],
    "finishTime" : 1404921716733,
    "preferredLocations" : [ {
      "layers" : [ "default-rack", "Master2" ]
    }, {
      "layers" : [ "default-rack", "Slave22" ]
    }, {
      "layers" : [ "default-rack", "Slave23" ]
    } ],
    "taskType" : "MAP",
    "taskStatus" : "SUCCESS",
    "taskID" : "task_201407031554_1581_m_000011",
    "inputBytes" : 134221929,
    "inputRecords" : 3295,
    "outputBytes" : 32074878,
    "outputRecords" : 12280187
  }, {
    "startTime" : 1404921701438,
    "attempts" : [ {
      "result" : "SUCCESS",
      "location" : {
        "layers" : [ "default-rack", "Master2" ]
      },
      "hostName" : "/default-rack/Master2",
      "startTime" : 1404921701441,
      "finishTime" : 1404921716340,
      "attemptID" : "attempt_201407031554_1581_m_000012_0",
      "shuffleFinished" : -1,
      "sortFinished" : -1,
      "hdfsBytesRead" : 134226025,
      "hdfsBytesWritten" : -1,
      "fileBytesRead" : 22455230,
      "fileBytesWritten" : 31141983,
      "mapInputRecords" : 3249,
      "mapOutputBytes" : 185366679,
      "mapOutputRecords" : 12280420,
      "combineInputRecords" : 12686053,
      "reduceInputGroups" : -1,
      "reduceInputRecords" : -1,
      "reduceShuffleBytes" : -1,
      "reduceOutputRecords" : -1,
      "spilledRecords" : 1021794,
      "mapInputBytes" : -1,
      "resourceUsageMetrics" : {
        "cumulativeCpuUsage" : 22470,
        "virtualMemoryUsage" : 399257600,
        "physicalMemoryUsage" : 199921664,
        "heapUsage" : 180617216
      }
    } ],
    "finishTime" : 1404921716471,
    "preferredLocations" : [ {
      "layers" : [ "default-rack", "Master2" ]
    }, {
      "layers" : [ "default-rack", "Slave22" ]
    }, {
      "layers" : [ "default-rack", "Slave23" ]
    } ],
    "taskType" : "MAP",
    "taskStatus" : "SUCCESS",
    "taskID" : "task_201407031554_1581_m_000012",
    "inputBytes" : 134226025,
    "inputRecords" : 3249,
    "outputBytes" : 31141983,
    "outputRecords" : 12280420
  }, {
    "startTime" : 1404921701460,
    "attempts" : [ {
      "result" : "SUCCESS",
      "location" : {
        "layers" : [ "default-rack", "Slave21" ]
      },
      "hostName" : "/default-rack/Slave21",
      "startTime" : 1404921693722,
      "finishTime" : 1404921708144,
      "attemptID" : "attempt_201407031554_1581_m_000013_0",
      "shuffleFinished" : -1,
      "sortFinished" : -1,
      "hdfsBytesRead" : 134221929,
      "hdfsBytesWritten" : -1,
      "fileBytesRead" : 19254663,
      "fileBytesWritten" : 26138269,
      "mapInputRecords" : 58960,
      "mapOutputBytes" : 185466075,
      "mapOutputRecords" : 12334105,
      "combineInputRecords" : 12740787,
      "reduceInputGroups" : -1,
      "reduceInputRecords" : -1,
      "reduceShuffleBytes" : -1,
      "reduceOutputRecords" : -1,
      "spilledRecords" : 1024253,
      "mapInputBytes" : -1,
      "resourceUsageMetrics" : {
        "cumulativeCpuUsage" : 21670,
        "virtualMemoryUsage" : 398061568,
        "physicalMemoryUsage" : 198361088,
        "heapUsage" : 181927936
      }
    } ],
    "finishTime" : 1404921715915,
    "preferredLocations" : [ {
      "layers" : [ "default-rack", "Slave22" ]
    }, {
      "layers" : [ "default-rack", "Slave21" ]
    }, {
      "layers" : [ "default-rack", "Slave23" ]
    } ],
    "taskType" : "MAP",
    "taskStatus" : "SUCCESS",
    "taskID" : "task_201407031554_1581_m_000013",
    "inputBytes" : 134221929,
    "inputRecords" : 58960,
    "outputBytes" : 26138269,
    "outputRecords" : 12334105
  }, {
    "startTime" : 1404921701461,
    "attempts" : [ {
      "result" : "SUCCESS",
      "location" : {
        "layers" : [ "default-rack", "Slave21" ]
      },
      "hostName" : "/default-rack/Slave21",
      "startTime" : 1404921693722,
      "finishTime" : 1404921708167,
      "attemptID" : "attempt_201407031554_1581_m_000015_0",
      "shuffleFinished" : -1,
      "sortFinished" : -1,
      "hdfsBytesRead" : 134283369,
      "hdfsBytesWritten" : -1,
      "fileBytesRead" : 22144987,
      "fileBytesWritten" : 30579884,
      "mapInputRecords" : 3253,
      "mapOutputBytes" : 185226719,
      "mapOutputRecords" : 12286244,
      "combineInputRecords" : 12692613,
      "reduceInputGroups" : -1,
      "reduceInputRecords" : -1,
      "reduceShuffleBytes" : -1,
      "reduceOutputRecords" : -1,
      "spilledRecords" : 1024051,
      "mapInputBytes" : -1,
      "resourceUsageMetrics" : {
        "cumulativeCpuUsage" : 22070,
        "virtualMemoryUsage" : 397447168,
        "physicalMemoryUsage" : 178515968,
        "heapUsage" : 180617216
      }
    } ],
    "finishTime" : 1404921715915,
    "preferredLocations" : [ {
      "layers" : [ "default-rack", "Master2" ]
    }, {
      "layers" : [ "default-rack", "Slave22" ]
    }, {
      "layers" : [ "default-rack", "Slave21" ]
    } ],
    "taskType" : "MAP",
    "taskStatus" : "SUCCESS",
    "taskID" : "task_201407031554_1581_m_000015",
    "inputBytes" : 134283369,
    "inputRecords" : 3253,
    "outputBytes" : 30579884,
    "outputRecords" : 12286244
  }, {
    "startTime" : 1404921701692,
    "attempts" : [ {
      "result" : "SUCCESS",
      "location" : {
        "layers" : [ "default-rack", "Slave22" ]
      },
      "hostName" : "/default-rack/Slave22",
      "startTime" : 1404921689074,
      "finishTime" : 1404921704178,
      "attemptID" : "attempt_201407031554_1581_m_000014_0",
      "shuffleFinished" : -1,
      "sortFinished" : -1,
      "hdfsBytesRead" : 134250601,
      "hdfsBytesWritten" : -1,
      "fileBytesRead" : 19092865,
      "fileBytesWritten" : 25970686,
      "mapInputRecords" : 3215,
      "mapOutputBytes" : 185558584,
      "mapOutputRecords" : 12336611,
      "combineInputRecords" : 12742963,
      "reduceInputGroups" : -1,
      "reduceInputRecords" : -1,
      "reduceShuffleBytes" : -1,
      "reduceOutputRecords" : -1,
      "spilledRecords" : 1023439,
      "mapInputBytes" : -1,
      "resourceUsageMetrics" : {
        "cumulativeCpuUsage" : 22910,
        "virtualMemoryUsage" : 397701120,
        "physicalMemoryUsage" : 198782976,
        "heapUsage" : 181141504
      }
    } ],
    "finishTime" : 1404921717035,
    "preferredLocations" : [ {
      "layers" : [ "default-rack", "Master2" ]
    }, {
      "layers" : [ "default-rack", "Slave23" ]
    }, {
      "layers" : [ "default-rack", "Slave22" ]
    } ],
    "taskType" : "MAP",
    "taskStatus" : "SUCCESS",
    "taskID" : "task_201407031554_1581_m_000014",
    "inputBytes" : 134250601,
    "inputRecords" : 3215,
    "outputBytes" : 25970686,
    "outputRecords" : 12336611
  }, {
    "startTime" : 1404921714068,
    "attempts" : [ {
      "result" : "SUCCESS",
      "location" : {
        "layers" : [ "default-rack", "Master2" ]
      },
      "hostName" : "/default-rack/Master2",
      "startTime" : 1404921714069,
      "finishTime" : 1404921727141,
      "attemptID" : "attempt_201407031554_1581_m_000016_0",
      "shuffleFinished" : -1,
      "sortFinished" : -1,
      "hdfsBytesRead" : 134238313,
      "hdfsBytesWritten" : -1,
      "fileBytesRead" : 21958676,
      "fileBytesWritten" : 30251538,
      "mapInputRecords" : 3234,
      "mapOutputBytes" : 185044410,
      "mapOutputRecords" : 12280417,
      "combineInputRecords" : 12686481,
      "reduceInputGroups" : -1,
      "reduceInputRecords" : -1,
      "reduceShuffleBytes" : -1,
      "reduceOutputRecords" : -1,
      "spilledRecords" : 1022998,
      "mapInputBytes" : -1,
      "resourceUsageMetrics" : {
        "cumulativeCpuUsage" : 18450,
        "virtualMemoryUsage" : 397770752,
        "physicalMemoryUsage" : 226467840,
        "heapUsage" : 205258752
      }
    } ],
    "finishTime" : 1404921727290,
    "preferredLocations" : [ {
      "layers" : [ "default-rack", "Master2" ]
    }, {
      "layers" : [ "default-rack", "Slave23" ]
    }, {
      "layers" : [ "default-rack", "Slave21" ]
    } ],
    "taskType" : "MAP",
    "taskStatus" : "SUCCESS",
    "taskID" : "task_201407031554_1581_m_000016",
    "inputBytes" : 134238313,
    "inputRecords" : 3234,
    "outputBytes" : 30251538,
    "outputRecords" : 12280417
  }, {
    "startTime" : 1404921714130,
    "attempts" : [ {
      "result" : "SUCCESS",
      "location" : {
        "layers" : [ "default-rack", "Slave23" ]
      },
      "hostName" : "/default-rack/Slave23",
      "startTime" : 1404921716717,
      "finishTime" : 1404921730344,
      "attemptID" : "attempt_201407031554_1581_m_000018_0",
      "shuffleFinished" : -1,
      "sortFinished" : -1,
      "hdfsBytesRead" : 134266985,
      "hdfsBytesWritten" : -1,
      "fileBytesRead" : 22129618,
      "fileBytesWritten" : 30519775,
      "mapInputRecords" : 3251,
      "mapOutputBytes" : 185198864,
      "mapOutputRecords" : 12284490,
      "combineInputRecords" : 12689883,
      "reduceInputGroups" : -1,
      "reduceInputRecords" : -1,
      "reduceShuffleBytes" : -1,
      "reduceOutputRecords" : -1,
      "spilledRecords" : 1021148,
      "mapInputBytes" : -1,
      "resourceUsageMetrics" : {
        "cumulativeCpuUsage" : 19460,
        "virtualMemoryUsage" : 401059840,
        "physicalMemoryUsage" : 230895616,
        "heapUsage" : 207093760
      }
    } ],
    "finishTime" : 1404921727966,
    "preferredLocations" : [ {
      "layers" : [ "default-rack", "Master2" ]
    }, {
      "layers" : [ "default-rack", "Slave23" ]
    }, {
      "layers" : [ "default-rack", "Slave21" ]
    } ],
    "taskType" : "MAP",
    "taskStatus" : "SUCCESS",
    "taskID" : "task_201407031554_1581_m_000018",
    "inputBytes" : 134266985,
    "inputRecords" : 3251,
    "outputBytes" : 30519775,
    "outputRecords" : 12284490
  }, {
    "startTime" : 1404921715638,
    "attempts" : [ {
      "result" : "SUCCESS",
      "location" : {
        "layers" : [ "default-rack", "Slave23" ]
      },
      "hostName" : "/default-rack/Slave23",
      "startTime" : 1404921718225,
      "finishTime" : 1404921731766,
      "attemptID" : "attempt_201407031554_1581_m_000019_0",
      "shuffleFinished" : -1,
      "sortFinished" : -1,
      "hdfsBytesRead" : 134234217,
      "hdfsBytesWritten" : -1,
      "fileBytesRead" : 22270022,
      "fileBytesWritten" : 30844017,
      "mapInputRecords" : 3212,
      "mapOutputBytes" : 185264766,
      "mapOutputRecords" : 12280786,
      "combineInputRecords" : 12686444,
      "reduceInputGroups" : -1,
      "reduceInputRecords" : -1,
      "reduceShuffleBytes" : -1,
      "reduceOutputRecords" : -1,
      "spilledRecords" : 1021967,
      "mapInputBytes" : -1,
      "resourceUsageMetrics" : {
        "cumulativeCpuUsage" : 20480,
        "virtualMemoryUsage" : 399065088,
        "physicalMemoryUsage" : 202084352,
        "heapUsage" : 196608000
      }
    } ],
    "finishTime" : 1404921729470,
    "preferredLocations" : [ {
      "layers" : [ "default-rack", "Slave22" ]
    }, {
      "layers" : [ "default-rack", "Slave21" ]
    }, {
      "layers" : [ "default-rack", "Slave23" ]
    } ],
    "taskType" : "MAP",
    "taskStatus" : "SUCCESS",
    "taskID" : "task_201407031554_1581_m_000019",
    "inputBytes" : 134234217,
    "inputRecords" : 3212,
    "outputBytes" : 30844017,
    "outputRecords" : 12280786
  }, {
    "startTime" : 1404921715916,
    "attempts" : [ {
      "result" : "SUCCESS",
      "location" : {
        "layers" : [ "default-rack", "Slave21" ]
      },
      "hostName" : "/default-rack/Slave21",
      "startTime" : 1404921708177,
      "finishTime" : 1404921721999,
      "attemptID" : "attempt_201407031554_1581_m_000017_0",
      "shuffleFinished" : -1,
      "sortFinished" : -1,
      "hdfsBytesRead" : 134226025,
      "hdfsBytesWritten" : -1,
      "fileBytesRead" : 22147410,
      "fileBytesWritten" : 30558145,
      "mapInputRecords" : 3241,
      "mapOutputBytes" : 185147164,
      "mapOutputRecords" : 12281239,
      "combineInputRecords" : 12687254,
      "reduceInputGroups" : -1,
      "reduceInputRecords" : -1,
      "reduceShuffleBytes" : -1,
      "reduceOutputRecords" : -1,
      "spilledRecords" : 1022857,
      "mapInputBytes" : -1,
      "resourceUsageMetrics" : {
        "cumulativeCpuUsage" : 20410,
        "virtualMemoryUsage" : 397447168,
        "physicalMemoryUsage" : 194945024,
        "heapUsage" : 145489920
      }
    } ],
    "finishTime" : 1404921729769,
    "preferredLocations" : [ {
      "layers" : [ "default-rack", "Master2" ]
    }, {
      "layers" : [ "default-rack", "Slave21" ]
    }, {
      "layers" : [ "default-rack", "Slave22" ]
    } ],
    "taskType" : "MAP",
    "taskStatus" : "SUCCESS",
    "taskID" : "task_201407031554_1581_m_000017",
    "inputBytes" : 134226025,
    "inputRecords" : 3241,
    "outputBytes" : 30558145,
    "outputRecords" : 12281239
  }, {
    "startTime" : 1404921715916,
    "attempts" : [ {
      "result" : "SUCCESS",
      "location" : {
        "layers" : [ "default-rack", "Slave21" ]
      },
      "hostName" : "/default-rack/Slave21",
      "startTime" : 1404921708177,
      "finishTime" : 1404921721171,
      "attemptID" : "attempt_201407031554_1581_m_000020_0",
      "shuffleFinished" : -1,
      "sortFinished" : -1,
      "hdfsBytesRead" : 122421894,
      "hdfsBytesWritten" : -1,
      "fileBytesRead" : 19553633,
      "fileBytesWritten" : 27197865,
      "mapInputRecords" : 2948,
      "mapOutputBytes" : 168729119,
      "mapOutputRecords" : 11196483,
      "combineInputRecords" : 11566885,
      "reduceInputGroups" : -1,
      "reduceInputRecords" : -1,
      "reduceShuffleBytes" : -1,
      "reduceOutputRecords" : -1,
      "spilledRecords" : 919280,
      "mapInputBytes" : -1,
      "resourceUsageMetrics" : {
        "cumulativeCpuUsage" : 19390,
        "virtualMemoryUsage" : 398061568,
        "physicalMemoryUsage" : 200597504,
        "heapUsage" : 183238656
      }
    } ],
    "finishTime" : 1404921729165,
    "preferredLocations" : [ {
      "layers" : [ "default-rack", "Slave22" ]
    }, {
      "layers" : [ "default-rack", "Slave23" ]
    }, {
      "layers" : [ "default-rack", "Slave21" ]
    } ],
    "taskType" : "MAP",
    "taskStatus" : "SUCCESS",
    "taskID" : "task_201407031554_1581_m_000020",
    "inputBytes" : 122421894,
    "inputRecords" : 2948,
    "outputBytes" : 27197865,
    "outputRecords" : 11196483
  }, {
    "startTime" : 1404921716471,
    "attempts" : [ {
      "result" : "SUCCESS",
      "location" : {
        "layers" : [ "default-rack", "Master2" ]
      },
      "hostName" : "/default-rack/Master2",
      "startTime" : 1404921716472,
      "finishTime" : 1404921729156,
      "attemptID" : "attempt_201407031554_1581_m_000021_0",
      "shuffleFinished" : -1,
      "sortFinished" : -1,
      "hdfsBytesRead" : 122420954,
      "hdfsBytesWritten" : -1,
      "fileBytesRead" : 18461363,
      "fileBytesWritten" : 25674245,
      "mapInputRecords" : 3012,
      "mapOutputBytes" : 169194599,
      "mapOutputRecords" : 11248653,
      "combineInputRecords" : 11618968,
      "reduceInputGroups" : -1,
      "reduceInputRecords" : -1,
      "reduceShuffleBytes" : -1,
      "reduceOutputRecords" : -1,
      "spilledRecords" : 919140,
      "mapInputBytes" : -1,
      "resourceUsageMetrics" : {
        "cumulativeCpuUsage" : 19910,
        "virtualMemoryUsage" : 399257600,
        "physicalMemoryUsage" : 187334656,
        "heapUsage" : 137625600
      }
    } ],
    "finishTime" : 1404921729393,
    "preferredLocations" : [ {
      "layers" : [ "default-rack", "Master2" ]
    }, {
      "layers" : [ "default-rack", "Slave23" ]
    }, {
      "layers" : [ "default-rack", "Slave22" ]
    } ],
    "taskType" : "MAP",
    "taskStatus" : "SUCCESS",
    "taskID" : "task_201407031554_1581_m_000021",
    "inputBytes" : 122420954,
    "inputRecords" : 3012,
    "outputBytes" : 25674245,
    "outputRecords" : 11248653
  }, {
    "startTime" : 1404921716733,
    "attempts" : [ {
      "result" : "SUCCESS",
      "location" : {
        "layers" : [ "default-rack", "Slave22" ]
      },
      "hostName" : "/default-rack/Slave22",
      "startTime" : 1404921704114,
      "finishTime" : 1404921716622,
      "attemptID" : "attempt_201407031554_1581_m_000022_0",
      "shuffleFinished" : -1,
      "sortFinished" : -1,
      "hdfsBytesRead" : 122419615,
      "hdfsBytesWritten" : -1,
      "fileBytesRead" : 17160823,
      "fileBytesWritten" : 23444108,
      "mapInputRecords" : 53745,
      "mapOutputBytes" : 169164811,
      "mapOutputRecords" : 11251543,
      "combineInputRecords" : 11621487,
      "reduceInputGroups" : -1,
      "reduceInputRecords" : -1,
      "reduceShuffleBytes" : -1,
      "reduceOutputRecords" : -1,
      "spilledRecords" : 917980,
      "mapInputBytes" : -1,
      "resourceUsageMetrics" : {
        "cumulativeCpuUsage" : 18370,
        "virtualMemoryUsage" : 397684736,
        "physicalMemoryUsage" : 222695424,
        "heapUsage" : 195297280
      }
    } ],
    "finishTime" : 1404921729377,
    "preferredLocations" : [ {
      "layers" : [ "default-rack", "Slave23" ]
    }, {
      "layers" : [ "default-rack", "Slave22" ]
    }, {
      "layers" : [ "default-rack", "Slave21" ]
    } ],
    "taskType" : "MAP",
    "taskStatus" : "SUCCESS",
    "taskID" : "task_201407031554_1581_m_000022",
    "inputBytes" : 122419615,
    "inputRecords" : 53745,
    "outputBytes" : 23444108,
    "outputRecords" : 11251543
  }, {
    "startTime" : 1404921717035,
    "attempts" : [ {
      "result" : "SUCCESS",
      "location" : {
        "layers" : [ "default-rack", "Slave22" ]
      },
      "hostName" : "/default-rack/Slave22",
      "startTime" : 1404921704416,
      "finishTime" : 1404921717138,
      "attemptID" : "attempt_201407031554_1581_m_000023_0",
      "shuffleFinished" : -1,
      "sortFinished" : -1,
      "hdfsBytesRead" : 122419444,
      "hdfsBytesWritten" : -1,
      "fileBytesRead" : 20011338,
      "fileBytesWritten" : 28009078,
      "mapInputRecords" : 3002,
      "mapOutputBytes" : 168974175,
      "mapOutputRecords" : 11194157,
      "combineInputRecords" : 11564415,
      "reduceInputGroups" : -1,
      "reduceInputRecords" : -1,
      "reduceShuffleBytes" : -1,
      "reduceOutputRecords" : -1,
      "spilledRecords" : 918909,
      "mapInputBytes" : -1,
      "resourceUsageMetrics" : {
        "cumulativeCpuUsage" : 19460,
        "virtualMemoryUsage" : 397701120,
        "physicalMemoryUsage" : 202473472,
        "heapUsage" : 185597952
      }
    } ],
    "finishTime" : 1404921729978,
    "preferredLocations" : [ {
      "layers" : [ "default-rack", "Slave23" ]
    }, {
      "layers" : [ "default-rack", "Slave21" ]
    }, {
      "layers" : [ "default-rack", "Slave22" ]
    } ],
    "taskType" : "MAP",
    "taskStatus" : "SUCCESS",
    "taskID" : "task_201407031554_1581_m_000023",
    "inputBytes" : 122419444,
    "inputRecords" : 3002,
    "outputBytes" : 28009078,
    "outputRecords" : 11194157
  }, {
    "startTime" : 1404921727290,
    "attempts" : [ {
      "result" : "SUCCESS",
      "location" : {
        "layers" : [ "default-rack", "Master2" ]
      },
      "hostName" : "/default-rack/Master2",
      "startTime" : 1404921727291,
      "finishTime" : 1404921739358,
      "attemptID" : "attempt_201407031554_1581_m_000024_0",
      "shuffleFinished" : -1,
      "sortFinished" : -1,
      "hdfsBytesRead" : 122419150,
      "hdfsBytesWritten" : -1,
      "fileBytesRead" : 19842934,
      "fileBytesWritten" : 27706152,
      "mapInputRecords" : 2994,
      "mapOutputBytes" : 168952753,
      "mapOutputRecords" : 11199241,
      "combineInputRecords" : 11569189,
      "reduceInputGroups" : -1,
      "reduceInputRecords" : -1,
      "reduceShuffleBytes" : -1,
      "reduceOutputRecords" : -1,
      "spilledRecords" : 917818,
      "mapInputBytes" : -1,
      "resourceUsageMetrics" : {
        "cumulativeCpuUsage" : 17790,
        "virtualMemoryUsage" : 397770752,
        "physicalMemoryUsage" : 226033664,
        "heapUsage" : 205258752
      }
    } ],
    "finishTime" : 1404921739614,
    "preferredLocations" : [ {
      "layers" : [ "default-rack", "Master2" ]
    }, {
      "layers" : [ "default-rack", "Slave22" ]
    }, {
      "layers" : [ "default-rack", "Slave21" ]
    } ],
    "taskType" : "MAP",
    "taskStatus" : "SUCCESS",
    "taskID" : "task_201407031554_1581_m_000024",
    "inputBytes" : 122419150,
    "inputRecords" : 2994,
    "outputBytes" : 27706152,
    "outputRecords" : 11199241
  }, {
    "startTime" : 1404921727967,
    "attempts" : [ {
      "result" : "SUCCESS",
      "location" : {
        "layers" : [ "default-rack", "Slave23" ]
      },
      "hostName" : "/default-rack/Slave23",
      "startTime" : 1404921730554,
      "finishTime" : 1404921742622,
      "attemptID" : "attempt_201407031554_1581_m_000026_0",
      "shuffleFinished" : -1,
      "sortFinished" : -1,
      "hdfsBytesRead" : 122417584,
      "hdfsBytesWritten" : -1,
      "fileBytesRead" : 18110175,
      "fileBytesWritten" : 25082397,
      "mapInputRecords" : 2947,
      "mapOutputBytes" : 169460213,
      "mapOutputRecords" : 11250726,
      "combineInputRecords" : 11620157,
      "reduceInputGroups" : -1,
      "reduceInputRecords" : -1,
      "reduceShuffleBytes" : -1,
      "reduceOutputRecords" : -1,
      "spilledRecords" : 917203,
      "mapInputBytes" : -1,
      "resourceUsageMetrics" : {
        "cumulativeCpuUsage" : 17580,
        "virtualMemoryUsage" : 401059840,
        "physicalMemoryUsage" : 230092800,
        "heapUsage" : 207093760
      }
    } ],
    "finishTime" : 1404921740297,
    "preferredLocations" : [ {
      "layers" : [ "default-rack", "Master2" ]
    }, {
      "layers" : [ "default-rack", "Slave21" ]
    }, {
      "layers" : [ "default-rack", "Slave23" ]
    } ],
    "taskType" : "MAP",
    "taskStatus" : "SUCCESS",
    "taskID" : "task_201407031554_1581_m_000026",
    "inputBytes" : 122417584,
    "inputRecords" : 2947,
    "outputBytes" : 25082397,
    "outputRecords" : 11250726
  }, {
    "startTime" : 1404921729165,
    "attempts" : [ {
      "result" : "SUCCESS",
      "location" : {
        "layers" : [ "default-rack", "Slave21" ]
      },
      "hostName" : "/default-rack/Slave21",
      "startTime" : 1404921721426,
      "finishTime" : 1404921734642,
      "attemptID" : "attempt_201407031554_1581_m_000025_0",
      "shuffleFinished" : -1,
      "sortFinished" : -1,
      "hdfsBytesRead" : 122418317,
      "hdfsBytesWritten" : -1,
      "fileBytesRead" : 17024058,
      "fileBytesWritten" : 23300025,
      "mapInputRecords" : 2930,
      "mapOutputBytes" : 169340729,
      "mapOutputRecords" : 11249870,
      "combineInputRecords" : 11619632,
      "reduceInputGroups" : -1,
      "reduceInputRecords" : -1,
      "reduceShuffleBytes" : -1,
      "reduceOutputRecords" : -1,
      "spilledRecords" : 917488,
      "mapInputBytes" : -1,
      "resourceUsageMetrics" : {
        "cumulativeCpuUsage" : 20000,
        "virtualMemoryUsage" : 398061568,
        "physicalMemoryUsage" : 181153792,
        "heapUsage" : 183238656
      }
    } ],
    "finishTime" : 1404921742422,
    "preferredLocations" : [ {
      "layers" : [ "default-rack", "Master2" ]
    }, {
      "layers" : [ "default-rack", "Slave21" ]
    }, {
      "layers" : [ "default-rack", "Slave22" ]
    } ],
    "taskType" : "MAP",
    "taskStatus" : "SUCCESS",
    "taskID" : "task_201407031554_1581_m_000025",
    "inputBytes" : 122418317,
    "inputRecords" : 2930,
    "outputBytes" : 23300025,
    "outputRecords" : 11249870
  }, {
    "startTime" : 1404921729377,
    "attempts" : [ {
      "result" : "SUCCESS",
      "location" : {
        "layers" : [ "default-rack", "Slave22" ]
      },
      "hostName" : "/default-rack/Slave22",
      "startTime" : 1404921716758,
      "finishTime" : 1404921728024,
      "attemptID" : "attempt_201407031554_1581_m_000027_0",
      "shuffleFinished" : -1,
      "sortFinished" : -1,
      "hdfsBytesRead" : 122416998,
      "hdfsBytesWritten" : -1,
      "fileBytesRead" : 19683839,
      "fileBytesWritten" : 27401011,
      "mapInputRecords" : 2929,
      "mapOutputBytes" : 168759770,
      "mapOutputRecords" : 11192495,
      "combineInputRecords" : 11561803,
      "reduceInputGroups" : -1,
      "reduceInputRecords" : -1,
      "reduceShuffleBytes" : -1,
      "reduceOutputRecords" : -1,
      "spilledRecords" : 916395,
      "mapInputBytes" : -1,
      "resourceUsageMetrics" : {
        "cumulativeCpuUsage" : 14980,
        "virtualMemoryUsage" : 397684736,
        "physicalMemoryUsage" : 225763328,
        "heapUsage" : 207618048
      }
    } ],
    "finishTime" : 1404921740802,
    "preferredLocations" : [ {
      "layers" : [ "default-rack", "Master2" ]
    }, {
      "layers" : [ "default-rack", "Slave22" ]
    }, {
      "layers" : [ "default-rack", "Slave21" ]
    } ],
    "taskType" : "MAP",
    "taskStatus" : "SUCCESS",
    "taskID" : "task_201407031554_1581_m_000027",
    "inputBytes" : 122416998,
    "inputRecords" : 2929,
    "outputBytes" : 27401011,
    "outputRecords" : 11192495
  }, {
    "startTime" : 1404921729397,
    "attempts" : [ {
      "result" : "SUCCESS",
      "location" : {
        "layers" : [ "default-rack", "Master2" ]
      },
      "hostName" : "/default-rack/Master2",
      "startTime" : 1404921729398,
      "finishTime" : 1404921742073,
      "attemptID" : "attempt_201407031554_1581_m_000028_0",
      "shuffleFinished" : -1,
      "sortFinished" : -1,
      "hdfsBytesRead" : 122416815,
      "hdfsBytesWritten" : -1,
      "fileBytesRead" : 17267252,
      "fileBytesWritten" : 23612454,
      "mapInputRecords" : 53732,
      "mapOutputBytes" : 169557736,
      "mapOutputRecords" : 11299564,
      "combineInputRecords" : 11669891,
      "reduceInputGroups" : -1,
      "reduceInputRecords" : -1,
      "reduceShuffleBytes" : -1,
      "reduceOutputRecords" : -1,
      "spilledRecords" : 919106,
      "mapInputBytes" : -1,
      "resourceUsageMetrics" : {
        "cumulativeCpuUsage" : 19620,
        "virtualMemoryUsage" : 399257600,
        "physicalMemoryUsage" : 199254016,
        "heapUsage" : 180879360
      }
    } ],
    "finishTime" : 1404921742319,
    "preferredLocations" : [ {
      "layers" : [ "default-rack", "Master2" ]
    }, {
      "layers" : [ "default-rack", "Slave23" ]
    }, {
      "layers" : [ "default-rack", "Slave21" ]
    } ],
    "taskType" : "MAP",
    "taskStatus" : "SUCCESS",
    "taskID" : "task_201407031554_1581_m_000028",
    "inputBytes" : 122416815,
    "inputRecords" : 53732,
    "outputBytes" : 23612454,
    "outputRecords" : 11299564
  }, {
    "startTime" : 1404921729470,
    "attempts" : [ {
      "result" : "SUCCESS",
      "location" : {
        "layers" : [ "default-rack", "Slave23" ]
      },
      "hostName" : "/default-rack/Slave23",
      "startTime" : 1404921732058,
      "finishTime" : 1404921746654,
      "attemptID" : "attempt_201407031554_1581_m_000029_0",
      "shuffleFinished" : -1,
      "sortFinished" : -1,
      "hdfsBytesRead" : 122416426,
      "hdfsBytesWritten" : -1,
      "fileBytesRead" : 19843871,
      "fileBytesWritten" : 27734981,
      "mapInputRecords" : 2979,
      "mapOutputBytes" : 168928285,
      "mapOutputRecords" : 11196758,
      "combineInputRecords" : 11567234,
      "reduceInputGroups" : -1,
      "reduceInputRecords" : -1,
      "reduceShuffleBytes" : -1,
      "reduceOutputRecords" : -1,
      "spilledRecords" : 919321,
      "mapInputBytes" : -1,
      "resourceUsageMetrics" : {
        "cumulativeCpuUsage" : 23030,
        "virtualMemoryUsage" : 397033472,
        "physicalMemoryUsage" : 225193984,
        "heapUsage" : 207093760
      }
    } ],
    "finishTime" : 1404921744215,
    "preferredLocations" : [ {
      "layers" : [ "default-rack", "Master2" ]
    }, {
      "layers" : [ "default-rack", "Slave23" ]
    }, {
      "layers" : [ "default-rack", "Slave22" ]
    } ],
    "taskType" : "MAP",
    "taskStatus" : "SUCCESS",
    "taskID" : "task_201407031554_1581_m_000029",
    "inputBytes" : 122416426,
    "inputRecords" : 2979,
    "outputBytes" : 27734981,
    "outputRecords" : 11196758
  }, {
    "startTime" : 1404921729769,
    "attempts" : [ {
      "result" : "SUCCESS",
      "location" : {
        "layers" : [ "default-rack", "Slave21" ]
      },
      "hostName" : "/default-rack/Slave21",
      "startTime" : 1404921722030,
      "finishTime" : 1404921734983,
      "attemptID" : "attempt_201407031554_1581_m_000031_0",
      "shuffleFinished" : -1,
      "sortFinished" : -1,
      "hdfsBytesRead" : 122416056,
      "hdfsBytesWritten" : -1,
      "fileBytesRead" : 19714202,
      "fileBytesWritten" : 27425515,
      "mapInputRecords" : 2947,
      "mapOutputBytes" : 168841799,
      "mapOutputRecords" : 11198588,
      "combineInputRecords" : 11568248,
      "reduceInputGroups" : -1,
      "reduceInputRecords" : -1,
      "reduceShuffleBytes" : -1,
      "reduceOutputRecords" : -1,
      "spilledRecords" : 917475,
      "mapInputBytes" : -1,
      "resourceUsageMetrics" : {
        "cumulativeCpuUsage" : 19290,
        "virtualMemoryUsage" : 397447168,
        "physicalMemoryUsage" : 202641408,
        "heapUsage" : 184287232
      }
    } ],
    "finishTime" : 1404921743026,
    "preferredLocations" : [ {
      "layers" : [ "default-rack", "Slave22" ]
    }, {
      "layers" : [ "default-rack", "Slave23" ]
    }, {
      "layers" : [ "default-rack", "Slave21" ]
    } ],
    "taskType" : "MAP",
    "taskStatus" : "SUCCESS",
    "taskID" : "task_201407031554_1581_m_000031",
    "inputBytes" : 122416056,
    "inputRecords" : 2947,
    "outputBytes" : 27425515,
    "outputRecords" : 11198588
  }, {
    "startTime" : 1404921729978,
    "attempts" : [ {
      "result" : "SUCCESS",
      "location" : {
        "layers" : [ "default-rack", "Slave22" ]
      },
      "hostName" : "/default-rack/Slave22",
      "startTime" : 1404921717359,
      "finishTime" : 1404921730547,
      "attemptID" : "attempt_201407031554_1581_m_000030_0",
      "shuffleFinished" : -1,
      "sortFinished" : -1,
      "hdfsBytesRead" : 122416275,
      "hdfsBytesWritten" : -1,
      "fileBytesRead" : 20617900,
      "fileBytesWritten" : 28837337,
      "mapInputRecords" : 2931,
      "mapOutputBytes" : 169357797,
      "mapOutputRecords" : 11199643,
      "combineInputRecords" : 11569515,
      "reduceInputGroups" : -1,
      "reduceInputRecords" : -1,
      "reduceShuffleBytes" : -1,
      "reduceOutputRecords" : -1,
      "spilledRecords" : 918210,
      "mapInputBytes" : -1,
      "resourceUsageMetrics" : {
        "cumulativeCpuUsage" : 20340,
        "virtualMemoryUsage" : 397701120,
        "physicalMemoryUsage" : 202711040,
        "heapUsage" : 185597952
      }
    } ],
    "finishTime" : 1404921743208,
    "preferredLocations" : [ {
      "layers" : [ "default-rack", "Master2" ]
    }, {
      "layers" : [ "default-rack", "Slave22" ]
    }, {
      "layers" : [ "default-rack", "Slave23" ]
    } ],
    "taskType" : "MAP",
    "taskStatus" : "SUCCESS",
    "taskID" : "task_201407031554_1581_m_000030",
    "inputBytes" : 122416275,
    "inputRecords" : 2931,
    "outputBytes" : 28837337,
    "outputRecords" : 11199643
  }, {
    "startTime" : 1404921739614,
    "attempts" : [ {
      "result" : "SUCCESS",
      "location" : {
        "layers" : [ "default-rack", "Master2" ]
      },
      "hostName" : "/default-rack/Master2",
      "startTime" : 1404921739615,
      "finishTime" : 1404921754842,
      "attemptID" : "attempt_201407031554_1581_m_000033_0",
      "shuffleFinished" : -1,
      "sortFinished" : -1,
      "hdfsBytesRead" : 122415886,
      "hdfsBytesWritten" : -1,
      "fileBytesRead" : 16225176,
      "fileBytesWritten" : 22035205,
      "mapInputRecords" : 3050,
      "mapOutputBytes" : 168683699,
      "mapOutputRecords" : 11238846,
      "combineInputRecords" : 11607941,
      "reduceInputGroups" : -1,
      "reduceInputRecords" : -1,
      "reduceShuffleBytes" : -1,
      "reduceOutputRecords" : -1,
      "spilledRecords" : 911289,
      "mapInputBytes" : -1,
      "resourceUsageMetrics" : {
        "cumulativeCpuUsage" : 25020,
        "virtualMemoryUsage" : 397578240,
        "physicalMemoryUsage" : 193875968,
        "heapUsage" : 176947200
      }
    } ],
    "finishTime" : 1404921754939,
    "preferredLocations" : [ {
      "layers" : [ "default-rack", "Master2" ]
    }, {
      "layers" : [ "default-rack", "Slave22" ]
    }, {
      "layers" : [ "default-rack", "Slave23" ]
    } ],
    "taskType" : "MAP",
    "taskStatus" : "SUCCESS",
    "taskID" : "task_201407031554_1581_m_000033",
    "inputBytes" : 122415886,
    "inputRecords" : 3050,
    "outputBytes" : 22035205,
    "outputRecords" : 11238846
  }, {
    "startTime" : 1404921740303,
    "attempts" : [ {
      "result" : "SUCCESS",
      "location" : {
        "layers" : [ "default-rack", "Slave23" ]
      },
      "hostName" : "/default-rack/Slave23",
      "startTime" : 1404921742891,
      "finishTime" : 1404921758388,
      "attemptID" : "attempt_201407031554_1581_m_000032_0",
      "shuffleFinished" : -1,
      "sortFinished" : -1,
      "hdfsBytesRead" : 122416036,
      "hdfsBytesWritten" : -1,
      "fileBytesRead" : 20006922,
      "fileBytesWritten" : 27982392,
      "mapInputRecords" : 2976,
      "mapOutputBytes" : 169039759,
      "mapOutputRecords" : 11198674,
      "combineInputRecords" : 11568443,
      "reduceInputGroups" : -1,
      "reduceInputRecords" : -1,
      "reduceShuffleBytes" : -1,
      "reduceOutputRecords" : -1,
      "spilledRecords" : 917824,
      "mapInputBytes" : -1,
      "resourceUsageMetrics" : {
        "cumulativeCpuUsage" : 25220,
        "virtualMemoryUsage" : 396529664,
        "physicalMemoryUsage" : 196161536,
        "heapUsage" : 176947200
      }
    } ],
    "finishTime" : 1404921755946,
    "preferredLocations" : [ {
      "layers" : [ "default-rack", "Slave22" ]
    }, {
      "layers" : [ "default-rack", "Slave21" ]
    }, {
      "layers" : [ "default-rack", "Slave23" ]
    } ],
    "taskType" : "MAP",
    "taskStatus" : "SUCCESS",
    "taskID" : "task_201407031554_1581_m_000032",
    "inputBytes" : 122416036,
    "inputRecords" : 2976,
    "outputBytes" : 27982392,
    "outputRecords" : 11198674
  }, {
    "startTime" : 1404921740802,
    "attempts" : [ {
      "result" : "SUCCESS",
      "location" : {
        "layers" : [ "default-rack", "Slave22" ]
      },
      "hostName" : "/default-rack/Slave22",
      "startTime" : 1404921728183,
      "finishTime" : 1404921743660,
      "attemptID" : "attempt_201407031554_1581_m_000034_0",
      "shuffleFinished" : -1,
      "sortFinished" : -1,
      "hdfsBytesRead" : 122415474,
      "hdfsBytesWritten" : -1,
      "fileBytesRead" : 20003943,
      "fileBytesWritten" : 27977386,
      "mapInputRecords" : 2929,
      "mapOutputBytes" : 169050242,
      "mapOutputRecords" : 11199882,
      "combineInputRecords" : 11569780,
      "reduceInputGroups" : -1,
      "reduceInputRecords" : -1,
      "reduceShuffleBytes" : -1,
      "reduceOutputRecords" : -1,
      "spilledRecords" : 917778,
      "mapInputBytes" : -1,
      "resourceUsageMetrics" : {
        "cumulativeCpuUsage" : 24950,
        "virtualMemoryUsage" : 399962112,
        "physicalMemoryUsage" : 196182016,
        "heapUsage" : 176947200
      }
    } ],
    "finishTime" : 1404921756472,
    "preferredLocations" : [ {
      "layers" : [ "default-rack", "Master2" ]
    }, {
      "layers" : [ "default-rack", "Slave22" ]
    }, {
      "layers" : [ "default-rack", "Slave21" ]
    } ],
    "taskType" : "MAP",
    "taskStatus" : "SUCCESS",
    "taskID" : "task_201407031554_1581_m_000034",
    "inputBytes" : 122415474,
    "inputRecords" : 2929,
    "outputBytes" : 27977386,
    "outputRecords" : 11199882
  }, {
    "startTime" : 1404921742319,
    "attempts" : [ {
      "result" : "SUCCESS",
      "location" : {
        "layers" : [ "default-rack", "Master2" ]
      },
      "hostName" : "/default-rack/Master2",
      "startTime" : 1404921742320,
      "finishTime" : 1404921757247,
      "attemptID" : "attempt_201407031554_1581_m_000035_0",
      "shuffleFinished" : -1,
      "sortFinished" : -1,
      "hdfsBytesRead" : 122413800,
      "hdfsBytesWritten" : -1,
      "fileBytesRead" : 20267379,
      "fileBytesWritten" : 28377273,
      "mapInputRecords" : 2943,
      "mapOutputBytes" : 169158214,
      "mapOutputRecords" : 11196569,
      "combineInputRecords" : 11566117,
      "reduceInputGroups" : -1,
      "reduceInputRecords" : -1,
      "reduceShuffleBytes" : -1,
      "reduceOutputRecords" : -1,
      "spilledRecords" : 916985,
      "mapInputBytes" : -1,
      "resourceUsageMetrics" : {
        "cumulativeCpuUsage" : 24970,
        "virtualMemoryUsage" : 400068608,
        "physicalMemoryUsage" : 198606848,
        "heapUsage" : 176947200
      }
    } ],
    "finishTime" : 1404921757344,
    "preferredLocations" : [ {
      "layers" : [ "default-rack", "Master2" ]
    }, {
      "layers" : [ "default-rack", "Slave23" ]
    }, {
      "layers" : [ "default-rack", "Slave21" ]
    } ],
    "taskType" : "MAP",
    "taskStatus" : "SUCCESS",
    "taskID" : "task_201407031554_1581_m_000035",
    "inputBytes" : 122413800,
    "inputRecords" : 2943,
    "outputBytes" : 28377273,
    "outputRecords" : 11196569
  }, {
    "startTime" : 1404921742422,
    "attempts" : [ {
      "result" : "SUCCESS",
      "location" : {
        "layers" : [ "default-rack", "Slave21" ]
      },
      "hostName" : "/default-rack/Slave21",
      "startTime" : 1404921734683,
      "finishTime" : 1404921749238,
      "attemptID" : "attempt_201407031554_1581_m_000036_0",
      "shuffleFinished" : -1,
      "sortFinished" : -1,
      "hdfsBytesRead" : 122413797,
      "hdfsBytesWritten" : -1,
      "fileBytesRead" : 17482197,
      "fileBytesWritten" : 23859716,
      "mapInputRecords" : 104430,
      "mapOutputBytes" : 169058697,
      "mapOutputRecords" : 11302327,
      "combineInputRecords" : 11672151,
      "reduceInputGroups" : -1,
      "reduceInputRecords" : -1,
      "reduceShuffleBytes" : -1,
      "reduceOutputRecords" : -1,
      "spilledRecords" : 918127,
      "mapInputBytes" : -1,
      "resourceUsageMetrics" : {
        "cumulativeCpuUsage" : 23050,
        "virtualMemoryUsage" : 399147008,
        "physicalMemoryUsage" : 203845632,
        "heapUsage" : 152829952
      }
    }, {
      "result" : "KILLED",
      "location" : null,
      "hostName" : null,
      "startTime" : 1404921754940,
      "finishTime" : 1404921758682,
      "attemptID" : "attempt_201407031554_1581_m_000036_1",
      "shuffleFinished" : -1,
      "sortFinished" : -1,
      "hdfsBytesRead" : -1,
      "hdfsBytesWritten" : -1,
      "fileBytesRead" : -1,
      "fileBytesWritten" : -1,
      "mapInputRecords" : -1,
      "mapOutputBytes" : -1,
      "mapOutputRecords" : -1,
      "combineInputRecords" : -1,
      "reduceInputGroups" : -1,
      "reduceInputRecords" : -1,
      "reduceShuffleBytes" : -1,
      "reduceOutputRecords" : -1,
      "spilledRecords" : -1,
      "mapInputBytes" : -1,
      "resourceUsageMetrics" : {
        "cumulativeCpuUsage" : 0,
        "virtualMemoryUsage" : 0,
        "physicalMemoryUsage" : 0,
        "heapUsage" : 0
      }
    } ],
    "finishTime" : 1404921757178,
    "preferredLocations" : [ {
      "layers" : [ "default-rack", "Master2" ]
    }, {
      "layers" : [ "default-rack", "Slave21" ]
    }, {
      "layers" : [ "default-rack", "Slave23" ]
    } ],
    "taskType" : "MAP",
    "taskStatus" : "SUCCESS",
    "taskID" : "task_201407031554_1581_m_000036",
    "inputBytes" : 122413797,
    "inputRecords" : 104430,
    "outputBytes" : 23859716,
    "outputRecords" : 11302327
  }, {
    "startTime" : 1404921743026,
    "attempts" : [ {
      "result" : "SUCCESS",
      "location" : {
        "layers" : [ "default-rack", "Slave21" ]
      },
      "hostName" : "/default-rack/Slave21",
      "startTime" : 1404921735287,
      "finishTime" : 1404921750199,
      "attemptID" : "attempt_201407031554_1581_m_000037_0",
      "shuffleFinished" : -1,
      "sortFinished" : -1,
      "hdfsBytesRead" : 122412722,
      "hdfsBytesWritten" : -1,
      "fileBytesRead" : 17555877,
      "fileBytesWritten" : 24000278,
      "mapInputRecords" : 2912,
      "mapOutputBytes" : 168975477,
      "mapOutputRecords" : 11234050,
      "combineInputRecords" : 11604104,
      "reduceInputGroups" : -1,
      "reduceInputRecords" : -1,
      "reduceShuffleBytes" : -1,
      "reduceOutputRecords" : -1,
      "spilledRecords" : 918445,
      "mapInputBytes" : -1,
      "resourceUsageMetrics" : {
        "cumulativeCpuUsage" : 25050,
        "virtualMemoryUsage" : 396787712,
        "physicalMemoryUsage" : 193753088,
        "heapUsage" : 176947200
      }
    }, {
      "result" : "KILLED",
      "location" : null,
      "hostName" : null,
      "startTime" : 1404921758533,
      "finishTime" : 1404921762481,
      "attemptID" : "attempt_201407031554_1581_m_000037_1",
      "shuffleFinished" : -1,
      "sortFinished" : -1,
      "hdfsBytesRead" : -1,
      "hdfsBytesWritten" : -1,
      "fileBytesRead" : -1,
      "fileBytesWritten" : -1,
      "mapInputRecords" : -1,
      "mapOutputBytes" : -1,
      "mapOutputRecords" : -1,
      "combineInputRecords" : -1,
      "reduceInputGroups" : -1,
      "reduceInputRecords" : -1,
      "reduceShuffleBytes" : -1,
      "reduceOutputRecords" : -1,
      "spilledRecords" : -1,
      "mapInputBytes" : -1,
      "resourceUsageMetrics" : {
        "cumulativeCpuUsage" : 0,
        "virtualMemoryUsage" : 0,
        "physicalMemoryUsage" : 0,
        "heapUsage" : 0
      }
    } ],
    "finishTime" : 1404921758082,
    "preferredLocations" : [ {
      "layers" : [ "default-rack", "Master2" ]
    }, {
      "layers" : [ "default-rack", "Slave23" ]
    }, {
      "layers" : [ "default-rack", "Slave21" ]
    } ],
    "taskType" : "MAP",
    "taskStatus" : "SUCCESS",
    "taskID" : "task_201407031554_1581_m_000037",
    "inputBytes" : 122412722,
    "inputRecords" : 2912,
    "outputBytes" : 24000278,
    "outputRecords" : 11234050
  }, {
    "startTime" : 1404921743208,
    "attempts" : [ {
      "result" : "SUCCESS",
      "location" : {
        "layers" : [ "default-rack", "Slave22" ]
      },
      "hostName" : "/default-rack/Slave22",
      "startTime" : 1404921730589,
      "finishTime" : 1404921745622,
      "attemptID" : "attempt_201407031554_1581_m_000039_0",
      "shuffleFinished" : -1,
      "sortFinished" : -1,
      "hdfsBytesRead" : 122412414,
      "hdfsBytesWritten" : -1,
      "fileBytesRead" : 19680936,
      "fileBytesWritten" : 27420836,
      "mapInputRecords" : 2965,
      "mapOutputBytes" : 168788255,
      "mapOutputRecords" : 11195911,
      "combineInputRecords" : 11565772,
      "reduceInputGroups" : -1,
      "reduceInputRecords" : -1,
      "reduceShuffleBytes" : -1,
      "reduceOutputRecords" : -1,
      "spilledRecords" : 917587,
      "mapInputBytes" : -1,
      "resourceUsageMetrics" : {
        "cumulativeCpuUsage" : 24880,
        "virtualMemoryUsage" : 398090240,
        "physicalMemoryUsage" : 172691456,
        "heapUsage" : 130809856
      }
    } ],
    "finishTime" : 1404921758277,
    "preferredLocations" : [ {
      "layers" : [ "default-rack", "Master2" ]
    }, {
      "layers" : [ "default-rack", "Slave22" ]
    }, {
      "layers" : [ "default-rack", "Slave21" ]
    } ],
    "taskType" : "MAP",
    "taskStatus" : "SUCCESS",
    "taskID" : "task_201407031554_1581_m_000039",
    "inputBytes" : 122412414,
    "inputRecords" : 2965,
    "outputBytes" : 27420836,
    "outputRecords" : 11195911
  }, {
    "startTime" : 1404921744215,
    "attempts" : [ {
      "result" : "SUCCESS",
      "location" : {
        "layers" : [ "default-rack", "Slave23" ]
      },
      "hostName" : "/default-rack/Slave23",
      "startTime" : 1404921746803,
      "finishTime" : 1404921759539,
      "attemptID" : "attempt_201407031554_1581_m_000038_0",
      "shuffleFinished" : -1,
      "sortFinished" : -1,
      "hdfsBytesRead" : 122412684,
      "hdfsBytesWritten" : -1,
      "fileBytesRead" : 16975643,
      "fileBytesWritten" : 23276515,
      "mapInputRecords" : 2988,
      "mapOutputBytes" : 169164825,
      "mapOutputRecords" : 11247642,
      "combineInputRecords" : 11616965,
      "reduceInputGroups" : -1,
      "reduceInputRecords" : -1,
      "reduceShuffleBytes" : -1,
      "reduceOutputRecords" : -1,
      "spilledRecords" : 916412,
      "mapInputBytes" : -1,
      "resourceUsageMetrics" : {
        "cumulativeCpuUsage" : 18700,
        "virtualMemoryUsage" : 398028800,
        "physicalMemoryUsage" : 215588864,
        "heapUsage" : 163840000
      }
    }, {
      "result" : "KILLED",
      "location" : null,
      "hostName" : null,
      "startTime" : 1404921743852,
      "finishTime" : 1404921747188,
      "attemptID" : "attempt_201407031554_1581_m_000038_1",
      "shuffleFinished" : -1,
      "sortFinished" : -1,
      "hdfsBytesRead" : -1,
      "hdfsBytesWritten" : -1,
      "fileBytesRead" : -1,
      "fileBytesWritten" : -1,
      "mapInputRecords" : -1,
      "mapOutputBytes" : -1,
      "mapOutputRecords" : -1,
      "combineInputRecords" : -1,
      "reduceInputGroups" : -1,
      "reduceInputRecords" : -1,
      "reduceShuffleBytes" : -1,
      "reduceOutputRecords" : -1,
      "spilledRecords" : -1,
      "mapInputBytes" : -1,
      "resourceUsageMetrics" : {
        "cumulativeCpuUsage" : 0,
        "virtualMemoryUsage" : 0,
        "physicalMemoryUsage" : 0,
        "heapUsage" : 0
      }
    } ],
    "finishTime" : 1404921757150,
    "preferredLocations" : [ {
      "layers" : [ "default-rack", "Master2" ]
    }, {
      "layers" : [ "default-rack", "Slave23" ]
    }, {
      "layers" : [ "default-rack", "Slave21" ]
    } ],
    "taskType" : "MAP",
    "taskStatus" : "SUCCESS",
    "taskID" : "task_201407031554_1581_m_000038",
    "inputBytes" : 122412684,
    "inputRecords" : 2988,
    "outputBytes" : 23276515,
    "outputRecords" : 11247642
  } ],
  "finishTime" : 1404921769252,
  "reduceTasks" : [ {
    "startTime" : 1404921701195,
    "attempts" : [ {
      "result" : "SUCCESS",
      "location" : {
        "layers" : [ "default-rack", "Slave23" ]
      },
      "hostName" : "/default-rack/Slave23",
      "startTime" : 1404921703782,
      "finishTime" : 1404921769828,
      "attemptID" : "attempt_201407031554_1581_r_000000_0",
      "shuffleFinished" : 1404921765702,
      "sortFinished" : 1404921765969,
      "hdfsBytesRead" : -1,
      "hdfsBytesWritten" : 4473982,
      "fileBytesRead" : -1,
      "fileBytesWritten" : 58926,
      "mapInputRecords" : -1,
      "mapOutputBytes" : -1,
      "mapOutputRecords" : -1,
      "combineInputRecords" : 0,
      "reduceInputGroups" : 767326,
      "reduceInputRecords" : 1502086,
      "reduceShuffleBytes" : 45442980,
      "reduceOutputRecords" : 767326,
      "spilledRecords" : 0,
      "mapInputBytes" : -1,
      "resourceUsageMetrics" : {
        "cumulativeCpuUsage" : 5570,
        "virtualMemoryUsage" : 509341696,
        "physicalMemoryUsage" : 178610176,
        "heapUsage" : 170655744
      }
    } ],
    "finishTime" : 1404921767402,
    "preferredLocations" : [ ],
    "taskType" : "REDUCE",
    "taskStatus" : "SUCCESS",
    "taskID" : "task_201407031554_1581_r_000000",
    "inputBytes" : 45442980,
    "inputRecords" : 1502086,
    "outputBytes" : 4473982,
    "outputRecords" : 767326
  }, {
    "startTime" : 1404921701390,
    "attempts" : [ {
      "result" : "SUCCESS",
      "location" : {
        "layers" : [ "default-rack", "Slave22" ]
      },
      "hostName" : "/default-rack/Slave22",
      "startTime" : 1404921688772,
      "finishTime" : 1404921754601,
      "attemptID" : "attempt_201407031554_1581_r_000001_0",
      "shuffleFinished" : 1404921750476,
      "sortFinished" : 1404921750716,
      "hdfsBytesRead" : -1,
      "hdfsBytesWritten" : 4475527,
      "fileBytesRead" : -1,
      "fileBytesWritten" : 58926,
      "mapInputRecords" : -1,
      "mapOutputBytes" : -1,
      "mapOutputRecords" : -1,
      "combineInputRecords" : 0,
      "reduceInputGroups" : 767780,
      "reduceInputRecords" : 1505482,
      "reduceShuffleBytes" : 45511396,
      "reduceOutputRecords" : 767780,
      "spilledRecords" : 0,
      "mapInputBytes" : -1,
      "resourceUsageMetrics" : {
        "cumulativeCpuUsage" : 6000,
        "virtualMemoryUsage" : 509583360,
        "physicalMemoryUsage" : 201949184,
        "heapUsage" : 120324096
      }
    } ],
    "finishTime" : 1404921767322,
    "preferredLocations" : [ ],
    "taskType" : "REDUCE",
    "taskStatus" : "SUCCESS",
    "taskID" : "task_201407031554_1581_r_000001",
    "inputBytes" : 45511396,
    "inputRecords" : 1505482,
    "outputBytes" : 4475527,
    "outputRecords" : 767780
  }, {
    "startTime" : 1404921701438,
    "attempts" : [ {
      "result" : "SUCCESS",
      "location" : {
        "layers" : [ "default-rack", "Master2" ]
      },
      "hostName" : "/default-rack/Master2",
      "startTime" : 1404921701441,
      "finishTime" : 1404921768414,
      "attemptID" : "attempt_201407031554_1581_r_000002_0",
      "shuffleFinished" : 1404921764321,
      "sortFinished" : 1404921764553,
      "hdfsBytesRead" : -1,
      "hdfsBytesWritten" : 4487636,
      "fileBytesRead" : -1,
      "fileBytesWritten" : 58926,
      "mapInputRecords" : -1,
      "mapOutputBytes" : -1,
      "mapOutputRecords" : -1,
      "combineInputRecords" : 0,
      "reduceInputGroups" : 769451,
      "reduceInputRecords" : 1505049,
      "reduceShuffleBytes" : 45533960,
      "reduceOutputRecords" : 769451,
      "spilledRecords" : 0,
      "mapInputBytes" : -1,
      "resourceUsageMetrics" : {
        "cumulativeCpuUsage" : 5800,
        "virtualMemoryUsage" : 509440000,
        "physicalMemoryUsage" : 180342784,
        "heapUsage" : 167247872
      }
    } ],
    "finishTime" : 1404921768494,
    "preferredLocations" : [ ],
    "taskType" : "REDUCE",
    "taskStatus" : "SUCCESS",
    "taskID" : "task_201407031554_1581_r_000002",
    "inputBytes" : 45533960,
    "inputRecords" : 1505049,
    "outputBytes" : 4487636,
    "outputRecords" : 769451
  }, {
    "startTime" : 1404921701461,
    "attempts" : [ {
      "result" : "SUCCESS",
      "location" : {
        "layers" : [ "default-rack", "Slave21" ]
      },
      "hostName" : "/default-rack/Slave21",
      "startTime" : 1404921693722,
      "finishTime" : 1404921760709,
      "attemptID" : "attempt_201407031554_1581_r_000003_0",
      "shuffleFinished" : 1404921756620,
      "sortFinished" : 1404921756870,
      "hdfsBytesRead" : -1,
      "hdfsBytesWritten" : 4476342,
      "fileBytesRead" : -1,
      "fileBytesWritten" : 58926,
      "mapInputRecords" : -1,
      "mapOutputBytes" : -1,
      "mapOutputRecords" : -1,
      "combineInputRecords" : 0,
      "reduceInputGroups" : 767563,
      "reduceInputRecords" : 1504822,
      "reduceShuffleBytes" : 45513152,
      "reduceOutputRecords" : 767563,
      "spilledRecords" : 0,
      "mapInputBytes" : -1,
      "resourceUsageMetrics" : {
        "cumulativeCpuUsage" : 5850,
        "virtualMemoryUsage" : 509890560,
        "physicalMemoryUsage" : 165462016,
        "heapUsage" : 138412032
      }
    } ],
    "finishTime" : 1404921768644,
    "preferredLocations" : [ ],
    "taskType" : "REDUCE",
    "taskStatus" : "SUCCESS",
    "taskID" : "task_201407031554_1581_r_000003",
    "inputBytes" : 45513152,
    "inputRecords" : 1504822,
    "outputBytes" : 4476342,
    "outputRecords" : 767563
  }, {
    "startTime" : 1404921701496,
    "attempts" : [ {
      "result" : "SUCCESS",
      "location" : {
        "layers" : [ "default-rack", "Slave23" ]
      },
      "hostName" : "/default-rack/Slave23",
      "startTime" : 1404921704096,
      "finishTime" : 1404921770253,
      "attemptID" : "attempt_201407031554_1581_r_000004_0",
      "shuffleFinished" : 1404921766136,
      "sortFinished" : 1404921766425,
      "hdfsBytesRead" : -1,
      "hdfsBytesWritten" : 4481181,
      "fileBytesRead" : -1,
      "fileBytesWritten" : 58926,
      "mapInputRecords" : -1,
      "mapOutputBytes" : -1,
      "mapOutputRecords" : -1,
      "combineInputRecords" : 0,
      "reduceInputGroups" : 768346,
      "reduceInputRecords" : 1506326,
      "reduceShuffleBytes" : 45570010,
      "reduceOutputRecords" : 768346,
      "spilledRecords" : 0,
      "mapInputBytes" : -1,
      "resourceUsageMetrics" : {
        "cumulativeCpuUsage" : 6200,
        "virtualMemoryUsage" : 509386752,
        "physicalMemoryUsage" : 141918208,
        "heapUsage" : 125304832
      }
    } ],
    "finishTime" : 1404921767705,
    "preferredLocations" : [ ],
    "taskType" : "REDUCE",
    "taskStatus" : "SUCCESS",
    "taskID" : "task_201407031554_1581_r_000004",
    "inputBytes" : 45570010,
    "inputRecords" : 1506326,
    "outputBytes" : 4481181,
    "outputRecords" : 768346
  }, {
    "startTime" : 1404921701693,
    "attempts" : [ {
      "result" : "SUCCESS",
      "location" : {
        "layers" : [ "default-rack", "Slave22" ]
      },
      "hostName" : "/default-rack/Slave22",
      "startTime" : 1404921689074,
      "finishTime" : 1404921755179,
      "attemptID" : "attempt_201407031554_1581_r_000005_0",
      "shuffleFinished" : 1404921751043,
      "sortFinished" : 1404921751305,
      "hdfsBytesRead" : -1,
      "hdfsBytesWritten" : 4484667,
      "fileBytesRead" : -1,
      "fileBytesWritten" : 58926,
      "mapInputRecords" : -1,
      "mapOutputBytes" : -1,
      "mapOutputRecords" : -1,
      "combineInputRecords" : 0,
      "reduceInputGroups" : 768220,
      "reduceInputRecords" : 1506632,
      "reduceShuffleBytes" : 45579968,
      "reduceOutputRecords" : 768220,
      "spilledRecords" : 0,
      "mapInputBytes" : -1,
      "resourceUsageMetrics" : {
        "cumulativeCpuUsage" : 5770,
        "virtualMemoryUsage" : 509124608,
        "physicalMemoryUsage" : 141492224,
        "heapUsage" : 126353408
      }
    } ],
    "finishTime" : 1404921767927,
    "preferredLocations" : [ ],
    "taskType" : "REDUCE",
    "taskStatus" : "SUCCESS",
    "taskID" : "task_201407031554_1581_r_000005",
    "inputBytes" : 45579968,
    "inputRecords" : 1506632,
    "outputBytes" : 4484667,
    "outputRecords" : 768220
  }, {
    "startTime" : 1404921701740,
    "attempts" : [ {
      "result" : "SUCCESS",
      "location" : {
        "layers" : [ "default-rack", "Master2" ]
      },
      "hostName" : "/default-rack/Master2",
      "startTime" : 1404921701741,
      "finishTime" : 1404921767917,
      "attemptID" : "attempt_201407031554_1581_r_000006_0",
      "shuffleFinished" : 1404921763748,
      "sortFinished" : 1404921764016,
      "hdfsBytesRead" : -1,
      "hdfsBytesWritten" : 4486435,
      "fileBytesRead" : -1,
      "fileBytesWritten" : 58926,
      "mapInputRecords" : -1,
      "mapOutputBytes" : -1,
      "mapOutputRecords" : -1,
      "combineInputRecords" : 0,
      "reduceInputGroups" : 768694,
      "reduceInputRecords" : 1504576,
      "reduceShuffleBytes" : 45529139,
      "reduceOutputRecords" : 768694,
      "spilledRecords" : 0,
      "mapInputBytes" : -1,
      "resourceUsageMetrics" : {
        "cumulativeCpuUsage" : 5990,
        "virtualMemoryUsage" : 513306624,
        "physicalMemoryUsage" : 145186816,
        "heapUsage" : 123731968
      }
    } ],
    "finishTime" : 1404921768191,
    "preferredLocations" : [ ],
    "taskType" : "REDUCE",
    "taskStatus" : "SUCCESS",
    "taskID" : "task_201407031554_1581_r_000006",
    "inputBytes" : 45529139,
    "inputRecords" : 1504576,
    "outputBytes" : 4486435,
    "outputRecords" : 768694
  } ],
  "submitTime" : 1404921683320,
  "queue" : "default",
  "jobProperties" : {
    "fs.s3n.impl" : "org.apache.hadoop.fs.s3native.NativeS3FileSystem",
    "mapred.task.cache.levels" : "2",
    "mapreduce.job.restart.recover" : "true",
    "mapreduce.job.counters.max" : "120",
    "dfs.client.use.datanode.hostname" : "false",
    "hadoop.tmp.dir" : "/tmp/hadoop-${user.name}",
    "hadoop.native.lib" : "true",
    "map.sort.class" : "org.apache.hadoop.util.QuickSort",
    "dfs.namenode.decommission.nodes.per.interval" : "5",
    "dfs.https.need.client.auth" : "false",
    "dfs.datanode.drop.cache.behind.writes" : "false",
    "ipc.client.idlethreshold" : "4000",
    "mapred.system.dir" : "${hadoop.tmp.dir}/mapred/system",
    "dfs.datanode.data.dir.perm" : "755",
    "mapred.job.tracker.persist.jobstatus.hours" : "0",
    "dfs.namenode.logging.level" : "info",
    "dfs.datanode.address" : "0.0.0.0:50010",
    "io.skip.checksum.errors" : "false",
    "dfs.block.access.token.enable" : "false",
    "fs.default.name" : "hdfs://Master2:9000",
    "mapred.cluster.reduce.memory.mb" : "-1",
    "mapred.reducer.new-api" : "true",
    "mapred.child.tmp" : "./tmp",
    "fs.har.impl.disable.cache" : "true",
    "dfs.safemode.threshold.pct" : "0.999f",
    "mapred.skip.reduce.max.skip.groups" : "0",
    "mapred.heartbeats.in.second" : "100",
    "dfs.namenode.handler.count" : "10",
    "dfs.blockreport.initialDelay" : "0",
    "mapred.tasktracker.dns.nameserver" : "default",
    "io.sort.factor" : "10",
    "dfs.datanode.drop.cache.behind.reads" : "false",
    "mapred.task.timeout" : "600000",
    "mapred.max.tracker.failures" : "4",
    "hadoop.rpc.socket.factory.class.default" : "org.apache.hadoop.net.StandardSocketFactory",
    "mapred.job.tracker.jobhistory.lru.cache.size" : "5",
    "fs.hdfs.impl" : "org.apache.hadoop.hdfs.DistributedFileSystem",
    "mapred.queue.default.acl-administer-jobs" : "*",
    "dfs.namenode.stale.datanode.interval" : "30000",
    "mapred.output.key.class" : "org.apache.hadoop.io.Text",
    "dfs.block.access.key.update.interval" : "600",
    "mapred.skip.map.auto.incr.proc.count" : "true",
    "mapreduce.job.complete.cancel.delegation.tokens" : "true",
    "io.mapfile.bloom.size" : "1048576",
    "mapreduce.reduce.shuffle.connect.timeout" : "180000",
    "dfs.safemode.extension" : "30000",
    "mapred.jobtracker.blacklist.fault-timeout-window" : "180",
    "dfs.namenode.write.stale.datanode.ratio" : "0.5f",
    "hadoop.skip.worker.version.check" : "false",
    "tasktracker.http.threads" : "40",
    "net.topology.impl" : "org.apache.hadoop.net.NetworkTopology",
    "mapred.job.shuffle.merge.percent" : "0.8",
    "fs.ftp.impl" : "org.apache.hadoop.fs.ftp.FTPFileSystem",
    "user.name" : "itri-hadoop",
    "dfs.namenode.kerberos.internal.spnego.principal" : "${dfs.web.authentication.kerberos.principal}",
    "mapred.output.compress" : "true",
    "io.bytes.per.checksum" : "512",
    "mapred.combine.recordsBeforeProgress" : "10000",
    "mapred.healthChecker.script.timeout" : "600000",
    "topology.node.switch.mapping.impl" : "org.apache.hadoop.net.ScriptBasedMapping",
    "dfs.https.server.keystore.resource" : "ssl-server.xml",
    "mapred.reduce.slowstart.completed.maps" : "0.07",
    "mapred.reduce.max.attempts" : "4",
    "dfs.namenode.safemode.min.datanodes" : "0",
    "mapreduce.ifile.readahead.bytes" : "4194304",
    "fs.ramfs.impl" : "org.apache.hadoop.fs.InMemoryFileSystem",
    "dfs.block.access.token.lifetime" : "600",
    "mapred.skip.map.max.skip.records" : "0",
    "dfs.name.edits.dir" : "${dfs.name.dir}",
    "mapred.cluster.map.memory.mb" : "-1",
    "hadoop.security.group.mapping" : "org.apache.hadoop.security.ShellBasedUnixGroupsMapping",
    "mapred.job.tracker.persist.jobstatus.dir" : "/jobtracker/jobsInfo",
    "mapred.jar" : "hdfs://Master2:9000/tmp/hadoop-itri-hadoop/mapred/staging/itri-hadoop/.staging/job_201407031554_1581/job.jar",
    "fs.s3.buffer.dir" : "${hadoop.tmp.dir}/s3",
    "dfs.block.size" : "67108864",
    "job.end.retry.attempts" : "0",
    "fs.file.impl" : "org.apache.hadoop.fs.LocalFileSystem",
    "dfs.namenode.avoid.write.stale.datanode" : "false",
    "dfs.datanode.max.xcievers" : "4096",
    "mapred.local.dir.minspacestart" : "0",
    "mapred.output.compression.type" : "RECORD",
    "dfs.datanode.ipc.address" : "0.0.0.0:50020",
    "dfs.permissions" : "true",
    "topology.script.number.args" : "100",
    "mapreduce.job.counters.groups.max" : "50",
    "io.mapfile.bloom.error.rate" : "0.005",
    "mapred.cluster.max.reduce.memory.mb" : "-1",
    "mapred.max.tracker.blacklists" : "4",
    "mapred.task.profile.maps" : "0-2",
    "mapred.jobtracker.jobSchedulable" : "org.apache.hadoop.mapred.JobSchedulable",
    "dfs.datanode.https.address" : "0.0.0.0:50475",
    "mapred.userlog.retain.hours" : "24",
    "dfs.secondary.http.address" : "0.0.0.0:50090",
    "dfs.namenode.replication.work.multiplier.per.iteration" : "2",
    "dfs.replication.max" : "512",
    "mapred.job.tracker.persist.jobstatus.active" : "false",
    "hadoop.security.authorization" : "false",
    "local.cache.size" : "10737418240",
    "mapred.min.split.size" : "134217728",
    "dfs.namenode.delegation.token.renew-interval" : "86400000",
    "mapred.map.tasks" : "40",
    "mapred.child.java.opts" : "-Xmx200m",
    "mapred.output.value.class" : "org.apache.hadoop.io.IntWritable",
    "dfs.https.client.keystore.resource" : "ssl-client.xml",
    "ipc.client.fallback-to-simple-auth-allowed" : "false",
    "mapred.job.queue.name" : "default",
    "mapred.job.tracker.retiredjobs.cache.size" : "1000",
    "dfs.https.address" : "0.0.0.0:50470",
    "dfs.balance.bandwidthPerSec" : "1048576",
    "ipc.server.listen.queue.size" : "128",
    "dfs.namenode.invalidate.work.pct.per.iteration" : "0.32f",
    "mapred.inmem.merge.threshold" : "1000",
    "job.end.retry.interval" : "30000",
    "mapred.skip.attempts.to.start.skipping" : "2",
    "mapreduce.tasktracker.outofband.heartbeat.damper" : "1000000",
    "hadoop.security.use-weak-http-crypto" : "false",
    "fs.checkpoint.dir" : "${hadoop.tmp.dir}/dfs/namesecondary",
    "dfs.namenode.avoid.read.stale.datanode" : "false",
    "mapred.reduce.tasks" : "7",
    "mapred.merge.recordsBeforeProgress" : "10000",
    "mapred.userlog.limit.kb" : "0",
    "mapred.job.reduce.memory.mb" : "-1",
    "webinterface.private.actions" : "false",
    "dfs.max.objects" : "0",
    "hadoop.security.token.service.use_ip" : "true",
    "io.sort.spill.percent" : "0.6",
    "mapred.job.shuffle.input.buffer.percent" : "0.6",
    "mapred.map.tasks.speculative.execution" : "true",
    "hadoop.http.authentication.type" : "simple",
    "mapred.job.name" : "word count",
    "hadoop.util.hash.type" : "murmur",
    "dfs.datanode.dns.nameserver" : "default",
    "hadoop.security.instrumentation.requires.admin" : "false",
    "dfs.blockreport.intervalMsec" : "3600000",
    "dfs.datanode.readahead.bytes" : "4193404",
    "mapred.map.max.attempts" : "4",
    "mapreduce.job.acl-view-job" : " ",
    "mapreduce.ifile.readahead" : "true",
    "mapred.jobtracker.nodegroup.aware" : "false",
    "mapred.job.tracker.handler.count" : "10",
    "dfs.client.block.write.retries" : "3",
    "mapreduce.reduce.shuffle.read.timeout" : "180000",
    "mapred.tasktracker.expiry.interval" : "600000",
    "dfs.secondary.namenode.kerberos.internal.spnego.principal" : "${dfs.web.authentication.kerberos.principal}",
    "dfs.https.enable" : "false",
    "mapred.jobtracker.job.history.block.size" : "3145728",
    "mapred.jobtracker.maxtasks.per.job" : "-1",
    "keep.failed.task.files" : "false",
    "dfs.datanode.use.datanode.hostname" : "false",
    "dfs.datanode.failed.volumes.tolerated" : "0",
    "ipc.client.tcpnodelay" : "false",
    "mapred.task.profile.reduces" : "0-2",
    "io.map.index.skip" : "0",
    "mapred.output.compression.codec" : "org.apache.hadoop.io.compress.DefaultCodec",
    "hadoop.http.authentication.token.validity" : "36000",
    "ipc.server.tcpnodelay" : "false",
    "hadoop.jetty.logs.serve.aliases" : "true",
    "mapred.working.dir" : "hdfs://Master2:9000/user/itri-hadoop",
    "mapred.jobtracker.blacklist.fault-bucket-width" : "15",
    "dfs.namenode.delegation.key.update-interval" : "86400000",
    "mapred.used.genericoptionsparser" : "true",
    "mapred.job.map.memory.mb" : "-1",
    "mapred.mapper.new-api" : "true",
    "dfs.default.chunk.view.size" : "32768",
    "hadoop.logfile.size" : "10000000",
    "mapred.reduce.tasks.speculative.execution" : "true",
    "mapreduce.tasktracker.outofband.heartbeat" : "false",
    "mapreduce.job.dir" : "hdfs://Master2:9000/tmp/hadoop-itri-hadoop/mapred/staging/itri-hadoop/.staging/job_201407031554_1581",
    "mapreduce.reduce.input.limit" : "-1",
    "dfs.datanode.du.reserved" : "0",
    "dfs.datanode.sync.behind.writes" : "false",
    "hadoop.security.authentication" : "simple",
    "fs.checkpoint.period" : "3600",
    "mapred.job.reuse.jvm.num.tasks" : "4",
    "dfs.web.ugi" : "webuser,webgroup",
    "mapred.jobtracker.completeuserjobs.maximum" : "100",
    "dfs.df.interval" : "60000",
    "mapred.task.tracker.task-controller" : "org.apache.hadoop.mapred.DefaultTaskController",
    "dfs.data.dir" : "${hadoop.tmp.dir}/dfs/data",
    "fs.s3.maxRetries" : "4",
    "dfs.datanode.dns.interface" : "default",
    "mapred.cluster.max.map.memory.mb" : "-1",
    "mapreduce.reduce.shuffle.maxfetchfailures" : "10",
    "mapred.map.child.java.opts" : "-Xmx200M",
    "mapreduce.job.acl-modify-job" : " ",
    "fs.hftp.impl" : "org.apache.hadoop.hdfs.HftpFileSystem",
    "mapred.local.dir" : "${hadoop.tmp.dir}/mapred/local",
    "dfs.permissions.supergroup" : "supergroup",
    "fs.s3.sleepTimeSeconds" : "10",
    "fs.trash.interval" : "0",
    "mapred.submit.replication" : "10",
    "dfs.replication.min" : "1",
    "fs.har.impl" : "org.apache.hadoop.fs.HarFileSystem",
    "hadoop.relaxed.worker.version.check" : "false",
    "mapred.map.output.compression.codec" : "org.apache.hadoop.io.compress.DefaultCodec",
    "mapred.tasktracker.dns.interface" : "default",
    "dfs.http.address" : "0.0.0.0:50070",
    "dfs.namenode.decommission.interval" : "30",
    "mapred.job.tracker" : "Master2:9001",
    "dfs.heartbeat.interval" : "3",
    "hadoop.http.authentication.signature.secret.file" : "${user.home}/hadoop-http-auth-signature-secret",
    "io.seqfile.sorter.recordlimit" : "1000000",
    "mapreduce.job.submithost" : "Master2",
    "dfs.name.dir" : "${hadoop.tmp.dir}/dfs/name",
    "mapred.jobtracker.taskScheduler" : "org.apache.hadoop.mapred.JobQueueTaskScheduler",
    "mapred.line.input.format.linespermap" : "1",
    "dfs.datanode.http.address" : "0.0.0.0:50075",
    "fs.webhdfs.impl" : "org.apache.hadoop.hdfs.web.WebHdfsFileSystem",
    "mapred.local.dir.minspacekill" : "0",
    "dfs.image.transfer.bandwidthPerSec" : "0",
    "dfs.replication.interval" : "3",
    "io.sort.record.percent" : "0.08",
    "hadoop.http.authentication.kerberos.principal" : "HTTP/localhost@LOCALHOST",
    "mapreduce.reduce.class" : "org.apache.hadoop.examples.WordCount$IntSumReducer",
    "fs.kfs.impl" : "org.apache.hadoop.fs.kfs.KosmosFileSystem",
    "mapred.tasktracker.reduce.tasks.maximum" : "1",
    "mapred.temp.dir" : "${hadoop.tmp.dir}/mapred/temp",
    "dfs.replication" : "3",
    "fs.checkpoint.edits.dir" : "${fs.checkpoint.dir}",
    "mapreduce.jobhistory.max-age-ms" : "2592000000",
    "mapred.tasktracker.tasks.sleeptime-before-sigkill" : "5000",
    "mapred.job.reduce.input.buffer.percent" : "0.7",
    "mapred.tasktracker.indexcache.mb" : "10",
    "dfs.webhdfs.enabled" : "false",
    "mapreduce.job.split.metainfo.maxsize" : "10000000",
    "hadoop.logfile.count" : "10",
    "mapred.skip.reduce.auto.incr.proc.count" : "true",
    "mapreduce.job.submithostaddress" : "192.168.1.104",
    "io.seqfile.compress.blocksize" : "1000000",
    "fs.s3.block.size" : "67108864",
    "mapred.tasktracker.taskmemorymanager.monitoring-interval" : "5000",
    "hadoop.http.authentication.simple.anonymous.allowed" : "true",
    "mapreduce.jobtracker.staging.root.dir" : "${hadoop.tmp.dir}/mapred/staging",
    "mapred.acls.enabled" : "false",
    "mapred.queue.default.state" : "RUNNING",
    "mapred.queue.names" : "default",
    "fs.hsftp.impl" : "org.apache.hadoop.hdfs.HsftpFileSystem",
    "dfs.access.time.precision" : "3600000",
    "mapred.task.tracker.http.address" : "0.0.0.0:50060",
    "mapreduce.combine.class" : "org.apache.hadoop.examples.WordCount$IntSumReducer",
    "io.seqfile.lazydecompress" : "true",
    "mapred.reduce.parallel.copies" : "5",
    "mapred.disk.healthChecker.interval" : "60000",
    "mapred.output.dir" : "/word-out",
    "ipc.client.connection.maxidletime" : "10000",
    "io.sort.mb" : "100",
    "mapred.reduce.child.java.opts" : "-Xmx300M",
    "mapred.task.tracker.report.address" : "127.0.0.1:0",
    "hadoop.security.uid.cache.secs" : "14400",
    "mapred.compress.map.output" : "false",
    "ipc.client.kill.max" : "10",
    "mapred.healthChecker.interval" : "60000",
    "ipc.client.connect.max.retries" : "10",
    "mapreduce.map.class" : "org.apache.hadoop.examples.WordCount$TokenizerMapper",
    "fs.s3.impl" : "org.apache.hadoop.fs.s3.S3FileSystem",
    "mapred.user.jobconf.limit" : "5242880",
    "mapreduce.job.counters.group.name.max" : "128",
    "mapred.job.tracker.http.address" : "0.0.0.0:50030",
    "mapred.input.dir" : "hdfs://Master2:9000/word-in5G",
    "io.file.buffer.size" : "4096",
    "mapred.jobtracker.restart.recover" : "false",
    "io.serializations" : "org.apache.hadoop.io.serializer.WritableSerialization",
    "mapred.task.profile" : "false",
    "dfs.datanode.handler.count" : "3",
    "mapreduce.input.num.files" : "20",
    "mapreduce.jobhistory.cleaner.interval-ms" : "86400000",
    "dfs.replication.considerLoad" : "true",
    "jobclient.output.filter" : "FAILED",
    "dfs.namenode.edits.toleration.length" : "0",
    "hadoop.http.authentication.kerberos.keytab" : "${user.home}/hadoop.keytab",
    "dfs.namenode.delegation.token.max-lifetime" : "604800000",
    "mapred.tasktracker.map.tasks.maximum" : "3",
    "fs.checkpoint.size" : "67108864",
    "io.compression.codecs" : "org.apache.hadoop.io.compress.DefaultCodec,org.apache.hadoop.io.compress.GzipCodec,org.apache.hadoop.io.compress.BZip2Codec,org.apache.hadoop.io.compress.SnappyCodec",
    "mapreduce.job.counters.counter.name.max" : "64"
  },
  "computonsPerMapInputByte" : -1,
  "computonsPerMapOutputByte" : -1,
  "computonsPerReduceInputByte" : -1,
  "computonsPerReduceOutputByte" : -1,
  "heapMegabytes" : 200,
  "outcome" : "SUCCESS",
  "jobtype" : "JAVA",
  "directDependantJobs" : [ ],
  "successfulMapAttemptCDFs" : [ {
    "maximum" : 16914,
    "minimum" : 11266,
    "rankings" : [ {
      "datum" : 12067,
      "relativeRanking" : 0.05
    }, {
      "datum" : 12508,
      "relativeRanking" : 0.1
    }, {
      "datum" : 12684,
      "relativeRanking" : 0.15
    }, {
      "datum" : 12736,
      "relativeRanking" : 0.2
    }, {
      "datum" : 12994,
      "relativeRanking" : 0.25
    }, {
      "datum" : 13188,
      "relativeRanking" : 0.3
    }, {
      "datum" : 13541,
      "relativeRanking" : 0.35
    }, {
      "datum" : 13714,
      "relativeRanking" : 0.4
    }, {
      "datum" : 13952,
      "relativeRanking" : 0.45
    }, {
      "datum" : 14422,
      "relativeRanking" : 0.5
    }, {
      "datum" : 14555,
      "relativeRanking" : 0.55
    }, {
      "datum" : 14899,
      "relativeRanking" : 0.6
    }, {
      "datum" : 14927,
      "relativeRanking" : 0.65
    }, {
      "datum" : 15104,
      "relativeRanking" : 0.7
    }, {
      "datum" : 15249,
      "relativeRanking" : 0.75
    }, {
      "datum" : 15477,
      "relativeRanking" : 0.8
    }, {
      "datum" : 15538,
      "relativeRanking" : 0.85
    }, {
      "datum" : 16613,
      "relativeRanking" : 0.9
    }, {
      "datum" : 16680,
      "relativeRanking" : 0.95
    } ],
    "numberValues" : 40
  }, {
    "maximum" : 9223372036854775807,
    "minimum" : -9223372036854775808,
    "rankings" : [ ],
    "numberValues" : 0
  }, {
    "maximum" : 9223372036854775807,
    "minimum" : -9223372036854775808,
    "rankings" : [ ],
    "numberValues" : 0
  }, {
    "maximum" : 9223372036854775807,
    "minimum" : -9223372036854775808,
    "rankings" : [ ],
    "numberValues" : 0
  } ],
  "failedMapAttemptCDFs" : [ {
    "maximum" : 9223372036854775807,
    "minimum" : -9223372036854775808,
    "rankings" : [ ],
    "numberValues" : 0
  }, {
    "maximum" : 9223372036854775807,
    "minimum" : -9223372036854775808,
    "rankings" : [ ],
    "numberValues" : 0
  }, {
    "maximum" : 9223372036854775807,
    "minimum" : -9223372036854775808,
    "rankings" : [ ],
    "numberValues" : 0
  }, {
    "maximum" : 9223372036854775807,
    "minimum" : -9223372036854775808,
    "rankings" : [ ],
    "numberValues" : 0
  } ],
  "successfulReduceAttemptCDF" : {
    "maximum" : 66987,
    "minimum" : 65829,
    "rankings" : [ {
      "datum" : 65829,
      "relativeRanking" : 0.05
    }, {
      "datum" : 65829,
      "relativeRanking" : 0.1
    }, {
      "datum" : 65829,
      "relativeRanking" : 0.15
    }, {
      "datum" : 65829,
      "relativeRanking" : 0.2
    }, {
      "datum" : 65829,
      "relativeRanking" : 0.25
    }, {
      "datum" : 66046,
      "relativeRanking" : 0.3
    }, {
      "datum" : 66046,
      "relativeRanking" : 0.35
    }, {
      "datum" : 66046,
      "relativeRanking" : 0.4
    }, {
      "datum" : 66105,
      "relativeRanking" : 0.45
    }, {
      "datum" : 66105,
      "relativeRanking" : 0.5
    }, {
      "datum" : 66105,
      "relativeRanking" : 0.55
    }, {
      "datum" : 66157,
      "relativeRanking" : 0.6
    }, {
      "datum" : 66157,
      "relativeRanking" : 0.65
    }, {
      "datum" : 66157,
      "relativeRanking" : 0.7
    }, {
      "datum" : 66176,
      "relativeRanking" : 0.75
    }, {
      "datum" : 66176,
      "relativeRanking" : 0.8
    }, {
      "datum" : 66176,
      "relativeRanking" : 0.85
    }, {
      "datum" : 66973,
      "relativeRanking" : 0.9
    }, {
      "datum" : 66973,
      "relativeRanking" : 0.95
    } ],
    "numberValues" : 7
  },
  "failedReduceAttemptCDF" : {
    "maximum" : 9223372036854775807,
    "minimum" : -9223372036854775808,
    "rankings" : [ ],
    "numberValues" : 0
  },
  "mapperTriesToSucceed" : [ 1.0 ],
  "failedMapperFraction" : 0.0,
  "relativeTime" : 0,
  "clusterMapMB" : -1,
  "clusterReduceMB" : -1,
  "jobMapMB" : 200,
  "jobReduceMB" : 200,
  "launchTime" : 1404921683389,
  "totalMaps" : 40,
  "totalReduces" : 7,
  "otherTasks" : [ {
    "startTime" : 1404921683421,
    "attempts" : [ {
      "result" : "SUCCESS",
      "location" : {
        "layers" : [ "default-rack", "Slave23" ]
      },
      "hostName" : "/default-rack/Slave23",
      "startTime" : 1404921686076,
      "finishTime" : 1404921686684,
      "attemptID" : "attempt_201407031554_1581_m_000041_0",
      "shuffleFinished" : -1,
      "sortFinished" : -1,
      "hdfsBytesRead" : -1,
      "hdfsBytesWritten" : -1,
      "fileBytesRead" : -1,
      "fileBytesWritten" : 59018,
      "mapInputRecords" : -1,
      "mapOutputBytes" : -1,
      "mapOutputRecords" : -1,
      "combineInputRecords" : -1,
      "reduceInputGroups" : -1,
      "reduceInputRecords" : -1,
      "reduceShuffleBytes" : -1,
      "reduceOutputRecords" : -1,
      "spilledRecords" : 0,
      "mapInputBytes" : -1,
      "resourceUsageMetrics" : {
        "cumulativeCpuUsage" : 40,
        "virtualMemoryUsage" : 394817536,
        "physicalMemoryUsage" : 62623744,
        "heapUsage" : 64487424
      }
    } ],
    "finishTime" : 1404921684327,
    "preferredLocations" : [ ],
    "taskType" : "SETUP",
    "taskStatus" : "SUCCESS",
    "taskID" : "task_201407031554_1581_m_000041",
    "inputBytes" : -1,
    "inputRecords" : -1,
    "outputBytes" : -1,
    "outputRecords" : -1
  }, {
    "startTime" : 1404921768646,
    "attempts" : [ {
      "result" : "SUCCESS",
      "location" : {
        "layers" : [ "default-rack", "Slave21" ]
      },
      "hostName" : "/default-rack/Slave21",
      "startTime" : 1404921760908,
      "finishTime" : 1404921761327,
      "attemptID" : "attempt_201407031554_1581_m_000040_0",
      "shuffleFinished" : -1,
      "sortFinished" : -1,
      "hdfsBytesRead" : -1,
      "hdfsBytesWritten" : -1,
      "fileBytesRead" : -1,
      "fileBytesWritten" : 59018,
      "mapInputRecords" : -1,
      "mapOutputBytes" : -1,
      "mapOutputRecords" : -1,
      "combineInputRecords" : -1,
      "reduceInputGroups" : -1,
      "reduceInputRecords" : -1,
      "reduceShuffleBytes" : -1,
      "reduceOutputRecords" : -1,
      "spilledRecords" : 0,
      "mapInputBytes" : -1,
      "resourceUsageMetrics" : {
        "cumulativeCpuUsage" : 20,
        "virtualMemoryUsage" : 397783040,
        "physicalMemoryUsage" : 163332096,
        "heapUsage" : 115343360
      }
    } ],
    "finishTime" : 1404921769251,
    "preferredLocations" : [ ],
    "taskType" : "CLEANUP",
    "taskStatus" : "SUCCESS",
    "taskID" : "task_201407031554_1581_m_000040",
    "inputBytes" : -1,
    "inputRecords" : -1,
    "outputBytes" : -1,
    "outputRecords" : -1
  } ]
}