{
  "priority" : "NORMAL",
  "jobID" : "job_201407031554_1968",
  "user" : "itri-hadoop",
  "jobName" : "word count",
  "reduceTasks" : [ {
    "startTime" : 1405044456670,
    "taskType" : "REDUCE",
    "taskStatus" : "SUCCESS",
    "attempts" : [ {
      "location" : {
        "layers" : [ "default-rack", "Master2" ]
      },
      "hostName" : "/default-rack/Master2",
      "result" : "SUCCESS",
      "startTime" : 1405044456671,
      "attemptID" : "attempt_201407031554_1968_r_000000_0",
      "finishTime" : 1405044591688,
      "shuffleFinished" : 1405044584704,
      "sortFinished" : 1405044584968,
      "hdfsBytesRead" : -1,
      "hdfsBytesWritten" : 9757113,
      "fileBytesRead" : -1,
      "fileBytesWritten" : 58928,
      "mapInputRecords" : -1,
      "mapOutputBytes" : -1,
      "mapOutputRecords" : -1,
      "combineInputRecords" : 0,
      "reduceInputGroups" : 1637040,
      "reduceInputRecords" : 3286441,
      "reduceShuffleBytes" : 105459809,
      "reduceOutputRecords" : 1637040,
      "spilledRecords" : 0,
      "mapInputBytes" : -1,
      "resourceUsageMetrics" : {
        "cumulativeCpuUsage" : 10230,
        "virtualMemoryUsage" : 730300416,
        "physicalMemoryUsage" : 350523392,
        "heapUsage" : 251396096
      }
    } ],
    "finishTime" : 1405044591831,
    "preferredLocations" : [ ],
    "taskID" : "task_201407031554_1968_r_000000",
    "inputBytes" : 105459809,
    "inputRecords" : 3286441,
    "outputBytes" : 9757113,
    "outputRecords" : 1637040
  }, {
    "startTime" : 1405044456716,
    "taskType" : "REDUCE",
    "taskStatus" : "SUCCESS",
    "attempts" : [ {
      "location" : {
        "layers" : [ "default-rack", "Slave21" ]
      },
      "hostName" : "/default-rack/Slave21",
      "result" : "SUCCESS",
      "startTime" : 1405044447522,
      "attemptID" : "attempt_201407031554_1968_r_000001_0",
      "finishTime" : 1405044582917,
      "shuffleFinished" : 1405044575999,
      "sortFinished" : 1405044576317,
      "hdfsBytesRead" : -1,
      "hdfsBytesWritten" : 9758655,
      "fileBytesRead" : -1,
      "fileBytesWritten" : 58928,
      "mapInputRecords" : -1,
      "mapOutputBytes" : -1,
      "mapOutputRecords" : -1,
      "combineInputRecords" : 0,
      "reduceInputGroups" : 1635781,
      "reduceInputRecords" : 3280891,
      "reduceShuffleBytes" : 105332559,
      "reduceOutputRecords" : 1635781,
      "spilledRecords" : 0,
      "mapInputBytes" : -1,
      "resourceUsageMetrics" : {
        "cumulativeCpuUsage" : 10280,
        "virtualMemoryUsage" : 725114880,
        "physicalMemoryUsage" : 243761152,
        "heapUsage" : 244580352
      }
    }, {
      "location" : null,
      "hostName" : null,
      "result" : "KILLED",
      "startTime" : 1405044575127,
      "attemptID" : "attempt_201407031554_1968_r_000001_1",
      "finishTime" : 1405044579038,
      "shuffleFinished" : -1,
      "sortFinished" : -1,
      "hdfsBytesRead" : -1,
      "hdfsBytesWritten" : -1,
      "fileBytesRead" : -1,
      "fileBytesWritten" : -1,
      "mapInputRecords" : -1,
      "mapOutputBytes" : -1,
      "mapOutputRecords" : -1,
      "combineInputRecords" : -1,
      "reduceInputGroups" : -1,
      "reduceInputRecords" : -1,
      "reduceShuffleBytes" : -1,
      "reduceOutputRecords" : -1,
      "spilledRecords" : -1,
      "mapInputBytes" : -1,
      "resourceUsageMetrics" : {
        "cumulativeCpuUsage" : 0,
        "virtualMemoryUsage" : 0,
        "physicalMemoryUsage" : 0,
        "heapUsage" : 0
      }
    } ],
    "finishTime" : 1405044592303,
    "preferredLocations" : [ ],
    "taskID" : "task_201407031554_1968_r_000001",
    "inputBytes" : 105332559,
    "inputRecords" : 3280891,
    "outputBytes" : 9758655,
    "outputRecords" : 1635781
  }, {
    "startTime" : 1405044456835,
    "taskType" : "REDUCE",
    "taskStatus" : "SUCCESS",
    "attempts" : [ {
      "location" : {
        "layers" : [ "default-rack", "Slave23" ]
      },
      "hostName" : "/default-rack/Slave23",
      "result" : "SUCCESS",
      "startTime" : 1405044460010,
      "attemptID" : "attempt_201407031554_1968_r_000002_0",
      "finishTime" : 1405044595846,
      "shuffleFinished" : 1405044588878,
      "sortFinished" : 1405044589148,
      "hdfsBytesRead" : -1,
      "hdfsBytesWritten" : 9758462,
      "fileBytesRead" : -1,
      "fileBytesWritten" : 58928,
      "mapInputRecords" : -1,
      "mapOutputBytes" : -1,
      "mapOutputRecords" : -1,
      "combineInputRecords" : 0,
      "reduceInputGroups" : 1637034,
      "reduceInputRecords" : 3287706,
      "reduceShuffleBytes" : 105537963,
      "reduceOutputRecords" : 1637034,
      "spilledRecords" : 0,
      "mapInputBytes" : -1,
      "resourceUsageMetrics" : {
        "cumulativeCpuUsage" : 9650,
        "virtualMemoryUsage" : 728113152,
        "physicalMemoryUsage" : 223174656,
        "heapUsage" : 174063616
      }
    } ],
    "finishTime" : 1405044592874,
    "preferredLocations" : [ ],
    "taskID" : "task_201407031554_1968_r_000002",
    "inputBytes" : 105537963,
    "inputRecords" : 3287706,
    "outputBytes" : 9758462,
    "outputRecords" : 1637034
  }, {
    "startTime" : 1405044456955,
    "taskType" : "REDUCE",
    "taskStatus" : "SUCCESS",
    "attempts" : [ {
      "location" : {
        "layers" : [ "default-rack", "Slave22" ]
      },
      "hostName" : "/default-rack/Slave22",
      "result" : "SUCCESS",
      "startTime" : 1405044441927,
      "attemptID" : "attempt_201407031554_1968_r_000003_0",
      "finishTime" : 1405044577037,
      "shuffleFinished" : 1405044569685,
      "sortFinished" : 1405044569954,
      "hdfsBytesRead" : -1,
      "hdfsBytesWritten" : 9750229,
      "fileBytesRead" : -1,
      "fileBytesWritten" : 58928,
      "mapInputRecords" : -1,
      "mapOutputBytes" : -1,
      "mapOutputRecords" : -1,
      "combineInputRecords" : 0,
      "reduceInputGroups" : 1634049,
      "reduceInputRecords" : 3274961,
      "reduceShuffleBytes" : 105145034,
      "reduceOutputRecords" : 1634049,
      "spilledRecords" : 0,
      "mapInputBytes" : -1,
      "resourceUsageMetrics" : {
        "cumulativeCpuUsage" : 10490,
        "virtualMemoryUsage" : 727343104,
        "physicalMemoryUsage" : 219521024,
        "heapUsage" : 186122240
      }
    } ],
    "finishTime" : 1405044592269,
    "preferredLocations" : [ ],
    "taskID" : "task_201407031554_1968_r_000003",
    "inputBytes" : 105145034,
    "inputRecords" : 3274961,
    "outputBytes" : 9750229,
    "outputRecords" : 1634049
  }, {
    "startTime" : 1405044456972,
    "taskType" : "REDUCE",
    "taskStatus" : "SUCCESS",
    "attempts" : [ {
      "location" : {
        "layers" : [ "default-rack", "Master2" ]
      },
      "hostName" : "/default-rack/Master2",
      "result" : "SUCCESS",
      "startTime" : 1405044456973,
      "attemptID" : "attempt_201407031554_1968_r_000004_0",
      "finishTime" : 1405044591980,
      "shuffleFinished" : 1405044585098,
      "sortFinished" : 1405044585438,
      "hdfsBytesRead" : -1,
      "hdfsBytesWritten" : 9752479,
      "fileBytesRead" : -1,
      "fileBytesWritten" : 58928,
      "mapInputRecords" : -1,
      "mapOutputBytes" : -1,
      "mapOutputRecords" : -1,
      "combineInputRecords" : 0,
      "reduceInputGroups" : 1635917,
      "reduceInputRecords" : 3282307,
      "reduceShuffleBytes" : 105349328,
      "reduceOutputRecords" : 1635917,
      "spilledRecords" : 0,
      "mapInputBytes" : -1,
      "resourceUsageMetrics" : {
        "cumulativeCpuUsage" : 9870,
        "virtualMemoryUsage" : 726851584,
        "physicalMemoryUsage" : 245919744,
        "heapUsage" : 175374336
      }
    } ],
    "finishTime" : 1405044592134,
    "preferredLocations" : [ ],
    "taskID" : "task_201407031554_1968_r_000004",
    "inputBytes" : 105349328,
    "inputRecords" : 3282307,
    "outputBytes" : 9752479,
    "outputRecords" : 1635917
  }, {
    "startTime" : 1405044457018,
    "taskType" : "REDUCE",
    "taskStatus" : "SUCCESS",
    "attempts" : [ {
      "location" : {
        "layers" : [ "default-rack", "Slave21" ]
      },
      "hostName" : "/default-rack/Slave21",
      "result" : "SUCCESS",
      "startTime" : 1405044447826,
      "attemptID" : "attempt_201407031554_1968_r_000005_0",
      "finishTime" : 1405044583131,
      "shuffleFinished" : 1405044576126,
      "sortFinished" : 1405044576495,
      "hdfsBytesRead" : -1,
      "hdfsBytesWritten" : 9757088,
      "fileBytesRead" : -1,
      "fileBytesWritten" : 58928,
      "mapInputRecords" : -1,
      "mapOutputBytes" : -1,
      "mapOutputRecords" : -1,
      "combineInputRecords" : 0,
      "reduceInputGroups" : 1636678,
      "reduceInputRecords" : 3281223,
      "reduceShuffleBytes" : 105320334,
      "reduceOutputRecords" : 1636678,
      "spilledRecords" : 0,
      "mapInputBytes" : -1,
      "resourceUsageMetrics" : {
        "cumulativeCpuUsage" : 10230,
        "virtualMemoryUsage" : 728039424,
        "physicalMemoryUsage" : 256626688,
        "heapUsage" : 214695936
      }
    } ],
    "finishTime" : 1405044592605,
    "preferredLocations" : [ ],
    "taskID" : "task_201407031554_1968_r_000005",
    "inputBytes" : 105320334,
    "inputRecords" : 3281223,
    "outputBytes" : 9757088,
    "outputRecords" : 1636678
  } ],
  "submitTime" : 1405044424156,
  "launchTime" : 1405044424217,
  "totalMaps" : 40,
  "totalReduces" : 6,
  "otherTasks" : [ {
    "startTime" : 1405044424265,
    "taskType" : "SETUP",
    "taskStatus" : "SUCCESS",
    "attempts" : [ {
      "location" : {
        "layers" : [ "default-rack", "Master2" ]
      },
      "hostName" : "/default-rack/Master2",
      "result" : "SUCCESS",
      "startTime" : 1405044424424,
      "attemptID" : "attempt_201407031554_1968_m_000041_0",
      "finishTime" : 1405044425034,
      "shuffleFinished" : -1,
      "sortFinished" : -1,
      "hdfsBytesRead" : -1,
      "hdfsBytesWritten" : -1,
      "fileBytesRead" : -1,
      "fileBytesWritten" : 59020,
      "mapInputRecords" : -1,
      "mapOutputBytes" : -1,
      "mapOutputRecords" : -1,
      "combineInputRecords" : -1,
      "reduceInputGroups" : -1,
      "reduceInputRecords" : -1,
      "reduceShuffleBytes" : -1,
      "reduceOutputRecords" : -1,
      "spilledRecords" : 0,
      "mapInputBytes" : -1,
      "resourceUsageMetrics" : {
        "cumulativeCpuUsage" : 40,
        "virtualMemoryUsage" : 1265414144,
        "physicalMemoryUsage" : 62701568,
        "heapUsage" : 81788928
      }
    } ],
    "finishTime" : 1405044425170,
    "preferredLocations" : [ ],
    "taskID" : "task_201407031554_1968_m_000041",
    "inputBytes" : -1,
    "inputRecords" : -1,
    "outputBytes" : -1,
    "outputRecords" : -1
  }, {
    "startTime" : 1405044592876,
    "taskType" : "CLEANUP",
    "taskStatus" : "SUCCESS",
    "attempts" : [ {
      "location" : {
        "layers" : [ "default-rack", "Slave23" ]
      },
      "hostName" : "/default-rack/Slave23",
      "result" : "SUCCESS",
      "startTime" : 1405044596053,
      "attemptID" : "attempt_201407031554_1968_m_000040_0",
      "finishTime" : 1405044597072,
      "shuffleFinished" : -1,
      "sortFinished" : -1,
      "hdfsBytesRead" : -1,
      "hdfsBytesWritten" : -1,
      "fileBytesRead" : -1,
      "fileBytesWritten" : 59020,
      "mapInputRecords" : -1,
      "mapOutputBytes" : -1,
      "mapOutputRecords" : -1,
      "combineInputRecords" : -1,
      "reduceInputGroups" : -1,
      "reduceInputRecords" : -1,
      "reduceShuffleBytes" : -1,
      "reduceOutputRecords" : -1,
      "spilledRecords" : 0,
      "mapInputBytes" : -1,
      "resourceUsageMetrics" : {
        "cumulativeCpuUsage" : 20,
        "virtualMemoryUsage" : 1270243328,
        "physicalMemoryUsage" : 805986304,
        "heapUsage" : 805830656
      }
    } ],
    "finishTime" : 1405044594086,
    "preferredLocations" : [ ],
    "taskID" : "task_201407031554_1968_m_000040",
    "inputBytes" : -1,
    "inputRecords" : -1,
    "outputBytes" : -1,
    "outputRecords" : -1
  } ],
  "queue" : "default",
  "jobProperties" : {
    "fs.s3n.impl" : "org.apache.hadoop.fs.s3native.NativeS3FileSystem",
    "mapred.task.cache.levels" : "2",
    "mapreduce.job.restart.recover" : "true",
    "mapreduce.job.counters.max" : "120",
    "dfs.client.use.datanode.hostname" : "false",
    "hadoop.tmp.dir" : "/tmp/hadoop-${user.name}",
    "hadoop.native.lib" : "true",
    "map.sort.class" : "org.apache.hadoop.util.QuickSort",
    "dfs.namenode.decommission.nodes.per.interval" : "5",
    "dfs.https.need.client.auth" : "false",
    "dfs.datanode.drop.cache.behind.writes" : "false",
    "ipc.client.idlethreshold" : "4000",
    "mapred.system.dir" : "${hadoop.tmp.dir}/mapred/system",
    "dfs.datanode.data.dir.perm" : "755",
    "mapred.job.tracker.persist.jobstatus.hours" : "0",
    "dfs.namenode.logging.level" : "info",
    "dfs.datanode.address" : "0.0.0.0:50010",
    "io.skip.checksum.errors" : "false",
    "dfs.block.access.token.enable" : "false",
    "fs.default.name" : "hdfs://Master2:9000",
    "mapred.cluster.reduce.memory.mb" : "-1",
    "mapred.reducer.new-api" : "true",
    "mapred.child.tmp" : "./tmp",
    "fs.har.impl.disable.cache" : "true",
    "dfs.safemode.threshold.pct" : "0.999f",
    "mapred.skip.reduce.max.skip.groups" : "0",
    "mapred.heartbeats.in.second" : "100",
    "dfs.namenode.handler.count" : "10",
    "dfs.blockreport.initialDelay" : "0",
    "mapred.tasktracker.dns.nameserver" : "default",
    "io.sort.factor" : "10",
    "dfs.datanode.drop.cache.behind.reads" : "false",
    "mapred.task.timeout" : "600000",
    "mapred.max.tracker.failures" : "4",
    "hadoop.rpc.socket.factory.class.default" : "org.apache.hadoop.net.StandardSocketFactory",
    "mapred.job.tracker.jobhistory.lru.cache.size" : "5",
    "fs.hdfs.impl" : "org.apache.hadoop.hdfs.DistributedFileSystem",
    "mapred.queue.default.acl-administer-jobs" : "*",
    "dfs.namenode.stale.datanode.interval" : "30000",
    "mapred.output.key.class" : "org.apache.hadoop.io.Text",
    "dfs.block.access.key.update.interval" : "600",
    "mapred.skip.map.auto.incr.proc.count" : "true",
    "mapreduce.job.complete.cancel.delegation.tokens" : "true",
    "io.mapfile.bloom.size" : "1048576",
    "mapreduce.reduce.shuffle.connect.timeout" : "180000",
    "dfs.safemode.extension" : "30000",
    "mapred.jobtracker.blacklist.fault-timeout-window" : "180",
    "dfs.namenode.write.stale.datanode.ratio" : "0.5f",
    "hadoop.skip.worker.version.check" : "false",
    "tasktracker.http.threads" : "40",
    "net.topology.impl" : "org.apache.hadoop.net.NetworkTopology",
    "mapred.job.shuffle.merge.percent" : "0.6",
    "fs.ftp.impl" : "org.apache.hadoop.fs.ftp.FTPFileSystem",
    "user.name" : "itri-hadoop",
    "dfs.namenode.kerberos.internal.spnego.principal" : "${dfs.web.authentication.kerberos.principal}",
    "mapred.output.compress" : "true",
    "io.bytes.per.checksum" : "512",
    "mapred.combine.recordsBeforeProgress" : "10000",
    "mapred.healthChecker.script.timeout" : "600000",
    "topology.node.switch.mapping.impl" : "org.apache.hadoop.net.ScriptBasedMapping",
    "dfs.https.server.keystore.resource" : "ssl-server.xml",
    "mapred.reduce.slowstart.completed.maps" : "0.05",
    "mapred.reduce.max.attempts" : "4",
    "dfs.namenode.safemode.min.datanodes" : "0",
    "mapreduce.ifile.readahead.bytes" : "4194304",
    "fs.ramfs.impl" : "org.apache.hadoop.fs.InMemoryFileSystem",
    "dfs.block.access.token.lifetime" : "600",
    "mapred.skip.map.max.skip.records" : "0",
    "dfs.name.edits.dir" : "${dfs.name.dir}",
    "mapred.cluster.map.memory.mb" : "-1",
    "hadoop.security.group.mapping" : "org.apache.hadoop.security.ShellBasedUnixGroupsMapping",
    "mapred.job.tracker.persist.jobstatus.dir" : "/jobtracker/jobsInfo",
    "mapred.jar" : "hdfs://Master2:9000/tmp/hadoop-itri-hadoop/mapred/staging/itri-hadoop/.staging/job_201407031554_1968/job.jar",
    "fs.s3.buffer.dir" : "${hadoop.tmp.dir}/s3",
    "dfs.block.size" : "67108864",
    "job.end.retry.attempts" : "0",
    "fs.file.impl" : "org.apache.hadoop.fs.LocalFileSystem",
    "dfs.namenode.avoid.write.stale.datanode" : "false",
    "dfs.datanode.max.xcievers" : "4096",
    "mapred.local.dir.minspacestart" : "0",
    "mapred.output.compression.type" : "RECORD",
    "dfs.datanode.ipc.address" : "0.0.0.0:50020",
    "dfs.permissions" : "true",
    "topology.script.number.args" : "100",
    "mapreduce.job.counters.groups.max" : "50",
    "io.mapfile.bloom.error.rate" : "0.005",
    "mapred.cluster.max.reduce.memory.mb" : "-1",
    "mapred.max.tracker.blacklists" : "4",
    "mapred.task.profile.maps" : "0-2",
    "mapred.jobtracker.jobSchedulable" : "org.apache.hadoop.mapred.JobSchedulable",
    "dfs.datanode.https.address" : "0.0.0.0:50475",
    "mapred.userlog.retain.hours" : "24",
    "dfs.secondary.http.address" : "0.0.0.0:50090",
    "dfs.namenode.replication.work.multiplier.per.iteration" : "2",
    "dfs.replication.max" : "512",
    "mapred.job.tracker.persist.jobstatus.active" : "false",
    "hadoop.security.authorization" : "false",
    "local.cache.size" : "10737418240",
    "mapred.min.split.size" : "268435456",
    "dfs.namenode.delegation.token.renew-interval" : "86400000",
    "mapred.map.tasks" : "40",
    "mapred.child.java.opts" : "-Xmx200m",
    "mapred.output.value.class" : "org.apache.hadoop.io.IntWritable",
    "dfs.https.client.keystore.resource" : "ssl-client.xml",
    "ipc.client.fallback-to-simple-auth-allowed" : "false",
    "mapred.job.queue.name" : "default",
    "mapred.job.tracker.retiredjobs.cache.size" : "1000",
    "dfs.https.address" : "0.0.0.0:50470",
    "dfs.balance.bandwidthPerSec" : "1048576",
    "ipc.server.listen.queue.size" : "128",
    "dfs.namenode.invalidate.work.pct.per.iteration" : "0.32f",
    "mapred.inmem.merge.threshold" : "800",
    "job.end.retry.interval" : "30000",
    "mapred.skip.attempts.to.start.skipping" : "2",
    "mapreduce.tasktracker.outofband.heartbeat.damper" : "1000000",
    "hadoop.security.use-weak-http-crypto" : "false",
    "fs.checkpoint.dir" : "${hadoop.tmp.dir}/dfs/namesecondary",
    "dfs.namenode.avoid.read.stale.datanode" : "false",
    "mapred.reduce.tasks" : "6",
    "mapred.merge.recordsBeforeProgress" : "10000",
    "mapred.userlog.limit.kb" : "0",
    "mapred.job.reduce.memory.mb" : "-1",
    "webinterface.private.actions" : "false",
    "dfs.max.objects" : "0",
    "hadoop.security.token.service.use_ip" : "true",
    "io.sort.spill.percent" : "0.5",
    "mapred.job.shuffle.input.buffer.percent" : "0.8",
    "mapred.map.tasks.speculative.execution" : "true",
    "hadoop.http.authentication.type" : "simple",
    "mapred.job.name" : "word count",
    "hadoop.util.hash.type" : "murmur",
    "dfs.datanode.dns.nameserver" : "default",
    "hadoop.security.instrumentation.requires.admin" : "false",
    "dfs.blockreport.intervalMsec" : "3600000",
    "dfs.datanode.readahead.bytes" : "4193404",
    "mapred.map.max.attempts" : "4",
    "mapreduce.job.acl-view-job" : " ",
    "mapreduce.ifile.readahead" : "true",
    "mapred.jobtracker.nodegroup.aware" : "false",
    "mapred.job.tracker.handler.count" : "10",
    "dfs.client.block.write.retries" : "3",
    "mapreduce.reduce.shuffle.read.timeout" : "180000",
    "mapred.tasktracker.expiry.interval" : "600000",
    "dfs.secondary.namenode.kerberos.internal.spnego.principal" : "${dfs.web.authentication.kerberos.principal}",
    "dfs.https.enable" : "false",
    "mapred.jobtracker.job.history.block.size" : "3145728",
    "mapred.jobtracker.maxtasks.per.job" : "-1",
    "keep.failed.task.files" : "false",
    "dfs.datanode.use.datanode.hostname" : "false",
    "dfs.datanode.failed.volumes.tolerated" : "0",
    "ipc.client.tcpnodelay" : "false",
    "mapred.task.profile.reduces" : "0-2",
    "io.map.index.skip" : "0",
    "mapred.output.compression.codec" : "org.apache.hadoop.io.compress.DefaultCodec",
    "hadoop.http.authentication.token.validity" : "36000",
    "ipc.server.tcpnodelay" : "false",
    "hadoop.jetty.logs.serve.aliases" : "true",
    "mapred.working.dir" : "hdfs://Master2:9000/user/itri-hadoop",
    "mapred.jobtracker.blacklist.fault-bucket-width" : "15",
    "dfs.namenode.delegation.key.update-interval" : "86400000",
    "mapred.used.genericoptionsparser" : "true",
    "mapred.job.map.memory.mb" : "-1",
    "mapred.mapper.new-api" : "true",
    "dfs.default.chunk.view.size" : "32768",
    "hadoop.logfile.size" : "10000000",
    "mapred.reduce.tasks.speculative.execution" : "true",
    "mapreduce.tasktracker.outofband.heartbeat" : "false",
    "mapreduce.job.dir" : "hdfs://Master2:9000/tmp/hadoop-itri-hadoop/mapred/staging/itri-hadoop/.staging/job_201407031554_1968",
    "mapreduce.reduce.input.limit" : "-1",
    "dfs.datanode.du.reserved" : "0",
    "dfs.datanode.sync.behind.writes" : "false",
    "hadoop.security.authentication" : "simple",
    "fs.checkpoint.period" : "3600",
    "mapred.job.reuse.jvm.num.tasks" : "16",
    "dfs.web.ugi" : "webuser,webgroup",
    "mapred.jobtracker.completeuserjobs.maximum" : "100",
    "dfs.df.interval" : "60000",
    "mapred.task.tracker.task-controller" : "org.apache.hadoop.mapred.DefaultTaskController",
    "dfs.data.dir" : "${hadoop.tmp.dir}/dfs/data",
    "fs.s3.maxRetries" : "4",
    "dfs.datanode.dns.interface" : "default",
    "mapred.cluster.max.map.memory.mb" : "-1",
    "mapreduce.reduce.shuffle.maxfetchfailures" : "10",
    "mapred.map.child.java.opts" : "-Xmx1000M",
    "mapreduce.job.acl-modify-job" : " ",
    "fs.hftp.impl" : "org.apache.hadoop.hdfs.HftpFileSystem",
    "mapred.local.dir" : "${hadoop.tmp.dir}/mapred/local",
    "dfs.permissions.supergroup" : "supergroup",
    "fs.s3.sleepTimeSeconds" : "10",
    "fs.trash.interval" : "0",
    "mapred.submit.replication" : "10",
    "dfs.replication.min" : "1",
    "fs.har.impl" : "org.apache.hadoop.fs.HarFileSystem",
    "hadoop.relaxed.worker.version.check" : "false",
    "mapred.map.output.compression.codec" : "org.apache.hadoop.io.compress.DefaultCodec",
    "mapred.tasktracker.dns.interface" : "default",
    "dfs.http.address" : "0.0.0.0:50070",
    "dfs.namenode.decommission.interval" : "30",
    "mapred.job.tracker" : "Master2:9001",
    "dfs.heartbeat.interval" : "3",
    "hadoop.http.authentication.signature.secret.file" : "${user.home}/hadoop-http-auth-signature-secret",
    "io.seqfile.sorter.recordlimit" : "1000000",
    "mapreduce.job.submithost" : "Master2",
    "dfs.name.dir" : "${hadoop.tmp.dir}/dfs/name",
    "mapred.jobtracker.taskScheduler" : "org.apache.hadoop.mapred.JobQueueTaskScheduler",
    "mapred.line.input.format.linespermap" : "1",
    "dfs.datanode.http.address" : "0.0.0.0:50075",
    "fs.webhdfs.impl" : "org.apache.hadoop.hdfs.web.WebHdfsFileSystem",
    "mapred.local.dir.minspacekill" : "0",
    "dfs.image.transfer.bandwidthPerSec" : "0",
    "dfs.replication.interval" : "3",
    "io.sort.record.percent" : "0.08",
    "hadoop.http.authentication.kerberos.principal" : "HTTP/localhost@LOCALHOST",
    "mapreduce.reduce.class" : "org.apache.hadoop.examples.WordCount$IntSumReducer",
    "fs.kfs.impl" : "org.apache.hadoop.fs.kfs.KosmosFileSystem",
    "mapred.tasktracker.reduce.tasks.maximum" : "2",
    "mapred.temp.dir" : "${hadoop.tmp.dir}/mapred/temp",
    "dfs.replication" : "3",
    "fs.checkpoint.edits.dir" : "${fs.checkpoint.dir}",
    "mapreduce.jobhistory.max-age-ms" : "2592000000",
    "mapred.tasktracker.tasks.sleeptime-before-sigkill" : "5000",
    "mapred.job.reduce.input.buffer.percent" : "0.5",
    "mapred.tasktracker.indexcache.mb" : "10",
    "dfs.webhdfs.enabled" : "false",
    "mapreduce.job.split.metainfo.maxsize" : "10000000",
    "hadoop.logfile.count" : "10",
    "mapred.skip.reduce.auto.incr.proc.count" : "true",
    "mapreduce.job.submithostaddress" : "192.168.1.104",
    "io.seqfile.compress.blocksize" : "1000000",
    "fs.s3.block.size" : "67108864",
    "mapred.tasktracker.taskmemorymanager.monitoring-interval" : "5000",
    "hadoop.http.authentication.simple.anonymous.allowed" : "true",
    "mapreduce.jobtracker.staging.root.dir" : "${hadoop.tmp.dir}/mapred/staging",
    "mapred.acls.enabled" : "false",
    "mapred.queue.default.state" : "RUNNING",
    "mapred.queue.names" : "default",
    "fs.hsftp.impl" : "org.apache.hadoop.hdfs.HsftpFileSystem",
    "dfs.access.time.precision" : "3600000",
    "mapred.task.tracker.http.address" : "0.0.0.0:50060",
    "mapreduce.combine.class" : "org.apache.hadoop.examples.WordCount$IntSumReducer",
    "io.seqfile.lazydecompress" : "true",
    "mapred.reduce.parallel.copies" : "5",
    "mapred.disk.healthChecker.interval" : "60000",
    "mapred.output.dir" : "/word-out",
    "ipc.client.connection.maxidletime" : "10000",
    "io.sort.mb" : "600",
    "mapred.reduce.child.java.opts" : "-Xmx500M",
    "mapred.task.tracker.report.address" : "127.0.0.1:0",
    "hadoop.security.uid.cache.secs" : "14400",
    "mapred.compress.map.output" : "false",
    "ipc.client.kill.max" : "10",
    "mapred.healthChecker.interval" : "60000",
    "ipc.client.connect.max.retries" : "10",
    "mapreduce.map.class" : "org.apache.hadoop.examples.WordCount$TokenizerMapper",
    "fs.s3.impl" : "org.apache.hadoop.fs.s3.S3FileSystem",
    "mapred.user.jobconf.limit" : "5242880",
    "mapreduce.job.counters.group.name.max" : "128",
    "mapred.job.tracker.http.address" : "0.0.0.0:50030",
    "mapred.input.dir" : "hdfs://Master2:9000/word-in10G",
    "io.file.buffer.size" : "4096",
    "mapred.jobtracker.restart.recover" : "false",
    "io.serializations" : "org.apache.hadoop.io.serializer.WritableSerialization",
    "mapred.task.profile" : "false",
    "dfs.datanode.handler.count" : "3",
    "mapreduce.input.num.files" : "40",
    "mapreduce.jobhistory.cleaner.interval-ms" : "86400000",
    "dfs.replication.considerLoad" : "true",
    "jobclient.output.filter" : "FAILED",
    "dfs.namenode.edits.toleration.length" : "0",
    "hadoop.http.authentication.kerberos.keytab" : "${user.home}/hadoop.keytab",
    "dfs.namenode.delegation.token.max-lifetime" : "604800000",
    "mapred.tasktracker.map.tasks.maximum" : "2",
    "fs.checkpoint.size" : "67108864",
    "io.compression.codecs" : "org.apache.hadoop.io.compress.DefaultCodec,org.apache.hadoop.io.compress.GzipCodec,org.apache.hadoop.io.compress.BZip2Codec,org.apache.hadoop.io.compress.SnappyCodec",
    "mapreduce.job.counters.counter.name.max" : "64"
  },
  "computonsPerMapInputByte" : -1,
  "computonsPerMapOutputByte" : -1,
  "computonsPerReduceInputByte" : -1,
  "computonsPerReduceOutputByte" : -1,
  "heapMegabytes" : 200,
  "outcome" : "SUCCESS",
  "jobtype" : "JAVA",
  "mapTasks" : [ {
    "startTime" : 1405044425171,
    "taskType" : "MAP",
    "taskStatus" : "SUCCESS",
    "attempts" : [ {
      "location" : {
        "layers" : [ "default-rack", "Master2" ]
      },
      "hostName" : "/default-rack/Master2",
      "result" : "SUCCESS",
      "startTime" : 1405044425172,
      "attemptID" : "attempt_201407031554_1968_m_000000_0",
      "finishTime" : 1405044456540,
      "shuffleFinished" : -1,
      "sortFinished" : -1,
      "hdfsBytesRead" : 256639996,
      "hdfsBytesWritten" : -1,
      "fileBytesRead" : 27723811,
      "fileBytesWritten" : 44072801,
      "mapInputRecords" : 6287,
      "mapOutputBytes" : 354421684,
      "mapOutputRecords" : 23479252,
      "combineInputRecords" : 24100688,
      "reduceInputGroups" : -1,
      "reduceInputRecords" : -1,
      "reduceShuffleBytes" : -1,
      "reduceOutputRecords" : -1,
      "spilledRecords" : 1364276,
      "mapInputBytes" : -1,
      "resourceUsageMetrics" : {
        "cumulativeCpuUsage" : 52110,
        "virtualMemoryUsage" : 1269223424,
        "physicalMemoryUsage" : 533356544,
        "heapUsage" : 773586944
      }
    } ],
    "finishTime" : 1405044456670,
    "preferredLocations" : [ {
      "layers" : [ "default-rack", "Master2" ]
    }, {
      "layers" : [ "default-rack", "Slave23" ]
    }, {
      "layers" : [ "default-rack", "Slave22" ]
    } ],
    "taskID" : "task_201407031554_1968_m_000000",
    "inputBytes" : 256639996,
    "inputRecords" : 6287,
    "outputBytes" : 44072801,
    "outputRecords" : 23479252
  }, {
    "startTime" : 1405044425171,
    "taskType" : "MAP",
    "taskStatus" : "SUCCESS",
    "attempts" : [ {
      "location" : {
        "layers" : [ "default-rack", "Master2" ]
      },
      "hostName" : "/default-rack/Master2",
      "result" : "SUCCESS",
      "startTime" : 1405044425172,
      "attemptID" : "attempt_201407031554_1968_m_000001_0",
      "finishTime" : 1405044457900,
      "shuffleFinished" : -1,
      "sortFinished" : -1,
      "hdfsBytesRead" : 256639160,
      "hdfsBytesWritten" : -1,
      "fileBytesRead" : 24074709,
      "fileBytesWritten" : 37281797,
      "mapInputRecords" : 219088,
      "mapOutputBytes" : 354630398,
      "mapOutputRecords" : 23691420,
      "combineInputRecords" : 24314544,
      "reduceInputGroups" : -1,
      "reduceInputRecords" : -1,
      "reduceShuffleBytes" : -1,
      "reduceOutputRecords" : -1,
      "spilledRecords" : 1404551,
      "mapInputBytes" : -1,
      "resourceUsageMetrics" : {
        "cumulativeCpuUsage" : 53980,
        "virtualMemoryUsage" : 1269252096,
        "physicalMemoryUsage" : 774909952,
        "heapUsage" : 781975552
      }
    } ],
    "finishTime" : 1405044458177,
    "preferredLocations" : [ {
      "layers" : [ "default-rack", "Master2" ]
    }, {
      "layers" : [ "default-rack", "Slave22" ]
    }, {
      "layers" : [ "default-rack", "Slave23" ]
    } ],
    "taskID" : "task_201407031554_1968_m_000001",
    "inputBytes" : 256639160,
    "inputRecords" : 219088,
    "outputBytes" : 37281797,
    "outputRecords" : 23691420
  }, {
    "startTime" : 1405044425211,
    "taskType" : "MAP",
    "taskStatus" : "SUCCESS",
    "attempts" : [ {
      "location" : {
        "layers" : [ "default-rack", "Slave23" ]
      },
      "hostName" : "/default-rack/Slave23",
      "result" : "SUCCESS",
      "startTime" : 1405044428455,
      "attemptID" : "attempt_201407031554_1968_m_000003_0",
      "finishTime" : 1405044461751,
      "shuffleFinished" : -1,
      "sortFinished" : -1,
      "hdfsBytesRead" : 256637462,
      "hdfsBytesWritten" : -1,
      "fileBytesRead" : 28104225,
      "fileBytesWritten" : 44760208,
      "mapInputRecords" : 6190,
      "mapOutputBytes" : 354734072,
      "mapOutputRecords" : 23478568,
      "combineInputRecords" : 24099485,
      "reduceInputGroups" : -1,
      "reduceInputRecords" : -1,
      "reduceShuffleBytes" : -1,
      "reduceOutputRecords" : -1,
      "spilledRecords" : 1362522,
      "mapInputBytes" : -1,
      "resourceUsageMetrics" : {
        "cumulativeCpuUsage" : 56190,
        "virtualMemoryUsage" : 1270022144,
        "physicalMemoryUsage" : 772386816,
        "heapUsage" : 768081920
      }
    } ],
    "finishTime" : 1405044458643,
    "preferredLocations" : [ {
      "layers" : [ "default-rack", "Master2" ]
    }, {
      "layers" : [ "default-rack", "Slave22" ]
    }, {
      "layers" : [ "default-rack", "Slave23" ]
    } ],
    "taskID" : "task_201407031554_1968_m_000003",
    "inputBytes" : 256637462,
    "inputRecords" : 6190,
    "outputBytes" : 44760208,
    "outputRecords" : 23478568
  }, {
    "startTime" : 1405044425211,
    "taskType" : "MAP",
    "taskStatus" : "SUCCESS",
    "attempts" : [ {
      "location" : {
        "layers" : [ "default-rack", "Slave23" ]
      },
      "hostName" : "/default-rack/Slave23",
      "result" : "SUCCESS",
      "startTime" : 1405044428455,
      "attemptID" : "attempt_201407031554_1968_m_000004_0",
      "finishTime" : 1405044460207,
      "shuffleFinished" : -1,
      "sortFinished" : -1,
      "hdfsBytesRead" : 256637190,
      "hdfsBytesWritten" : -1,
      "fileBytesRead" : 27385262,
      "fileBytesWritten" : 43549125,
      "mapInputRecords" : 6253,
      "mapOutputBytes" : 354195759,
      "mapOutputRecords" : 23477445,
      "combineInputRecords" : 24098338,
      "reduceInputGroups" : -1,
      "reduceInputRecords" : -1,
      "reduceShuffleBytes" : -1,
      "reduceOutputRecords" : -1,
      "spilledRecords" : 1362555,
      "mapInputBytes" : -1,
      "resourceUsageMetrics" : {
        "cumulativeCpuUsage" : 53100,
        "virtualMemoryUsage" : 1269248000,
        "physicalMemoryUsage" : 774086656,
        "heapUsage" : 781189120
      }
    } ],
    "finishTime" : 1405044457136,
    "preferredLocations" : [ {
      "layers" : [ "default-rack", "Master2" ]
    }, {
      "layers" : [ "default-rack", "Slave22" ]
    }, {
      "layers" : [ "default-rack", "Slave23" ]
    } ],
    "taskID" : "task_201407031554_1968_m_000004",
    "inputBytes" : 256637190,
    "inputRecords" : 6253,
    "outputBytes" : 43549125,
    "outputRecords" : 23477445
  }, {
    "startTime" : 1405044425341,
    "taskType" : "MAP",
    "taskStatus" : "SUCCESS",
    "attempts" : [ {
      "location" : {
        "layers" : [ "default-rack", "Slave22" ]
      },
      "hostName" : "/default-rack/Slave22",
      "result" : "SUCCESS",
      "startTime" : 1405044410386,
      "attemptID" : "attempt_201407031554_1968_m_000002_0",
      "finishTime" : 1405044442046,
      "shuffleFinished" : -1,
      "sortFinished" : -1,
      "hdfsBytesRead" : 256638247,
      "hdfsBytesWritten" : -1,
      "fileBytesRead" : 23322719,
      "fileBytesWritten" : 36708446,
      "mapInputRecords" : 112590,
      "mapOutputBytes" : 354832939,
      "mapOutputRecords" : 23584115,
      "combineInputRecords" : 24205482,
      "reduceInputGroups" : -1,
      "reduceInputRecords" : -1,
      "reduceShuffleBytes" : -1,
      "reduceOutputRecords" : -1,
      "spilledRecords" : 1363337,
      "mapInputBytes" : -1,
      "resourceUsageMetrics" : {
        "cumulativeCpuUsage" : 53530,
        "virtualMemoryUsage" : 1271881728,
        "physicalMemoryUsage" : 775376896,
        "heapUsage" : 770703360
      }
    } ],
    "finishTime" : 1405044457257,
    "preferredLocations" : [ {
      "layers" : [ "default-rack", "Master2" ]
    }, {
      "layers" : [ "default-rack", "Slave21" ]
    }, {
      "layers" : [ "default-rack", "Slave22" ]
    } ],
    "taskID" : "task_201407031554_1968_m_000002",
    "inputBytes" : 256638247,
    "inputRecords" : 112590,
    "outputBytes" : 36708446,
    "outputRecords" : 23584115
  }, {
    "startTime" : 1405044425341,
    "taskType" : "MAP",
    "taskStatus" : "SUCCESS",
    "attempts" : [ {
      "location" : {
        "layers" : [ "default-rack", "Slave22" ]
      },
      "hostName" : "/default-rack/Slave22",
      "result" : "SUCCESS",
      "startTime" : 1405044410386,
      "attemptID" : "attempt_201407031554_1968_m_000007_0",
      "finishTime" : 1405044442049,
      "shuffleFinished" : -1,
      "sortFinished" : -1,
      "hdfsBytesRead" : 256635555,
      "hdfsBytesWritten" : -1,
      "fileBytesRead" : 24159216,
      "fileBytesWritten" : 38131916,
      "mapInputRecords" : 112592,
      "mapOutputBytes" : 354622719,
      "mapOutputRecords" : 23584181,
      "combineInputRecords" : 24204955,
      "reduceInputGroups" : -1,
      "reduceInputRecords" : -1,
      "reduceShuffleBytes" : -1,
      "reduceOutputRecords" : -1,
      "spilledRecords" : 1361439,
      "mapInputBytes" : -1,
      "resourceUsageMetrics" : {
        "cumulativeCpuUsage" : 52860,
        "virtualMemoryUsage" : 1269784576,
        "physicalMemoryUsage" : 777457664,
        "heapUsage" : 783024128
      }
    } ],
    "finishTime" : 1405044457257,
    "preferredLocations" : [ {
      "layers" : [ "default-rack", "Master2" ]
    }, {
      "layers" : [ "default-rack", "Slave23" ]
    }, {
      "layers" : [ "default-rack", "Slave22" ]
    } ],
    "taskID" : "task_201407031554_1968_m_000007",
    "inputBytes" : 256635555,
    "inputRecords" : 112592,
    "outputBytes" : 38131916,
    "outputRecords" : 23584181
  }, {
    "startTime" : 1405044425391,
    "taskType" : "MAP",
    "taskStatus" : "SUCCESS",
    "attempts" : [ {
      "location" : {
        "layers" : [ "default-rack", "Slave21" ]
      },
      "hostName" : "/default-rack/Slave21",
      "result" : "SUCCESS",
      "startTime" : 1405044416267,
      "attemptID" : "attempt_201407031554_1968_m_000005_0",
      "finishTime" : 1405044447063,
      "shuffleFinished" : -1,
      "sortFinished" : -1,
      "hdfsBytesRead" : 256637015,
      "hdfsBytesWritten" : -1,
      "fileBytesRead" : 27109133,
      "fileBytesWritten" : 43062006,
      "mapInputRecords" : 6257,
      "mapOutputBytes" : 353981081,
      "mapOutputRecords" : 23476364,
      "combineInputRecords" : 24097452,
      "reduceInputGroups" : -1,
      "reduceInputRecords" : -1,
      "reduceShuffleBytes" : -1,
      "reduceOutputRecords" : -1,
      "spilledRecords" : 1363329,
      "mapInputBytes" : -1,
      "resourceUsageMetrics" : {
        "cumulativeCpuUsage" : 51220,
        "virtualMemoryUsage" : 1271881728,
        "physicalMemoryUsage" : 774737920,
        "heapUsage" : 769392640
      }
    } ],
    "finishTime" : 1405044456415,
    "preferredLocations" : [ {
      "layers" : [ "default-rack", "Master2" ]
    }, {
      "layers" : [ "default-rack", "Slave21" ]
    }, {
      "layers" : [ "default-rack", "Slave23" ]
    } ],
    "taskID" : "task_201407031554_1968_m_000005",
    "inputBytes" : 256637015,
    "inputRecords" : 6257,
    "outputBytes" : 43062006,
    "outputRecords" : 23476364
  }, {
    "startTime" : 1405044425391,
    "taskType" : "MAP",
    "taskStatus" : "SUCCESS",
    "attempts" : [ {
      "location" : {
        "layers" : [ "default-rack", "Slave21" ]
      },
      "hostName" : "/default-rack/Slave21",
      "result" : "SUCCESS",
      "startTime" : 1405044416267,
      "attemptID" : "attempt_201407031554_1968_m_000006_0",
      "finishTime" : 1405044448708,
      "shuffleFinished" : -1,
      "sortFinished" : -1,
      "hdfsBytesRead" : 256636365,
      "hdfsBytesWritten" : -1,
      "fileBytesRead" : 28266865,
      "fileBytesWritten" : 45017515,
      "mapInputRecords" : 6087,
      "mapOutputBytes" : 354842515,
      "mapOutputRecords" : 23479607,
      "combineInputRecords" : 24100529,
      "reduceInputGroups" : -1,
      "reduceInputRecords" : -1,
      "reduceShuffleBytes" : -1,
      "reduceOutputRecords" : -1,
      "spilledRecords" : 1363085,
      "mapInputBytes" : -1,
      "resourceUsageMetrics" : {
        "cumulativeCpuUsage" : 54560,
        "virtualMemoryUsage" : 1269784576,
        "physicalMemoryUsage" : 771641344,
        "heapUsage" : 767819776
      }
    } ],
    "finishTime" : 1405044457921,
    "preferredLocations" : [ {
      "layers" : [ "default-rack", "Master2" ]
    }, {
      "layers" : [ "default-rack", "Slave23" ]
    }, {
      "layers" : [ "default-rack", "Slave21" ]
    } ],
    "taskID" : "task_201407031554_1968_m_000006",
    "inputBytes" : 256636365,
    "inputRecords" : 6087,
    "outputBytes" : 45017515,
    "outputRecords" : 23479607
  }, {
    "startTime" : 1405044456415,
    "taskType" : "MAP",
    "taskStatus" : "SUCCESS",
    "attempts" : [ {
      "location" : {
        "layers" : [ "default-rack", "Slave21" ]
      },
      "hostName" : "/default-rack/Slave21",
      "result" : "SUCCESS",
      "startTime" : 1405044447221,
      "attemptID" : "attempt_201407031554_1968_m_000008_0",
      "finishTime" : 1405044477863,
      "shuffleFinished" : -1,
      "sortFinished" : -1,
      "hdfsBytesRead" : 256635338,
      "hdfsBytesWritten" : -1,
      "fileBytesRead" : 27677746,
      "fileBytesWritten" : 44026719,
      "mapInputRecords" : 6091,
      "mapOutputBytes" : 354419394,
      "mapOutputRecords" : 23480282,
      "combineInputRecords" : 24101200,
      "reduceInputGroups" : -1,
      "reduceInputRecords" : -1,
      "reduceShuffleBytes" : -1,
      "reduceOutputRecords" : -1,
      "spilledRecords" : 1362721,
      "mapInputBytes" : -1,
      "resourceUsageMetrics" : {
        "cumulativeCpuUsage" : 47970,
        "virtualMemoryUsage" : 1273012224,
        "physicalMemoryUsage" : 778096640,
        "heapUsage" : 771751936
      }
    } ],
    "finishTime" : 1405044487264,
    "preferredLocations" : [ {
      "layers" : [ "default-rack", "Slave21" ]
    }, {
      "layers" : [ "default-rack", "Slave23" ]
    }, {
      "layers" : [ "default-rack", "Slave22" ]
    } ],
    "taskID" : "task_201407031554_1968_m_000008",
    "inputBytes" : 256635338,
    "inputRecords" : 6091,
    "outputBytes" : 44026719,
    "outputRecords" : 23480282
  }, {
    "startTime" : 1405044456670,
    "taskType" : "MAP",
    "taskStatus" : "SUCCESS",
    "attempts" : [ {
      "location" : {
        "layers" : [ "default-rack", "Master2" ]
      },
      "hostName" : "/default-rack/Master2",
      "result" : "SUCCESS",
      "startTime" : 1405044456671,
      "attemptID" : "attempt_201407031554_1968_m_000009_0",
      "finishTime" : 1405044487180,
      "shuffleFinished" : -1,
      "sortFinished" : -1,
      "hdfsBytesRead" : 256634993,
      "hdfsBytesWritten" : -1,
      "fileBytesRead" : 27422483,
      "fileBytesWritten" : 43545089,
      "mapInputRecords" : 6278,
      "mapOutputBytes" : 354199981,
      "mapOutputRecords" : 23479018,
      "combineInputRecords" : 24100181,
      "reduceInputGroups" : -1,
      "reduceInputRecords" : -1,
      "reduceShuffleBytes" : -1,
      "reduceOutputRecords" : -1,
      "spilledRecords" : 1363072,
      "mapInputBytes" : -1,
      "resourceUsageMetrics" : {
        "cumulativeCpuUsage" : 45850,
        "virtualMemoryUsage" : 1270218752,
        "physicalMemoryUsage" : 776044544,
        "heapUsage" : 773324800
      }
    } ],
    "finishTime" : 1405044487372,
    "preferredLocations" : [ {
      "layers" : [ "default-rack", "Master2" ]
    }, {
      "layers" : [ "default-rack", "Slave22" ]
    }, {
      "layers" : [ "default-rack", "Slave21" ]
    } ],
    "taskID" : "task_201407031554_1968_m_000009",
    "inputBytes" : 256634993,
    "inputRecords" : 6278,
    "outputBytes" : 43545089,
    "outputRecords" : 23479018
  }, {
    "startTime" : 1405044457137,
    "taskType" : "MAP",
    "taskStatus" : "SUCCESS",
    "attempts" : [ {
      "location" : {
        "layers" : [ "default-rack", "Slave23" ]
      },
      "hostName" : "/default-rack/Slave23",
      "result" : "SUCCESS",
      "startTime" : 1405044460312,
      "attemptID" : "attempt_201407031554_1968_m_000010_0",
      "finishTime" : 1405044490085,
      "shuffleFinished" : -1,
      "sortFinished" : -1,
      "hdfsBytesRead" : 256634886,
      "hdfsBytesWritten" : -1,
      "fileBytesRead" : 27976009,
      "fileBytesWritten" : 44511955,
      "mapInputRecords" : 6123,
      "mapOutputBytes" : 354618958,
      "mapOutputRecords" : 23477321,
      "combineInputRecords" : 24098061,
      "reduceInputGroups" : -1,
      "reduceInputRecords" : -1,
      "reduceShuffleBytes" : -1,
      "reduceOutputRecords" : -1,
      "spilledRecords" : 1362262,
      "mapInputBytes" : -1,
      "resourceUsageMetrics" : {
        "cumulativeCpuUsage" : 46970,
        "virtualMemoryUsage" : 1270243328,
        "physicalMemoryUsage" : 783212544,
        "heapUsage" : 789315584
      }
    } ],
    "finishTime" : 1405044486976,
    "preferredLocations" : [ {
      "layers" : [ "default-rack", "Master2" ]
    }, {
      "layers" : [ "default-rack", "Slave23" ]
    }, {
      "layers" : [ "default-rack", "Slave21" ]
    } ],
    "taskID" : "task_201407031554_1968_m_000010",
    "inputBytes" : 256634886,
    "inputRecords" : 6123,
    "outputBytes" : 44511955,
    "outputRecords" : 23477321
  }, {
    "startTime" : 1405044457258,
    "taskType" : "MAP",
    "taskStatus" : "SUCCESS",
    "attempts" : [ {
      "location" : {
        "layers" : [ "default-rack", "Slave22" ]
      },
      "hostName" : "/default-rack/Slave22",
      "result" : "SUCCESS",
      "startTime" : 1405044442229,
      "attemptID" : "attempt_201407031554_1968_m_000012_0",
      "finishTime" : 1405044472547,
      "shuffleFinished" : -1,
      "sortFinished" : -1,
      "hdfsBytesRead" : 256634810,
      "hdfsBytesWritten" : -1,
      "fileBytesRead" : 26931164,
      "fileBytesWritten" : 42771767,
      "mapInputRecords" : 6227,
      "mapOutputBytes" : 353884521,
      "mapOutputRecords" : 23479238,
      "combineInputRecords" : 24099608,
      "reduceInputGroups" : -1,
      "reduceInputRecords" : -1,
      "reduceShuffleBytes" : -1,
      "reduceOutputRecords" : -1,
      "spilledRecords" : 1361364,
      "mapInputBytes" : -1,
      "resourceUsageMetrics" : {
        "cumulativeCpuUsage" : 47140,
        "virtualMemoryUsage" : 1272877056,
        "physicalMemoryUsage" : 777129984,
        "heapUsage" : 771751936
      }
    } ],
    "finishTime" : 1405044487867,
    "preferredLocations" : [ {
      "layers" : [ "default-rack", "Master2" ]
    }, {
      "layers" : [ "default-rack", "Slave22" ]
    }, {
      "layers" : [ "default-rack", "Slave21" ]
    } ],
    "taskID" : "task_201407031554_1968_m_000012",
    "inputBytes" : 256634810,
    "inputRecords" : 6227,
    "outputBytes" : 42771767,
    "outputRecords" : 23479238
  }, {
    "startTime" : 1405044457258,
    "taskType" : "MAP",
    "taskStatus" : "SUCCESS",
    "attempts" : [ {
      "location" : {
        "layers" : [ "default-rack", "Slave22" ]
      },
      "hostName" : "/default-rack/Slave22",
      "result" : "SUCCESS",
      "startTime" : 1405044442229,
      "attemptID" : "attempt_201407031554_1968_m_000013_0",
      "finishTime" : 1405044472397,
      "shuffleFinished" : -1,
      "sortFinished" : -1,
      "hdfsBytesRead" : 256634749,
      "hdfsBytesWritten" : -1,
      "fileBytesRead" : 23993453,
      "fileBytesWritten" : 37865447,
      "mapInputRecords" : 6105,
      "mapOutputBytes" : 355045811,
      "mapOutputRecords" : 23583894,
      "combineInputRecords" : 24204504,
      "reduceInputGroups" : -1,
      "reduceInputRecords" : -1,
      "reduceShuffleBytes" : -1,
      "reduceOutputRecords" : -1,
      "spilledRecords" : 1360959,
      "mapInputBytes" : -1,
      "resourceUsageMetrics" : {
        "cumulativeCpuUsage" : 46770,
        "virtualMemoryUsage" : 1270939648,
        "physicalMemoryUsage" : 787800064,
        "heapUsage" : 792199168
      }
    } ],
    "finishTime" : 1405044487565,
    "preferredLocations" : [ {
      "layers" : [ "default-rack", "Slave23" ]
    }, {
      "layers" : [ "default-rack", "Slave21" ]
    }, {
      "layers" : [ "default-rack", "Slave22" ]
    } ],
    "taskID" : "task_201407031554_1968_m_000013",
    "inputBytes" : 256634749,
    "inputRecords" : 6105,
    "outputBytes" : 37865447,
    "outputRecords" : 23583894
  }, {
    "startTime" : 1405044457922,
    "taskType" : "MAP",
    "taskStatus" : "SUCCESS",
    "attempts" : [ {
      "location" : {
        "layers" : [ "default-rack", "Slave21" ]
      },
      "hostName" : "/default-rack/Slave21",
      "result" : "SUCCESS",
      "startTime" : 1405044448727,
      "attemptID" : "attempt_201407031554_1968_m_000011_0",
      "finishTime" : 1405044479723,
      "shuffleFinished" : -1,
      "sortFinished" : -1,
      "hdfsBytesRead" : 256634837,
      "hdfsBytesWritten" : -1,
      "fileBytesRead" : 27401002,
      "fileBytesWritten" : 43556015,
      "mapInputRecords" : 6197,
      "mapOutputBytes" : 354198447,
      "mapOutputRecords" : 23478639,
      "combineInputRecords" : 24099807,
      "reduceInputGroups" : -1,
      "reduceInputRecords" : -1,
      "reduceShuffleBytes" : -1,
      "reduceOutputRecords" : -1,
      "spilledRecords" : 1363585,
      "mapInputBytes" : -1,
      "resourceUsageMetrics" : {
        "cumulativeCpuUsage" : 47940,
        "virtualMemoryUsage" : 1270931456,
        "physicalMemoryUsage" : 773283840,
        "heapUsage" : 767819776
      }
    } ],
    "finishTime" : 1405044489070,
    "preferredLocations" : [ {
      "layers" : [ "default-rack", "Master2" ]
    }, {
      "layers" : [ "default-rack", "Slave23" ]
    }, {
      "layers" : [ "default-rack", "Slave21" ]
    } ],
    "taskID" : "task_201407031554_1968_m_000011",
    "inputBytes" : 256634837,
    "inputRecords" : 6197,
    "outputBytes" : 43556015,
    "outputRecords" : 23478639
  }, {
    "startTime" : 1405044458177,
    "taskType" : "MAP",
    "taskStatus" : "SUCCESS",
    "attempts" : [ {
      "location" : {
        "layers" : [ "default-rack", "Master2" ]
      },
      "hostName" : "/default-rack/Master2",
      "result" : "SUCCESS",
      "startTime" : 1405044458178,
      "attemptID" : "attempt_201407031554_1968_m_000014_0",
      "finishTime" : 1405044487466,
      "shuffleFinished" : -1,
      "sortFinished" : -1,
      "hdfsBytesRead" : 256634712,
      "hdfsBytesWritten" : -1,
      "fileBytesRead" : 26510590,
      "fileBytesWritten" : 42084011,
      "mapInputRecords" : 6212,
      "mapOutputBytes" : 353554088,
      "mapOutputRecords" : 23477343,
      "combineInputRecords" : 24098526,
      "reduceInputGroups" : -1,
      "reduceInputRecords" : -1,
      "reduceShuffleBytes" : -1,
      "reduceOutputRecords" : -1,
      "spilledRecords" : 1363108,
      "mapInputBytes" : -1,
      "resourceUsageMetrics" : {
        "cumulativeCpuUsage" : 44830,
        "virtualMemoryUsage" : 1270247424,
        "physicalMemoryUsage" : 776368128,
        "heapUsage" : 781713408
      }
    } ],
    "finishTime" : 1405044487673,
    "preferredLocations" : [ {
      "layers" : [ "default-rack", "Master2" ]
    }, {
      "layers" : [ "default-rack", "Slave21" ]
    }, {
      "layers" : [ "default-rack", "Slave23" ]
    } ],
    "taskID" : "task_201407031554_1968_m_000014",
    "inputBytes" : 256634712,
    "inputRecords" : 6212,
    "outputBytes" : 42084011,
    "outputRecords" : 23477343
  }, {
    "startTime" : 1405044458643,
    "taskType" : "MAP",
    "taskStatus" : "SUCCESS",
    "attempts" : [ {
      "location" : {
        "layers" : [ "default-rack", "Slave23" ]
      },
      "hostName" : "/default-rack/Slave23",
      "result" : "SUCCESS",
      "startTime" : 1405044461818,
      "attemptID" : "attempt_201407031554_1968_m_000018_0",
      "finishTime" : 1405044492615,
      "shuffleFinished" : -1,
      "sortFinished" : -1,
      "hdfsBytesRead" : 256634486,
      "hdfsBytesWritten" : -1,
      "fileBytesRead" : 27957382,
      "fileBytesWritten" : 44496885,
      "mapInputRecords" : 6198,
      "mapOutputBytes" : 354638828,
      "mapOutputRecords" : 23482323,
      "combineInputRecords" : 24103043,
      "reduceInputGroups" : -1,
      "reduceInputRecords" : -1,
      "reduceShuffleBytes" : -1,
      "reduceOutputRecords" : -1,
      "spilledRecords" : 1361889,
      "mapInputBytes" : -1,
      "resourceUsageMetrics" : {
        "cumulativeCpuUsage" : 47130,
        "virtualMemoryUsage" : 1271017472,
        "physicalMemoryUsage" : 773910528,
        "heapUsage" : 768868352
      }
    } ],
    "finishTime" : 1405044489685,
    "preferredLocations" : [ {
      "layers" : [ "default-rack", "Master2" ]
    }, {
      "layers" : [ "default-rack", "Slave22" ]
    }, {
      "layers" : [ "default-rack", "Slave23" ]
    } ],
    "taskID" : "task_201407031554_1968_m_000018",
    "inputBytes" : 256634486,
    "inputRecords" : 6198,
    "outputBytes" : 44496885,
    "outputRecords" : 23482323
  }, {
    "startTime" : 1405044486976,
    "taskType" : "MAP",
    "taskStatus" : "SUCCESS",
    "attempts" : [ {
      "location" : {
        "layers" : [ "default-rack", "Slave23" ]
      },
      "hostName" : "/default-rack/Slave23",
      "result" : "SUCCESS",
      "startTime" : 1405044490151,
      "attemptID" : "attempt_201407031554_1968_m_000019_0",
      "finishTime" : 1405044519008,
      "shuffleFinished" : -1,
      "sortFinished" : -1,
      "hdfsBytesRead" : 256634040,
      "hdfsBytesWritten" : -1,
      "fileBytesRead" : 27394916,
      "fileBytesWritten" : 43557221,
      "mapInputRecords" : 6278,
      "mapOutputBytes" : 354195442,
      "mapOutputRecords" : 23478486,
      "combineInputRecords" : 24099027,
      "reduceInputGroups" : -1,
      "reduceInputRecords" : -1,
      "reduceShuffleBytes" : -1,
      "reduceOutputRecords" : -1,
      "spilledRecords" : 1362888,
      "mapInputBytes" : -1,
      "resourceUsageMetrics" : {
        "cumulativeCpuUsage" : 43600,
        "virtualMemoryUsage" : 1270243328,
        "physicalMemoryUsage" : 794370048,
        "heapUsage" : 797704192
      }
    } ],
    "finishTime" : 1405044516041,
    "preferredLocations" : [ {
      "layers" : [ "default-rack", "Slave22" ]
    }, {
      "layers" : [ "default-rack", "Slave21" ]
    }, {
      "layers" : [ "default-rack", "Slave23" ]
    } ],
    "taskID" : "task_201407031554_1968_m_000019",
    "inputBytes" : 256634040,
    "inputRecords" : 6278,
    "outputBytes" : 43557221,
    "outputRecords" : 23478486
  }, {
    "startTime" : 1405044487264,
    "taskType" : "MAP",
    "taskStatus" : "SUCCESS",
    "attempts" : [ {
      "location" : {
        "layers" : [ "default-rack", "Slave21" ]
      },
      "hostName" : "/default-rack/Slave21",
      "result" : "SUCCESS",
      "startTime" : 1405044478069,
      "attemptID" : "attempt_201407031554_1968_m_000015_0",
      "finishTime" : 1405044508432,
      "shuffleFinished" : -1,
      "sortFinished" : -1,
      "hdfsBytesRead" : 256634603,
      "hdfsBytesWritten" : -1,
      "fileBytesRead" : 27223023,
      "fileBytesWritten" : 43253120,
      "mapInputRecords" : 6177,
      "mapOutputBytes" : 354096679,
      "mapOutputRecords" : 23479525,
      "combineInputRecords" : 24099761,
      "reduceInputGroups" : -1,
      "reduceInputRecords" : -1,
      "reduceShuffleBytes" : -1,
      "reduceOutputRecords" : -1,
      "spilledRecords" : 1361188,
      "mapInputBytes" : -1,
      "resourceUsageMetrics" : {
        "cumulativeCpuUsage" : 47940,
        "virtualMemoryUsage" : 1273012224,
        "physicalMemoryUsage" : 780619776,
        "heapUsage" : 774111232
      }
    } ],
    "finishTime" : 1405044517644,
    "preferredLocations" : [ {
      "layers" : [ "default-rack", "Master2" ]
    }, {
      "layers" : [ "default-rack", "Slave22" ]
    }, {
      "layers" : [ "default-rack", "Slave21" ]
    } ],
    "taskID" : "task_201407031554_1968_m_000015",
    "inputBytes" : 256634603,
    "inputRecords" : 6177,
    "outputBytes" : 43253120,
    "outputRecords" : 23479525
  }, {
    "startTime" : 1405044487372,
    "taskType" : "MAP",
    "taskStatus" : "SUCCESS",
    "attempts" : [ {
      "location" : {
        "layers" : [ "default-rack", "Master2" ]
      },
      "hostName" : "/default-rack/Master2",
      "result" : "SUCCESS",
      "startTime" : 1405044487373,
      "attemptID" : "attempt_201407031554_1968_m_000016_0",
      "finishTime" : 1405044516995,
      "shuffleFinished" : -1,
      "sortFinished" : -1,
      "hdfsBytesRead" : 256634574,
      "hdfsBytesWritten" : -1,
      "fileBytesRead" : 26829732,
      "fileBytesWritten" : 42592297,
      "mapInputRecords" : 6223,
      "mapOutputBytes" : 353765494,
      "mapOutputRecords" : 23477094,
      "combineInputRecords" : 24098281,
      "reduceInputGroups" : -1,
      "reduceInputRecords" : -1,
      "reduceShuffleBytes" : -1,
      "reduceOutputRecords" : -1,
      "spilledRecords" : 1363618,
      "mapInputBytes" : -1,
      "resourceUsageMetrics" : {
        "cumulativeCpuUsage" : 45630,
        "virtualMemoryUsage" : 1270218752,
        "physicalMemoryUsage" : 782311424,
        "heapUsage" : 779091968
      }
    } ],
    "finishTime" : 1405044517118,
    "preferredLocations" : [ {
      "layers" : [ "default-rack", "Master2" ]
    }, {
      "layers" : [ "default-rack", "Slave22" ]
    }, {
      "layers" : [ "default-rack", "Slave21" ]
    } ],
    "taskID" : "task_201407031554_1968_m_000016",
    "inputBytes" : 256634574,
    "inputRecords" : 6223,
    "outputBytes" : 42592297,
    "outputRecords" : 23477094
  }, {
    "startTime" : 1405044487565,
    "taskType" : "MAP",
    "taskStatus" : "SUCCESS",
    "attempts" : [ {
      "location" : {
        "layers" : [ "default-rack", "Slave22" ]
      },
      "hostName" : "/default-rack/Slave22",
      "result" : "SUCCESS",
      "startTime" : 1405044472536,
      "attemptID" : "attempt_201407031554_1968_m_000017_0",
      "finishTime" : 1405044502781,
      "shuffleFinished" : -1,
      "sortFinished" : -1,
      "hdfsBytesRead" : 256634558,
      "hdfsBytesWritten" : -1,
      "fileBytesRead" : 27089600,
      "fileBytesWritten" : 43039980,
      "mapInputRecords" : 6163,
      "mapOutputBytes" : 353986406,
      "mapOutputRecords" : 23478826,
      "combineInputRecords" : 24099410,
      "reduceInputGroups" : -1,
      "reduceInputRecords" : -1,
      "reduceShuffleBytes" : -1,
      "reduceOutputRecords" : -1,
      "spilledRecords" : 1361861,
      "mapInputBytes" : -1,
      "resourceUsageMetrics" : {
        "cumulativeCpuUsage" : 46890,
        "virtualMemoryUsage" : 1270939648,
        "physicalMemoryUsage" : 788750336,
        "heapUsage" : 791674880
      }
    } ],
    "finishTime" : 1405044518020,
    "preferredLocations" : [ {
      "layers" : [ "default-rack", "Master2" ]
    }, {
      "layers" : [ "default-rack", "Slave22" ]
    }, {
      "layers" : [ "default-rack", "Slave21" ]
    } ],
    "taskID" : "task_201407031554_1968_m_000017",
    "inputBytes" : 256634558,
    "inputRecords" : 6163,
    "outputBytes" : 43039980,
    "outputRecords" : 23478826
  }, {
    "startTime" : 1405044487673,
    "taskType" : "MAP",
    "taskStatus" : "SUCCESS",
    "attempts" : [ {
      "location" : {
        "layers" : [ "default-rack", "Master2" ]
      },
      "hostName" : "/default-rack/Master2",
      "result" : "SUCCESS",
      "startTime" : 1405044487674,
      "attemptID" : "attempt_201407031554_1968_m_000020_0",
      "finishTime" : 1405044516024,
      "shuffleFinished" : -1,
      "sortFinished" : -1,
      "hdfsBytesRead" : 256633961,
      "hdfsBytesWritten" : -1,
      "fileBytesRead" : 27696206,
      "fileBytesWritten" : 44052369,
      "mapInputRecords" : 6080,
      "mapOutputBytes" : 354408397,
      "mapOutputRecords" : 23478666,
      "combineInputRecords" : 24099829,
      "reduceInputGroups" : -1,
      "reduceInputRecords" : -1,
      "reduceShuffleBytes" : -1,
      "reduceOutputRecords" : -1,
      "spilledRecords" : 1363667,
      "mapInputBytes" : -1,
      "resourceUsageMetrics" : {
        "cumulativeCpuUsage" : 43350,
        "virtualMemoryUsage" : 1270247424,
        "physicalMemoryUsage" : 783466496,
        "heapUsage" : 783810560
      }
    } ],
    "finishTime" : 1405044516217,
    "preferredLocations" : [ {
      "layers" : [ "default-rack", "Master2" ]
    }, {
      "layers" : [ "default-rack", "Slave21" ]
    }, {
      "layers" : [ "default-rack", "Slave22" ]
    } ],
    "taskID" : "task_201407031554_1968_m_000020",
    "inputBytes" : 256633961,
    "inputRecords" : 6080,
    "outputBytes" : 44052369,
    "outputRecords" : 23478666
  }, {
    "startTime" : 1405044487867,
    "taskType" : "MAP",
    "taskStatus" : "SUCCESS",
    "attempts" : [ {
      "location" : {
        "layers" : [ "default-rack", "Slave22" ]
      },
      "hostName" : "/default-rack/Slave22",
      "result" : "SUCCESS",
      "startTime" : 1405044472839,
      "attemptID" : "attempt_201407031554_1968_m_000021_0",
      "finishTime" : 1405044502180,
      "shuffleFinished" : -1,
      "sortFinished" : -1,
      "hdfsBytesRead" : 256633956,
      "hdfsBytesWritten" : -1,
      "fileBytesRead" : 27695657,
      "fileBytesWritten" : 44024393,
      "mapInputRecords" : 6236,
      "mapOutputBytes" : 354405518,
      "mapOutputRecords" : 23477326,
      "combineInputRecords" : 24098255,
      "reduceInputGroups" : -1,
      "reduceInputRecords" : -1,
      "reduceShuffleBytes" : -1,
      "reduceOutputRecords" : -1,
      "spilledRecords" : 1362620,
      "mapInputBytes" : -1,
      "resourceUsageMetrics" : {
        "cumulativeCpuUsage" : 44990,
        "virtualMemoryUsage" : 1272877056,
        "physicalMemoryUsage" : 781389824,
        "heapUsage" : 775946240
      }
    } ],
    "finishTime" : 1405044517417,
    "preferredLocations" : [ {
      "layers" : [ "default-rack", "Slave21" ]
    }, {
      "layers" : [ "default-rack", "Slave23" ]
    }, {
      "layers" : [ "default-rack", "Slave22" ]
    } ],
    "taskID" : "task_201407031554_1968_m_000021",
    "inputBytes" : 256633956,
    "inputRecords" : 6236,
    "outputBytes" : 44024393,
    "outputRecords" : 23477326
  }, {
    "startTime" : 1405044489070,
    "taskType" : "MAP",
    "taskStatus" : "SUCCESS",
    "attempts" : [ {
      "location" : {
        "layers" : [ "default-rack", "Slave21" ]
      },
      "hostName" : "/default-rack/Slave21",
      "result" : "SUCCESS",
      "startTime" : 1405044479876,
      "attemptID" : "attempt_201407031554_1968_m_000022_0",
      "finishTime" : 1405044510702,
      "shuffleFinished" : -1,
      "sortFinished" : -1,
      "hdfsBytesRead" : 256633760,
      "hdfsBytesWritten" : -1,
      "fileBytesRead" : 21688070,
      "fileBytesWritten" : 33960073,
      "mapInputRecords" : 6169,
      "mapOutputBytes" : 354623914,
      "mapOutputRecords" : 23585376,
      "combineInputRecords" : 24206066,
      "reduceInputGroups" : -1,
      "reduceInputRecords" : -1,
      "reduceShuffleBytes" : -1,
      "reduceOutputRecords" : -1,
      "spilledRecords" : 1361107,
      "mapInputBytes" : -1,
      "resourceUsageMetrics" : {
        "cumulativeCpuUsage" : 47470,
        "virtualMemoryUsage" : 1270931456,
        "physicalMemoryUsage" : 775741440,
        "heapUsage" : 770179072
      }
    } ],
    "finishTime" : 1405044520059,
    "preferredLocations" : [ {
      "layers" : [ "default-rack", "Master2" ]
    }, {
      "layers" : [ "default-rack", "Slave23" ]
    }, {
      "layers" : [ "default-rack", "Slave21" ]
    } ],
    "taskID" : "task_201407031554_1968_m_000022",
    "inputBytes" : 256633760,
    "inputRecords" : 6169,
    "outputBytes" : 33960073,
    "outputRecords" : 23585376
  }, {
    "startTime" : 1405044489686,
    "taskType" : "MAP",
    "taskStatus" : "SUCCESS",
    "attempts" : [ {
      "location" : {
        "layers" : [ "default-rack", "Slave23" ]
      },
      "hostName" : "/default-rack/Slave23",
      "result" : "SUCCESS",
      "startTime" : 1405044492861,
      "attemptID" : "attempt_201407031554_1968_m_000023_0",
      "finishTime" : 1405044523205,
      "shuffleFinished" : -1,
      "sortFinished" : -1,
      "hdfsBytesRead" : 256633638,
      "hdfsBytesWritten" : -1,
      "fileBytesRead" : 24142885,
      "fileBytesWritten" : 38123791,
      "mapInputRecords" : 6228,
      "mapOutputBytes" : 354831800,
      "mapOutputRecords" : 23584291,
      "combineInputRecords" : 24204979,
      "reduceInputGroups" : -1,
      "reduceInputRecords" : -1,
      "reduceShuffleBytes" : -1,
      "reduceOutputRecords" : -1,
      "spilledRecords" : 1361678,
      "mapInputBytes" : -1,
      "resourceUsageMetrics" : {
        "cumulativeCpuUsage" : 47960,
        "virtualMemoryUsage" : 1271017472,
        "physicalMemoryUsage" : 777859072,
        "heapUsage" : 772800512
      }
    } ],
    "finishTime" : 1405044520260,
    "preferredLocations" : [ {
      "layers" : [ "default-rack", "Slave21" ]
    }, {
      "layers" : [ "default-rack", "Slave23" ]
    }, {
      "layers" : [ "default-rack", "Slave22" ]
    } ],
    "taskID" : "task_201407031554_1968_m_000023",
    "inputBytes" : 256633638,
    "inputRecords" : 6228,
    "outputBytes" : 38123791,
    "outputRecords" : 23584291
  }, {
    "startTime" : 1405044516042,
    "taskType" : "MAP",
    "taskStatus" : "SUCCESS",
    "attempts" : [ {
      "location" : {
        "layers" : [ "default-rack", "Slave23" ]
      },
      "hostName" : "/default-rack/Slave23",
      "result" : "SUCCESS",
      "startTime" : 1405044519217,
      "attemptID" : "attempt_201407031554_1968_m_000024_0",
      "finishTime" : 1405044547171,
      "shuffleFinished" : -1,
      "sortFinished" : -1,
      "hdfsBytesRead" : 256633575,
      "hdfsBytesWritten" : -1,
      "fileBytesRead" : 27094234,
      "fileBytesWritten" : 43034938,
      "mapInputRecords" : 6180,
      "mapOutputBytes" : 353982443,
      "mapOutputRecords" : 23478229,
      "combineInputRecords" : 24099147,
      "reduceInputGroups" : -1,
      "reduceInputRecords" : -1,
      "reduceShuffleBytes" : -1,
      "reduceOutputRecords" : -1,
      "spilledRecords" : 1362550,
      "mapInputBytes" : -1,
      "resourceUsageMetrics" : {
        "cumulativeCpuUsage" : 42150,
        "virtualMemoryUsage" : 1270243328,
        "physicalMemoryUsage" : 795066368,
        "heapUsage" : 796917760
      }
    } ],
    "finishTime" : 1405044544048,
    "preferredLocations" : [ {
      "layers" : [ "default-rack", "Master2" ]
    }, {
      "layers" : [ "default-rack", "Slave22" ]
    }, {
      "layers" : [ "default-rack", "Slave23" ]
    } ],
    "taskID" : "task_201407031554_1968_m_000024",
    "inputBytes" : 256633575,
    "inputRecords" : 6180,
    "outputBytes" : 43034938,
    "outputRecords" : 23478229
  }, {
    "startTime" : 1405044516217,
    "taskType" : "MAP",
    "taskStatus" : "SUCCESS",
    "attempts" : [ {
      "location" : {
        "layers" : [ "default-rack", "Master2" ]
      },
      "hostName" : "/default-rack/Master2",
      "result" : "SUCCESS",
      "startTime" : 1405044516218,
      "attemptID" : "attempt_201407031554_1968_m_000025_0",
      "finishTime" : 1405044546645,
      "shuffleFinished" : -1,
      "sortFinished" : -1,
      "hdfsBytesRead" : 256633033,
      "hdfsBytesWritten" : -1,
      "fileBytesRead" : 27685494,
      "fileBytesWritten" : 44005558,
      "mapInputRecords" : 6107,
      "mapOutputBytes" : 354406467,
      "mapOutputRecords" : 23477851,
      "combineInputRecords" : 24098170,
      "reduceInputGroups" : -1,
      "reduceInputRecords" : -1,
      "reduceShuffleBytes" : -1,
      "reduceOutputRecords" : -1,
      "spilledRecords" : 1361489,
      "mapInputBytes" : -1,
      "resourceUsageMetrics" : {
        "cumulativeCpuUsage" : 48530,
        "virtualMemoryUsage" : 1270247424,
        "physicalMemoryUsage" : 784543744,
        "heapUsage" : 787218432
      }
    } ],
    "finishTime" : 1405044546915,
    "preferredLocations" : [ {
      "layers" : [ "default-rack", "Master2" ]
    }, {
      "layers" : [ "default-rack", "Slave21" ]
    }, {
      "layers" : [ "default-rack", "Slave23" ]
    } ],
    "taskID" : "task_201407031554_1968_m_000025",
    "inputBytes" : 256633033,
    "inputRecords" : 6107,
    "outputBytes" : 44005558,
    "outputRecords" : 23477851
  }, {
    "startTime" : 1405044517119,
    "taskType" : "MAP",
    "taskStatus" : "SUCCESS",
    "attempts" : [ {
      "location" : {
        "layers" : [ "default-rack", "Master2" ]
      },
      "hostName" : "/default-rack/Master2",
      "result" : "SUCCESS",
      "startTime" : 1405044517120,
      "attemptID" : "attempt_201407031554_1968_m_000026_0",
      "finishTime" : 1405044546705,
      "shuffleFinished" : -1,
      "sortFinished" : -1,
      "hdfsBytesRead" : 256632990,
      "hdfsBytesWritten" : -1,
      "fileBytesRead" : 27960005,
      "fileBytesWritten" : 44508183,
      "mapInputRecords" : 6181,
      "mapOutputBytes" : 354623426,
      "mapOutputRecords" : 23478731,
      "combineInputRecords" : 24099241,
      "reduceInputGroups" : -1,
      "reduceInputRecords" : -1,
      "reduceShuffleBytes" : -1,
      "reduceOutputRecords" : -1,
      "spilledRecords" : 1361558,
      "mapInputBytes" : -1,
      "resourceUsageMetrics" : {
        "cumulativeCpuUsage" : 46080,
        "virtualMemoryUsage" : 1270218752,
        "physicalMemoryUsage" : 790634496,
        "heapUsage" : 785907712
      }
    } ],
    "finishTime" : 1405044546915,
    "preferredLocations" : [ {
      "layers" : [ "default-rack", "Master2" ]
    }, {
      "layers" : [ "default-rack", "Slave23" ]
    }, {
      "layers" : [ "default-rack", "Slave21" ]
    } ],
    "taskID" : "task_201407031554_1968_m_000026",
    "inputBytes" : 256632990,
    "inputRecords" : 6181,
    "outputBytes" : 44508183,
    "outputRecords" : 23478731
  }, {
    "startTime" : 1405044517418,
    "taskType" : "MAP",
    "taskStatus" : "SUCCESS",
    "attempts" : [ {
      "location" : {
        "layers" : [ "default-rack", "Slave22" ]
      },
      "hostName" : "/default-rack/Slave22",
      "result" : "SUCCESS",
      "startTime" : 1405044502388,
      "attemptID" : "attempt_201407031554_1968_m_000027_0",
      "finishTime" : 1405044533089,
      "shuffleFinished" : -1,
      "sortFinished" : -1,
      "hdfsBytesRead" : 256632932,
      "hdfsBytesWritten" : -1,
      "fileBytesRead" : 27974909,
      "fileBytesWritten" : 44505233,
      "mapInputRecords" : 6152,
      "mapOutputBytes" : 354623496,
      "mapOutputRecords" : 23479094,
      "combineInputRecords" : 24099398,
      "reduceInputGroups" : -1,
      "reduceInputRecords" : -1,
      "reduceShuffleBytes" : -1,
      "reduceOutputRecords" : -1,
      "spilledRecords" : 1361658,
      "mapInputBytes" : -1,
      "resourceUsageMetrics" : {
        "cumulativeCpuUsage" : 48180,
        "virtualMemoryUsage" : 1273024512,
        "physicalMemoryUsage" : 784691200,
        "heapUsage" : 777781248
      }
    } ],
    "finishTime" : 1405044548135,
    "preferredLocations" : [ {
      "layers" : [ "default-rack", "Master2" ]
    }, {
      "layers" : [ "default-rack", "Slave21" ]
    }, {
      "layers" : [ "default-rack", "Slave22" ]
    } ],
    "taskID" : "task_201407031554_1968_m_000027",
    "inputBytes" : 256632932,
    "inputRecords" : 6152,
    "outputBytes" : 44505233,
    "outputRecords" : 23479094
  }, {
    "startTime" : 1405044517652,
    "taskType" : "MAP",
    "taskStatus" : "SUCCESS",
    "attempts" : [ {
      "location" : {
        "layers" : [ "default-rack", "Slave21" ]
      },
      "hostName" : "/default-rack/Slave21",
      "result" : "SUCCESS",
      "startTime" : 1405044508457,
      "attemptID" : "attempt_201407031554_1968_m_000028_0",
      "finishTime" : 1405044538010,
      "shuffleFinished" : -1,
      "sortFinished" : -1,
      "hdfsBytesRead" : 256632898,
      "hdfsBytesWritten" : -1,
      "fileBytesRead" : 27377171,
      "fileBytesWritten" : 43507771,
      "mapInputRecords" : 6238,
      "mapOutputBytes" : 354191172,
      "mapOutputRecords" : 23477455,
      "combineInputRecords" : 24097657,
      "reduceInputGroups" : -1,
      "reduceInputRecords" : -1,
      "reduceShuffleBytes" : -1,
      "reduceOutputRecords" : -1,
      "spilledRecords" : 1361501,
      "mapInputBytes" : -1,
      "resourceUsageMetrics" : {
        "cumulativeCpuUsage" : 44340,
        "virtualMemoryUsage" : 1273012224,
        "physicalMemoryUsage" : 588099584,
        "heapUsage" : 777256960
      }
    } ],
    "finishTime" : 1405044547422,
    "preferredLocations" : [ {
      "layers" : [ "default-rack", "Master2" ]
    }, {
      "layers" : [ "default-rack", "Slave23" ]
    }, {
      "layers" : [ "default-rack", "Slave21" ]
    } ],
    "taskID" : "task_201407031554_1968_m_000028",
    "inputBytes" : 256632898,
    "inputRecords" : 6238,
    "outputBytes" : 43507771,
    "outputRecords" : 23477455
  }, {
    "startTime" : 1405044518020,
    "taskType" : "MAP",
    "taskStatus" : "SUCCESS",
    "attempts" : [ {
      "location" : {
        "layers" : [ "default-rack", "Slave22" ]
      },
      "hostName" : "/default-rack/Slave22",
      "result" : "SUCCESS",
      "startTime" : 1405044502990,
      "attemptID" : "attempt_201407031554_1968_m_000029_0",
      "finishTime" : 1405044532758,
      "shuffleFinished" : -1,
      "sortFinished" : -1,
      "hdfsBytesRead" : 256632830,
      "hdfsBytesWritten" : -1,
      "fileBytesRead" : 27977984,
      "fileBytesWritten" : 44523801,
      "mapInputRecords" : 6175,
      "mapOutputBytes" : 354616756,
      "mapOutputRecords" : 23477741,
      "combineInputRecords" : 24098674,
      "reduceInputGroups" : -1,
      "reduceInputRecords" : -1,
      "reduceShuffleBytes" : -1,
      "reduceOutputRecords" : -1,
      "spilledRecords" : 1363136,
      "mapInputBytes" : -1,
      "resourceUsageMetrics" : {
        "cumulativeCpuUsage" : 46210,
        "virtualMemoryUsage" : 1270939648,
        "physicalMemoryUsage" : 796807168,
        "heapUsage" : 797442048
      }
    } ],
    "finishTime" : 1405044547833,
    "preferredLocations" : [ {
      "layers" : [ "default-rack", "Slave23" ]
    }, {
      "layers" : [ "default-rack", "Slave21" ]
    }, {
      "layers" : [ "default-rack", "Slave22" ]
    } ],
    "taskID" : "task_201407031554_1968_m_000029",
    "inputBytes" : 256632830,
    "inputRecords" : 6175,
    "outputBytes" : 44523801,
    "outputRecords" : 23477741
  }, {
    "startTime" : 1405044520059,
    "taskType" : "MAP",
    "taskStatus" : "SUCCESS",
    "attempts" : [ {
      "location" : {
        "layers" : [ "default-rack", "Slave21" ]
      },
      "hostName" : "/default-rack/Slave21",
      "result" : "SUCCESS",
      "startTime" : 1405044510864,
      "attemptID" : "attempt_201407031554_1968_m_000030_0",
      "finishTime" : 1405044542471,
      "shuffleFinished" : -1,
      "sortFinished" : -1,
      "hdfsBytesRead" : 256632446,
      "hdfsBytesWritten" : -1,
      "fileBytesRead" : 26495464,
      "fileBytesWritten" : 42052050,
      "mapInputRecords" : 6182,
      "mapOutputBytes" : 353562474,
      "mapOutputRecords" : 23479833,
      "combineInputRecords" : 24099976,
      "reduceInputGroups" : -1,
      "reduceInputRecords" : -1,
      "reduceShuffleBytes" : -1,
      "reduceOutputRecords" : -1,
      "spilledRecords" : 1361490,
      "mapInputBytes" : -1,
      "resourceUsageMetrics" : {
        "cumulativeCpuUsage" : 49490,
        "virtualMemoryUsage" : 1270931456,
        "physicalMemoryUsage" : 778559488,
        "heapUsage" : 772276224
      }
    } ],
    "finishTime" : 1405044551954,
    "preferredLocations" : [ {
      "layers" : [ "default-rack", "Master2" ]
    }, {
      "layers" : [ "default-rack", "Slave21" ]
    }, {
      "layers" : [ "default-rack", "Slave23" ]
    } ],
    "taskID" : "task_201407031554_1968_m_000030",
    "inputBytes" : 256632446,
    "inputRecords" : 6182,
    "outputBytes" : 42052050,
    "outputRecords" : 23479833
  }, {
    "startTime" : 1405044520260,
    "taskType" : "MAP",
    "taskStatus" : "SUCCESS",
    "attempts" : [ {
      "location" : {
        "layers" : [ "default-rack", "Slave23" ]
      },
      "hostName" : "/default-rack/Slave23",
      "result" : "SUCCESS",
      "startTime" : 1405044523435,
      "attemptID" : "attempt_201407031554_1968_m_000031_0",
      "finishTime" : 1405044554543,
      "shuffleFinished" : -1,
      "sortFinished" : -1,
      "hdfsBytesRead" : 256632157,
      "hdfsBytesWritten" : -1,
      "fileBytesRead" : 22984724,
      "fileBytesWritten" : 36142326,
      "mapInputRecords" : 112634,
      "mapOutputBytes" : 354419735,
      "mapOutputRecords" : 23588240,
      "combineInputRecords" : 24208610,
      "reduceInputGroups" : -1,
      "reduceInputRecords" : -1,
      "reduceShuffleBytes" : -1,
      "reduceOutputRecords" : -1,
      "spilledRecords" : 1360578,
      "mapInputBytes" : -1,
      "resourceUsageMetrics" : {
        "cumulativeCpuUsage" : 49000,
        "virtualMemoryUsage" : 1271017472,
        "physicalMemoryUsage" : 780754944,
        "heapUsage" : 776208384
      }
    } ],
    "finishTime" : 1405044551578,
    "preferredLocations" : [ {
      "layers" : [ "default-rack", "Master2" ]
    }, {
      "layers" : [ "default-rack", "Slave22" ]
    }, {
      "layers" : [ "default-rack", "Slave23" ]
    } ],
    "taskID" : "task_201407031554_1968_m_000031",
    "inputBytes" : 256632157,
    "inputRecords" : 112634,
    "outputBytes" : 36142326,
    "outputRecords" : 23588240
  }, {
    "startTime" : 1405044544048,
    "taskType" : "MAP",
    "taskStatus" : "SUCCESS",
    "attempts" : [ {
      "location" : {
        "layers" : [ "default-rack", "Slave23" ]
      },
      "hostName" : "/default-rack/Slave23",
      "result" : "SUCCESS",
      "startTime" : 1405044547224,
      "attemptID" : "attempt_201407031554_1968_m_000032_0",
      "finishTime" : 1405044576966,
      "shuffleFinished" : -1,
      "sortFinished" : -1,
      "hdfsBytesRead" : 256631747,
      "hdfsBytesWritten" : -1,
      "fileBytesRead" : 27681017,
      "fileBytesWritten" : 44003679,
      "mapInputRecords" : 6217,
      "mapOutputBytes" : 354400199,
      "mapOutputRecords" : 23476987,
      "combineInputRecords" : 24097618,
      "reduceInputGroups" : -1,
      "reduceInputRecords" : -1,
      "reduceShuffleBytes" : -1,
      "reduceOutputRecords" : -1,
      "spilledRecords" : 1362145,
      "mapInputBytes" : -1,
      "resourceUsageMetrics" : {
        "cumulativeCpuUsage" : 43720,
        "virtualMemoryUsage" : 1270243328,
        "physicalMemoryUsage" : 805986304,
        "heapUsage" : 805830656
      }
    } ],
    "finishTime" : 1405044573885,
    "preferredLocations" : [ {
      "layers" : [ "default-rack", "Slave22" ]
    }, {
      "layers" : [ "default-rack", "Slave23" ]
    }, {
      "layers" : [ "default-rack", "Slave21" ]
    } ],
    "taskID" : "task_201407031554_1968_m_000032",
    "inputBytes" : 256631747,
    "inputRecords" : 6217,
    "outputBytes" : 44003679,
    "outputRecords" : 23476987
  }, {
    "startTime" : 1405044546915,
    "taskType" : "MAP",
    "taskStatus" : "SUCCESS",
    "attempts" : [ {
      "location" : {
        "layers" : [ "default-rack", "Master2" ]
      },
      "hostName" : "/default-rack/Master2",
      "result" : "SUCCESS",
      "startTime" : 1405044546916,
      "attemptID" : "attempt_201407031554_1968_m_000033_0",
      "finishTime" : 1405044577103,
      "shuffleFinished" : -1,
      "sortFinished" : -1,
      "hdfsBytesRead" : 256631423,
      "hdfsBytesWritten" : -1,
      "fileBytesRead" : 27209127,
      "fileBytesWritten" : 43238016,
      "mapInputRecords" : 6378,
      "mapOutputBytes" : 354093502,
      "mapOutputRecords" : 23480295,
      "combineInputRecords" : 24100467,
      "reduceInputGroups" : -1,
      "reduceInputRecords" : -1,
      "reduceShuffleBytes" : -1,
      "reduceOutputRecords" : -1,
      "spilledRecords" : 1361009,
      "mapInputBytes" : -1,
      "resourceUsageMetrics" : {
        "cumulativeCpuUsage" : 45940,
        "virtualMemoryUsage" : 1270218752,
        "physicalMemoryUsage" : 793649152,
        "heapUsage" : 789577728
      }
    } ],
    "finishTime" : 1405044577366,
    "preferredLocations" : [ {
      "layers" : [ "default-rack", "Master2" ]
    }, {
      "layers" : [ "default-rack", "Slave23" ]
    }, {
      "layers" : [ "default-rack", "Slave22" ]
    } ],
    "taskID" : "task_201407031554_1968_m_000033",
    "inputBytes" : 256631423,
    "inputRecords" : 6378,
    "outputBytes" : 43238016,
    "outputRecords" : 23480295
  }, {
    "startTime" : 1405044546915,
    "taskType" : "MAP",
    "taskStatus" : "SUCCESS",
    "attempts" : [ {
      "location" : {
        "layers" : [ "default-rack", "Master2" ]
      },
      "hostName" : "/default-rack/Master2",
      "result" : "SUCCESS",
      "startTime" : 1405044546916,
      "attemptID" : "attempt_201407031554_1968_m_000034_0",
      "finishTime" : 1405044577064,
      "shuffleFinished" : -1,
      "sortFinished" : -1,
      "hdfsBytesRead" : 256630778,
      "hdfsBytesWritten" : -1,
      "fileBytesRead" : 26956757,
      "fileBytesWritten" : 42788552,
      "mapInputRecords" : 6233,
      "mapOutputBytes" : 353872324,
      "mapOutputRecords" : 23478303,
      "combineInputRecords" : 24098603,
      "reduceInputGroups" : -1,
      "reduceInputRecords" : -1,
      "reduceShuffleBytes" : -1,
      "reduceOutputRecords" : -1,
      "spilledRecords" : 1361938,
      "mapInputBytes" : -1,
      "resourceUsageMetrics" : {
        "cumulativeCpuUsage" : 47920,
        "virtualMemoryUsage" : 1270247424,
        "physicalMemoryUsage" : 789598208,
        "heapUsage" : 789839872
      }
    } ],
    "finishTime" : 1405044577367,
    "preferredLocations" : [ {
      "layers" : [ "default-rack", "Master2" ]
    }, {
      "layers" : [ "default-rack", "Slave22" ]
    }, {
      "layers" : [ "default-rack", "Slave23" ]
    } ],
    "taskID" : "task_201407031554_1968_m_000034",
    "inputBytes" : 256630778,
    "inputRecords" : 6233,
    "outputBytes" : 42788552,
    "outputRecords" : 23478303
  }, {
    "startTime" : 1405044547422,
    "taskType" : "MAP",
    "taskStatus" : "SUCCESS",
    "attempts" : [ {
      "location" : {
        "layers" : [ "default-rack", "Slave21" ]
      },
      "hostName" : "/default-rack/Slave21",
      "result" : "SUCCESS",
      "startTime" : 1405044538227,
      "attemptID" : "attempt_201407031554_1968_m_000035_0",
      "finishTime" : 1405044568026,
      "shuffleFinished" : -1,
      "sortFinished" : -1,
      "hdfsBytesRead" : 256630704,
      "hdfsBytesWritten" : -1,
      "fileBytesRead" : 27541108,
      "fileBytesWritten" : 43777204,
      "mapInputRecords" : 6081,
      "mapOutputBytes" : 354296773,
      "mapOutputRecords" : 23477934,
      "combineInputRecords" : 24098238,
      "reduceInputGroups" : -1,
      "reduceInputRecords" : -1,
      "reduceShuffleBytes" : -1,
      "reduceOutputRecords" : -1,
      "spilledRecords" : 1361663,
      "mapInputBytes" : -1,
      "resourceUsageMetrics" : {
        "cumulativeCpuUsage" : 45520,
        "virtualMemoryUsage" : 1273012224,
        "physicalMemoryUsage" : 785321984,
        "heapUsage" : 777256960
      }
    } ],
    "finishTime" : 1405044577230,
    "preferredLocations" : [ {
      "layers" : [ "default-rack", "Slave22" ]
    }, {
      "layers" : [ "default-rack", "Slave21" ]
    }, {
      "layers" : [ "default-rack", "Slave23" ]
    } ],
    "taskID" : "task_201407031554_1968_m_000035",
    "inputBytes" : 256630704,
    "inputRecords" : 6081,
    "outputBytes" : 43777204,
    "outputRecords" : 23477934
  }, {
    "startTime" : 1405044547834,
    "taskType" : "MAP",
    "taskStatus" : "SUCCESS",
    "attempts" : [ {
      "location" : {
        "layers" : [ "default-rack", "Slave22" ]
      },
      "hostName" : "/default-rack/Slave22",
      "result" : "SUCCESS",
      "startTime" : 1405044532803,
      "attemptID" : "attempt_201407031554_1968_m_000037_0",
      "finishTime" : 1405044562773,
      "shuffleFinished" : -1,
      "sortFinished" : -1,
      "hdfsBytesRead" : 256629662,
      "hdfsBytesWritten" : -1,
      "fileBytesRead" : 27511249,
      "fileBytesWritten" : 43773953,
      "mapInputRecords" : 6303,
      "mapOutputBytes" : 354296418,
      "mapOutputRecords" : 23478354,
      "combineInputRecords" : 24098661,
      "reduceInputGroups" : -1,
      "reduceInputRecords" : -1,
      "reduceShuffleBytes" : -1,
      "reduceOutputRecords" : -1,
      "spilledRecords" : 1362322,
      "mapInputBytes" : -1,
      "resourceUsageMetrics" : {
        "cumulativeCpuUsage" : 45130,
        "virtualMemoryUsage" : 1270939648,
        "physicalMemoryUsage" : 803512320,
        "heapUsage" : 799801344
      }
    } ],
    "finishTime" : 1405044578093,
    "preferredLocations" : [ {
      "layers" : [ "default-rack", "Master2" ]
    }, {
      "layers" : [ "default-rack", "Slave21" ]
    }, {
      "layers" : [ "default-rack", "Slave22" ]
    } ],
    "taskID" : "task_201407031554_1968_m_000037",
    "inputBytes" : 256629662,
    "inputRecords" : 6303,
    "outputBytes" : 43773953,
    "outputRecords" : 23478354
  }, {
    "startTime" : 1405044548135,
    "taskType" : "MAP",
    "taskStatus" : "SUCCESS",
    "attempts" : [ {
      "location" : {
        "layers" : [ "default-rack", "Slave22" ]
      },
      "hostName" : "/default-rack/Slave22",
      "result" : "SUCCESS",
      "startTime" : 1405044533104,
      "attemptID" : "attempt_201407031554_1968_m_000038_0",
      "finishTime" : 1405044563299,
      "shuffleFinished" : -1,
      "sortFinished" : -1,
      "hdfsBytesRead" : 256629203,
      "hdfsBytesWritten" : -1,
      "fileBytesRead" : 28484931,
      "fileBytesWritten" : 45409283,
      "mapInputRecords" : 6345,
      "mapOutputBytes" : 355051139,
      "mapOutputRecords" : 23480517,
      "combineInputRecords" : 24099596,
      "reduceInputGroups" : -1,
      "reduceInputRecords" : -1,
      "reduceShuffleBytes" : -1,
      "reduceOutputRecords" : -1,
      "spilledRecords" : 1359238,
      "mapInputBytes" : -1,
      "resourceUsageMetrics" : {
        "cumulativeCpuUsage" : 47300,
        "virtualMemoryUsage" : 1273024512,
        "physicalMemoryUsage" : 785256448,
        "heapUsage" : 778567680
      }
    } ],
    "finishTime" : 1405044578396,
    "preferredLocations" : [ {
      "layers" : [ "default-rack", "Master2" ]
    }, {
      "layers" : [ "default-rack", "Slave21" ]
    }, {
      "layers" : [ "default-rack", "Slave22" ]
    } ],
    "taskID" : "task_201407031554_1968_m_000038",
    "inputBytes" : 256629203,
    "inputRecords" : 6345,
    "outputBytes" : 45409283,
    "outputRecords" : 23480517
  }, {
    "startTime" : 1405044551578,
    "taskType" : "MAP",
    "taskStatus" : "SUCCESS",
    "attempts" : [ {
      "location" : {
        "layers" : [ "default-rack", "Slave23" ]
      },
      "hostName" : "/default-rack/Slave23",
      "result" : "SUCCESS",
      "startTime" : 1405044554754,
      "attemptID" : "attempt_201407031554_1968_m_000036_0",
      "finishTime" : 1405044583180,
      "shuffleFinished" : -1,
      "sortFinished" : -1,
      "hdfsBytesRead" : 256630522,
      "hdfsBytesWritten" : -1,
      "fileBytesRead" : 26623183,
      "fileBytesWritten" : 42272949,
      "mapInputRecords" : 6264,
      "mapOutputBytes" : 353660835,
      "mapOutputRecords" : 23478707,
      "combineInputRecords" : 24098748,
      "reduceInputGroups" : -1,
      "reduceInputRecords" : -1,
      "reduceShuffleBytes" : -1,
      "reduceOutputRecords" : -1,
      "spilledRecords" : 1361123,
      "mapInputBytes" : -1,
      "resourceUsageMetrics" : {
        "cumulativeCpuUsage" : 44200,
        "virtualMemoryUsage" : 1271017472,
        "physicalMemoryUsage" : 781959168,
        "heapUsage" : 776208384
      }
    } ],
    "finishTime" : 1405044580209,
    "preferredLocations" : [ {
      "layers" : [ "default-rack", "Master2" ]
    }, {
      "layers" : [ "default-rack", "Slave23" ]
    }, {
      "layers" : [ "default-rack", "Slave21" ]
    } ],
    "taskID" : "task_201407031554_1968_m_000036",
    "inputBytes" : 256630522,
    "inputRecords" : 6264,
    "outputBytes" : 42272949,
    "outputRecords" : 23478707
  }, {
    "startTime" : 1405044551954,
    "taskType" : "MAP",
    "taskStatus" : "SUCCESS",
    "attempts" : [ {
      "location" : {
        "layers" : [ "default-rack", "Slave21" ]
      },
      "hostName" : "/default-rack/Slave21",
      "result" : "SUCCESS",
      "startTime" : 1405044542759,
      "attemptID" : "attempt_201407031554_1968_m_000039_0",
      "finishTime" : 1405044571875,
      "shuffleFinished" : -1,
      "sortFinished" : -1,
      "hdfsBytesRead" : 256628322,
      "hdfsBytesWritten" : -1,
      "fileBytesRead" : 27375085,
      "fileBytesWritten" : 43518070,
      "mapInputRecords" : 6174,
      "mapOutputBytes" : 354177774,
      "mapOutputRecords" : 23475908,
      "combineInputRecords" : 24096085,
      "reduceInputGroups" : -1,
      "reduceInputRecords" : -1,
      "reduceShuffleBytes" : -1,
      "reduceOutputRecords" : -1,
      "spilledRecords" : 1361822,
      "mapInputBytes" : -1,
      "resourceUsageMetrics" : {
        "cumulativeCpuUsage" : 45600,
        "virtualMemoryUsage" : 1270931456,
        "physicalMemoryUsage" : 781533184,
        "heapUsage" : 775159808
      }
    } ],
    "finishTime" : 1405044581148,
    "preferredLocations" : [ {
      "layers" : [ "default-rack", "Master2" ]
    }, {
      "layers" : [ "default-rack", "Slave23" ]
    }, {
      "layers" : [ "default-rack", "Slave22" ]
    } ],
    "taskID" : "task_201407031554_1968_m_000039",
    "inputBytes" : 256628322,
    "inputRecords" : 6174,
    "outputBytes" : 43518070,
    "outputRecords" : 23475908
  } ],
  "finishTime" : 1405044594086,
  "directDependantJobs" : [ ],
  "successfulMapAttemptCDFs" : [ {
    "maximum" : 33296,
    "minimum" : 27954,
    "rankings" : [ {
      "datum" : 27954,
      "relativeRanking" : 0.05
    }, {
      "datum" : 28426,
      "relativeRanking" : 0.1
    }, {
      "datum" : 29288,
      "relativeRanking" : 0.15
    }, {
      "datum" : 29553,
      "relativeRanking" : 0.2
    }, {
      "datum" : 29622,
      "relativeRanking" : 0.25
    }, {
      "datum" : 29768,
      "relativeRanking" : 0.3
    }, {
      "datum" : 29799,
      "relativeRanking" : 0.35
    }, {
      "datum" : 30148,
      "relativeRanking" : 0.4
    }, {
      "datum" : 30187,
      "relativeRanking" : 0.45
    }, {
      "datum" : 30245,
      "relativeRanking" : 0.5
    }, {
      "datum" : 30344,
      "relativeRanking" : 0.55
    }, {
      "datum" : 30427,
      "relativeRanking" : 0.6
    }, {
      "datum" : 30642,
      "relativeRanking" : 0.65
    }, {
      "datum" : 30796,
      "relativeRanking" : 0.7
    }, {
      "datum" : 30826,
      "relativeRanking" : 0.75
    }, {
      "datum" : 31108,
      "relativeRanking" : 0.8
    }, {
      "datum" : 31607,
      "relativeRanking" : 0.85
    }, {
      "datum" : 31663,
      "relativeRanking" : 0.9
    }, {
      "datum" : 32441,
      "relativeRanking" : 0.95
    } ],
    "numberValues" : 39
  }, {
    "maximum" : 29116,
    "minimum" : 29116,
    "rankings" : [ {
      "datum" : 29116,
      "relativeRanking" : 0.05
    }, {
      "datum" : 29116,
      "relativeRanking" : 0.1
    }, {
      "datum" : 29116,
      "relativeRanking" : 0.15
    }, {
      "datum" : 29116,
      "relativeRanking" : 0.2
    }, {
      "datum" : 29116,
      "relativeRanking" : 0.25
    }, {
      "datum" : 29116,
      "relativeRanking" : 0.3
    }, {
      "datum" : 29116,
      "relativeRanking" : 0.35
    }, {
      "datum" : 29116,
      "relativeRanking" : 0.4
    }, {
      "datum" : 29116,
      "relativeRanking" : 0.45
    }, {
      "datum" : 29116,
      "relativeRanking" : 0.5
    }, {
      "datum" : 29116,
      "relativeRanking" : 0.55
    }, {
      "datum" : 29116,
      "relativeRanking" : 0.6
    }, {
      "datum" : 29116,
      "relativeRanking" : 0.65
    }, {
      "datum" : 29116,
      "relativeRanking" : 0.7
    }, {
      "datum" : 29116,
      "relativeRanking" : 0.75
    }, {
      "datum" : 29116,
      "relativeRanking" : 0.8
    }, {
      "datum" : 29116,
      "relativeRanking" : 0.85
    }, {
      "datum" : 29116,
      "relativeRanking" : 0.9
    }, {
      "datum" : 29116,
      "relativeRanking" : 0.95
    } ],
    "numberValues" : 1
  }, {
    "maximum" : 9223372036854775807,
    "minimum" : -9223372036854775808,
    "rankings" : [ ],
    "numberValues" : 0
  }, {
    "maximum" : 9223372036854775807,
    "minimum" : -9223372036854775808,
    "rankings" : [ ],
    "numberValues" : 0
  } ],
  "failedMapAttemptCDFs" : [ {
    "maximum" : 9223372036854775807,
    "minimum" : -9223372036854775808,
    "rankings" : [ ],
    "numberValues" : 0
  }, {
    "maximum" : 9223372036854775807,
    "minimum" : -9223372036854775808,
    "rankings" : [ ],
    "numberValues" : 0
  }, {
    "maximum" : 9223372036854775807,
    "minimum" : -9223372036854775808,
    "rankings" : [ ],
    "numberValues" : 0
  }, {
    "maximum" : 9223372036854775807,
    "minimum" : -9223372036854775808,
    "rankings" : [ ],
    "numberValues" : 0
  } ],
  "successfulReduceAttemptCDF" : {
    "maximum" : 135836,
    "minimum" : 135007,
    "rankings" : [ {
      "datum" : 135007,
      "relativeRanking" : 0.05
    }, {
      "datum" : 135007,
      "relativeRanking" : 0.1
    }, {
      "datum" : 135007,
      "relativeRanking" : 0.15
    }, {
      "datum" : 135007,
      "relativeRanking" : 0.2
    }, {
      "datum" : 135007,
      "relativeRanking" : 0.25
    }, {
      "datum" : 135007,
      "relativeRanking" : 0.3
    }, {
      "datum" : 135017,
      "relativeRanking" : 0.35
    }, {
      "datum" : 135017,
      "relativeRanking" : 0.4
    }, {
      "datum" : 135017,
      "relativeRanking" : 0.45
    }, {
      "datum" : 135110,
      "relativeRanking" : 0.5
    }, {
      "datum" : 135110,
      "relativeRanking" : 0.55
    }, {
      "datum" : 135110,
      "relativeRanking" : 0.6
    }, {
      "datum" : 135110,
      "relativeRanking" : 0.65
    }, {
      "datum" : 135305,
      "relativeRanking" : 0.7
    }, {
      "datum" : 135305,
      "relativeRanking" : 0.75
    }, {
      "datum" : 135305,
      "relativeRanking" : 0.8
    }, {
      "datum" : 135395,
      "relativeRanking" : 0.85
    }, {
      "datum" : 135395,
      "relativeRanking" : 0.9
    }, {
      "datum" : 135395,
      "relativeRanking" : 0.95
    } ],
    "numberValues" : 6
  },
  "failedReduceAttemptCDF" : {
    "maximum" : 9223372036854775807,
    "minimum" : -9223372036854775808,
    "rankings" : [ ],
    "numberValues" : 0
  },
  "mapperTriesToSucceed" : [ 1.0 ],
  "failedMapperFraction" : 0.0,
  "relativeTime" : 0,
  "clusterMapMB" : -1,
  "clusterReduceMB" : -1,
  "jobMapMB" : 200,
  "jobReduceMB" : 200
}