{
  "priority" : "NORMAL",
  "jobID" : "job_201407031554_2069",
  "user" : "itri-hadoop",
  "jobName" : "word count",
  "mapTasks" : [ {
    "startTime" : 1405072935497,
    "attempts" : [ {
      "result" : "SUCCESS",
      "location" : {
        "layers" : [ "default-rack", "Slave23" ]
      },
      "hostName" : "/default-rack/Slave23",
      "startTime" : 1405072938811,
      "finishTime" : 1405072953728,
      "attemptID" : "attempt_201407031554_2069_m_000001_0",
      "shuffleFinished" : -1,
      "sortFinished" : -1,
      "hdfsBytesRead" : 134381673,
      "hdfsBytesWritten" : -1,
      "fileBytesRead" : 21474548,
      "fileBytesWritten" : 28098911,
      "mapInputRecords" : 3186,
      "mapOutputBytes" : 185745223,
      "mapOutputRecords" : 12350438,
      "combineInputRecords" : 12777312,
      "reduceInputGroups" : -1,
      "reduceInputRecords" : -1,
      "reduceShuffleBytes" : -1,
      "reduceOutputRecords" : -1,
      "spilledRecords" : 1087095,
      "mapInputBytes" : -1,
      "resourceUsageMetrics" : {
        "cumulativeCpuUsage" : 20510,
        "virtualMemoryUsage" : 943972352,
        "physicalMemoryUsage" : 315682816,
        "heapUsage" : 334495744
      }
    } ],
    "finishTime" : 1405072950617,
    "preferredLocations" : [ {
      "layers" : [ "default-rack", "Master2" ]
    }, {
      "layers" : [ "default-rack", "Slave23" ]
    }, {
      "layers" : [ "default-rack", "Slave21" ]
    } ],
    "taskType" : "MAP",
    "taskStatus" : "SUCCESS",
    "taskID" : "task_201407031554_2069_m_000001",
    "inputBytes" : 134381673,
    "inputRecords" : 3186,
    "outputBytes" : 28098911,
    "outputRecords" : 12350438
  }, {
    "startTime" : 1405072935498,
    "attempts" : [ {
      "result" : "SUCCESS",
      "location" : {
        "layers" : [ "default-rack", "Slave23" ]
      },
      "hostName" : "/default-rack/Slave23",
      "startTime" : 1405072938811,
      "finishTime" : 1405072953745,
      "attemptID" : "attempt_201407031554_2069_m_000002_0",
      "shuffleFinished" : -1,
      "sortFinished" : -1,
      "hdfsBytesRead" : 134221929,
      "hdfsBytesWritten" : -1,
      "fileBytesRead" : 21352262,
      "fileBytesWritten" : 27975412,
      "mapInputRecords" : 114552,
      "mapOutputBytes" : 185357119,
      "mapOutputRecords" : 12391279,
      "combineInputRecords" : 12819187,
      "reduceInputGroups" : -1,
      "reduceInputRecords" : -1,
      "reduceShuffleBytes" : -1,
      "reduceOutputRecords" : -1,
      "spilledRecords" : 1089103,
      "mapInputBytes" : -1,
      "resourceUsageMetrics" : {
        "cumulativeCpuUsage" : 20300,
        "virtualMemoryUsage" : 939954176,
        "physicalMemoryUsage" : 317952000,
        "heapUsage" : 345243648
      }
    } ],
    "finishTime" : 1405072950618,
    "preferredLocations" : [ {
      "layers" : [ "default-rack", "Master2" ]
    }, {
      "layers" : [ "default-rack", "Slave22" ]
    }, {
      "layers" : [ "default-rack", "Slave23" ]
    } ],
    "taskType" : "MAP",
    "taskStatus" : "SUCCESS",
    "taskID" : "task_201407031554_2069_m_000002",
    "inputBytes" : 134221929,
    "inputRecords" : 114552,
    "outputBytes" : 27975412,
    "outputRecords" : 12391279
  }, {
    "startTime" : 1405072935556,
    "attempts" : [ {
      "result" : "SUCCESS",
      "location" : {
        "layers" : [ "default-rack", "Slave22" ]
      },
      "hostName" : "/default-rack/Slave22",
      "startTime" : 1405072920019,
      "finishTime" : 1405072934597,
      "attemptID" : "attempt_201407031554_2069_m_000000_0",
      "shuffleFinished" : -1,
      "sortFinished" : -1,
      "hdfsBytesRead" : 134230121,
      "hdfsBytesWritten" : -1,
      "fileBytesRead" : 22592218,
      "fileBytesWritten" : 30036628,
      "mapInputRecords" : 3241,
      "mapOutputBytes" : 185536290,
      "mapOutputRecords" : 12335206,
      "combineInputRecords" : 12762876,
      "reduceInputGroups" : -1,
      "reduceInputRecords" : -1,
      "reduceShuffleBytes" : -1,
      "reduceOutputRecords" : -1,
      "spilledRecords" : 1089089,
      "mapInputBytes" : -1,
      "resourceUsageMetrics" : {
        "cumulativeCpuUsage" : 19670,
        "virtualMemoryUsage" : 942866432,
        "physicalMemoryUsage" : 279494656,
        "heapUsage" : 302514176
      }
    } ],
    "finishTime" : 1405072950358,
    "preferredLocations" : [ {
      "layers" : [ "default-rack", "Master2" ]
    }, {
      "layers" : [ "default-rack", "Slave21" ]
    }, {
      "layers" : [ "default-rack", "Slave22" ]
    } ],
    "taskType" : "MAP",
    "taskStatus" : "SUCCESS",
    "taskID" : "task_201407031554_2069_m_000000",
    "inputBytes" : 134230121,
    "inputRecords" : 3241,
    "outputBytes" : 30036628,
    "outputRecords" : 12335206
  }, {
    "startTime" : 1405072935556,
    "attempts" : [ {
      "result" : "SUCCESS",
      "location" : {
        "layers" : [ "default-rack", "Slave22" ]
      },
      "hostName" : "/default-rack/Slave22",
      "startTime" : 1405072920019,
      "finishTime" : 1405072934833,
      "attemptID" : "attempt_201407031554_2069_m_000003_0",
      "shuffleFinished" : -1,
      "sortFinished" : -1,
      "hdfsBytesRead" : 134226025,
      "hdfsBytesWritten" : -1,
      "fileBytesRead" : 22287773,
      "fileBytesWritten" : 29381470,
      "mapInputRecords" : 3194,
      "mapOutputBytes" : 185808922,
      "mapOutputRecords" : 12335516,
      "combineInputRecords" : 12763102,
      "reduceInputGroups" : -1,
      "reduceInputRecords" : -1,
      "reduceShuffleBytes" : -1,
      "reduceOutputRecords" : -1,
      "spilledRecords" : 1088646,
      "mapInputBytes" : -1,
      "resourceUsageMetrics" : {
        "cumulativeCpuUsage" : 20570,
        "virtualMemoryUsage" : 939954176,
        "physicalMemoryUsage" : 387297280,
        "heapUsage" : 409993216
      }
    } ],
    "finishTime" : 1405072950660,
    "preferredLocations" : [ {
      "layers" : [ "default-rack", "Slave22" ]
    }, {
      "layers" : [ "default-rack", "Slave21" ]
    }, {
      "layers" : [ "default-rack", "Slave23" ]
    } ],
    "taskType" : "MAP",
    "taskStatus" : "SUCCESS",
    "taskID" : "task_201407031554_2069_m_000003",
    "inputBytes" : 134226025,
    "inputRecords" : 3194,
    "outputBytes" : 29381470,
    "outputRecords" : 12335516
  }, {
    "startTime" : 1405072935662,
    "attempts" : [ {
      "result" : "SUCCESS",
      "location" : {
        "layers" : [ "default-rack", "Slave21" ]
      },
      "hostName" : "/default-rack/Slave21",
      "startTime" : 1405072926193,
      "finishTime" : 1405072941371,
      "attemptID" : "attempt_201407031554_2069_m_000004_0",
      "shuffleFinished" : -1,
      "sortFinished" : -1,
      "hdfsBytesRead" : 134242409,
      "hdfsBytesWritten" : -1,
      "fileBytesRead" : 20716302,
      "fileBytesWritten" : 27364396,
      "mapInputRecords" : 3172,
      "mapOutputBytes" : 185713281,
      "mapOutputRecords" : 12335678,
      "combineInputRecords" : 12763196,
      "reduceInputGroups" : -1,
      "reduceInputRecords" : -1,
      "reduceShuffleBytes" : -1,
      "reduceOutputRecords" : -1,
      "spilledRecords" : 1088819,
      "mapInputBytes" : -1,
      "resourceUsageMetrics" : {
        "cumulativeCpuUsage" : 20610,
        "virtualMemoryUsage" : 943099904,
        "physicalMemoryUsage" : 319721472,
        "heapUsage" : 341311488
      }
    } ],
    "finishTime" : 1405072951063,
    "preferredLocations" : [ {
      "layers" : [ "default-rack", "Slave21" ]
    }, {
      "layers" : [ "default-rack", "Slave23" ]
    }, {
      "layers" : [ "default-rack", "Slave22" ]
    } ],
    "taskType" : "MAP",
    "taskStatus" : "SUCCESS",
    "taskID" : "task_201407031554_2069_m_000004",
    "inputBytes" : 134242409,
    "inputRecords" : 3172,
    "outputBytes" : 27364396,
    "outputRecords" : 12335678
  }, {
    "startTime" : 1405072935662,
    "attempts" : [ {
      "result" : "SUCCESS",
      "location" : {
        "layers" : [ "default-rack", "Slave21" ]
      },
      "hostName" : "/default-rack/Slave21",
      "startTime" : 1405072926193,
      "finishTime" : 1405072941069,
      "attemptID" : "attempt_201407031554_2069_m_000005_0",
      "shuffleFinished" : -1,
      "sortFinished" : -1,
      "hdfsBytesRead" : 134221929,
      "hdfsBytesWritten" : -1,
      "fileBytesRead" : 24052507,
      "fileBytesWritten" : 32361109,
      "mapInputRecords" : 3296,
      "mapOutputBytes" : 185239406,
      "mapOutputRecords" : 12277012,
      "combineInputRecords" : 12704586,
      "reduceInputGroups" : -1,
      "reduceInputRecords" : -1,
      "reduceShuffleBytes" : -1,
      "reduceOutputRecords" : -1,
      "spilledRecords" : 1088646,
      "mapInputBytes" : -1,
      "resourceUsageMetrics" : {
        "cumulativeCpuUsage" : 20360,
        "virtualMemoryUsage" : 942288896,
        "physicalMemoryUsage" : 278933504,
        "heapUsage" : 301727744
      }
    } ],
    "finishTime" : 1405072950761,
    "preferredLocations" : [ {
      "layers" : [ "default-rack", "Master2" ]
    }, {
      "layers" : [ "default-rack", "Slave22" ]
    }, {
      "layers" : [ "default-rack", "Slave21" ]
    } ],
    "taskType" : "MAP",
    "taskStatus" : "SUCCESS",
    "taskID" : "task_201407031554_2069_m_000005",
    "inputBytes" : 134221929,
    "inputRecords" : 3296,
    "outputBytes" : 32361109,
    "outputRecords" : 12277012
  }, {
    "startTime" : 1405072935749,
    "attempts" : [ {
      "result" : "SUCCESS",
      "location" : {
        "layers" : [ "default-rack", "Master2" ]
      },
      "hostName" : "/default-rack/Master2",
      "startTime" : 1405072935820,
      "finishTime" : 1405072950883,
      "attemptID" : "attempt_201407031554_2069_m_000006_0",
      "shuffleFinished" : -1,
      "sortFinished" : -1,
      "hdfsBytesRead" : 134221929,
      "hdfsBytesWritten" : -1,
      "fileBytesRead" : 20995182,
      "fileBytesWritten" : 27677312,
      "mapInputRecords" : 58874,
      "mapOutputBytes" : 185911030,
      "mapOutputRecords" : 12390080,
      "combineInputRecords" : 12818187,
      "reduceInputGroups" : -1,
      "reduceInputRecords" : -1,
      "reduceShuffleBytes" : -1,
      "reduceOutputRecords" : -1,
      "spilledRecords" : 1089592,
      "mapInputBytes" : -1,
      "resourceUsageMetrics" : {
        "cumulativeCpuUsage" : 20420,
        "virtualMemoryUsage" : 940441600,
        "physicalMemoryUsage" : 368738304,
        "heapUsage" : 401604608
      }
    } ],
    "finishTime" : 1405072951097,
    "preferredLocations" : [ {
      "layers" : [ "default-rack", "Master2" ]
    }, {
      "layers" : [ "default-rack", "Slave22" ]
    }, {
      "layers" : [ "default-rack", "Slave23" ]
    } ],
    "taskType" : "MAP",
    "taskStatus" : "SUCCESS",
    "taskID" : "task_201407031554_2069_m_000006",
    "inputBytes" : 134221929,
    "inputRecords" : 58874,
    "outputBytes" : 27677312,
    "outputRecords" : 12390080
  }, {
    "startTime" : 1405072935750,
    "attempts" : [ {
      "result" : "SUCCESS",
      "location" : {
        "layers" : [ "default-rack", "Master2" ]
      },
      "hostName" : "/default-rack/Master2",
      "startTime" : 1405072935820,
      "finishTime" : 1405072951190,
      "attemptID" : "attempt_201407031554_2069_m_000007_0",
      "shuffleFinished" : -1,
      "sortFinished" : -1,
      "hdfsBytesRead" : 134340713,
      "hdfsBytesWritten" : -1,
      "fileBytesRead" : 19686531,
      "fileBytesWritten" : 25902141,
      "mapInputRecords" : 3117,
      "mapOutputBytes" : 185291898,
      "mapOutputRecords" : 12344227,
      "combineInputRecords" : 12771262,
      "reduceInputGroups" : -1,
      "reduceInputRecords" : -1,
      "reduceShuffleBytes" : -1,
      "reduceOutputRecords" : -1,
      "spilledRecords" : 1081302,
      "mapInputBytes" : -1,
      "resourceUsageMetrics" : {
        "cumulativeCpuUsage" : 20780,
        "virtualMemoryUsage" : 941002752,
        "physicalMemoryUsage" : 348979200,
        "heapUsage" : 373817344
      }
    } ],
    "finishTime" : 1405072951398,
    "preferredLocations" : [ {
      "layers" : [ "default-rack", "Master2" ]
    }, {
      "layers" : [ "default-rack", "Slave22" ]
    }, {
      "layers" : [ "default-rack", "Slave23" ]
    } ],
    "taskType" : "MAP",
    "taskStatus" : "SUCCESS",
    "taskID" : "task_201407031554_2069_m_000007",
    "inputBytes" : 134340713,
    "inputRecords" : 3117,
    "outputBytes" : 25902141,
    "outputRecords" : 12344227
  }, {
    "startTime" : 1405072950358,
    "attempts" : [ {
      "result" : "SUCCESS",
      "location" : {
        "layers" : [ "default-rack", "Slave22" ]
      },
      "hostName" : "/default-rack/Slave22",
      "startTime" : 1405072934766,
      "finishTime" : 1405072947817,
      "attemptID" : "attempt_201407031554_2069_m_000008_0",
      "shuffleFinished" : -1,
      "sortFinished" : -1,
      "hdfsBytesRead" : 134230121,
      "hdfsBytesWritten" : -1,
      "fileBytesRead" : 24325027,
      "fileBytesWritten" : 32677137,
      "mapInputRecords" : 3265,
      "mapOutputBytes" : 185369834,
      "mapOutputRecords" : 12279783,
      "combineInputRecords" : 12707008,
      "reduceInputGroups" : -1,
      "reduceInputRecords" : -1,
      "reduceShuffleBytes" : -1,
      "reduceOutputRecords" : -1,
      "spilledRecords" : 1088119,
      "mapInputBytes" : -1,
      "resourceUsageMetrics" : {
        "cumulativeCpuUsage" : 15880,
        "virtualMemoryUsage" : 943861760,
        "physicalMemoryUsage" : 427876352,
        "heapUsage" : 443285504
      }
    } ],
    "finishTime" : 1405072963589,
    "preferredLocations" : [ {
      "layers" : [ "default-rack", "Slave21" ]
    }, {
      "layers" : [ "default-rack", "Slave23" ]
    }, {
      "layers" : [ "default-rack", "Slave22" ]
    } ],
    "taskType" : "MAP",
    "taskStatus" : "SUCCESS",
    "taskID" : "task_201407031554_2069_m_000008",
    "inputBytes" : 134230121,
    "inputRecords" : 3265,
    "outputBytes" : 32677137,
    "outputRecords" : 12279783
  }, {
    "startTime" : 1405072950618,
    "attempts" : [ {
      "result" : "SUCCESS",
      "location" : {
        "layers" : [ "default-rack", "Slave23" ]
      },
      "hostName" : "/default-rack/Slave23",
      "startTime" : 1405072953931,
      "finishTime" : 1405072966691,
      "attemptID" : "attempt_201407031554_2069_m_000009_0",
      "shuffleFinished" : -1,
      "sortFinished" : -1,
      "hdfsBytesRead" : 134283369,
      "hdfsBytesWritten" : -1,
      "fileBytesRead" : 24333988,
      "fileBytesWritten" : 32659134,
      "mapInputRecords" : 3224,
      "mapOutputBytes" : 185446396,
      "mapOutputRecords" : 12285634,
      "combineInputRecords" : 12712561,
      "reduceInputGroups" : -1,
      "reduceInputRecords" : -1,
      "reduceShuffleBytes" : -1,
      "reduceOutputRecords" : -1,
      "spilledRecords" : 1087152,
      "mapInputBytes" : -1,
      "resourceUsageMetrics" : {
        "cumulativeCpuUsage" : 15320,
        "virtualMemoryUsage" : 940949504,
        "physicalMemoryUsage" : 482623488,
        "heapUsage" : 499908608
      }
    } ],
    "finishTime" : 1405072963549,
    "preferredLocations" : [ {
      "layers" : [ "default-rack", "Master2" ]
    }, {
      "layers" : [ "default-rack", "Slave23" ]
    }, {
      "layers" : [ "default-rack", "Slave22" ]
    } ],
    "taskType" : "MAP",
    "taskStatus" : "SUCCESS",
    "taskID" : "task_201407031554_2069_m_000009",
    "inputBytes" : 134283369,
    "inputRecords" : 3224,
    "outputBytes" : 32659134,
    "outputRecords" : 12285634
  }, {
    "startTime" : 1405072950618,
    "attempts" : [ {
      "result" : "SUCCESS",
      "location" : {
        "layers" : [ "default-rack", "Slave23" ]
      },
      "hostName" : "/default-rack/Slave23",
      "startTime" : 1405072953932,
      "finishTime" : 1405072966731,
      "attemptID" : "attempt_201407031554_2069_m_000010_0",
      "shuffleFinished" : -1,
      "sortFinished" : -1,
      "hdfsBytesRead" : 134254697,
      "hdfsBytesWritten" : -1,
      "fileBytesRead" : 24754729,
      "fileBytesWritten" : 33140661,
      "mapInputRecords" : 3161,
      "mapOutputBytes" : 185566838,
      "mapOutputRecords" : 12282061,
      "combineInputRecords" : 12709254,
      "reduceInputGroups" : -1,
      "reduceInputRecords" : -1,
      "reduceShuffleBytes" : -1,
      "reduceOutputRecords" : -1,
      "spilledRecords" : 1088390,
      "mapInputBytes" : -1,
      "resourceUsageMetrics" : {
        "cumulativeCpuUsage" : 15030,
        "virtualMemoryUsage" : 944967680,
        "physicalMemoryUsage" : 449417216,
        "heapUsage" : 463994880
      }
    } ],
    "finishTime" : 1405072963549,
    "preferredLocations" : [ {
      "layers" : [ "default-rack", "Master2" ]
    }, {
      "layers" : [ "default-rack", "Slave23" ]
    }, {
      "layers" : [ "default-rack", "Slave21" ]
    } ],
    "taskType" : "MAP",
    "taskStatus" : "SUCCESS",
    "taskID" : "task_201407031554_2069_m_000010",
    "inputBytes" : 134254697,
    "inputRecords" : 3161,
    "outputBytes" : 33140661,
    "outputRecords" : 12282061
  }, {
    "startTime" : 1405072950660,
    "attempts" : [ {
      "result" : "SUCCESS",
      "location" : {
        "layers" : [ "default-rack", "Slave22" ]
      },
      "hostName" : "/default-rack/Slave22",
      "startTime" : 1405072935071,
      "finishTime" : 1405072947997,
      "attemptID" : "attempt_201407031554_2069_m_000011_0",
      "shuffleFinished" : -1,
      "sortFinished" : -1,
      "hdfsBytesRead" : 134221929,
      "hdfsBytesWritten" : -1,
      "fileBytesRead" : 25031299,
      "fileBytesWritten" : 33574302,
      "mapInputRecords" : 3295,
      "mapOutputBytes" : 185694039,
      "mapOutputRecords" : 12280187,
      "combineInputRecords" : 12707057,
      "reduceInputGroups" : -1,
      "reduceInputRecords" : -1,
      "reduceShuffleBytes" : -1,
      "reduceOutputRecords" : -1,
      "spilledRecords" : 1086616,
      "mapInputBytes" : -1,
      "resourceUsageMetrics" : {
        "cumulativeCpuUsage" : 15910,
        "virtualMemoryUsage" : 940949504,
        "physicalMemoryUsage" : 504410112,
        "heapUsage" : 461373440
      }
    } ],
    "finishTime" : 1405072963890,
    "preferredLocations" : [ {
      "layers" : [ "default-rack", "Master2" ]
    }, {
      "layers" : [ "default-rack", "Slave22" ]
    }, {
      "layers" : [ "default-rack", "Slave23" ]
    } ],
    "taskType" : "MAP",
    "taskStatus" : "SUCCESS",
    "taskID" : "task_201407031554_2069_m_000011",
    "inputBytes" : 134221929,
    "inputRecords" : 3295,
    "outputBytes" : 33574302,
    "outputRecords" : 12280187
  }, {
    "startTime" : 1405072950761,
    "attempts" : [ {
      "result" : "SUCCESS",
      "location" : {
        "layers" : [ "default-rack", "Slave21" ]
      },
      "hostName" : "/default-rack/Slave21",
      "startTime" : 1405072941232,
      "finishTime" : 1405072953978,
      "attemptID" : "attempt_201407031554_2069_m_000013_0",
      "shuffleFinished" : -1,
      "sortFinished" : -1,
      "hdfsBytesRead" : 134221929,
      "hdfsBytesWritten" : -1,
      "fileBytesRead" : 20878750,
      "fileBytesWritten" : 27518416,
      "mapInputRecords" : 58960,
      "mapOutputBytes" : 185466075,
      "mapOutputRecords" : 12334105,
      "combineInputRecords" : 12761786,
      "reduceInputGroups" : -1,
      "reduceInputRecords" : -1,
      "reduceShuffleBytes" : -1,
      "reduceOutputRecords" : -1,
      "spilledRecords" : 1089100,
      "mapInputBytes" : -1,
      "resourceUsageMetrics" : {
        "cumulativeCpuUsage" : 15520,
        "virtualMemoryUsage" : 943284224,
        "physicalMemoryUsage" : 422273024,
        "heapUsage" : 445644800
      }
    } ],
    "finishTime" : 1405072963698,
    "preferredLocations" : [ {
      "layers" : [ "default-rack", "Slave21" ]
    }, {
      "layers" : [ "default-rack", "Slave22" ]
    }, {
      "layers" : [ "default-rack", "Slave23" ]
    } ],
    "taskType" : "MAP",
    "taskStatus" : "SUCCESS",
    "taskID" : "task_201407031554_2069_m_000013",
    "inputBytes" : 134221929,
    "inputRecords" : 58960,
    "outputBytes" : 27518416,
    "outputRecords" : 12334105
  }, {
    "startTime" : 1405072951063,
    "attempts" : [ {
      "result" : "SUCCESS",
      "location" : {
        "layers" : [ "default-rack", "Slave21" ]
      },
      "hostName" : "/default-rack/Slave21",
      "startTime" : 1405072941534,
      "finishTime" : 1405072954076,
      "attemptID" : "attempt_201407031554_2069_m_000015_0",
      "shuffleFinished" : -1,
      "sortFinished" : -1,
      "hdfsBytesRead" : 134283369,
      "hdfsBytesWritten" : -1,
      "fileBytesRead" : 23874143,
      "fileBytesWritten" : 32059874,
      "mapInputRecords" : 3253,
      "mapOutputBytes" : 185226719,
      "mapOutputRecords" : 12286244,
      "combineInputRecords" : 12713673,
      "reduceInputGroups" : -1,
      "reduceInputRecords" : -1,
      "reduceShuffleBytes" : -1,
      "reduceOutputRecords" : -1,
      "spilledRecords" : 1088914,
      "mapInputBytes" : -1,
      "resourceUsageMetrics" : {
        "cumulativeCpuUsage" : 15230,
        "virtualMemoryUsage" : 944095232,
        "physicalMemoryUsage" : 459964416,
        "heapUsage" : 473169920
      }
    } ],
    "finishTime" : 1405072963698,
    "preferredLocations" : [ {
      "layers" : [ "default-rack", "Master2" ]
    }, {
      "layers" : [ "default-rack", "Slave22" ]
    }, {
      "layers" : [ "default-rack", "Slave21" ]
    } ],
    "taskType" : "MAP",
    "taskStatus" : "SUCCESS",
    "taskID" : "task_201407031554_2069_m_000015",
    "inputBytes" : 134283369,
    "inputRecords" : 3253,
    "outputBytes" : 32059874,
    "outputRecords" : 12286244
  }, {
    "startTime" : 1405072951098,
    "attempts" : [ {
      "result" : "SUCCESS",
      "location" : {
        "layers" : [ "default-rack", "Master2" ]
      },
      "hostName" : "/default-rack/Master2",
      "startTime" : 1405072951099,
      "finishTime" : 1405072964001,
      "attemptID" : "attempt_201407031554_2069_m_000012_0",
      "shuffleFinished" : -1,
      "sortFinished" : -1,
      "hdfsBytesRead" : 134226025,
      "hdfsBytesWritten" : -1,
      "fileBytesRead" : 24320130,
      "fileBytesWritten" : 32631184,
      "mapInputRecords" : 3249,
      "mapOutputBytes" : 185366679,
      "mapOutputRecords" : 12280420,
      "combineInputRecords" : 12707239,
      "reduceInputGroups" : -1,
      "reduceInputRecords" : -1,
      "reduceShuffleBytes" : -1,
      "reduceOutputRecords" : -1,
      "spilledRecords" : 1086756,
      "mapInputBytes" : -1,
      "resourceUsageMetrics" : {
        "cumulativeCpuUsage" : 15860,
        "virtualMemoryUsage" : 941436928,
        "physicalMemoryUsage" : 503255040,
        "heapUsage" : 467664896
      }
    } ],
    "finishTime" : 1405072964024,
    "preferredLocations" : [ {
      "layers" : [ "default-rack", "Master2" ]
    }, {
      "layers" : [ "default-rack", "Slave22" ]
    }, {
      "layers" : [ "default-rack", "Slave23" ]
    } ],
    "taskType" : "MAP",
    "taskStatus" : "SUCCESS",
    "taskID" : "task_201407031554_2069_m_000012",
    "inputBytes" : 134226025,
    "inputRecords" : 3249,
    "outputBytes" : 32631184,
    "outputRecords" : 12280420
  }, {
    "startTime" : 1405072951399,
    "attempts" : [ {
      "result" : "SUCCESS",
      "location" : {
        "layers" : [ "default-rack", "Master2" ]
      },
      "hostName" : "/default-rack/Master2",
      "startTime" : 1405072951402,
      "finishTime" : 1405072964121,
      "attemptID" : "attempt_201407031554_2069_m_000014_0",
      "shuffleFinished" : -1,
      "sortFinished" : -1,
      "hdfsBytesRead" : 134250601,
      "hdfsBytesWritten" : -1,
      "fileBytesRead" : 20674274,
      "fileBytesWritten" : 27338534,
      "mapInputRecords" : 3215,
      "mapOutputBytes" : 185558584,
      "mapOutputRecords" : 12336611,
      "combineInputRecords" : 12763911,
      "reduceInputGroups" : -1,
      "reduceInputRecords" : -1,
      "reduceShuffleBytes" : -1,
      "reduceOutputRecords" : -1,
      "spilledRecords" : 1087963,
      "mapInputBytes" : -1,
      "resourceUsageMetrics" : {
        "cumulativeCpuUsage" : 15120,
        "virtualMemoryUsage" : 941998080,
        "physicalMemoryUsage" : 502308864,
        "heapUsage" : 517734400
      }
    } ],
    "finishTime" : 1405072964326,
    "preferredLocations" : [ {
      "layers" : [ "default-rack", "Master2" ]
    }, {
      "layers" : [ "default-rack", "Slave23" ]
    }, {
      "layers" : [ "default-rack", "Slave22" ]
    } ],
    "taskType" : "MAP",
    "taskStatus" : "SUCCESS",
    "taskID" : "task_201407031554_2069_m_000014",
    "inputBytes" : 134250601,
    "inputRecords" : 3215,
    "outputBytes" : 27338534,
    "outputRecords" : 12336611
  }, {
    "startTime" : 1405072963549,
    "attempts" : [ {
      "result" : "SUCCESS",
      "location" : {
        "layers" : [ "default-rack", "Slave23" ]
      },
      "hostName" : "/default-rack/Slave23",
      "startTime" : 1405072966863,
      "finishTime" : 1405072979489,
      "attemptID" : "attempt_201407031554_2069_m_000016_0",
      "shuffleFinished" : -1,
      "sortFinished" : -1,
      "hdfsBytesRead" : 134238313,
      "hdfsBytesWritten" : -1,
      "fileBytesRead" : 23505325,
      "fileBytesWritten" : 31725522,
      "mapInputRecords" : 3234,
      "mapOutputBytes" : 185044410,
      "mapOutputRecords" : 12280417,
      "combineInputRecords" : 12707804,
      "reduceInputGroups" : -1,
      "reduceInputRecords" : -1,
      "reduceShuffleBytes" : -1,
      "reduceOutputRecords" : -1,
      "spilledRecords" : 1088349,
      "mapInputBytes" : -1,
      "resourceUsageMetrics" : {
        "cumulativeCpuUsage" : 15490,
        "virtualMemoryUsage" : 940949504,
        "physicalMemoryUsage" : 507834368,
        "heapUsage" : 455081984
      }
    } ],
    "finishTime" : 1405072976478,
    "preferredLocations" : [ {
      "layers" : [ "default-rack", "Master2" ]
    }, {
      "layers" : [ "default-rack", "Slave23" ]
    }, {
      "layers" : [ "default-rack", "Slave21" ]
    } ],
    "taskType" : "MAP",
    "taskStatus" : "SUCCESS",
    "taskID" : "task_201407031554_2069_m_000016",
    "inputBytes" : 134238313,
    "inputRecords" : 3234,
    "outputBytes" : 31725522,
    "outputRecords" : 12280417
  }, {
    "startTime" : 1405072963549,
    "attempts" : [ {
      "result" : "SUCCESS",
      "location" : {
        "layers" : [ "default-rack", "Slave23" ]
      },
      "hostName" : "/default-rack/Slave23",
      "startTime" : 1405072966864,
      "finishTime" : 1405072979352,
      "attemptID" : "attempt_201407031554_2069_m_000018_0",
      "shuffleFinished" : -1,
      "sortFinished" : -1,
      "hdfsBytesRead" : 134266985,
      "hdfsBytesWritten" : -1,
      "fileBytesRead" : 23757475,
      "fileBytesWritten" : 31993725,
      "mapInputRecords" : 3251,
      "mapOutputBytes" : 185198864,
      "mapOutputRecords" : 12284490,
      "combineInputRecords" : 12710958,
      "reduceInputGroups" : -1,
      "reduceInputRecords" : -1,
      "reduceShuffleBytes" : -1,
      "reduceOutputRecords" : -1,
      "spilledRecords" : 1086105,
      "mapInputBytes" : -1,
      "resourceUsageMetrics" : {
        "cumulativeCpuUsage" : 14760,
        "virtualMemoryUsage" : 944967680,
        "physicalMemoryUsage" : 582324224,
        "heapUsage" : 588775424
      }
    } ],
    "finishTime" : 1405072976176,
    "preferredLocations" : [ {
      "layers" : [ "default-rack", "Master2" ]
    }, {
      "layers" : [ "default-rack", "Slave23" ]
    }, {
      "layers" : [ "default-rack", "Slave21" ]
    } ],
    "taskType" : "MAP",
    "taskStatus" : "SUCCESS",
    "taskID" : "task_201407031554_2069_m_000018",
    "inputBytes" : 134266985,
    "inputRecords" : 3251,
    "outputBytes" : 31993725,
    "outputRecords" : 12284490
  }, {
    "startTime" : 1405072963589,
    "attempts" : [ {
      "result" : "SUCCESS",
      "location" : {
        "layers" : [ "default-rack", "Slave22" ]
      },
      "hostName" : "/default-rack/Slave22",
      "startTime" : 1405072947997,
      "finishTime" : 1405072960019,
      "attemptID" : "attempt_201407031554_2069_m_000017_0",
      "shuffleFinished" : -1,
      "sortFinished" : -1,
      "hdfsBytesRead" : 134226025,
      "hdfsBytesWritten" : -1,
      "fileBytesRead" : 23797403,
      "fileBytesWritten" : 32034009,
      "mapInputRecords" : 3241,
      "mapOutputBytes" : 185147164,
      "mapOutputRecords" : 12281239,
      "combineInputRecords" : 12708413,
      "reduceInputGroups" : -1,
      "reduceInputRecords" : -1,
      "reduceShuffleBytes" : -1,
      "reduceOutputRecords" : -1,
      "spilledRecords" : 1087728,
      "mapInputBytes" : -1,
      "resourceUsageMetrics" : {
        "cumulativeCpuUsage" : 15340,
        "virtualMemoryUsage" : 940949504,
        "physicalMemoryUsage" : 501682176,
        "heapUsage" : 469499904
      }
    } ],
    "finishTime" : 1405072975618,
    "preferredLocations" : [ {
      "layers" : [ "default-rack", "Master2" ]
    }, {
      "layers" : [ "default-rack", "Slave21" ]
    }, {
      "layers" : [ "default-rack", "Slave22" ]
    } ],
    "taskType" : "MAP",
    "taskStatus" : "SUCCESS",
    "taskID" : "task_201407031554_2069_m_000017",
    "inputBytes" : 134226025,
    "inputRecords" : 3241,
    "outputBytes" : 32034009,
    "outputRecords" : 12281239
  }, {
    "startTime" : 1405072963699,
    "attempts" : [ {
      "result" : "SUCCESS",
      "location" : {
        "layers" : [ "default-rack", "Slave21" ]
      },
      "hostName" : "/default-rack/Slave21",
      "startTime" : 1405072954170,
      "finishTime" : 1405072966521,
      "attemptID" : "attempt_201407031554_2069_m_000019_0",
      "shuffleFinished" : -1,
      "sortFinished" : -1,
      "hdfsBytesRead" : 134234217,
      "hdfsBytesWritten" : -1,
      "fileBytesRead" : 24059974,
      "fileBytesWritten" : 32324116,
      "mapInputRecords" : 3212,
      "mapOutputBytes" : 185264766,
      "mapOutputRecords" : 12280786,
      "combineInputRecords" : 12707445,
      "reduceInputGroups" : -1,
      "reduceInputRecords" : -1,
      "reduceShuffleBytes" : -1,
      "reduceOutputRecords" : -1,
      "spilledRecords" : 1086881,
      "mapInputBytes" : -1,
      "resourceUsageMetrics" : {
        "cumulativeCpuUsage" : 15310,
        "virtualMemoryUsage" : 943284224,
        "physicalMemoryUsage" : 505442304,
        "heapUsage" : 450887680
      }
    } ],
    "finishTime" : 1405072976059,
    "preferredLocations" : [ {
      "layers" : [ "default-rack", "Slave21" ]
    }, {
      "layers" : [ "default-rack", "Slave23" ]
    }, {
      "layers" : [ "default-rack", "Slave22" ]
    } ],
    "taskType" : "MAP",
    "taskStatus" : "SUCCESS",
    "taskID" : "task_201407031554_2069_m_000019",
    "inputBytes" : 134234217,
    "inputRecords" : 3212,
    "outputBytes" : 32324116,
    "outputRecords" : 12280786
  }, {
    "startTime" : 1405072963699,
    "attempts" : [ {
      "result" : "SUCCESS",
      "location" : {
        "layers" : [ "default-rack", "Slave21" ]
      },
      "hostName" : "/default-rack/Slave21",
      "startTime" : 1405072954170,
      "finishTime" : 1405072965345,
      "attemptID" : "attempt_201407031554_2069_m_000020_0",
      "shuffleFinished" : -1,
      "sortFinished" : -1,
      "hdfsBytesRead" : 122421894,
      "hdfsBytesWritten" : -1,
      "fileBytesRead" : 21356373,
      "fileBytesWritten" : 28886885,
      "mapInputRecords" : 2948,
      "mapOutputBytes" : 168729119,
      "mapOutputRecords" : 11196483,
      "combineInputRecords" : 11586138,
      "reduceInputGroups" : -1,
      "reduceInputRecords" : -1,
      "reduceShuffleBytes" : -1,
      "reduceOutputRecords" : -1,
      "spilledRecords" : 990501,
      "mapInputBytes" : -1,
      "resourceUsageMetrics" : {
        "cumulativeCpuUsage" : 13690,
        "virtualMemoryUsage" : 944095232,
        "physicalMemoryUsage" : 511590400,
        "heapUsage" : 455081984
      }
    } ],
    "finishTime" : 1405072975156,
    "preferredLocations" : [ {
      "layers" : [ "default-rack", "Slave23" ]
    }, {
      "layers" : [ "default-rack", "Slave22" ]
    }, {
      "layers" : [ "default-rack", "Slave21" ]
    } ],
    "taskType" : "MAP",
    "taskStatus" : "SUCCESS",
    "taskID" : "task_201407031554_2069_m_000020",
    "inputBytes" : 122421894,
    "inputRecords" : 2948,
    "outputBytes" : 28886885,
    "outputRecords" : 11196483
  }, {
    "startTime" : 1405072963891,
    "attempts" : [ {
      "result" : "SUCCESS",
      "location" : {
        "layers" : [ "default-rack", "Slave22" ]
      },
      "hostName" : "/default-rack/Slave22",
      "startTime" : 1405072948299,
      "finishTime" : 1405072959331,
      "attemptID" : "attempt_201407031554_2069_m_000021_0",
      "shuffleFinished" : -1,
      "sortFinished" : -1,
      "hdfsBytesRead" : 122420954,
      "hdfsBytesWritten" : -1,
      "fileBytesRead" : 20517700,
      "fileBytesWritten" : 27348603,
      "mapInputRecords" : 3012,
      "mapOutputBytes" : 169194599,
      "mapOutputRecords" : 11248653,
      "combineInputRecords" : 11639225,
      "reduceInputGroups" : -1,
      "reduceInputRecords" : -1,
      "reduceShuffleBytes" : -1,
      "reduceOutputRecords" : -1,
      "spilledRecords" : 992633,
      "mapInputBytes" : -1,
      "resourceUsageMetrics" : {
        "cumulativeCpuUsage" : 13610,
        "virtualMemoryUsage" : 943861760,
        "physicalMemoryUsage" : 565383168,
        "heapUsage" : 572260352
      }
    } ],
    "finishTime" : 1405072975016,
    "preferredLocations" : [ {
      "layers" : [ "default-rack", "Master2" ]
    }, {
      "layers" : [ "default-rack", "Slave23" ]
    }, {
      "layers" : [ "default-rack", "Slave22" ]
    } ],
    "taskType" : "MAP",
    "taskStatus" : "SUCCESS",
    "taskID" : "task_201407031554_2069_m_000021",
    "inputBytes" : 122420954,
    "inputRecords" : 3012,
    "outputBytes" : 27348603,
    "outputRecords" : 11248653
  }, {
    "startTime" : 1405072964024,
    "attempts" : [ {
      "result" : "SUCCESS",
      "location" : {
        "layers" : [ "default-rack", "Master2" ]
      },
      "hostName" : "/default-rack/Master2",
      "startTime" : 1405072964025,
      "finishTime" : 1405072975473,
      "attemptID" : "attempt_201407031554_2069_m_000024_0",
      "shuffleFinished" : -1,
      "sortFinished" : -1,
      "hdfsBytesRead" : 122419150,
      "hdfsBytesWritten" : -1,
      "fileBytesRead" : 21786681,
      "fileBytesWritten" : 29427100,
      "mapInputRecords" : 2994,
      "mapOutputBytes" : 168952753,
      "mapOutputRecords" : 11199241,
      "combineInputRecords" : 11588458,
      "reduceInputGroups" : -1,
      "reduceInputRecords" : -1,
      "reduceShuffleBytes" : -1,
      "reduceOutputRecords" : -1,
      "spilledRecords" : 989603,
      "mapInputBytes" : -1,
      "resourceUsageMetrics" : {
        "cumulativeCpuUsage" : 13210,
        "virtualMemoryUsage" : 941436928,
        "physicalMemoryUsage" : 502603776,
        "heapUsage" : 467402752
      }
    } ],
    "finishTime" : 1405072975746,
    "preferredLocations" : [ {
      "layers" : [ "default-rack", "Master2" ]
    }, {
      "layers" : [ "default-rack", "Slave22" ]
    }, {
      "layers" : [ "default-rack", "Slave21" ]
    } ],
    "taskType" : "MAP",
    "taskStatus" : "SUCCESS",
    "taskID" : "task_201407031554_2069_m_000024",
    "inputBytes" : 122419150,
    "inputRecords" : 2994,
    "outputBytes" : 29427100,
    "outputRecords" : 11199241
  }, {
    "startTime" : 1405072964327,
    "attempts" : [ {
      "result" : "SUCCESS",
      "location" : {
        "layers" : [ "default-rack", "Master2" ]
      },
      "hostName" : "/default-rack/Master2",
      "startTime" : 1405072964329,
      "finishTime" : 1405072975889,
      "attemptID" : "attempt_201407031554_2069_m_000025_0",
      "shuffleFinished" : -1,
      "sortFinished" : -1,
      "hdfsBytesRead" : 122418317,
      "hdfsBytesWritten" : -1,
      "fileBytesRead" : 18747341,
      "fileBytesWritten" : 24887287,
      "mapInputRecords" : 2930,
      "mapOutputBytes" : 169340729,
      "mapOutputRecords" : 11249870,
      "combineInputRecords" : 11639944,
      "reduceInputGroups" : -1,
      "reduceInputRecords" : -1,
      "reduceShuffleBytes" : -1,
      "reduceOutputRecords" : -1,
      "spilledRecords" : 990845,
      "mapInputBytes" : -1,
      "resourceUsageMetrics" : {
        "cumulativeCpuUsage" : 14160,
        "virtualMemoryUsage" : 941998080,
        "physicalMemoryUsage" : 516808704,
        "heapUsage" : 459800576
      }
    } ],
    "finishTime" : 1405072976047,
    "preferredLocations" : [ {
      "layers" : [ "default-rack", "Master2" ]
    }, {
      "layers" : [ "default-rack", "Slave21" ]
    }, {
      "layers" : [ "default-rack", "Slave22" ]
    } ],
    "taskType" : "MAP",
    "taskStatus" : "SUCCESS",
    "taskID" : "task_201407031554_2069_m_000025",
    "inputBytes" : 122418317,
    "inputRecords" : 2930,
    "outputBytes" : 24887287,
    "outputRecords" : 11249870
  }, {
    "startTime" : 1405072975016,
    "attempts" : [ {
      "result" : "SUCCESS",
      "location" : {
        "layers" : [ "default-rack", "Slave22" ]
      },
      "hostName" : "/default-rack/Slave22",
      "startTime" : 1405072959424,
      "finishTime" : 1405072970630,
      "attemptID" : "attempt_201407031554_2069_m_000022_0",
      "shuffleFinished" : -1,
      "sortFinished" : -1,
      "hdfsBytesRead" : 122419615,
      "hdfsBytesWritten" : -1,
      "fileBytesRead" : 18951651,
      "fileBytesWritten" : 25037320,
      "mapInputRecords" : 53745,
      "mapOutputBytes" : 169164811,
      "mapOutputRecords" : 11251543,
      "combineInputRecords" : 11641748,
      "reduceInputGroups" : -1,
      "reduceInputRecords" : -1,
      "reduceShuffleBytes" : -1,
      "reduceOutputRecords" : -1,
      "spilledRecords" : 991252,
      "mapInputBytes" : -1,
      "resourceUsageMetrics" : {
        "cumulativeCpuUsage" : 13190,
        "virtualMemoryUsage" : 943861760,
        "physicalMemoryUsage" : 689491968,
        "heapUsage" : 689963008
      }
    } ],
    "finishTime" : 1405072986442,
    "preferredLocations" : [ {
      "layers" : [ "default-rack", "Slave21" ]
    }, {
      "layers" : [ "default-rack", "Slave22" ]
    }, {
      "layers" : [ "default-rack", "Slave23" ]
    } ],
    "taskType" : "MAP",
    "taskStatus" : "SUCCESS",
    "taskID" : "task_201407031554_2069_m_000022",
    "inputBytes" : 122419615,
    "inputRecords" : 53745,
    "outputBytes" : 25037320,
    "outputRecords" : 11251543
  }, {
    "startTime" : 1405072975156,
    "attempts" : [ {
      "result" : "SUCCESS",
      "location" : {
        "layers" : [ "default-rack", "Slave21" ]
      },
      "hostName" : "/default-rack/Slave21",
      "startTime" : 1405072965626,
      "finishTime" : 1405072976638,
      "attemptID" : "attempt_201407031554_2069_m_000023_0",
      "shuffleFinished" : -1,
      "sortFinished" : -1,
      "hdfsBytesRead" : 122419444,
      "hdfsBytesWritten" : -1,
      "fileBytesRead" : 22110677,
      "fileBytesWritten" : 29730731,
      "mapInputRecords" : 3002,
      "mapOutputBytes" : 168974175,
      "mapOutputRecords" : 11194157,
      "combineInputRecords" : 11583792,
      "reduceInputGroups" : -1,
      "reduceInputRecords" : -1,
      "reduceShuffleBytes" : -1,
      "reduceOutputRecords" : -1,
      "spilledRecords" : 990430,
      "mapInputBytes" : -1,
      "resourceUsageMetrics" : {
        "cumulativeCpuUsage" : 13640,
        "virtualMemoryUsage" : 944095232,
        "physicalMemoryUsage" : 514035712,
        "heapUsage" : 492044288
      }
    } ],
    "finishTime" : 1405072986280,
    "preferredLocations" : [ {
      "layers" : [ "default-rack", "Slave23" ]
    }, {
      "layers" : [ "default-rack", "Slave21" ]
    }, {
      "layers" : [ "default-rack", "Slave22" ]
    } ],
    "taskType" : "MAP",
    "taskStatus" : "SUCCESS",
    "taskID" : "task_201407031554_2069_m_000023",
    "inputBytes" : 122419444,
    "inputRecords" : 3002,
    "outputBytes" : 29730731,
    "outputRecords" : 11194157
  }, {
    "startTime" : 1405072975618,
    "attempts" : [ {
      "result" : "SUCCESS",
      "location" : {
        "layers" : [ "default-rack", "Slave22" ]
      },
      "hostName" : "/default-rack/Slave22",
      "startTime" : 1405072960026,
      "finishTime" : 1405072971458,
      "attemptID" : "attempt_201407031554_2069_m_000027_0",
      "shuffleFinished" : -1,
      "sortFinished" : -1,
      "hdfsBytesRead" : 122416998,
      "hdfsBytesWritten" : -1,
      "fileBytesRead" : 21538546,
      "fileBytesWritten" : 29105830,
      "mapInputRecords" : 2929,
      "mapOutputBytes" : 168759770,
      "mapOutputRecords" : 11192495,
      "combineInputRecords" : 11581146,
      "reduceInputGroups" : -1,
      "reduceInputRecords" : -1,
      "reduceShuffleBytes" : -1,
      "reduceOutputRecords" : -1,
      "spilledRecords" : 987982,
      "mapInputBytes" : -1,
      "resourceUsageMetrics" : {
        "cumulativeCpuUsage" : 13850,
        "virtualMemoryUsage" : 940949504,
        "physicalMemoryUsage" : 501878784,
        "heapUsage" : 486014976
      }
    } ],
    "finishTime" : 1405072987345,
    "preferredLocations" : [ {
      "layers" : [ "default-rack", "Master2" ]
    }, {
      "layers" : [ "default-rack", "Slave22" ]
    }, {
      "layers" : [ "default-rack", "Slave21" ]
    } ],
    "taskType" : "MAP",
    "taskStatus" : "SUCCESS",
    "taskID" : "task_201407031554_2069_m_000027",
    "inputBytes" : 122416998,
    "inputRecords" : 2929,
    "outputBytes" : 29105830,
    "outputRecords" : 11192495
  }, {
    "startTime" : 1405072975746,
    "attempts" : [ {
      "result" : "SUCCESS",
      "location" : {
        "layers" : [ "default-rack", "Master2" ]
      },
      "hostName" : "/default-rack/Master2",
      "startTime" : 1405072975747,
      "finishTime" : 1405072986669,
      "attemptID" : "attempt_201407031554_2069_m_000026_0",
      "shuffleFinished" : -1,
      "sortFinished" : -1,
      "hdfsBytesRead" : 122417584,
      "hdfsBytesWritten" : -1,
      "fileBytesRead" : 20249707,
      "fileBytesWritten" : 26734961,
      "mapInputRecords" : 2947,
      "mapOutputBytes" : 169460213,
      "mapOutputRecords" : 11250726,
      "combineInputRecords" : 11640477,
      "reduceInputGroups" : -1,
      "reduceInputRecords" : -1,
      "reduceShuffleBytes" : -1,
      "reduceOutputRecords" : -1,
      "spilledRecords" : 990574,
      "mapInputBytes" : -1,
      "resourceUsageMetrics" : {
        "cumulativeCpuUsage" : 13630,
        "virtualMemoryUsage" : 941436928,
        "physicalMemoryUsage" : 503508992,
        "heapUsage" : 496762880
      }
    } ],
    "finishTime" : 1405072986894,
    "preferredLocations" : [ {
      "layers" : [ "default-rack", "Master2" ]
    }, {
      "layers" : [ "default-rack", "Slave21" ]
    }, {
      "layers" : [ "default-rack", "Slave23" ]
    } ],
    "taskType" : "MAP",
    "taskStatus" : "SUCCESS",
    "taskID" : "task_201407031554_2069_m_000026",
    "inputBytes" : 122417584,
    "inputRecords" : 2947,
    "outputBytes" : 26734961,
    "outputRecords" : 11250726
  }, {
    "startTime" : 1405072976051,
    "attempts" : [ {
      "result" : "SUCCESS",
      "location" : {
        "layers" : [ "default-rack", "Master2" ]
      },
      "hostName" : "/default-rack/Master2",
      "startTime" : 1405072976052,
      "finishTime" : 1405072987022,
      "attemptID" : "attempt_201407031554_2069_m_000028_0",
      "shuffleFinished" : -1,
      "sortFinished" : -1,
      "hdfsBytesRead" : 122416815,
      "hdfsBytesWritten" : -1,
      "fileBytesRead" : 19076189,
      "fileBytesWritten" : 25213932,
      "mapInputRecords" : 53732,
      "mapOutputBytes" : 169557736,
      "mapOutputRecords" : 11299564,
      "combineInputRecords" : 11690240,
      "reduceInputGroups" : -1,
      "reduceInputRecords" : -1,
      "reduceShuffleBytes" : -1,
      "reduceOutputRecords" : -1,
      "spilledRecords" : 992572,
      "mapInputBytes" : -1,
      "resourceUsageMetrics" : {
        "cumulativeCpuUsage" : 13420,
        "virtualMemoryUsage" : 942133248,
        "physicalMemoryUsage" : 517562368,
        "heapUsage" : 494141440
      }
    } ],
    "finishTime" : 1405072987196,
    "preferredLocations" : [ {
      "layers" : [ "default-rack", "Master2" ]
    }, {
      "layers" : [ "default-rack", "Slave23" ]
    }, {
      "layers" : [ "default-rack", "Slave21" ]
    } ],
    "taskType" : "MAP",
    "taskStatus" : "SUCCESS",
    "taskID" : "task_201407031554_2069_m_000028",
    "inputBytes" : 122416815,
    "inputRecords" : 53732,
    "outputBytes" : 25213932,
    "outputRecords" : 11299564
  }, {
    "startTime" : 1405072976059,
    "attempts" : [ {
      "result" : "SUCCESS",
      "location" : {
        "layers" : [ "default-rack", "Slave21" ]
      },
      "hostName" : "/default-rack/Slave21",
      "startTime" : 1405072966529,
      "finishTime" : 1405072978007,
      "attemptID" : "attempt_201407031554_2069_m_000031_0",
      "shuffleFinished" : -1,
      "sortFinished" : -1,
      "hdfsBytesRead" : 122416056,
      "hdfsBytesWritten" : -1,
      "fileBytesRead" : 21569479,
      "fileBytesWritten" : 29125432,
      "mapInputRecords" : 2947,
      "mapOutputBytes" : 168841799,
      "mapOutputRecords" : 11198588,
      "combineInputRecords" : 11587628,
      "reduceInputGroups" : -1,
      "reduceInputRecords" : -1,
      "reduceShuffleBytes" : -1,
      "reduceOutputRecords" : -1,
      "spilledRecords" : 988915,
      "mapInputBytes" : -1,
      "resourceUsageMetrics" : {
        "cumulativeCpuUsage" : 13760,
        "virtualMemoryUsage" : 943284224,
        "physicalMemoryUsage" : 512749568,
        "heapUsage" : 550502400
      }
    } ],
    "finishTime" : 1405072987797,
    "preferredLocations" : [ {
      "layers" : [ "default-rack", "Slave21" ]
    }, {
      "layers" : [ "default-rack", "Slave23" ]
    }, {
      "layers" : [ "default-rack", "Slave22" ]
    } ],
    "taskType" : "MAP",
    "taskStatus" : "SUCCESS",
    "taskID" : "task_201407031554_2069_m_000031",
    "inputBytes" : 122416056,
    "inputRecords" : 2947,
    "outputBytes" : 29125432,
    "outputRecords" : 11198588
  }, {
    "startTime" : 1405072976177,
    "attempts" : [ {
      "result" : "SUCCESS",
      "location" : {
        "layers" : [ "default-rack", "Slave23" ]
      },
      "hostName" : "/default-rack/Slave23",
      "startTime" : 1405072979489,
      "finishTime" : 1405072991038,
      "attemptID" : "attempt_201407031554_2069_m_000029_0",
      "shuffleFinished" : -1,
      "sortFinished" : -1,
      "hdfsBytesRead" : 122416426,
      "hdfsBytesWritten" : -1,
      "fileBytesRead" : 21810451,
      "fileBytesWritten" : 29445949,
      "mapInputRecords" : 2979,
      "mapOutputBytes" : 168928285,
      "mapOutputRecords" : 11196758,
      "combineInputRecords" : 11586447,
      "reduceInputGroups" : -1,
      "reduceInputRecords" : -1,
      "reduceShuffleBytes" : -1,
      "reduceOutputRecords" : -1,
      "spilledRecords" : 990727,
      "mapInputBytes" : -1,
      "resourceUsageMetrics" : {
        "cumulativeCpuUsage" : 14260,
        "virtualMemoryUsage" : 944967680,
        "physicalMemoryUsage" : 520691712,
        "heapUsage" : 461635584
      }
    } ],
    "finishTime" : 1405072987907,
    "preferredLocations" : [ {
      "layers" : [ "default-rack", "Master2" ]
    }, {
      "layers" : [ "default-rack", "Slave23" ]
    }, {
      "layers" : [ "default-rack", "Slave22" ]
    } ],
    "taskType" : "MAP",
    "taskStatus" : "SUCCESS",
    "taskID" : "task_201407031554_2069_m_000029",
    "inputBytes" : 122416426,
    "inputRecords" : 2979,
    "outputBytes" : 29445949,
    "outputRecords" : 11196758
  }, {
    "startTime" : 1405072976479,
    "attempts" : [ {
      "result" : "SUCCESS",
      "location" : {
        "layers" : [ "default-rack", "Slave23" ]
      },
      "hostName" : "/default-rack/Slave23",
      "startTime" : 1405072979792,
      "finishTime" : 1405072993537,
      "attemptID" : "attempt_201407031554_2069_m_000030_0",
      "shuffleFinished" : -1,
      "sortFinished" : -1,
      "hdfsBytesRead" : 122416275,
      "hdfsBytesWritten" : -1,
      "fileBytesRead" : 22780077,
      "fileBytesWritten" : 30597894,
      "mapInputRecords" : 2931,
      "mapOutputBytes" : 169357797,
      "mapOutputRecords" : 11199643,
      "combineInputRecords" : 11588823,
      "reduceInputGroups" : -1,
      "reduceInputRecords" : -1,
      "reduceShuffleBytes" : -1,
      "reduceOutputRecords" : -1,
      "spilledRecords" : 989818,
      "mapInputBytes" : -1,
      "resourceUsageMetrics" : {
        "cumulativeCpuUsage" : 18440,
        "virtualMemoryUsage" : 939954176,
        "physicalMemoryUsage" : 284073984,
        "heapUsage" : 309067776
      }
    } ],
    "finishTime" : 1405072990314,
    "preferredLocations" : [ {
      "layers" : [ "default-rack", "Master2" ]
    }, {
      "layers" : [ "default-rack", "Slave22" ]
    }, {
      "layers" : [ "default-rack", "Slave23" ]
    } ],
    "taskType" : "MAP",
    "taskStatus" : "SUCCESS",
    "taskID" : "task_201407031554_2069_m_000030",
    "inputBytes" : 122416275,
    "inputRecords" : 2931,
    "outputBytes" : 30597894,
    "outputRecords" : 11199643
  }, {
    "startTime" : 1405072986280,
    "attempts" : [ {
      "result" : "SUCCESS",
      "location" : {
        "layers" : [ "default-rack", "Slave21" ]
      },
      "hostName" : "/default-rack/Slave21",
      "startTime" : 1405072976750,
      "finishTime" : 1405072990337,
      "attemptID" : "attempt_201407031554_2069_m_000032_0",
      "shuffleFinished" : -1,
      "sortFinished" : -1,
      "hdfsBytesRead" : 122416036,
      "hdfsBytesWritten" : -1,
      "fileBytesRead" : 22048573,
      "fileBytesWritten" : 29697642,
      "mapInputRecords" : 2976,
      "mapOutputBytes" : 169039759,
      "mapOutputRecords" : 11198674,
      "combineInputRecords" : 11587753,
      "reduceInputGroups" : -1,
      "reduceInputRecords" : -1,
      "reduceShuffleBytes" : -1,
      "reduceOutputRecords" : -1,
      "spilledRecords" : 988781,
      "mapInputBytes" : -1,
      "resourceUsageMetrics" : {
        "cumulativeCpuUsage" : 18350,
        "virtualMemoryUsage" : 939642880,
        "physicalMemoryUsage" : 268931072,
        "heapUsage" : 293339136
      }
    } ],
    "finishTime" : 1405073000120,
    "preferredLocations" : [ {
      "layers" : [ "default-rack", "Slave23" ]
    }, {
      "layers" : [ "default-rack", "Slave21" ]
    }, {
      "layers" : [ "default-rack", "Slave22" ]
    } ],
    "taskType" : "MAP",
    "taskStatus" : "SUCCESS",
    "taskID" : "task_201407031554_2069_m_000032",
    "inputBytes" : 122416036,
    "inputRecords" : 2976,
    "outputBytes" : 29697642,
    "outputRecords" : 11198674
  }, {
    "startTime" : 1405072986442,
    "attempts" : [ {
      "result" : "SUCCESS",
      "location" : {
        "layers" : [ "default-rack", "Slave22" ]
      },
      "hostName" : "/default-rack/Slave22",
      "startTime" : 1405072970850,
      "finishTime" : 1405072985081,
      "attemptID" : "attempt_201407031554_2069_m_000033_0",
      "shuffleFinished" : -1,
      "sortFinished" : -1,
      "hdfsBytesRead" : 122415886,
      "hdfsBytesWritten" : -1,
      "fileBytesRead" : 17817402,
      "fileBytesWritten" : 23551822,
      "mapInputRecords" : 3050,
      "mapOutputBytes" : 168683699,
      "mapOutputRecords" : 11238846,
      "combineInputRecords" : 11627201,
      "reduceInputGroups" : -1,
      "reduceInputRecords" : -1,
      "reduceShuffleBytes" : -1,
      "reduceOutputRecords" : -1,
      "spilledRecords" : 982571,
      "mapInputBytes" : -1,
      "resourceUsageMetrics" : {
        "cumulativeCpuUsage" : 18780,
        "virtualMemoryUsage" : 938905600,
        "physicalMemoryUsage" : 295845888,
        "heapUsage" : 320602112
      }
    } ],
    "finishTime" : 1405073000986,
    "preferredLocations" : [ {
      "layers" : [ "default-rack", "Master2" ]
    }, {
      "layers" : [ "default-rack", "Slave22" ]
    }, {
      "layers" : [ "default-rack", "Slave23" ]
    } ],
    "taskType" : "MAP",
    "taskStatus" : "SUCCESS",
    "taskID" : "task_201407031554_2069_m_000033",
    "inputBytes" : 122415886,
    "inputRecords" : 3050,
    "outputBytes" : 23551822,
    "outputRecords" : 11238846
  }, {
    "startTime" : 1405072986895,
    "attempts" : [ {
      "result" : "SUCCESS",
      "location" : {
        "layers" : [ "default-rack", "Master2" ]
      },
      "hostName" : "/default-rack/Master2",
      "startTime" : 1405072986895,
      "finishTime" : 1405073001185,
      "attemptID" : "attempt_201407031554_2069_m_000034_0",
      "shuffleFinished" : -1,
      "sortFinished" : -1,
      "hdfsBytesRead" : 122415474,
      "hdfsBytesWritten" : -1,
      "fileBytesRead" : 22094608,
      "fileBytesWritten" : 29702159,
      "mapInputRecords" : 2929,
      "mapOutputBytes" : 169050242,
      "mapOutputRecords" : 11199882,
      "combineInputRecords" : 11589025,
      "reduceInputGroups" : -1,
      "reduceInputRecords" : -1,
      "reduceShuffleBytes" : -1,
      "reduceOutputRecords" : -1,
      "spilledRecords" : 989240,
      "mapInputBytes" : -1,
      "resourceUsageMetrics" : {
        "cumulativeCpuUsage" : 19240,
        "virtualMemoryUsage" : 944955392,
        "physicalMemoryUsage" : 288624640,
        "heapUsage" : 306970624
      }
    } ],
    "finishTime" : 1405073001397,
    "preferredLocations" : [ {
      "layers" : [ "default-rack", "Master2" ]
    }, {
      "layers" : [ "default-rack", "Slave22" ]
    }, {
      "layers" : [ "default-rack", "Slave21" ]
    } ],
    "taskType" : "MAP",
    "taskStatus" : "SUCCESS",
    "taskID" : "task_201407031554_2069_m_000034",
    "inputBytes" : 122415474,
    "inputRecords" : 2929,
    "outputBytes" : 29702159,
    "outputRecords" : 11199882
  }, {
    "startTime" : 1405072987196,
    "attempts" : [ {
      "result" : "SUCCESS",
      "location" : {
        "layers" : [ "default-rack", "Master2" ]
      },
      "hostName" : "/default-rack/Master2",
      "startTime" : 1405072987197,
      "finishTime" : 1405073001117,
      "attemptID" : "attempt_201407031554_2069_m_000035_0",
      "shuffleFinished" : -1,
      "sortFinished" : -1,
      "hdfsBytesRead" : 122413800,
      "hdfsBytesWritten" : -1,
      "fileBytesRead" : 22396261,
      "fileBytesWritten" : 30107242,
      "mapInputRecords" : 2943,
      "mapOutputBytes" : 169158214,
      "mapOutputRecords" : 11196569,
      "combineInputRecords" : 11585191,
      "reduceInputGroups" : -1,
      "reduceInputRecords" : -1,
      "reduceShuffleBytes" : -1,
      "reduceOutputRecords" : -1,
      "spilledRecords" : 987968,
      "mapInputBytes" : -1,
      "resourceUsageMetrics" : {
        "cumulativeCpuUsage" : 18510,
        "virtualMemoryUsage" : 942460928,
        "physicalMemoryUsage" : 360423424,
        "heapUsage" : 386400256
      }
    }, {
      "result" : "KILLED",
      "location" : null,
      "hostName" : null,
      "startTime" : 1405072990590,
      "finishTime" : 1405072993674,
      "attemptID" : "attempt_201407031554_2069_m_000035_1",
      "shuffleFinished" : -1,
      "sortFinished" : -1,
      "hdfsBytesRead" : -1,
      "hdfsBytesWritten" : -1,
      "fileBytesRead" : -1,
      "fileBytesWritten" : -1,
      "mapInputRecords" : -1,
      "mapOutputBytes" : -1,
      "mapOutputRecords" : -1,
      "combineInputRecords" : -1,
      "reduceInputGroups" : -1,
      "reduceInputRecords" : -1,
      "reduceShuffleBytes" : -1,
      "reduceOutputRecords" : -1,
      "spilledRecords" : -1,
      "mapInputBytes" : -1,
      "resourceUsageMetrics" : {
        "cumulativeCpuUsage" : 0,
        "virtualMemoryUsage" : 0,
        "physicalMemoryUsage" : 0,
        "heapUsage" : 0
      }
    } ],
    "finishTime" : 1405073001397,
    "preferredLocations" : [ {
      "layers" : [ "default-rack", "Master2" ]
    }, {
      "layers" : [ "default-rack", "Slave23" ]
    }, {
      "layers" : [ "default-rack", "Slave21" ]
    } ],
    "taskType" : "MAP",
    "taskStatus" : "SUCCESS",
    "taskID" : "task_201407031554_2069_m_000035",
    "inputBytes" : 122413800,
    "inputRecords" : 2943,
    "outputBytes" : 30107242,
    "outputRecords" : 11196569
  }, {
    "startTime" : 1405072987345,
    "attempts" : [ {
      "result" : "SUCCESS",
      "location" : {
        "layers" : [ "default-rack", "Slave22" ]
      },
      "hostName" : "/default-rack/Slave22",
      "startTime" : 1405072971753,
      "finishTime" : 1405072985233,
      "attemptID" : "attempt_201407031554_2069_m_000039_0",
      "shuffleFinished" : -1,
      "sortFinished" : -1,
      "hdfsBytesRead" : 122412414,
      "hdfsBytesWritten" : -1,
      "fileBytesRead" : 21537265,
      "fileBytesWritten" : 29119296,
      "mapInputRecords" : 2965,
      "mapOutputBytes" : 168788255,
      "mapOutputRecords" : 11195911,
      "combineInputRecords" : 11584926,
      "reduceInputGroups" : -1,
      "reduceInputRecords" : -1,
      "reduceShuffleBytes" : -1,
      "reduceOutputRecords" : -1,
      "spilledRecords" : 988860,
      "mapInputBytes" : -1,
      "resourceUsageMetrics" : {
        "cumulativeCpuUsage" : 18570,
        "virtualMemoryUsage" : 942620672,
        "physicalMemoryUsage" : 266108928,
        "heapUsage" : 287834112
      }
    } ],
    "finishTime" : 1405073000986,
    "preferredLocations" : [ {
      "layers" : [ "default-rack", "Master2" ]
    }, {
      "layers" : [ "default-rack", "Slave22" ]
    }, {
      "layers" : [ "default-rack", "Slave21" ]
    } ],
    "taskType" : "MAP",
    "taskStatus" : "SUCCESS",
    "taskID" : "task_201407031554_2069_m_000039",
    "inputBytes" : 122412414,
    "inputRecords" : 2965,
    "outputBytes" : 29119296,
    "outputRecords" : 11195911
  }, {
    "startTime" : 1405072987797,
    "attempts" : [ {
      "result" : "SUCCESS",
      "location" : {
        "layers" : [ "default-rack", "Slave21" ]
      },
      "hostName" : "/default-rack/Slave21",
      "startTime" : 1405072978267,
      "finishTime" : 1405072991946,
      "attemptID" : "attempt_201407031554_2069_m_000036_0",
      "shuffleFinished" : -1,
      "sortFinished" : -1,
      "hdfsBytesRead" : 122413797,
      "hdfsBytesWritten" : -1,
      "fileBytesRead" : 19338357,
      "fileBytesWritten" : 25466771,
      "mapInputRecords" : 104430,
      "mapOutputBytes" : 169058697,
      "mapOutputRecords" : 11302327,
      "combineInputRecords" : 11692553,
      "reduceInputGroups" : -1,
      "reduceInputRecords" : -1,
      "reduceShuffleBytes" : -1,
      "reduceOutputRecords" : -1,
      "spilledRecords" : 991513,
      "mapInputBytes" : -1,
      "resourceUsageMetrics" : {
        "cumulativeCpuUsage" : 18790,
        "virtualMemoryUsage" : 943099904,
        "physicalMemoryUsage" : 287821824,
        "heapUsage" : 311164928
      }
    } ],
    "finishTime" : 1405073001624,
    "preferredLocations" : [ {
      "layers" : [ "default-rack", "Master2" ]
    }, {
      "layers" : [ "default-rack", "Slave21" ]
    }, {
      "layers" : [ "default-rack", "Slave23" ]
    } ],
    "taskType" : "MAP",
    "taskStatus" : "SUCCESS",
    "taskID" : "task_201407031554_2069_m_000036",
    "inputBytes" : 122413797,
    "inputRecords" : 104430,
    "outputBytes" : 25466771,
    "outputRecords" : 11302327
  }, {
    "startTime" : 1405072987908,
    "attempts" : [ {
      "result" : "SUCCESS",
      "location" : {
        "layers" : [ "default-rack", "Slave23" ]
      },
      "hostName" : "/default-rack/Slave23",
      "startTime" : 1405072991220,
      "finishTime" : 1405073004948,
      "attemptID" : "attempt_201407031554_2069_m_000037_0",
      "shuffleFinished" : -1,
      "sortFinished" : -1,
      "hdfsBytesRead" : 122412722,
      "hdfsBytesWritten" : -1,
      "fileBytesRead" : 19459046,
      "fileBytesWritten" : 25574585,
      "mapInputRecords" : 2912,
      "mapOutputBytes" : 168975477,
      "mapOutputRecords" : 11234050,
      "combineInputRecords" : 11623248,
      "reduceInputGroups" : -1,
      "reduceInputRecords" : -1,
      "reduceShuffleBytes" : -1,
      "reduceOutputRecords" : -1,
      "spilledRecords" : 989418,
      "mapInputBytes" : -1,
      "resourceUsageMetrics" : {
        "cumulativeCpuUsage" : 19000,
        "virtualMemoryUsage" : 942297088,
        "physicalMemoryUsage" : 271863808,
        "heapUsage" : 296222720
      }
    } ],
    "finishTime" : 1405073001741,
    "preferredLocations" : [ {
      "layers" : [ "default-rack", "Master2" ]
    }, {
      "layers" : [ "default-rack", "Slave23" ]
    }, {
      "layers" : [ "default-rack", "Slave21" ]
    } ],
    "taskType" : "MAP",
    "taskStatus" : "SUCCESS",
    "taskID" : "task_201407031554_2069_m_000037",
    "inputBytes" : 122412722,
    "inputRecords" : 2912,
    "outputBytes" : 25574585,
    "outputRecords" : 11234050
  }, {
    "startTime" : 1405072990315,
    "attempts" : [ {
      "result" : "SUCCESS",
      "location" : {
        "layers" : [ "default-rack", "Slave23" ]
      },
      "hostName" : "/default-rack/Slave23",
      "startTime" : 1405072993627,
      "finishTime" : 1405073005487,
      "attemptID" : "attempt_201407031554_2069_m_000038_0",
      "shuffleFinished" : -1,
      "sortFinished" : -1,
      "hdfsBytesRead" : 122412684,
      "hdfsBytesWritten" : -1,
      "fileBytesRead" : 18711956,
      "fileBytesWritten" : 24856347,
      "mapInputRecords" : 2988,
      "mapOutputBytes" : 169164825,
      "mapOutputRecords" : 11247642,
      "combineInputRecords" : 11637172,
      "reduceInputGroups" : -1,
      "reduceInputRecords" : -1,
      "reduceShuffleBytes" : -1,
      "reduceOutputRecords" : -1,
      "spilledRecords" : 989370,
      "mapInputBytes" : -1,
      "resourceUsageMetrics" : {
        "cumulativeCpuUsage" : 13990,
        "virtualMemoryUsage" : 941441024,
        "physicalMemoryUsage" : 431456256,
        "heapUsage" : 448790528
      }
    } ],
    "finishTime" : 1405073002344,
    "preferredLocations" : [ {
      "layers" : [ "default-rack", "Master2" ]
    }, {
      "layers" : [ "default-rack", "Slave23" ]
    }, {
      "layers" : [ "default-rack", "Slave21" ]
    } ],
    "taskType" : "MAP",
    "taskStatus" : "SUCCESS",
    "taskID" : "task_201407031554_2069_m_000038",
    "inputBytes" : 122412684,
    "inputRecords" : 2988,
    "outputBytes" : 24856347,
    "outputRecords" : 11247642
  } ],
  "finishTime" : 1405073013362,
  "reduceTasks" : [ {
    "startTime" : 1405072950618,
    "attempts" : [ {
      "result" : "SUCCESS",
      "location" : {
        "layers" : [ "default-rack", "Slave23" ]
      },
      "hostName" : "/default-rack/Slave23",
      "startTime" : 1405072953932,
      "finishTime" : 1405073014581,
      "attemptID" : "attempt_201407031554_2069_r_000000_0",
      "shuffleFinished" : 1405073010797,
      "sortFinished" : 1405073011074,
      "hdfsBytesRead" : -1,
      "hdfsBytesWritten" : 3671890,
      "fileBytesRead" : -1,
      "fileBytesWritten" : 58926,
      "mapInputRecords" : -1,
      "mapOutputBytes" : -1,
      "mapOutputRecords" : -1,
      "combineInputRecords" : 0,
      "reduceInputGroups" : 671313,
      "reduceInputRecords" : 1319798,
      "reduceShuffleBytes" : 39857454,
      "reduceOutputRecords" : 671313,
      "spilledRecords" : 0,
      "mapInputBytes" : -1,
      "resourceUsageMetrics" : {
        "cumulativeCpuUsage" : 5320,
        "virtualMemoryUsage" : 945750016,
        "physicalMemoryUsage" : 171302912,
        "heapUsage" : 243007488
      }
    } ],
    "finishTime" : 1405073011399,
    "preferredLocations" : [ ],
    "taskType" : "REDUCE",
    "taskStatus" : "SUCCESS",
    "taskID" : "task_201407031554_2069_r_000000",
    "inputBytes" : 39857454,
    "inputRecords" : 1319798,
    "outputBytes" : 3671890,
    "outputRecords" : 671313
  }, {
    "startTime" : 1405072950660,
    "attempts" : [ {
      "result" : "SUCCESS",
      "location" : {
        "layers" : [ "default-rack", "Slave22" ]
      },
      "hostName" : "/default-rack/Slave22",
      "startTime" : 1405072935071,
      "finishTime" : 1405072996725,
      "attemptID" : "attempt_201407031554_2069_r_000001_0",
      "shuffleFinished" : 1405072992982,
      "sortFinished" : 1405072993285,
      "hdfsBytesRead" : -1,
      "hdfsBytesWritten" : 3681730,
      "fileBytesRead" : -1,
      "fileBytesWritten" : 58926,
      "mapInputRecords" : -1,
      "mapOutputBytes" : -1,
      "mapOutputRecords" : -1,
      "combineInputRecords" : 0,
      "reduceInputGroups" : 673158,
      "reduceInputRecords" : 1319507,
      "reduceShuffleBytes" : 39939853,
      "reduceOutputRecords" : 673158,
      "spilledRecords" : 0,
      "mapInputBytes" : -1,
      "resourceUsageMetrics" : {
        "cumulativeCpuUsage" : 5330,
        "virtualMemoryUsage" : 945778688,
        "physicalMemoryUsage" : 171249664,
        "heapUsage" : 242221056
      }
    } ],
    "finishTime" : 1405073012453,
    "preferredLocations" : [ ],
    "taskType" : "REDUCE",
    "taskStatus" : "SUCCESS",
    "taskID" : "task_201407031554_2069_r_000001",
    "inputBytes" : 39939853,
    "inputRecords" : 1319507,
    "outputBytes" : 3681730,
    "outputRecords" : 673158
  }, {
    "startTime" : 1405072950761,
    "attempts" : [ {
      "result" : "SUCCESS",
      "location" : {
        "layers" : [ "default-rack", "Slave21" ]
      },
      "hostName" : "/default-rack/Slave21",
      "startTime" : 1405072941232,
      "finishTime" : 1405073001746,
      "attemptID" : "attempt_201407031554_2069_r_000002_0",
      "shuffleFinished" : 1405072998048,
      "sortFinished" : 1405072998333,
      "hdfsBytesRead" : -1,
      "hdfsBytesWritten" : 3674997,
      "fileBytesRead" : -1,
      "fileBytesWritten" : 58926,
      "mapInputRecords" : -1,
      "mapOutputBytes" : -1,
      "mapOutputRecords" : -1,
      "combineInputRecords" : 0,
      "reduceInputGroups" : 672354,
      "reduceInputRecords" : 1319902,
      "reduceShuffleBytes" : 39942099,
      "reduceOutputRecords" : 672354,
      "spilledRecords" : 0,
      "mapInputBytes" : -1,
      "resourceUsageMetrics" : {
        "cumulativeCpuUsage" : 5160,
        "virtualMemoryUsage" : 944988160,
        "physicalMemoryUsage" : 170086400,
        "heapUsage" : 171704320
      }
    } ],
    "finishTime" : 1405073011574,
    "preferredLocations" : [ ],
    "taskType" : "REDUCE",
    "taskStatus" : "SUCCESS",
    "taskID" : "task_201407031554_2069_r_000002",
    "inputBytes" : 39942099,
    "inputRecords" : 1319902,
    "outputBytes" : 3674997,
    "outputRecords" : 672354
  }, {
    "startTime" : 1405072950797,
    "attempts" : [ {
      "result" : "SUCCESS",
      "location" : {
        "layers" : [ "default-rack", "Master2" ]
      },
      "hostName" : "/default-rack/Master2",
      "startTime" : 1405072950798,
      "finishTime" : 1405073011452,
      "attemptID" : "attempt_201407031554_2069_r_000003_0",
      "shuffleFinished" : 1405073007616,
      "sortFinished" : 1405073007883,
      "hdfsBytesRead" : -1,
      "hdfsBytesWritten" : 3686375,
      "fileBytesRead" : -1,
      "fileBytesWritten" : 58926,
      "mapInputRecords" : -1,
      "mapOutputBytes" : -1,
      "mapOutputRecords" : -1,
      "combineInputRecords" : 0,
      "reduceInputGroups" : 673281,
      "reduceInputRecords" : 1312475,
      "reduceShuffleBytes" : 39723581,
      "reduceOutputRecords" : 673281,
      "spilledRecords" : 0,
      "mapInputBytes" : -1,
      "resourceUsageMetrics" : {
        "cumulativeCpuUsage" : 5410,
        "virtualMemoryUsage" : 943636480,
        "physicalMemoryUsage" : 186982400,
        "heapUsage" : 155189248
      }
    } ],
    "finishTime" : 1405073011652,
    "preferredLocations" : [ ],
    "taskType" : "REDUCE",
    "taskStatus" : "SUCCESS",
    "taskID" : "task_201407031554_2069_r_000003",
    "inputBytes" : 39723581,
    "inputRecords" : 1312475,
    "outputBytes" : 3686375,
    "outputRecords" : 673281
  }, {
    "startTime" : 1405072950919,
    "attempts" : [ {
      "result" : "SUCCESS",
      "location" : {
        "layers" : [ "default-rack", "Slave23" ]
      },
      "hostName" : "/default-rack/Slave23",
      "startTime" : 1405072954232,
      "finishTime" : 1405073014948,
      "attemptID" : "attempt_201407031554_2069_r_000004_0",
      "shuffleFinished" : 1405073011186,
      "sortFinished" : 1405073011493,
      "hdfsBytesRead" : -1,
      "hdfsBytesWritten" : 3677940,
      "fileBytesRead" : -1,
      "fileBytesWritten" : 58926,
      "mapInputRecords" : -1,
      "mapOutputBytes" : -1,
      "mapOutputRecords" : -1,
      "combineInputRecords" : 0,
      "reduceInputGroups" : 672290,
      "reduceInputRecords" : 1314810,
      "reduceShuffleBytes" : 39839976,
      "reduceOutputRecords" : 672290,
      "spilledRecords" : 0,
      "mapInputBytes" : -1,
      "resourceUsageMetrics" : {
        "cumulativeCpuUsage" : 5670,
        "virtualMemoryUsage" : 949460992,
        "physicalMemoryUsage" : 180436992,
        "heapUsage" : 151519232
      }
    } ],
    "finishTime" : 1405073011701,
    "preferredLocations" : [ ],
    "taskType" : "REDUCE",
    "taskStatus" : "SUCCESS",
    "taskID" : "task_201407031554_2069_r_000004",
    "inputBytes" : 39839976,
    "inputRecords" : 1314810,
    "outputBytes" : 3677940,
    "outputRecords" : 672290
  }, {
    "startTime" : 1405072950962,
    "attempts" : [ {
      "result" : "SUCCESS",
      "location" : {
        "layers" : [ "default-rack", "Slave22" ]
      },
      "hostName" : "/default-rack/Slave22",
      "startTime" : 1405072935375,
      "finishTime" : 1405072996067,
      "attemptID" : "attempt_201407031554_2069_r_000005_0",
      "shuffleFinished" : 1405072992338,
      "sortFinished" : 1405072992602,
      "hdfsBytesRead" : -1,
      "hdfsBytesWritten" : 3673915,
      "fileBytesRead" : -1,
      "fileBytesWritten" : 58926,
      "mapInputRecords" : -1,
      "mapOutputBytes" : -1,
      "mapOutputRecords" : -1,
      "combineInputRecords" : 0,
      "reduceInputGroups" : 671927,
      "reduceInputRecords" : 1315941,
      "reduceShuffleBytes" : 39806346,
      "reduceOutputRecords" : 671927,
      "spilledRecords" : 0,
      "mapInputBytes" : -1,
      "resourceUsageMetrics" : {
        "cumulativeCpuUsage" : 5340,
        "virtualMemoryUsage" : 947142656,
        "physicalMemoryUsage" : 154574848,
        "heapUsage" : 149684224
      }
    } ],
    "finishTime" : 1405073011848,
    "preferredLocations" : [ ],
    "taskType" : "REDUCE",
    "taskStatus" : "SUCCESS",
    "taskID" : "task_201407031554_2069_r_000005",
    "inputBytes" : 39806346,
    "inputRecords" : 1315941,
    "outputBytes" : 3673915,
    "outputRecords" : 671927
  }, {
    "startTime" : 1405072951063,
    "attempts" : [ {
      "result" : "SUCCESS",
      "location" : {
        "layers" : [ "default-rack", "Slave21" ]
      },
      "hostName" : "/default-rack/Slave21",
      "startTime" : 1405072941534,
      "finishTime" : 1405072997987,
      "attemptID" : "attempt_201407031554_2069_r_000006_0",
      "shuffleFinished" : 1405072994390,
      "sortFinished" : 1405072994640,
      "hdfsBytesRead" : -1,
      "hdfsBytesWritten" : 3676821,
      "fileBytesRead" : -1,
      "fileBytesWritten" : 58926,
      "mapInputRecords" : -1,
      "mapOutputBytes" : -1,
      "mapOutputRecords" : -1,
      "combineInputRecords" : 0,
      "reduceInputGroups" : 672151,
      "reduceInputRecords" : 1315654,
      "reduceShuffleBytes" : 39782282,
      "reduceOutputRecords" : 672151,
      "spilledRecords" : 0,
      "mapInputBytes" : -1,
      "resourceUsageMetrics" : {
        "cumulativeCpuUsage" : 5000,
        "virtualMemoryUsage" : 944668672,
        "physicalMemoryUsage" : 159207424,
        "heapUsage" : 147062784
      }
    } ],
    "finishTime" : 1405073007655,
    "preferredLocations" : [ ],
    "taskType" : "REDUCE",
    "taskStatus" : "SUCCESS",
    "taskID" : "task_201407031554_2069_r_000006",
    "inputBytes" : 39782282,
    "inputRecords" : 1315654,
    "outputBytes" : 3676821,
    "outputRecords" : 672151
  }, {
    "startTime" : 1405072951098,
    "attempts" : [ {
      "result" : "SUCCESS",
      "location" : {
        "layers" : [ "default-rack", "Master2" ]
      },
      "hostName" : "/default-rack/Master2",
      "startTime" : 1405072951099,
      "finishTime" : 1405073011694,
      "attemptID" : "attempt_201407031554_2069_r_000007_0",
      "shuffleFinished" : 1405073007933,
      "sortFinished" : 1405073008336,
      "hdfsBytesRead" : -1,
      "hdfsBytesWritten" : 3668707,
      "fileBytesRead" : -1,
      "fileBytesWritten" : 58926,
      "mapInputRecords" : -1,
      "mapOutputBytes" : -1,
      "mapOutputRecords" : -1,
      "combineInputRecords" : 0,
      "reduceInputGroups" : 670906,
      "reduceInputRecords" : 1316886,
      "reduceShuffleBytes" : 39789254,
      "reduceOutputRecords" : 670906,
      "spilledRecords" : 0,
      "mapInputBytes" : -1,
      "resourceUsageMetrics" : {
        "cumulativeCpuUsage" : 5460,
        "virtualMemoryUsage" : 945631232,
        "physicalMemoryUsage" : 165142528,
        "heapUsage" : 135528448
      }
    } ],
    "finishTime" : 1405073011954,
    "preferredLocations" : [ ],
    "taskType" : "REDUCE",
    "taskStatus" : "SUCCESS",
    "taskID" : "task_201407031554_2069_r_000007",
    "inputBytes" : 39789254,
    "inputRecords" : 1316886,
    "outputBytes" : 3668707,
    "outputRecords" : 670906
  } ],
  "submitTime" : 1405072934482,
  "launchTime" : 1405072934551,
  "totalMaps" : 40,
  "totalReduces" : 8,
  "otherTasks" : [ {
    "startTime" : 1405072934588,
    "attempts" : [ {
      "result" : "SUCCESS",
      "location" : {
        "layers" : [ "default-rack", "Slave23" ]
      },
      "hostName" : "/default-rack/Slave23",
      "startTime" : 1405072937975,
      "finishTime" : 1405072938590,
      "attemptID" : "attempt_201407031554_2069_m_000041_0",
      "shuffleFinished" : -1,
      "sortFinished" : -1,
      "hdfsBytesRead" : -1,
      "hdfsBytesWritten" : -1,
      "fileBytesRead" : -1,
      "fileBytesWritten" : 59018,
      "mapInputRecords" : -1,
      "mapOutputBytes" : -1,
      "mapOutputRecords" : -1,
      "combineInputRecords" : -1,
      "reduceInputGroups" : -1,
      "reduceInputRecords" : -1,
      "reduceShuffleBytes" : -1,
      "reduceOutputRecords" : -1,
      "spilledRecords" : 0,
      "mapInputBytes" : -1,
      "resourceUsageMetrics" : {
        "cumulativeCpuUsage" : 50,
        "virtualMemoryUsage" : 938242048,
        "physicalMemoryUsage" : 62296064,
        "heapUsage" : 64487424
      }
    } ],
    "finishTime" : 1405072935496,
    "preferredLocations" : [ ],
    "taskType" : "SETUP",
    "taskStatus" : "SUCCESS",
    "taskID" : "task_201407031554_2069_m_000041",
    "inputBytes" : -1,
    "inputRecords" : -1,
    "outputBytes" : -1,
    "outputRecords" : -1
  }, {
    "startTime" : 1405073012455,
    "attempts" : [ {
      "result" : "SUCCESS",
      "location" : {
        "layers" : [ "default-rack", "Slave22" ]
      },
      "hostName" : "/default-rack/Slave22",
      "startTime" : 1405072996864,
      "finishTime" : 1405072997701,
      "attemptID" : "attempt_201407031554_2069_m_000040_0",
      "shuffleFinished" : -1,
      "sortFinished" : -1,
      "hdfsBytesRead" : -1,
      "hdfsBytesWritten" : -1,
      "fileBytesRead" : -1,
      "fileBytesWritten" : 59018,
      "mapInputRecords" : -1,
      "mapOutputBytes" : -1,
      "mapOutputRecords" : -1,
      "combineInputRecords" : -1,
      "reduceInputGroups" : -1,
      "reduceInputRecords" : -1,
      "reduceShuffleBytes" : -1,
      "reduceOutputRecords" : -1,
      "spilledRecords" : 0,
      "mapInputBytes" : -1,
      "resourceUsageMetrics" : {
        "cumulativeCpuUsage" : 30,
        "virtualMemoryUsage" : 940949504,
        "physicalMemoryUsage" : 296386560,
        "heapUsage" : 320602112
      }
    } ],
    "finishTime" : 1405073013362,
    "preferredLocations" : [ ],
    "taskType" : "CLEANUP",
    "taskStatus" : "SUCCESS",
    "taskID" : "task_201407031554_2069_m_000040",
    "inputBytes" : -1,
    "inputRecords" : -1,
    "outputBytes" : -1,
    "outputRecords" : -1
  } ],
  "queue" : "default",
  "jobProperties" : {
    "fs.s3n.impl" : "org.apache.hadoop.fs.s3native.NativeS3FileSystem",
    "mapred.task.cache.levels" : "2",
    "mapreduce.job.restart.recover" : "true",
    "mapreduce.job.counters.max" : "120",
    "dfs.client.use.datanode.hostname" : "false",
    "hadoop.tmp.dir" : "/tmp/hadoop-${user.name}",
    "hadoop.native.lib" : "true",
    "map.sort.class" : "org.apache.hadoop.util.QuickSort",
    "dfs.namenode.decommission.nodes.per.interval" : "5",
    "dfs.https.need.client.auth" : "false",
    "dfs.datanode.drop.cache.behind.writes" : "false",
    "ipc.client.idlethreshold" : "4000",
    "mapred.system.dir" : "${hadoop.tmp.dir}/mapred/system",
    "dfs.datanode.data.dir.perm" : "755",
    "mapred.job.tracker.persist.jobstatus.hours" : "0",
    "dfs.namenode.logging.level" : "info",
    "dfs.datanode.address" : "0.0.0.0:50010",
    "io.skip.checksum.errors" : "false",
    "dfs.block.access.token.enable" : "false",
    "fs.default.name" : "hdfs://Master2:9000",
    "mapred.cluster.reduce.memory.mb" : "-1",
    "mapred.reducer.new-api" : "true",
    "mapred.child.tmp" : "./tmp",
    "fs.har.impl.disable.cache" : "true",
    "dfs.safemode.threshold.pct" : "0.999f",
    "mapred.skip.reduce.max.skip.groups" : "0",
    "mapred.heartbeats.in.second" : "100",
    "dfs.namenode.handler.count" : "10",
    "dfs.blockreport.initialDelay" : "0",
    "mapred.tasktracker.dns.nameserver" : "default",
    "io.sort.factor" : "10",
    "dfs.datanode.drop.cache.behind.reads" : "false",
    "mapred.task.timeout" : "600000",
    "mapred.max.tracker.failures" : "4",
    "hadoop.rpc.socket.factory.class.default" : "org.apache.hadoop.net.StandardSocketFactory",
    "mapred.job.tracker.jobhistory.lru.cache.size" : "5",
    "fs.hdfs.impl" : "org.apache.hadoop.hdfs.DistributedFileSystem",
    "mapred.queue.default.acl-administer-jobs" : "*",
    "dfs.namenode.stale.datanode.interval" : "30000",
    "mapred.output.key.class" : "org.apache.hadoop.io.Text",
    "dfs.block.access.key.update.interval" : "600",
    "mapred.skip.map.auto.incr.proc.count" : "true",
    "mapreduce.job.complete.cancel.delegation.tokens" : "true",
    "io.mapfile.bloom.size" : "1048576",
    "mapreduce.reduce.shuffle.connect.timeout" : "180000",
    "dfs.safemode.extension" : "30000",
    "mapred.jobtracker.blacklist.fault-timeout-window" : "180",
    "dfs.namenode.write.stale.datanode.ratio" : "0.5f",
    "hadoop.skip.worker.version.check" : "false",
    "tasktracker.http.threads" : "40",
    "net.topology.impl" : "org.apache.hadoop.net.NetworkTopology",
    "mapred.job.shuffle.merge.percent" : "0.8",
    "fs.ftp.impl" : "org.apache.hadoop.fs.ftp.FTPFileSystem",
    "user.name" : "itri-hadoop",
    "dfs.namenode.kerberos.internal.spnego.principal" : "${dfs.web.authentication.kerberos.principal}",
    "mapred.output.compress" : "true",
    "io.bytes.per.checksum" : "512",
    "mapred.combine.recordsBeforeProgress" : "10000",
    "mapred.healthChecker.script.timeout" : "600000",
    "topology.node.switch.mapping.impl" : "org.apache.hadoop.net.ScriptBasedMapping",
    "dfs.https.server.keystore.resource" : "ssl-server.xml",
    "mapred.reduce.slowstart.completed.maps" : "0.05",
    "mapred.reduce.max.attempts" : "4",
    "dfs.namenode.safemode.min.datanodes" : "0",
    "mapreduce.ifile.readahead.bytes" : "4194304",
    "fs.ramfs.impl" : "org.apache.hadoop.fs.InMemoryFileSystem",
    "dfs.block.access.token.lifetime" : "600",
    "mapred.skip.map.max.skip.records" : "0",
    "dfs.name.edits.dir" : "${dfs.name.dir}",
    "mapred.cluster.map.memory.mb" : "-1",
    "hadoop.security.group.mapping" : "org.apache.hadoop.security.ShellBasedUnixGroupsMapping",
    "mapred.job.tracker.persist.jobstatus.dir" : "/jobtracker/jobsInfo",
    "mapred.jar" : "hdfs://Master2:9000/tmp/hadoop-itri-hadoop/mapred/staging/itri-hadoop/.staging/job_201407031554_2069/job.jar",
    "fs.s3.buffer.dir" : "${hadoop.tmp.dir}/s3",
    "dfs.block.size" : "67108864",
    "job.end.retry.attempts" : "0",
    "fs.file.impl" : "org.apache.hadoop.fs.LocalFileSystem",
    "dfs.namenode.avoid.write.stale.datanode" : "false",
    "dfs.datanode.max.xcievers" : "4096",
    "mapred.local.dir.minspacestart" : "0",
    "mapred.output.compression.type" : "RECORD",
    "dfs.datanode.ipc.address" : "0.0.0.0:50020",
    "dfs.permissions" : "true",
    "topology.script.number.args" : "100",
    "mapreduce.job.counters.groups.max" : "50",
    "io.mapfile.bloom.error.rate" : "0.005",
    "mapred.cluster.max.reduce.memory.mb" : "-1",
    "mapred.max.tracker.blacklists" : "4",
    "mapred.task.profile.maps" : "0-2",
    "mapred.jobtracker.jobSchedulable" : "org.apache.hadoop.mapred.JobSchedulable",
    "dfs.datanode.https.address" : "0.0.0.0:50475",
    "mapred.userlog.retain.hours" : "24",
    "dfs.secondary.http.address" : "0.0.0.0:50090",
    "dfs.namenode.replication.work.multiplier.per.iteration" : "2",
    "dfs.replication.max" : "512",
    "mapred.job.tracker.persist.jobstatus.active" : "false",
    "hadoop.security.authorization" : "false",
    "local.cache.size" : "10737418240",
    "mapred.min.split.size" : "134217728",
    "dfs.namenode.delegation.token.renew-interval" : "86400000",
    "mapred.map.tasks" : "40",
    "mapred.child.java.opts" : "-Xmx200m",
    "mapred.output.value.class" : "org.apache.hadoop.io.IntWritable",
    "dfs.https.client.keystore.resource" : "ssl-client.xml",
    "ipc.client.fallback-to-simple-auth-allowed" : "false",
    "mapred.job.queue.name" : "default",
    "mapred.job.tracker.retiredjobs.cache.size" : "1000",
    "dfs.https.address" : "0.0.0.0:50470",
    "dfs.balance.bandwidthPerSec" : "1048576",
    "ipc.server.listen.queue.size" : "128",
    "dfs.namenode.invalidate.work.pct.per.iteration" : "0.32f",
    "mapred.inmem.merge.threshold" : "1000",
    "job.end.retry.interval" : "30000",
    "mapred.skip.attempts.to.start.skipping" : "2",
    "mapreduce.tasktracker.outofband.heartbeat.damper" : "1000000",
    "hadoop.security.use-weak-http-crypto" : "false",
    "fs.checkpoint.dir" : "${hadoop.tmp.dir}/dfs/namesecondary",
    "dfs.namenode.avoid.read.stale.datanode" : "false",
    "mapred.reduce.tasks" : "8",
    "mapred.merge.recordsBeforeProgress" : "10000",
    "mapred.userlog.limit.kb" : "0",
    "mapred.job.reduce.memory.mb" : "-1",
    "webinterface.private.actions" : "false",
    "dfs.max.objects" : "0",
    "hadoop.security.token.service.use_ip" : "true",
    "io.sort.spill.percent" : "0.7",
    "mapred.job.shuffle.input.buffer.percent" : "0.5",
    "mapred.map.tasks.speculative.execution" : "true",
    "hadoop.http.authentication.type" : "simple",
    "mapred.job.name" : "word count",
    "hadoop.util.hash.type" : "murmur",
    "dfs.datanode.dns.nameserver" : "default",
    "hadoop.security.instrumentation.requires.admin" : "false",
    "dfs.blockreport.intervalMsec" : "3600000",
    "dfs.datanode.readahead.bytes" : "4193404",
    "mapred.map.max.attempts" : "4",
    "mapreduce.job.acl-view-job" : " ",
    "mapreduce.ifile.readahead" : "true",
    "mapred.jobtracker.nodegroup.aware" : "false",
    "mapred.job.tracker.handler.count" : "10",
    "dfs.client.block.write.retries" : "3",
    "mapreduce.reduce.shuffle.read.timeout" : "180000",
    "mapred.tasktracker.expiry.interval" : "600000",
    "dfs.secondary.namenode.kerberos.internal.spnego.principal" : "${dfs.web.authentication.kerberos.principal}",
    "dfs.https.enable" : "false",
    "mapred.jobtracker.job.history.block.size" : "3145728",
    "mapred.jobtracker.maxtasks.per.job" : "-1",
    "keep.failed.task.files" : "false",
    "dfs.datanode.use.datanode.hostname" : "false",
    "dfs.datanode.failed.volumes.tolerated" : "0",
    "ipc.client.tcpnodelay" : "false",
    "mapred.task.profile.reduces" : "0-2",
    "io.map.index.skip" : "0",
    "mapred.output.compression.codec" : "org.apache.hadoop.io.compress.DefaultCodec",
    "hadoop.http.authentication.token.validity" : "36000",
    "ipc.server.tcpnodelay" : "false",
    "hadoop.jetty.logs.serve.aliases" : "true",
    "mapred.working.dir" : "hdfs://Master2:9000/user/itri-hadoop",
    "mapred.jobtracker.blacklist.fault-bucket-width" : "15",
    "dfs.namenode.delegation.key.update-interval" : "86400000",
    "mapred.used.genericoptionsparser" : "true",
    "mapred.job.map.memory.mb" : "-1",
    "mapred.mapper.new-api" : "true",
    "dfs.default.chunk.view.size" : "32768",
    "hadoop.logfile.size" : "10000000",
    "mapred.reduce.tasks.speculative.execution" : "true",
    "mapreduce.tasktracker.outofband.heartbeat" : "false",
    "mapreduce.job.dir" : "hdfs://Master2:9000/tmp/hadoop-itri-hadoop/mapred/staging/itri-hadoop/.staging/job_201407031554_2069",
    "mapreduce.reduce.input.limit" : "-1",
    "dfs.datanode.du.reserved" : "0",
    "dfs.datanode.sync.behind.writes" : "false",
    "hadoop.security.authentication" : "simple",
    "fs.checkpoint.period" : "3600",
    "mapred.job.reuse.jvm.num.tasks" : "4",
    "dfs.web.ugi" : "webuser,webgroup",
    "mapred.jobtracker.completeuserjobs.maximum" : "100",
    "dfs.df.interval" : "60000",
    "mapred.task.tracker.task-controller" : "org.apache.hadoop.mapred.DefaultTaskController",
    "dfs.data.dir" : "${hadoop.tmp.dir}/dfs/data",
    "fs.s3.maxRetries" : "4",
    "dfs.datanode.dns.interface" : "default",
    "mapred.cluster.max.map.memory.mb" : "-1",
    "mapreduce.reduce.shuffle.maxfetchfailures" : "10",
    "mapred.map.child.java.opts" : "-Xmx700M",
    "mapreduce.job.acl-modify-job" : " ",
    "fs.hftp.impl" : "org.apache.hadoop.hdfs.HftpFileSystem",
    "mapred.local.dir" : "${hadoop.tmp.dir}/mapred/local",
    "dfs.permissions.supergroup" : "supergroup",
    "fs.s3.sleepTimeSeconds" : "10",
    "fs.trash.interval" : "0",
    "mapred.submit.replication" : "10",
    "dfs.replication.min" : "1",
    "fs.har.impl" : "org.apache.hadoop.fs.HarFileSystem",
    "hadoop.relaxed.worker.version.check" : "false",
    "mapred.map.output.compression.codec" : "org.apache.hadoop.io.compress.DefaultCodec",
    "mapred.tasktracker.dns.interface" : "default",
    "dfs.http.address" : "0.0.0.0:50070",
    "dfs.namenode.decommission.interval" : "30",
    "mapred.job.tracker" : "Master2:9001",
    "dfs.heartbeat.interval" : "3",
    "hadoop.http.authentication.signature.secret.file" : "${user.home}/hadoop-http-auth-signature-secret",
    "io.seqfile.sorter.recordlimit" : "1000000",
    "mapreduce.job.submithost" : "Master2",
    "dfs.name.dir" : "${hadoop.tmp.dir}/dfs/name",
    "mapred.jobtracker.taskScheduler" : "org.apache.hadoop.mapred.JobQueueTaskScheduler",
    "mapred.line.input.format.linespermap" : "1",
    "dfs.datanode.http.address" : "0.0.0.0:50075",
    "fs.webhdfs.impl" : "org.apache.hadoop.hdfs.web.WebHdfsFileSystem",
    "mapred.local.dir.minspacekill" : "0",
    "dfs.image.transfer.bandwidthPerSec" : "0",
    "dfs.replication.interval" : "3",
    "io.sort.record.percent" : "0.05",
    "hadoop.http.authentication.kerberos.principal" : "HTTP/localhost@LOCALHOST",
    "mapreduce.reduce.class" : "org.apache.hadoop.examples.WordCount$IntSumReducer",
    "fs.kfs.impl" : "org.apache.hadoop.fs.kfs.KosmosFileSystem",
    "mapred.tasktracker.reduce.tasks.maximum" : "4",
    "mapred.temp.dir" : "${hadoop.tmp.dir}/mapred/temp",
    "dfs.replication" : "3",
    "fs.checkpoint.edits.dir" : "${fs.checkpoint.dir}",
    "mapreduce.jobhistory.max-age-ms" : "2592000000",
    "mapred.tasktracker.tasks.sleeptime-before-sigkill" : "5000",
    "mapred.job.reduce.input.buffer.percent" : "0.5",
    "mapred.tasktracker.indexcache.mb" : "10",
    "dfs.webhdfs.enabled" : "false",
    "mapreduce.job.split.metainfo.maxsize" : "10000000",
    "hadoop.logfile.count" : "10",
    "mapred.skip.reduce.auto.incr.proc.count" : "true",
    "mapreduce.job.submithostaddress" : "192.168.1.104",
    "io.seqfile.compress.blocksize" : "1000000",
    "fs.s3.block.size" : "67108864",
    "mapred.tasktracker.taskmemorymanager.monitoring-interval" : "5000",
    "hadoop.http.authentication.simple.anonymous.allowed" : "true",
    "mapreduce.jobtracker.staging.root.dir" : "${hadoop.tmp.dir}/mapred/staging",
    "mapred.acls.enabled" : "false",
    "mapred.queue.default.state" : "RUNNING",
    "mapred.queue.names" : "default",
    "fs.hsftp.impl" : "org.apache.hadoop.hdfs.HsftpFileSystem",
    "dfs.access.time.precision" : "3600000",
    "mapred.task.tracker.http.address" : "0.0.0.0:50060",
    "mapreduce.combine.class" : "org.apache.hadoop.examples.WordCount$IntSumReducer",
    "io.seqfile.lazydecompress" : "true",
    "mapred.reduce.parallel.copies" : "5",
    "mapred.disk.healthChecker.interval" : "60000",
    "mapred.output.dir" : "/word-out",
    "ipc.client.connection.maxidletime" : "10000",
    "io.sort.mb" : "100",
    "mapred.reduce.child.java.opts" : "-Xmx700M",
    "mapred.task.tracker.report.address" : "127.0.0.1:0",
    "hadoop.security.uid.cache.secs" : "14400",
    "mapred.compress.map.output" : "false",
    "ipc.client.kill.max" : "10",
    "mapred.healthChecker.interval" : "60000",
    "ipc.client.connect.max.retries" : "10",
    "mapreduce.map.class" : "org.apache.hadoop.examples.WordCount$TokenizerMapper",
    "fs.s3.impl" : "org.apache.hadoop.fs.s3.S3FileSystem",
    "mapred.user.jobconf.limit" : "5242880",
    "mapreduce.job.counters.group.name.max" : "128",
    "mapred.job.tracker.http.address" : "0.0.0.0:50030",
    "mapred.input.dir" : "hdfs://Master2:9000/word-in5G",
    "io.file.buffer.size" : "4096",
    "mapred.jobtracker.restart.recover" : "false",
    "io.serializations" : "org.apache.hadoop.io.serializer.WritableSerialization",
    "mapred.task.profile" : "false",
    "dfs.datanode.handler.count" : "3",
    "mapreduce.input.num.files" : "20",
    "mapreduce.jobhistory.cleaner.interval-ms" : "86400000",
    "dfs.replication.considerLoad" : "true",
    "jobclient.output.filter" : "FAILED",
    "dfs.namenode.edits.toleration.length" : "0",
    "hadoop.http.authentication.kerberos.keytab" : "${user.home}/hadoop.keytab",
    "dfs.namenode.delegation.token.max-lifetime" : "604800000",
    "mapred.tasktracker.map.tasks.maximum" : "2",
    "fs.checkpoint.size" : "67108864",
    "io.compression.codecs" : "org.apache.hadoop.io.compress.DefaultCodec,org.apache.hadoop.io.compress.GzipCodec,org.apache.hadoop.io.compress.BZip2Codec,org.apache.hadoop.io.compress.SnappyCodec",
    "mapreduce.job.counters.counter.name.max" : "64"
  },
  "computonsPerMapInputByte" : -1,
  "computonsPerMapOutputByte" : -1,
  "computonsPerReduceInputByte" : -1,
  "computonsPerReduceOutputByte" : -1,
  "heapMegabytes" : 200,
  "outcome" : "SUCCESS",
  "jobtype" : "JAVA",
  "directDependantJobs" : [ ],
  "successfulMapAttemptCDFs" : [ {
    "maximum" : 15370,
    "minimum" : 10922,
    "rankings" : [ {
      "datum" : 10970,
      "relativeRanking" : 0.05
    }, {
      "datum" : 11032,
      "relativeRanking" : 0.1
    }, {
      "datum" : 11206,
      "relativeRanking" : 0.15
    }, {
      "datum" : 11448,
      "relativeRanking" : 0.2
    }, {
      "datum" : 11549,
      "relativeRanking" : 0.25
    }, {
      "datum" : 11860,
      "relativeRanking" : 0.3
    }, {
      "datum" : 12351,
      "relativeRanking" : 0.35
    }, {
      "datum" : 12542,
      "relativeRanking" : 0.4
    }, {
      "datum" : 12719,
      "relativeRanking" : 0.45
    }, {
      "datum" : 12760,
      "relativeRanking" : 0.5
    }, {
      "datum" : 12902,
      "relativeRanking" : 0.55
    }, {
      "datum" : 13051,
      "relativeRanking" : 0.6
    }, {
      "datum" : 13587,
      "relativeRanking" : 0.65
    }, {
      "datum" : 13728,
      "relativeRanking" : 0.7
    }, {
      "datum" : 13920,
      "relativeRanking" : 0.75
    }, {
      "datum" : 14290,
      "relativeRanking" : 0.8
    }, {
      "datum" : 14814,
      "relativeRanking" : 0.85
    }, {
      "datum" : 14917,
      "relativeRanking" : 0.9
    }, {
      "datum" : 15063,
      "relativeRanking" : 0.95
    } ],
    "numberValues" : 40
  }, {
    "maximum" : 9223372036854775807,
    "minimum" : -9223372036854775808,
    "rankings" : [ ],
    "numberValues" : 0
  }, {
    "maximum" : 9223372036854775807,
    "minimum" : -9223372036854775808,
    "rankings" : [ ],
    "numberValues" : 0
  }, {
    "maximum" : 9223372036854775807,
    "minimum" : -9223372036854775808,
    "rankings" : [ ],
    "numberValues" : 0
  } ],
  "failedMapAttemptCDFs" : [ {
    "maximum" : 9223372036854775807,
    "minimum" : -9223372036854775808,
    "rankings" : [ ],
    "numberValues" : 0
  }, {
    "maximum" : 9223372036854775807,
    "minimum" : -9223372036854775808,
    "rankings" : [ ],
    "numberValues" : 0
  }, {
    "maximum" : 9223372036854775807,
    "minimum" : -9223372036854775808,
    "rankings" : [ ],
    "numberValues" : 0
  }, {
    "maximum" : 9223372036854775807,
    "minimum" : -9223372036854775808,
    "rankings" : [ ],
    "numberValues" : 0
  } ],
  "successfulReduceAttemptCDF" : {
    "maximum" : 61654,
    "minimum" : 56453,
    "rankings" : [ {
      "datum" : 56453,
      "relativeRanking" : 0.05
    }, {
      "datum" : 56453,
      "relativeRanking" : 0.1
    }, {
      "datum" : 56453,
      "relativeRanking" : 0.15
    }, {
      "datum" : 56453,
      "relativeRanking" : 0.2
    }, {
      "datum" : 60514,
      "relativeRanking" : 0.25
    }, {
      "datum" : 60514,
      "relativeRanking" : 0.3
    }, {
      "datum" : 60514,
      "relativeRanking" : 0.35
    }, {
      "datum" : 60595,
      "relativeRanking" : 0.4
    }, {
      "datum" : 60595,
      "relativeRanking" : 0.45
    }, {
      "datum" : 60649,
      "relativeRanking" : 0.5
    }, {
      "datum" : 60649,
      "relativeRanking" : 0.55
    }, {
      "datum" : 60649,
      "relativeRanking" : 0.6
    }, {
      "datum" : 60654,
      "relativeRanking" : 0.65
    }, {
      "datum" : 60654,
      "relativeRanking" : 0.7
    }, {
      "datum" : 60692,
      "relativeRanking" : 0.75
    }, {
      "datum" : 60692,
      "relativeRanking" : 0.8
    }, {
      "datum" : 60692,
      "relativeRanking" : 0.85
    }, {
      "datum" : 60716,
      "relativeRanking" : 0.9
    }, {
      "datum" : 60716,
      "relativeRanking" : 0.95
    } ],
    "numberValues" : 8
  },
  "failedReduceAttemptCDF" : {
    "maximum" : 9223372036854775807,
    "minimum" : -9223372036854775808,
    "rankings" : [ ],
    "numberValues" : 0
  },
  "mapperTriesToSucceed" : [ 1.0 ],
  "failedMapperFraction" : 0.0,
  "relativeTime" : 0,
  "clusterMapMB" : -1,
  "clusterReduceMB" : -1,
  "jobMapMB" : 200,
  "jobReduceMB" : 200
}