{
  "priority" : "NORMAL",
  "jobID" : "job_201407031554_1614",
  "user" : "itri-hadoop",
  "jobName" : "word count",
  "mapTasks" : [ {
    "startTime" : 1404932236020,
    "attempts" : [ {
      "result" : "SUCCESS",
      "location" : {
        "layers" : [ "default-rack", "Master2" ]
      },
      "hostName" : "/default-rack/Master2",
      "startTime" : 1404932236021,
      "finishTime" : 1404932256976,
      "attemptID" : "attempt_201407031554_1614_m_000000_0",
      "shuffleFinished" : -1,
      "sortFinished" : -1,
      "hdfsBytesRead" : 201338985,
      "hdfsBytesWritten" : -1,
      "fileBytesRead" : 30932628,
      "fileBytesWritten" : 42520508,
      "mapInputRecords" : 4921,
      "mapOutputBytes" : 278292915,
      "mapOutputRecords" : 18501694,
      "combineInputRecords" : 19090926,
      "reduceInputGroups" : -1,
      "reduceInputRecords" : -1,
      "reduceShuffleBytes" : -1,
      "reduceOutputRecords" : -1,
      "spilledRecords" : 1511629,
      "mapInputBytes" : -1,
      "resourceUsageMetrics" : {
        "cumulativeCpuUsage" : 35840,
        "virtualMemoryUsage" : 939954176,
        "physicalMemoryUsage" : 424935424,
        "heapUsage" : 471334912
      }
    } ],
    "finishTime" : 1404932257083,
    "preferredLocations" : [ {
      "layers" : [ "default-rack", "Master2" ]
    }, {
      "layers" : [ "default-rack", "Slave21" ]
    }, {
      "layers" : [ "default-rack", "Slave22" ]
    } ],
    "taskType" : "MAP",
    "taskStatus" : "SUCCESS",
    "taskID" : "task_201407031554_1614_m_000000",
    "inputBytes" : 201338985,
    "inputRecords" : 4921,
    "outputBytes" : 42520508,
    "outputRecords" : 18501694
  }, {
    "startTime" : 1404932236020,
    "attempts" : [ {
      "result" : "SUCCESS",
      "location" : {
        "layers" : [ "default-rack", "Master2" ]
      },
      "hostName" : "/default-rack/Master2",
      "startTime" : 1404932236021,
      "finishTime" : 1404932255110,
      "attemptID" : "attempt_201407031554_1614_m_000001_0",
      "shuffleFinished" : -1,
      "sortFinished" : -1,
      "hdfsBytesRead" : 201457769,
      "hdfsBytesWritten" : -1,
      "fileBytesRead" : 29064205,
      "fileBytesWritten" : 39687953,
      "mapInputRecords" : 4789,
      "mapOutputBytes" : 278460626,
      "mapOutputRecords" : 18514399,
      "combineInputRecords" : 19103076,
      "reduceInputGroups" : -1,
      "reduceInputRecords" : -1,
      "reduceShuffleBytes" : -1,
      "reduceOutputRecords" : -1,
      "spilledRecords" : 1510467,
      "mapInputBytes" : -1,
      "resourceUsageMetrics" : {
        "cumulativeCpuUsage" : 33100,
        "virtualMemoryUsage" : 940843008,
        "physicalMemoryUsage" : 410615808,
        "heapUsage" : 496762880
      }
    } ],
    "finishTime" : 1404932255277,
    "preferredLocations" : [ {
      "layers" : [ "default-rack", "Master2" ]
    }, {
      "layers" : [ "default-rack", "Slave23" ]
    }, {
      "layers" : [ "default-rack", "Slave21" ]
    } ],
    "taskType" : "MAP",
    "taskStatus" : "SUCCESS",
    "taskID" : "task_201407031554_1614_m_000001",
    "inputBytes" : 201457769,
    "inputRecords" : 4789,
    "outputBytes" : 39687953,
    "outputRecords" : 18514399
  }, {
    "startTime" : 1404932236090,
    "attempts" : [ {
      "result" : "SUCCESS",
      "location" : {
        "layers" : [ "default-rack", "Slave23" ]
      },
      "hostName" : "/default-rack/Slave23",
      "startTime" : 1404932238829,
      "finishTime" : 1404932258859,
      "attemptID" : "attempt_201407031554_1614_m_000002_0",
      "shuffleFinished" : -1,
      "sortFinished" : -1,
      "hdfsBytesRead" : 201330793,
      "hdfsBytesWritten" : -1,
      "fileBytesRead" : 28916856,
      "fileBytesWritten" : 39429923,
      "mapInputRecords" : 171754,
      "mapOutputBytes" : 278036826,
      "mapOutputRecords" : 18587185,
      "combineInputRecords" : 19175590,
      "reduceInputGroups" : -1,
      "reduceInputRecords" : -1,
      "reduceShuffleBytes" : -1,
      "reduceOutputRecords" : -1,
      "spilledRecords" : 1509462,
      "mapInputBytes" : -1,
      "resourceUsageMetrics" : {
        "cumulativeCpuUsage" : 35080,
        "virtualMemoryUsage" : 942571520,
        "physicalMemoryUsage" : 377454592,
        "heapUsage" : 470286336
      }
    } ],
    "finishTime" : 1404932256261,
    "preferredLocations" : [ {
      "layers" : [ "default-rack", "Master2" ]
    }, {
      "layers" : [ "default-rack", "Slave22" ]
    }, {
      "layers" : [ "default-rack", "Slave23" ]
    } ],
    "taskType" : "MAP",
    "taskStatus" : "SUCCESS",
    "taskID" : "task_201407031554_1614_m_000002",
    "inputBytes" : 201330793,
    "inputRecords" : 171754,
    "outputBytes" : 39429923,
    "outputRecords" : 18587185
  }, {
    "startTime" : 1404932236091,
    "attempts" : [ {
      "result" : "SUCCESS",
      "location" : {
        "layers" : [ "default-rack", "Slave23" ]
      },
      "hostName" : "/default-rack/Slave23",
      "startTime" : 1404932238829,
      "finishTime" : 1404932257763,
      "attemptID" : "attempt_201407031554_1614_m_000003_0",
      "shuffleFinished" : -1,
      "sortFinished" : -1,
      "hdfsBytesRead" : 201334889,
      "hdfsBytesWritten" : -1,
      "fileBytesRead" : 30328648,
      "fileBytesWritten" : 41537404,
      "mapInputRecords" : 4809,
      "mapOutputBytes" : 278712050,
      "mapOutputRecords" : 18503748,
      "combineInputRecords" : 19092202,
      "reduceInputGroups" : -1,
      "reduceInputRecords" : -1,
      "reduceShuffleBytes" : -1,
      "reduceOutputRecords" : -1,
      "spilledRecords" : 1509879,
      "mapInputBytes" : -1,
      "resourceUsageMetrics" : {
        "cumulativeCpuUsage" : 33670,
        "virtualMemoryUsage" : 942231552,
        "physicalMemoryUsage" : 435691520,
        "heapUsage" : 478937088
      }
    } ],
    "finishTime" : 1404932255358,
    "preferredLocations" : [ {
      "layers" : [ "default-rack", "Slave23" ]
    }, {
      "layers" : [ "default-rack", "Slave22" ]
    }, {
      "layers" : [ "default-rack", "Slave21" ]
    } ],
    "taskType" : "MAP",
    "taskStatus" : "SUCCESS",
    "taskID" : "task_201407031554_1614_m_000003",
    "inputBytes" : 201334889,
    "inputRecords" : 4809,
    "outputBytes" : 41537404,
    "outputRecords" : 18503748
  }, {
    "startTime" : 1404932236192,
    "attempts" : [ {
      "result" : "SUCCESS",
      "location" : {
        "layers" : [ "default-rack", "Slave22" ]
      },
      "hostName" : "/default-rack/Slave22",
      "startTime" : 1404932223485,
      "finishTime" : 1404932243811,
      "attemptID" : "attempt_201407031554_1614_m_000004_0",
      "shuffleFinished" : -1,
      "sortFinished" : -1,
      "hdfsBytesRead" : 201330793,
      "hdfsBytesWritten" : -1,
      "fileBytesRead" : 28401868,
      "fileBytesWritten" : 38539724,
      "mapInputRecords" : 4782,
      "mapOutputBytes" : 278537661,
      "mapOutputRecords" : 18502662,
      "combineInputRecords" : 19091629,
      "reduceInputGroups" : -1,
      "reduceInputRecords" : -1,
      "reduceShuffleBytes" : -1,
      "reduceOutputRecords" : -1,
      "spilledRecords" : 1510869,
      "mapInputBytes" : -1,
      "resourceUsageMetrics" : {
        "cumulativeCpuUsage" : 35480,
        "virtualMemoryUsage" : 938905600,
        "physicalMemoryUsage" : 468799488,
        "heapUsage" : 513015808
      }
    } ],
    "finishTime" : 1404932256672,
    "preferredLocations" : [ {
      "layers" : [ "default-rack", "Slave21" ]
    }, {
      "layers" : [ "default-rack", "Slave23" ]
    }, {
      "layers" : [ "default-rack", "Slave22" ]
    } ],
    "taskType" : "MAP",
    "taskStatus" : "SUCCESS",
    "taskID" : "task_201407031554_1614_m_000004",
    "inputBytes" : 201330793,
    "inputRecords" : 4782,
    "outputBytes" : 38539724,
    "outputRecords" : 18502662
  }, {
    "startTime" : 1404932236192,
    "attempts" : [ {
      "result" : "SUCCESS",
      "location" : {
        "layers" : [ "default-rack", "Slave22" ]
      },
      "hostName" : "/default-rack/Slave22",
      "startTime" : 1404932223485,
      "finishTime" : 1404932243096,
      "attemptID" : "attempt_201407031554_1614_m_000005_0",
      "shuffleFinished" : -1,
      "sortFinished" : -1,
      "hdfsBytesRead" : 201351273,
      "hdfsBytesWritten" : -1,
      "fileBytesRead" : 33221429,
      "fileBytesWritten" : 45924745,
      "mapInputRecords" : 4914,
      "mapOutputBytes" : 277886866,
      "mapOutputRecords" : 18418611,
      "combineInputRecords" : 19006202,
      "reduceInputGroups" : -1,
      "reduceInputRecords" : -1,
      "reduceShuffleBytes" : -1,
      "reduceOutputRecords" : -1,
      "spilledRecords" : 1507984,
      "mapInputBytes" : -1,
      "resourceUsageMetrics" : {
        "cumulativeCpuUsage" : 34820,
        "virtualMemoryUsage" : 942620672,
        "physicalMemoryUsage" : 397193216,
        "heapUsage" : 438304768
      }
    } ],
    "finishTime" : 1404932256069,
    "preferredLocations" : [ {
      "layers" : [ "default-rack", "Master2" ]
    }, {
      "layers" : [ "default-rack", "Slave22" ]
    }, {
      "layers" : [ "default-rack", "Slave21" ]
    } ],
    "taskType" : "MAP",
    "taskStatus" : "SUCCESS",
    "taskID" : "task_201407031554_1614_m_000005",
    "inputBytes" : 201351273,
    "inputRecords" : 4914,
    "outputBytes" : 45924745,
    "outputRecords" : 18418611
  }, {
    "startTime" : 1404932236227,
    "attempts" : [ {
      "result" : "SUCCESS",
      "location" : {
        "layers" : [ "default-rack", "Slave21" ]
      },
      "hostName" : "/default-rack/Slave21",
      "startTime" : 1404932228438,
      "finishTime" : 1404932249353,
      "attemptID" : "attempt_201407031554_1614_m_000008_0",
      "shuffleFinished" : -1,
      "sortFinished" : -1,
      "hdfsBytesRead" : 201330793,
      "hdfsBytesWritten" : -1,
      "fileBytesRead" : 33560477,
      "fileBytesWritten" : 46429173,
      "mapInputRecords" : 4938,
      "mapOutputBytes" : 278036657,
      "mapOutputRecords" : 18418899,
      "combineInputRecords" : 19006708,
      "reduceInputGroups" : -1,
      "reduceInputRecords" : -1,
      "reduceShuffleBytes" : -1,
      "reduceOutputRecords" : -1,
      "spilledRecords" : 1508879,
      "mapInputBytes" : -1,
      "resourceUsageMetrics" : {
        "cumulativeCpuUsage" : 37370,
        "virtualMemoryUsage" : 940425216,
        "physicalMemoryUsage" : 394665984,
        "heapUsage" : 496762880
      }
    } ],
    "finishTime" : 1404932257306,
    "preferredLocations" : [ {
      "layers" : [ "default-rack", "Slave21" ]
    }, {
      "layers" : [ "default-rack", "Slave23" ]
    }, {
      "layers" : [ "default-rack", "Slave22" ]
    } ],
    "taskType" : "MAP",
    "taskStatus" : "SUCCESS",
    "taskID" : "task_201407031554_1614_m_000008",
    "inputBytes" : 201330793,
    "inputRecords" : 4938,
    "outputBytes" : 46429173,
    "outputRecords" : 18418899
  }, {
    "startTime" : 1404932236227,
    "attempts" : [ {
      "result" : "SUCCESS",
      "location" : {
        "layers" : [ "default-rack", "Slave21" ]
      },
      "hostName" : "/default-rack/Slave21",
      "startTime" : 1404932228438,
      "finishTime" : 1404932247658,
      "attemptID" : "attempt_201407031554_1614_m_000010_0",
      "shuffleFinished" : -1,
      "sortFinished" : -1,
      "hdfsBytesRead" : 201359465,
      "hdfsBytesWritten" : -1,
      "fileBytesRead" : 33989097,
      "fileBytesWritten" : 47078634,
      "mapInputRecords" : 4739,
      "mapOutputBytes" : 278325860,
      "mapOutputRecords" : 18422360,
      "combineInputRecords" : 19009823,
      "reduceInputGroups" : -1,
      "reduceInputRecords" : -1,
      "reduceShuffleBytes" : -1,
      "reduceOutputRecords" : -1,
      "spilledRecords" : 1507527,
      "mapInputBytes" : -1,
      "resourceUsageMetrics" : {
        "cumulativeCpuUsage" : 34520,
        "virtualMemoryUsage" : 940171264,
        "physicalMemoryUsage" : 396165120,
        "heapUsage" : 439877632
      }
    } ],
    "finishTime" : 1404932255801,
    "preferredLocations" : [ {
      "layers" : [ "default-rack", "Master2" ]
    }, {
      "layers" : [ "default-rack", "Slave23" ]
    }, {
      "layers" : [ "default-rack", "Slave21" ]
    } ],
    "taskType" : "MAP",
    "taskStatus" : "SUCCESS",
    "taskID" : "task_201407031554_1614_m_000010",
    "inputBytes" : 201359465,
    "inputRecords" : 4739,
    "outputBytes" : 47078634,
    "outputRecords" : 18422360
  }, {
    "startTime" : 1404932255278,
    "attempts" : [ {
      "result" : "SUCCESS",
      "location" : {
        "layers" : [ "default-rack", "Master2" ]
      },
      "hostName" : "/default-rack/Master2",
      "startTime" : 1404932255279,
      "finishTime" : 1404932272471,
      "attemptID" : "attempt_201407031554_1614_m_000006_0",
      "shuffleFinished" : -1,
      "sortFinished" : -1,
      "hdfsBytesRead" : 201330793,
      "hdfsBytesWritten" : -1,
      "fileBytesRead" : 28675043,
      "fileBytesWritten" : 39004888,
      "mapInputRecords" : 88346,
      "mapOutputBytes" : 278864488,
      "mapOutputRecords" : 18584652,
      "combineInputRecords" : 19173602,
      "reduceInputGroups" : -1,
      "reduceInputRecords" : -1,
      "reduceShuffleBytes" : -1,
      "reduceOutputRecords" : -1,
      "spilledRecords" : 1510957,
      "mapInputBytes" : -1,
      "resourceUsageMetrics" : {
        "cumulativeCpuUsage" : 26500,
        "virtualMemoryUsage" : 941838336,
        "physicalMemoryUsage" : 665288704,
        "heapUsage" : 684195840
      }
    } ],
    "finishTime" : 1404932272729,
    "preferredLocations" : [ {
      "layers" : [ "default-rack", "Master2" ]
    }, {
      "layers" : [ "default-rack", "Slave22" ]
    }, {
      "layers" : [ "default-rack", "Slave23" ]
    } ],
    "taskType" : "MAP",
    "taskStatus" : "SUCCESS",
    "taskID" : "task_201407031554_1614_m_000006",
    "inputBytes" : 201330793,
    "inputRecords" : 88346,
    "outputBytes" : 39004888,
    "outputRecords" : 18584652
  }, {
    "startTime" : 1404932255358,
    "attempts" : [ {
      "result" : "SUCCESS",
      "location" : {
        "layers" : [ "default-rack", "Slave23" ]
      },
      "hostName" : "/default-rack/Slave23",
      "startTime" : 1404932257999,
      "finishTime" : 1404932275886,
      "attemptID" : "attempt_201407031554_1614_m_000007_0",
      "shuffleFinished" : -1,
      "sortFinished" : -1,
      "hdfsBytesRead" : 201330793,
      "hdfsBytesWritten" : -1,
      "fileBytesRead" : 27027315,
      "fileBytesWritten" : 36276314,
      "mapInputRecords" : 4837,
      "mapOutputBytes" : 277692800,
      "mapOutputRecords" : 18500332,
      "combineInputRecords" : 19088264,
      "reduceInputGroups" : -1,
      "reduceInputRecords" : -1,
      "reduceShuffleBytes" : -1,
      "reduceOutputRecords" : -1,
      "spilledRecords" : 1496353,
      "mapInputBytes" : -1,
      "resourceUsageMetrics" : {
        "cumulativeCpuUsage" : 27540,
        "virtualMemoryUsage" : 943226880,
        "physicalMemoryUsage" : 681123840,
        "heapUsage" : 694943744
      }
    } ],
    "finishTime" : 1404932273396,
    "preferredLocations" : [ {
      "layers" : [ "default-rack", "Master2" ]
    }, {
      "layers" : [ "default-rack", "Slave22" ]
    }, {
      "layers" : [ "default-rack", "Slave23" ]
    } ],
    "taskType" : "MAP",
    "taskStatus" : "SUCCESS",
    "taskID" : "task_201407031554_1614_m_000007",
    "inputBytes" : 201330793,
    "inputRecords" : 4837,
    "outputBytes" : 36276314,
    "outputRecords" : 18500332
  }, {
    "startTime" : 1404932255802,
    "attempts" : [ {
      "result" : "SUCCESS",
      "location" : {
        "layers" : [ "default-rack", "Slave21" ]
      },
      "hostName" : "/default-rack/Slave21",
      "startTime" : 1404932247940,
      "finishTime" : 1404932265874,
      "attemptID" : "attempt_201407031554_1614_m_000013_0",
      "shuffleFinished" : -1,
      "sortFinished" : -1,
      "hdfsBytesRead" : 201330793,
      "hdfsBytesWritten" : -1,
      "fileBytesRead" : 28527389,
      "fileBytesWritten" : 38780291,
      "mapInputRecords" : 88442,
      "mapOutputBytes" : 278202432,
      "mapOutputRecords" : 18502326,
      "combineInputRecords" : 19091529,
      "reduceInputGroups" : -1,
      "reduceInputRecords" : -1,
      "reduceShuffleBytes" : -1,
      "reduceOutputRecords" : -1,
      "spilledRecords" : 1511485,
      "mapInputBytes" : -1,
      "resourceUsageMetrics" : {
        "cumulativeCpuUsage" : 27690,
        "virtualMemoryUsage" : 941166592,
        "physicalMemoryUsage" : 648359936,
        "heapUsage" : 663486464
      }
    } ],
    "finishTime" : 1404932273874,
    "preferredLocations" : [ {
      "layers" : [ "default-rack", "Slave23" ]
    }, {
      "layers" : [ "default-rack", "Slave22" ]
    }, {
      "layers" : [ "default-rack", "Slave21" ]
    } ],
    "taskType" : "MAP",
    "taskStatus" : "SUCCESS",
    "taskID" : "task_201407031554_1614_m_000013",
    "inputBytes" : 201330793,
    "inputRecords" : 88442,
    "outputBytes" : 38780291,
    "outputRecords" : 18502326
  }, {
    "startTime" : 1404932256070,
    "attempts" : [ {
      "result" : "SUCCESS",
      "location" : {
        "layers" : [ "default-rack", "Slave22" ]
      },
      "hostName" : "/default-rack/Slave22",
      "startTime" : 1404932243250,
      "finishTime" : 1404932259766,
      "attemptID" : "attempt_201407031554_1614_m_000009_0",
      "shuffleFinished" : -1,
      "sortFinished" : -1,
      "hdfsBytesRead" : 201379945,
      "hdfsBytesWritten" : -1,
      "fileBytesRead" : 33547204,
      "fileBytesWritten" : 46400033,
      "mapInputRecords" : 4872,
      "mapOutputBytes" : 278104602,
      "mapOutputRecords" : 18423430,
      "combineInputRecords" : 19010763,
      "reduceInputGroups" : -1,
      "reduceInputRecords" : -1,
      "reduceShuffleBytes" : -1,
      "reduceOutputRecords" : -1,
      "spilledRecords" : 1507691,
      "mapInputBytes" : -1,
      "resourceUsageMetrics" : {
        "cumulativeCpuUsage" : 25050,
        "virtualMemoryUsage" : 943616000,
        "physicalMemoryUsage" : 655175680,
        "heapUsage" : 670826496
      }
    } ],
    "finishTime" : 1404932272632,
    "preferredLocations" : [ {
      "layers" : [ "default-rack", "Master2" ]
    }, {
      "layers" : [ "default-rack", "Slave23" ]
    }, {
      "layers" : [ "default-rack", "Slave22" ]
    } ],
    "taskType" : "MAP",
    "taskStatus" : "SUCCESS",
    "taskID" : "task_201407031554_1614_m_000009",
    "inputBytes" : 201379945,
    "inputRecords" : 4872,
    "outputBytes" : 46400033,
    "outputRecords" : 18423430
  }, {
    "startTime" : 1404932256261,
    "attempts" : [ {
      "result" : "SUCCESS",
      "location" : {
        "layers" : [ "default-rack", "Slave23" ]
      },
      "hostName" : "/default-rack/Slave23",
      "startTime" : 1404932258903,
      "finishTime" : 1404932277934,
      "attemptID" : "attempt_201407031554_1614_m_000011_0",
      "shuffleFinished" : -1,
      "sortFinished" : -1,
      "hdfsBytesRead" : 201367657,
      "hdfsBytesWritten" : -1,
      "fileBytesRead" : 34466004,
      "fileBytesWritten" : 47803949,
      "mapInputRecords" : 4885,
      "mapOutputBytes" : 278585686,
      "mapOutputRecords" : 18422584,
      "combineInputRecords" : 19009991,
      "reduceInputGroups" : -1,
      "reduceInputRecords" : -1,
      "reduceShuffleBytes" : -1,
      "reduceOutputRecords" : -1,
      "spilledRecords" : 1508027,
      "mapInputBytes" : -1,
      "resourceUsageMetrics" : {
        "cumulativeCpuUsage" : 28800,
        "virtualMemoryUsage" : 943566848,
        "physicalMemoryUsage" : 593506304,
        "heapUsage" : 537133056
      }
    } ],
    "finishTime" : 1404932275502,
    "preferredLocations" : [ {
      "layers" : [ "default-rack", "Master2" ]
    }, {
      "layers" : [ "default-rack", "Slave22" ]
    }, {
      "layers" : [ "default-rack", "Slave23" ]
    } ],
    "taskType" : "MAP",
    "taskStatus" : "SUCCESS",
    "taskID" : "task_201407031554_1614_m_000011",
    "inputBytes" : 201367657,
    "inputRecords" : 4885,
    "outputBytes" : 47803949,
    "outputRecords" : 18422584
  }, {
    "startTime" : 1404932256672,
    "attempts" : [ {
      "result" : "SUCCESS",
      "location" : {
        "layers" : [ "default-rack", "Slave22" ]
      },
      "hostName" : "/default-rack/Slave22",
      "startTime" : 1404932243848,
      "finishTime" : 1404932260914,
      "attemptID" : "attempt_201407031554_1614_m_000012_0",
      "shuffleFinished" : -1,
      "sortFinished" : -1,
      "hdfsBytesRead" : 201351273,
      "hdfsBytesWritten" : -1,
      "fileBytesRead" : 33523476,
      "fileBytesWritten" : 46371934,
      "mapInputRecords" : 4838,
      "mapOutputBytes" : 278069578,
      "mapOutputRecords" : 18422766,
      "combineInputRecords" : 19010009,
      "reduceInputGroups" : -1,
      "reduceInputRecords" : -1,
      "reduceShuffleBytes" : -1,
      "reduceOutputRecords" : -1,
      "spilledRecords" : 1507213,
      "mapInputBytes" : -1,
      "resourceUsageMetrics" : {
        "cumulativeCpuUsage" : 25920,
        "virtualMemoryUsage" : 939900928,
        "physicalMemoryUsage" : 709734400,
        "heapUsage" : 725614592
      }
    } ],
    "finishTime" : 1404932273837,
    "preferredLocations" : [ {
      "layers" : [ "default-rack", "Master2" ]
    }, {
      "layers" : [ "default-rack", "Slave22" ]
    }, {
      "layers" : [ "default-rack", "Slave23" ]
    } ],
    "taskType" : "MAP",
    "taskStatus" : "SUCCESS",
    "taskID" : "task_201407031554_1614_m_000012",
    "inputBytes" : 201351273,
    "inputRecords" : 4838,
    "outputBytes" : 46371934,
    "outputRecords" : 18422766
  }, {
    "startTime" : 1404932257083,
    "attempts" : [ {
      "result" : "SUCCESS",
      "location" : {
        "layers" : [ "default-rack", "Master2" ]
      },
      "hostName" : "/default-rack/Master2",
      "startTime" : 1404932257084,
      "finishTime" : 1404932274249,
      "attemptID" : "attempt_201407031554_1614_m_000014_0",
      "shuffleFinished" : -1,
      "sortFinished" : -1,
      "hdfsBytesRead" : 201367657,
      "hdfsBytesWritten" : -1,
      "fileBytesRead" : 28361999,
      "fileBytesWritten" : 38492935,
      "mapInputRecords" : 4875,
      "mapOutputBytes" : 278331944,
      "mapOutputRecords" : 18505002,
      "combineInputRecords" : 19093122,
      "reduceInputGroups" : -1,
      "reduceInputRecords" : -1,
      "reduceShuffleBytes" : -1,
      "reduceOutputRecords" : -1,
      "spilledRecords" : 1509139,
      "mapInputBytes" : -1,
      "resourceUsageMetrics" : {
        "cumulativeCpuUsage" : 26300,
        "virtualMemoryUsage" : 940949504,
        "physicalMemoryUsage" : 680800256,
        "heapUsage" : 695205888
      }
    } ],
    "finishTime" : 1404932274270,
    "preferredLocations" : [ {
      "layers" : [ "default-rack", "Master2" ]
    }, {
      "layers" : [ "default-rack", "Slave23" ]
    }, {
      "layers" : [ "default-rack", "Slave22" ]
    } ],
    "taskType" : "MAP",
    "taskStatus" : "SUCCESS",
    "taskID" : "task_201407031554_1614_m_000014",
    "inputBytes" : 201367657,
    "inputRecords" : 4875,
    "outputBytes" : 38492935,
    "outputRecords" : 18505002
  }, {
    "startTime" : 1404932257306,
    "attempts" : [ {
      "result" : "SUCCESS",
      "location" : {
        "layers" : [ "default-rack", "Slave21" ]
      },
      "hostName" : "/default-rack/Slave21",
      "startTime" : 1404932249445,
      "finishTime" : 1404932266450,
      "attemptID" : "attempt_201407031554_1614_m_000015_0",
      "shuffleFinished" : -1,
      "sortFinished" : -1,
      "hdfsBytesRead" : 201445481,
      "hdfsBytesWritten" : -1,
      "fileBytesRead" : 32876998,
      "fileBytesWritten" : 45455429,
      "mapInputRecords" : 4885,
      "mapOutputBytes" : 277863605,
      "mapOutputRecords" : 18430546,
      "combineInputRecords" : 19017710,
      "reduceInputGroups" : -1,
      "reduceInputRecords" : -1,
      "reduceShuffleBytes" : -1,
      "reduceOutputRecords" : -1,
      "spilledRecords" : 1507220,
      "mapInputBytes" : -1,
      "resourceUsageMetrics" : {
        "cumulativeCpuUsage" : 27380,
        "virtualMemoryUsage" : 941420544,
        "physicalMemoryUsage" : 615202816,
        "heapUsage" : 556793856
      }
    } ],
    "finishTime" : 1404932274477,
    "preferredLocations" : [ {
      "layers" : [ "default-rack", "Master2" ]
    }, {
      "layers" : [ "default-rack", "Slave22" ]
    }, {
      "layers" : [ "default-rack", "Slave21" ]
    } ],
    "taskType" : "MAP",
    "taskStatus" : "SUCCESS",
    "taskID" : "task_201407031554_1614_m_000015",
    "inputBytes" : 201445481,
    "inputRecords" : 4885,
    "outputBytes" : 45455429,
    "outputRecords" : 18430546
  }, {
    "startTime" : 1404932272632,
    "attempts" : [ {
      "result" : "SUCCESS",
      "location" : {
        "layers" : [ "default-rack", "Slave22" ]
      },
      "hostName" : "/default-rack/Slave22",
      "startTime" : 1404932259808,
      "finishTime" : 1404932276457,
      "attemptID" : "attempt_201407031554_1614_m_000017_0",
      "shuffleFinished" : -1,
      "sortFinished" : -1,
      "hdfsBytesRead" : 201343081,
      "hdfsBytesWritten" : -1,
      "fileBytesRead" : 32894003,
      "fileBytesWritten" : 45461880,
      "mapInputRecords" : 4845,
      "mapOutputBytes" : 277720771,
      "mapOutputRecords" : 18420672,
      "combineInputRecords" : 19008092,
      "reduceInputGroups" : -1,
      "reduceInputRecords" : -1,
      "reduceShuffleBytes" : -1,
      "reduceOutputRecords" : -1,
      "spilledRecords" : 1507737,
      "mapInputBytes" : -1,
      "resourceUsageMetrics" : {
        "cumulativeCpuUsage" : 25310,
        "virtualMemoryUsage" : 943616000,
        "physicalMemoryUsage" : 520474624,
        "heapUsage" : 529793024
      }
    } ],
    "finishTime" : 1404932289496,
    "preferredLocations" : [ {
      "layers" : [ "default-rack", "Master2" ]
    }, {
      "layers" : [ "default-rack", "Slave21" ]
    }, {
      "layers" : [ "default-rack", "Slave22" ]
    } ],
    "taskType" : "MAP",
    "taskStatus" : "SUCCESS",
    "taskID" : "task_201407031554_1614_m_000017",
    "inputBytes" : 201343081,
    "inputRecords" : 4845,
    "outputBytes" : 45461880,
    "outputRecords" : 18420672
  }, {
    "startTime" : 1404932272729,
    "attempts" : [ {
      "result" : "SUCCESS",
      "location" : {
        "layers" : [ "default-rack", "Master2" ]
      },
      "hostName" : "/default-rack/Master2",
      "startTime" : 1404932272730,
      "finishTime" : 1404932289339,
      "attemptID" : "attempt_201407031554_1614_m_000016_0",
      "shuffleFinished" : -1,
      "sortFinished" : -1,
      "hdfsBytesRead" : 201367657,
      "hdfsBytesWritten" : -1,
      "fileBytesRead" : 32605657,
      "fileBytesWritten" : 45040557,
      "mapInputRecords" : 4825,
      "mapOutputBytes" : 277574841,
      "mapOutputRecords" : 18419833,
      "combineInputRecords" : 19008149,
      "reduceInputGroups" : -1,
      "reduceInputRecords" : -1,
      "reduceShuffleBytes" : -1,
      "reduceOutputRecords" : -1,
      "spilledRecords" : 1509961,
      "mapInputBytes" : -1,
      "resourceUsageMetrics" : {
        "cumulativeCpuUsage" : 25960,
        "virtualMemoryUsage" : 941838336,
        "physicalMemoryUsage" : 516452352,
        "heapUsage" : 557842432
      }
    } ],
    "finishTime" : 1404932289372,
    "preferredLocations" : [ {
      "layers" : [ "default-rack", "Master2" ]
    }, {
      "layers" : [ "default-rack", "Slave23" ]
    }, {
      "layers" : [ "default-rack", "Slave21" ]
    } ],
    "taskType" : "MAP",
    "taskStatus" : "SUCCESS",
    "taskID" : "task_201407031554_1614_m_000016",
    "inputBytes" : 201367657,
    "inputRecords" : 4825,
    "outputBytes" : 45040557,
    "outputRecords" : 18419833
  }, {
    "startTime" : 1404932273397,
    "attempts" : [ {
      "result" : "SUCCESS",
      "location" : {
        "layers" : [ "default-rack", "Slave23" ]
      },
      "hostName" : "/default-rack/Slave23",
      "startTime" : 1404932276038,
      "finishTime" : 1404932292363,
      "attemptID" : "attempt_201407031554_1614_m_000018_0",
      "shuffleFinished" : -1,
      "sortFinished" : -1,
      "hdfsBytesRead" : 201330793,
      "hdfsBytesWritten" : -1,
      "fileBytesRead" : 32848170,
      "fileBytesWritten" : 45403342,
      "mapInputRecords" : 4852,
      "mapOutputBytes" : 277704557,
      "mapOutputRecords" : 18420146,
      "combineInputRecords" : 19007012,
      "reduceInputGroups" : -1,
      "reduceInputRecords" : -1,
      "reduceShuffleBytes" : -1,
      "reduceOutputRecords" : -1,
      "spilledRecords" : 1505841,
      "mapInputBytes" : -1,
      "resourceUsageMetrics" : {
        "cumulativeCpuUsage" : 25070,
        "virtualMemoryUsage" : 943226880,
        "physicalMemoryUsage" : 614400000,
        "heapUsage" : 547094528
      }
    } ],
    "finishTime" : 1404932289936,
    "preferredLocations" : [ {
      "layers" : [ "default-rack", "Master2" ]
    }, {
      "layers" : [ "default-rack", "Slave23" ]
    }, {
      "layers" : [ "default-rack", "Slave21" ]
    } ],
    "taskType" : "MAP",
    "taskStatus" : "SUCCESS",
    "taskID" : "task_201407031554_1614_m_000018",
    "inputBytes" : 201330793,
    "inputRecords" : 4852,
    "outputBytes" : 45403342,
    "outputRecords" : 18420146
  }, {
    "startTime" : 1404932273837,
    "attempts" : [ {
      "result" : "SUCCESS",
      "location" : {
        "layers" : [ "default-rack", "Slave22" ]
      },
      "hostName" : "/default-rack/Slave22",
      "startTime" : 1404932261013,
      "finishTime" : 1404932277387,
      "attemptID" : "attempt_201407031554_1614_m_000019_0",
      "shuffleFinished" : -1,
      "sortFinished" : -1,
      "hdfsBytesRead" : 201330793,
      "hdfsBytesWritten" : -1,
      "fileBytesRead" : 33211668,
      "fileBytesWritten" : 45936135,
      "mapInputRecords" : 4838,
      "mapOutputBytes" : 277859538,
      "mapOutputRecords" : 18417465,
      "combineInputRecords" : 19005057,
      "reduceInputGroups" : -1,
      "reduceInputRecords" : -1,
      "reduceShuffleBytes" : -1,
      "reduceOutputRecords" : -1,
      "spilledRecords" : 1508143,
      "mapInputBytes" : -1,
      "resourceUsageMetrics" : {
        "cumulativeCpuUsage" : 24260,
        "virtualMemoryUsage" : 939900928,
        "physicalMemoryUsage" : 626016256,
        "heapUsage" : 559415296
      }
    } ],
    "finishTime" : 1404932290400,
    "preferredLocations" : [ {
      "layers" : [ "default-rack", "Slave22" ]
    }, {
      "layers" : [ "default-rack", "Slave21" ]
    }, {
      "layers" : [ "default-rack", "Slave23" ]
    } ],
    "taskType" : "MAP",
    "taskStatus" : "SUCCESS",
    "taskID" : "task_201407031554_1614_m_000019",
    "inputBytes" : 201330793,
    "inputRecords" : 4838,
    "outputBytes" : 45936135,
    "outputRecords" : 18417465
  }, {
    "startTime" : 1404932273874,
    "attempts" : [ {
      "result" : "SUCCESS",
      "location" : {
        "layers" : [ "default-rack", "Slave21" ]
      },
      "hostName" : "/default-rack/Slave21",
      "startTime" : 1404932266013,
      "finishTime" : 1404932270992,
      "attemptID" : "attempt_201407031554_1614_m_000020_0",
      "shuffleFinished" : -1,
      "sortFinished" : -1,
      "hdfsBytesRead" : 55313030,
      "hdfsBytesWritten" : -1,
      "fileBytesRead" : 6235178,
      "fileBytesWritten" : 9988397,
      "mapInputRecords" : 1357,
      "mapOutputBytes" : 76198688,
      "mapOutputRecords" : 5057067,
      "combineInputRecords" : 5218308,
      "reduceInputGroups" : -1,
      "reduceInputRecords" : -1,
      "reduceShuffleBytes" : -1,
      "reduceOutputRecords" : -1,
      "spilledRecords" : 331790,
      "mapInputBytes" : -1,
      "resourceUsageMetrics" : {
        "cumulativeCpuUsage" : 6810,
        "virtualMemoryUsage" : 941166592,
        "physicalMemoryUsage" : 514793472,
        "heapUsage" : 531365888
      }
    } ],
    "finishTime" : 1404932278995,
    "preferredLocations" : [ {
      "layers" : [ "default-rack", "Slave21" ]
    }, {
      "layers" : [ "default-rack", "Slave22" ]
    }, {
      "layers" : [ "default-rack", "Slave23" ]
    } ],
    "taskType" : "MAP",
    "taskStatus" : "SUCCESS",
    "taskID" : "task_201407031554_1614_m_000020",
    "inputBytes" : 55313030,
    "inputRecords" : 1357,
    "outputBytes" : 9988397,
    "outputRecords" : 5057067
  }, {
    "startTime" : 1404932274270,
    "attempts" : [ {
      "result" : "SUCCESS",
      "location" : {
        "layers" : [ "default-rack", "Master2" ]
      },
      "hostName" : "/default-rack/Master2",
      "startTime" : 1404932274271,
      "finishTime" : 1404932280038,
      "attemptID" : "attempt_201407031554_1614_m_000021_0",
      "shuffleFinished" : -1,
      "sortFinished" : -1,
      "hdfsBytesRead" : 55312090,
      "hdfsBytesWritten" : -1,
      "fileBytesRead" : 5906472,
      "fileBytesWritten" : 9432437,
      "mapInputRecords" : 1332,
      "mapOutputBytes" : 76437974,
      "mapOutputRecords" : 5082165,
      "combineInputRecords" : 5243837,
      "reduceInputGroups" : -1,
      "reduceInputRecords" : -1,
      "reduceShuffleBytes" : -1,
      "reduceOutputRecords" : -1,
      "spilledRecords" : 332664,
      "mapInputBytes" : -1,
      "resourceUsageMetrics" : {
        "cumulativeCpuUsage" : 7950,
        "virtualMemoryUsage" : 940949504,
        "physicalMemoryUsage" : 608063488,
        "heapUsage" : 548667392
      }
    } ],
    "finishTime" : 1404932280302,
    "preferredLocations" : [ {
      "layers" : [ "default-rack", "Master2" ]
    }, {
      "layers" : [ "default-rack", "Slave23" ]
    }, {
      "layers" : [ "default-rack", "Slave22" ]
    } ],
    "taskType" : "MAP",
    "taskStatus" : "SUCCESS",
    "taskID" : "task_201407031554_1614_m_000021",
    "inputBytes" : 55312090,
    "inputRecords" : 1332,
    "outputBytes" : 9432437,
    "outputRecords" : 5082165
  }, {
    "startTime" : 1404932274477,
    "attempts" : [ {
      "result" : "SUCCESS",
      "location" : {
        "layers" : [ "default-rack", "Slave21" ]
      },
      "hostName" : "/default-rack/Slave21",
      "startTime" : 1404932266615,
      "finishTime" : 1404932271892,
      "attemptID" : "attempt_201407031554_1614_m_000022_0",
      "shuffleFinished" : -1,
      "sortFinished" : -1,
      "hdfsBytesRead" : 55310751,
      "hdfsBytesWritten" : -1,
      "fileBytesRead" : 5449955,
      "fileBytesWritten" : 8574552,
      "mapInputRecords" : 24263,
      "mapOutputBytes" : 76428454,
      "mapOutputRecords" : 5083322,
      "combineInputRecords" : 5244597,
      "reduceInputGroups" : -1,
      "reduceInputRecords" : -1,
      "reduceShuffleBytes" : -1,
      "reduceOutputRecords" : -1,
      "spilledRecords" : 331472,
      "mapInputBytes" : -1,
      "resourceUsageMetrics" : {
        "cumulativeCpuUsage" : 7610,
        "virtualMemoryUsage" : 941420544,
        "physicalMemoryUsage" : 681807872,
        "heapUsage" : 629407744
      }
    } ],
    "finishTime" : 1404932279898,
    "preferredLocations" : [ {
      "layers" : [ "default-rack", "Slave21" ]
    }, {
      "layers" : [ "default-rack", "Slave22" ]
    }, {
      "layers" : [ "default-rack", "Slave23" ]
    } ],
    "taskType" : "MAP",
    "taskStatus" : "SUCCESS",
    "taskID" : "task_201407031554_1614_m_000022",
    "inputBytes" : 55310751,
    "inputRecords" : 24263,
    "outputBytes" : 8574552,
    "outputRecords" : 5083322
  }, {
    "startTime" : 1404932275502,
    "attempts" : [ {
      "result" : "SUCCESS",
      "location" : {
        "layers" : [ "default-rack", "Slave23" ]
      },
      "hostName" : "/default-rack/Slave23",
      "startTime" : 1404932278143,
      "finishTime" : 1404932283466,
      "attemptID" : "attempt_201407031554_1614_m_000023_0",
      "shuffleFinished" : -1,
      "sortFinished" : -1,
      "hdfsBytesRead" : 55310580,
      "hdfsBytesWritten" : -1,
      "fileBytesRead" : 6431106,
      "fileBytesWritten" : 10303285,
      "mapInputRecords" : 1354,
      "mapOutputBytes" : 76315969,
      "mapOutputRecords" : 5056361,
      "combineInputRecords" : 5217970,
      "reduceInputGroups" : -1,
      "reduceInputRecords" : -1,
      "reduceShuffleBytes" : -1,
      "reduceOutputRecords" : -1,
      "spilledRecords" : 332391,
      "mapInputBytes" : -1,
      "resourceUsageMetrics" : {
        "cumulativeCpuUsage" : 7470,
        "virtualMemoryUsage" : 943566848,
        "physicalMemoryUsage" : 656859136,
        "heapUsage" : 596901888
      }
    } ],
    "finishTime" : 1404932280915,
    "preferredLocations" : [ {
      "layers" : [ "default-rack", "Slave21" ]
    }, {
      "layers" : [ "default-rack", "Slave23" ]
    }, {
      "layers" : [ "default-rack", "Slave22" ]
    } ],
    "taskType" : "MAP",
    "taskStatus" : "SUCCESS",
    "taskID" : "task_201407031554_1614_m_000023",
    "inputBytes" : 55310580,
    "inputRecords" : 1354,
    "outputBytes" : 10303285,
    "outputRecords" : 5056361
  }, {
    "startTime" : 1404932278995,
    "attempts" : [ {
      "result" : "SUCCESS",
      "location" : {
        "layers" : [ "default-rack", "Slave21" ]
      },
      "hostName" : "/default-rack/Slave21",
      "startTime" : 1404932271134,
      "finishTime" : 1404932276421,
      "attemptID" : "attempt_201407031554_1614_m_000024_0",
      "shuffleFinished" : -1,
      "sortFinished" : -1,
      "hdfsBytesRead" : 55310286,
      "hdfsBytesWritten" : -1,
      "fileBytesRead" : 6384548,
      "fileBytesWritten" : 10222651,
      "mapInputRecords" : 1376,
      "mapOutputBytes" : 76305293,
      "mapOutputRecords" : 5057642,
      "combineInputRecords" : 5219400,
      "reduceInputGroups" : -1,
      "reduceInputRecords" : -1,
      "reduceShuffleBytes" : -1,
      "reduceOutputRecords" : -1,
      "spilledRecords" : 333026,
      "mapInputBytes" : -1,
      "resourceUsageMetrics" : {
        "cumulativeCpuUsage" : 7310,
        "virtualMemoryUsage" : 941498368,
        "physicalMemoryUsage" : 725872640,
        "heapUsage" : 728498176
      }
    } ],
    "finishTime" : 1404932284530,
    "preferredLocations" : [ {
      "layers" : [ "default-rack", "Master2" ]
    }, {
      "layers" : [ "default-rack", "Slave22" ]
    }, {
      "layers" : [ "default-rack", "Slave21" ]
    } ],
    "taskType" : "MAP",
    "taskStatus" : "SUCCESS",
    "taskID" : "task_201407031554_1614_m_000024",
    "inputBytes" : 55310286,
    "inputRecords" : 1376,
    "outputBytes" : 10222651,
    "outputRecords" : 5057642
  }, {
    "startTime" : 1404932279898,
    "attempts" : [ {
      "result" : "SUCCESS",
      "location" : {
        "layers" : [ "default-rack", "Slave21" ]
      },
      "hostName" : "/default-rack/Slave21",
      "startTime" : 1404932272037,
      "finishTime" : 1404932277372,
      "attemptID" : "attempt_201407031554_1614_m_000025_0",
      "shuffleFinished" : -1,
      "sortFinished" : -1,
      "hdfsBytesRead" : 55309453,
      "hdfsBytesWritten" : -1,
      "fileBytesRead" : 5424994,
      "fileBytesWritten" : 8528368,
      "mapInputRecords" : 1320,
      "mapOutputBytes" : 76516349,
      "mapOutputRecords" : 5082886,
      "combineInputRecords" : 5244242,
      "reduceInputGroups" : -1,
      "reduceInputRecords" : -1,
      "reduceShuffleBytes" : -1,
      "reduceOutputRecords" : -1,
      "spilledRecords" : 331553,
      "mapInputBytes" : -1,
      "resourceUsageMetrics" : {
        "cumulativeCpuUsage" : 7530,
        "virtualMemoryUsage" : 941752320,
        "physicalMemoryUsage" : 707731456,
        "heapUsage" : 689963008
      }
    } ],
    "finishTime" : 1404932285441,
    "preferredLocations" : [ {
      "layers" : [ "default-rack", "Master2" ]
    }, {
      "layers" : [ "default-rack", "Slave21" ]
    }, {
      "layers" : [ "default-rack", "Slave22" ]
    } ],
    "taskType" : "MAP",
    "taskStatus" : "SUCCESS",
    "taskID" : "task_201407031554_1614_m_000025",
    "inputBytes" : 55309453,
    "inputRecords" : 1320,
    "outputBytes" : 8528368,
    "outputRecords" : 5082886
  }, {
    "startTime" : 1404932280303,
    "attempts" : [ {
      "result" : "SUCCESS",
      "location" : {
        "layers" : [ "default-rack", "Master2" ]
      },
      "hostName" : "/default-rack/Master2",
      "startTime" : 1404932280304,
      "finishTime" : 1404932285591,
      "attemptID" : "attempt_201407031554_1614_m_000026_0",
      "shuffleFinished" : -1,
      "sortFinished" : -1,
      "hdfsBytesRead" : 55308720,
      "hdfsBytesWritten" : -1,
      "fileBytesRead" : 5816241,
      "fileBytesWritten" : 9203441,
      "mapInputRecords" : 1332,
      "mapOutputBytes" : 76557085,
      "mapOutputRecords" : 5082494,
      "combineInputRecords" : 5243901,
      "reduceInputGroups" : -1,
      "reduceInputRecords" : -1,
      "reduceShuffleBytes" : -1,
      "reduceOutputRecords" : -1,
      "spilledRecords" : 331872,
      "mapInputBytes" : -1,
      "resourceUsageMetrics" : {
        "cumulativeCpuUsage" : 7420,
        "virtualMemoryUsage" : 941281280,
        "physicalMemoryUsage" : 732143616,
        "heapUsage" : 732692480
      }
    } ],
    "finishTime" : 1404932285718,
    "preferredLocations" : [ {
      "layers" : [ "default-rack", "Master2" ]
    }, {
      "layers" : [ "default-rack", "Slave21" ]
    }, {
      "layers" : [ "default-rack", "Slave23" ]
    } ],
    "taskType" : "MAP",
    "taskStatus" : "SUCCESS",
    "taskID" : "task_201407031554_1614_m_000026",
    "inputBytes" : 55308720,
    "inputRecords" : 1332,
    "outputBytes" : 9203441,
    "outputRecords" : 5082494
  }, {
    "startTime" : 1404932280915,
    "attempts" : [ {
      "result" : "SUCCESS",
      "location" : {
        "layers" : [ "default-rack", "Slave23" ]
      },
      "hostName" : "/default-rack/Slave23",
      "startTime" : 1404932283557,
      "finishTime" : 1404932288821,
      "attemptID" : "attempt_201407031554_1614_m_000028_0",
      "shuffleFinished" : -1,
      "sortFinished" : -1,
      "hdfsBytesRead" : 55307951,
      "hdfsBytesWritten" : -1,
      "fileBytesRead" : 5471628,
      "fileBytesWritten" : 8638552,
      "mapInputRecords" : 24260,
      "mapOutputBytes" : 76604278,
      "mapOutputRecords" : 5104992,
      "combineInputRecords" : 5266608,
      "reduceInputGroups" : -1,
      "reduceInputRecords" : -1,
      "reduceShuffleBytes" : -1,
      "reduceOutputRecords" : -1,
      "spilledRecords" : 331822,
      "mapInputBytes" : -1,
      "resourceUsageMetrics" : {
        "cumulativeCpuUsage" : 7940,
        "virtualMemoryUsage" : 943898624,
        "physicalMemoryUsage" : 674795520,
        "heapUsage" : 641990656
      }
    } ],
    "finishTime" : 1404932286327,
    "preferredLocations" : [ {
      "layers" : [ "default-rack", "Master2" ]
    }, {
      "layers" : [ "default-rack", "Slave23" ]
    }, {
      "layers" : [ "default-rack", "Slave21" ]
    } ],
    "taskType" : "MAP",
    "taskStatus" : "SUCCESS",
    "taskID" : "task_201407031554_1614_m_000028",
    "inputBytes" : 55307951,
    "inputRecords" : 24260,
    "outputBytes" : 8638552,
    "outputRecords" : 5104992
  }, {
    "startTime" : 1404932284536,
    "attempts" : [ {
      "result" : "SUCCESS",
      "location" : {
        "layers" : [ "default-rack", "Slave21" ]
      },
      "hostName" : "/default-rack/Slave21",
      "startTime" : 1404932276675,
      "finishTime" : 1404932281820,
      "attemptID" : "attempt_201407031554_1614_m_000027_0",
      "shuffleFinished" : -1,
      "sortFinished" : -1,
      "hdfsBytesRead" : 55308134,
      "hdfsBytesWritten" : -1,
      "fileBytesRead" : 6284979,
      "fileBytesWritten" : 10090973,
      "mapInputRecords" : 1297,
      "mapOutputBytes" : 76122884,
      "mapOutputRecords" : 5048193,
      "combineInputRecords" : 5209683,
      "reduceInputGroups" : -1,
      "reduceInputRecords" : -1,
      "reduceShuffleBytes" : -1,
      "reduceOutputRecords" : -1,
      "spilledRecords" : 332243,
      "mapInputBytes" : -1,
      "resourceUsageMetrics" : {
        "cumulativeCpuUsage" : 7500,
        "virtualMemoryUsage" : 941498368,
        "physicalMemoryUsage" : 631963648,
        "heapUsage" : 562561024
      }
    } ],
    "finishTime" : 1404932289959,
    "preferredLocations" : [ {
      "layers" : [ "default-rack", "Master2" ]
    }, {
      "layers" : [ "default-rack", "Slave22" ]
    }, {
      "layers" : [ "default-rack", "Slave21" ]
    } ],
    "taskType" : "MAP",
    "taskStatus" : "SUCCESS",
    "taskID" : "task_201407031554_1614_m_000027",
    "inputBytes" : 55308134,
    "inputRecords" : 1297,
    "outputBytes" : 10090973,
    "outputRecords" : 5048193
  }, {
    "startTime" : 1404932285441,
    "attempts" : [ {
      "result" : "SUCCESS",
      "location" : {
        "layers" : [ "default-rack", "Slave21" ]
      },
      "hostName" : "/default-rack/Slave21",
      "startTime" : 1404932277580,
      "finishTime" : 1404932282337,
      "attemptID" : "attempt_201407031554_1614_m_000031_0",
      "shuffleFinished" : -1,
      "sortFinished" : -1,
      "hdfsBytesRead" : 55307192,
      "hdfsBytesWritten" : -1,
      "fileBytesRead" : 6290240,
      "fileBytesWritten" : 10081466,
      "mapInputRecords" : 1343,
      "mapOutputBytes" : 76268192,
      "mapOutputRecords" : 5059155,
      "combineInputRecords" : 5220487,
      "reduceInputGroups" : -1,
      "reduceInputRecords" : -1,
      "reduceShuffleBytes" : -1,
      "reduceOutputRecords" : -1,
      "spilledRecords" : 331788,
      "mapInputBytes" : -1,
      "resourceUsageMetrics" : {
        "cumulativeCpuUsage" : 6690,
        "virtualMemoryUsage" : 941752320,
        "physicalMemoryUsage" : 725463040,
        "heapUsage" : 724041728
      }
    } ],
    "finishTime" : 1404932290261,
    "preferredLocations" : [ {
      "layers" : [ "default-rack", "Slave23" ]
    }, {
      "layers" : [ "default-rack", "Slave21" ]
    }, {
      "layers" : [ "default-rack", "Slave22" ]
    } ],
    "taskType" : "MAP",
    "taskStatus" : "SUCCESS",
    "taskID" : "task_201407031554_1614_m_000031",
    "inputBytes" : 55307192,
    "inputRecords" : 1343,
    "outputBytes" : 10081466,
    "outputRecords" : 5059155
  }, {
    "startTime" : 1404932285718,
    "attempts" : [ {
      "result" : "SUCCESS",
      "location" : {
        "layers" : [ "default-rack", "Master2" ]
      },
      "hostName" : "/default-rack/Master2",
      "startTime" : 1404932285719,
      "finishTime" : 1404932291004,
      "attemptID" : "attempt_201407031554_1614_m_000029_0",
      "shuffleFinished" : -1,
      "sortFinished" : -1,
      "hdfsBytesRead" : 55307562,
      "hdfsBytesWritten" : -1,
      "fileBytesRead" : 6351198,
      "fileBytesWritten" : 10195361,
      "mapInputRecords" : 1353,
      "mapOutputBytes" : 76333513,
      "mapOutputRecords" : 5060079,
      "combineInputRecords" : 5221711,
      "reduceInputGroups" : -1,
      "reduceInputRecords" : -1,
      "reduceShuffleBytes" : -1,
      "reduceOutputRecords" : -1,
      "spilledRecords" : 332313,
      "mapInputBytes" : -1,
      "resourceUsageMetrics" : {
        "cumulativeCpuUsage" : 7350,
        "virtualMemoryUsage" : 941281280,
        "physicalMemoryUsage" : 655073280,
        "heapUsage" : 587726848
      }
    } ],
    "finishTime" : 1404932291178,
    "preferredLocations" : [ {
      "layers" : [ "default-rack", "Master2" ]
    }, {
      "layers" : [ "default-rack", "Slave23" ]
    }, {
      "layers" : [ "default-rack", "Slave22" ]
    } ],
    "taskType" : "MAP",
    "taskStatus" : "SUCCESS",
    "taskID" : "task_201407031554_1614_m_000029",
    "inputBytes" : 55307562,
    "inputRecords" : 1353,
    "outputBytes" : 10195361,
    "outputRecords" : 5060079
  }, {
    "startTime" : 1404932286327,
    "attempts" : [ {
      "result" : "SUCCESS",
      "location" : {
        "layers" : [ "default-rack", "Slave23" ]
      },
      "hostName" : "/default-rack/Slave23",
      "startTime" : 1404932288969,
      "finishTime" : 1404932294197,
      "attemptID" : "attempt_201407031554_1614_m_000030_0",
      "shuffleFinished" : -1,
      "sortFinished" : -1,
      "hdfsBytesRead" : 55307411,
      "hdfsBytesWritten" : -1,
      "fileBytesRead" : 6591159,
      "fileBytesWritten" : 10613034,
      "mapInputRecords" : 1341,
      "mapOutputBytes" : 76466150,
      "mapOutputRecords" : 5057246,
      "combineInputRecords" : 5218601,
      "reduceInputGroups" : -1,
      "reduceInputRecords" : -1,
      "reduceShuffleBytes" : -1,
      "reduceOutputRecords" : -1,
      "spilledRecords" : 332091,
      "mapInputBytes" : -1,
      "resourceUsageMetrics" : {
        "cumulativeCpuUsage" : 7380,
        "virtualMemoryUsage" : 943898624,
        "physicalMemoryUsage" : 693571584,
        "heapUsage" : 703594496
      }
    } ],
    "finishTime" : 1404932291741,
    "preferredLocations" : [ {
      "layers" : [ "default-rack", "Master2" ]
    }, {
      "layers" : [ "default-rack", "Slave22" ]
    }, {
      "layers" : [ "default-rack", "Slave23" ]
    } ],
    "taskType" : "MAP",
    "taskStatus" : "SUCCESS",
    "taskID" : "task_201407031554_1614_m_000030",
    "inputBytes" : 55307411,
    "inputRecords" : 1341,
    "outputBytes" : 10613034,
    "outputRecords" : 5057246
  }, {
    "startTime" : 1404932289373,
    "attempts" : [ {
      "result" : "SUCCESS",
      "location" : {
        "layers" : [ "default-rack", "Master2" ]
      },
      "hostName" : "/default-rack/Master2",
      "startTime" : 1404932289374,
      "finishTime" : 1404932294443,
      "attemptID" : "attempt_201407031554_1614_m_000033_0",
      "shuffleFinished" : -1,
      "sortFinished" : -1,
      "hdfsBytesRead" : 55307022,
      "hdfsBytesWritten" : -1,
      "fileBytesRead" : 5160601,
      "fileBytesWritten" : 8087035,
      "mapInputRecords" : 1330,
      "mapOutputBytes" : 76282797,
      "mapOutputRecords" : 5082741,
      "combineInputRecords" : 5243967,
      "reduceInputGroups" : -1,
      "reduceInputRecords" : -1,
      "reduceShuffleBytes" : -1,
      "reduceOutputRecords" : -1,
      "spilledRecords" : 330372,
      "mapInputBytes" : -1,
      "resourceUsageMetrics" : {
        "cumulativeCpuUsage" : 6950,
        "virtualMemoryUsage" : 941838336,
        "physicalMemoryUsage" : 726593536,
        "heapUsage" : 732430336
      }
    } ],
    "finishTime" : 1404932294491,
    "preferredLocations" : [ {
      "layers" : [ "default-rack", "Master2" ]
    }, {
      "layers" : [ "default-rack", "Slave22" ]
    }, {
      "layers" : [ "default-rack", "Slave23" ]
    } ],
    "taskType" : "MAP",
    "taskStatus" : "SUCCESS",
    "taskID" : "task_201407031554_1614_m_000033",
    "inputBytes" : 55307022,
    "inputRecords" : 1330,
    "outputBytes" : 8087035,
    "outputRecords" : 5082741
  }, {
    "startTime" : 1404932289496,
    "attempts" : [ {
      "result" : "SUCCESS",
      "location" : {
        "layers" : [ "default-rack", "Slave22" ]
      },
      "hostName" : "/default-rack/Slave22",
      "startTime" : 1404932276672,
      "finishTime" : 1404932281526,
      "attemptID" : "attempt_201407031554_1614_m_000032_0",
      "shuffleFinished" : -1,
      "sortFinished" : -1,
      "hdfsBytesRead" : 55307172,
      "hdfsBytesWritten" : -1,
      "fileBytesRead" : 6420079,
      "fileBytesWritten" : 10290046,
      "mapInputRecords" : 1303,
      "mapOutputBytes" : 76372936,
      "mapOutputRecords" : 5059558,
      "combineInputRecords" : 5220795,
      "reduceInputGroups" : -1,
      "reduceInputRecords" : -1,
      "reduceShuffleBytes" : -1,
      "reduceOutputRecords" : -1,
      "spilledRecords" : 331935,
      "mapInputBytes" : -1,
      "resourceUsageMetrics" : {
        "cumulativeCpuUsage" : 6670,
        "virtualMemoryUsage" : 943616000,
        "physicalMemoryUsage" : 628260864,
        "heapUsage" : 567803904
      }
    } ],
    "finishTime" : 1404932294615,
    "preferredLocations" : [ {
      "layers" : [ "default-rack", "Slave22" ]
    }, {
      "layers" : [ "default-rack", "Slave21" ]
    }, {
      "layers" : [ "default-rack", "Slave23" ]
    } ],
    "taskType" : "MAP",
    "taskStatus" : "SUCCESS",
    "taskID" : "task_201407031554_1614_m_000032",
    "inputBytes" : 55307172,
    "inputRecords" : 1303,
    "outputBytes" : 10290046,
    "outputRecords" : 5059558
  }, {
    "startTime" : 1404932289936,
    "attempts" : [ {
      "result" : "SUCCESS",
      "location" : {
        "layers" : [ "default-rack", "Slave23" ]
      },
      "hostName" : "/default-rack/Slave23",
      "startTime" : 1404932292578,
      "finishTime" : 1404932297752,
      "attemptID" : "attempt_201407031554_1614_m_000035_0",
      "shuffleFinished" : -1,
      "sortFinished" : -1,
      "hdfsBytesRead" : 55304936,
      "hdfsBytesWritten" : -1,
      "fileBytesRead" : 6510941,
      "fileBytesWritten" : 10455456,
      "mapInputRecords" : 1365,
      "mapOutputBytes" : 76399192,
      "mapOutputRecords" : 5056270,
      "combineInputRecords" : 5217617,
      "reduceInputGroups" : -1,
      "reduceInputRecords" : -1,
      "reduceShuffleBytes" : -1,
      "reduceOutputRecords" : -1,
      "spilledRecords" : 332162,
      "mapInputBytes" : -1,
      "resourceUsageMetrics" : {
        "cumulativeCpuUsage" : 7830,
        "virtualMemoryUsage" : 943226880,
        "physicalMemoryUsage" : 687214592,
        "heapUsage" : 572522496
      }
    }, {
      "result" : "KILLED",
      "location" : null,
      "hostName" : null,
      "startTime" : 1404932287217,
      "finishTime" : 1404932290240,
      "attemptID" : "attempt_201407031554_1614_m_000035_1",
      "shuffleFinished" : -1,
      "sortFinished" : -1,
      "hdfsBytesRead" : -1,
      "hdfsBytesWritten" : -1,
      "fileBytesRead" : -1,
      "fileBytesWritten" : -1,
      "mapInputRecords" : -1,
      "mapOutputBytes" : -1,
      "mapOutputRecords" : -1,
      "combineInputRecords" : -1,
      "reduceInputGroups" : -1,
      "reduceInputRecords" : -1,
      "reduceShuffleBytes" : -1,
      "reduceOutputRecords" : -1,
      "spilledRecords" : -1,
      "mapInputBytes" : -1,
      "resourceUsageMetrics" : {
        "cumulativeCpuUsage" : 0,
        "virtualMemoryUsage" : 0,
        "physicalMemoryUsage" : 0,
        "heapUsage" : 0
      }
    } ],
    "finishTime" : 1404932295351,
    "preferredLocations" : [ {
      "layers" : [ "default-rack", "Master2" ]
    }, {
      "layers" : [ "default-rack", "Slave23" ]
    }, {
      "layers" : [ "default-rack", "Slave21" ]
    } ],
    "taskType" : "MAP",
    "taskStatus" : "SUCCESS",
    "taskID" : "task_201407031554_1614_m_000035",
    "inputBytes" : 55304936,
    "inputRecords" : 1365,
    "outputBytes" : 10455456,
    "outputRecords" : 5056270
  }, {
    "startTime" : 1404932289960,
    "attempts" : [ {
      "result" : "SUCCESS",
      "location" : {
        "layers" : [ "default-rack", "Slave21" ]
      },
      "hostName" : "/default-rack/Slave21",
      "startTime" : 1404932282098,
      "finishTime" : 1404932287204,
      "attemptID" : "attempt_201407031554_1614_m_000034_0",
      "shuffleFinished" : -1,
      "sortFinished" : -1,
      "hdfsBytesRead" : 55306610,
      "hdfsBytesWritten" : -1,
      "fileBytesRead" : 6426270,
      "fileBytesWritten" : 10300824,
      "mapInputRecords" : 1340,
      "mapOutputBytes" : 76347343,
      "mapOutputRecords" : 5057536,
      "combineInputRecords" : 5219019,
      "reduceInputGroups" : -1,
      "reduceInputRecords" : -1,
      "reduceShuffleBytes" : -1,
      "reduceOutputRecords" : -1,
      "spilledRecords" : 332109,
      "mapInputBytes" : -1,
      "resourceUsageMetrics" : {
        "cumulativeCpuUsage" : 7210,
        "virtualMemoryUsage" : 941498368,
        "physicalMemoryUsage" : 736088064,
        "heapUsage" : 732430336
      }
    } ],
    "finishTime" : 1404932295079,
    "preferredLocations" : [ {
      "layers" : [ "default-rack", "Master2" ]
    }, {
      "layers" : [ "default-rack", "Slave22" ]
    }, {
      "layers" : [ "default-rack", "Slave21" ]
    } ],
    "taskType" : "MAP",
    "taskStatus" : "SUCCESS",
    "taskID" : "task_201407031554_1614_m_000034",
    "inputBytes" : 55306610,
    "inputRecords" : 1340,
    "outputBytes" : 10300824,
    "outputRecords" : 5057536
  }, {
    "startTime" : 1404932290262,
    "attempts" : [ {
      "result" : "SUCCESS",
      "location" : {
        "layers" : [ "default-rack", "Slave21" ]
      },
      "hostName" : "/default-rack/Slave21",
      "startTime" : 1404932282400,
      "finishTime" : 1404932287987,
      "attemptID" : "attempt_201407031554_1614_m_000036_0",
      "shuffleFinished" : -1,
      "sortFinished" : -1,
      "hdfsBytesRead" : 55304933,
      "hdfsBytesWritten" : -1,
      "fileBytesRead" : 5529858,
      "fileBytesWritten" : 8744575,
      "mapInputRecords" : 47228,
      "mapOutputBytes" : 76378990,
      "mapOutputRecords" : 5106421,
      "combineInputRecords" : 5268060,
      "reduceInputGroups" : -1,
      "reduceInputRecords" : -1,
      "reduceShuffleBytes" : -1,
      "reduceOutputRecords" : -1,
      "spilledRecords" : 332082,
      "mapInputBytes" : -1,
      "resourceUsageMetrics" : {
        "cumulativeCpuUsage" : 7770,
        "virtualMemoryUsage" : 941752320,
        "physicalMemoryUsage" : 733704192,
        "heapUsage" : 731643904
      }
    }, {
      "result" : "KILLED",
      "location" : null,
      "hostName" : null,
      "startTime" : 1404932295093,
      "finishTime" : 1404932297539,
      "attemptID" : "attempt_201407031554_1614_m_000036_1",
      "shuffleFinished" : -1,
      "sortFinished" : -1,
      "hdfsBytesRead" : -1,
      "hdfsBytesWritten" : -1,
      "fileBytesRead" : -1,
      "fileBytesWritten" : -1,
      "mapInputRecords" : -1,
      "mapOutputBytes" : -1,
      "mapOutputRecords" : -1,
      "combineInputRecords" : -1,
      "reduceInputGroups" : -1,
      "reduceInputRecords" : -1,
      "reduceShuffleBytes" : -1,
      "reduceOutputRecords" : -1,
      "spilledRecords" : -1,
      "mapInputBytes" : -1,
      "resourceUsageMetrics" : {
        "cumulativeCpuUsage" : 0,
        "virtualMemoryUsage" : 0,
        "physicalMemoryUsage" : 0,
        "heapUsage" : 0
      }
    } ],
    "finishTime" : 1404932295982,
    "preferredLocations" : [ {
      "layers" : [ "default-rack", "Master2" ]
    }, {
      "layers" : [ "default-rack", "Slave21" ]
    }, {
      "layers" : [ "default-rack", "Slave23" ]
    } ],
    "taskType" : "MAP",
    "taskStatus" : "SUCCESS",
    "taskID" : "task_201407031554_1614_m_000036",
    "inputBytes" : 55304933,
    "inputRecords" : 47228,
    "outputBytes" : 8744575,
    "outputRecords" : 5106421
  }, {
    "startTime" : 1404932290400,
    "attempts" : [ {
      "result" : "SUCCESS",
      "location" : {
        "layers" : [ "default-rack", "Slave22" ]
      },
      "hostName" : "/default-rack/Slave22",
      "startTime" : 1404932277576,
      "finishTime" : 1404932282372,
      "attemptID" : "attempt_201407031554_1614_m_000039_0",
      "shuffleFinished" : -1,
      "sortFinished" : -1,
      "hdfsBytesRead" : 55303550,
      "hdfsBytesWritten" : -1,
      "fileBytesRead" : 6297561,
      "fileBytesWritten" : 10105064,
      "mapInputRecords" : 1364,
      "mapOutputBytes" : 76282562,
      "mapOutputRecords" : 5060255,
      "combineInputRecords" : 5221957,
      "reduceInputGroups" : -1,
      "reduceInputRecords" : -1,
      "reduceShuffleBytes" : -1,
      "reduceOutputRecords" : -1,
      "spilledRecords" : 332567,
      "mapInputBytes" : -1,
      "resourceUsageMetrics" : {
        "cumulativeCpuUsage" : 6670,
        "virtualMemoryUsage" : 939900928,
        "physicalMemoryUsage" : 734445568,
        "heapUsage" : 727973888
      }
    } ],
    "finishTime" : 1404932295217,
    "preferredLocations" : [ {
      "layers" : [ "default-rack", "Master2" ]
    }, {
      "layers" : [ "default-rack", "Slave22" ]
    }, {
      "layers" : [ "default-rack", "Slave21" ]
    } ],
    "taskType" : "MAP",
    "taskStatus" : "SUCCESS",
    "taskID" : "task_201407031554_1614_m_000039",
    "inputBytes" : 55303550,
    "inputRecords" : 1364,
    "outputBytes" : 10105064,
    "outputRecords" : 5060255
  }, {
    "startTime" : 1404932291178,
    "attempts" : [ {
      "result" : "SUCCESS",
      "location" : {
        "layers" : [ "default-rack", "Master2" ]
      },
      "hostName" : "/default-rack/Master2",
      "startTime" : 1404932291179,
      "finishTime" : 1404932296349,
      "attemptID" : "attempt_201407031554_1614_m_000037_0",
      "shuffleFinished" : -1,
      "sortFinished" : -1,
      "hdfsBytesRead" : 55303858,
      "hdfsBytesWritten" : -1,
      "fileBytesRead" : 5559794,
      "fileBytesWritten" : 8792279,
      "mapInputRecords" : 1309,
      "mapOutputBytes" : 76260074,
      "mapOutputRecords" : 5070089,
      "combineInputRecords" : 5231461,
      "reduceInputGroups" : -1,
      "reduceInputRecords" : -1,
      "reduceShuffleBytes" : -1,
      "reduceOutputRecords" : -1,
      "spilledRecords" : 331977,
      "mapInputBytes" : -1,
      "resourceUsageMetrics" : {
        "cumulativeCpuUsage" : 7310,
        "virtualMemoryUsage" : 941281280,
        "physicalMemoryUsage" : 733777920,
        "heapUsage" : 728498176
      }
    }, {
      "result" : "KILLED",
      "location" : null,
      "hostName" : null,
      "startTime" : 1404932282393,
      "finishTime" : 1404932285756,
      "attemptID" : "attempt_201407031554_1614_m_000037_1",
      "shuffleFinished" : -1,
      "sortFinished" : -1,
      "hdfsBytesRead" : -1,
      "hdfsBytesWritten" : -1,
      "fileBytesRead" : -1,
      "fileBytesWritten" : -1,
      "mapInputRecords" : -1,
      "mapOutputBytes" : -1,
      "mapOutputRecords" : -1,
      "combineInputRecords" : -1,
      "reduceInputGroups" : -1,
      "reduceInputRecords" : -1,
      "reduceShuffleBytes" : -1,
      "reduceOutputRecords" : -1,
      "spilledRecords" : -1,
      "mapInputBytes" : -1,
      "resourceUsageMetrics" : {
        "cumulativeCpuUsage" : 0,
        "virtualMemoryUsage" : 0,
        "physicalMemoryUsage" : 0,
        "heapUsage" : 0
      }
    } ],
    "finishTime" : 1404932296597,
    "preferredLocations" : [ {
      "layers" : [ "default-rack", "Master2" ]
    }, {
      "layers" : [ "default-rack", "Slave23" ]
    }, {
      "layers" : [ "default-rack", "Slave21" ]
    } ],
    "taskType" : "MAP",
    "taskStatus" : "SUCCESS",
    "taskID" : "task_201407031554_1614_m_000037",
    "inputBytes" : 55303858,
    "inputRecords" : 1309,
    "outputBytes" : 8792279,
    "outputRecords" : 5070089
  }, {
    "startTime" : 1404932291741,
    "attempts" : [ {
      "result" : "SUCCESS",
      "location" : {
        "layers" : [ "default-rack", "Slave23" ]
      },
      "hostName" : "/default-rack/Slave23",
      "startTime" : 1404932294382,
      "finishTime" : 1404932299195,
      "attemptID" : "attempt_201407031554_1614_m_000038_0",
      "shuffleFinished" : -1,
      "sortFinished" : -1,
      "hdfsBytesRead" : 55303820,
      "hdfsBytesWritten" : -1,
      "fileBytesRead" : 5418370,
      "fileBytesWritten" : 8534793,
      "mapInputRecords" : 1328,
      "mapOutputBytes" : 76391465,
      "mapOutputRecords" : 5079251,
      "combineInputRecords" : 5240569,
      "reduceInputGroups" : -1,
      "reduceInputRecords" : -1,
      "reduceShuffleBytes" : -1,
      "reduceOutputRecords" : -1,
      "spilledRecords" : 331627,
      "mapInputBytes" : -1,
      "resourceUsageMetrics" : {
        "cumulativeCpuUsage" : 7010,
        "virtualMemoryUsage" : 943898624,
        "physicalMemoryUsage" : 711643136,
        "heapUsage" : 721944576
      }
    } ],
    "finishTime" : 1404932296556,
    "preferredLocations" : [ {
      "layers" : [ "default-rack", "Master2" ]
    }, {
      "layers" : [ "default-rack", "Slave23" ]
    }, {
      "layers" : [ "default-rack", "Slave21" ]
    } ],
    "taskType" : "MAP",
    "taskStatus" : "SUCCESS",
    "taskID" : "task_201407031554_1614_m_000038",
    "inputBytes" : 55303820,
    "inputRecords" : 1328,
    "outputBytes" : 8534793,
    "outputRecords" : 5079251
  } ],
  "finishTime" : 1404932307753,
  "reduceTasks" : [ {
    "startTime" : 1404932255358,
    "attempts" : [ {
      "result" : "SUCCESS",
      "location" : {
        "layers" : [ "default-rack", "Slave23" ]
      },
      "hostName" : "/default-rack/Slave23",
      "startTime" : 1404932258000,
      "finishTime" : 1404932304138,
      "attemptID" : "attempt_201407031554_1614_r_000000_0",
      "shuffleFinished" : 1404932300926,
      "sortFinished" : 1404932301203,
      "hdfsBytesRead" : -1,
      "hdfsBytesWritten" : 34299322,
      "fileBytesRead" : -1,
      "fileBytesWritten" : 58928,
      "mapInputRecords" : -1,
      "mapOutputBytes" : -1,
      "mapOutputRecords" : -1,
      "combineInputRecords" : 0,
      "reduceInputGroups" : 1074270,
      "reduceInputRecords" : 2066074,
      "reduceShuffleBytes" : 62596639,
      "reduceOutputRecords" : 1074270,
      "spilledRecords" : 0,
      "mapInputBytes" : -1,
      "resourceUsageMetrics" : {
        "cumulativeCpuUsage" : 4440,
        "virtualMemoryUsage" : 729079808,
        "physicalMemoryUsage" : 210010112,
        "heapUsage" : 208666624
      }
    } ],
    "finishTime" : 1404932301681,
    "preferredLocations" : [ ],
    "taskType" : "REDUCE",
    "taskStatus" : "SUCCESS",
    "taskID" : "task_201407031554_1614_r_000000",
    "inputBytes" : 62596639,
    "inputRecords" : 2066074,
    "outputBytes" : 34299322,
    "outputRecords" : 1074270
  }, {
    "startTime" : 1404932255467,
    "attempts" : [ {
      "result" : "SUCCESS",
      "location" : {
        "layers" : [ "default-rack", "Slave22" ]
      },
      "hostName" : "/default-rack/Slave22",
      "startTime" : 1404932242643,
      "finishTime" : 1404932289806,
      "attemptID" : "attempt_201407031554_1614_r_000001_0",
      "shuffleFinished" : 1404932285478,
      "sortFinished" : 1404932285845,
      "hdfsBytesRead" : -1,
      "hdfsBytesWritten" : 34370681,
      "fileBytesRead" : -1,
      "fileBytesWritten" : 58928,
      "mapInputRecords" : -1,
      "mapOutputBytes" : -1,
      "mapOutputRecords" : -1,
      "combineInputRecords" : 0,
      "reduceInputGroups" : 1076094,
      "reduceInputRecords" : 2070461,
      "reduceShuffleBytes" : 62726221,
      "reduceOutputRecords" : 1076094,
      "spilledRecords" : 0,
      "mapInputBytes" : -1,
      "resourceUsageMetrics" : {
        "cumulativeCpuUsage" : 4600,
        "virtualMemoryUsage" : 726855680,
        "physicalMemoryUsage" : 222875648,
        "heapUsage" : 224395264
      }
    } ],
    "finishTime" : 1404932302751,
    "preferredLocations" : [ ],
    "taskType" : "REDUCE",
    "taskStatus" : "SUCCESS",
    "taskID" : "task_201407031554_1614_r_000001",
    "inputBytes" : 62726221,
    "inputRecords" : 2070461,
    "outputBytes" : 34370681,
    "outputRecords" : 1076094
  }, {
    "startTime" : 1404932255500,
    "attempts" : [ {
      "result" : "SUCCESS",
      "location" : {
        "layers" : [ "default-rack", "Slave21" ]
      },
      "hostName" : "/default-rack/Slave21",
      "startTime" : 1404932247639,
      "finishTime" : 1404932297797,
      "attemptID" : "attempt_201407031554_1614_r_000002_0",
      "shuffleFinished" : 1404932294459,
      "sortFinished" : 1404932294731,
      "hdfsBytesRead" : -1,
      "hdfsBytesWritten" : 34388286,
      "fileBytesRead" : -1,
      "fileBytesWritten" : 58928,
      "mapInputRecords" : -1,
      "mapOutputBytes" : -1,
      "mapOutputRecords" : -1,
      "combineInputRecords" : 0,
      "reduceInputGroups" : 1075854,
      "reduceInputRecords" : 2066290,
      "reduceShuffleBytes" : 62656416,
      "reduceOutputRecords" : 1075854,
      "spilledRecords" : 0,
      "mapInputBytes" : -1,
      "resourceUsageMetrics" : {
        "cumulativeCpuUsage" : 4780,
        "virtualMemoryUsage" : 730329088,
        "physicalMemoryUsage" : 225734656,
        "heapUsage" : 223870976
      }
    }, {
      "result" : "KILLED",
      "location" : null,
      "hostName" : null,
      "startTime" : 1404932304324,
      "finishTime" : 1404932309474,
      "attemptID" : "attempt_201407031554_1614_r_000002_1",
      "shuffleFinished" : -1,
      "sortFinished" : -1,
      "hdfsBytesRead" : -1,
      "hdfsBytesWritten" : -1,
      "fileBytesRead" : -1,
      "fileBytesWritten" : -1,
      "mapInputRecords" : -1,
      "mapOutputBytes" : -1,
      "mapOutputRecords" : -1,
      "combineInputRecords" : -1,
      "reduceInputGroups" : -1,
      "reduceInputRecords" : -1,
      "reduceShuffleBytes" : -1,
      "reduceOutputRecords" : -1,
      "spilledRecords" : -1,
      "mapInputBytes" : -1,
      "resourceUsageMetrics" : {
        "cumulativeCpuUsage" : 0,
        "virtualMemoryUsage" : 0,
        "physicalMemoryUsage" : 0,
        "heapUsage" : 0
      }
    } ],
    "finishTime" : 1404932305704,
    "preferredLocations" : [ ],
    "taskType" : "REDUCE",
    "taskStatus" : "SUCCESS",
    "taskID" : "task_201407031554_1614_r_000002",
    "inputBytes" : 62656416,
    "inputRecords" : 2066290,
    "outputBytes" : 34388286,
    "outputRecords" : 1075854
  }, {
    "startTime" : 1404932255579,
    "attempts" : [ {
      "result" : "SUCCESS",
      "location" : {
        "layers" : [ "default-rack", "Master2" ]
      },
      "hostName" : "/default-rack/Master2",
      "startTime" : 1404932255580,
      "finishTime" : 1404932305674,
      "attemptID" : "attempt_201407031554_1614_r_000003_0",
      "shuffleFinished" : 1404932302431,
      "sortFinished" : 1404932302697,
      "hdfsBytesRead" : -1,
      "hdfsBytesWritten" : 34384656,
      "fileBytesRead" : -1,
      "fileBytesWritten" : 58928,
      "mapInputRecords" : -1,
      "mapOutputBytes" : -1,
      "mapOutputRecords" : -1,
      "combineInputRecords" : 0,
      "reduceInputGroups" : 1076153,
      "reduceInputRecords" : 2067969,
      "reduceShuffleBytes" : 62674974,
      "reduceOutputRecords" : 1076153,
      "spilledRecords" : 0,
      "mapInputBytes" : -1,
      "resourceUsageMetrics" : {
        "cumulativeCpuUsage" : 4570,
        "virtualMemoryUsage" : 728498176,
        "physicalMemoryUsage" : 233140224,
        "heapUsage" : 195821568
      }
    } ],
    "finishTime" : 1404932305938,
    "preferredLocations" : [ ],
    "taskType" : "REDUCE",
    "taskStatus" : "SUCCESS",
    "taskID" : "task_201407031554_1614_r_000003",
    "inputBytes" : 62674974,
    "inputRecords" : 2067969,
    "outputBytes" : 34384656,
    "outputRecords" : 1076153
  }, {
    "startTime" : 1404932255660,
    "attempts" : [ {
      "result" : "SUCCESS",
      "location" : {
        "layers" : [ "default-rack", "Slave23" ]
      },
      "hostName" : "/default-rack/Slave23",
      "startTime" : 1404932258311,
      "finishTime" : 1404932305288,
      "attemptID" : "attempt_201407031554_1614_r_000004_0",
      "shuffleFinished" : 1404932301232,
      "sortFinished" : 1404932301588,
      "hdfsBytesRead" : -1,
      "hdfsBytesWritten" : 34372184,
      "fileBytesRead" : -1,
      "fileBytesWritten" : 58928,
      "mapInputRecords" : -1,
      "mapOutputBytes" : -1,
      "mapOutputRecords" : -1,
      "combineInputRecords" : 0,
      "reduceInputGroups" : 1075009,
      "reduceInputRecords" : 2069187,
      "reduceShuffleBytes" : 62734086,
      "reduceOutputRecords" : 1075009,
      "spilledRecords" : 0,
      "mapInputBytes" : -1,
      "resourceUsageMetrics" : {
        "cumulativeCpuUsage" : 4850,
        "virtualMemoryUsage" : 729796608,
        "physicalMemoryUsage" : 244133888,
        "heapUsage" : 234618880
      }
    } ],
    "finishTime" : 1404932302889,
    "preferredLocations" : [ ],
    "taskType" : "REDUCE",
    "taskStatus" : "SUCCESS",
    "taskID" : "task_201407031554_1614_r_000004",
    "inputBytes" : 62734086,
    "inputRecords" : 2069187,
    "outputBytes" : 34372184,
    "outputRecords" : 1075009
  } ],
  "submitTime" : 1404932234990,
  "launchTime" : 1404932235051,
  "totalMaps" : 40,
  "totalReduces" : 5,
  "otherTasks" : [ {
    "startTime" : 1404932235112,
    "attempts" : [ {
      "result" : "SUCCESS",
      "location" : {
        "layers" : [ "default-rack", "Master2" ]
      },
      "hostName" : "/default-rack/Master2",
      "startTime" : 1404932235200,
      "finishTime" : 1404932235813,
      "attemptID" : "attempt_201407031554_1614_m_000041_0",
      "shuffleFinished" : -1,
      "sortFinished" : -1,
      "hdfsBytesRead" : -1,
      "hdfsBytesWritten" : -1,
      "fileBytesRead" : -1,
      "fileBytesWritten" : 59020,
      "mapInputRecords" : -1,
      "mapOutputBytes" : -1,
      "mapOutputRecords" : -1,
      "combineInputRecords" : -1,
      "reduceInputGroups" : -1,
      "reduceInputRecords" : -1,
      "reduceShuffleBytes" : -1,
      "reduceOutputRecords" : -1,
      "spilledRecords" : 0,
      "mapInputBytes" : -1,
      "resourceUsageMetrics" : {
        "cumulativeCpuUsage" : 40,
        "virtualMemoryUsage" : 939290624,
        "physicalMemoryUsage" : 62492672,
        "heapUsage" : 81788928
      }
    } ],
    "finishTime" : 1404932236019,
    "preferredLocations" : [ ],
    "taskType" : "SETUP",
    "taskStatus" : "SUCCESS",
    "taskID" : "task_201407031554_1614_m_000041",
    "inputBytes" : -1,
    "inputRecords" : -1,
    "outputBytes" : -1,
    "outputRecords" : -1
  }, {
    "startTime" : 1404932305939,
    "attempts" : [ {
      "result" : "SUCCESS",
      "location" : {
        "layers" : [ "default-rack", "Master2" ]
      },
      "hostName" : "/default-rack/Master2",
      "startTime" : 1404932305941,
      "finishTime" : 1404932307456,
      "attemptID" : "attempt_201407031554_1614_m_000040_0",
      "shuffleFinished" : -1,
      "sortFinished" : -1,
      "hdfsBytesRead" : -1,
      "hdfsBytesWritten" : -1,
      "fileBytesRead" : -1,
      "fileBytesWritten" : 59020,
      "mapInputRecords" : -1,
      "mapOutputBytes" : -1,
      "mapOutputRecords" : -1,
      "combineInputRecords" : -1,
      "reduceInputGroups" : -1,
      "reduceInputRecords" : -1,
      "reduceShuffleBytes" : -1,
      "reduceOutputRecords" : -1,
      "spilledRecords" : 0,
      "mapInputBytes" : -1,
      "resourceUsageMetrics" : {
        "cumulativeCpuUsage" : 50,
        "virtualMemoryUsage" : 941281280,
        "physicalMemoryUsage" : 733777920,
        "heapUsage" : 728498176
      }
    } ],
    "finishTime" : 1404932307753,
    "preferredLocations" : [ ],
    "taskType" : "CLEANUP",
    "taskStatus" : "SUCCESS",
    "taskID" : "task_201407031554_1614_m_000040",
    "inputBytes" : -1,
    "inputRecords" : -1,
    "outputBytes" : -1,
    "outputRecords" : -1
  } ],
  "queue" : "default",
  "jobProperties" : {
    "fs.s3n.impl" : "org.apache.hadoop.fs.s3native.NativeS3FileSystem",
    "mapred.task.cache.levels" : "2",
    "mapreduce.job.restart.recover" : "true",
    "mapreduce.job.counters.max" : "120",
    "dfs.client.use.datanode.hostname" : "false",
    "hadoop.tmp.dir" : "/tmp/hadoop-${user.name}",
    "hadoop.native.lib" : "true",
    "map.sort.class" : "org.apache.hadoop.util.QuickSort",
    "dfs.namenode.decommission.nodes.per.interval" : "5",
    "dfs.https.need.client.auth" : "false",
    "dfs.datanode.drop.cache.behind.writes" : "false",
    "ipc.client.idlethreshold" : "4000",
    "mapred.system.dir" : "${hadoop.tmp.dir}/mapred/system",
    "dfs.datanode.data.dir.perm" : "755",
    "mapred.job.tracker.persist.jobstatus.hours" : "0",
    "dfs.namenode.logging.level" : "info",
    "dfs.datanode.address" : "0.0.0.0:50010",
    "io.skip.checksum.errors" : "false",
    "dfs.block.access.token.enable" : "false",
    "fs.default.name" : "hdfs://Master2:9000",
    "mapred.cluster.reduce.memory.mb" : "-1",
    "mapred.reducer.new-api" : "true",
    "mapred.child.tmp" : "./tmp",
    "fs.har.impl.disable.cache" : "true",
    "dfs.safemode.threshold.pct" : "0.999f",
    "mapred.skip.reduce.max.skip.groups" : "0",
    "mapred.heartbeats.in.second" : "100",
    "dfs.namenode.handler.count" : "10",
    "dfs.blockreport.initialDelay" : "0",
    "mapred.tasktracker.dns.nameserver" : "default",
    "io.sort.factor" : "10",
    "dfs.datanode.drop.cache.behind.reads" : "false",
    "mapred.task.timeout" : "600000",
    "mapred.max.tracker.failures" : "4",
    "hadoop.rpc.socket.factory.class.default" : "org.apache.hadoop.net.StandardSocketFactory",
    "mapred.job.tracker.jobhistory.lru.cache.size" : "5",
    "fs.hdfs.impl" : "org.apache.hadoop.hdfs.DistributedFileSystem",
    "mapred.queue.default.acl-administer-jobs" : "*",
    "dfs.namenode.stale.datanode.interval" : "30000",
    "mapred.output.key.class" : "org.apache.hadoop.io.Text",
    "dfs.block.access.key.update.interval" : "600",
    "mapred.skip.map.auto.incr.proc.count" : "true",
    "mapreduce.job.complete.cancel.delegation.tokens" : "true",
    "io.mapfile.bloom.size" : "1048576",
    "mapreduce.reduce.shuffle.connect.timeout" : "180000",
    "dfs.safemode.extension" : "30000",
    "mapred.jobtracker.blacklist.fault-timeout-window" : "180",
    "dfs.namenode.write.stale.datanode.ratio" : "0.5f",
    "hadoop.skip.worker.version.check" : "false",
    "tasktracker.http.threads" : "40",
    "net.topology.impl" : "org.apache.hadoop.net.NetworkTopology",
    "mapred.job.shuffle.merge.percent" : "0.5",
    "fs.ftp.impl" : "org.apache.hadoop.fs.ftp.FTPFileSystem",
    "user.name" : "itri-hadoop",
    "dfs.namenode.kerberos.internal.spnego.principal" : "${dfs.web.authentication.kerberos.principal}",
    "mapred.output.compress" : "false",
    "io.bytes.per.checksum" : "512",
    "mapred.combine.recordsBeforeProgress" : "10000",
    "mapred.healthChecker.script.timeout" : "600000",
    "topology.node.switch.mapping.impl" : "org.apache.hadoop.net.ScriptBasedMapping",
    "dfs.https.server.keystore.resource" : "ssl-server.xml",
    "mapred.reduce.slowstart.completed.maps" : "0.05",
    "mapred.reduce.max.attempts" : "4",
    "dfs.namenode.safemode.min.datanodes" : "0",
    "mapreduce.ifile.readahead.bytes" : "4194304",
    "fs.ramfs.impl" : "org.apache.hadoop.fs.InMemoryFileSystem",
    "dfs.block.access.token.lifetime" : "600",
    "mapred.skip.map.max.skip.records" : "0",
    "dfs.name.edits.dir" : "${dfs.name.dir}",
    "mapred.cluster.map.memory.mb" : "-1",
    "hadoop.security.group.mapping" : "org.apache.hadoop.security.ShellBasedUnixGroupsMapping",
    "mapred.job.tracker.persist.jobstatus.dir" : "/jobtracker/jobsInfo",
    "mapred.jar" : "hdfs://Master2:9000/tmp/hadoop-itri-hadoop/mapred/staging/itri-hadoop/.staging/job_201407031554_1614/job.jar",
    "fs.s3.buffer.dir" : "${hadoop.tmp.dir}/s3",
    "dfs.block.size" : "67108864",
    "job.end.retry.attempts" : "0",
    "fs.file.impl" : "org.apache.hadoop.fs.LocalFileSystem",
    "dfs.namenode.avoid.write.stale.datanode" : "false",
    "dfs.datanode.max.xcievers" : "4096",
    "mapred.local.dir.minspacestart" : "0",
    "mapred.output.compression.type" : "RECORD",
    "dfs.datanode.ipc.address" : "0.0.0.0:50020",
    "dfs.permissions" : "true",
    "topology.script.number.args" : "100",
    "mapreduce.job.counters.groups.max" : "50",
    "io.mapfile.bloom.error.rate" : "0.005",
    "mapred.cluster.max.reduce.memory.mb" : "-1",
    "mapred.max.tracker.blacklists" : "4",
    "mapred.task.profile.maps" : "0-2",
    "mapred.jobtracker.jobSchedulable" : "org.apache.hadoop.mapred.JobSchedulable",
    "dfs.datanode.https.address" : "0.0.0.0:50475",
    "mapred.userlog.retain.hours" : "24",
    "dfs.secondary.http.address" : "0.0.0.0:50090",
    "dfs.namenode.replication.work.multiplier.per.iteration" : "2",
    "dfs.replication.max" : "512",
    "mapred.job.tracker.persist.jobstatus.active" : "false",
    "hadoop.security.authorization" : "false",
    "local.cache.size" : "10737418240",
    "mapred.min.split.size" : "201326592",
    "dfs.namenode.delegation.token.renew-interval" : "86400000",
    "mapred.map.tasks" : "40",
    "mapred.child.java.opts" : "-Xmx200m",
    "mapred.output.value.class" : "org.apache.hadoop.io.IntWritable",
    "dfs.https.client.keystore.resource" : "ssl-client.xml",
    "ipc.client.fallback-to-simple-auth-allowed" : "false",
    "mapred.job.queue.name" : "default",
    "mapred.job.tracker.retiredjobs.cache.size" : "1000",
    "dfs.https.address" : "0.0.0.0:50470",
    "dfs.balance.bandwidthPerSec" : "1048576",
    "ipc.server.listen.queue.size" : "128",
    "dfs.namenode.invalidate.work.pct.per.iteration" : "0.32f",
    "mapred.inmem.merge.threshold" : "1100",
    "job.end.retry.interval" : "30000",
    "mapred.skip.attempts.to.start.skipping" : "2",
    "mapreduce.tasktracker.outofband.heartbeat.damper" : "1000000",
    "hadoop.security.use-weak-http-crypto" : "false",
    "fs.checkpoint.dir" : "${hadoop.tmp.dir}/dfs/namesecondary",
    "dfs.namenode.avoid.read.stale.datanode" : "false",
    "mapred.reduce.tasks" : "5",
    "mapred.merge.recordsBeforeProgress" : "10000",
    "mapred.userlog.limit.kb" : "0",
    "mapred.job.reduce.memory.mb" : "-1",
    "webinterface.private.actions" : "false",
    "dfs.max.objects" : "0",
    "hadoop.security.token.service.use_ip" : "true",
    "io.sort.spill.percent" : "0.5",
    "mapred.job.shuffle.input.buffer.percent" : "0.5",
    "mapred.map.tasks.speculative.execution" : "true",
    "hadoop.http.authentication.type" : "simple",
    "mapred.job.name" : "word count",
    "hadoop.util.hash.type" : "murmur",
    "dfs.datanode.dns.nameserver" : "default",
    "hadoop.security.instrumentation.requires.admin" : "false",
    "dfs.blockreport.intervalMsec" : "3600000",
    "dfs.datanode.readahead.bytes" : "4193404",
    "mapred.map.max.attempts" : "4",
    "mapreduce.job.acl-view-job" : " ",
    "mapreduce.ifile.readahead" : "true",
    "mapred.jobtracker.nodegroup.aware" : "false",
    "mapred.job.tracker.handler.count" : "10",
    "dfs.client.block.write.retries" : "3",
    "mapreduce.reduce.shuffle.read.timeout" : "180000",
    "mapred.tasktracker.expiry.interval" : "600000",
    "dfs.secondary.namenode.kerberos.internal.spnego.principal" : "${dfs.web.authentication.kerberos.principal}",
    "dfs.https.enable" : "false",
    "mapred.jobtracker.job.history.block.size" : "3145728",
    "mapred.jobtracker.maxtasks.per.job" : "-1",
    "keep.failed.task.files" : "false",
    "dfs.datanode.use.datanode.hostname" : "false",
    "dfs.datanode.failed.volumes.tolerated" : "0",
    "ipc.client.tcpnodelay" : "false",
    "mapred.task.profile.reduces" : "0-2",
    "io.map.index.skip" : "0",
    "mapred.output.compression.codec" : "org.apache.hadoop.io.compress.DefaultCodec",
    "hadoop.http.authentication.token.validity" : "36000",
    "ipc.server.tcpnodelay" : "false",
    "hadoop.jetty.logs.serve.aliases" : "true",
    "mapred.working.dir" : "hdfs://Master2:9000/user/itri-hadoop",
    "mapred.jobtracker.blacklist.fault-bucket-width" : "15",
    "dfs.namenode.delegation.key.update-interval" : "86400000",
    "mapred.used.genericoptionsparser" : "true",
    "mapred.job.map.memory.mb" : "-1",
    "mapred.mapper.new-api" : "true",
    "dfs.default.chunk.view.size" : "32768",
    "hadoop.logfile.size" : "10000000",
    "mapred.reduce.tasks.speculative.execution" : "true",
    "mapreduce.tasktracker.outofband.heartbeat" : "false",
    "mapreduce.job.dir" : "hdfs://Master2:9000/tmp/hadoop-itri-hadoop/mapred/staging/itri-hadoop/.staging/job_201407031554_1614",
    "mapreduce.reduce.input.limit" : "-1",
    "dfs.datanode.du.reserved" : "0",
    "dfs.datanode.sync.behind.writes" : "false",
    "hadoop.security.authentication" : "simple",
    "fs.checkpoint.period" : "3600",
    "mapred.job.reuse.jvm.num.tasks" : "12",
    "dfs.web.ugi" : "webuser,webgroup",
    "mapred.jobtracker.completeuserjobs.maximum" : "100",
    "dfs.df.interval" : "60000",
    "mapred.task.tracker.task-controller" : "org.apache.hadoop.mapred.DefaultTaskController",
    "dfs.data.dir" : "${hadoop.tmp.dir}/dfs/data",
    "fs.s3.maxRetries" : "4",
    "dfs.datanode.dns.interface" : "default",
    "mapred.cluster.max.map.memory.mb" : "-1",
    "mapreduce.reduce.shuffle.maxfetchfailures" : "10",
    "mapred.map.child.java.opts" : "-Xmx700M",
    "mapreduce.job.acl-modify-job" : " ",
    "fs.hftp.impl" : "org.apache.hadoop.hdfs.HftpFileSystem",
    "mapred.local.dir" : "${hadoop.tmp.dir}/mapred/local",
    "dfs.permissions.supergroup" : "supergroup",
    "fs.s3.sleepTimeSeconds" : "10",
    "fs.trash.interval" : "0",
    "mapred.submit.replication" : "10",
    "dfs.replication.min" : "1",
    "fs.har.impl" : "org.apache.hadoop.fs.HarFileSystem",
    "hadoop.relaxed.worker.version.check" : "false",
    "mapred.map.output.compression.codec" : "org.apache.hadoop.io.compress.DefaultCodec",
    "mapred.tasktracker.dns.interface" : "default",
    "dfs.http.address" : "0.0.0.0:50070",
    "dfs.namenode.decommission.interval" : "30",
    "mapred.job.tracker" : "Master2:9001",
    "dfs.heartbeat.interval" : "3",
    "hadoop.http.authentication.signature.secret.file" : "${user.home}/hadoop-http-auth-signature-secret",
    "io.seqfile.sorter.recordlimit" : "1000000",
    "mapreduce.job.submithost" : "Master2",
    "dfs.name.dir" : "${hadoop.tmp.dir}/dfs/name",
    "mapred.jobtracker.taskScheduler" : "org.apache.hadoop.mapred.JobQueueTaskScheduler",
    "mapred.line.input.format.linespermap" : "1",
    "dfs.datanode.http.address" : "0.0.0.0:50075",
    "fs.webhdfs.impl" : "org.apache.hadoop.hdfs.web.WebHdfsFileSystem",
    "mapred.local.dir.minspacekill" : "0",
    "dfs.image.transfer.bandwidthPerSec" : "0",
    "dfs.replication.interval" : "3",
    "io.sort.record.percent" : "0.06",
    "hadoop.http.authentication.kerberos.principal" : "HTTP/localhost@LOCALHOST",
    "mapreduce.reduce.class" : "org.apache.hadoop.examples.WordCount$IntSumReducer",
    "fs.kfs.impl" : "org.apache.hadoop.fs.kfs.KosmosFileSystem",
    "mapred.tasktracker.reduce.tasks.maximum" : "3",
    "mapred.temp.dir" : "${hadoop.tmp.dir}/mapred/temp",
    "dfs.replication" : "3",
    "fs.checkpoint.edits.dir" : "${fs.checkpoint.dir}",
    "mapreduce.jobhistory.max-age-ms" : "2592000000",
    "mapred.tasktracker.tasks.sleeptime-before-sigkill" : "5000",
    "mapred.job.reduce.input.buffer.percent" : "0.8",
    "mapred.tasktracker.indexcache.mb" : "10",
    "dfs.webhdfs.enabled" : "false",
    "mapreduce.job.split.metainfo.maxsize" : "10000000",
    "hadoop.logfile.count" : "10",
    "mapred.skip.reduce.auto.incr.proc.count" : "true",
    "mapreduce.job.submithostaddress" : "192.168.1.104",
    "io.seqfile.compress.blocksize" : "1000000",
    "fs.s3.block.size" : "67108864",
    "mapred.tasktracker.taskmemorymanager.monitoring-interval" : "5000",
    "hadoop.http.authentication.simple.anonymous.allowed" : "true",
    "mapreduce.jobtracker.staging.root.dir" : "${hadoop.tmp.dir}/mapred/staging",
    "mapred.acls.enabled" : "false",
    "mapred.queue.default.state" : "RUNNING",
    "mapred.queue.names" : "default",
    "fs.hsftp.impl" : "org.apache.hadoop.hdfs.HsftpFileSystem",
    "dfs.access.time.precision" : "3600000",
    "mapred.task.tracker.http.address" : "0.0.0.0:50060",
    "mapreduce.combine.class" : "org.apache.hadoop.examples.WordCount$IntSumReducer",
    "io.seqfile.lazydecompress" : "true",
    "mapred.reduce.parallel.copies" : "5",
    "mapred.disk.healthChecker.interval" : "60000",
    "mapred.output.dir" : "/word-out",
    "ipc.client.connection.maxidletime" : "10000",
    "io.sort.mb" : "200",
    "mapred.reduce.child.java.opts" : "-Xmx500M",
    "mapred.task.tracker.report.address" : "127.0.0.1:0",
    "hadoop.security.uid.cache.secs" : "14400",
    "mapred.compress.map.output" : "false",
    "ipc.client.kill.max" : "10",
    "mapred.healthChecker.interval" : "60000",
    "ipc.client.connect.max.retries" : "10",
    "mapreduce.map.class" : "org.apache.hadoop.examples.WordCount$TokenizerMapper",
    "fs.s3.impl" : "org.apache.hadoop.fs.s3.S3FileSystem",
    "mapred.user.jobconf.limit" : "5242880",
    "mapreduce.job.counters.group.name.max" : "128",
    "mapred.job.tracker.http.address" : "0.0.0.0:50030",
    "mapred.input.dir" : "hdfs://Master2:9000/word-in5G",
    "io.file.buffer.size" : "4096",
    "mapred.jobtracker.restart.recover" : "false",
    "io.serializations" : "org.apache.hadoop.io.serializer.WritableSerialization",
    "mapred.task.profile" : "false",
    "dfs.datanode.handler.count" : "3",
    "mapreduce.input.num.files" : "20",
    "mapreduce.jobhistory.cleaner.interval-ms" : "86400000",
    "dfs.replication.considerLoad" : "true",
    "jobclient.output.filter" : "FAILED",
    "dfs.namenode.edits.toleration.length" : "0",
    "hadoop.http.authentication.kerberos.keytab" : "${user.home}/hadoop.keytab",
    "dfs.namenode.delegation.token.max-lifetime" : "604800000",
    "mapred.tasktracker.map.tasks.maximum" : "2",
    "fs.checkpoint.size" : "67108864",
    "io.compression.codecs" : "org.apache.hadoop.io.compress.DefaultCodec,org.apache.hadoop.io.compress.GzipCodec,org.apache.hadoop.io.compress.BZip2Codec,org.apache.hadoop.io.compress.SnappyCodec",
    "mapreduce.job.counters.counter.name.max" : "64"
  },
  "computonsPerMapInputByte" : -1,
  "computonsPerMapOutputByte" : -1,
  "computonsPerReduceInputByte" : -1,
  "computonsPerReduceOutputByte" : -1,
  "heapMegabytes" : 200,
  "outcome" : "SUCCESS",
  "jobtype" : "JAVA",
  "directDependantJobs" : [ ],
  "successfulMapAttemptCDFs" : [ {
    "minimum" : 4757,
    "maximum" : 20955,
    "rankings" : [ {
      "datum" : 4796,
      "relativeRanking" : 0.05
    }, {
      "datum" : 4854,
      "relativeRanking" : 0.1
    }, {
      "datum" : 5069,
      "relativeRanking" : 0.15
    }, {
      "datum" : 5145,
      "relativeRanking" : 0.2
    }, {
      "datum" : 5174,
      "relativeRanking" : 0.25
    }, {
      "datum" : 5264,
      "relativeRanking" : 0.3
    }, {
      "datum" : 5285,
      "relativeRanking" : 0.35
    }, {
      "datum" : 5287,
      "relativeRanking" : 0.4
    }, {
      "datum" : 5335,
      "relativeRanking" : 0.45
    }, {
      "datum" : 5767,
      "relativeRanking" : 0.5
    }, {
      "datum" : 16374,
      "relativeRanking" : 0.55
    }, {
      "datum" : 16609,
      "relativeRanking" : 0.6
    }, {
      "datum" : 17005,
      "relativeRanking" : 0.65
    }, {
      "datum" : 17165,
      "relativeRanking" : 0.7
    }, {
      "datum" : 17887,
      "relativeRanking" : 0.75
    }, {
      "datum" : 18934,
      "relativeRanking" : 0.8
    }, {
      "datum" : 19089,
      "relativeRanking" : 0.85
    }, {
      "datum" : 19611,
      "relativeRanking" : 0.9
    }, {
      "datum" : 20326,
      "relativeRanking" : 0.95
    } ],
    "numberValues" : 40
  }, {
    "minimum" : -9223372036854775808,
    "maximum" : 9223372036854775807,
    "rankings" : [ ],
    "numberValues" : 0
  }, {
    "minimum" : -9223372036854775808,
    "maximum" : 9223372036854775807,
    "rankings" : [ ],
    "numberValues" : 0
  }, {
    "minimum" : -9223372036854775808,
    "maximum" : 9223372036854775807,
    "rankings" : [ ],
    "numberValues" : 0
  } ],
  "failedMapAttemptCDFs" : [ {
    "minimum" : -9223372036854775808,
    "maximum" : 9223372036854775807,
    "rankings" : [ ],
    "numberValues" : 0
  }, {
    "minimum" : -9223372036854775808,
    "maximum" : 9223372036854775807,
    "rankings" : [ ],
    "numberValues" : 0
  }, {
    "minimum" : -9223372036854775808,
    "maximum" : 9223372036854775807,
    "rankings" : [ ],
    "numberValues" : 0
  }, {
    "minimum" : -9223372036854775808,
    "maximum" : 9223372036854775807,
    "rankings" : [ ],
    "numberValues" : 0
  } ],
  "successfulReduceAttemptCDF" : {
    "minimum" : 46138,
    "maximum" : 50158,
    "rankings" : [ {
      "datum" : 46138,
      "relativeRanking" : 0.05
    }, {
      "datum" : 46138,
      "relativeRanking" : 0.1
    }, {
      "datum" : 46138,
      "relativeRanking" : 0.15
    }, {
      "datum" : 46138,
      "relativeRanking" : 0.2
    }, {
      "datum" : 46138,
      "relativeRanking" : 0.25
    }, {
      "datum" : 46138,
      "relativeRanking" : 0.3
    }, {
      "datum" : 46138,
      "relativeRanking" : 0.35
    }, {
      "datum" : 46977,
      "relativeRanking" : 0.4
    }, {
      "datum" : 46977,
      "relativeRanking" : 0.45
    }, {
      "datum" : 46977,
      "relativeRanking" : 0.5
    }, {
      "datum" : 46977,
      "relativeRanking" : 0.55
    }, {
      "datum" : 47163,
      "relativeRanking" : 0.6
    }, {
      "datum" : 47163,
      "relativeRanking" : 0.65
    }, {
      "datum" : 47163,
      "relativeRanking" : 0.7
    }, {
      "datum" : 47163,
      "relativeRanking" : 0.75
    }, {
      "datum" : 50094,
      "relativeRanking" : 0.8
    }, {
      "datum" : 50094,
      "relativeRanking" : 0.85
    }, {
      "datum" : 50094,
      "relativeRanking" : 0.9
    }, {
      "datum" : 50094,
      "relativeRanking" : 0.95
    } ],
    "numberValues" : 5
  },
  "failedReduceAttemptCDF" : {
    "minimum" : -9223372036854775808,
    "maximum" : 9223372036854775807,
    "rankings" : [ ],
    "numberValues" : 0
  },
  "mapperTriesToSucceed" : [ 1.0 ],
  "failedMapperFraction" : 0.0,
  "relativeTime" : 0,
  "clusterMapMB" : -1,
  "clusterReduceMB" : -1,
  "jobMapMB" : 200,
  "jobReduceMB" : 200
}