{
  "priority" : "NORMAL",
  "jobID" : "job_201407031554_1790",
  "user" : "itri-hadoop",
  "jobName" : "word count",
  "mapTasks" : [ {
    "startTime" : 1404990017544,
    "attempts" : [ {
      "location" : {
        "layers" : [ "default-rack", "Master2" ]
      },
      "hostName" : "/default-rack/Master2",
      "result" : "SUCCESS",
      "startTime" : 1404990017545,
      "finishTime" : 1404990051829,
      "attemptID" : "attempt_201407031554_1790_m_000001_0",
      "shuffleFinished" : -1,
      "sortFinished" : -1,
      "hdfsBytesRead" : 256638682,
      "hdfsBytesWritten" : -1,
      "fileBytesRead" : 42611343,
      "fileBytesWritten" : 56451468,
      "mapInputRecords" : 6253,
      "mapOutputBytes" : 354730889,
      "mapOutputRecords" : 23583859,
      "combineInputRecords" : 24359458,
      "reduceInputGroups" : -1,
      "reduceInputRecords" : -1,
      "reduceShuffleBytes" : -1,
      "reduceOutputRecords" : -1,
      "spilledRecords" : 2022638,
      "mapInputBytes" : -1,
      "resourceUsageMetrics" : {
        "cumulativeCpuUsage" : 46860,
        "virtualMemoryUsage" : 396382208,
        "physicalMemoryUsage" : 193843200,
        "heapUsage" : 176947200
      }
    } ],
    "finishTime" : 1404990051855,
    "preferredLocations" : [ {
      "layers" : [ "default-rack", "Master2" ]
    }, {
      "layers" : [ "default-rack", "Slave23" ]
    }, {
      "layers" : [ "default-rack", "Slave22" ]
    } ],
    "taskType" : "MAP",
    "taskStatus" : "SUCCESS",
    "taskID" : "task_201407031554_1790_m_000001",
    "inputBytes" : 256638682,
    "inputRecords" : 6253,
    "outputBytes" : 56451468,
    "outputRecords" : 23583859
  }, {
    "startTime" : 1404990017544,
    "attempts" : [ {
      "location" : {
        "layers" : [ "default-rack", "Master2" ]
      },
      "hostName" : "/default-rack/Master2",
      "result" : "SUCCESS",
      "startTime" : 1404990017545,
      "finishTime" : 1404990052042,
      "attemptID" : "attempt_201407031554_1790_m_000004_0",
      "shuffleFinished" : -1,
      "sortFinished" : -1,
      "hdfsBytesRead" : 256636878,
      "hdfsBytesWritten" : -1,
      "fileBytesRead" : 45930528,
      "fileBytesWritten" : 60971851,
      "mapInputRecords" : 6290,
      "mapOutputBytes" : 354192159,
      "mapOutputRecords" : 23476253,
      "combineInputRecords" : 24251590,
      "reduceInputGroups" : -1,
      "reduceInputRecords" : -1,
      "reduceShuffleBytes" : -1,
      "reduceOutputRecords" : -1,
      "spilledRecords" : 2021152,
      "mapInputBytes" : -1,
      "resourceUsageMetrics" : {
        "cumulativeCpuUsage" : 47300,
        "virtualMemoryUsage" : 395481088,
        "physicalMemoryUsage" : 166895616,
        "heapUsage" : 117440512
      }
    } ],
    "finishTime" : 1404990052156,
    "preferredLocations" : [ {
      "layers" : [ "default-rack", "Master2" ]
    }, {
      "layers" : [ "default-rack", "Slave22" ]
    }, {
      "layers" : [ "default-rack", "Slave21" ]
    } ],
    "taskType" : "MAP",
    "taskStatus" : "SUCCESS",
    "taskID" : "task_201407031554_1790_m_000004",
    "inputBytes" : 256636878,
    "inputRecords" : 6290,
    "outputBytes" : 60971851,
    "outputRecords" : 23476253
  }, {
    "startTime" : 1404990017569,
    "attempts" : [ {
      "location" : {
        "layers" : [ "default-rack", "Slave22" ]
      },
      "hostName" : "/default-rack/Slave22",
      "result" : "SUCCESS",
      "startTime" : 1404990003711,
      "finishTime" : 1404990037244,
      "attemptID" : "attempt_201407031554_1790_m_000000_0",
      "shuffleFinished" : -1,
      "sortFinished" : -1,
      "hdfsBytesRead" : 256639622,
      "hdfsBytesWritten" : -1,
      "fileBytesRead" : 44967604,
      "fileBytesWritten" : 59774422,
      "mapInputRecords" : 6182,
      "mapOutputBytes" : 353773529,
      "mapOutputRecords" : 23476900,
      "combineInputRecords" : 24252355,
      "reduceInputGroups" : -1,
      "reduceInputRecords" : -1,
      "reduceShuffleBytes" : -1,
      "reduceOutputRecords" : -1,
      "spilledRecords" : 2021765,
      "mapInputBytes" : -1,
      "resourceUsageMetrics" : {
        "cumulativeCpuUsage" : 45740,
        "virtualMemoryUsage" : 397197312,
        "physicalMemoryUsage" : 193499136,
        "heapUsage" : 176947200
      }
    } ],
    "finishTime" : 1404990051457,
    "preferredLocations" : [ {
      "layers" : [ "default-rack", "Slave21" ]
    }, {
      "layers" : [ "default-rack", "Slave22" ]
    }, {
      "layers" : [ "default-rack", "Slave23" ]
    } ],
    "taskType" : "MAP",
    "taskStatus" : "SUCCESS",
    "taskID" : "task_201407031554_1790_m_000000",
    "inputBytes" : 256639622,
    "inputRecords" : 6182,
    "outputBytes" : 59774422,
    "outputRecords" : 23476900
  }, {
    "startTime" : 1404990017569,
    "attempts" : [ {
      "location" : {
        "layers" : [ "default-rack", "Slave22" ]
      },
      "hostName" : "/default-rack/Slave22",
      "result" : "SUCCESS",
      "startTime" : 1404990003711,
      "finishTime" : 1404990035523,
      "attemptID" : "attempt_201407031554_1790_m_000002_0",
      "shuffleFinished" : -1,
      "sortFinished" : -1,
      "hdfsBytesRead" : 256637343,
      "hdfsBytesWritten" : -1,
      "fileBytesRead" : 39161796,
      "fileBytesWritten" : 51530415,
      "mapInputRecords" : 112705,
      "mapOutputBytes" : 354630886,
      "mapOutputRecords" : 23585648,
      "combineInputRecords" : 24360928,
      "reduceInputGroups" : -1,
      "reduceInputRecords" : -1,
      "reduceShuffleBytes" : -1,
      "reduceOutputRecords" : -1,
      "spilledRecords" : 2021232,
      "mapInputBytes" : -1,
      "resourceUsageMetrics" : {
        "cumulativeCpuUsage" : 40510,
        "virtualMemoryUsage" : 399081472,
        "physicalMemoryUsage" : 227155968,
        "heapUsage" : 207093760
      }
    } ],
    "finishTime" : 1404990049489,
    "preferredLocations" : [ {
      "layers" : [ "default-rack", "Slave21" ]
    }, {
      "layers" : [ "default-rack", "Slave22" ]
    }, {
      "layers" : [ "default-rack", "Slave23" ]
    } ],
    "taskType" : "MAP",
    "taskStatus" : "SUCCESS",
    "taskID" : "task_201407031554_1790_m_000002",
    "inputBytes" : 256637343,
    "inputRecords" : 112705,
    "outputBytes" : 51530415,
    "outputRecords" : 23585648
  }, {
    "startTime" : 1404990017617,
    "attempts" : [ {
      "location" : {
        "layers" : [ "default-rack", "Slave23" ]
      },
      "hostName" : "/default-rack/Slave23",
      "result" : "SUCCESS",
      "startTime" : 1404990020645,
      "finishTime" : 1404990053445,
      "attemptID" : "attempt_201407031554_1790_m_000003_0",
      "shuffleFinished" : -1,
      "sortFinished" : -1,
      "hdfsBytesRead" : 256637172,
      "hdfsBytesWritten" : -1,
      "fileBytesRead" : 46289830,
      "fileBytesWritten" : 61585780,
      "mapInputRecords" : 6226,
      "mapOutputBytes" : 354420571,
      "mapOutputRecords" : 23479791,
      "combineInputRecords" : 24254799,
      "reduceInputGroups" : -1,
      "reduceInputRecords" : -1,
      "reduceShuffleBytes" : -1,
      "reduceOutputRecords" : -1,
      "spilledRecords" : 2020615,
      "mapInputBytes" : -1,
      "resourceUsageMetrics" : {
        "cumulativeCpuUsage" : 44950,
        "virtualMemoryUsage" : 398626816,
        "physicalMemoryUsage" : 194805760,
        "heapUsage" : 176947200
      }
    } ],
    "finishTime" : 1404990050783,
    "preferredLocations" : [ {
      "layers" : [ "default-rack", "Slave21" ]
    }, {
      "layers" : [ "default-rack", "Slave23" ]
    }, {
      "layers" : [ "default-rack", "Slave22" ]
    } ],
    "taskType" : "MAP",
    "taskStatus" : "SUCCESS",
    "taskID" : "task_201407031554_1790_m_000003",
    "inputBytes" : 256637172,
    "inputRecords" : 6226,
    "outputBytes" : 61585780,
    "outputRecords" : 23479791
  }, {
    "startTime" : 1404990017617,
    "attempts" : [ {
      "location" : {
        "layers" : [ "default-rack", "Slave23" ]
      },
      "hostName" : "/default-rack/Slave23",
      "result" : "SUCCESS",
      "startTime" : 1404990020645,
      "finishTime" : 1404990052566,
      "attemptID" : "attempt_201407031554_1790_m_000006_0",
      "shuffleFinished" : -1,
      "sortFinished" : -1,
      "hdfsBytesRead" : 256635312,
      "hdfsBytesWritten" : -1,
      "fileBytesRead" : 41948414,
      "fileBytesWritten" : 55160156,
      "mapInputRecords" : 6141,
      "mapOutputBytes" : 355269135,
      "mapOutputRecords" : 23586242,
      "combineInputRecords" : 24361138,
      "reduceInputGroups" : -1,
      "reduceInputRecords" : -1,
      "reduceShuffleBytes" : -1,
      "reduceOutputRecords" : -1,
      "spilledRecords" : 2020136,
      "mapInputBytes" : -1,
      "resourceUsageMetrics" : {
        "cumulativeCpuUsage" : 41240,
        "virtualMemoryUsage" : 398860288,
        "physicalMemoryUsage" : 200785920,
        "heapUsage" : 151257088
      }
    } ],
    "finishTime" : 1404990049878,
    "preferredLocations" : [ {
      "layers" : [ "default-rack", "Master2" ]
    }, {
      "layers" : [ "default-rack", "Slave21" ]
    }, {
      "layers" : [ "default-rack", "Slave23" ]
    } ],
    "taskType" : "MAP",
    "taskStatus" : "SUCCESS",
    "taskID" : "task_201407031554_1790_m_000006",
    "inputBytes" : 256635312,
    "inputRecords" : 6141,
    "outputBytes" : 55160156,
    "outputRecords" : 23586242
  }, {
    "startTime" : 1404990017802,
    "attempts" : [ {
      "location" : {
        "layers" : [ "default-rack", "Slave21" ]
      },
      "hostName" : "/default-rack/Slave21",
      "result" : "SUCCESS",
      "startTime" : 1404990009339,
      "finishTime" : 1404990041741,
      "attemptID" : "attempt_201407031554_1790_m_000005_0",
      "shuffleFinished" : -1,
      "sortFinished" : -1,
      "hdfsBytesRead" : 256636045,
      "hdfsBytesWritten" : -1,
      "fileBytesRead" : 38851830,
      "fileBytesWritten" : 51229038,
      "mapInputRecords" : 6102,
      "mapOutputBytes" : 355054010,
      "mapOutputRecords" : 23585548,
      "combineInputRecords" : 24360628,
      "reduceInputGroups" : -1,
      "reduceInputRecords" : -1,
      "reduceShuffleBytes" : -1,
      "reduceOutputRecords" : -1,
      "spilledRecords" : 2020875,
      "mapInputBytes" : -1,
      "resourceUsageMetrics" : {
        "cumulativeCpuUsage" : 41580,
        "virtualMemoryUsage" : 395526144,
        "physicalMemoryUsage" : 199065600,
        "heapUsage" : 150994944
      }
    } ],
    "finishTime" : 1404990050334,
    "preferredLocations" : [ {
      "layers" : [ "default-rack", "Master2" ]
    }, {
      "layers" : [ "default-rack", "Slave21" ]
    }, {
      "layers" : [ "default-rack", "Slave22" ]
    } ],
    "taskType" : "MAP",
    "taskStatus" : "SUCCESS",
    "taskID" : "task_201407031554_1790_m_000005",
    "inputBytes" : 256636045,
    "inputRecords" : 6102,
    "outputBytes" : 51229038,
    "outputRecords" : 23585548
  }, {
    "startTime" : 1404990017802,
    "attempts" : [ {
      "location" : {
        "layers" : [ "default-rack", "Slave21" ]
      },
      "hostName" : "/default-rack/Slave21",
      "result" : "SUCCESS",
      "startTime" : 1404990009339,
      "finishTime" : 1404990041664,
      "attemptID" : "attempt_201407031554_1790_m_000007_0",
      "shuffleFinished" : -1,
      "sortFinished" : -1,
      "hdfsBytesRead" : 256634726,
      "hdfsBytesWritten" : -1,
      "fileBytesRead" : 45432678,
      "fileBytesWritten" : 60341799,
      "mapInputRecords" : 6182,
      "mapOutputBytes" : 353986489,
      "mapOutputRecords" : 23478739,
      "combineInputRecords" : 24253350,
      "reduceInputGroups" : -1,
      "reduceInputRecords" : -1,
      "reduceShuffleBytes" : -1,
      "reduceOutputRecords" : -1,
      "spilledRecords" : 2020059,
      "mapInputBytes" : -1,
      "resourceUsageMetrics" : {
        "cumulativeCpuUsage" : 41630,
        "virtualMemoryUsage" : 397062144,
        "physicalMemoryUsage" : 224989184,
        "heapUsage" : 207093760
      }
    } ],
    "finishTime" : 1404990050334,
    "preferredLocations" : [ {
      "layers" : [ "default-rack", "Master2" ]
    }, {
      "layers" : [ "default-rack", "Slave22" ]
    }, {
      "layers" : [ "default-rack", "Slave21" ]
    } ],
    "taskType" : "MAP",
    "taskStatus" : "SUCCESS",
    "taskID" : "task_201407031554_1790_m_000007",
    "inputBytes" : 256634726,
    "inputRecords" : 6182,
    "outputBytes" : 60341799,
    "outputRecords" : 23478739
  }, {
    "startTime" : 1404990049489,
    "attempts" : [ {
      "location" : {
        "layers" : [ "default-rack", "Slave22" ]
      },
      "hostName" : "/default-rack/Slave22",
      "result" : "SUCCESS",
      "startTime" : 1404990035534,
      "finishTime" : 1404990064372,
      "attemptID" : "attempt_201407031554_1790_m_000009_0",
      "shuffleFinished" : -1,
      "sortFinished" : -1,
      "hdfsBytesRead" : 256634154,
      "hdfsBytesWritten" : -1,
      "fileBytesRead" : 45924418,
      "fileBytesWritten" : 60968045,
      "mapInputRecords" : 6191,
      "mapOutputBytes" : 354193051,
      "mapOutputRecords" : 23477544,
      "combineInputRecords" : 24252637,
      "reduceInputGroups" : -1,
      "reduceInputRecords" : -1,
      "reduceShuffleBytes" : -1,
      "reduceOutputRecords" : -1,
      "spilledRecords" : 2021239,
      "mapInputBytes" : -1,
      "resourceUsageMetrics" : {
        "cumulativeCpuUsage" : 35040,
        "virtualMemoryUsage" : 400076800,
        "physicalMemoryUsage" : 230834176,
        "heapUsage" : 206831616
      }
    } ],
    "finishTime" : 1404990078522,
    "preferredLocations" : [ {
      "layers" : [ "default-rack", "Master2" ]
    }, {
      "layers" : [ "default-rack", "Slave23" ]
    }, {
      "layers" : [ "default-rack", "Slave22" ]
    } ],
    "taskType" : "MAP",
    "taskStatus" : "SUCCESS",
    "taskID" : "task_201407031554_1790_m_000009",
    "inputBytes" : 256634154,
    "inputRecords" : 6191,
    "outputBytes" : 60968045,
    "outputRecords" : 23477544
  }, {
    "startTime" : 1404990049878,
    "attempts" : [ {
      "location" : {
        "layers" : [ "default-rack", "Slave23" ]
      },
      "hostName" : "/default-rack/Slave23",
      "result" : "SUCCESS",
      "startTime" : 1404990052802,
      "finishTime" : 1404990082442,
      "attemptID" : "attempt_201407031554_1790_m_000008_0",
      "shuffleFinished" : -1,
      "sortFinished" : -1,
      "hdfsBytesRead" : 256634543,
      "hdfsBytesWritten" : -1,
      "fileBytesRead" : 39478640,
      "fileBytesWritten" : 51883537,
      "mapInputRecords" : 112606,
      "mapOutputBytes" : 355468766,
      "mapOutputRecords" : 23689644,
      "combineInputRecords" : 24466185,
      "reduceInputGroups" : -1,
      "reduceInputRecords" : -1,
      "reduceShuffleBytes" : -1,
      "reduceOutputRecords" : -1,
      "spilledRecords" : 2023600,
      "mapInputBytes" : -1,
      "resourceUsageMetrics" : {
        "cumulativeCpuUsage" : 36680,
        "virtualMemoryUsage" : 399855616,
        "physicalMemoryUsage" : 225390592,
        "heapUsage" : 207093760
      }
    } ],
    "finishTime" : 1404990079747,
    "preferredLocations" : [ {
      "layers" : [ "default-rack", "Master2" ]
    }, {
      "layers" : [ "default-rack", "Slave23" ]
    }, {
      "layers" : [ "default-rack", "Slave21" ]
    } ],
    "taskType" : "MAP",
    "taskStatus" : "SUCCESS",
    "taskID" : "task_201407031554_1790_m_000008",
    "inputBytes" : 256634543,
    "inputRecords" : 112606,
    "outputBytes" : 51883537,
    "outputRecords" : 23689644
  }, {
    "startTime" : 1404990050335,
    "attempts" : [ {
      "location" : {
        "layers" : [ "default-rack", "Slave21" ]
      },
      "hostName" : "/default-rack/Slave21",
      "result" : "SUCCESS",
      "startTime" : 1404990041792,
      "finishTime" : 1404990069541,
      "attemptID" : "attempt_201407031554_1790_m_000011_0",
      "shuffleFinished" : -1,
      "sortFinished" : -1,
      "hdfsBytesRead" : 256633784,
      "hdfsBytesWritten" : -1,
      "fileBytesRead" : 45386722,
      "fileBytesWritten" : 60331816,
      "mapInputRecords" : 6188,
      "mapOutputBytes" : 353988963,
      "mapOutputRecords" : 23479827,
      "combineInputRecords" : 24254462,
      "reduceInputGroups" : -1,
      "reduceInputRecords" : -1,
      "reduceShuffleBytes" : -1,
      "reduceOutputRecords" : -1,
      "spilledRecords" : 2019606,
      "mapInputBytes" : -1,
      "resourceUsageMetrics" : {
        "cumulativeCpuUsage" : 33960,
        "virtualMemoryUsage" : 401764352,
        "physicalMemoryUsage" : 228302848,
        "heapUsage" : 207093760
      }
    } ],
    "finishTime" : 1404990078311,
    "preferredLocations" : [ {
      "layers" : [ "default-rack", "Slave23" ]
    }, {
      "layers" : [ "default-rack", "Slave21" ]
    }, {
      "layers" : [ "default-rack", "Slave22" ]
    } ],
    "taskType" : "MAP",
    "taskStatus" : "SUCCESS",
    "taskID" : "task_201407031554_1790_m_000011",
    "inputBytes" : 256633784,
    "inputRecords" : 6188,
    "outputBytes" : 60331816,
    "outputRecords" : 23479827
  }, {
    "startTime" : 1404990050335,
    "attempts" : [ {
      "location" : {
        "layers" : [ "default-rack", "Slave21" ]
      },
      "hostName" : "/default-rack/Slave21",
      "result" : "SUCCESS",
      "startTime" : 1404990041792,
      "finishTime" : 1404990069788,
      "attemptID" : "attempt_201407031554_1790_m_000012_0",
      "shuffleFinished" : -1,
      "sortFinished" : -1,
      "hdfsBytesRead" : 256633764,
      "hdfsBytesWritten" : -1,
      "fileBytesRead" : 46283691,
      "fileBytesWritten" : 61569713,
      "mapInputRecords" : 6241,
      "mapOutputBytes" : 354409593,
      "mapOutputRecords" : 23478457,
      "combineInputRecords" : 24253247,
      "reduceInputGroups" : -1,
      "reduceInputRecords" : -1,
      "reduceShuffleBytes" : -1,
      "reduceOutputRecords" : -1,
      "spilledRecords" : 2020155,
      "mapInputBytes" : -1,
      "resourceUsageMetrics" : {
        "cumulativeCpuUsage" : 34260,
        "virtualMemoryUsage" : 398057472,
        "physicalMemoryUsage" : 205938688,
        "heapUsage" : 156762112
      }
    } ],
    "finishTime" : 1404990078613,
    "preferredLocations" : [ {
      "layers" : [ "default-rack", "Slave23" ]
    }, {
      "layers" : [ "default-rack", "Slave21" ]
    }, {
      "layers" : [ "default-rack", "Slave22" ]
    } ],
    "taskType" : "MAP",
    "taskStatus" : "SUCCESS",
    "taskID" : "task_201407031554_1790_m_000012",
    "inputBytes" : 256633764,
    "inputRecords" : 6241,
    "outputBytes" : 61569713,
    "outputRecords" : 23478457
  }, {
    "startTime" : 1404990050783,
    "attempts" : [ {
      "location" : {
        "layers" : [ "default-rack", "Slave23" ]
      },
      "hostName" : "/default-rack/Slave23",
      "result" : "SUCCESS",
      "startTime" : 1404990053706,
      "finishTime" : 1404990083355,
      "attemptID" : "attempt_201407031554_1790_m_000010_0",
      "shuffleFinished" : -1,
      "sortFinished" : -1,
      "hdfsBytesRead" : 256634003,
      "hdfsBytesWritten" : -1,
      "fileBytesRead" : 47336014,
      "fileBytesWritten" : 63404244,
      "mapInputRecords" : 6226,
      "mapOutputBytes" : 355051836,
      "mapOutputRecords" : 23479830,
      "combineInputRecords" : 24254541,
      "reduceInputGroups" : -1,
      "reduceInputRecords" : -1,
      "reduceShuffleBytes" : -1,
      "reduceOutputRecords" : -1,
      "spilledRecords" : 2019944,
      "mapInputBytes" : -1,
      "resourceUsageMetrics" : {
        "cumulativeCpuUsage" : 39930,
        "virtualMemoryUsage" : 399622144,
        "physicalMemoryUsage" : 197537792,
        "heapUsage" : 176947200
      }
    } ],
    "finishTime" : 1404990080651,
    "preferredLocations" : [ {
      "layers" : [ "default-rack", "Master2" ]
    }, {
      "layers" : [ "default-rack", "Slave22" ]
    }, {
      "layers" : [ "default-rack", "Slave23" ]
    } ],
    "taskType" : "MAP",
    "taskStatus" : "SUCCESS",
    "taskID" : "task_201407031554_1790_m_000010",
    "inputBytes" : 256634003,
    "inputRecords" : 6226,
    "outputBytes" : 63404244,
    "outputRecords" : 23479830
  }, {
    "startTime" : 1404990051458,
    "attempts" : [ {
      "location" : {
        "layers" : [ "default-rack", "Slave22" ]
      },
      "hostName" : "/default-rack/Slave22",
      "result" : "SUCCESS",
      "startTime" : 1404990037503,
      "finishTime" : 1404990067222,
      "attemptID" : "attempt_201407031554_1790_m_000013_0",
      "shuffleFinished" : -1,
      "sortFinished" : -1,
      "hdfsBytesRead" : 256633614,
      "hdfsBytesWritten" : -1,
      "fileBytesRead" : 37467679,
      "fileBytesWritten" : 48220136,
      "mapInputRecords" : 6167,
      "mapOutputBytes" : 353975597,
      "mapOutputRecords" : 23583073,
      "combineInputRecords" : 24357114,
      "reduceInputGroups" : -1,
      "reduceInputRecords" : -1,
      "reduceShuffleBytes" : -1,
      "reduceOutputRecords" : -1,
      "spilledRecords" : 1999793,
      "mapInputBytes" : -1,
      "resourceUsageMetrics" : {
        "cumulativeCpuUsage" : 39590,
        "virtualMemoryUsage" : 398192640,
        "physicalMemoryUsage" : 181010432,
        "heapUsage" : 131858432
      }
    } ],
    "finishTime" : 1404990081228,
    "preferredLocations" : [ {
      "layers" : [ "default-rack", "Master2" ]
    }, {
      "layers" : [ "default-rack", "Slave22" ]
    }, {
      "layers" : [ "default-rack", "Slave23" ]
    } ],
    "taskType" : "MAP",
    "taskStatus" : "SUCCESS",
    "taskID" : "task_201407031554_1790_m_000013",
    "inputBytes" : 256633614,
    "inputRecords" : 6167,
    "outputBytes" : 48220136,
    "outputRecords" : 23583073
  }, {
    "startTime" : 1404990051855,
    "attempts" : [ {
      "location" : {
        "layers" : [ "default-rack", "Master2" ]
      },
      "hostName" : "/default-rack/Master2",
      "result" : "SUCCESS",
      "startTime" : 1404990051856,
      "finishTime" : 1404990081720,
      "attemptID" : "attempt_201407031554_1790_m_000014_0",
      "shuffleFinished" : -1,
      "sortFinished" : -1,
      "hdfsBytesRead" : 256633202,
      "hdfsBytesWritten" : -1,
      "fileBytesRead" : 46222273,
      "fileBytesWritten" : 61536496,
      "mapInputRecords" : 6178,
      "mapOutputBytes" : 354416921,
      "mapOutputRecords" : 23480302,
      "combineInputRecords" : 24254868,
      "reduceInputGroups" : -1,
      "reduceInputRecords" : -1,
      "reduceShuffleBytes" : -1,
      "reduceOutputRecords" : -1,
      "spilledRecords" : 2019406,
      "mapInputBytes" : -1,
      "resourceUsageMetrics" : {
        "cumulativeCpuUsage" : 39870,
        "virtualMemoryUsage" : 397377536,
        "physicalMemoryUsage" : 181964800,
        "heapUsage" : 131334144
      }
    } ],
    "finishTime" : 1404990081903,
    "preferredLocations" : [ {
      "layers" : [ "default-rack", "Master2" ]
    }, {
      "layers" : [ "default-rack", "Slave22" ]
    }, {
      "layers" : [ "default-rack", "Slave21" ]
    } ],
    "taskType" : "MAP",
    "taskStatus" : "SUCCESS",
    "taskID" : "task_201407031554_1790_m_000014",
    "inputBytes" : 256633202,
    "inputRecords" : 6178,
    "outputBytes" : 61536496,
    "outputRecords" : 23480302
  }, {
    "startTime" : 1404990052156,
    "attempts" : [ {
      "location" : {
        "layers" : [ "default-rack", "Master2" ]
      },
      "hostName" : "/default-rack/Master2",
      "result" : "SUCCESS",
      "startTime" : 1404990052157,
      "finishTime" : 1404990082463,
      "attemptID" : "attempt_201407031554_1790_m_000015_0",
      "shuffleFinished" : -1,
      "sortFinished" : -1,
      "hdfsBytesRead" : 256631528,
      "hdfsBytesWritten" : -1,
      "fileBytesRead" : 46811136,
      "fileBytesWritten" : 62472019,
      "mapInputRecords" : 6104,
      "mapOutputBytes" : 354725052,
      "mapOutputRecords" : 23478630,
      "combineInputRecords" : 24253443,
      "reduceInputGroups" : -1,
      "reduceInputRecords" : -1,
      "reduceShuffleBytes" : -1,
      "reduceOutputRecords" : -1,
      "spilledRecords" : 2020230,
      "mapInputBytes" : -1,
      "resourceUsageMetrics" : {
        "cumulativeCpuUsage" : 38970,
        "virtualMemoryUsage" : 396615680,
        "physicalMemoryUsage" : 202694656,
        "heapUsage" : 186646528
      }
    } ],
    "finishTime" : 1404990082505,
    "preferredLocations" : [ {
      "layers" : [ "default-rack", "Master2" ]
    }, {
      "layers" : [ "default-rack", "Slave23" ]
    }, {
      "layers" : [ "default-rack", "Slave21" ]
    } ],
    "taskType" : "MAP",
    "taskStatus" : "SUCCESS",
    "taskID" : "task_201407031554_1790_m_000015",
    "inputBytes" : 256631528,
    "inputRecords" : 6104,
    "outputBytes" : 62472019,
    "outputRecords" : 23478630
  }, {
    "startTime" : 1404990078311,
    "attempts" : [ {
      "location" : {
        "layers" : [ "default-rack", "Slave21" ]
      },
      "hostName" : "/default-rack/Slave21",
      "result" : "SUCCESS",
      "startTime" : 1404990069768,
      "finishTime" : 1404990097665,
      "attemptID" : "attempt_201407031554_1790_m_000016_0",
      "shuffleFinished" : -1,
      "sortFinished" : -1,
      "hdfsBytesRead" : 256631525,
      "hdfsBytesWritten" : -1,
      "fileBytesRead" : 40061462,
      "fileBytesWritten" : 52449846,
      "mapInputRecords" : 218982,
      "mapOutputBytes" : 354415816,
      "mapOutputRecords" : 23693606,
      "combineInputRecords" : 24469642,
      "reduceInputGroups" : -1,
      "reduceInputRecords" : -1,
      "reduceShuffleBytes" : -1,
      "reduceOutputRecords" : -1,
      "spilledRecords" : 2022209,
      "mapInputBytes" : -1,
      "resourceUsageMetrics" : {
        "cumulativeCpuUsage" : 35030,
        "virtualMemoryUsage" : 401928192,
        "physicalMemoryUsage" : 208412672,
        "heapUsage" : 156499968
      }
    }, {
      "location" : null,
      "hostName" : null,
      "result" : "KILLED",
      "startTime" : 1404990083574,
      "finishTime" : 1404990111340,
      "attemptID" : "attempt_201407031554_1790_m_000016_1",
      "shuffleFinished" : -1,
      "sortFinished" : -1,
      "hdfsBytesRead" : -1,
      "hdfsBytesWritten" : -1,
      "fileBytesRead" : -1,
      "fileBytesWritten" : -1,
      "mapInputRecords" : -1,
      "mapOutputBytes" : -1,
      "mapOutputRecords" : -1,
      "combineInputRecords" : -1,
      "reduceInputGroups" : -1,
      "reduceInputRecords" : -1,
      "reduceShuffleBytes" : -1,
      "reduceOutputRecords" : -1,
      "spilledRecords" : -1,
      "mapInputBytes" : -1,
      "resourceUsageMetrics" : {
        "cumulativeCpuUsage" : 0,
        "virtualMemoryUsage" : 0,
        "physicalMemoryUsage" : 0,
        "heapUsage" : 0
      }
    } ],
    "finishTime" : 1404990106273,
    "preferredLocations" : [ {
      "layers" : [ "default-rack", "Master2" ]
    }, {
      "layers" : [ "default-rack", "Slave21" ]
    }, {
      "layers" : [ "default-rack", "Slave23" ]
    } ],
    "taskType" : "MAP",
    "taskStatus" : "SUCCESS",
    "taskID" : "task_201407031554_1790_m_000016",
    "inputBytes" : 256631525,
    "inputRecords" : 218982,
    "outputBytes" : 52449846,
    "outputRecords" : 23693606
  }, {
    "startTime" : 1404990078522,
    "attempts" : [ {
      "location" : {
        "layers" : [ "default-rack", "Master2" ]
      },
      "hostName" : "/default-rack/Master2",
      "result" : "SUCCESS",
      "startTime" : 1404990081904,
      "finishTime" : 1404990106167,
      "attemptID" : "attempt_201407031554_1790_m_000019_1",
      "shuffleFinished" : -1,
      "sortFinished" : -1,
      "hdfsBytesRead" : 256630142,
      "hdfsBytesWritten" : -1,
      "fileBytesRead" : 45446505,
      "fileBytesWritten" : 60292700,
      "mapInputRecords" : 6216,
      "mapOutputBytes" : 353987119,
      "mapOutputRecords" : 23480401,
      "combineInputRecords" : 24254552,
      "reduceInputGroups" : -1,
      "reduceInputRecords" : -1,
      "reduceShuffleBytes" : -1,
      "reduceOutputRecords" : -1,
      "spilledRecords" : 2018403,
      "mapInputBytes" : -1,
      "resourceUsageMetrics" : {
        "cumulativeCpuUsage" : 32830,
        "virtualMemoryUsage" : 397377536,
        "physicalMemoryUsage" : 188223488,
        "heapUsage" : 142868480
      }
    }, {
      "location" : null,
      "hostName" : null,
      "result" : "KILLED",
      "startTime" : 1404990064566,
      "finishTime" : 1404990093314,
      "attemptID" : "attempt_201407031554_1790_m_000019_0",
      "shuffleFinished" : -1,
      "sortFinished" : -1,
      "hdfsBytesRead" : -1,
      "hdfsBytesWritten" : -1,
      "fileBytesRead" : -1,
      "fileBytesWritten" : -1,
      "mapInputRecords" : -1,
      "mapOutputBytes" : -1,
      "mapOutputRecords" : -1,
      "combineInputRecords" : -1,
      "reduceInputGroups" : -1,
      "reduceInputRecords" : -1,
      "reduceShuffleBytes" : -1,
      "reduceOutputRecords" : -1,
      "spilledRecords" : -1,
      "mapInputBytes" : -1,
      "resourceUsageMetrics" : {
        "cumulativeCpuUsage" : 0,
        "virtualMemoryUsage" : 0,
        "physicalMemoryUsage" : 0,
        "heapUsage" : 0
      }
    } ],
    "finishTime" : 1404990106273,
    "preferredLocations" : [ {
      "layers" : [ "default-rack", "Master2" ]
    }, {
      "layers" : [ "default-rack", "Slave22" ]
    }, {
      "layers" : [ "default-rack", "Slave21" ]
    } ],
    "taskType" : "MAP",
    "taskStatus" : "SUCCESS",
    "taskID" : "task_201407031554_1790_m_000019",
    "inputBytes" : 256630142,
    "inputRecords" : 6216,
    "outputBytes" : 60292700,
    "outputRecords" : 23480401
  }, {
    "startTime" : 1404990078613,
    "attempts" : [ {
      "location" : {
        "layers" : [ "default-rack", "Slave21" ]
      },
      "hostName" : "/default-rack/Slave21",
      "result" : "SUCCESS",
      "startTime" : 1404990070071,
      "finishTime" : 1404990097585,
      "attemptID" : "attempt_201407031554_1790_m_000017_0",
      "shuffleFinished" : -1,
      "sortFinished" : -1,
      "hdfsBytesRead" : 256630450,
      "hdfsBytesWritten" : -1,
      "fileBytesRead" : 40307240,
      "fileBytesWritten" : 52726432,
      "mapInputRecords" : 6098,
      "mapOutputBytes" : 354720700,
      "mapOutputRecords" : 23584488,
      "combineInputRecords" : 24359322,
      "reduceInputGroups" : -1,
      "reduceInputRecords" : -1,
      "reduceShuffleBytes" : -1,
      "reduceOutputRecords" : -1,
      "spilledRecords" : 2020355,
      "mapInputBytes" : -1,
      "resourceUsageMetrics" : {
        "cumulativeCpuUsage" : 34110,
        "virtualMemoryUsage" : 398057472,
        "physicalMemoryUsage" : 205934592,
        "heapUsage" : 156762112
      }
    }, {
      "location" : null,
      "hostName" : null,
      "result" : "KILLED",
      "startTime" : 1404990067273,
      "finishTime" : 1404990098639,
      "attemptID" : "attempt_201407031554_1790_m_000017_1",
      "shuffleFinished" : -1,
      "sortFinished" : -1,
      "hdfsBytesRead" : -1,
      "hdfsBytesWritten" : -1,
      "fileBytesRead" : -1,
      "fileBytesWritten" : -1,
      "mapInputRecords" : -1,
      "mapOutputBytes" : -1,
      "mapOutputRecords" : -1,
      "combineInputRecords" : -1,
      "reduceInputGroups" : -1,
      "reduceInputRecords" : -1,
      "reduceShuffleBytes" : -1,
      "reduceOutputRecords" : -1,
      "spilledRecords" : -1,
      "mapInputBytes" : -1,
      "resourceUsageMetrics" : {
        "cumulativeCpuUsage" : 0,
        "virtualMemoryUsage" : 0,
        "physicalMemoryUsage" : 0,
        "heapUsage" : 0
      }
    } ],
    "finishTime" : 1404990106273,
    "preferredLocations" : [ {
      "layers" : [ "default-rack", "Master2" ]
    }, {
      "layers" : [ "default-rack", "Slave23" ]
    }, {
      "layers" : [ "default-rack", "Slave21" ]
    } ],
    "taskType" : "MAP",
    "taskStatus" : "SUCCESS",
    "taskID" : "task_201407031554_1790_m_000017",
    "inputBytes" : 256630450,
    "inputRecords" : 6098,
    "outputBytes" : 52726432,
    "outputRecords" : 23584488
  }, {
    "startTime" : 1404990079748,
    "attempts" : [ {
      "location" : {
        "layers" : [ "default-rack", "Slave23" ]
      },
      "hostName" : "/default-rack/Slave23",
      "result" : "SUCCESS",
      "startTime" : 1404990082671,
      "finishTime" : 1404990111340,
      "attemptID" : "attempt_201407031554_1790_m_000018_0",
      "shuffleFinished" : -1,
      "sortFinished" : -1,
      "hdfsBytesRead" : 256630412,
      "hdfsBytesWritten" : -1,
      "fileBytesRead" : 38864702,
      "fileBytesWritten" : 51181946,
      "mapInputRecords" : 6203,
      "mapOutputBytes" : 354723409,
      "mapOutputRecords" : 23584253,
      "combineInputRecords" : 24358641,
      "reduceInputGroups" : -1,
      "reduceInputRecords" : -1,
      "reduceShuffleBytes" : -1,
      "reduceOutputRecords" : -1,
      "spilledRecords" : 2018949,
      "mapInputBytes" : -1,
      "resourceUsageMetrics" : {
        "cumulativeCpuUsage" : 35110,
        "virtualMemoryUsage" : 399855616,
        "physicalMemoryUsage" : 214695936,
        "heapUsage" : 162267136
      }
    } ],
    "finishTime" : 1404990108619,
    "preferredLocations" : [ {
      "layers" : [ "default-rack", "Master2" ]
    }, {
      "layers" : [ "default-rack", "Slave23" ]
    }, {
      "layers" : [ "default-rack", "Slave21" ]
    } ],
    "taskType" : "MAP",
    "taskStatus" : "SUCCESS",
    "taskID" : "task_201407031554_1790_m_000018",
    "inputBytes" : 256630412,
    "inputRecords" : 6203,
    "outputBytes" : 51181946,
    "outputRecords" : 23584253
  } ],
  "finishTime" : 1404990116959,
  "reduceTasks" : [ {
    "startTime" : 1404990049878,
    "attempts" : [ {
      "location" : {
        "layers" : [ "default-rack", "Slave23" ]
      },
      "hostName" : "/default-rack/Slave23",
      "result" : "SUCCESS",
      "startTime" : 1404990052802,
      "finishTime" : 1404990118038,
      "attemptID" : "attempt_201407031554_1790_r_000000_0",
      "shuffleFinished" : 1404990114661,
      "sortFinished" : 1404990114873,
      "hdfsBytesRead" : -1,
      "hdfsBytesWritten" : 21414538,
      "fileBytesRead" : -1,
      "fileBytesWritten" : 58928,
      "mapInputRecords" : -1,
      "mapOutputBytes" : -1,
      "mapOutputRecords" : -1,
      "combineInputRecords" : 0,
      "reduceInputGroups" : 671313,
      "reduceInputRecords" : 1230848,
      "reduceShuffleBytes" : 37508697,
      "reduceOutputRecords" : 671313,
      "spilledRecords" : 0,
      "mapInputBytes" : -1,
      "resourceUsageMetrics" : {
        "cumulativeCpuUsage" : 3440,
        "virtualMemoryUsage" : 945721344,
        "physicalMemoryUsage" : 130494464,
        "heapUsage" : 109838336
      }
    } ],
    "finishTime" : 1404990115252,
    "preferredLocations" : [ ],
    "taskType" : "REDUCE",
    "taskStatus" : "SUCCESS",
    "taskID" : "task_201407031554_1790_r_000000",
    "inputBytes" : 37508697,
    "inputRecords" : 1230848,
    "outputBytes" : 21414538,
    "outputRecords" : 671313
  }, {
    "startTime" : 1404990050032,
    "attempts" : [ {
      "location" : {
        "layers" : [ "default-rack", "Slave21" ]
      },
      "hostName" : "/default-rack/Slave21",
      "result" : "SUCCESS",
      "startTime" : 1404990041489,
      "finishTime" : 1404990106563,
      "attemptID" : "attempt_201407031554_1790_r_000001_0",
      "shuffleFinished" : 1404990103270,
      "sortFinished" : 1404990103435,
      "hdfsBytesRead" : -1,
      "hdfsBytesWritten" : 21509949,
      "fileBytesRead" : -1,
      "fileBytesWritten" : 58928,
      "mapInputRecords" : -1,
      "mapOutputBytes" : -1,
      "mapOutputRecords" : -1,
      "combineInputRecords" : 0,
      "reduceInputGroups" : 673158,
      "reduceInputRecords" : 1231004,
      "reduceShuffleBytes" : 37597251,
      "reduceOutputRecords" : 673158,
      "spilledRecords" : 0,
      "mapInputBytes" : -1,
      "resourceUsageMetrics" : {
        "cumulativeCpuUsage" : 3460,
        "virtualMemoryUsage" : 946794496,
        "physicalMemoryUsage" : 123224064,
        "heapUsage" : 111673344
      }
    } ],
    "finishTime" : 1404990115318,
    "preferredLocations" : [ ],
    "taskType" : "REDUCE",
    "taskStatus" : "SUCCESS",
    "taskID" : "task_201407031554_1790_r_000001",
    "inputBytes" : 37597251,
    "inputRecords" : 1231004,
    "outputBytes" : 21509949,
    "outputRecords" : 673158
  }, {
    "startTime" : 1404990050040,
    "attempts" : [ {
      "location" : {
        "layers" : [ "default-rack", "Master2" ]
      },
      "hostName" : "/default-rack/Master2",
      "result" : "SUCCESS",
      "startTime" : 1404990050041,
      "finishTime" : 1404990114832,
      "attemptID" : "attempt_201407031554_1790_r_000002_0",
      "shuffleFinished" : 1404990111975,
      "sortFinished" : 1404990112158,
      "hdfsBytesRead" : -1,
      "hdfsBytesWritten" : 21454273,
      "fileBytesRead" : -1,
      "fileBytesWritten" : 58928,
      "mapInputRecords" : -1,
      "mapOutputBytes" : -1,
      "mapOutputRecords" : -1,
      "combineInputRecords" : 0,
      "reduceInputGroups" : 672354,
      "reduceInputRecords" : 1231250,
      "reduceShuffleBytes" : 37589557,
      "reduceOutputRecords" : 672354,
      "spilledRecords" : 0,
      "mapInputBytes" : -1,
      "resourceUsageMetrics" : {
        "cumulativeCpuUsage" : 3720,
        "virtualMemoryUsage" : 945123328,
        "physicalMemoryUsage" : 134836224,
        "heapUsage" : 112984064
      }
    } ],
    "finishTime" : 1404990115061,
    "preferredLocations" : [ ],
    "taskType" : "REDUCE",
    "taskStatus" : "SUCCESS",
    "taskID" : "task_201407031554_1790_r_000002",
    "inputBytes" : 37589557,
    "inputRecords" : 1231250,
    "outputBytes" : 21454273,
    "outputRecords" : 672354
  }, {
    "startTime" : 1404990050091,
    "attempts" : [ {
      "location" : {
        "layers" : [ "default-rack", "Slave22" ]
      },
      "hostName" : "/default-rack/Slave22",
      "result" : "SUCCESS",
      "startTime" : 1404990036137,
      "finishTime" : 1404990101817,
      "attemptID" : "attempt_201407031554_1790_r_000003_0",
      "shuffleFinished" : 1404990098134,
      "sortFinished" : 1404990098332,
      "hdfsBytesRead" : -1,
      "hdfsBytesWritten" : 21522617,
      "fileBytesRead" : -1,
      "fileBytesWritten" : 58928,
      "mapInputRecords" : -1,
      "mapOutputBytes" : -1,
      "mapOutputRecords" : -1,
      "combineInputRecords" : 0,
      "reduceInputGroups" : 673281,
      "reduceInputRecords" : 1224889,
      "reduceShuffleBytes" : 37417926,
      "reduceOutputRecords" : 673281,
      "spilledRecords" : 0,
      "mapInputBytes" : -1,
      "resourceUsageMetrics" : {
        "cumulativeCpuUsage" : 3700,
        "virtualMemoryUsage" : 946032640,
        "physicalMemoryUsage" : 166383616,
        "heapUsage" : 162004992
      }
    } ],
    "finishTime" : 1404990116052,
    "preferredLocations" : [ ],
    "taskType" : "REDUCE",
    "taskStatus" : "SUCCESS",
    "taskID" : "task_201407031554_1790_r_000003",
    "inputBytes" : 37417926,
    "inputRecords" : 1224889,
    "outputBytes" : 21522617,
    "outputRecords" : 673281
  }, {
    "startTime" : 1404990050180,
    "attempts" : [ {
      "location" : {
        "layers" : [ "default-rack", "Slave23" ]
      },
      "hostName" : "/default-rack/Slave23",
      "result" : "SUCCESS",
      "startTime" : 1404990053103,
      "finishTime" : 1404990118747,
      "attemptID" : "attempt_201407031554_1790_r_000004_0",
      "shuffleFinished" : 1404990115973,
      "sortFinished" : 1404990116185,
      "hdfsBytesRead" : -1,
      "hdfsBytesWritten" : 21516082,
      "fileBytesRead" : -1,
      "fileBytesWritten" : 58928,
      "mapInputRecords" : -1,
      "mapOutputBytes" : -1,
      "mapOutputRecords" : -1,
      "combineInputRecords" : 0,
      "reduceInputGroups" : 672290,
      "reduceInputRecords" : 1226255,
      "reduceShuffleBytes" : 37501323,
      "reduceOutputRecords" : 672290,
      "spilledRecords" : 0,
      "mapInputBytes" : -1,
      "resourceUsageMetrics" : {
        "cumulativeCpuUsage" : 3620,
        "virtualMemoryUsage" : 945668096,
        "physicalMemoryUsage" : 131481600,
        "heapUsage" : 99090432
      }
    } ],
    "finishTime" : 1404990115857,
    "preferredLocations" : [ ],
    "taskType" : "REDUCE",
    "taskStatus" : "SUCCESS",
    "taskID" : "task_201407031554_1790_r_000004",
    "inputBytes" : 37501323,
    "inputRecords" : 1226255,
    "outputBytes" : 21516082,
    "outputRecords" : 672290
  }, {
    "startTime" : 1404990050335,
    "attempts" : [ {
      "location" : {
        "layers" : [ "default-rack", "Slave21" ]
      },
      "hostName" : "/default-rack/Slave21",
      "result" : "SUCCESS",
      "startTime" : 1404990041792,
      "finishTime" : 1404990106871,
      "attemptID" : "attempt_201407031554_1790_r_000005_0",
      "shuffleFinished" : 1404990103681,
      "sortFinished" : 1404990103829,
      "hdfsBytesRead" : -1,
      "hdfsBytesWritten" : 21484164,
      "fileBytesRead" : -1,
      "fileBytesWritten" : 58928,
      "mapInputRecords" : -1,
      "mapOutputBytes" : -1,
      "mapOutputRecords" : -1,
      "combineInputRecords" : 0,
      "reduceInputGroups" : 671927,
      "reduceInputRecords" : 1227115,
      "reduceShuffleBytes" : 37461455,
      "reduceOutputRecords" : 671927,
      "spilledRecords" : 0,
      "mapInputBytes" : -1,
      "resourceUsageMetrics" : {
        "cumulativeCpuUsage" : 3540,
        "virtualMemoryUsage" : 947073024,
        "physicalMemoryUsage" : 154038272,
        "heapUsage" : 121634816
      }
    } ],
    "finishTime" : 1404990115621,
    "preferredLocations" : [ ],
    "taskType" : "REDUCE",
    "taskStatus" : "SUCCESS",
    "taskID" : "task_201407031554_1790_r_000005",
    "inputBytes" : 37461455,
    "inputRecords" : 1227115,
    "outputBytes" : 21484164,
    "outputRecords" : 671927
  }, {
    "startTime" : 1404990050341,
    "attempts" : [ {
      "location" : {
        "layers" : [ "default-rack", "Master2" ]
      },
      "hostName" : "/default-rack/Master2",
      "result" : "SUCCESS",
      "startTime" : 1404990050342,
      "finishTime" : 1404990115941,
      "attemptID" : "attempt_201407031554_1790_r_000006_0",
      "shuffleFinished" : 1404990112481,
      "sortFinished" : 1404990112649,
      "hdfsBytesRead" : -1,
      "hdfsBytesWritten" : 21494319,
      "fileBytesRead" : -1,
      "fileBytesWritten" : 58928,
      "mapInputRecords" : -1,
      "mapOutputBytes" : -1,
      "mapOutputRecords" : -1,
      "combineInputRecords" : 0,
      "reduceInputGroups" : 672151,
      "reduceInputRecords" : 1227453,
      "reduceShuffleBytes" : 37461237,
      "reduceOutputRecords" : 672151,
      "spilledRecords" : 0,
      "mapInputBytes" : -1,
      "resourceUsageMetrics" : {
        "cumulativeCpuUsage" : 4100,
        "virtualMemoryUsage" : 943927296,
        "physicalMemoryUsage" : 144760832,
        "heapUsage" : 103809024
      }
    } ],
    "finishTime" : 1404990115975,
    "preferredLocations" : [ ],
    "taskType" : "REDUCE",
    "taskStatus" : "SUCCESS",
    "taskID" : "task_201407031554_1790_r_000006",
    "inputBytes" : 37461237,
    "inputRecords" : 1227453,
    "outputBytes" : 21494319,
    "outputRecords" : 672151
  }, {
    "startTime" : 1404990050393,
    "attempts" : [ {
      "location" : {
        "layers" : [ "default-rack", "Slave22" ]
      },
      "hostName" : "/default-rack/Slave22",
      "result" : "SUCCESS",
      "startTime" : 1404990036438,
      "finishTime" : 1404990101156,
      "attemptID" : "attempt_201407031554_1790_r_000007_0",
      "shuffleFinished" : 1404990098366,
      "sortFinished" : 1404990098537,
      "hdfsBytesRead" : -1,
      "hdfsBytesWritten" : 21419187,
      "fileBytesRead" : -1,
      "fileBytesWritten" : 58928,
      "mapInputRecords" : -1,
      "mapOutputBytes" : -1,
      "mapOutputRecords" : -1,
      "combineInputRecords" : 0,
      "reduceInputGroups" : 670906,
      "reduceInputRecords" : 1228464,
      "reduceShuffleBytes" : 37459093,
      "reduceOutputRecords" : 670906,
      "spilledRecords" : 0,
      "mapInputBytes" : -1,
      "resourceUsageMetrics" : {
        "cumulativeCpuUsage" : 3530,
        "virtualMemoryUsage" : 944570368,
        "physicalMemoryUsage" : 160948224,
        "heapUsage" : 96993280
      }
    } ],
    "finishTime" : 1404990115145,
    "preferredLocations" : [ ],
    "taskType" : "REDUCE",
    "taskStatus" : "SUCCESS",
    "taskID" : "task_201407031554_1790_r_000007",
    "inputBytes" : 37459093,
    "inputRecords" : 1228464,
    "outputBytes" : 21419187,
    "outputRecords" : 670906
  } ],
  "submitTime" : 1404990016540,
  "queue" : "default",
  "jobProperties" : {
    "fs.s3n.impl" : "org.apache.hadoop.fs.s3native.NativeS3FileSystem",
    "mapred.task.cache.levels" : "2",
    "mapreduce.job.restart.recover" : "true",
    "mapreduce.job.counters.max" : "120",
    "dfs.client.use.datanode.hostname" : "false",
    "hadoop.tmp.dir" : "/tmp/hadoop-${user.name}",
    "hadoop.native.lib" : "true",
    "map.sort.class" : "org.apache.hadoop.util.QuickSort",
    "dfs.namenode.decommission.nodes.per.interval" : "5",
    "dfs.https.need.client.auth" : "false",
    "dfs.datanode.drop.cache.behind.writes" : "false",
    "ipc.client.idlethreshold" : "4000",
    "mapred.system.dir" : "${hadoop.tmp.dir}/mapred/system",
    "dfs.datanode.data.dir.perm" : "755",
    "mapred.job.tracker.persist.jobstatus.hours" : "0",
    "dfs.namenode.logging.level" : "info",
    "dfs.datanode.address" : "0.0.0.0:50010",
    "io.skip.checksum.errors" : "false",
    "dfs.block.access.token.enable" : "false",
    "fs.default.name" : "hdfs://Master2:9000",
    "mapred.cluster.reduce.memory.mb" : "-1",
    "mapred.reducer.new-api" : "true",
    "mapred.child.tmp" : "./tmp",
    "fs.har.impl.disable.cache" : "true",
    "dfs.safemode.threshold.pct" : "0.999f",
    "mapred.skip.reduce.max.skip.groups" : "0",
    "mapred.heartbeats.in.second" : "100",
    "dfs.namenode.handler.count" : "10",
    "dfs.blockreport.initialDelay" : "0",
    "mapred.tasktracker.dns.nameserver" : "default",
    "io.sort.factor" : "10",
    "dfs.datanode.drop.cache.behind.reads" : "false",
    "mapred.task.timeout" : "600000",
    "mapred.max.tracker.failures" : "4",
    "hadoop.rpc.socket.factory.class.default" : "org.apache.hadoop.net.StandardSocketFactory",
    "mapred.job.tracker.jobhistory.lru.cache.size" : "5",
    "fs.hdfs.impl" : "org.apache.hadoop.hdfs.DistributedFileSystem",
    "mapred.queue.default.acl-administer-jobs" : "*",
    "dfs.namenode.stale.datanode.interval" : "30000",
    "mapred.output.key.class" : "org.apache.hadoop.io.Text",
    "dfs.block.access.key.update.interval" : "600",
    "mapred.skip.map.auto.incr.proc.count" : "true",
    "mapreduce.job.complete.cancel.delegation.tokens" : "true",
    "io.mapfile.bloom.size" : "1048576",
    "mapreduce.reduce.shuffle.connect.timeout" : "180000",
    "dfs.safemode.extension" : "30000",
    "mapred.jobtracker.blacklist.fault-timeout-window" : "180",
    "dfs.namenode.write.stale.datanode.ratio" : "0.5f",
    "hadoop.skip.worker.version.check" : "false",
    "tasktracker.http.threads" : "40",
    "net.topology.impl" : "org.apache.hadoop.net.NetworkTopology",
    "mapred.job.shuffle.merge.percent" : "0.4",
    "fs.ftp.impl" : "org.apache.hadoop.fs.ftp.FTPFileSystem",
    "user.name" : "itri-hadoop",
    "dfs.namenode.kerberos.internal.spnego.principal" : "${dfs.web.authentication.kerberos.principal}",
    "mapred.output.compress" : "false",
    "io.bytes.per.checksum" : "512",
    "mapred.combine.recordsBeforeProgress" : "10000",
    "mapred.healthChecker.script.timeout" : "600000",
    "topology.node.switch.mapping.impl" : "org.apache.hadoop.net.ScriptBasedMapping",
    "dfs.https.server.keystore.resource" : "ssl-server.xml",
    "mapred.reduce.slowstart.completed.maps" : "0.07",
    "mapred.reduce.max.attempts" : "4",
    "dfs.namenode.safemode.min.datanodes" : "0",
    "mapreduce.ifile.readahead.bytes" : "4194304",
    "fs.ramfs.impl" : "org.apache.hadoop.fs.InMemoryFileSystem",
    "dfs.block.access.token.lifetime" : "600",
    "mapred.skip.map.max.skip.records" : "0",
    "dfs.name.edits.dir" : "${dfs.name.dir}",
    "mapred.cluster.map.memory.mb" : "-1",
    "hadoop.security.group.mapping" : "org.apache.hadoop.security.ShellBasedUnixGroupsMapping",
    "mapred.job.tracker.persist.jobstatus.dir" : "/jobtracker/jobsInfo",
    "mapred.jar" : "hdfs://Master2:9000/tmp/hadoop-itri-hadoop/mapred/staging/itri-hadoop/.staging/job_201407031554_1790/job.jar",
    "fs.s3.buffer.dir" : "${hadoop.tmp.dir}/s3",
    "dfs.block.size" : "67108864",
    "job.end.retry.attempts" : "0",
    "fs.file.impl" : "org.apache.hadoop.fs.LocalFileSystem",
    "dfs.namenode.avoid.write.stale.datanode" : "false",
    "dfs.datanode.max.xcievers" : "4096",
    "mapred.local.dir.minspacestart" : "0",
    "mapred.output.compression.type" : "RECORD",
    "dfs.datanode.ipc.address" : "0.0.0.0:50020",
    "dfs.permissions" : "true",
    "topology.script.number.args" : "100",
    "mapreduce.job.counters.groups.max" : "50",
    "io.mapfile.bloom.error.rate" : "0.005",
    "mapred.cluster.max.reduce.memory.mb" : "-1",
    "mapred.max.tracker.blacklists" : "4",
    "mapred.task.profile.maps" : "0-2",
    "mapred.jobtracker.jobSchedulable" : "org.apache.hadoop.mapred.JobSchedulable",
    "dfs.datanode.https.address" : "0.0.0.0:50475",
    "mapred.userlog.retain.hours" : "24",
    "dfs.secondary.http.address" : "0.0.0.0:50090",
    "dfs.namenode.replication.work.multiplier.per.iteration" : "2",
    "dfs.replication.max" : "512",
    "mapred.job.tracker.persist.jobstatus.active" : "false",
    "hadoop.security.authorization" : "false",
    "local.cache.size" : "10737418240",
    "mapred.min.split.size" : "268435456",
    "dfs.namenode.delegation.token.renew-interval" : "86400000",
    "mapred.map.tasks" : "20",
    "mapred.child.java.opts" : "-Xmx200m",
    "mapred.output.value.class" : "org.apache.hadoop.io.IntWritable",
    "dfs.https.client.keystore.resource" : "ssl-client.xml",
    "ipc.client.fallback-to-simple-auth-allowed" : "false",
    "mapred.job.queue.name" : "default",
    "mapred.job.tracker.retiredjobs.cache.size" : "1000",
    "dfs.https.address" : "0.0.0.0:50470",
    "dfs.balance.bandwidthPerSec" : "1048576",
    "ipc.server.listen.queue.size" : "128",
    "dfs.namenode.invalidate.work.pct.per.iteration" : "0.32f",
    "mapred.inmem.merge.threshold" : "1100",
    "job.end.retry.interval" : "30000",
    "mapred.skip.attempts.to.start.skipping" : "2",
    "mapreduce.tasktracker.outofband.heartbeat.damper" : "1000000",
    "hadoop.security.use-weak-http-crypto" : "false",
    "fs.checkpoint.dir" : "${hadoop.tmp.dir}/dfs/namesecondary",
    "dfs.namenode.avoid.read.stale.datanode" : "false",
    "mapred.reduce.tasks" : "8",
    "mapred.merge.recordsBeforeProgress" : "10000",
    "mapred.userlog.limit.kb" : "0",
    "mapred.job.reduce.memory.mb" : "-1",
    "webinterface.private.actions" : "false",
    "dfs.max.objects" : "0",
    "hadoop.security.token.service.use_ip" : "true",
    "io.sort.spill.percent" : "0.8",
    "mapred.job.shuffle.input.buffer.percent" : "0.8",
    "mapred.map.tasks.speculative.execution" : "true",
    "hadoop.http.authentication.type" : "simple",
    "mapred.job.name" : "word count",
    "hadoop.util.hash.type" : "murmur",
    "dfs.datanode.dns.nameserver" : "default",
    "hadoop.security.instrumentation.requires.admin" : "false",
    "dfs.blockreport.intervalMsec" : "3600000",
    "dfs.datanode.readahead.bytes" : "4193404",
    "mapred.map.max.attempts" : "4",
    "mapreduce.job.acl-view-job" : " ",
    "mapreduce.ifile.readahead" : "true",
    "mapred.jobtracker.nodegroup.aware" : "false",
    "mapred.job.tracker.handler.count" : "10",
    "dfs.client.block.write.retries" : "3",
    "mapreduce.reduce.shuffle.read.timeout" : "180000",
    "mapred.tasktracker.expiry.interval" : "600000",
    "dfs.secondary.namenode.kerberos.internal.spnego.principal" : "${dfs.web.authentication.kerberos.principal}",
    "dfs.https.enable" : "false",
    "mapred.jobtracker.job.history.block.size" : "3145728",
    "mapred.jobtracker.maxtasks.per.job" : "-1",
    "keep.failed.task.files" : "false",
    "dfs.datanode.use.datanode.hostname" : "false",
    "dfs.datanode.failed.volumes.tolerated" : "0",
    "ipc.client.tcpnodelay" : "false",
    "mapred.task.profile.reduces" : "0-2",
    "io.map.index.skip" : "0",
    "mapred.output.compression.codec" : "org.apache.hadoop.io.compress.DefaultCodec",
    "hadoop.http.authentication.token.validity" : "36000",
    "ipc.server.tcpnodelay" : "false",
    "hadoop.jetty.logs.serve.aliases" : "true",
    "mapred.working.dir" : "hdfs://Master2:9000/user/itri-hadoop",
    "mapred.jobtracker.blacklist.fault-bucket-width" : "15",
    "dfs.namenode.delegation.key.update-interval" : "86400000",
    "mapred.used.genericoptionsparser" : "true",
    "mapred.job.map.memory.mb" : "-1",
    "mapred.mapper.new-api" : "true",
    "dfs.default.chunk.view.size" : "32768",
    "hadoop.logfile.size" : "10000000",
    "mapred.reduce.tasks.speculative.execution" : "true",
    "mapreduce.tasktracker.outofband.heartbeat" : "false",
    "mapreduce.job.dir" : "hdfs://Master2:9000/tmp/hadoop-itri-hadoop/mapred/staging/itri-hadoop/.staging/job_201407031554_1790",
    "mapreduce.reduce.input.limit" : "-1",
    "dfs.datanode.du.reserved" : "0",
    "dfs.datanode.sync.behind.writes" : "false",
    "hadoop.security.authentication" : "simple",
    "fs.checkpoint.period" : "3600",
    "mapred.job.reuse.jvm.num.tasks" : "12",
    "dfs.web.ugi" : "webuser,webgroup",
    "mapred.jobtracker.completeuserjobs.maximum" : "100",
    "dfs.df.interval" : "60000",
    "mapred.task.tracker.task-controller" : "org.apache.hadoop.mapred.DefaultTaskController",
    "dfs.data.dir" : "${hadoop.tmp.dir}/dfs/data",
    "fs.s3.maxRetries" : "4",
    "dfs.datanode.dns.interface" : "default",
    "mapred.cluster.max.map.memory.mb" : "-1",
    "mapreduce.reduce.shuffle.maxfetchfailures" : "10",
    "mapred.map.child.java.opts" : "-Xmx200M",
    "mapreduce.job.acl-modify-job" : " ",
    "fs.hftp.impl" : "org.apache.hadoop.hdfs.HftpFileSystem",
    "mapred.local.dir" : "${hadoop.tmp.dir}/mapred/local",
    "dfs.permissions.supergroup" : "supergroup",
    "fs.s3.sleepTimeSeconds" : "10",
    "fs.trash.interval" : "0",
    "mapred.submit.replication" : "10",
    "dfs.replication.min" : "1",
    "fs.har.impl" : "org.apache.hadoop.fs.HarFileSystem",
    "hadoop.relaxed.worker.version.check" : "false",
    "mapred.map.output.compression.codec" : "org.apache.hadoop.io.compress.DefaultCodec",
    "mapred.tasktracker.dns.interface" : "default",
    "dfs.http.address" : "0.0.0.0:50070",
    "dfs.namenode.decommission.interval" : "30",
    "mapred.job.tracker" : "Master2:9001",
    "dfs.heartbeat.interval" : "3",
    "hadoop.http.authentication.signature.secret.file" : "${user.home}/hadoop-http-auth-signature-secret",
    "io.seqfile.sorter.recordlimit" : "1000000",
    "mapreduce.job.submithost" : "Master2",
    "dfs.name.dir" : "${hadoop.tmp.dir}/dfs/name",
    "mapred.jobtracker.taskScheduler" : "org.apache.hadoop.mapred.JobQueueTaskScheduler",
    "mapred.line.input.format.linespermap" : "1",
    "dfs.datanode.http.address" : "0.0.0.0:50075",
    "fs.webhdfs.impl" : "org.apache.hadoop.hdfs.web.WebHdfsFileSystem",
    "mapred.local.dir.minspacekill" : "0",
    "dfs.image.transfer.bandwidthPerSec" : "0",
    "dfs.replication.interval" : "3",
    "io.sort.record.percent" : "0.06",
    "hadoop.http.authentication.kerberos.principal" : "HTTP/localhost@LOCALHOST",
    "mapreduce.reduce.class" : "org.apache.hadoop.examples.WordCount$IntSumReducer",
    "fs.kfs.impl" : "org.apache.hadoop.fs.kfs.KosmosFileSystem",
    "mapred.tasktracker.reduce.tasks.maximum" : "2",
    "mapred.temp.dir" : "${hadoop.tmp.dir}/mapred/temp",
    "dfs.replication" : "3",
    "fs.checkpoint.edits.dir" : "${fs.checkpoint.dir}",
    "mapreduce.jobhistory.max-age-ms" : "2592000000",
    "mapred.tasktracker.tasks.sleeptime-before-sigkill" : "5000",
    "mapred.job.reduce.input.buffer.percent" : "0.8",
    "mapred.tasktracker.indexcache.mb" : "10",
    "dfs.webhdfs.enabled" : "false",
    "mapreduce.job.split.metainfo.maxsize" : "10000000",
    "hadoop.logfile.count" : "10",
    "mapred.skip.reduce.auto.incr.proc.count" : "true",
    "mapreduce.job.submithostaddress" : "192.168.1.104",
    "io.seqfile.compress.blocksize" : "1000000",
    "fs.s3.block.size" : "67108864",
    "mapred.tasktracker.taskmemorymanager.monitoring-interval" : "5000",
    "hadoop.http.authentication.simple.anonymous.allowed" : "true",
    "mapreduce.jobtracker.staging.root.dir" : "${hadoop.tmp.dir}/mapred/staging",
    "mapred.acls.enabled" : "false",
    "mapred.queue.default.state" : "RUNNING",
    "mapred.queue.names" : "default",
    "fs.hsftp.impl" : "org.apache.hadoop.hdfs.HsftpFileSystem",
    "dfs.access.time.precision" : "3600000",
    "mapred.task.tracker.http.address" : "0.0.0.0:50060",
    "mapreduce.combine.class" : "org.apache.hadoop.examples.WordCount$IntSumReducer",
    "io.seqfile.lazydecompress" : "true",
    "mapred.reduce.parallel.copies" : "5",
    "mapred.disk.healthChecker.interval" : "60000",
    "mapred.output.dir" : "/word-out",
    "ipc.client.connection.maxidletime" : "10000",
    "io.sort.mb" : "100",
    "mapred.reduce.child.java.opts" : "-Xmx700M",
    "mapred.task.tracker.report.address" : "127.0.0.1:0",
    "hadoop.security.uid.cache.secs" : "14400",
    "mapred.compress.map.output" : "false",
    "ipc.client.kill.max" : "10",
    "mapred.healthChecker.interval" : "60000",
    "ipc.client.connect.max.retries" : "10",
    "mapreduce.map.class" : "org.apache.hadoop.examples.WordCount$TokenizerMapper",
    "fs.s3.impl" : "org.apache.hadoop.fs.s3.S3FileSystem",
    "mapred.user.jobconf.limit" : "5242880",
    "mapreduce.job.counters.group.name.max" : "128",
    "mapred.job.tracker.http.address" : "0.0.0.0:50030",
    "mapred.input.dir" : "hdfs://Master2:9000/word-in5G",
    "io.file.buffer.size" : "4096",
    "mapred.jobtracker.restart.recover" : "false",
    "io.serializations" : "org.apache.hadoop.io.serializer.WritableSerialization",
    "mapred.task.profile" : "false",
    "dfs.datanode.handler.count" : "3",
    "mapreduce.input.num.files" : "20",
    "mapreduce.jobhistory.cleaner.interval-ms" : "86400000",
    "dfs.replication.considerLoad" : "true",
    "jobclient.output.filter" : "FAILED",
    "dfs.namenode.edits.toleration.length" : "0",
    "hadoop.http.authentication.kerberos.keytab" : "${user.home}/hadoop.keytab",
    "dfs.namenode.delegation.token.max-lifetime" : "604800000",
    "mapred.tasktracker.map.tasks.maximum" : "1",
    "fs.checkpoint.size" : "67108864",
    "io.compression.codecs" : "org.apache.hadoop.io.compress.DefaultCodec,org.apache.hadoop.io.compress.GzipCodec,org.apache.hadoop.io.compress.BZip2Codec,org.apache.hadoop.io.compress.SnappyCodec",
    "mapreduce.job.counters.counter.name.max" : "64"
  },
  "computonsPerMapInputByte" : -1,
  "computonsPerMapOutputByte" : -1,
  "computonsPerReduceInputByte" : -1,
  "computonsPerReduceOutputByte" : -1,
  "heapMegabytes" : 200,
  "outcome" : "SUCCESS",
  "jobtype" : "JAVA",
  "directDependantJobs" : [ ],
  "successfulMapAttemptCDFs" : [ {
    "minimum" : 24263,
    "maximum" : 34497,
    "rankings" : [ {
      "datum" : 24263,
      "relativeRanking" : 0.05
    }, {
      "datum" : 27514,
      "relativeRanking" : 0.1
    }, {
      "datum" : 27749,
      "relativeRanking" : 0.15
    }, {
      "datum" : 27897,
      "relativeRanking" : 0.2
    }, {
      "datum" : 27996,
      "relativeRanking" : 0.25
    }, {
      "datum" : 28669,
      "relativeRanking" : 0.3
    }, {
      "datum" : 28838,
      "relativeRanking" : 0.35
    }, {
      "datum" : 29640,
      "relativeRanking" : 0.4
    }, {
      "datum" : 29649,
      "relativeRanking" : 0.45
    }, {
      "datum" : 29719,
      "relativeRanking" : 0.5
    }, {
      "datum" : 29864,
      "relativeRanking" : 0.55
    }, {
      "datum" : 30306,
      "relativeRanking" : 0.6
    }, {
      "datum" : 31812,
      "relativeRanking" : 0.65
    }, {
      "datum" : 31921,
      "relativeRanking" : 0.7
    }, {
      "datum" : 32325,
      "relativeRanking" : 0.75
    }, {
      "datum" : 32402,
      "relativeRanking" : 0.8
    }, {
      "datum" : 32800,
      "relativeRanking" : 0.85
    }, {
      "datum" : 33533,
      "relativeRanking" : 0.9
    }, {
      "datum" : 34284,
      "relativeRanking" : 0.95
    } ],
    "numberValues" : 20
  }, {
    "minimum" : -9223372036854775808,
    "maximum" : 9223372036854775807,
    "rankings" : [ ],
    "numberValues" : 0
  }, {
    "minimum" : -9223372036854775808,
    "maximum" : 9223372036854775807,
    "rankings" : [ ],
    "numberValues" : 0
  }, {
    "minimum" : -9223372036854775808,
    "maximum" : 9223372036854775807,
    "rankings" : [ ],
    "numberValues" : 0
  } ],
  "failedMapAttemptCDFs" : [ {
    "minimum" : -9223372036854775808,
    "maximum" : 9223372036854775807,
    "rankings" : [ ],
    "numberValues" : 0
  }, {
    "minimum" : -9223372036854775808,
    "maximum" : 9223372036854775807,
    "rankings" : [ ],
    "numberValues" : 0
  }, {
    "minimum" : -9223372036854775808,
    "maximum" : 9223372036854775807,
    "rankings" : [ ],
    "numberValues" : 0
  }, {
    "minimum" : -9223372036854775808,
    "maximum" : 9223372036854775807,
    "rankings" : [ ],
    "numberValues" : 0
  } ],
  "successfulReduceAttemptCDF" : {
    "minimum" : 64718,
    "maximum" : 65680,
    "rankings" : [ {
      "datum" : 64718,
      "relativeRanking" : 0.05
    }, {
      "datum" : 64718,
      "relativeRanking" : 0.1
    }, {
      "datum" : 64718,
      "relativeRanking" : 0.15
    }, {
      "datum" : 64718,
      "relativeRanking" : 0.2
    }, {
      "datum" : 64791,
      "relativeRanking" : 0.25
    }, {
      "datum" : 64791,
      "relativeRanking" : 0.3
    }, {
      "datum" : 64791,
      "relativeRanking" : 0.35
    }, {
      "datum" : 65074,
      "relativeRanking" : 0.4
    }, {
      "datum" : 65074,
      "relativeRanking" : 0.45
    }, {
      "datum" : 65079,
      "relativeRanking" : 0.5
    }, {
      "datum" : 65079,
      "relativeRanking" : 0.55
    }, {
      "datum" : 65079,
      "relativeRanking" : 0.6
    }, {
      "datum" : 65236,
      "relativeRanking" : 0.65
    }, {
      "datum" : 65236,
      "relativeRanking" : 0.7
    }, {
      "datum" : 65599,
      "relativeRanking" : 0.75
    }, {
      "datum" : 65599,
      "relativeRanking" : 0.8
    }, {
      "datum" : 65599,
      "relativeRanking" : 0.85
    }, {
      "datum" : 65644,
      "relativeRanking" : 0.9
    }, {
      "datum" : 65644,
      "relativeRanking" : 0.95
    } ],
    "numberValues" : 8
  },
  "failedReduceAttemptCDF" : {
    "minimum" : -9223372036854775808,
    "maximum" : 9223372036854775807,
    "rankings" : [ ],
    "numberValues" : 0
  },
  "mapperTriesToSucceed" : [ 0.95, 0.05 ],
  "failedMapperFraction" : 0.0,
  "relativeTime" : 0,
  "clusterMapMB" : -1,
  "clusterReduceMB" : -1,
  "jobMapMB" : 200,
  "jobReduceMB" : 200,
  "launchTime" : 1404990016600,
  "totalMaps" : 20,
  "totalReduces" : 8,
  "otherTasks" : [ {
    "startTime" : 1404990016635,
    "attempts" : [ {
      "location" : {
        "layers" : [ "default-rack", "Master2" ]
      },
      "hostName" : "/default-rack/Master2",
      "result" : "SUCCESS",
      "startTime" : 1404990016708,
      "finishTime" : 1404990017371,
      "attemptID" : "attempt_201407031554_1790_m_000021_0",
      "shuffleFinished" : -1,
      "sortFinished" : -1,
      "hdfsBytesRead" : -1,
      "hdfsBytesWritten" : -1,
      "fileBytesRead" : -1,
      "fileBytesWritten" : 59020,
      "mapInputRecords" : -1,
      "mapOutputBytes" : -1,
      "mapOutputRecords" : -1,
      "combineInputRecords" : -1,
      "reduceInputGroups" : -1,
      "reduceInputRecords" : -1,
      "reduceShuffleBytes" : -1,
      "reduceOutputRecords" : -1,
      "spilledRecords" : 0,
      "mapInputBytes" : -1,
      "resourceUsageMetrics" : {
        "cumulativeCpuUsage" : 50,
        "virtualMemoryUsage" : 394817536,
        "physicalMemoryUsage" : 62771200,
        "heapUsage" : 64487424
      }
    } ],
    "finishTime" : 1404990017542,
    "preferredLocations" : [ ],
    "taskType" : "SETUP",
    "taskStatus" : "SUCCESS",
    "taskID" : "task_201407031554_1790_m_000021",
    "inputBytes" : -1,
    "inputRecords" : -1,
    "outputBytes" : -1,
    "outputRecords" : -1
  }, {
    "startTime" : 1404990116054,
    "attempts" : [ {
      "location" : {
        "layers" : [ "default-rack", "Slave22" ]
      },
      "hostName" : "/default-rack/Slave22",
      "result" : "SUCCESS",
      "startTime" : 1404990102099,
      "finishTime" : 1404990102757,
      "attemptID" : "attempt_201407031554_1790_m_000020_0",
      "shuffleFinished" : -1,
      "sortFinished" : -1,
      "hdfsBytesRead" : -1,
      "hdfsBytesWritten" : -1,
      "fileBytesRead" : -1,
      "fileBytesWritten" : 59020,
      "mapInputRecords" : -1,
      "mapOutputBytes" : -1,
      "mapOutputRecords" : -1,
      "combineInputRecords" : -1,
      "reduceInputGroups" : -1,
      "reduceInputRecords" : -1,
      "reduceShuffleBytes" : -1,
      "reduceOutputRecords" : -1,
      "spilledRecords" : 0,
      "mapInputBytes" : -1,
      "resourceUsageMetrics" : {
        "cumulativeCpuUsage" : 60,
        "virtualMemoryUsage" : 394317824,
        "physicalMemoryUsage" : 62033920,
        "heapUsage" : 64487424
      }
    } ],
    "finishTime" : 1404990116959,
    "preferredLocations" : [ ],
    "taskType" : "CLEANUP",
    "taskStatus" : "SUCCESS",
    "taskID" : "task_201407031554_1790_m_000020",
    "inputBytes" : -1,
    "inputRecords" : -1,
    "outputBytes" : -1,
    "outputRecords" : -1
  } ]
}