{
  "priority" : "NORMAL",
  "jobID" : "job_201407031554_1492",
  "user" : "itri-hadoop",
  "jobName" : "word count",
  "mapTasks" : [ {
    "startTime" : 1404894519455,
    "attempts" : [ {
      "result" : "SUCCESS",
      "location" : {
        "layers" : [ "default-rack", "Slave21" ]
      },
      "hostName" : "/default-rack/Slave21",
      "startTime" : 1404894512037,
      "finishTime" : 1404894527611,
      "attemptID" : "attempt_201407031554_1492_m_000000_0",
      "shuffleFinished" : -1,
      "sortFinished" : -1,
      "hdfsBytesRead" : 134230121,
      "hdfsBytesWritten" : -1,
      "fileBytesRead" : 20482551,
      "fileBytesWritten" : 28546076,
      "mapInputRecords" : 3241,
      "mapOutputBytes" : 185536290,
      "mapOutputRecords" : 12335206,
      "combineInputRecords" : 12740441,
      "reduceInputGroups" : -1,
      "reduceInputRecords" : -1,
      "reduceShuffleBytes" : -1,
      "reduceOutputRecords" : -1,
      "spilledRecords" : 1021061,
      "mapInputBytes" : -1,
      "resourceUsageMetrics" : {
        "cumulativeCpuUsage" : 21080,
        "virtualMemoryUsage" : 1050390528,
        "physicalMemoryUsage" : 331018240,
        "heapUsage" : 352059392
      }
    } ],
    "finishTime" : 1404894535118,
    "preferredLocations" : [ {
      "layers" : [ "default-rack", "Master2" ]
    }, {
      "layers" : [ "default-rack", "Slave21" ]
    }, {
      "layers" : [ "default-rack", "Slave22" ]
    } ],
    "taskType" : "MAP",
    "taskStatus" : "SUCCESS",
    "taskID" : "task_201407031554_1492_m_000000",
    "inputBytes" : 134230121,
    "inputRecords" : 3241,
    "outputBytes" : 28546076,
    "outputRecords" : 12335206
  }, {
    "startTime" : 1404894519456,
    "attempts" : [ {
      "result" : "SUCCESS",
      "location" : {
        "layers" : [ "default-rack", "Slave21" ]
      },
      "hostName" : "/default-rack/Slave21",
      "startTime" : 1404894512037,
      "finishTime" : 1404894527635,
      "attemptID" : "attempt_201407031554_1492_m_000001_0",
      "shuffleFinished" : -1,
      "sortFinished" : -1,
      "hdfsBytesRead" : 134381673,
      "hdfsBytesWritten" : -1,
      "fileBytesRead" : 19202171,
      "fileBytesWritten" : 26655311,
      "mapInputRecords" : 3186,
      "mapOutputBytes" : 185745223,
      "mapOutputRecords" : 12350438,
      "combineInputRecords" : 12754922,
      "reduceInputGroups" : -1,
      "reduceInputRecords" : -1,
      "reduceShuffleBytes" : -1,
      "reduceOutputRecords" : -1,
      "spilledRecords" : 1019537,
      "mapInputBytes" : -1,
      "resourceUsageMetrics" : {
        "cumulativeCpuUsage" : 21320,
        "virtualMemoryUsage" : 1050124288,
        "physicalMemoryUsage" : 375660544,
        "heapUsage" : 396623872
      }
    } ],
    "finishTime" : 1404894535118,
    "preferredLocations" : [ {
      "layers" : [ "default-rack", "Master2" ]
    }, {
      "layers" : [ "default-rack", "Slave23" ]
    }, {
      "layers" : [ "default-rack", "Slave21" ]
    } ],
    "taskType" : "MAP",
    "taskStatus" : "SUCCESS",
    "taskID" : "task_201407031554_1492_m_000001",
    "inputBytes" : 134381673,
    "inputRecords" : 3186,
    "outputBytes" : 26655311,
    "outputRecords" : 12350438
  }, {
    "startTime" : 1404894519498,
    "attempts" : [ {
      "result" : "SUCCESS",
      "location" : {
        "layers" : [ "default-rack", "Slave23" ]
      },
      "hostName" : "/default-rack/Slave23",
      "startTime" : 1404894522079,
      "finishTime" : 1404894538379,
      "attemptID" : "attempt_201407031554_1492_m_000002_0",
      "shuffleFinished" : -1,
      "sortFinished" : -1,
      "hdfsBytesRead" : 134221929,
      "hdfsBytesWritten" : -1,
      "fileBytesRead" : 19140456,
      "fileBytesWritten" : 26511924,
      "mapInputRecords" : 114552,
      "mapOutputBytes" : 185357119,
      "mapOutputRecords" : 12391279,
      "combineInputRecords" : 12795927,
      "reduceInputGroups" : -1,
      "reduceInputRecords" : -1,
      "reduceShuffleBytes" : -1,
      "reduceOutputRecords" : -1,
      "spilledRecords" : 1019849,
      "mapInputBytes" : -1,
      "resourceUsageMetrics" : {
        "cumulativeCpuUsage" : 21530,
        "virtualMemoryUsage" : 1051996160,
        "physicalMemoryUsage" : 310673408,
        "heapUsage" : 333185024
      }
    } ],
    "finishTime" : 1404894536063,
    "preferredLocations" : [ {
      "layers" : [ "default-rack", "Master2" ]
    }, {
      "layers" : [ "default-rack", "Slave22" ]
    }, {
      "layers" : [ "default-rack", "Slave23" ]
    } ],
    "taskType" : "MAP",
    "taskStatus" : "SUCCESS",
    "taskID" : "task_201407031554_1492_m_000002",
    "inputBytes" : 134221929,
    "inputRecords" : 114552,
    "outputBytes" : 26511924,
    "outputRecords" : 12391279
  }, {
    "startTime" : 1404894519499,
    "attempts" : [ {
      "result" : "SUCCESS",
      "location" : {
        "layers" : [ "default-rack", "Slave23" ]
      },
      "hostName" : "/default-rack/Slave23",
      "startTime" : 1404894522079,
      "finishTime" : 1404894538253,
      "attemptID" : "attempt_201407031554_1492_m_000003_0",
      "shuffleFinished" : -1,
      "sortFinished" : -1,
      "hdfsBytesRead" : 134226025,
      "hdfsBytesWritten" : -1,
      "fileBytesRead" : 20046239,
      "fileBytesWritten" : 27909225,
      "mapInputRecords" : 3194,
      "mapOutputBytes" : 185808922,
      "mapOutputRecords" : 12335516,
      "combineInputRecords" : 12740712,
      "reduceInputGroups" : -1,
      "reduceInputRecords" : -1,
      "reduceShuffleBytes" : -1,
      "reduceOutputRecords" : -1,
      "spilledRecords" : 1020939,
      "mapInputBytes" : -1,
      "resourceUsageMetrics" : {
        "cumulativeCpuUsage" : 21300,
        "virtualMemoryUsage" : 1052205056,
        "physicalMemoryUsage" : 272424960,
        "heapUsage" : 294387712
      }
    } ],
    "finishTime" : 1404894536063,
    "preferredLocations" : [ {
      "layers" : [ "default-rack", "Slave23" ]
    }, {
      "layers" : [ "default-rack", "Slave22" ]
    }, {
      "layers" : [ "default-rack", "Slave21" ]
    } ],
    "taskType" : "MAP",
    "taskStatus" : "SUCCESS",
    "taskID" : "task_201407031554_1492_m_000003",
    "inputBytes" : 134226025,
    "inputRecords" : 3194,
    "outputBytes" : 27909225,
    "outputRecords" : 12335516
  }, {
    "startTime" : 1404894519608,
    "attempts" : [ {
      "result" : "SUCCESS",
      "location" : {
        "layers" : [ "default-rack", "Slave22" ]
      },
      "hostName" : "/default-rack/Slave22",
      "startTime" : 1404894507645,
      "finishTime" : 1404894523198,
      "attemptID" : "attempt_201407031554_1492_m_000004_0",
      "shuffleFinished" : -1,
      "sortFinished" : -1,
      "hdfsBytesRead" : 134242409,
      "hdfsBytesWritten" : -1,
      "fileBytesRead" : 18767512,
      "fileBytesWritten" : 25930251,
      "mapInputRecords" : 3172,
      "mapOutputBytes" : 185713281,
      "mapOutputRecords" : 12335678,
      "combineInputRecords" : 12740827,
      "reduceInputGroups" : -1,
      "reduceInputRecords" : -1,
      "reduceShuffleBytes" : -1,
      "reduceOutputRecords" : -1,
      "spilledRecords" : 1020964,
      "mapInputBytes" : -1,
      "resourceUsageMetrics" : {
        "cumulativeCpuUsage" : 21340,
        "virtualMemoryUsage" : 1052581888,
        "physicalMemoryUsage" : 271044608,
        "heapUsage" : 292028416
      }
    } ],
    "finishTime" : 1404894535309,
    "preferredLocations" : [ {
      "layers" : [ "default-rack", "Slave22" ]
    }, {
      "layers" : [ "default-rack", "Slave23" ]
    }, {
      "layers" : [ "default-rack", "Slave21" ]
    } ],
    "taskType" : "MAP",
    "taskStatus" : "SUCCESS",
    "taskID" : "task_201407031554_1492_m_000004",
    "inputBytes" : 134242409,
    "inputRecords" : 3172,
    "outputBytes" : 25930251,
    "outputRecords" : 12335678
  }, {
    "startTime" : 1404894519608,
    "attempts" : [ {
      "result" : "SUCCESS",
      "location" : {
        "layers" : [ "default-rack", "Slave22" ]
      },
      "hostName" : "/default-rack/Slave22",
      "startTime" : 1404894507645,
      "finishTime" : 1404894523300,
      "attemptID" : "attempt_201407031554_1492_m_000005_0",
      "shuffleFinished" : -1,
      "sortFinished" : -1,
      "hdfsBytesRead" : 134221929,
      "hdfsBytesWritten" : -1,
      "fileBytesRead" : 21963108,
      "fileBytesWritten" : 30822047,
      "mapInputRecords" : 3296,
      "mapOutputBytes" : 185239406,
      "mapOutputRecords" : 12277012,
      "combineInputRecords" : 12682052,
      "reduceInputGroups" : -1,
      "reduceInputRecords" : -1,
      "reduceShuffleBytes" : -1,
      "reduceOutputRecords" : -1,
      "spilledRecords" : 1020685,
      "mapInputBytes" : -1,
      "resourceUsageMetrics" : {
        "cumulativeCpuUsage" : 20980,
        "virtualMemoryUsage" : 1051996160,
        "physicalMemoryUsage" : 349556736,
        "heapUsage" : 369623040
      }
    } ],
    "finishTime" : 1404894535611,
    "preferredLocations" : [ {
      "layers" : [ "default-rack", "Master2" ]
    }, {
      "layers" : [ "default-rack", "Slave22" ]
    }, {
      "layers" : [ "default-rack", "Slave21" ]
    } ],
    "taskType" : "MAP",
    "taskStatus" : "SUCCESS",
    "taskID" : "task_201407031554_1492_m_000005",
    "inputBytes" : 134221929,
    "inputRecords" : 3296,
    "outputBytes" : 30822047,
    "outputRecords" : 12277012
  }, {
    "startTime" : 1404894519641,
    "attempts" : [ {
      "result" : "SUCCESS",
      "location" : {
        "layers" : [ "default-rack", "Master2" ]
      },
      "hostName" : "/default-rack/Master2",
      "startTime" : 1404894519707,
      "finishTime" : 1404894535296,
      "attemptID" : "attempt_201407031554_1492_m_000006_0",
      "shuffleFinished" : -1,
      "sortFinished" : -1,
      "hdfsBytesRead" : 134221929,
      "hdfsBytesWritten" : -1,
      "fileBytesRead" : 18936442,
      "fileBytesWritten" : 26222575,
      "mapInputRecords" : 58874,
      "mapOutputBytes" : 185911030,
      "mapOutputRecords" : 12390080,
      "combineInputRecords" : 12794928,
      "reduceInputGroups" : -1,
      "reduceInputRecords" : -1,
      "reduceShuffleBytes" : -1,
      "reduceOutputRecords" : -1,
      "spilledRecords" : 1020334,
      "mapInputBytes" : -1,
      "resourceUsageMetrics" : {
        "cumulativeCpuUsage" : 21260,
        "virtualMemoryUsage" : 1052475392,
        "physicalMemoryUsage" : 323362816,
        "heapUsage" : 348389376
      }
    } ],
    "finishTime" : 1404894535583,
    "preferredLocations" : [ {
      "layers" : [ "default-rack", "Master2" ]
    }, {
      "layers" : [ "default-rack", "Slave22" ]
    }, {
      "layers" : [ "default-rack", "Slave23" ]
    } ],
    "taskType" : "MAP",
    "taskStatus" : "SUCCESS",
    "taskID" : "task_201407031554_1492_m_000006",
    "inputBytes" : 134221929,
    "inputRecords" : 58874,
    "outputBytes" : 26222575,
    "outputRecords" : 12390080
  }, {
    "startTime" : 1404894519641,
    "attempts" : [ {
      "result" : "SUCCESS",
      "location" : {
        "layers" : [ "default-rack", "Master2" ]
      },
      "hostName" : "/default-rack/Master2",
      "startTime" : 1404894519707,
      "finishTime" : 1404894535261,
      "attemptID" : "attempt_201407031554_1492_m_000007_0",
      "shuffleFinished" : -1,
      "sortFinished" : -1,
      "hdfsBytesRead" : 134340713,
      "hdfsBytesWritten" : -1,
      "fileBytesRead" : 17962015,
      "fileBytesWritten" : 24512094,
      "mapInputRecords" : 3117,
      "mapOutputBytes" : 185291898,
      "mapOutputRecords" : 12344227,
      "combineInputRecords" : 12748906,
      "reduceInputGroups" : -1,
      "reduceInputRecords" : -1,
      "reduceShuffleBytes" : -1,
      "reduceOutputRecords" : -1,
      "spilledRecords" : 1014185,
      "mapInputBytes" : -1,
      "resourceUsageMetrics" : {
        "cumulativeCpuUsage" : 20910,
        "virtualMemoryUsage" : 1052450816,
        "physicalMemoryUsage" : 355667968,
        "heapUsage" : 376963072
      }
    } ],
    "finishTime" : 1404894535283,
    "preferredLocations" : [ {
      "layers" : [ "default-rack", "Master2" ]
    }, {
      "layers" : [ "default-rack", "Slave22" ]
    }, {
      "layers" : [ "default-rack", "Slave23" ]
    } ],
    "taskType" : "MAP",
    "taskStatus" : "SUCCESS",
    "taskID" : "task_201407031554_1492_m_000007",
    "inputBytes" : 134340713,
    "inputRecords" : 3117,
    "outputBytes" : 24512094,
    "outputRecords" : 12344227
  }, {
    "startTime" : 1404894535118,
    "attempts" : [ {
      "result" : "SUCCESS",
      "location" : {
        "layers" : [ "default-rack", "Slave21" ]
      },
      "hostName" : "/default-rack/Slave21",
      "startTime" : 1404894527700,
      "finishTime" : 1404894541180,
      "attemptID" : "attempt_201407031554_1492_m_000008_0",
      "shuffleFinished" : -1,
      "sortFinished" : -1,
      "hdfsBytesRead" : 134230121,
      "hdfsBytesWritten" : -1,
      "fileBytesRead" : 22142298,
      "fileBytesWritten" : 31127210,
      "mapInputRecords" : 3265,
      "mapOutputBytes" : 185369834,
      "mapOutputRecords" : 12279783,
      "combineInputRecords" : 12684339,
      "reduceInputGroups" : -1,
      "reduceInputRecords" : -1,
      "reduceShuffleBytes" : -1,
      "reduceOutputRecords" : -1,
      "spilledRecords" : 1020115,
      "mapInputBytes" : -1,
      "resourceUsageMetrics" : {
        "cumulativeCpuUsage" : 16500,
        "virtualMemoryUsage" : 1051385856,
        "physicalMemoryUsage" : 523837440,
        "heapUsage" : 485752832
      }
    } ],
    "finishTime" : 1404894548670,
    "preferredLocations" : [ {
      "layers" : [ "default-rack", "Slave22" ]
    }, {
      "layers" : [ "default-rack", "Slave21" ]
    }, {
      "layers" : [ "default-rack", "Slave23" ]
    } ],
    "taskType" : "MAP",
    "taskStatus" : "SUCCESS",
    "taskID" : "task_201407031554_1492_m_000008",
    "inputBytes" : 134230121,
    "inputRecords" : 3265,
    "outputBytes" : 31127210,
    "outputRecords" : 12279783
  }, {
    "startTime" : 1404894535118,
    "attempts" : [ {
      "result" : "SUCCESS",
      "location" : {
        "layers" : [ "default-rack", "Slave21" ]
      },
      "hostName" : "/default-rack/Slave21",
      "startTime" : 1404894527700,
      "finishTime" : 1404894541191,
      "attemptID" : "attempt_201407031554_1492_m_000010_0",
      "shuffleFinished" : -1,
      "sortFinished" : -1,
      "hdfsBytesRead" : 134254697,
      "hdfsBytesWritten" : -1,
      "fileBytesRead" : 22456146,
      "fileBytesWritten" : 31588096,
      "mapInputRecords" : 3161,
      "mapOutputBytes" : 185566838,
      "mapOutputRecords" : 12282061,
      "combineInputRecords" : 12686905,
      "reduceInputGroups" : -1,
      "reduceInputRecords" : -1,
      "reduceShuffleBytes" : -1,
      "reduceOutputRecords" : -1,
      "spilledRecords" : 1020646,
      "mapInputBytes" : -1,
      "resourceUsageMetrics" : {
        "cumulativeCpuUsage" : 16570,
        "virtualMemoryUsage" : 1051119616,
        "physicalMemoryUsage" : 533536768,
        "heapUsage" : 482869248
      }
    } ],
    "finishTime" : 1404894548670,
    "preferredLocations" : [ {
      "layers" : [ "default-rack", "Master2" ]
    }, {
      "layers" : [ "default-rack", "Slave23" ]
    }, {
      "layers" : [ "default-rack", "Slave21" ]
    } ],
    "taskType" : "MAP",
    "taskStatus" : "SUCCESS",
    "taskID" : "task_201407031554_1492_m_000010",
    "inputBytes" : 134254697,
    "inputRecords" : 3161,
    "outputBytes" : 31588096,
    "outputRecords" : 12282061
  }, {
    "startTime" : 1404894535283,
    "attempts" : [ {
      "result" : "SUCCESS",
      "location" : {
        "layers" : [ "default-rack", "Master2" ]
      },
      "hostName" : "/default-rack/Master2",
      "startTime" : 1404894535284,
      "finishTime" : 1404894548536,
      "attemptID" : "attempt_201407031554_1492_m_000009_0",
      "shuffleFinished" : -1,
      "sortFinished" : -1,
      "hdfsBytesRead" : 134283369,
      "hdfsBytesWritten" : -1,
      "fileBytesRead" : 22120111,
      "fileBytesWritten" : 31096885,
      "mapInputRecords" : 3224,
      "mapOutputBytes" : 185446396,
      "mapOutputRecords" : 12285634,
      "combineInputRecords" : 12689947,
      "reduceInputGroups" : -1,
      "reduceInputRecords" : -1,
      "reduceShuffleBytes" : -1,
      "reduceOutputRecords" : -1,
      "spilledRecords" : 1018858,
      "mapInputBytes" : -1,
      "resourceUsageMetrics" : {
        "cumulativeCpuUsage" : 15540,
        "virtualMemoryUsage" : 1053446144,
        "physicalMemoryUsage" : 540688384,
        "heapUsage" : 492044288
      }
    } ],
    "finishTime" : 1404894548821,
    "preferredLocations" : [ {
      "layers" : [ "default-rack", "Master2" ]
    }, {
      "layers" : [ "default-rack", "Slave23" ]
    }, {
      "layers" : [ "default-rack", "Slave22" ]
    } ],
    "taskType" : "MAP",
    "taskStatus" : "SUCCESS",
    "taskID" : "task_201407031554_1492_m_000009",
    "inputBytes" : 134283369,
    "inputRecords" : 3224,
    "outputBytes" : 31096885,
    "outputRecords" : 12285634
  }, {
    "startTime" : 1404894535310,
    "attempts" : [ {
      "result" : "SUCCESS",
      "location" : {
        "layers" : [ "default-rack", "Slave22" ]
      },
      "hostName" : "/default-rack/Slave22",
      "startTime" : 1404894523222,
      "finishTime" : 1404894536927,
      "attemptID" : "attempt_201407031554_1492_m_000011_0",
      "shuffleFinished" : -1,
      "sortFinished" : -1,
      "hdfsBytesRead" : 134221929,
      "hdfsBytesWritten" : -1,
      "fileBytesRead" : 22744898,
      "fileBytesWritten" : 32014123,
      "mapInputRecords" : 3295,
      "mapOutputBytes" : 185694039,
      "mapOutputRecords" : 12280187,
      "combineInputRecords" : 12684617,
      "reduceInputGroups" : -1,
      "reduceInputRecords" : -1,
      "reduceShuffleBytes" : -1,
      "reduceOutputRecords" : -1,
      "spilledRecords" : 1018879,
      "mapInputBytes" : -1,
      "resourceUsageMetrics" : {
        "cumulativeCpuUsage" : 16160,
        "virtualMemoryUsage" : 1051480064,
        "physicalMemoryUsage" : 411742208,
        "heapUsage" : 425197568
      }
    } ],
    "finishTime" : 1404894549160,
    "preferredLocations" : [ {
      "layers" : [ "default-rack", "Master2" ]
    }, {
      "layers" : [ "default-rack", "Slave22" ]
    }, {
      "layers" : [ "default-rack", "Slave23" ]
    } ],
    "taskType" : "MAP",
    "taskStatus" : "SUCCESS",
    "taskID" : "task_201407031554_1492_m_000011",
    "inputBytes" : 134221929,
    "inputRecords" : 3295,
    "outputBytes" : 32014123,
    "outputRecords" : 12280187
  }, {
    "startTime" : 1404894535584,
    "attempts" : [ {
      "result" : "SUCCESS",
      "location" : {
        "layers" : [ "default-rack", "Master2" ]
      },
      "hostName" : "/default-rack/Master2",
      "startTime" : 1404894535584,
      "finishTime" : 1404894549083,
      "attemptID" : "attempt_201407031554_1492_m_000012_0",
      "shuffleFinished" : -1,
      "sortFinished" : -1,
      "hdfsBytesRead" : 134226025,
      "hdfsBytesWritten" : -1,
      "fileBytesRead" : 22123631,
      "fileBytesWritten" : 31090689,
      "mapInputRecords" : 3249,
      "mapOutputBytes" : 185366679,
      "mapOutputRecords" : 12280420,
      "combineInputRecords" : 12684762,
      "reduceInputGroups" : -1,
      "reduceInputRecords" : -1,
      "reduceShuffleBytes" : -1,
      "reduceOutputRecords" : -1,
      "spilledRecords" : 1018987,
      "mapInputBytes" : -1,
      "resourceUsageMetrics" : {
        "cumulativeCpuUsage" : 15950,
        "virtualMemoryUsage" : 1053470720,
        "physicalMemoryUsage" : 462319616,
        "heapUsage" : 474218496
      }
    } ],
    "finishTime" : 1404894549122,
    "preferredLocations" : [ {
      "layers" : [ "default-rack", "Master2" ]
    }, {
      "layers" : [ "default-rack", "Slave22" ]
    }, {
      "layers" : [ "default-rack", "Slave23" ]
    } ],
    "taskType" : "MAP",
    "taskStatus" : "SUCCESS",
    "taskID" : "task_201407031554_1492_m_000012",
    "inputBytes" : 134226025,
    "inputRecords" : 3249,
    "outputBytes" : 31090689,
    "outputRecords" : 12280420
  }, {
    "startTime" : 1404894535611,
    "attempts" : [ {
      "result" : "SUCCESS",
      "location" : {
        "layers" : [ "default-rack", "Slave22" ]
      },
      "hostName" : "/default-rack/Slave22",
      "startTime" : 1404894523523,
      "finishTime" : 1404894537143,
      "attemptID" : "attempt_201407031554_1492_m_000013_0",
      "shuffleFinished" : -1,
      "sortFinished" : -1,
      "hdfsBytesRead" : 134221929,
      "hdfsBytesWritten" : -1,
      "fileBytesRead" : 18865473,
      "fileBytesWritten" : 26096835,
      "mapInputRecords" : 58960,
      "mapOutputBytes" : 185466075,
      "mapOutputRecords" : 12334105,
      "combineInputRecords" : 12739644,
      "reduceInputGroups" : -1,
      "reduceInputRecords" : -1,
      "reduceShuffleBytes" : -1,
      "reduceOutputRecords" : -1,
      "spilledRecords" : 1021844,
      "mapInputBytes" : -1,
      "resourceUsageMetrics" : {
        "cumulativeCpuUsage" : 15860,
        "virtualMemoryUsage" : 1052991488,
        "physicalMemoryUsage" : 484429824,
        "heapUsage" : 492044288
      }
    } ],
    "finishTime" : 1404894549462,
    "preferredLocations" : [ {
      "layers" : [ "default-rack", "Slave21" ]
    }, {
      "layers" : [ "default-rack", "Slave22" ]
    }, {
      "layers" : [ "default-rack", "Slave23" ]
    } ],
    "taskType" : "MAP",
    "taskStatus" : "SUCCESS",
    "taskID" : "task_201407031554_1492_m_000013",
    "inputBytes" : 134221929,
    "inputRecords" : 58960,
    "outputBytes" : 26096835,
    "outputRecords" : 12334105
  }, {
    "startTime" : 1404894536063,
    "attempts" : [ {
      "result" : "SUCCESS",
      "location" : {
        "layers" : [ "default-rack", "Slave23" ]
      },
      "hostName" : "/default-rack/Slave23",
      "startTime" : 1404894538518,
      "finishTime" : 1404894551535,
      "attemptID" : "attempt_201407031554_1492_m_000014_0",
      "shuffleFinished" : -1,
      "sortFinished" : -1,
      "hdfsBytesRead" : 134250601,
      "hdfsBytesWritten" : -1,
      "fileBytesRead" : 18759191,
      "fileBytesWritten" : 25910235,
      "mapInputRecords" : 3215,
      "mapOutputBytes" : 185558584,
      "mapOutputRecords" : 12336611,
      "combineInputRecords" : 12741513,
      "reduceInputGroups" : -1,
      "reduceInputRecords" : -1,
      "reduceShuffleBytes" : -1,
      "reduceOutputRecords" : -1,
      "spilledRecords" : 1020305,
      "mapInputBytes" : -1,
      "resourceUsageMetrics" : {
        "cumulativeCpuUsage" : 15290,
        "virtualMemoryUsage" : 1052991488,
        "physicalMemoryUsage" : 459046912,
        "heapUsage" : 474742784
      }
    } ],
    "finishTime" : 1404894549311,
    "preferredLocations" : [ {
      "layers" : [ "default-rack", "Master2" ]
    }, {
      "layers" : [ "default-rack", "Slave23" ]
    }, {
      "layers" : [ "default-rack", "Slave22" ]
    } ],
    "taskType" : "MAP",
    "taskStatus" : "SUCCESS",
    "taskID" : "task_201407031554_1492_m_000014",
    "inputBytes" : 134250601,
    "inputRecords" : 3215,
    "outputBytes" : 25910235,
    "outputRecords" : 12336611
  }, {
    "startTime" : 1404894536063,
    "attempts" : [ {
      "result" : "SUCCESS",
      "location" : {
        "layers" : [ "default-rack", "Slave23" ]
      },
      "hostName" : "/default-rack/Slave23",
      "startTime" : 1404894538518,
      "finishTime" : 1404894551527,
      "attemptID" : "attempt_201407031554_1492_m_000016_0",
      "shuffleFinished" : -1,
      "sortFinished" : -1,
      "hdfsBytesRead" : 134238313,
      "hdfsBytesWritten" : -1,
      "fileBytesRead" : 21534171,
      "fileBytesWritten" : 30191695,
      "mapInputRecords" : 3234,
      "mapOutputBytes" : 185044410,
      "mapOutputRecords" : 12280417,
      "combineInputRecords" : 12685289,
      "reduceInputGroups" : -1,
      "reduceInputRecords" : -1,
      "reduceShuffleBytes" : -1,
      "reduceOutputRecords" : -1,
      "spilledRecords" : 1020185,
      "mapInputBytes" : -1,
      "resourceUsageMetrics" : {
        "cumulativeCpuUsage" : 15750,
        "virtualMemoryUsage" : 1053200384,
        "physicalMemoryUsage" : 416006144,
        "heapUsage" : 430964736
      }
    } ],
    "finishTime" : 1404894549311,
    "preferredLocations" : [ {
      "layers" : [ "default-rack", "Master2" ]
    }, {
      "layers" : [ "default-rack", "Slave23" ]
    }, {
      "layers" : [ "default-rack", "Slave21" ]
    } ],
    "taskType" : "MAP",
    "taskStatus" : "SUCCESS",
    "taskID" : "task_201407031554_1492_m_000016",
    "inputBytes" : 134238313,
    "inputRecords" : 3234,
    "outputBytes" : 30191695,
    "outputRecords" : 12280417
  }, {
    "startTime" : 1404894548670,
    "attempts" : [ {
      "result" : "SUCCESS",
      "location" : {
        "layers" : [ "default-rack", "Slave21" ]
      },
      "hostName" : "/default-rack/Slave21",
      "startTime" : 1404894541250,
      "finishTime" : 1404894554643,
      "attemptID" : "attempt_201407031554_1492_m_000015_0",
      "shuffleFinished" : -1,
      "sortFinished" : -1,
      "hdfsBytesRead" : 134283369,
      "hdfsBytesWritten" : -1,
      "fileBytesRead" : 21748210,
      "fileBytesWritten" : 30521580,
      "mapInputRecords" : 3253,
      "mapOutputBytes" : 185226719,
      "mapOutputRecords" : 12286244,
      "combineInputRecords" : 12691236,
      "reduceInputGroups" : -1,
      "reduceInputRecords" : -1,
      "reduceShuffleBytes" : -1,
      "reduceOutputRecords" : -1,
      "spilledRecords" : 1020838,
      "mapInputBytes" : -1,
      "resourceUsageMetrics" : {
        "cumulativeCpuUsage" : 16040,
        "virtualMemoryUsage" : 1051385856,
        "physicalMemoryUsage" : 534007808,
        "heapUsage" : 500170752
      }
    } ],
    "finishTime" : 1404894562222,
    "preferredLocations" : [ {
      "layers" : [ "default-rack", "Master2" ]
    }, {
      "layers" : [ "default-rack", "Slave22" ]
    }, {
      "layers" : [ "default-rack", "Slave21" ]
    } ],
    "taskType" : "MAP",
    "taskStatus" : "SUCCESS",
    "taskID" : "task_201407031554_1492_m_000015",
    "inputBytes" : 134283369,
    "inputRecords" : 3253,
    "outputBytes" : 30521580,
    "outputRecords" : 12286244
  }, {
    "startTime" : 1404894548670,
    "attempts" : [ {
      "result" : "SUCCESS",
      "location" : {
        "layers" : [ "default-rack", "Slave21" ]
      },
      "hostName" : "/default-rack/Slave21",
      "startTime" : 1404894541250,
      "finishTime" : 1404894554656,
      "attemptID" : "attempt_201407031554_1492_m_000017_0",
      "shuffleFinished" : -1,
      "sortFinished" : -1,
      "hdfsBytesRead" : 134226025,
      "hdfsBytesWritten" : -1,
      "fileBytesRead" : 21749411,
      "fileBytesWritten" : 30501755,
      "mapInputRecords" : 3241,
      "mapOutputBytes" : 185147164,
      "mapOutputRecords" : 12281239,
      "combineInputRecords" : 12686024,
      "reduceInputGroups" : -1,
      "reduceInputRecords" : -1,
      "reduceShuffleBytes" : -1,
      "reduceOutputRecords" : -1,
      "spilledRecords" : 1019975,
      "mapInputBytes" : -1,
      "resourceUsageMetrics" : {
        "cumulativeCpuUsage" : 15830,
        "virtualMemoryUsage" : 1051119616,
        "physicalMemoryUsage" : 538058752,
        "heapUsage" : 558628864
      }
    } ],
    "finishTime" : 1404894562222,
    "preferredLocations" : [ {
      "layers" : [ "default-rack", "Master2" ]
    }, {
      "layers" : [ "default-rack", "Slave21" ]
    }, {
      "layers" : [ "default-rack", "Slave22" ]
    } ],
    "taskType" : "MAP",
    "taskStatus" : "SUCCESS",
    "taskID" : "task_201407031554_1492_m_000017",
    "inputBytes" : 134226025,
    "inputRecords" : 3241,
    "outputBytes" : 30501755,
    "outputRecords" : 12281239
  }, {
    "startTime" : 1404894548821,
    "attempts" : [ {
      "result" : "SUCCESS",
      "location" : {
        "layers" : [ "default-rack", "Master2" ]
      },
      "hostName" : "/default-rack/Master2",
      "startTime" : 1404894548822,
      "finishTime" : 1404894561578,
      "attemptID" : "attempt_201407031554_1492_m_000018_0",
      "shuffleFinished" : -1,
      "sortFinished" : -1,
      "hdfsBytesRead" : 134266985,
      "hdfsBytesWritten" : -1,
      "fileBytesRead" : 21713321,
      "fileBytesWritten" : 30459106,
      "mapInputRecords" : 3251,
      "mapOutputBytes" : 185198864,
      "mapOutputRecords" : 12284490,
      "combineInputRecords" : 12688625,
      "reduceInputGroups" : -1,
      "reduceInputRecords" : -1,
      "reduceShuffleBytes" : -1,
      "reduceOutputRecords" : -1,
      "spilledRecords" : 1018126,
      "mapInputBytes" : -1,
      "resourceUsageMetrics" : {
        "cumulativeCpuUsage" : 15560,
        "virtualMemoryUsage" : 1053446144,
        "physicalMemoryUsage" : 538755072,
        "heapUsage" : 499908608
      }
    } ],
    "finishTime" : 1404894561797,
    "preferredLocations" : [ {
      "layers" : [ "default-rack", "Master2" ]
    }, {
      "layers" : [ "default-rack", "Slave23" ]
    }, {
      "layers" : [ "default-rack", "Slave21" ]
    } ],
    "taskType" : "MAP",
    "taskStatus" : "SUCCESS",
    "taskID" : "task_201407031554_1492_m_000018",
    "inputBytes" : 134266985,
    "inputRecords" : 3251,
    "outputBytes" : 30459106,
    "outputRecords" : 12284490
  }, {
    "startTime" : 1404894549124,
    "attempts" : [ {
      "result" : "SUCCESS",
      "location" : {
        "layers" : [ "default-rack", "Master2" ]
      },
      "hostName" : "/default-rack/Master2",
      "startTime" : 1404894549125,
      "finishTime" : 1404894561197,
      "attemptID" : "attempt_201407031554_1492_m_000021_0",
      "shuffleFinished" : -1,
      "sortFinished" : -1,
      "hdfsBytesRead" : 122420954,
      "hdfsBytesWritten" : -1,
      "fileBytesRead" : 18232792,
      "fileBytesWritten" : 25640594,
      "mapInputRecords" : 3012,
      "mapOutputBytes" : 169194599,
      "mapOutputRecords" : 11248653,
      "combineInputRecords" : 11618403,
      "reduceInputGroups" : -1,
      "reduceInputRecords" : -1,
      "reduceShuffleBytes" : -1,
      "reduceOutputRecords" : -1,
      "spilledRecords" : 917641,
      "mapInputBytes" : -1,
      "resourceUsageMetrics" : {
        "cumulativeCpuUsage" : 14120,
        "virtualMemoryUsage" : 1053470720,
        "physicalMemoryUsage" : 540086272,
        "heapUsage" : 485490688
      }
    } ],
    "finishTime" : 1404894561496,
    "preferredLocations" : [ {
      "layers" : [ "default-rack", "Master2" ]
    }, {
      "layers" : [ "default-rack", "Slave23" ]
    }, {
      "layers" : [ "default-rack", "Slave22" ]
    } ],
    "taskType" : "MAP",
    "taskStatus" : "SUCCESS",
    "taskID" : "task_201407031554_1492_m_000021",
    "inputBytes" : 122420954,
    "inputRecords" : 3012,
    "outputBytes" : 25640594,
    "outputRecords" : 11248653
  }, {
    "startTime" : 1404894549160,
    "attempts" : [ {
      "result" : "SUCCESS",
      "location" : {
        "layers" : [ "default-rack", "Slave22" ]
      },
      "hostName" : "/default-rack/Slave22",
      "startTime" : 1404894537072,
      "finishTime" : 1404894550345,
      "attemptID" : "attempt_201407031554_1492_m_000019_0",
      "shuffleFinished" : -1,
      "sortFinished" : -1,
      "hdfsBytesRead" : 134234217,
      "hdfsBytesWritten" : -1,
      "fileBytesRead" : 21946403,
      "fileBytesWritten" : 30785856,
      "mapInputRecords" : 3212,
      "mapOutputBytes" : 185264766,
      "mapOutputRecords" : 12280786,
      "combineInputRecords" : 12685039,
      "reduceInputGroups" : -1,
      "reduceInputRecords" : -1,
      "reduceShuffleBytes" : -1,
      "reduceOutputRecords" : -1,
      "spilledRecords" : 1018853,
      "mapInputBytes" : -1,
      "resourceUsageMetrics" : {
        "cumulativeCpuUsage" : 15370,
        "virtualMemoryUsage" : 1051480064,
        "physicalMemoryUsage" : 542015488,
        "heapUsage" : 546308096
      }
    } ],
    "finishTime" : 1404894562713,
    "preferredLocations" : [ {
      "layers" : [ "default-rack", "Slave21" ]
    }, {
      "layers" : [ "default-rack", "Slave23" ]
    }, {
      "layers" : [ "default-rack", "Slave22" ]
    } ],
    "taskType" : "MAP",
    "taskStatus" : "SUCCESS",
    "taskID" : "task_201407031554_1492_m_000019",
    "inputBytes" : 134234217,
    "inputRecords" : 3212,
    "outputBytes" : 30785856,
    "outputRecords" : 12280786
  }, {
    "startTime" : 1404894549312,
    "attempts" : [ {
      "result" : "SUCCESS",
      "location" : {
        "layers" : [ "default-rack", "Slave23" ]
      },
      "hostName" : "/default-rack/Slave23",
      "startTime" : 1404894551765,
      "finishTime" : 1404894563777,
      "attemptID" : "attempt_201407031554_1492_m_000020_0",
      "shuffleFinished" : -1,
      "sortFinished" : -1,
      "hdfsBytesRead" : 122421894,
      "hdfsBytesWritten" : -1,
      "fileBytesRead" : 19160754,
      "fileBytesWritten" : 27114729,
      "mapInputRecords" : 2948,
      "mapOutputBytes" : 168729119,
      "mapOutputRecords" : 11196483,
      "combineInputRecords" : 11565103,
      "reduceInputGroups" : -1,
      "reduceInputRecords" : -1,
      "reduceShuffleBytes" : -1,
      "reduceOutputRecords" : -1,
      "spilledRecords" : 914998,
      "mapInputBytes" : -1,
      "resourceUsageMetrics" : {
        "cumulativeCpuUsage" : 14530,
        "virtualMemoryUsage" : 1053147136,
        "physicalMemoryUsage" : 539168768,
        "heapUsage" : 484966400
      }
    } ],
    "finishTime" : 1404894561352,
    "preferredLocations" : [ {
      "layers" : [ "default-rack", "Slave21" ]
    }, {
      "layers" : [ "default-rack", "Slave22" ]
    }, {
      "layers" : [ "default-rack", "Slave23" ]
    } ],
    "taskType" : "MAP",
    "taskStatus" : "SUCCESS",
    "taskID" : "task_201407031554_1492_m_000020",
    "inputBytes" : 122421894,
    "inputRecords" : 2948,
    "outputBytes" : 27114729,
    "outputRecords" : 11196483
  }, {
    "startTime" : 1404894549312,
    "attempts" : [ {
      "result" : "SUCCESS",
      "location" : {
        "layers" : [ "default-rack", "Slave23" ]
      },
      "hostName" : "/default-rack/Slave23",
      "startTime" : 1404894551765,
      "finishTime" : 1404894563783,
      "attemptID" : "attempt_201407031554_1492_m_000022_0",
      "shuffleFinished" : -1,
      "sortFinished" : -1,
      "hdfsBytesRead" : 122419615,
      "hdfsBytesWritten" : -1,
      "fileBytesRead" : 16774605,
      "fileBytesWritten" : 23403405,
      "mapInputRecords" : 53745,
      "mapOutputBytes" : 169164811,
      "mapOutputRecords" : 11251543,
      "combineInputRecords" : 11620818,
      "reduceInputGroups" : -1,
      "reduceInputRecords" : -1,
      "reduceShuffleBytes" : -1,
      "reduceOutputRecords" : -1,
      "spilledRecords" : 916235,
      "mapInputBytes" : -1,
      "resourceUsageMetrics" : {
        "cumulativeCpuUsage" : 14560,
        "virtualMemoryUsage" : 1053200384,
        "physicalMemoryUsage" : 487927808,
        "heapUsage" : 434372608
      }
    } ],
    "finishTime" : 1404894561352,
    "preferredLocations" : [ {
      "layers" : [ "default-rack", "Slave22" ]
    }, {
      "layers" : [ "default-rack", "Slave21" ]
    }, {
      "layers" : [ "default-rack", "Slave23" ]
    } ],
    "taskType" : "MAP",
    "taskStatus" : "SUCCESS",
    "taskID" : "task_201407031554_1492_m_000022",
    "inputBytes" : 122419615,
    "inputRecords" : 53745,
    "outputBytes" : 23403405,
    "outputRecords" : 11251543
  }, {
    "startTime" : 1404894549462,
    "attempts" : [ {
      "result" : "SUCCESS",
      "location" : {
        "layers" : [ "default-rack", "Slave22" ]
      },
      "hostName" : "/default-rack/Slave22",
      "startTime" : 1404894537373,
      "finishTime" : 1404894549541,
      "attemptID" : "attempt_201407031554_1492_m_000023_0",
      "shuffleFinished" : -1,
      "sortFinished" : -1,
      "hdfsBytesRead" : 122419444,
      "hdfsBytesWritten" : -1,
      "fileBytesRead" : 19695901,
      "fileBytesWritten" : 27935293,
      "mapInputRecords" : 3002,
      "mapOutputBytes" : 168974175,
      "mapOutputRecords" : 11194157,
      "combineInputRecords" : 11562943,
      "reduceInputGroups" : -1,
      "reduceInputRecords" : -1,
      "reduceShuffleBytes" : -1,
      "reduceOutputRecords" : -1,
      "spilledRecords" : 915135,
      "mapInputBytes" : -1,
      "resourceUsageMetrics" : {
        "cumulativeCpuUsage" : 14660,
        "virtualMemoryUsage" : 1052991488,
        "physicalMemoryUsage" : 540860416,
        "heapUsage" : 486014976
      }
    } ],
    "finishTime" : 1404894561808,
    "preferredLocations" : [ {
      "layers" : [ "default-rack", "Slave22" ]
    }, {
      "layers" : [ "default-rack", "Slave23" ]
    }, {
      "layers" : [ "default-rack", "Slave21" ]
    } ],
    "taskType" : "MAP",
    "taskStatus" : "SUCCESS",
    "taskID" : "task_201407031554_1492_m_000023",
    "inputBytes" : 122419444,
    "inputRecords" : 3002,
    "outputBytes" : 27935293,
    "outputRecords" : 11194157
  }, {
    "startTime" : 1404894561352,
    "attempts" : [ {
      "result" : "SUCCESS",
      "location" : {
        "layers" : [ "default-rack", "Slave23" ]
      },
      "hostName" : "/default-rack/Slave23",
      "startTime" : 1404894563805,
      "finishTime" : 1404894576242,
      "attemptID" : "attempt_201407031554_1492_m_000026_0",
      "shuffleFinished" : -1,
      "sortFinished" : -1,
      "hdfsBytesRead" : 122417584,
      "hdfsBytesWritten" : -1,
      "fileBytesRead" : 17811355,
      "fileBytesWritten" : 25033622,
      "mapInputRecords" : 2947,
      "mapOutputBytes" : 169460213,
      "mapOutputRecords" : 11250726,
      "combineInputRecords" : 11619556,
      "reduceInputGroups" : -1,
      "reduceInputRecords" : -1,
      "reduceShuffleBytes" : -1,
      "reduceOutputRecords" : -1,
      "spilledRecords" : 915194,
      "mapInputBytes" : -1,
      "resourceUsageMetrics" : {
        "cumulativeCpuUsage" : 14580,
        "virtualMemoryUsage" : 1053147136,
        "physicalMemoryUsage" : 545198080,
        "heapUsage" : 514850816
      }
    } ],
    "finishTime" : 1404894574013,
    "preferredLocations" : [ {
      "layers" : [ "default-rack", "Master2" ]
    }, {
      "layers" : [ "default-rack", "Slave21" ]
    }, {
      "layers" : [ "default-rack", "Slave23" ]
    } ],
    "taskType" : "MAP",
    "taskStatus" : "SUCCESS",
    "taskID" : "task_201407031554_1492_m_000026",
    "inputBytes" : 122417584,
    "inputRecords" : 2947,
    "outputBytes" : 25033622,
    "outputRecords" : 11250726
  }, {
    "startTime" : 1404894561352,
    "attempts" : [ {
      "result" : "SUCCESS",
      "location" : {
        "layers" : [ "default-rack", "Slave23" ]
      },
      "hostName" : "/default-rack/Slave23",
      "startTime" : 1404894563805,
      "finishTime" : 1404894576186,
      "attemptID" : "attempt_201407031554_1492_m_000028_0",
      "shuffleFinished" : -1,
      "sortFinished" : -1,
      "hdfsBytesRead" : 122416815,
      "hdfsBytesWritten" : -1,
      "fileBytesRead" : 16902087,
      "fileBytesWritten" : 23577071,
      "mapInputRecords" : 53732,
      "mapOutputBytes" : 169557736,
      "mapOutputRecords" : 11299564,
      "combineInputRecords" : 11669446,
      "reduceInputGroups" : -1,
      "reduceInputRecords" : -1,
      "reduceShuffleBytes" : -1,
      "reduceOutputRecords" : -1,
      "spilledRecords" : 917637,
      "mapInputBytes" : -1,
      "resourceUsageMetrics" : {
        "cumulativeCpuUsage" : 14410,
        "virtualMemoryUsage" : 1053200384,
        "physicalMemoryUsage" : 549916672,
        "heapUsage" : 522190848
      }
    } ],
    "finishTime" : 1404894574013,
    "preferredLocations" : [ {
      "layers" : [ "default-rack", "Master2" ]
    }, {
      "layers" : [ "default-rack", "Slave23" ]
    }, {
      "layers" : [ "default-rack", "Slave21" ]
    } ],
    "taskType" : "MAP",
    "taskStatus" : "SUCCESS",
    "taskID" : "task_201407031554_1492_m_000028",
    "inputBytes" : 122416815,
    "inputRecords" : 53732,
    "outputBytes" : 23577071,
    "outputRecords" : 11299564
  }, {
    "startTime" : 1404894561496,
    "attempts" : [ {
      "result" : "SUCCESS",
      "location" : {
        "layers" : [ "default-rack", "Master2" ]
      },
      "hostName" : "/default-rack/Master2",
      "startTime" : 1404894561497,
      "finishTime" : 1404894573140,
      "attemptID" : "attempt_201407031554_1492_m_000024_0",
      "shuffleFinished" : -1,
      "sortFinished" : -1,
      "hdfsBytesRead" : 122419150,
      "hdfsBytesWritten" : -1,
      "fileBytesRead" : 19527226,
      "fileBytesWritten" : 27653233,
      "mapInputRecords" : 2994,
      "mapOutputBytes" : 168952753,
      "mapOutputRecords" : 11199241,
      "combineInputRecords" : 11567761,
      "reduceInputGroups" : -1,
      "reduceInputRecords" : -1,
      "reduceShuffleBytes" : -1,
      "reduceOutputRecords" : -1,
      "spilledRecords" : 914726,
      "mapInputBytes" : -1,
      "resourceUsageMetrics" : {
        "cumulativeCpuUsage" : 14080,
        "virtualMemoryUsage" : 1053470720,
        "physicalMemoryUsage" : 545890304,
        "heapUsage" : 514850816
      }
    } ],
    "finishTime" : 1404894573228,
    "preferredLocations" : [ {
      "layers" : [ "default-rack", "Master2" ]
    }, {
      "layers" : [ "default-rack", "Slave22" ]
    }, {
      "layers" : [ "default-rack", "Slave21" ]
    } ],
    "taskType" : "MAP",
    "taskStatus" : "SUCCESS",
    "taskID" : "task_201407031554_1492_m_000024",
    "inputBytes" : 122419150,
    "inputRecords" : 2994,
    "outputBytes" : 27653233,
    "outputRecords" : 11199241
  }, {
    "startTime" : 1404894561797,
    "attempts" : [ {
      "result" : "SUCCESS",
      "location" : {
        "layers" : [ "default-rack", "Master2" ]
      },
      "hostName" : "/default-rack/Master2",
      "startTime" : 1404894561798,
      "finishTime" : 1404894574063,
      "attemptID" : "attempt_201407031554_1492_m_000025_0",
      "shuffleFinished" : -1,
      "sortFinished" : -1,
      "hdfsBytesRead" : 122418317,
      "hdfsBytesWritten" : -1,
      "fileBytesRead" : 16706399,
      "fileBytesWritten" : 23259635,
      "mapInputRecords" : 2930,
      "mapOutputBytes" : 169340729,
      "mapOutputRecords" : 11249870,
      "combineInputRecords" : 11619230,
      "reduceInputGroups" : -1,
      "reduceInputRecords" : -1,
      "reduceShuffleBytes" : -1,
      "reduceOutputRecords" : -1,
      "spilledRecords" : 915939,
      "mapInputBytes" : -1,
      "resourceUsageMetrics" : {
        "cumulativeCpuUsage" : 14890,
        "virtualMemoryUsage" : 1053446144,
        "physicalMemoryUsage" : 539561984,
        "heapUsage" : 532414464
      }
    } ],
    "finishTime" : 1404894574131,
    "preferredLocations" : [ {
      "layers" : [ "default-rack", "Master2" ]
    }, {
      "layers" : [ "default-rack", "Slave21" ]
    }, {
      "layers" : [ "default-rack", "Slave22" ]
    } ],
    "taskType" : "MAP",
    "taskStatus" : "SUCCESS",
    "taskID" : "task_201407031554_1492_m_000025",
    "inputBytes" : 122418317,
    "inputRecords" : 2930,
    "outputBytes" : 23259635,
    "outputRecords" : 11249870
  }, {
    "startTime" : 1404894561808,
    "attempts" : [ {
      "result" : "SUCCESS",
      "location" : {
        "layers" : [ "default-rack", "Slave22" ]
      },
      "hostName" : "/default-rack/Slave22",
      "startTime" : 1404894549719,
      "finishTime" : 1404894561510,
      "attemptID" : "attempt_201407031554_1492_m_000027_0",
      "shuffleFinished" : -1,
      "sortFinished" : -1,
      "hdfsBytesRead" : 122416998,
      "hdfsBytesWritten" : -1,
      "fileBytesRead" : 19280744,
      "fileBytesWritten" : 27320798,
      "mapInputRecords" : 2929,
      "mapOutputBytes" : 168759770,
      "mapOutputRecords" : 11192495,
      "combineInputRecords" : 11560216,
      "reduceInputGroups" : -1,
      "reduceInputRecords" : -1,
      "reduceShuffleBytes" : -1,
      "reduceOutputRecords" : -1,
      "spilledRecords" : 912508,
      "mapInputBytes" : -1,
      "resourceUsageMetrics" : {
        "cumulativeCpuUsage" : 14130,
        "virtualMemoryUsage" : 1052991488,
        "physicalMemoryUsage" : 544808960,
        "heapUsage" : 519831552
      }
    } ],
    "finishTime" : 1404894573859,
    "preferredLocations" : [ {
      "layers" : [ "default-rack", "Master2" ]
    }, {
      "layers" : [ "default-rack", "Slave22" ]
    }, {
      "layers" : [ "default-rack", "Slave21" ]
    } ],
    "taskType" : "MAP",
    "taskStatus" : "SUCCESS",
    "taskID" : "task_201407031554_1492_m_000027",
    "inputBytes" : 122416998,
    "inputRecords" : 2929,
    "outputBytes" : 27320798,
    "outputRecords" : 11192495
  }, {
    "startTime" : 1404894562222,
    "attempts" : [ {
      "result" : "SUCCESS",
      "location" : {
        "layers" : [ "default-rack", "Slave21" ]
      },
      "hostName" : "/default-rack/Slave21",
      "startTime" : 1404894554802,
      "finishTime" : 1404894566627,
      "attemptID" : "attempt_201407031554_1492_m_000031_0",
      "shuffleFinished" : -1,
      "sortFinished" : -1,
      "hdfsBytesRead" : 122416056,
      "hdfsBytesWritten" : -1,
      "fileBytesRead" : 19287701,
      "fileBytesWritten" : 27349807,
      "mapInputRecords" : 2947,
      "mapOutputBytes" : 168841799,
      "mapOutputRecords" : 11198588,
      "combineInputRecords" : 11566775,
      "reduceInputGroups" : -1,
      "reduceInputRecords" : -1,
      "reduceShuffleBytes" : -1,
      "reduceOutputRecords" : -1,
      "spilledRecords" : 913616,
      "mapInputBytes" : -1,
      "resourceUsageMetrics" : {
        "cumulativeCpuUsage" : 13810,
        "virtualMemoryUsage" : 1051385856,
        "physicalMemoryUsage" : 534548480,
        "heapUsage" : 533987328
      }
    } ],
    "finishTime" : 1404894574262,
    "preferredLocations" : [ {
      "layers" : [ "default-rack", "Slave23" ]
    }, {
      "layers" : [ "default-rack", "Slave21" ]
    }, {
      "layers" : [ "default-rack", "Slave22" ]
    } ],
    "taskType" : "MAP",
    "taskStatus" : "SUCCESS",
    "taskID" : "task_201407031554_1492_m_000031",
    "inputBytes" : 122416056,
    "inputRecords" : 2947,
    "outputBytes" : 27349807,
    "outputRecords" : 11198588
  }, {
    "startTime" : 1404894562223,
    "attempts" : [ {
      "result" : "SUCCESS",
      "location" : {
        "layers" : [ "default-rack", "Slave21" ]
      },
      "hostName" : "/default-rack/Slave21",
      "startTime" : 1404894554802,
      "finishTime" : 1404894566597,
      "attemptID" : "attempt_201407031554_1492_m_000032_0",
      "shuffleFinished" : -1,
      "sortFinished" : -1,
      "hdfsBytesRead" : 122416036,
      "hdfsBytesWritten" : -1,
      "fileBytesRead" : 19671969,
      "fileBytesWritten" : 27901931,
      "mapInputRecords" : 2976,
      "mapOutputBytes" : 169039759,
      "mapOutputRecords" : 11198674,
      "combineInputRecords" : 11566844,
      "reduceInputGroups" : -1,
      "reduceInputRecords" : -1,
      "reduceShuffleBytes" : -1,
      "reduceOutputRecords" : -1,
      "spilledRecords" : 913824,
      "mapInputBytes" : -1,
      "resourceUsageMetrics" : {
        "cumulativeCpuUsage" : 14270,
        "virtualMemoryUsage" : 1051119616,
        "physicalMemoryUsage" : 636329984,
        "heapUsage" : 665583616
      }
    } ],
    "finishTime" : 1404894574262,
    "preferredLocations" : [ {
      "layers" : [ "default-rack", "Slave21" ]
    }, {
      "layers" : [ "default-rack", "Slave23" ]
    }, {
      "layers" : [ "default-rack", "Slave22" ]
    } ],
    "taskType" : "MAP",
    "taskStatus" : "SUCCESS",
    "taskID" : "task_201407031554_1492_m_000032",
    "inputBytes" : 122416036,
    "inputRecords" : 2976,
    "outputBytes" : 27901931,
    "outputRecords" : 11198674
  }, {
    "startTime" : 1404894562713,
    "attempts" : [ {
      "result" : "SUCCESS",
      "location" : {
        "layers" : [ "default-rack", "Slave22" ]
      },
      "hostName" : "/default-rack/Slave22",
      "startTime" : 1404894550624,
      "finishTime" : 1404894562375,
      "attemptID" : "attempt_201407031554_1492_m_000029_0",
      "shuffleFinished" : -1,
      "sortFinished" : -1,
      "hdfsBytesRead" : 122416426,
      "hdfsBytesWritten" : -1,
      "fileBytesRead" : 19517017,
      "fileBytesWritten" : 27655681,
      "mapInputRecords" : 2979,
      "mapOutputBytes" : 168928285,
      "mapOutputRecords" : 11196758,
      "combineInputRecords" : 11565611,
      "reduceInputGroups" : -1,
      "reduceInputRecords" : -1,
      "reduceShuffleBytes" : -1,
      "reduceOutputRecords" : -1,
      "spilledRecords" : 915448,
      "mapInputBytes" : -1,
      "resourceUsageMetrics" : {
        "cumulativeCpuUsage" : 14270,
        "virtualMemoryUsage" : 1051480064,
        "physicalMemoryUsage" : 509370368,
        "heapUsage" : 450363392
      }
    } ],
    "finishTime" : 1404894574762,
    "preferredLocations" : [ {
      "layers" : [ "default-rack", "Master2" ]
    }, {
      "layers" : [ "default-rack", "Slave23" ]
    }, {
      "layers" : [ "default-rack", "Slave22" ]
    } ],
    "taskType" : "MAP",
    "taskStatus" : "SUCCESS",
    "taskID" : "task_201407031554_1492_m_000029",
    "inputBytes" : 122416426,
    "inputRecords" : 2979,
    "outputBytes" : 27655681,
    "outputRecords" : 11196758
  }, {
    "startTime" : 1404894573228,
    "attempts" : [ {
      "result" : "SUCCESS",
      "location" : {
        "layers" : [ "default-rack", "Master2" ]
      },
      "hostName" : "/default-rack/Master2",
      "startTime" : 1404894573229,
      "finishTime" : 1404894585386,
      "attemptID" : "attempt_201407031554_1492_m_000030_0",
      "shuffleFinished" : -1,
      "sortFinished" : -1,
      "hdfsBytesRead" : 122416275,
      "hdfsBytesWritten" : -1,
      "fileBytesRead" : 20234964,
      "fileBytesWritten" : 28760913,
      "mapInputRecords" : 2931,
      "mapOutputBytes" : 169357797,
      "mapOutputRecords" : 11199643,
      "combineInputRecords" : 11568006,
      "reduceInputGroups" : -1,
      "reduceInputRecords" : -1,
      "reduceShuffleBytes" : -1,
      "reduceOutputRecords" : -1,
      "spilledRecords" : 914720,
      "mapInputBytes" : -1,
      "resourceUsageMetrics" : {
        "cumulativeCpuUsage" : 14620,
        "virtualMemoryUsage" : 1053470720,
        "physicalMemoryUsage" : 543756288,
        "heapUsage" : 522452992
      }
    } ],
    "finishTime" : 1404894585563,
    "preferredLocations" : [ {
      "layers" : [ "default-rack", "Master2" ]
    }, {
      "layers" : [ "default-rack", "Slave22" ]
    }, {
      "layers" : [ "default-rack", "Slave23" ]
    } ],
    "taskType" : "MAP",
    "taskStatus" : "SUCCESS",
    "taskID" : "task_201407031554_1492_m_000030",
    "inputBytes" : 122416275,
    "inputRecords" : 2931,
    "outputBytes" : 28760913,
    "outputRecords" : 11199643
  }, {
    "startTime" : 1404894573859,
    "attempts" : [ {
      "result" : "SUCCESS",
      "location" : {
        "layers" : [ "default-rack", "Slave22" ]
      },
      "hostName" : "/default-rack/Slave22",
      "startTime" : 1404894561770,
      "finishTime" : 1404894573473,
      "attemptID" : "attempt_201407031554_1492_m_000033_0",
      "shuffleFinished" : -1,
      "sortFinished" : -1,
      "hdfsBytesRead" : 122415886,
      "hdfsBytesWritten" : -1,
      "fileBytesRead" : 15924903,
      "fileBytesWritten" : 21964466,
      "mapInputRecords" : 3050,
      "mapOutputBytes" : 168683699,
      "mapOutputRecords" : 11238846,
      "combineInputRecords" : 11606553,
      "reduceInputGroups" : -1,
      "reduceInputRecords" : -1,
      "reduceShuffleBytes" : -1,
      "reduceOutputRecords" : -1,
      "spilledRecords" : 907730,
      "mapInputBytes" : -1,
      "resourceUsageMetrics" : {
        "cumulativeCpuUsage" : 13770,
        "virtualMemoryUsage" : 1052991488,
        "physicalMemoryUsage" : 547172352,
        "heapUsage" : 541589504
      }
    } ],
    "finishTime" : 1404894585696,
    "preferredLocations" : [ {
      "layers" : [ "default-rack", "Master2" ]
    }, {
      "layers" : [ "default-rack", "Slave22" ]
    }, {
      "layers" : [ "default-rack", "Slave23" ]
    } ],
    "taskType" : "MAP",
    "taskStatus" : "SUCCESS",
    "taskID" : "task_201407031554_1492_m_000033",
    "inputBytes" : 122415886,
    "inputRecords" : 3050,
    "outputBytes" : 21964466,
    "outputRecords" : 11238846
  }, {
    "startTime" : 1404894574013,
    "attempts" : [ {
      "result" : "SUCCESS",
      "location" : {
        "layers" : [ "default-rack", "Slave23" ]
      },
      "hostName" : "/default-rack/Slave23",
      "startTime" : 1404894576467,
      "finishTime" : 1404894588845,
      "attemptID" : "attempt_201407031554_1492_m_000035_0",
      "shuffleFinished" : -1,
      "sortFinished" : -1,
      "hdfsBytesRead" : 122413800,
      "hdfsBytesWritten" : -1,
      "fileBytesRead" : 19915636,
      "fileBytesWritten" : 28306439,
      "mapInputRecords" : 2943,
      "mapOutputBytes" : 169158214,
      "mapOutputRecords" : 11196569,
      "combineInputRecords" : 11564579,
      "reduceInputGroups" : -1,
      "reduceInputRecords" : -1,
      "reduceShuffleBytes" : -1,
      "reduceOutputRecords" : -1,
      "spilledRecords" : 913452,
      "mapInputBytes" : -1,
      "resourceUsageMetrics" : {
        "cumulativeCpuUsage" : 14990,
        "virtualMemoryUsage" : 1053147136,
        "physicalMemoryUsage" : 543752192,
        "heapUsage" : 519831552
      }
    } ],
    "finishTime" : 1404894586681,
    "preferredLocations" : [ {
      "layers" : [ "default-rack", "Master2" ]
    }, {
      "layers" : [ "default-rack", "Slave23" ]
    }, {
      "layers" : [ "default-rack", "Slave21" ]
    } ],
    "taskType" : "MAP",
    "taskStatus" : "SUCCESS",
    "taskID" : "task_201407031554_1492_m_000035",
    "inputBytes" : 122413800,
    "inputRecords" : 2943,
    "outputBytes" : 28306439,
    "outputRecords" : 11196569
  }, {
    "startTime" : 1404894574014,
    "attempts" : [ {
      "result" : "SUCCESS",
      "location" : {
        "layers" : [ "default-rack", "Slave23" ]
      },
      "hostName" : "/default-rack/Slave23",
      "startTime" : 1404894576467,
      "finishTime" : 1404894588892,
      "attemptID" : "attempt_201407031554_1492_m_000036_0",
      "shuffleFinished" : -1,
      "sortFinished" : -1,
      "hdfsBytesRead" : 122413797,
      "hdfsBytesWritten" : -1,
      "fileBytesRead" : 17051931,
      "fileBytesWritten" : 23834391,
      "mapInputRecords" : 104430,
      "mapOutputBytes" : 169058697,
      "mapOutputRecords" : 11302327,
      "combineInputRecords" : 11671888,
      "reduceInputGroups" : -1,
      "reduceInputRecords" : -1,
      "reduceShuffleBytes" : -1,
      "reduceOutputRecords" : -1,
      "spilledRecords" : 917107,
      "mapInputBytes" : -1,
      "resourceUsageMetrics" : {
        "cumulativeCpuUsage" : 15010,
        "virtualMemoryUsage" : 1053200384,
        "physicalMemoryUsage" : 551780352,
        "heapUsage" : 559153152
      }
    } ],
    "finishTime" : 1404894586682,
    "preferredLocations" : [ {
      "layers" : [ "default-rack", "Master2" ]
    }, {
      "layers" : [ "default-rack", "Slave21" ]
    }, {
      "layers" : [ "default-rack", "Slave23" ]
    } ],
    "taskType" : "MAP",
    "taskStatus" : "SUCCESS",
    "taskID" : "task_201407031554_1492_m_000036",
    "inputBytes" : 122413797,
    "inputRecords" : 104430,
    "outputBytes" : 23834391,
    "outputRecords" : 11302327
  }, {
    "startTime" : 1404894574131,
    "attempts" : [ {
      "result" : "SUCCESS",
      "location" : {
        "layers" : [ "default-rack", "Master2" ]
      },
      "hostName" : "/default-rack/Master2",
      "startTime" : 1404894574132,
      "finishTime" : 1404894586030,
      "attemptID" : "attempt_201407031554_1492_m_000034_0",
      "shuffleFinished" : -1,
      "sortFinished" : -1,
      "hdfsBytesRead" : 122415474,
      "hdfsBytesWritten" : -1,
      "fileBytesRead" : 19672073,
      "fileBytesWritten" : 27910929,
      "mapInputRecords" : 2929,
      "mapOutputBytes" : 169050242,
      "mapOutputRecords" : 11199882,
      "combineInputRecords" : 11568231,
      "reduceInputGroups" : -1,
      "reduceInputRecords" : -1,
      "reduceShuffleBytes" : -1,
      "reduceOutputRecords" : -1,
      "spilledRecords" : 914307,
      "mapInputBytes" : -1,
      "resourceUsageMetrics" : {
        "cumulativeCpuUsage" : 13710,
        "virtualMemoryUsage" : 1053446144,
        "physicalMemoryUsage" : 540123136,
        "heapUsage" : 557580288
      }
    } ],
    "finishTime" : 1404894586166,
    "preferredLocations" : [ {
      "layers" : [ "default-rack", "Master2" ]
    }, {
      "layers" : [ "default-rack", "Slave22" ]
    }, {
      "layers" : [ "default-rack", "Slave21" ]
    } ],
    "taskType" : "MAP",
    "taskStatus" : "SUCCESS",
    "taskID" : "task_201407031554_1492_m_000034",
    "inputBytes" : 122415474,
    "inputRecords" : 2929,
    "outputBytes" : 27910929,
    "outputRecords" : 11199882
  }, {
    "startTime" : 1404894574262,
    "attempts" : [ {
      "result" : "SUCCESS",
      "location" : {
        "layers" : [ "default-rack", "Slave21" ]
      },
      "hostName" : "/default-rack/Slave21",
      "startTime" : 1404894566842,
      "finishTime" : 1404894579060,
      "attemptID" : "attempt_201407031554_1492_m_000037_0",
      "shuffleFinished" : -1,
      "sortFinished" : -1,
      "hdfsBytesRead" : 122412722,
      "hdfsBytesWritten" : -1,
      "fileBytesRead" : 17092000,
      "fileBytesWritten" : 23931066,
      "mapInputRecords" : 2912,
      "mapOutputBytes" : 168975477,
      "mapOutputRecords" : 11234050,
      "combineInputRecords" : 11602533,
      "reduceInputGroups" : -1,
      "reduceInputRecords" : -1,
      "reduceShuffleBytes" : -1,
      "reduceOutputRecords" : -1,
      "spilledRecords" : 914793,
      "mapInputBytes" : -1,
      "resourceUsageMetrics" : {
        "cumulativeCpuUsage" : 14770,
        "virtualMemoryUsage" : 1051385856,
        "physicalMemoryUsage" : 542482432,
        "heapUsage" : 556007424
      }
    } ],
    "finishTime" : 1404894586606,
    "preferredLocations" : [ {
      "layers" : [ "default-rack", "Master2" ]
    }, {
      "layers" : [ "default-rack", "Slave23" ]
    }, {
      "layers" : [ "default-rack", "Slave21" ]
    } ],
    "taskType" : "MAP",
    "taskStatus" : "SUCCESS",
    "taskID" : "task_201407031554_1492_m_000037",
    "inputBytes" : 122412722,
    "inputRecords" : 2912,
    "outputBytes" : 23931066,
    "outputRecords" : 11234050
  }, {
    "startTime" : 1404894574262,
    "attempts" : [ {
      "result" : "SUCCESS",
      "location" : {
        "layers" : [ "default-rack", "Slave21" ]
      },
      "hostName" : "/default-rack/Slave21",
      "startTime" : 1404894566842,
      "finishTime" : 1404894579014,
      "attemptID" : "attempt_201407031554_1492_m_000038_0",
      "shuffleFinished" : -1,
      "sortFinished" : -1,
      "hdfsBytesRead" : 122412684,
      "hdfsBytesWritten" : -1,
      "fileBytesRead" : 16671869,
      "fileBytesWritten" : 23226712,
      "mapInputRecords" : 2988,
      "mapOutputBytes" : 169164825,
      "mapOutputRecords" : 11247642,
      "combineInputRecords" : 11616282,
      "reduceInputGroups" : -1,
      "reduceInputRecords" : -1,
      "reduceShuffleBytes" : -1,
      "reduceOutputRecords" : -1,
      "spilledRecords" : 914391,
      "mapInputBytes" : -1,
      "resourceUsageMetrics" : {
        "cumulativeCpuUsage" : 14790,
        "virtualMemoryUsage" : 1051119616,
        "physicalMemoryUsage" : 735711232,
        "heapUsage" : 767033344
      }
    }, {
      "result" : "KILLED",
      "location" : null,
      "hostName" : null,
      "startTime" : 1404894586471,
      "finishTime" : 1404894588462,
      "attemptID" : "attempt_201407031554_1492_m_000038_1",
      "shuffleFinished" : -1,
      "sortFinished" : -1,
      "hdfsBytesRead" : -1,
      "hdfsBytesWritten" : -1,
      "fileBytesRead" : -1,
      "fileBytesWritten" : -1,
      "mapInputRecords" : -1,
      "mapOutputBytes" : -1,
      "mapOutputRecords" : -1,
      "combineInputRecords" : -1,
      "reduceInputGroups" : -1,
      "reduceInputRecords" : -1,
      "reduceShuffleBytes" : -1,
      "reduceOutputRecords" : -1,
      "spilledRecords" : -1,
      "mapInputBytes" : -1,
      "resourceUsageMetrics" : {
        "cumulativeCpuUsage" : 0,
        "virtualMemoryUsage" : 0,
        "physicalMemoryUsage" : 0,
        "heapUsage" : 0
      }
    } ],
    "finishTime" : 1404894586606,
    "preferredLocations" : [ {
      "layers" : [ "default-rack", "Master2" ]
    }, {
      "layers" : [ "default-rack", "Slave23" ]
    }, {
      "layers" : [ "default-rack", "Slave21" ]
    } ],
    "taskType" : "MAP",
    "taskStatus" : "SUCCESS",
    "taskID" : "task_201407031554_1492_m_000038",
    "inputBytes" : 122412684,
    "inputRecords" : 2988,
    "outputBytes" : 23226712,
    "outputRecords" : 11247642
  }, {
    "startTime" : 1404894574762,
    "attempts" : [ {
      "result" : "SUCCESS",
      "location" : {
        "layers" : [ "default-rack", "Slave22" ]
      },
      "hostName" : "/default-rack/Slave22",
      "startTime" : 1404894562674,
      "finishTime" : 1404894574243,
      "attemptID" : "attempt_201407031554_1492_m_000039_0",
      "shuffleFinished" : -1,
      "sortFinished" : -1,
      "hdfsBytesRead" : 122412414,
      "hdfsBytesWritten" : -1,
      "fileBytesRead" : 19305164,
      "fileBytesWritten" : 27353821,
      "mapInputRecords" : 2965,
      "mapOutputBytes" : 168788255,
      "mapOutputRecords" : 11195911,
      "combineInputRecords" : 11564197,
      "reduceInputGroups" : -1,
      "reduceInputRecords" : -1,
      "reduceShuffleBytes" : -1,
      "reduceOutputRecords" : -1,
      "spilledRecords" : 914076,
      "mapInputBytes" : -1,
      "resourceUsageMetrics" : {
        "cumulativeCpuUsage" : 13640,
        "virtualMemoryUsage" : 1051480064,
        "physicalMemoryUsage" : 557322240,
        "heapUsage" : 535822336
      }
    } ],
    "finishTime" : 1404894586600,
    "preferredLocations" : [ {
      "layers" : [ "default-rack", "Master2" ]
    }, {
      "layers" : [ "default-rack", "Slave22" ]
    }, {
      "layers" : [ "default-rack", "Slave21" ]
    } ],
    "taskType" : "MAP",
    "taskStatus" : "SUCCESS",
    "taskID" : "task_201407031554_1492_m_000039",
    "inputBytes" : 122412414,
    "inputRecords" : 2965,
    "outputBytes" : 27353821,
    "outputRecords" : 11195911
  } ],
  "finishTime" : 1404894595230,
  "reduceTasks" : [ {
    "startTime" : 1404894535283,
    "attempts" : [ {
      "result" : "SUCCESS",
      "location" : {
        "layers" : [ "default-rack", "Master2" ]
      },
      "hostName" : "/default-rack/Master2",
      "startTime" : 1404894535284,
      "finishTime" : 1404894593576,
      "attemptID" : "attempt_201407031554_1492_r_000000_0",
      "shuffleFinished" : 1404894587965,
      "sortFinished" : 1404894588288,
      "hdfsBytesRead" : -1,
      "hdfsBytesWritten" : 57205645,
      "fileBytesRead" : -1,
      "fileBytesWritten" : 58927,
      "mapInputRecords" : -1,
      "mapOutputBytes" : -1,
      "mapOutputRecords" : -1,
      "combineInputRecords" : 0,
      "reduceInputGroups" : 1790426,
      "reduceInputRecords" : 3508713,
      "reduceShuffleBytes" : 106145404,
      "reduceOutputRecords" : 1790426,
      "spilledRecords" : 0,
      "mapInputBytes" : -1,
      "resourceUsageMetrics" : {
        "cumulativeCpuUsage" : 6790,
        "virtualMemoryUsage" : 730443776,
        "physicalMemoryUsage" : 294670336,
        "heapUsage" : 309067776
      }
    } ],
    "finishTime" : 1404894593718,
    "preferredLocations" : [ ],
    "taskType" : "REDUCE",
    "taskStatus" : "SUCCESS",
    "taskID" : "task_201407031554_1492_r_000000",
    "inputBytes" : 106145404,
    "inputRecords" : 3508713,
    "outputBytes" : 57205645,
    "outputRecords" : 1790426
  }, {
    "startTime" : 1404894535310,
    "attempts" : [ {
      "result" : "SUCCESS",
      "location" : {
        "layers" : [ "default-rack", "Slave22" ]
      },
      "hostName" : "/default-rack/Slave22",
      "startTime" : 1404894523222,
      "finishTime" : 1404894580495,
      "attemptID" : "attempt_201407031554_1492_r_000001_0",
      "shuffleFinished" : 1404894575853,
      "sortFinished" : 1404894576125,
      "hdfsBytesRead" : -1,
      "hdfsBytesWritten" : 57278159,
      "fileBytesRead" : -1,
      "fileBytesWritten" : 58927,
      "mapInputRecords" : -1,
      "mapOutputBytes" : -1,
      "mapOutputRecords" : -1,
      "combineInputRecords" : 0,
      "reduceInputGroups" : 1792618,
      "reduceInputRecords" : 3511077,
      "reduceShuffleBytes" : 106218379,
      "reduceOutputRecords" : 1792618,
      "spilledRecords" : 0,
      "mapInputBytes" : -1,
      "resourceUsageMetrics" : {
        "cumulativeCpuUsage" : 6210,
        "virtualMemoryUsage" : 728018944,
        "physicalMemoryUsage" : 251445248,
        "heapUsage" : 243269632
      }
    } ],
    "finishTime" : 1404894592633,
    "preferredLocations" : [ ],
    "taskType" : "REDUCE",
    "taskStatus" : "SUCCESS",
    "taskID" : "task_201407031554_1492_r_000001",
    "inputBytes" : 106218379,
    "inputRecords" : 3511077,
    "outputBytes" : 57278159,
    "outputRecords" : 1792618
  }, {
    "startTime" : 1404894535420,
    "attempts" : [ {
      "result" : "SUCCESS",
      "location" : {
        "layers" : [ "default-rack", "Slave21" ]
      },
      "hostName" : "/default-rack/Slave21",
      "startTime" : 1404894528002,
      "finishTime" : 1404894585611,
      "attemptID" : "attempt_201407031554_1492_r_000002_0",
      "shuffleFinished" : 1404894580917,
      "sortFinished" : 1404894581173,
      "hdfsBytesRead" : -1,
      "hdfsBytesWritten" : 57331325,
      "fileBytesRead" : -1,
      "fileBytesWritten" : 58927,
      "mapInputRecords" : -1,
      "mapOutputBytes" : -1,
      "mapOutputRecords" : -1,
      "combineInputRecords" : 0,
      "reduceInputGroups" : 1794336,
      "reduceInputRecords" : 3515183,
      "reduceShuffleBytes" : 106315862,
      "reduceOutputRecords" : 1794336,
      "spilledRecords" : 0,
      "mapInputBytes" : -1,
      "resourceUsageMetrics" : {
        "cumulativeCpuUsage" : 5980,
        "virtualMemoryUsage" : 730329088,
        "physicalMemoryUsage" : 328187904,
        "heapUsage" : 315097088
      }
    } ],
    "finishTime" : 1404894593285,
    "preferredLocations" : [ ],
    "taskType" : "REDUCE",
    "taskStatus" : "SUCCESS",
    "taskID" : "task_201407031554_1492_r_000002",
    "inputBytes" : 106315862,
    "inputRecords" : 3515183,
    "outputBytes" : 57331325,
    "outputRecords" : 1794336
  } ],
  "submitTime" : 1404894518348,
  "queue" : "default",
  "jobProperties" : {
    "fs.s3n.impl" : "org.apache.hadoop.fs.s3native.NativeS3FileSystem",
    "mapred.task.cache.levels" : "2",
    "mapreduce.job.restart.recover" : "true",
    "mapreduce.job.counters.max" : "120",
    "dfs.client.use.datanode.hostname" : "false",
    "hadoop.tmp.dir" : "/tmp/hadoop-${user.name}",
    "hadoop.native.lib" : "true",
    "map.sort.class" : "org.apache.hadoop.util.QuickSort",
    "dfs.namenode.decommission.nodes.per.interval" : "5",
    "dfs.https.need.client.auth" : "false",
    "dfs.datanode.drop.cache.behind.writes" : "false",
    "ipc.client.idlethreshold" : "4000",
    "mapred.system.dir" : "${hadoop.tmp.dir}/mapred/system",
    "dfs.datanode.data.dir.perm" : "755",
    "mapred.job.tracker.persist.jobstatus.hours" : "0",
    "dfs.namenode.logging.level" : "info",
    "dfs.datanode.address" : "0.0.0.0:50010",
    "io.skip.checksum.errors" : "false",
    "dfs.block.access.token.enable" : "false",
    "fs.default.name" : "hdfs://Master2:9000",
    "mapred.cluster.reduce.memory.mb" : "-1",
    "mapred.reducer.new-api" : "true",
    "mapred.child.tmp" : "./tmp",
    "fs.har.impl.disable.cache" : "true",
    "dfs.safemode.threshold.pct" : "0.999f",
    "mapred.skip.reduce.max.skip.groups" : "0",
    "mapred.heartbeats.in.second" : "100",
    "dfs.namenode.handler.count" : "10",
    "dfs.blockreport.initialDelay" : "0",
    "mapred.tasktracker.dns.nameserver" : "default",
    "io.sort.factor" : "10",
    "dfs.datanode.drop.cache.behind.reads" : "false",
    "mapred.task.timeout" : "600000",
    "mapred.max.tracker.failures" : "4",
    "hadoop.rpc.socket.factory.class.default" : "org.apache.hadoop.net.StandardSocketFactory",
    "mapred.job.tracker.jobhistory.lru.cache.size" : "5",
    "fs.hdfs.impl" : "org.apache.hadoop.hdfs.DistributedFileSystem",
    "mapred.queue.default.acl-administer-jobs" : "*",
    "dfs.namenode.stale.datanode.interval" : "30000",
    "mapred.output.key.class" : "org.apache.hadoop.io.Text",
    "dfs.block.access.key.update.interval" : "600",
    "mapred.skip.map.auto.incr.proc.count" : "true",
    "mapreduce.job.complete.cancel.delegation.tokens" : "true",
    "io.mapfile.bloom.size" : "1048576",
    "mapreduce.reduce.shuffle.connect.timeout" : "180000",
    "dfs.safemode.extension" : "30000",
    "mapred.jobtracker.blacklist.fault-timeout-window" : "180",
    "dfs.namenode.write.stale.datanode.ratio" : "0.5f",
    "hadoop.skip.worker.version.check" : "false",
    "tasktracker.http.threads" : "40",
    "net.topology.impl" : "org.apache.hadoop.net.NetworkTopology",
    "mapred.job.shuffle.merge.percent" : "0.5",
    "fs.ftp.impl" : "org.apache.hadoop.fs.ftp.FTPFileSystem",
    "user.name" : "itri-hadoop",
    "dfs.namenode.kerberos.internal.spnego.principal" : "${dfs.web.authentication.kerberos.principal}",
    "mapred.output.compress" : "false",
    "io.bytes.per.checksum" : "512",
    "mapred.combine.recordsBeforeProgress" : "10000",
    "mapred.healthChecker.script.timeout" : "600000",
    "topology.node.switch.mapping.impl" : "org.apache.hadoop.net.ScriptBasedMapping",
    "dfs.https.server.keystore.resource" : "ssl-server.xml",
    "mapred.reduce.slowstart.completed.maps" : "0.06",
    "mapred.reduce.max.attempts" : "4",
    "dfs.namenode.safemode.min.datanodes" : "0",
    "mapreduce.ifile.readahead.bytes" : "4194304",
    "fs.ramfs.impl" : "org.apache.hadoop.fs.InMemoryFileSystem",
    "dfs.block.access.token.lifetime" : "600",
    "mapred.skip.map.max.skip.records" : "0",
    "dfs.name.edits.dir" : "${dfs.name.dir}",
    "mapred.cluster.map.memory.mb" : "-1",
    "hadoop.security.group.mapping" : "org.apache.hadoop.security.ShellBasedUnixGroupsMapping",
    "mapred.job.tracker.persist.jobstatus.dir" : "/jobtracker/jobsInfo",
    "mapred.jar" : "hdfs://Master2:9000/tmp/hadoop-itri-hadoop/mapred/staging/itri-hadoop/.staging/job_201407031554_1492/job.jar",
    "fs.s3.buffer.dir" : "${hadoop.tmp.dir}/s3",
    "dfs.block.size" : "67108864",
    "job.end.retry.attempts" : "0",
    "fs.file.impl" : "org.apache.hadoop.fs.LocalFileSystem",
    "dfs.namenode.avoid.write.stale.datanode" : "false",
    "dfs.datanode.max.xcievers" : "4096",
    "mapred.local.dir.minspacestart" : "0",
    "mapred.output.compression.type" : "RECORD",
    "dfs.datanode.ipc.address" : "0.0.0.0:50020",
    "dfs.permissions" : "true",
    "topology.script.number.args" : "100",
    "mapreduce.job.counters.groups.max" : "50",
    "io.mapfile.bloom.error.rate" : "0.005",
    "mapred.cluster.max.reduce.memory.mb" : "-1",
    "mapred.max.tracker.blacklists" : "4",
    "mapred.task.profile.maps" : "0-2",
    "mapred.jobtracker.jobSchedulable" : "org.apache.hadoop.mapred.JobSchedulable",
    "dfs.datanode.https.address" : "0.0.0.0:50475",
    "mapred.userlog.retain.hours" : "24",
    "dfs.secondary.http.address" : "0.0.0.0:50090",
    "dfs.namenode.replication.work.multiplier.per.iteration" : "2",
    "dfs.replication.max" : "512",
    "mapred.job.tracker.persist.jobstatus.active" : "false",
    "hadoop.security.authorization" : "false",
    "local.cache.size" : "10737418240",
    "mapred.min.split.size" : "134217728",
    "dfs.namenode.delegation.token.renew-interval" : "86400000",
    "mapred.map.tasks" : "40",
    "mapred.child.java.opts" : "-Xmx200m",
    "mapred.output.value.class" : "org.apache.hadoop.io.IntWritable",
    "dfs.https.client.keystore.resource" : "ssl-client.xml",
    "ipc.client.fallback-to-simple-auth-allowed" : "false",
    "mapred.job.queue.name" : "default",
    "mapred.job.tracker.retiredjobs.cache.size" : "1000",
    "dfs.https.address" : "0.0.0.0:50470",
    "dfs.balance.bandwidthPerSec" : "1048576",
    "ipc.server.listen.queue.size" : "128",
    "dfs.namenode.invalidate.work.pct.per.iteration" : "0.32f",
    "mapred.inmem.merge.threshold" : "1100",
    "job.end.retry.interval" : "30000",
    "mapred.skip.attempts.to.start.skipping" : "2",
    "mapreduce.tasktracker.outofband.heartbeat.damper" : "1000000",
    "hadoop.security.use-weak-http-crypto" : "false",
    "fs.checkpoint.dir" : "${hadoop.tmp.dir}/dfs/namesecondary",
    "dfs.namenode.avoid.read.stale.datanode" : "false",
    "mapred.reduce.tasks" : "3",
    "mapred.merge.recordsBeforeProgress" : "10000",
    "mapred.userlog.limit.kb" : "0",
    "mapred.job.reduce.memory.mb" : "-1",
    "webinterface.private.actions" : "false",
    "dfs.max.objects" : "0",
    "hadoop.security.token.service.use_ip" : "true",
    "io.sort.spill.percent" : "0.7",
    "mapred.job.shuffle.input.buffer.percent" : "0.7",
    "mapred.map.tasks.speculative.execution" : "true",
    "hadoop.http.authentication.type" : "simple",
    "mapred.job.name" : "word count",
    "hadoop.util.hash.type" : "murmur",
    "dfs.datanode.dns.nameserver" : "default",
    "hadoop.security.instrumentation.requires.admin" : "false",
    "dfs.blockreport.intervalMsec" : "3600000",
    "dfs.datanode.readahead.bytes" : "4193404",
    "mapred.map.max.attempts" : "4",
    "mapreduce.job.acl-view-job" : " ",
    "mapreduce.ifile.readahead" : "true",
    "mapred.jobtracker.nodegroup.aware" : "false",
    "mapred.job.tracker.handler.count" : "10",
    "dfs.client.block.write.retries" : "3",
    "mapreduce.reduce.shuffle.read.timeout" : "180000",
    "mapred.tasktracker.expiry.interval" : "600000",
    "dfs.secondary.namenode.kerberos.internal.spnego.principal" : "${dfs.web.authentication.kerberos.principal}",
    "dfs.https.enable" : "false",
    "mapred.jobtracker.job.history.block.size" : "3145728",
    "mapred.jobtracker.maxtasks.per.job" : "-1",
    "keep.failed.task.files" : "false",
    "dfs.datanode.use.datanode.hostname" : "false",
    "dfs.datanode.failed.volumes.tolerated" : "0",
    "ipc.client.tcpnodelay" : "false",
    "mapred.task.profile.reduces" : "0-2",
    "io.map.index.skip" : "0",
    "mapred.output.compression.codec" : "org.apache.hadoop.io.compress.DefaultCodec",
    "hadoop.http.authentication.token.validity" : "36000",
    "ipc.server.tcpnodelay" : "false",
    "hadoop.jetty.logs.serve.aliases" : "true",
    "mapred.working.dir" : "hdfs://Master2:9000/user/itri-hadoop",
    "mapred.jobtracker.blacklist.fault-bucket-width" : "15",
    "dfs.namenode.delegation.key.update-interval" : "86400000",
    "mapred.used.genericoptionsparser" : "true",
    "mapred.job.map.memory.mb" : "-1",
    "mapred.mapper.new-api" : "true",
    "dfs.default.chunk.view.size" : "32768",
    "hadoop.logfile.size" : "10000000",
    "mapred.reduce.tasks.speculative.execution" : "true",
    "mapreduce.tasktracker.outofband.heartbeat" : "false",
    "mapreduce.job.dir" : "hdfs://Master2:9000/tmp/hadoop-itri-hadoop/mapred/staging/itri-hadoop/.staging/job_201407031554_1492",
    "mapreduce.reduce.input.limit" : "-1",
    "dfs.datanode.du.reserved" : "0",
    "dfs.datanode.sync.behind.writes" : "false",
    "hadoop.security.authentication" : "simple",
    "fs.checkpoint.period" : "3600",
    "mapred.job.reuse.jvm.num.tasks" : "8",
    "dfs.web.ugi" : "webuser,webgroup",
    "mapred.jobtracker.completeuserjobs.maximum" : "100",
    "dfs.df.interval" : "60000",
    "mapred.task.tracker.task-controller" : "org.apache.hadoop.mapred.DefaultTaskController",
    "dfs.data.dir" : "${hadoop.tmp.dir}/dfs/data",
    "fs.s3.maxRetries" : "4",
    "dfs.datanode.dns.interface" : "default",
    "mapred.cluster.max.map.memory.mb" : "-1",
    "mapreduce.reduce.shuffle.maxfetchfailures" : "10",
    "mapred.map.child.java.opts" : "-Xmx800M",
    "mapreduce.job.acl-modify-job" : " ",
    "fs.hftp.impl" : "org.apache.hadoop.hdfs.HftpFileSystem",
    "mapred.local.dir" : "${hadoop.tmp.dir}/mapred/local",
    "dfs.permissions.supergroup" : "supergroup",
    "fs.s3.sleepTimeSeconds" : "10",
    "fs.trash.interval" : "0",
    "mapred.submit.replication" : "10",
    "dfs.replication.min" : "1",
    "fs.har.impl" : "org.apache.hadoop.fs.HarFileSystem",
    "hadoop.relaxed.worker.version.check" : "false",
    "mapred.map.output.compression.codec" : "org.apache.hadoop.io.compress.DefaultCodec",
    "mapred.tasktracker.dns.interface" : "default",
    "dfs.http.address" : "0.0.0.0:50070",
    "dfs.namenode.decommission.interval" : "30",
    "mapred.job.tracker" : "Master2:9001",
    "dfs.heartbeat.interval" : "3",
    "hadoop.http.authentication.signature.secret.file" : "${user.home}/hadoop-http-auth-signature-secret",
    "io.seqfile.sorter.recordlimit" : "1000000",
    "mapreduce.job.submithost" : "Master2",
    "dfs.name.dir" : "${hadoop.tmp.dir}/dfs/name",
    "mapred.jobtracker.taskScheduler" : "org.apache.hadoop.mapred.JobQueueTaskScheduler",
    "mapred.line.input.format.linespermap" : "1",
    "dfs.datanode.http.address" : "0.0.0.0:50075",
    "fs.webhdfs.impl" : "org.apache.hadoop.hdfs.web.WebHdfsFileSystem",
    "mapred.local.dir.minspacekill" : "0",
    "dfs.image.transfer.bandwidthPerSec" : "0",
    "dfs.replication.interval" : "3",
    "io.sort.record.percent" : "0.07",
    "hadoop.http.authentication.kerberos.principal" : "HTTP/localhost@LOCALHOST",
    "mapreduce.reduce.class" : "org.apache.hadoop.examples.WordCount$IntSumReducer",
    "fs.kfs.impl" : "org.apache.hadoop.fs.kfs.KosmosFileSystem",
    "mapred.tasktracker.reduce.tasks.maximum" : "3",
    "mapred.temp.dir" : "${hadoop.tmp.dir}/mapred/temp",
    "dfs.replication" : "3",
    "fs.checkpoint.edits.dir" : "${fs.checkpoint.dir}",
    "mapreduce.jobhistory.max-age-ms" : "2592000000",
    "mapred.tasktracker.tasks.sleeptime-before-sigkill" : "5000",
    "mapred.job.reduce.input.buffer.percent" : "0.7",
    "mapred.tasktracker.indexcache.mb" : "10",
    "dfs.webhdfs.enabled" : "false",
    "mapreduce.job.split.metainfo.maxsize" : "10000000",
    "hadoop.logfile.count" : "10",
    "mapred.skip.reduce.auto.incr.proc.count" : "true",
    "mapreduce.job.submithostaddress" : "192.168.1.104",
    "io.seqfile.compress.blocksize" : "1000000",
    "fs.s3.block.size" : "67108864",
    "mapred.tasktracker.taskmemorymanager.monitoring-interval" : "5000",
    "hadoop.http.authentication.simple.anonymous.allowed" : "true",
    "mapreduce.jobtracker.staging.root.dir" : "${hadoop.tmp.dir}/mapred/staging",
    "mapred.acls.enabled" : "false",
    "mapred.queue.default.state" : "RUNNING",
    "mapred.queue.names" : "default",
    "fs.hsftp.impl" : "org.apache.hadoop.hdfs.HsftpFileSystem",
    "dfs.access.time.precision" : "3600000",
    "mapred.task.tracker.http.address" : "0.0.0.0:50060",
    "mapreduce.combine.class" : "org.apache.hadoop.examples.WordCount$IntSumReducer",
    "io.seqfile.lazydecompress" : "true",
    "mapred.reduce.parallel.copies" : "5",
    "mapred.disk.healthChecker.interval" : "60000",
    "mapred.output.dir" : "/word-out",
    "ipc.client.connection.maxidletime" : "10000",
    "io.sort.mb" : "100",
    "mapred.reduce.child.java.opts" : "-Xmx500M",
    "mapred.task.tracker.report.address" : "127.0.0.1:0",
    "hadoop.security.uid.cache.secs" : "14400",
    "mapred.compress.map.output" : "false",
    "ipc.client.kill.max" : "10",
    "mapred.healthChecker.interval" : "60000",
    "ipc.client.connect.max.retries" : "10",
    "mapreduce.map.class" : "org.apache.hadoop.examples.WordCount$TokenizerMapper",
    "fs.s3.impl" : "org.apache.hadoop.fs.s3.S3FileSystem",
    "mapred.user.jobconf.limit" : "5242880",
    "mapreduce.job.counters.group.name.max" : "128",
    "mapred.job.tracker.http.address" : "0.0.0.0:50030",
    "mapred.input.dir" : "hdfs://Master2:9000/word-in5G",
    "io.file.buffer.size" : "4096",
    "mapred.jobtracker.restart.recover" : "false",
    "io.serializations" : "org.apache.hadoop.io.serializer.WritableSerialization",
    "mapred.task.profile" : "false",
    "dfs.datanode.handler.count" : "3",
    "mapreduce.input.num.files" : "20",
    "mapreduce.jobhistory.cleaner.interval-ms" : "86400000",
    "dfs.replication.considerLoad" : "true",
    "jobclient.output.filter" : "FAILED",
    "dfs.namenode.edits.toleration.length" : "0",
    "hadoop.http.authentication.kerberos.keytab" : "${user.home}/hadoop.keytab",
    "dfs.namenode.delegation.token.max-lifetime" : "604800000",
    "mapred.tasktracker.map.tasks.maximum" : "4",
    "fs.checkpoint.size" : "67108864",
    "io.compression.codecs" : "org.apache.hadoop.io.compress.DefaultCodec,org.apache.hadoop.io.compress.GzipCodec,org.apache.hadoop.io.compress.BZip2Codec,org.apache.hadoop.io.compress.SnappyCodec",
    "mapreduce.job.counters.counter.name.max" : "64"
  },
  "computonsPerMapInputByte" : -1,
  "computonsPerMapOutputByte" : -1,
  "computonsPerReduceInputByte" : -1,
  "computonsPerReduceOutputByte" : -1,
  "heapMegabytes" : 200,
  "outcome" : "SUCCESS",
  "jobtype" : "JAVA",
  "directDependantJobs" : [ ],
  "successfulMapAttemptCDFs" : [ {
    "minimum" : 11569,
    "maximum" : 16300,
    "rankings" : [ {
      "datum" : 11643,
      "relativeRanking" : 0.05
    }, {
      "datum" : 11751,
      "relativeRanking" : 0.1
    }, {
      "datum" : 11795,
      "relativeRanking" : 0.15
    }, {
      "datum" : 11898,
      "relativeRanking" : 0.2
    }, {
      "datum" : 12018,
      "relativeRanking" : 0.25
    }, {
      "datum" : 12157,
      "relativeRanking" : 0.3
    }, {
      "datum" : 12172,
      "relativeRanking" : 0.35
    }, {
      "datum" : 12265,
      "relativeRanking" : 0.4
    }, {
      "datum" : 12381,
      "relativeRanking" : 0.45
    }, {
      "datum" : 12437,
      "relativeRanking" : 0.5
    }, {
      "datum" : 13009,
      "relativeRanking" : 0.55
    }, {
      "datum" : 13252,
      "relativeRanking" : 0.6
    }, {
      "datum" : 13393,
      "relativeRanking" : 0.65
    }, {
      "datum" : 13480,
      "relativeRanking" : 0.7
    }, {
      "datum" : 13499,
      "relativeRanking" : 0.75
    }, {
      "datum" : 13705,
      "relativeRanking" : 0.8
    }, {
      "datum" : 15554,
      "relativeRanking" : 0.85
    }, {
      "datum" : 15589,
      "relativeRanking" : 0.9
    }, {
      "datum" : 15655,
      "relativeRanking" : 0.95
    } ],
    "numberValues" : 40
  }, {
    "minimum" : -9223372036854775808,
    "maximum" : 9223372036854775807,
    "rankings" : [ ],
    "numberValues" : 0
  }, {
    "minimum" : -9223372036854775808,
    "maximum" : 9223372036854775807,
    "rankings" : [ ],
    "numberValues" : 0
  }, {
    "minimum" : -9223372036854775808,
    "maximum" : 9223372036854775807,
    "rankings" : [ ],
    "numberValues" : 0
  } ],
  "failedMapAttemptCDFs" : [ {
    "minimum" : -9223372036854775808,
    "maximum" : 9223372036854775807,
    "rankings" : [ ],
    "numberValues" : 0
  }, {
    "minimum" : -9223372036854775808,
    "maximum" : 9223372036854775807,
    "rankings" : [ ],
    "numberValues" : 0
  }, {
    "minimum" : -9223372036854775808,
    "maximum" : 9223372036854775807,
    "rankings" : [ ],
    "numberValues" : 0
  }, {
    "minimum" : -9223372036854775808,
    "maximum" : 9223372036854775807,
    "rankings" : [ ],
    "numberValues" : 0
  } ],
  "successfulReduceAttemptCDF" : {
    "minimum" : 57273,
    "maximum" : 58292,
    "rankings" : [ {
      "datum" : 57273,
      "relativeRanking" : 0.05
    }, {
      "datum" : 57273,
      "relativeRanking" : 0.1
    }, {
      "datum" : 57273,
      "relativeRanking" : 0.15
    }, {
      "datum" : 57273,
      "relativeRanking" : 0.2
    }, {
      "datum" : 57273,
      "relativeRanking" : 0.25
    }, {
      "datum" : 57273,
      "relativeRanking" : 0.3
    }, {
      "datum" : 57273,
      "relativeRanking" : 0.35
    }, {
      "datum" : 57273,
      "relativeRanking" : 0.4
    }, {
      "datum" : 57273,
      "relativeRanking" : 0.45
    }, {
      "datum" : 57273,
      "relativeRanking" : 0.5
    }, {
      "datum" : 57273,
      "relativeRanking" : 0.55
    }, {
      "datum" : 57273,
      "relativeRanking" : 0.6
    }, {
      "datum" : 57273,
      "relativeRanking" : 0.65
    }, {
      "datum" : 57609,
      "relativeRanking" : 0.7
    }, {
      "datum" : 57609,
      "relativeRanking" : 0.75
    }, {
      "datum" : 57609,
      "relativeRanking" : 0.8
    }, {
      "datum" : 57609,
      "relativeRanking" : 0.85
    }, {
      "datum" : 57609,
      "relativeRanking" : 0.9
    }, {
      "datum" : 57609,
      "relativeRanking" : 0.95
    } ],
    "numberValues" : 3
  },
  "failedReduceAttemptCDF" : {
    "minimum" : -9223372036854775808,
    "maximum" : 9223372036854775807,
    "rankings" : [ ],
    "numberValues" : 0
  },
  "mapperTriesToSucceed" : [ 1.0 ],
  "failedMapperFraction" : 0.0,
  "relativeTime" : 0,
  "clusterMapMB" : -1,
  "clusterReduceMB" : -1,
  "jobMapMB" : 200,
  "jobReduceMB" : 200,
  "launchTime" : 1404894518442,
  "totalMaps" : 40,
  "totalReduces" : 3,
  "otherTasks" : [ {
    "startTime" : 1404894518546,
    "attempts" : [ {
      "result" : "SUCCESS",
      "location" : {
        "layers" : [ "default-rack", "Slave21" ]
      },
      "hostName" : "/default-rack/Slave21",
      "startTime" : 1404894511201,
      "finishTime" : 1404894511822,
      "attemptID" : "attempt_201407031554_1492_m_000041_0",
      "shuffleFinished" : -1,
      "sortFinished" : -1,
      "hdfsBytesRead" : -1,
      "hdfsBytesWritten" : -1,
      "fileBytesRead" : -1,
      "fileBytesWritten" : 59019,
      "mapInputRecords" : -1,
      "mapOutputBytes" : -1,
      "mapOutputRecords" : -1,
      "combineInputRecords" : -1,
      "reduceInputGroups" : -1,
      "reduceInputRecords" : -1,
      "reduceShuffleBytes" : -1,
      "reduceOutputRecords" : -1,
      "spilledRecords" : 0,
      "mapInputBytes" : -1,
      "resourceUsageMetrics" : {
        "cumulativeCpuUsage" : 50,
        "virtualMemoryUsage" : 1047138304,
        "physicalMemoryUsage" : 62001152,
        "heapUsage" : 64487424
      }
    } ],
    "finishTime" : 1404894519453,
    "preferredLocations" : [ ],
    "taskType" : "SETUP",
    "taskStatus" : "SUCCESS",
    "taskID" : "task_201407031554_1492_m_000041",
    "inputBytes" : -1,
    "inputRecords" : -1,
    "outputBytes" : -1,
    "outputRecords" : -1
  }, {
    "startTime" : 1404894593720,
    "attempts" : [ {
      "result" : "SUCCESS",
      "location" : {
        "layers" : [ "default-rack", "Master2" ]
      },
      "hostName" : "/default-rack/Master2",
      "startTime" : 1404894593723,
      "finishTime" : 1404894595115,
      "attemptID" : "attempt_201407031554_1492_m_000040_0",
      "shuffleFinished" : -1,
      "sortFinished" : -1,
      "hdfsBytesRead" : -1,
      "hdfsBytesWritten" : -1,
      "fileBytesRead" : -1,
      "fileBytesWritten" : 59019,
      "mapInputRecords" : -1,
      "mapOutputBytes" : -1,
      "mapOutputRecords" : -1,
      "combineInputRecords" : -1,
      "reduceInputGroups" : -1,
      "reduceInputRecords" : -1,
      "reduceShuffleBytes" : -1,
      "reduceOutputRecords" : -1,
      "spilledRecords" : 0,
      "mapInputBytes" : -1,
      "resourceUsageMetrics" : {
        "cumulativeCpuUsage" : 70,
        "virtualMemoryUsage" : 1051439104,
        "physicalMemoryUsage" : 77840384,
        "heapUsage" : 81788928
      }
    } ],
    "finishTime" : 1404894595230,
    "preferredLocations" : [ ],
    "taskType" : "CLEANUP",
    "taskStatus" : "SUCCESS",
    "taskID" : "task_201407031554_1492_m_000040",
    "inputBytes" : -1,
    "inputRecords" : -1,
    "outputBytes" : -1,
    "outputRecords" : -1
  } ]
}