{
  "jobID" : "job_201407031554_2030",
  "user" : "itri-hadoop",
  "jobName" : "word count",
  "failedMapperFraction" : 0.0,
  "relativeTime" : 0,
  "clusterMapMB" : -1,
  "clusterReduceMB" : -1,
  "jobMapMB" : 200,
  "jobReduceMB" : 200,
  "mapTasks" : [ {
    "startTime" : 1405061739175,
    "attempts" : [ {
      "result" : "SUCCESS",
      "startTime" : 1405061723806,
      "finishTime" : 1405061738180,
      "attemptID" : "attempt_201407031554_2030_m_000000_0",
      "shuffleFinished" : -1,
      "sortFinished" : -1,
      "hdfsBytesRead" : 134230121,
      "hdfsBytesWritten" : -1,
      "fileBytesRead" : 26032872,
      "fileBytesWritten" : 34067379,
      "mapInputRecords" : 3241,
      "mapOutputBytes" : 185536290,
      "mapOutputRecords" : 12335206,
      "combineInputRecords" : 12824627,
      "reduceInputGroups" : -1,
      "reduceInputRecords" : -1,
      "reduceShuffleBytes" : -1,
      "reduceOutputRecords" : -1,
      "spilledRecords" : 1281915,
      "mapInputBytes" : -1,
      "resourceUsageMetrics" : {
        "cumulativeCpuUsage" : 24990,
        "virtualMemoryUsage" : 397430784,
        "physicalMemoryUsage" : 197181440,
        "heapUsage" : 176947200
      },
      "location" : {
        "layers" : [ "default-rack", "Slave22" ]
      },
      "hostName" : "/default-rack/Slave22"
    } ],
    "finishTime" : 1405061753666,
    "preferredLocations" : [ {
      "layers" : [ "default-rack", "Master2" ]
    }, {
      "layers" : [ "default-rack", "Slave21" ]
    }, {
      "layers" : [ "default-rack", "Slave22" ]
    } ],
    "taskType" : "MAP",
    "taskStatus" : "SUCCESS",
    "taskID" : "task_201407031554_2030_m_000000",
    "inputBytes" : 134230121,
    "inputRecords" : 3241,
    "outputBytes" : 34067379,
    "outputRecords" : 12335206
  }, {
    "startTime" : 1405061739176,
    "attempts" : [ {
      "result" : "SUCCESS",
      "startTime" : 1405061723806,
      "finishTime" : 1405061738185,
      "attemptID" : "attempt_201407031554_2030_m_000002_0",
      "shuffleFinished" : -1,
      "sortFinished" : -1,
      "hdfsBytesRead" : 134221929,
      "hdfsBytesWritten" : -1,
      "fileBytesRead" : 24651099,
      "fileBytesWritten" : 31997905,
      "mapInputRecords" : 114552,
      "mapOutputBytes" : 185357119,
      "mapOutputRecords" : 12391279,
      "combineInputRecords" : 12881021,
      "reduceInputGroups" : -1,
      "reduceInputRecords" : -1,
      "reduceShuffleBytes" : -1,
      "reduceOutputRecords" : -1,
      "spilledRecords" : 1286580,
      "mapInputBytes" : -1,
      "resourceUsageMetrics" : {
        "cumulativeCpuUsage" : 24080,
        "virtualMemoryUsage" : 396853248,
        "physicalMemoryUsage" : 224116736,
        "heapUsage" : 207093760
      },
      "location" : {
        "layers" : [ "default-rack", "Slave22" ]
      },
      "hostName" : "/default-rack/Slave22"
    } ],
    "finishTime" : 1405061753666,
    "preferredLocations" : [ {
      "layers" : [ "default-rack", "Master2" ]
    }, {
      "layers" : [ "default-rack", "Slave22" ]
    }, {
      "layers" : [ "default-rack", "Slave23" ]
    } ],
    "taskType" : "MAP",
    "taskStatus" : "SUCCESS",
    "taskID" : "task_201407031554_2030_m_000002",
    "inputBytes" : 134221929,
    "inputRecords" : 114552,
    "outputBytes" : 31997905,
    "outputRecords" : 12391279
  }, {
    "startTime" : 1405061739213,
    "attempts" : [ {
      "result" : "SUCCESS",
      "startTime" : 1405061739290,
      "finishTime" : 1405061753406,
      "attemptID" : "attempt_201407031554_2030_m_000001_0",
      "shuffleFinished" : -1,
      "sortFinished" : -1,
      "hdfsBytesRead" : 134381673,
      "hdfsBytesWritten" : -1,
      "fileBytesRead" : 24576974,
      "fileBytesWritten" : 32007263,
      "mapInputRecords" : 3186,
      "mapOutputBytes" : 185745223,
      "mapOutputRecords" : 12350438,
      "combineInputRecords" : 12838829,
      "reduceInputGroups" : -1,
      "reduceInputRecords" : -1,
      "reduceShuffleBytes" : -1,
      "reduceOutputRecords" : -1,
      "spilledRecords" : 1279346,
      "mapInputBytes" : -1,
      "resourceUsageMetrics" : {
        "cumulativeCpuUsage" : 22990,
        "virtualMemoryUsage" : 398938112,
        "physicalMemoryUsage" : 226136064,
        "heapUsage" : 207093760
      },
      "location" : {
        "layers" : [ "default-rack", "Master2" ]
      },
      "hostName" : "/default-rack/Master2"
    } ],
    "finishTime" : 1405061753676,
    "preferredLocations" : [ {
      "layers" : [ "default-rack", "Master2" ]
    }, {
      "layers" : [ "default-rack", "Slave23" ]
    }, {
      "layers" : [ "default-rack", "Slave21" ]
    } ],
    "taskType" : "MAP",
    "taskStatus" : "SUCCESS",
    "taskID" : "task_201407031554_2030_m_000001",
    "inputBytes" : 134381673,
    "inputRecords" : 3186,
    "outputBytes" : 32007263,
    "outputRecords" : 12350438
  }, {
    "startTime" : 1405061739214,
    "attempts" : [ {
      "result" : "SUCCESS",
      "startTime" : 1405061739290,
      "finishTime" : 1405061754864,
      "attemptID" : "attempt_201407031554_2030_m_000005_0",
      "shuffleFinished" : -1,
      "sortFinished" : -1,
      "hdfsBytesRead" : 134221929,
      "hdfsBytesWritten" : -1,
      "fileBytesRead" : 27704932,
      "fileBytesWritten" : 36545381,
      "mapInputRecords" : 3296,
      "mapOutputBytes" : 185239406,
      "mapOutputRecords" : 12277012,
      "combineInputRecords" : 12766339,
      "reduceInputGroups" : -1,
      "reduceInputRecords" : -1,
      "reduceShuffleBytes" : -1,
      "reduceOutputRecords" : -1,
      "spilledRecords" : 1281930,
      "mapInputBytes" : -1,
      "resourceUsageMetrics" : {
        "cumulativeCpuUsage" : 27710,
        "virtualMemoryUsage" : 399171584,
        "physicalMemoryUsage" : 194707456,
        "heapUsage" : 176947200
      },
      "location" : {
        "layers" : [ "default-rack", "Master2" ]
      },
      "hostName" : "/default-rack/Master2"
    } ],
    "finishTime" : 1405061754879,
    "preferredLocations" : [ {
      "layers" : [ "default-rack", "Master2" ]
    }, {
      "layers" : [ "default-rack", "Slave22" ]
    }, {
      "layers" : [ "default-rack", "Slave21" ]
    } ],
    "taskType" : "MAP",
    "taskStatus" : "SUCCESS",
    "taskID" : "task_201407031554_2030_m_000005",
    "inputBytes" : 134221929,
    "inputRecords" : 3296,
    "outputBytes" : 36545381,
    "outputRecords" : 12277012
  }, {
    "startTime" : 1405061739216,
    "attempts" : [ {
      "result" : "SUCCESS",
      "startTime" : 1405061742533,
      "finishTime" : 1405061757215,
      "attemptID" : "attempt_201407031554_2030_m_000003_0",
      "shuffleFinished" : -1,
      "sortFinished" : -1,
      "hdfsBytesRead" : 134226025,
      "hdfsBytesWritten" : -1,
      "fileBytesRead" : 25604449,
      "fileBytesWritten" : 33383498,
      "mapInputRecords" : 3194,
      "mapOutputBytes" : 185808922,
      "mapOutputRecords" : 12335516,
      "combineInputRecords" : 12824912,
      "reduceInputGroups" : -1,
      "reduceInputRecords" : -1,
      "reduceShuffleBytes" : -1,
      "reduceOutputRecords" : -1,
      "spilledRecords" : 1281728,
      "mapInputBytes" : -1,
      "resourceUsageMetrics" : {
        "cumulativeCpuUsage" : 25510,
        "virtualMemoryUsage" : 396185600,
        "physicalMemoryUsage" : 165036032,
        "heapUsage" : 117964800
      },
      "location" : {
        "layers" : [ "default-rack", "Slave23" ]
      },
      "hostName" : "/default-rack/Slave23"
    } ],
    "finishTime" : 1405061753985,
    "preferredLocations" : [ {
      "layers" : [ "default-rack", "Slave22" ]
    }, {
      "layers" : [ "default-rack", "Slave21" ]
    }, {
      "layers" : [ "default-rack", "Slave23" ]
    } ],
    "taskType" : "MAP",
    "taskStatus" : "SUCCESS",
    "taskID" : "task_201407031554_2030_m_000003",
    "inputBytes" : 134226025,
    "inputRecords" : 3194,
    "outputBytes" : 33383498,
    "outputRecords" : 12335516
  }, {
    "startTime" : 1405061739217,
    "attempts" : [ {
      "result" : "SUCCESS",
      "startTime" : 1405061742533,
      "finishTime" : 1405061758024,
      "attemptID" : "attempt_201407031554_2030_m_000004_0",
      "shuffleFinished" : -1,
      "sortFinished" : -1,
      "hdfsBytesRead" : 134242409,
      "hdfsBytesWritten" : -1,
      "fileBytesRead" : 24123025,
      "fileBytesWritten" : 31244543,
      "mapInputRecords" : 3172,
      "mapOutputBytes" : 185713281,
      "mapOutputRecords" : 12335678,
      "combineInputRecords" : 12824916,
      "reduceInputGroups" : -1,
      "reduceInputRecords" : -1,
      "reduceShuffleBytes" : -1,
      "reduceOutputRecords" : -1,
      "spilledRecords" : 1281763,
      "mapInputBytes" : -1,
      "resourceUsageMetrics" : {
        "cumulativeCpuUsage" : 27270,
        "virtualMemoryUsage" : 400723968,
        "physicalMemoryUsage" : 168710144,
        "heapUsage" : 117702656
      },
      "location" : {
        "layers" : [ "default-rack", "Slave23" ]
      },
      "hostName" : "/default-rack/Slave23"
    } ],
    "finishTime" : 1405061754888,
    "preferredLocations" : [ {
      "layers" : [ "default-rack", "Slave23" ]
    }, {
      "layers" : [ "default-rack", "Slave21" ]
    }, {
      "layers" : [ "default-rack", "Slave22" ]
    } ],
    "taskType" : "MAP",
    "taskStatus" : "SUCCESS",
    "taskID" : "task_201407031554_2030_m_000004",
    "inputBytes" : 134242409,
    "inputRecords" : 3172,
    "outputBytes" : 31244543,
    "outputRecords" : 12335678
  }, {
    "startTime" : 1405061739302,
    "attempts" : [ {
      "result" : "SUCCESS",
      "startTime" : 1405061729975,
      "finishTime" : 1405061744928,
      "attemptID" : "attempt_201407031554_2030_m_000008_0",
      "shuffleFinished" : -1,
      "sortFinished" : -1,
      "hdfsBytesRead" : 134230121,
      "hdfsBytesWritten" : -1,
      "fileBytesRead" : 27913524,
      "fileBytesWritten" : 36872286,
      "mapInputRecords" : 3265,
      "mapOutputBytes" : 185369834,
      "mapOutputRecords" : 12279783,
      "combineInputRecords" : 12768722,
      "reduceInputGroups" : -1,
      "reduceInputRecords" : -1,
      "reduceShuffleBytes" : -1,
      "reduceOutputRecords" : -1,
      "spilledRecords" : 1281145,
      "mapInputBytes" : -1,
      "resourceUsageMetrics" : {
        "cumulativeCpuUsage" : 23930,
        "virtualMemoryUsage" : 397783040,
        "physicalMemoryUsage" : 225529856,
        "heapUsage" : 207093760
      },
      "location" : {
        "layers" : [ "default-rack", "Slave21" ]
      },
      "hostName" : "/default-rack/Slave21"
    } ],
    "finishTime" : 1405061754489,
    "preferredLocations" : [ {
      "layers" : [ "default-rack", "Slave23" ]
    }, {
      "layers" : [ "default-rack", "Slave21" ]
    }, {
      "layers" : [ "default-rack", "Slave22" ]
    } ],
    "taskType" : "MAP",
    "taskStatus" : "SUCCESS",
    "taskID" : "task_201407031554_2030_m_000008",
    "inputBytes" : 134230121,
    "inputRecords" : 3265,
    "outputBytes" : 36872286,
    "outputRecords" : 12279783
  }, {
    "startTime" : 1405061739302,
    "attempts" : [ {
      "result" : "SUCCESS",
      "startTime" : 1405061729975,
      "finishTime" : 1405061744703,
      "attemptID" : "attempt_201407031554_2030_m_000010_0",
      "shuffleFinished" : -1,
      "sortFinished" : -1,
      "hdfsBytesRead" : 134254697,
      "hdfsBytesWritten" : -1,
      "fileBytesRead" : 28233376,
      "fileBytesWritten" : 37356197,
      "mapInputRecords" : 3161,
      "mapOutputBytes" : 185566838,
      "mapOutputRecords" : 12282061,
      "combineInputRecords" : 12770918,
      "reduceInputGroups" : -1,
      "reduceInputRecords" : -1,
      "reduceShuffleBytes" : -1,
      "reduceOutputRecords" : -1,
      "spilledRecords" : 1281256,
      "mapInputBytes" : -1,
      "resourceUsageMetrics" : {
        "cumulativeCpuUsage" : 26070,
        "virtualMemoryUsage" : 399171584,
        "physicalMemoryUsage" : 195174400,
        "heapUsage" : 176947200
      },
      "location" : {
        "layers" : [ "default-rack", "Slave21" ]
      },
      "hostName" : "/default-rack/Slave21"
    } ],
    "finishTime" : 1405061754188,
    "preferredLocations" : [ {
      "layers" : [ "default-rack", "Master2" ]
    }, {
      "layers" : [ "default-rack", "Slave23" ]
    }, {
      "layers" : [ "default-rack", "Slave21" ]
    } ],
    "taskType" : "MAP",
    "taskStatus" : "SUCCESS",
    "taskID" : "task_201407031554_2030_m_000010",
    "inputBytes" : 134254697,
    "inputRecords" : 3161,
    "outputBytes" : 37356197,
    "outputRecords" : 12282061
  }, {
    "startTime" : 1405061753666,
    "attempts" : [ {
      "result" : "SUCCESS",
      "startTime" : 1405061738297,
      "finishTime" : 1405061751227,
      "attemptID" : "attempt_201407031554_2030_m_000006_0",
      "shuffleFinished" : -1,
      "sortFinished" : -1,
      "hdfsBytesRead" : 134221929,
      "hdfsBytesWritten" : -1,
      "fileBytesRead" : 24460877,
      "fileBytesWritten" : 31688128,
      "mapInputRecords" : 58874,
      "mapOutputBytes" : 185911030,
      "mapOutputRecords" : 12390080,
      "combineInputRecords" : 12880015,
      "reduceInputGroups" : -1,
      "reduceInputRecords" : -1,
      "reduceShuffleBytes" : -1,
      "reduceOutputRecords" : -1,
      "spilledRecords" : 1287308,
      "mapInputBytes" : -1,
      "resourceUsageMetrics" : {
        "cumulativeCpuUsage" : 20390,
        "virtualMemoryUsage" : 398426112,
        "physicalMemoryUsage" : 200265728,
        "heapUsage" : 181141504
      },
      "location" : {
        "layers" : [ "default-rack", "Slave22" ]
      },
      "hostName" : "/default-rack/Slave22"
    } ],
    "finishTime" : 1405061766616,
    "preferredLocations" : [ {
      "layers" : [ "default-rack", "Master2" ]
    }, {
      "layers" : [ "default-rack", "Slave22" ]
    }, {
      "layers" : [ "default-rack", "Slave23" ]
    } ],
    "taskType" : "MAP",
    "taskStatus" : "SUCCESS",
    "taskID" : "task_201407031554_2030_m_000006",
    "inputBytes" : 134221929,
    "inputRecords" : 58874,
    "outputBytes" : 31688128,
    "outputRecords" : 12390080
  }, {
    "startTime" : 1405061753667,
    "attempts" : [ {
      "result" : "SUCCESS",
      "startTime" : 1405061738297,
      "finishTime" : 1405061751028,
      "attemptID" : "attempt_201407031554_2030_m_000007_0",
      "shuffleFinished" : -1,
      "sortFinished" : -1,
      "hdfsBytesRead" : 134340713,
      "hdfsBytesWritten" : -1,
      "fileBytesRead" : 23167944,
      "fileBytesWritten" : 29720797,
      "mapInputRecords" : 3117,
      "mapOutputBytes" : 185291898,
      "mapOutputRecords" : 12344227,
      "combineInputRecords" : 12833068,
      "reduceInputGroups" : -1,
      "reduceInputRecords" : -1,
      "reduceShuffleBytes" : -1,
      "reduceOutputRecords" : -1,
      "spilledRecords" : 1274400,
      "mapInputBytes" : -1,
      "resourceUsageMetrics" : {
        "cumulativeCpuUsage" : 19020,
        "virtualMemoryUsage" : 397848576,
        "physicalMemoryUsage" : 197906432,
        "heapUsage" : 207093760
      },
      "location" : {
        "layers" : [ "default-rack", "Slave22" ]
      },
      "hostName" : "/default-rack/Slave22"
    } ],
    "finishTime" : 1405061766616,
    "preferredLocations" : [ {
      "layers" : [ "default-rack", "Master2" ]
    }, {
      "layers" : [ "default-rack", "Slave22" ]
    }, {
      "layers" : [ "default-rack", "Slave23" ]
    } ],
    "taskType" : "MAP",
    "taskStatus" : "SUCCESS",
    "taskID" : "task_201407031554_2030_m_000007",
    "inputBytes" : 134340713,
    "inputRecords" : 3117,
    "outputBytes" : 29720797,
    "outputRecords" : 12344227
  }, {
    "startTime" : 1405061753676,
    "attempts" : [ {
      "result" : "SUCCESS",
      "startTime" : 1405061753677,
      "finishTime" : 1405061766051,
      "attemptID" : "attempt_201407031554_2030_m_000009_0",
      "shuffleFinished" : -1,
      "sortFinished" : -1,
      "hdfsBytesRead" : 134283369,
      "hdfsBytesWritten" : -1,
      "fileBytesRead" : 27902205,
      "fileBytesWritten" : 36856937,
      "mapInputRecords" : 3224,
      "mapOutputBytes" : 185446396,
      "mapOutputRecords" : 12285634,
      "combineInputRecords" : 12774363,
      "reduceInputGroups" : -1,
      "reduceInputRecords" : -1,
      "reduceShuffleBytes" : -1,
      "reduceOutputRecords" : -1,
      "spilledRecords" : 1280304,
      "mapInputBytes" : -1,
      "resourceUsageMetrics" : {
        "cumulativeCpuUsage" : 18770,
        "virtualMemoryUsage" : 397836288,
        "physicalMemoryUsage" : 198557696,
        "heapUsage" : 207093760
      },
      "location" : {
        "layers" : [ "default-rack", "Master2" ]
      },
      "hostName" : "/default-rack/Master2"
    } ],
    "finishTime" : 1405061766324,
    "preferredLocations" : [ {
      "layers" : [ "default-rack", "Master2" ]
    }, {
      "layers" : [ "default-rack", "Slave23" ]
    }, {
      "layers" : [ "default-rack", "Slave22" ]
    } ],
    "taskType" : "MAP",
    "taskStatus" : "SUCCESS",
    "taskID" : "task_201407031554_2030_m_000009",
    "inputBytes" : 134283369,
    "inputRecords" : 3224,
    "outputBytes" : 36856937,
    "outputRecords" : 12285634
  }, {
    "startTime" : 1405061753985,
    "attempts" : [ {
      "result" : "SUCCESS",
      "startTime" : 1405061757244,
      "finishTime" : 1405061770211,
      "attemptID" : "attempt_201407031554_2030_m_000011_0",
      "shuffleFinished" : -1,
      "sortFinished" : -1,
      "hdfsBytesRead" : 134221929,
      "hdfsBytesWritten" : -1,
      "fileBytesRead" : 28613410,
      "fileBytesWritten" : 37833874,
      "mapInputRecords" : 3295,
      "mapOutputBytes" : 185694039,
      "mapOutputRecords" : 12280187,
      "combineInputRecords" : 12768882,
      "reduceInputGroups" : -1,
      "reduceInputRecords" : -1,
      "reduceShuffleBytes" : -1,
      "reduceOutputRecords" : -1,
      "spilledRecords" : 1280020,
      "mapInputBytes" : -1,
      "resourceUsageMetrics" : {
        "cumulativeCpuUsage" : 20150,
        "virtualMemoryUsage" : 397180928,
        "physicalMemoryUsage" : 169521152,
        "heapUsage" : 121896960
      },
      "location" : {
        "layers" : [ "default-rack", "Slave23" ]
      },
      "hostName" : "/default-rack/Slave23"
    } ],
    "finishTime" : 1405061767239,
    "preferredLocations" : [ {
      "layers" : [ "default-rack", "Master2" ]
    }, {
      "layers" : [ "default-rack", "Slave22" ]
    }, {
      "layers" : [ "default-rack", "Slave23" ]
    } ],
    "taskType" : "MAP",
    "taskStatus" : "SUCCESS",
    "taskID" : "task_201407031554_2030_m_000011",
    "inputBytes" : 134221929,
    "inputRecords" : 3295,
    "outputBytes" : 37833874,
    "outputRecords" : 12280187
  }, {
    "startTime" : 1405061754188,
    "attempts" : [ {
      "result" : "SUCCESS",
      "startTime" : 1405061744790,
      "finishTime" : 1405061756807,
      "attemptID" : "attempt_201407031554_2030_m_000013_0",
      "shuffleFinished" : -1,
      "sortFinished" : -1,
      "hdfsBytesRead" : 134221929,
      "hdfsBytesWritten" : -1,
      "fileBytesRead" : 24230547,
      "fileBytesWritten" : 31413115,
      "mapInputRecords" : 58960,
      "mapOutputBytes" : 185466075,
      "mapOutputRecords" : 12334105,
      "combineInputRecords" : 12823642,
      "reduceInputGroups" : -1,
      "reduceInputRecords" : -1,
      "reduceShuffleBytes" : -1,
      "reduceOutputRecords" : -1,
      "spilledRecords" : 1282355,
      "mapInputBytes" : -1,
      "resourceUsageMetrics" : {
        "cumulativeCpuUsage" : 19660,
        "virtualMemoryUsage" : 400166912,
        "physicalMemoryUsage" : 195895296,
        "heapUsage" : 176947200
      },
      "location" : {
        "layers" : [ "default-rack", "Slave21" ]
      },
      "hostName" : "/default-rack/Slave21"
    } ],
    "finishTime" : 1405061766239,
    "preferredLocations" : [ {
      "layers" : [ "default-rack", "Slave21" ]
    }, {
      "layers" : [ "default-rack", "Slave22" ]
    }, {
      "layers" : [ "default-rack", "Slave23" ]
    } ],
    "taskType" : "MAP",
    "taskStatus" : "SUCCESS",
    "taskID" : "task_201407031554_2030_m_000013",
    "inputBytes" : 134221929,
    "inputRecords" : 58960,
    "outputBytes" : 31413115,
    "outputRecords" : 12334105
  }, {
    "startTime" : 1405061754490,
    "attempts" : [ {
      "result" : "SUCCESS",
      "startTime" : 1405061745092,
      "finishTime" : 1405061756521,
      "attemptID" : "attempt_201407031554_2030_m_000015_0",
      "shuffleFinished" : -1,
      "sortFinished" : -1,
      "hdfsBytesRead" : 134283369,
      "hdfsBytesWritten" : -1,
      "fileBytesRead" : 27503251,
      "fileBytesWritten" : 36225657,
      "mapInputRecords" : 3253,
      "mapOutputBytes" : 185226719,
      "mapOutputRecords" : 12286244,
      "combineInputRecords" : 12775638,
      "reduceInputGroups" : -1,
      "reduceInputRecords" : -1,
      "reduceShuffleBytes" : -1,
      "reduceOutputRecords" : -1,
      "spilledRecords" : 1282254,
      "mapInputBytes" : -1,
      "resourceUsageMetrics" : {
        "cumulativeCpuUsage" : 17380,
        "virtualMemoryUsage" : 398778368,
        "physicalMemoryUsage" : 226193408,
        "heapUsage" : 207093760
      },
      "location" : {
        "layers" : [ "default-rack", "Slave21" ]
      },
      "hostName" : "/default-rack/Slave21"
    } ],
    "finishTime" : 1405061765938,
    "preferredLocations" : [ {
      "layers" : [ "default-rack", "Master2" ]
    }, {
      "layers" : [ "default-rack", "Slave22" ]
    }, {
      "layers" : [ "default-rack", "Slave21" ]
    } ],
    "taskType" : "MAP",
    "taskStatus" : "SUCCESS",
    "taskID" : "task_201407031554_2030_m_000015",
    "inputBytes" : 134283369,
    "inputRecords" : 3253,
    "outputBytes" : 36225657,
    "outputRecords" : 12286244
  }, {
    "startTime" : 1405061754879,
    "attempts" : [ {
      "result" : "SUCCESS",
      "startTime" : 1405061754880,
      "finishTime" : 1405061767478,
      "attemptID" : "attempt_201407031554_2030_m_000012_0",
      "shuffleFinished" : -1,
      "sortFinished" : -1,
      "hdfsBytesRead" : 134226025,
      "hdfsBytesWritten" : -1,
      "fileBytesRead" : 27895181,
      "fileBytesWritten" : 36833484,
      "mapInputRecords" : 3249,
      "mapOutputBytes" : 185366679,
      "mapOutputRecords" : 12280420,
      "combineInputRecords" : 12769066,
      "reduceInputGroups" : -1,
      "reduceInputRecords" : -1,
      "reduceShuffleBytes" : -1,
      "reduceOutputRecords" : -1,
      "spilledRecords" : 1279994,
      "mapInputBytes" : -1,
      "resourceUsageMetrics" : {
        "cumulativeCpuUsage" : 19810,
        "virtualMemoryUsage" : 400166912,
        "physicalMemoryUsage" : 183906304,
        "heapUsage" : 136839168
      },
      "location" : {
        "layers" : [ "default-rack", "Master2" ]
      },
      "hostName" : "/default-rack/Master2"
    } ],
    "finishTime" : 1405061767529,
    "preferredLocations" : [ {
      "layers" : [ "default-rack", "Master2" ]
    }, {
      "layers" : [ "default-rack", "Slave22" ]
    }, {
      "layers" : [ "default-rack", "Slave23" ]
    } ],
    "taskType" : "MAP",
    "taskStatus" : "SUCCESS",
    "taskID" : "task_201407031554_2030_m_000012",
    "inputBytes" : 134226025,
    "inputRecords" : 3249,
    "outputBytes" : 36833484,
    "outputRecords" : 12280420
  }, {
    "startTime" : 1405061754889,
    "attempts" : [ {
      "result" : "SUCCESS",
      "startTime" : 1405061758147,
      "finishTime" : 1405061770716,
      "attemptID" : "attempt_201407031554_2030_m_000014_0",
      "shuffleFinished" : -1,
      "sortFinished" : -1,
      "hdfsBytesRead" : 134250601,
      "hdfsBytesWritten" : -1,
      "fileBytesRead" : 24096318,
      "fileBytesWritten" : 31217305,
      "mapInputRecords" : 3215,
      "mapOutputBytes" : 185558584,
      "mapOutputRecords" : 12336611,
      "combineInputRecords" : 12825636,
      "reduceInputGroups" : -1,
      "reduceInputRecords" : -1,
      "reduceShuffleBytes" : -1,
      "reduceOutputRecords" : -1,
      "spilledRecords" : 1280842,
      "mapInputBytes" : -1,
      "resourceUsageMetrics" : {
        "cumulativeCpuUsage" : 20490,
        "virtualMemoryUsage" : 401719296,
        "physicalMemoryUsage" : 173260800,
        "heapUsage" : 122159104
      },
      "location" : {
        "layers" : [ "default-rack", "Slave23" ]
      },
      "hostName" : "/default-rack/Slave23"
    } ],
    "finishTime" : 1405061767543,
    "preferredLocations" : [ {
      "layers" : [ "default-rack", "Master2" ]
    }, {
      "layers" : [ "default-rack", "Slave23" ]
    }, {
      "layers" : [ "default-rack", "Slave22" ]
    } ],
    "taskType" : "MAP",
    "taskStatus" : "SUCCESS",
    "taskID" : "task_201407031554_2030_m_000014",
    "inputBytes" : 134250601,
    "inputRecords" : 3215,
    "outputBytes" : 31217305,
    "outputRecords" : 12336611
  }, {
    "startTime" : 1405061765938,
    "attempts" : [ {
      "result" : "SUCCESS",
      "startTime" : 1405061756540,
      "finishTime" : 1405061768996,
      "attemptID" : "attempt_201407031554_2030_m_000016_0",
      "shuffleFinished" : -1,
      "sortFinished" : -1,
      "hdfsBytesRead" : 134238313,
      "hdfsBytesWritten" : -1,
      "fileBytesRead" : 27277432,
      "fileBytesWritten" : 35861625,
      "mapInputRecords" : 3234,
      "mapOutputBytes" : 185044410,
      "mapOutputRecords" : 12280417,
      "combineInputRecords" : 12769438,
      "reduceInputGroups" : -1,
      "reduceInputRecords" : -1,
      "reduceShuffleBytes" : -1,
      "reduceOutputRecords" : -1,
      "spilledRecords" : 1281235,
      "mapInputBytes" : -1,
      "resourceUsageMetrics" : {
        "cumulativeCpuUsage" : 18440,
        "virtualMemoryUsage" : 398778368,
        "physicalMemoryUsage" : 226172928,
        "heapUsage" : 205258752
      },
      "location" : {
        "layers" : [ "default-rack", "Slave21" ]
      },
      "hostName" : "/default-rack/Slave21"
    } ],
    "finishTime" : 1405061778745,
    "preferredLocations" : [ {
      "layers" : [ "default-rack", "Master2" ]
    }, {
      "layers" : [ "default-rack", "Slave23" ]
    }, {
      "layers" : [ "default-rack", "Slave21" ]
    } ],
    "taskType" : "MAP",
    "taskStatus" : "SUCCESS",
    "taskID" : "task_201407031554_2030_m_000016",
    "inputBytes" : 134238313,
    "inputRecords" : 3234,
    "outputBytes" : 35861625,
    "outputRecords" : 12280417
  }, {
    "startTime" : 1405061766240,
    "attempts" : [ {
      "result" : "SUCCESS",
      "startTime" : 1405061756842,
      "finishTime" : 1405061768822,
      "attemptID" : "attempt_201407031554_2030_m_000017_0",
      "shuffleFinished" : -1,
      "sortFinished" : -1,
      "hdfsBytesRead" : 134226025,
      "hdfsBytesWritten" : -1,
      "fileBytesRead" : 27486755,
      "fileBytesWritten" : 36200585,
      "mapInputRecords" : 3241,
      "mapOutputBytes" : 185147164,
      "mapOutputRecords" : 12281239,
      "combineInputRecords" : 12770235,
      "reduceInputGroups" : -1,
      "reduceInputRecords" : -1,
      "reduceShuffleBytes" : -1,
      "reduceOutputRecords" : -1,
      "spilledRecords" : 1281093,
      "mapInputBytes" : -1,
      "resourceUsageMetrics" : {
        "cumulativeCpuUsage" : 18750,
        "virtualMemoryUsage" : 400166912,
        "physicalMemoryUsage" : 199389184,
        "heapUsage" : 181927936
      },
      "location" : {
        "layers" : [ "default-rack", "Slave21" ]
      },
      "hostName" : "/default-rack/Slave21"
    } ],
    "finishTime" : 1405061778439,
    "preferredLocations" : [ {
      "layers" : [ "default-rack", "Master2" ]
    }, {
      "layers" : [ "default-rack", "Slave21" ]
    }, {
      "layers" : [ "default-rack", "Slave22" ]
    } ],
    "taskType" : "MAP",
    "taskStatus" : "SUCCESS",
    "taskID" : "task_201407031554_2030_m_000017",
    "inputBytes" : 134226025,
    "inputRecords" : 3241,
    "outputBytes" : 36200585,
    "outputRecords" : 12281239
  }, {
    "startTime" : 1405061766324,
    "attempts" : [ {
      "result" : "SUCCESS",
      "startTime" : 1405061766325,
      "finishTime" : 1405061778690,
      "attemptID" : "attempt_201407031554_2030_m_000018_0",
      "shuffleFinished" : -1,
      "sortFinished" : -1,
      "hdfsBytesRead" : 134266985,
      "hdfsBytesWritten" : -1,
      "fileBytesRead" : 27447643,
      "fileBytesWritten" : 36152294,
      "mapInputRecords" : 3251,
      "mapOutputBytes" : 185198864,
      "mapOutputRecords" : 12284490,
      "combineInputRecords" : 12772827,
      "reduceInputGroups" : -1,
      "reduceInputRecords" : -1,
      "reduceShuffleBytes" : -1,
      "reduceOutputRecords" : -1,
      "spilledRecords" : 1279182,
      "mapInputBytes" : -1,
      "resourceUsageMetrics" : {
        "cumulativeCpuUsage" : 18490,
        "virtualMemoryUsage" : 397836288,
        "physicalMemoryUsage" : 225345536,
        "heapUsage" : 207093760
      },
      "location" : {
        "layers" : [ "default-rack", "Master2" ]
      },
      "hostName" : "/default-rack/Master2"
    } ],
    "finishTime" : 1405061778741,
    "preferredLocations" : [ {
      "layers" : [ "default-rack", "Master2" ]
    }, {
      "layers" : [ "default-rack", "Slave23" ]
    }, {
      "layers" : [ "default-rack", "Slave21" ]
    } ],
    "taskType" : "MAP",
    "taskStatus" : "SUCCESS",
    "taskID" : "task_201407031554_2030_m_000018",
    "inputBytes" : 134266985,
    "inputRecords" : 3251,
    "outputBytes" : 36152294,
    "outputRecords" : 12284490
  }, {
    "startTime" : 1405061766616,
    "attempts" : [ {
      "result" : "SUCCESS",
      "startTime" : 1405061751246,
      "finishTime" : 1405061764163,
      "attemptID" : "attempt_201407031554_2030_m_000019_0",
      "shuffleFinished" : -1,
      "sortFinished" : -1,
      "hdfsBytesRead" : 134234217,
      "hdfsBytesWritten" : -1,
      "fileBytesRead" : 27683468,
      "fileBytesWritten" : 36497314,
      "mapInputRecords" : 3212,
      "mapOutputBytes" : 185264766,
      "mapOutputRecords" : 12280786,
      "combineInputRecords" : 12769156,
      "reduceInputGroups" : -1,
      "reduceInputRecords" : -1,
      "reduceShuffleBytes" : -1,
      "reduceOutputRecords" : -1,
      "spilledRecords" : 1279644,
      "mapInputBytes" : -1,
      "resourceUsageMetrics" : {
        "cumulativeCpuUsage" : 19860,
        "virtualMemoryUsage" : 398426112,
        "physicalMemoryUsage" : 199507968,
        "heapUsage" : 180879360
      },
      "location" : {
        "layers" : [ "default-rack", "Slave22" ]
      },
      "hostName" : "/default-rack/Slave22"
    } ],
    "finishTime" : 1405061779645,
    "preferredLocations" : [ {
      "layers" : [ "default-rack", "Slave22" ]
    }, {
      "layers" : [ "default-rack", "Slave21" ]
    }, {
      "layers" : [ "default-rack", "Slave23" ]
    } ],
    "taskType" : "MAP",
    "taskStatus" : "SUCCESS",
    "taskID" : "task_201407031554_2030_m_000019",
    "inputBytes" : 134234217,
    "inputRecords" : 3212,
    "outputBytes" : 36497314,
    "outputRecords" : 12280786
  }, {
    "startTime" : 1405061766616,
    "attempts" : [ {
      "result" : "SUCCESS",
      "startTime" : 1405061751246,
      "finishTime" : 1405061762494,
      "attemptID" : "attempt_201407031554_2030_m_000020_0",
      "shuffleFinished" : -1,
      "sortFinished" : -1,
      "hdfsBytesRead" : 122421894,
      "hdfsBytesWritten" : -1,
      "fileBytesRead" : 24168089,
      "fileBytesWritten" : 32062366,
      "mapInputRecords" : 2948,
      "mapOutputBytes" : 168729119,
      "mapOutputRecords" : 11196483,
      "combineInputRecords" : 11641874,
      "reduceInputGroups" : -1,
      "reduceInputRecords" : -1,
      "reduceShuffleBytes" : -1,
      "reduceOutputRecords" : -1,
      "spilledRecords" : 1143600,
      "mapInputBytes" : -1,
      "resourceUsageMetrics" : {
        "cumulativeCpuUsage" : 16700,
        "virtualMemoryUsage" : 397848576,
        "physicalMemoryUsage" : 225353728,
        "heapUsage" : 207093760
      },
      "location" : {
        "layers" : [ "default-rack", "Slave22" ]
      },
      "hostName" : "/default-rack/Slave22"
    } ],
    "finishTime" : 1405061778069,
    "preferredLocations" : [ {
      "layers" : [ "default-rack", "Slave22" ]
    }, {
      "layers" : [ "default-rack", "Slave23" ]
    }, {
      "layers" : [ "default-rack", "Slave21" ]
    } ],
    "taskType" : "MAP",
    "taskStatus" : "SUCCESS",
    "taskID" : "task_201407031554_2030_m_000020",
    "inputBytes" : 122421894,
    "inputRecords" : 2948,
    "outputBytes" : 32062366,
    "outputRecords" : 11196483
  }, {
    "startTime" : 1405061767239,
    "attempts" : [ {
      "result" : "SUCCESS",
      "startTime" : 1405061770498,
      "finishTime" : 1405061781905,
      "attemptID" : "attempt_201407031554_2030_m_000021_0",
      "shuffleFinished" : -1,
      "sortFinished" : -1,
      "hdfsBytesRead" : 122420954,
      "hdfsBytesWritten" : -1,
      "fileBytesRead" : 23078945,
      "fileBytesWritten" : 30452408,
      "mapInputRecords" : 3012,
      "mapOutputBytes" : 169194599,
      "mapOutputRecords" : 11248653,
      "combineInputRecords" : 11695016,
      "reduceInputGroups" : -1,
      "reduceInputRecords" : -1,
      "reduceShuffleBytes" : -1,
      "reduceOutputRecords" : -1,
      "spilledRecords" : 1145620,
      "mapInputBytes" : -1,
      "resourceUsageMetrics" : {
        "cumulativeCpuUsage" : 18690,
        "virtualMemoryUsage" : 397180928,
        "physicalMemoryUsage" : 166637568,
        "heapUsage" : 176947200
      },
      "location" : {
        "layers" : [ "default-rack", "Slave23" ]
      },
      "hostName" : "/default-rack/Slave23"
    } ],
    "finishTime" : 1405061778741,
    "preferredLocations" : [ {
      "layers" : [ "default-rack", "Master2" ]
    }, {
      "layers" : [ "default-rack", "Slave23" ]
    }, {
      "layers" : [ "default-rack", "Slave22" ]
    } ],
    "taskType" : "MAP",
    "taskStatus" : "SUCCESS",
    "taskID" : "task_201407031554_2030_m_000021",
    "inputBytes" : 122420954,
    "inputRecords" : 3012,
    "outputBytes" : 30452408,
    "outputRecords" : 11248653
  }, {
    "startTime" : 1405061767529,
    "attempts" : [ {
      "result" : "SUCCESS",
      "startTime" : 1405061767530,
      "finishTime" : 1405061778711,
      "attemptID" : "attempt_201407031554_2030_m_000024_0",
      "shuffleFinished" : -1,
      "sortFinished" : -1,
      "hdfsBytesRead" : 122419150,
      "hdfsBytesWritten" : -1,
      "fileBytesRead" : 24514832,
      "fileBytesWritten" : 32618125,
      "mapInputRecords" : 2994,
      "mapOutputBytes" : 168952753,
      "mapOutputRecords" : 11199241,
      "combineInputRecords" : 11644145,
      "reduceInputGroups" : -1,
      "reduceInputRecords" : -1,
      "reduceShuffleBytes" : -1,
      "reduceOutputRecords" : -1,
      "spilledRecords" : 1142378,
      "mapInputBytes" : -1,
      "resourceUsageMetrics" : {
        "cumulativeCpuUsage" : 17490,
        "virtualMemoryUsage" : 400166912,
        "physicalMemoryUsage" : 206729216,
        "heapUsage" : 190316544
      },
      "location" : {
        "layers" : [ "default-rack", "Master2" ]
      },
      "hostName" : "/default-rack/Master2"
    } ],
    "finishTime" : 1405061778741,
    "preferredLocations" : [ {
      "layers" : [ "default-rack", "Master2" ]
    }, {
      "layers" : [ "default-rack", "Slave22" ]
    }, {
      "layers" : [ "default-rack", "Slave21" ]
    } ],
    "taskType" : "MAP",
    "taskStatus" : "SUCCESS",
    "taskID" : "task_201407031554_2030_m_000024",
    "inputBytes" : 122419150,
    "inputRecords" : 2994,
    "outputBytes" : 32618125,
    "outputRecords" : 11199241
  }, {
    "startTime" : 1405061767543,
    "attempts" : [ {
      "result" : "SUCCESS",
      "startTime" : 1405061770810,
      "finishTime" : 1405061782667,
      "attemptID" : "attempt_201407031554_2030_m_000022_0",
      "shuffleFinished" : -1,
      "sortFinished" : -1,
      "hdfsBytesRead" : 122419615,
      "hdfsBytesWritten" : -1,
      "fileBytesRead" : 21462587,
      "fileBytesWritten" : 28054934,
      "mapInputRecords" : 53745,
      "mapOutputBytes" : 169164811,
      "mapOutputRecords" : 11251543,
      "combineInputRecords" : 11697706,
      "reduceInputGroups" : -1,
      "reduceInputRecords" : -1,
      "reduceShuffleBytes" : -1,
      "reduceOutputRecords" : -1,
      "spilledRecords" : 1144625,
      "mapInputBytes" : -1,
      "resourceUsageMetrics" : {
        "cumulativeCpuUsage" : 19190,
        "virtualMemoryUsage" : 401719296,
        "physicalMemoryUsage" : 196456448,
        "heapUsage" : 176947200
      },
      "location" : {
        "layers" : [ "default-rack", "Slave23" ]
      },
      "hostName" : "/default-rack/Slave23"
    } ],
    "finishTime" : 1405061779648,
    "preferredLocations" : [ {
      "layers" : [ "default-rack", "Slave21" ]
    }, {
      "layers" : [ "default-rack", "Slave22" ]
    }, {
      "layers" : [ "default-rack", "Slave23" ]
    } ],
    "taskType" : "MAP",
    "taskStatus" : "SUCCESS",
    "taskID" : "task_201407031554_2030_m_000022",
    "inputBytes" : 122419615,
    "inputRecords" : 53745,
    "outputBytes" : 28054934,
    "outputRecords" : 11251543
  }, {
    "startTime" : 1405061778069,
    "attempts" : [ {
      "result" : "SUCCESS",
      "startTime" : 1405061762698,
      "finishTime" : 1405061773385,
      "attemptID" : "attempt_201407031554_2030_m_000023_0",
      "shuffleFinished" : -1,
      "sortFinished" : -1,
      "hdfsBytesRead" : 122419444,
      "hdfsBytesWritten" : -1,
      "fileBytesRead" : 24712244,
      "fileBytesWritten" : 32937430,
      "mapInputRecords" : 3002,
      "mapOutputBytes" : 168974175,
      "mapOutputRecords" : 11194157,
      "combineInputRecords" : 11639525,
      "reduceInputGroups" : -1,
      "reduceInputRecords" : -1,
      "reduceShuffleBytes" : -1,
      "reduceOutputRecords" : -1,
      "spilledRecords" : 1143305,
      "mapInputBytes" : -1,
      "resourceUsageMetrics" : {
        "cumulativeCpuUsage" : 16430,
        "virtualMemoryUsage" : 397848576,
        "physicalMemoryUsage" : 225275904,
        "heapUsage" : 207093760
      },
      "location" : {
        "layers" : [ "default-rack", "Slave22" ]
      },
      "hostName" : "/default-rack/Slave22"
    } ],
    "finishTime" : 1405061788979,
    "preferredLocations" : [ {
      "layers" : [ "default-rack", "Slave23" ]
    }, {
      "layers" : [ "default-rack", "Slave21" ]
    }, {
      "layers" : [ "default-rack", "Slave22" ]
    } ],
    "taskType" : "MAP",
    "taskStatus" : "SUCCESS",
    "taskID" : "task_201407031554_2030_m_000023",
    "inputBytes" : 122419444,
    "inputRecords" : 3002,
    "outputBytes" : 32937430,
    "outputRecords" : 11194157
  }, {
    "startTime" : 1405061778439,
    "attempts" : [ {
      "result" : "SUCCESS",
      "startTime" : 1405061769041,
      "finishTime" : 1405061780180,
      "attemptID" : "attempt_201407031554_2030_m_000025_0",
      "shuffleFinished" : -1,
      "sortFinished" : -1,
      "hdfsBytesRead" : 122418317,
      "hdfsBytesWritten" : -1,
      "fileBytesRead" : 21379748,
      "fileBytesWritten" : 27893631,
      "mapInputRecords" : 2930,
      "mapOutputBytes" : 169340729,
      "mapOutputRecords" : 11249870,
      "combineInputRecords" : 11695794,
      "reduceInputGroups" : -1,
      "reduceInputRecords" : -1,
      "reduceShuffleBytes" : -1,
      "reduceOutputRecords" : -1,
      "spilledRecords" : 1143896,
      "mapInputBytes" : -1,
      "resourceUsageMetrics" : {
        "cumulativeCpuUsage" : 16630,
        "virtualMemoryUsage" : 398778368,
        "physicalMemoryUsage" : 226926592,
        "heapUsage" : 205258752
      },
      "location" : {
        "layers" : [ "default-rack", "Slave21" ]
      },
      "hostName" : "/default-rack/Slave21"
    } ],
    "finishTime" : 1405061789593,
    "preferredLocations" : [ {
      "layers" : [ "default-rack", "Master2" ]
    }, {
      "layers" : [ "default-rack", "Slave21" ]
    }, {
      "layers" : [ "default-rack", "Slave22" ]
    } ],
    "taskType" : "MAP",
    "taskStatus" : "SUCCESS",
    "taskID" : "task_201407031554_2030_m_000025",
    "inputBytes" : 122418317,
    "inputRecords" : 2930,
    "outputBytes" : 27893631,
    "outputRecords" : 11249870
  }, {
    "startTime" : 1405061778741,
    "attempts" : [ {
      "result" : "SUCCESS",
      "startTime" : 1405061778742,
      "finishTime" : 1405061790325,
      "attemptID" : "attempt_201407031554_2030_m_000026_0",
      "shuffleFinished" : -1,
      "sortFinished" : -1,
      "hdfsBytesRead" : 122417584,
      "hdfsBytesWritten" : -1,
      "fileBytesRead" : 22689772,
      "fileBytesWritten" : 29815559,
      "mapInputRecords" : 2947,
      "mapOutputBytes" : 169460213,
      "mapOutputRecords" : 11250726,
      "combineInputRecords" : 11696358,
      "reduceInputGroups" : -1,
      "reduceInputRecords" : -1,
      "reduceShuffleBytes" : -1,
      "reduceOutputRecords" : -1,
      "spilledRecords" : 1143613,
      "mapInputBytes" : -1,
      "resourceUsageMetrics" : {
        "cumulativeCpuUsage" : 17290,
        "virtualMemoryUsage" : 397836288,
        "physicalMemoryUsage" : 225329152,
        "heapUsage" : 207093760
      },
      "location" : {
        "layers" : [ "default-rack", "Master2" ]
      },
      "hostName" : "/default-rack/Master2"
    } ],
    "finishTime" : 1405061790483,
    "preferredLocations" : [ {
      "layers" : [ "default-rack", "Master2" ]
    }, {
      "layers" : [ "default-rack", "Slave21" ]
    }, {
      "layers" : [ "default-rack", "Slave23" ]
    } ],
    "taskType" : "MAP",
    "taskStatus" : "SUCCESS",
    "taskID" : "task_201407031554_2030_m_000026",
    "inputBytes" : 122417584,
    "inputRecords" : 2947,
    "outputBytes" : 29815559,
    "outputRecords" : 11250726
  }, {
    "startTime" : 1405061778741,
    "attempts" : [ {
      "result" : "SUCCESS",
      "startTime" : 1405061778742,
      "finishTime" : 1405061790317,
      "attemptID" : "attempt_201407031554_2030_m_000027_0",
      "shuffleFinished" : -1,
      "sortFinished" : -1,
      "hdfsBytesRead" : 122416998,
      "hdfsBytesWritten" : -1,
      "fileBytesRead" : 24316704,
      "fileBytesWritten" : 32296088,
      "mapInputRecords" : 2929,
      "mapOutputBytes" : 168759770,
      "mapOutputRecords" : 11192495,
      "combineInputRecords" : 11637024,
      "reduceInputGroups" : -1,
      "reduceInputRecords" : -1,
      "reduceShuffleBytes" : -1,
      "reduceOutputRecords" : -1,
      "spilledRecords" : 1141203,
      "mapInputBytes" : -1,
      "resourceUsageMetrics" : {
        "cumulativeCpuUsage" : 17960,
        "virtualMemoryUsage" : 400166912,
        "physicalMemoryUsage" : 206962688,
        "heapUsage" : 190316544
      },
      "location" : {
        "layers" : [ "default-rack", "Master2" ]
      },
      "hostName" : "/default-rack/Master2"
    } ],
    "finishTime" : 1405061790483,
    "preferredLocations" : [ {
      "layers" : [ "default-rack", "Master2" ]
    }, {
      "layers" : [ "default-rack", "Slave22" ]
    }, {
      "layers" : [ "default-rack", "Slave21" ]
    } ],
    "taskType" : "MAP",
    "taskStatus" : "SUCCESS",
    "taskID" : "task_201407031554_2030_m_000027",
    "inputBytes" : 122416998,
    "inputRecords" : 2929,
    "outputBytes" : 32296088,
    "outputRecords" : 11192495
  }, {
    "startTime" : 1405061778742,
    "attempts" : [ {
      "result" : "SUCCESS",
      "startTime" : 1405061782004,
      "finishTime" : 1405061793419,
      "attemptID" : "attempt_201407031554_2030_m_000028_0",
      "shuffleFinished" : -1,
      "sortFinished" : -1,
      "hdfsBytesRead" : 122416815,
      "hdfsBytesWritten" : -1,
      "fileBytesRead" : 21572825,
      "fileBytesWritten" : 28221642,
      "mapInputRecords" : 53732,
      "mapOutputBytes" : 169557736,
      "mapOutputRecords" : 11299564,
      "combineInputRecords" : 11746000,
      "reduceInputGroups" : -1,
      "reduceInputRecords" : -1,
      "reduceShuffleBytes" : -1,
      "reduceOutputRecords" : -1,
      "spilledRecords" : 1145322,
      "mapInputBytes" : -1,
      "resourceUsageMetrics" : {
        "cumulativeCpuUsage" : 18380,
        "virtualMemoryUsage" : 397180928,
        "physicalMemoryUsage" : 194834432,
        "heapUsage" : 176947200
      },
      "location" : {
        "layers" : [ "default-rack", "Slave23" ]
      },
      "hostName" : "/default-rack/Slave23"
    } ],
    "finishTime" : 1405061790196,
    "preferredLocations" : [ {
      "layers" : [ "default-rack", "Master2" ]
    }, {
      "layers" : [ "default-rack", "Slave23" ]
    }, {
      "layers" : [ "default-rack", "Slave21" ]
    } ],
    "taskType" : "MAP",
    "taskStatus" : "SUCCESS",
    "taskID" : "task_201407031554_2030_m_000028",
    "inputBytes" : 122416815,
    "inputRecords" : 53732,
    "outputBytes" : 28221642,
    "outputRecords" : 11299564
  }, {
    "startTime" : 1405061778745,
    "attempts" : [ {
      "result" : "SUCCESS",
      "startTime" : 1405061769348,
      "finishTime" : 1405061780548,
      "attemptID" : "attempt_201407031554_2030_m_000031_0",
      "shuffleFinished" : -1,
      "sortFinished" : -1,
      "hdfsBytesRead" : 122416056,
      "hdfsBytesWritten" : -1,
      "fileBytesRead" : 24325007,
      "fileBytesWritten" : 32304237,
      "mapInputRecords" : 2947,
      "mapOutputBytes" : 168841799,
      "mapOutputRecords" : 11198588,
      "combineInputRecords" : 11643288,
      "reduceInputGroups" : -1,
      "reduceInputRecords" : -1,
      "reduceShuffleBytes" : -1,
      "reduceOutputRecords" : -1,
      "spilledRecords" : 1141601,
      "mapInputBytes" : -1,
      "resourceUsageMetrics" : {
        "cumulativeCpuUsage" : 17620,
        "virtualMemoryUsage" : 400166912,
        "physicalMemoryUsage" : 199614464,
        "heapUsage" : 185073664
      },
      "location" : {
        "layers" : [ "default-rack", "Slave21" ]
      },
      "hostName" : "/default-rack/Slave21"
    } ],
    "finishTime" : 1405061790195,
    "preferredLocations" : [ {
      "layers" : [ "default-rack", "Slave22" ]
    }, {
      "layers" : [ "default-rack", "Slave23" ]
    }, {
      "layers" : [ "default-rack", "Slave21" ]
    } ],
    "taskType" : "MAP",
    "taskStatus" : "SUCCESS",
    "taskID" : "task_201407031554_2030_m_000031",
    "inputBytes" : 122416056,
    "inputRecords" : 2947,
    "outputBytes" : 32304237,
    "outputRecords" : 11198588
  }, {
    "startTime" : 1405061779645,
    "attempts" : [ {
      "result" : "SUCCESS",
      "startTime" : 1405061764274,
      "finishTime" : 1405061774991,
      "attemptID" : "attempt_201407031554_2030_m_000029_0",
      "shuffleFinished" : -1,
      "sortFinished" : -1,
      "hdfsBytesRead" : 122416426,
      "hdfsBytesWritten" : -1,
      "fileBytesRead" : 24529264,
      "fileBytesWritten" : 32634586,
      "mapInputRecords" : 2979,
      "mapOutputBytes" : 168928285,
      "mapOutputRecords" : 11196758,
      "combineInputRecords" : 11642023,
      "reduceInputGroups" : -1,
      "reduceInputRecords" : -1,
      "reduceShuffleBytes" : -1,
      "reduceOutputRecords" : -1,
      "spilledRecords" : 1143331,
      "mapInputBytes" : -1,
      "resourceUsageMetrics" : {
        "cumulativeCpuUsage" : 17130,
        "virtualMemoryUsage" : 398426112,
        "physicalMemoryUsage" : 200224768,
        "heapUsage" : 180879360
      },
      "location" : {
        "layers" : [ "default-rack", "Slave22" ]
      },
      "hostName" : "/default-rack/Slave22"
    } ],
    "finishTime" : 1405061790487,
    "preferredLocations" : [ {
      "layers" : [ "default-rack", "Master2" ]
    }, {
      "layers" : [ "default-rack", "Slave23" ]
    }, {
      "layers" : [ "default-rack", "Slave22" ]
    } ],
    "taskType" : "MAP",
    "taskStatus" : "SUCCESS",
    "taskID" : "task_201407031554_2030_m_000029",
    "inputBytes" : 122416426,
    "inputRecords" : 2979,
    "outputBytes" : 32634586,
    "outputRecords" : 11196758
  }, {
    "startTime" : 1405061779649,
    "attempts" : [ {
      "result" : "SUCCESS",
      "startTime" : 1405061782907,
      "finishTime" : 1405061794292,
      "attemptID" : "attempt_201407031554_2030_m_000030_0",
      "shuffleFinished" : -1,
      "sortFinished" : -1,
      "hdfsBytesRead" : 122416275,
      "hdfsBytesWritten" : -1,
      "fileBytesRead" : 25349001,
      "fileBytesWritten" : 33837563,
      "mapInputRecords" : 2931,
      "mapOutputBytes" : 169357797,
      "mapOutputRecords" : 11199643,
      "combineInputRecords" : 11644623,
      "reduceInputGroups" : -1,
      "reduceInputRecords" : -1,
      "reduceShuffleBytes" : -1,
      "reduceOutputRecords" : -1,
      "spilledRecords" : 1142743,
      "mapInputBytes" : -1,
      "resourceUsageMetrics" : {
        "cumulativeCpuUsage" : 19250,
        "virtualMemoryUsage" : 400805888,
        "physicalMemoryUsage" : 197423104,
        "heapUsage" : 176947200
      },
      "location" : {
        "layers" : [ "default-rack", "Slave23" ]
      },
      "hostName" : "/default-rack/Slave23"
    } ],
    "finishTime" : 1405061791099,
    "preferredLocations" : [ {
      "layers" : [ "default-rack", "Master2" ]
    }, {
      "layers" : [ "default-rack", "Slave22" ]
    }, {
      "layers" : [ "default-rack", "Slave23" ]
    } ],
    "taskType" : "MAP",
    "taskStatus" : "SUCCESS",
    "taskID" : "task_201407031554_2030_m_000030",
    "inputBytes" : 122416275,
    "inputRecords" : 2931,
    "outputBytes" : 33837563,
    "outputRecords" : 11199643
  }, {
    "startTime" : 1405061788980,
    "attempts" : [ {
      "result" : "SUCCESS",
      "startTime" : 1405061773608,
      "finishTime" : 1405061784037,
      "attemptID" : "attempt_201407031554_2030_m_000032_0",
      "shuffleFinished" : -1,
      "sortFinished" : -1,
      "hdfsBytesRead" : 122416036,
      "hdfsBytesWritten" : -1,
      "fileBytesRead" : 24690442,
      "fileBytesWritten" : 32903479,
      "mapInputRecords" : 2976,
      "mapOutputBytes" : 169039759,
      "mapOutputRecords" : 11198674,
      "combineInputRecords" : 11643465,
      "reduceInputGroups" : -1,
      "reduceInputRecords" : -1,
      "reduceShuffleBytes" : -1,
      "reduceOutputRecords" : -1,
      "spilledRecords" : 1141855,
      "mapInputBytes" : -1,
      "resourceUsageMetrics" : {
        "cumulativeCpuUsage" : 16140,
        "virtualMemoryUsage" : 397848576,
        "physicalMemoryUsage" : 225730560,
        "heapUsage" : 207093760
      },
      "location" : {
        "layers" : [ "default-rack", "Slave22" ]
      },
      "hostName" : "/default-rack/Slave22"
    } ],
    "finishTime" : 1405061799517,
    "preferredLocations" : [ {
      "layers" : [ "default-rack", "Slave22" ]
    }, {
      "layers" : [ "default-rack", "Slave21" ]
    }, {
      "layers" : [ "default-rack", "Slave23" ]
    } ],
    "taskType" : "MAP",
    "taskStatus" : "SUCCESS",
    "taskID" : "task_201407031554_2030_m_000032",
    "inputBytes" : 122416036,
    "inputRecords" : 2976,
    "outputBytes" : 32903479,
    "outputRecords" : 11198674
  }, {
    "startTime" : 1405061789593,
    "attempts" : [ {
      "result" : "SUCCESS",
      "startTime" : 1405061780195,
      "finishTime" : 1405061791326,
      "attemptID" : "attempt_201407031554_2030_m_000034_0",
      "shuffleFinished" : -1,
      "sortFinished" : -1,
      "hdfsBytesRead" : 122415474,
      "hdfsBytesWritten" : -1,
      "fileBytesRead" : 24669899,
      "fileBytesWritten" : 32906957,
      "mapInputRecords" : 2929,
      "mapOutputBytes" : 169050242,
      "mapOutputRecords" : 11199882,
      "combineInputRecords" : 11644761,
      "reduceInputGroups" : -1,
      "reduceInputRecords" : -1,
      "reduceShuffleBytes" : -1,
      "reduceOutputRecords" : -1,
      "spilledRecords" : 1142155,
      "mapInputBytes" : -1,
      "resourceUsageMetrics" : {
        "cumulativeCpuUsage" : 16830,
        "virtualMemoryUsage" : 398778368,
        "physicalMemoryUsage" : 226836480,
        "heapUsage" : 205258752
      },
      "location" : {
        "layers" : [ "default-rack", "Slave21" ]
      },
      "hostName" : "/default-rack/Slave21"
    } ],
    "finishTime" : 1405061800735,
    "preferredLocations" : [ {
      "layers" : [ "default-rack", "Master2" ]
    }, {
      "layers" : [ "default-rack", "Slave22" ]
    }, {
      "layers" : [ "default-rack", "Slave21" ]
    } ],
    "taskType" : "MAP",
    "taskStatus" : "SUCCESS",
    "taskID" : "task_201407031554_2030_m_000034",
    "inputBytes" : 122415474,
    "inputRecords" : 2929,
    "outputBytes" : 32906957,
    "outputRecords" : 11199882
  }, {
    "startTime" : 1405061790195,
    "attempts" : [ {
      "result" : "SUCCESS",
      "startTime" : 1405061780797,
      "finishTime" : 1405061792149,
      "attemptID" : "attempt_201407031554_2030_m_000035_0",
      "shuffleFinished" : -1,
      "sortFinished" : -1,
      "hdfsBytesRead" : 122413800,
      "hdfsBytesWritten" : -1,
      "fileBytesRead" : 24982091,
      "fileBytesWritten" : 33334213,
      "mapInputRecords" : 2943,
      "mapOutputBytes" : 169158214,
      "mapOutputRecords" : 11196569,
      "combineInputRecords" : 11641065,
      "reduceInputGroups" : -1,
      "reduceInputRecords" : -1,
      "reduceShuffleBytes" : -1,
      "reduceOutputRecords" : -1,
      "spilledRecords" : 1141130,
      "mapInputBytes" : -1,
      "resourceUsageMetrics" : {
        "cumulativeCpuUsage" : 18140,
        "virtualMemoryUsage" : 400166912,
        "physicalMemoryUsage" : 182267904,
        "heapUsage" : 137101312
      },
      "location" : {
        "layers" : [ "default-rack", "Slave21" ]
      },
      "hostName" : "/default-rack/Slave21"
    } ],
    "finishTime" : 1405061801638,
    "preferredLocations" : [ {
      "layers" : [ "default-rack", "Master2" ]
    }, {
      "layers" : [ "default-rack", "Slave23" ]
    }, {
      "layers" : [ "default-rack", "Slave21" ]
    } ],
    "taskType" : "MAP",
    "taskStatus" : "SUCCESS",
    "taskID" : "task_201407031554_2030_m_000035",
    "inputBytes" : 122413800,
    "inputRecords" : 2943,
    "outputBytes" : 33334213,
    "outputRecords" : 11196569
  }, {
    "startTime" : 1405061790196,
    "attempts" : [ {
      "result" : "SUCCESS",
      "startTime" : 1405061793454,
      "finishTime" : 1405061805208,
      "attemptID" : "attempt_201407031554_2030_m_000033_0",
      "shuffleFinished" : -1,
      "sortFinished" : -1,
      "hdfsBytesRead" : 122415886,
      "hdfsBytesWritten" : -1,
      "fileBytesRead" : 20511145,
      "fileBytesWritten" : 26546971,
      "mapInputRecords" : 3050,
      "mapOutputBytes" : 168683699,
      "mapOutputRecords" : 11238846,
      "combineInputRecords" : 11684001,
      "reduceInputGroups" : -1,
      "reduceInputRecords" : -1,
      "reduceShuffleBytes" : -1,
      "reduceOutputRecords" : -1,
      "spilledRecords" : 1137527,
      "mapInputBytes" : -1,
      "resourceUsageMetrics" : {
        "cumulativeCpuUsage" : 19400,
        "virtualMemoryUsage" : 397180928,
        "physicalMemoryUsage" : 195518464,
        "heapUsage" : 176947200
      },
      "location" : {
        "layers" : [ "default-rack", "Slave23" ]
      },
      "hostName" : "/default-rack/Slave23"
    }, {
      "result" : "KILLED",
      "startTime" : 1405061784146,
      "finishTime" : 1405061788356,
      "attemptID" : "attempt_201407031554_2030_m_000033_1",
      "shuffleFinished" : -1,
      "sortFinished" : -1,
      "hdfsBytesRead" : -1,
      "hdfsBytesWritten" : -1,
      "fileBytesRead" : -1,
      "fileBytesWritten" : -1,
      "mapInputRecords" : -1,
      "mapOutputBytes" : -1,
      "mapOutputRecords" : -1,
      "combineInputRecords" : -1,
      "reduceInputGroups" : -1,
      "reduceInputRecords" : -1,
      "reduceShuffleBytes" : -1,
      "reduceOutputRecords" : -1,
      "spilledRecords" : -1,
      "mapInputBytes" : -1,
      "resourceUsageMetrics" : {
        "cumulativeCpuUsage" : 0,
        "virtualMemoryUsage" : 0,
        "physicalMemoryUsage" : 0,
        "heapUsage" : 0
      },
      "location" : null,
      "hostName" : null
    } ],
    "finishTime" : 1405061802252,
    "preferredLocations" : [ {
      "layers" : [ "default-rack", "Master2" ]
    }, {
      "layers" : [ "default-rack", "Slave22" ]
    }, {
      "layers" : [ "default-rack", "Slave23" ]
    } ],
    "taskType" : "MAP",
    "taskStatus" : "SUCCESS",
    "taskID" : "task_201407031554_2030_m_000033",
    "inputBytes" : 122415886,
    "inputRecords" : 3050,
    "outputBytes" : 26546971,
    "outputRecords" : 11238846
  }, {
    "startTime" : 1405061790484,
    "attempts" : [ {
      "result" : "SUCCESS",
      "startTime" : 1405061790485,
      "finishTime" : 1405061802280,
      "attemptID" : "attempt_201407031554_2030_m_000036_0",
      "shuffleFinished" : -1,
      "sortFinished" : -1,
      "hdfsBytesRead" : 122413797,
      "hdfsBytesWritten" : -1,
      "fileBytesRead" : 21713209,
      "fileBytesWritten" : 28489749,
      "mapInputRecords" : 104430,
      "mapOutputBytes" : 169058697,
      "mapOutputRecords" : 11302327,
      "combineInputRecords" : 11748407,
      "reduceInputGroups" : -1,
      "reduceInputRecords" : -1,
      "reduceShuffleBytes" : -1,
      "reduceOutputRecords" : -1,
      "spilledRecords" : 1144452,
      "mapInputBytes" : -1,
      "resourceUsageMetrics" : {
        "cumulativeCpuUsage" : 18580,
        "virtualMemoryUsage" : 400166912,
        "physicalMemoryUsage" : 184897536,
        "heapUsage" : 190316544
      },
      "location" : {
        "layers" : [ "default-rack", "Master2" ]
      },
      "hostName" : "/default-rack/Master2"
    } ],
    "finishTime" : 1405061802533,
    "preferredLocations" : [ {
      "layers" : [ "default-rack", "Master2" ]
    }, {
      "layers" : [ "default-rack", "Slave21" ]
    }, {
      "layers" : [ "default-rack", "Slave23" ]
    } ],
    "taskType" : "MAP",
    "taskStatus" : "SUCCESS",
    "taskID" : "task_201407031554_2030_m_000036",
    "inputBytes" : 122413797,
    "inputRecords" : 104430,
    "outputBytes" : 28489749,
    "outputRecords" : 11302327
  }, {
    "startTime" : 1405061790484,
    "attempts" : [ {
      "result" : "SUCCESS",
      "startTime" : 1405061790485,
      "finishTime" : 1405061801579,
      "attemptID" : "attempt_201407031554_2030_m_000037_0",
      "shuffleFinished" : -1,
      "sortFinished" : -1,
      "hdfsBytesRead" : 122412722,
      "hdfsBytesWritten" : -1,
      "fileBytesRead" : 21826140,
      "fileBytesWritten" : 28646544,
      "mapInputRecords" : 2912,
      "mapOutputBytes" : 168975477,
      "mapOutputRecords" : 11234050,
      "combineInputRecords" : 11680087,
      "reduceInputGroups" : -1,
      "reduceInputRecords" : -1,
      "reduceShuffleBytes" : -1,
      "reduceOutputRecords" : -1,
      "spilledRecords" : 1144726,
      "mapInputBytes" : -1,
      "resourceUsageMetrics" : {
        "cumulativeCpuUsage" : 16620,
        "virtualMemoryUsage" : 397836288,
        "physicalMemoryUsage" : 225599488,
        "heapUsage" : 207093760
      },
      "location" : {
        "layers" : [ "default-rack", "Master2" ]
      },
      "hostName" : "/default-rack/Master2"
    } ],
    "finishTime" : 1405061801630,
    "preferredLocations" : [ {
      "layers" : [ "default-rack", "Master2" ]
    }, {
      "layers" : [ "default-rack", "Slave23" ]
    }, {
      "layers" : [ "default-rack", "Slave21" ]
    } ],
    "taskType" : "MAP",
    "taskStatus" : "SUCCESS",
    "taskID" : "task_201407031554_2030_m_000037",
    "inputBytes" : 122412722,
    "inputRecords" : 2912,
    "outputBytes" : 28646544,
    "outputRecords" : 11234050
  }, {
    "startTime" : 1405061790488,
    "attempts" : [ {
      "result" : "SUCCESS",
      "startTime" : 1405061775117,
      "finishTime" : 1405061786915,
      "attemptID" : "attempt_201407031554_2030_m_000039_0",
      "shuffleFinished" : -1,
      "sortFinished" : -1,
      "hdfsBytesRead" : 122412414,
      "hdfsBytesWritten" : -1,
      "fileBytesRead" : 24340202,
      "fileBytesWritten" : 32305666,
      "mapInputRecords" : 2965,
      "mapOutputBytes" : 168788255,
      "mapOutputRecords" : 11195911,
      "combineInputRecords" : 11640773,
      "reduceInputGroups" : -1,
      "reduceInputRecords" : -1,
      "reduceShuffleBytes" : -1,
      "reduceOutputRecords" : -1,
      "spilledRecords" : 1142001,
      "mapInputBytes" : -1,
      "resourceUsageMetrics" : {
        "cumulativeCpuUsage" : 18900,
        "virtualMemoryUsage" : 398426112,
        "physicalMemoryUsage" : 183582720,
        "heapUsage" : 133431296
      },
      "location" : {
        "layers" : [ "default-rack", "Slave22" ]
      },
      "hostName" : "/default-rack/Slave22"
    } ],
    "finishTime" : 1405061802534,
    "preferredLocations" : [ {
      "layers" : [ "default-rack", "Master2" ]
    }, {
      "layers" : [ "default-rack", "Slave22" ]
    }, {
      "layers" : [ "default-rack", "Slave21" ]
    } ],
    "taskType" : "MAP",
    "taskStatus" : "SUCCESS",
    "taskID" : "task_201407031554_2030_m_000039",
    "inputBytes" : 122412414,
    "inputRecords" : 2965,
    "outputBytes" : 32305666,
    "outputRecords" : 11195911
  }, {
    "startTime" : 1405061791100,
    "attempts" : [ {
      "result" : "SUCCESS",
      "startTime" : 1405061794358,
      "finishTime" : 1405061805791,
      "attemptID" : "attempt_201407031554_2030_m_000038_0",
      "shuffleFinished" : -1,
      "sortFinished" : -1,
      "hdfsBytesRead" : 122412684,
      "hdfsBytesWritten" : -1,
      "fileBytesRead" : 21349937,
      "fileBytesWritten" : 27865307,
      "mapInputRecords" : 2988,
      "mapOutputBytes" : 169164825,
      "mapOutputRecords" : 11247642,
      "combineInputRecords" : 11693057,
      "reduceInputGroups" : -1,
      "reduceInputRecords" : -1,
      "reduceShuffleBytes" : -1,
      "reduceOutputRecords" : -1,
      "spilledRecords" : 1142626,
      "mapInputBytes" : -1,
      "resourceUsageMetrics" : {
        "cumulativeCpuUsage" : 18460,
        "virtualMemoryUsage" : 400805888,
        "physicalMemoryUsage" : 204464128,
        "heapUsage" : 183500800
      },
      "location" : {
        "layers" : [ "default-rack", "Slave23" ]
      },
      "hostName" : "/default-rack/Slave23"
    }, {
      "result" : "KILLED",
      "startTime" : 1405061791337,
      "finishTime" : 1405061794662,
      "attemptID" : "attempt_201407031554_2030_m_000038_1",
      "shuffleFinished" : -1,
      "sortFinished" : -1,
      "hdfsBytesRead" : -1,
      "hdfsBytesWritten" : -1,
      "fileBytesRead" : -1,
      "fileBytesWritten" : -1,
      "mapInputRecords" : -1,
      "mapOutputBytes" : -1,
      "mapOutputRecords" : -1,
      "combineInputRecords" : -1,
      "reduceInputGroups" : -1,
      "reduceInputRecords" : -1,
      "reduceShuffleBytes" : -1,
      "reduceOutputRecords" : -1,
      "spilledRecords" : -1,
      "mapInputBytes" : -1,
      "resourceUsageMetrics" : {
        "cumulativeCpuUsage" : 0,
        "virtualMemoryUsage" : 0,
        "physicalMemoryUsage" : 0,
        "heapUsage" : 0
      },
      "location" : null,
      "hostName" : null
    } ],
    "finishTime" : 1405061802553,
    "preferredLocations" : [ {
      "layers" : [ "default-rack", "Master2" ]
    }, {
      "layers" : [ "default-rack", "Slave23" ]
    }, {
      "layers" : [ "default-rack", "Slave21" ]
    } ],
    "taskType" : "MAP",
    "taskStatus" : "SUCCESS",
    "taskID" : "task_201407031554_2030_m_000038",
    "inputBytes" : 122412684,
    "inputRecords" : 2988,
    "outputBytes" : 27865307,
    "outputRecords" : 11247642
  } ],
  "finishTime" : 1405061817901,
  "reduceTasks" : [ {
    "startTime" : 1405061753667,
    "attempts" : [ {
      "result" : "SUCCESS",
      "startTime" : 1405061738297,
      "finishTime" : 1405061800753,
      "attemptID" : "attempt_201407031554_2030_r_000000_0",
      "shuffleFinished" : 1405061791383,
      "sortFinished" : 1405061791403,
      "hdfsBytesRead" : -1,
      "hdfsBytesWritten" : 14179137,
      "fileBytesRead" : 115713416,
      "fileBytesWritten" : 115772343,
      "mapInputRecords" : -1,
      "mapOutputBytes" : -1,
      "mapOutputRecords" : -1,
      "combineInputRecords" : 5018781,
      "reduceInputGroups" : 2688108,
      "reduceInputRecords" : 3779335,
      "reduceShuffleBytes" : 159421091,
      "reduceOutputRecords" : 2688108,
      "spilledRecords" : 3527952,
      "mapInputBytes" : -1,
      "resourceUsageMetrics" : {
        "cumulativeCpuUsage" : 15350,
        "virtualMemoryUsage" : 401891328,
        "physicalMemoryUsage" : 184508416,
        "heapUsage" : 90177536
      },
      "location" : {
        "layers" : [ "default-rack", "Slave22" ]
      },
      "hostName" : "/default-rack/Slave22"
    } ],
    "finishTime" : 1405061816387,
    "preferredLocations" : [ ],
    "taskType" : "REDUCE",
    "taskStatus" : "SUCCESS",
    "taskID" : "task_201407031554_2030_r_000000",
    "inputBytes" : 159421091,
    "inputRecords" : 3779335,
    "outputBytes" : 14179137,
    "outputRecords" : 2688108
  }, {
    "startTime" : 1405061753676,
    "attempts" : [ {
      "result" : "SUCCESS",
      "startTime" : 1405061753677,
      "finishTime" : 1405061816859,
      "attemptID" : "attempt_201407031554_2030_r_000001_0",
      "shuffleFinished" : 1405061807570,
      "sortFinished" : 1405061807594,
      "hdfsBytesRead" : -1,
      "hdfsBytesWritten" : 14186353,
      "fileBytesRead" : 117657693,
      "fileBytesWritten" : 117716620,
      "mapInputRecords" : -1,
      "mapOutputBytes" : -1,
      "mapOutputRecords" : -1,
      "combineInputRecords" : 5138532,
      "reduceInputGroups" : 2689272,
      "reduceInputRecords" : 3721809,
      "reduceShuffleBytes" : 159258314,
      "reduceOutputRecords" : 2689272,
      "spilledRecords" : 3595532,
      "mapInputBytes" : -1,
      "resourceUsageMetrics" : {
        "cumulativeCpuUsage" : 15440,
        "virtualMemoryUsage" : 400478208,
        "physicalMemoryUsage" : 234008576,
        "heapUsage" : 186384384
      },
      "location" : {
        "layers" : [ "default-rack", "Master2" ]
      },
      "hostName" : "/default-rack/Master2"
    } ],
    "finishTime" : 1405061816993,
    "preferredLocations" : [ ],
    "taskType" : "REDUCE",
    "taskStatus" : "SUCCESS",
    "taskID" : "task_201407031554_2030_r_000001",
    "inputBytes" : 159258314,
    "inputRecords" : 3721809,
    "outputBytes" : 14186353,
    "outputRecords" : 2689272
  } ],
  "submitTime" : 1405061738104,
  "launchTime" : 1405061738198,
  "totalMaps" : 40,
  "totalReduces" : 2,
  "otherTasks" : [ {
    "startTime" : 1405061738264,
    "attempts" : [ {
      "result" : "SUCCESS",
      "startTime" : 1405061722948,
      "finishTime" : 1405061723561,
      "attemptID" : "attempt_201407031554_2030_m_000041_0",
      "shuffleFinished" : -1,
      "sortFinished" : -1,
      "hdfsBytesRead" : -1,
      "hdfsBytesWritten" : -1,
      "fileBytesRead" : -1,
      "fileBytesWritten" : 59019,
      "mapInputRecords" : -1,
      "mapOutputBytes" : -1,
      "mapOutputRecords" : -1,
      "combineInputRecords" : -1,
      "reduceInputGroups" : -1,
      "reduceInputRecords" : -1,
      "reduceShuffleBytes" : -1,
      "reduceOutputRecords" : -1,
      "spilledRecords" : 0,
      "mapInputBytes" : -1,
      "resourceUsageMetrics" : {
        "cumulativeCpuUsage" : 50,
        "virtualMemoryUsage" : 394280960,
        "physicalMemoryUsage" : 62038016,
        "heapUsage" : 64487424
      },
      "location" : {
        "layers" : [ "default-rack", "Slave22" ]
      },
      "hostName" : "/default-rack/Slave22"
    } ],
    "finishTime" : 1405061739172,
    "preferredLocations" : [ ],
    "taskType" : "SETUP",
    "taskStatus" : "SUCCESS",
    "taskID" : "task_201407031554_2030_m_000041",
    "inputBytes" : -1,
    "inputRecords" : -1,
    "outputBytes" : -1,
    "outputRecords" : -1
  }, {
    "startTime" : 1405061816995,
    "attempts" : [ {
      "result" : "SUCCESS",
      "startTime" : 1405061816998,
      "finishTime" : 1405061817888,
      "attemptID" : "attempt_201407031554_2030_m_000040_0",
      "shuffleFinished" : -1,
      "sortFinished" : -1,
      "hdfsBytesRead" : -1,
      "hdfsBytesWritten" : -1,
      "fileBytesRead" : -1,
      "fileBytesWritten" : 59019,
      "mapInputRecords" : -1,
      "mapOutputBytes" : -1,
      "mapOutputRecords" : -1,
      "combineInputRecords" : -1,
      "reduceInputGroups" : -1,
      "reduceInputRecords" : -1,
      "reduceShuffleBytes" : -1,
      "reduceOutputRecords" : -1,
      "spilledRecords" : 0,
      "mapInputBytes" : -1,
      "resourceUsageMetrics" : {
        "cumulativeCpuUsage" : 50,
        "virtualMemoryUsage" : 400166912,
        "physicalMemoryUsage" : 184901632,
        "heapUsage" : 137363456
      },
      "location" : {
        "layers" : [ "default-rack", "Master2" ]
      },
      "hostName" : "/default-rack/Master2"
    } ],
    "finishTime" : 1405061817901,
    "preferredLocations" : [ ],
    "taskType" : "CLEANUP",
    "taskStatus" : "SUCCESS",
    "taskID" : "task_201407031554_2030_m_000040",
    "inputBytes" : -1,
    "inputRecords" : -1,
    "outputBytes" : -1,
    "outputRecords" : -1
  } ],
  "queue" : "default",
  "jobProperties" : {
    "fs.s3n.impl" : "org.apache.hadoop.fs.s3native.NativeS3FileSystem",
    "mapred.task.cache.levels" : "2",
    "mapreduce.job.restart.recover" : "true",
    "mapreduce.job.counters.max" : "120",
    "dfs.client.use.datanode.hostname" : "false",
    "hadoop.tmp.dir" : "/tmp/hadoop-${user.name}",
    "hadoop.native.lib" : "true",
    "map.sort.class" : "org.apache.hadoop.util.QuickSort",
    "dfs.namenode.decommission.nodes.per.interval" : "5",
    "dfs.https.need.client.auth" : "false",
    "dfs.datanode.drop.cache.behind.writes" : "false",
    "ipc.client.idlethreshold" : "4000",
    "mapred.system.dir" : "${hadoop.tmp.dir}/mapred/system",
    "dfs.datanode.data.dir.perm" : "755",
    "mapred.job.tracker.persist.jobstatus.hours" : "0",
    "dfs.namenode.logging.level" : "info",
    "dfs.datanode.address" : "0.0.0.0:50010",
    "io.skip.checksum.errors" : "false",
    "dfs.block.access.token.enable" : "false",
    "fs.default.name" : "hdfs://Master2:9000",
    "mapred.cluster.reduce.memory.mb" : "-1",
    "mapred.reducer.new-api" : "true",
    "mapred.child.tmp" : "./tmp",
    "fs.har.impl.disable.cache" : "true",
    "dfs.safemode.threshold.pct" : "0.999f",
    "mapred.skip.reduce.max.skip.groups" : "0",
    "mapred.heartbeats.in.second" : "100",
    "dfs.namenode.handler.count" : "10",
    "dfs.blockreport.initialDelay" : "0",
    "mapred.tasktracker.dns.nameserver" : "default",
    "io.sort.factor" : "10",
    "dfs.datanode.drop.cache.behind.reads" : "false",
    "mapred.task.timeout" : "600000",
    "mapred.max.tracker.failures" : "4",
    "hadoop.rpc.socket.factory.class.default" : "org.apache.hadoop.net.StandardSocketFactory",
    "mapred.job.tracker.jobhistory.lru.cache.size" : "5",
    "fs.hdfs.impl" : "org.apache.hadoop.hdfs.DistributedFileSystem",
    "mapred.queue.default.acl-administer-jobs" : "*",
    "dfs.namenode.stale.datanode.interval" : "30000",
    "mapred.output.key.class" : "org.apache.hadoop.io.Text",
    "dfs.block.access.key.update.interval" : "600",
    "mapred.skip.map.auto.incr.proc.count" : "true",
    "mapreduce.job.complete.cancel.delegation.tokens" : "true",
    "io.mapfile.bloom.size" : "1048576",
    "mapreduce.reduce.shuffle.connect.timeout" : "180000",
    "dfs.safemode.extension" : "30000",
    "mapred.jobtracker.blacklist.fault-timeout-window" : "180",
    "dfs.namenode.write.stale.datanode.ratio" : "0.5f",
    "hadoop.skip.worker.version.check" : "false",
    "tasktracker.http.threads" : "40",
    "net.topology.impl" : "org.apache.hadoop.net.NetworkTopology",
    "mapred.job.shuffle.merge.percent" : "0.4",
    "fs.ftp.impl" : "org.apache.hadoop.fs.ftp.FTPFileSystem",
    "user.name" : "itri-hadoop",
    "dfs.namenode.kerberos.internal.spnego.principal" : "${dfs.web.authentication.kerberos.principal}",
    "mapred.output.compress" : "true",
    "io.bytes.per.checksum" : "512",
    "mapred.combine.recordsBeforeProgress" : "10000",
    "mapred.healthChecker.script.timeout" : "600000",
    "topology.node.switch.mapping.impl" : "org.apache.hadoop.net.ScriptBasedMapping",
    "dfs.https.server.keystore.resource" : "ssl-server.xml",
    "mapred.reduce.slowstart.completed.maps" : "0.04",
    "mapred.reduce.max.attempts" : "4",
    "dfs.namenode.safemode.min.datanodes" : "0",
    "mapreduce.ifile.readahead.bytes" : "4194304",
    "fs.ramfs.impl" : "org.apache.hadoop.fs.InMemoryFileSystem",
    "dfs.block.access.token.lifetime" : "600",
    "mapred.skip.map.max.skip.records" : "0",
    "dfs.name.edits.dir" : "${dfs.name.dir}",
    "mapred.cluster.map.memory.mb" : "-1",
    "hadoop.security.group.mapping" : "org.apache.hadoop.security.ShellBasedUnixGroupsMapping",
    "mapred.job.tracker.persist.jobstatus.dir" : "/jobtracker/jobsInfo",
    "mapred.jar" : "hdfs://Master2:9000/tmp/hadoop-itri-hadoop/mapred/staging/itri-hadoop/.staging/job_201407031554_2030/job.jar",
    "fs.s3.buffer.dir" : "${hadoop.tmp.dir}/s3",
    "dfs.block.size" : "67108864",
    "job.end.retry.attempts" : "0",
    "fs.file.impl" : "org.apache.hadoop.fs.LocalFileSystem",
    "dfs.namenode.avoid.write.stale.datanode" : "false",
    "dfs.datanode.max.xcievers" : "4096",
    "mapred.local.dir.minspacestart" : "0",
    "mapred.output.compression.type" : "RECORD",
    "dfs.datanode.ipc.address" : "0.0.0.0:50020",
    "dfs.permissions" : "true",
    "topology.script.number.args" : "100",
    "mapreduce.job.counters.groups.max" : "50",
    "io.mapfile.bloom.error.rate" : "0.005",
    "mapred.cluster.max.reduce.memory.mb" : "-1",
    "mapred.max.tracker.blacklists" : "4",
    "mapred.task.profile.maps" : "0-2",
    "mapred.jobtracker.jobSchedulable" : "org.apache.hadoop.mapred.JobSchedulable",
    "dfs.datanode.https.address" : "0.0.0.0:50475",
    "mapred.userlog.retain.hours" : "24",
    "dfs.secondary.http.address" : "0.0.0.0:50090",
    "dfs.namenode.replication.work.multiplier.per.iteration" : "2",
    "dfs.replication.max" : "512",
    "mapred.job.tracker.persist.jobstatus.active" : "false",
    "hadoop.security.authorization" : "false",
    "local.cache.size" : "10737418240",
    "mapred.min.split.size" : "134217728",
    "dfs.namenode.delegation.token.renew-interval" : "86400000",
    "mapred.map.tasks" : "40",
    "mapred.child.java.opts" : "-Xmx200m",
    "mapred.output.value.class" : "org.apache.hadoop.io.IntWritable",
    "dfs.https.client.keystore.resource" : "ssl-client.xml",
    "ipc.client.fallback-to-simple-auth-allowed" : "false",
    "mapred.job.queue.name" : "default",
    "mapred.job.tracker.retiredjobs.cache.size" : "1000",
    "dfs.https.address" : "0.0.0.0:50470",
    "dfs.balance.bandwidthPerSec" : "1048576",
    "ipc.server.listen.queue.size" : "128",
    "dfs.namenode.invalidate.work.pct.per.iteration" : "0.32f",
    "mapred.inmem.merge.threshold" : "1100",
    "job.end.retry.interval" : "30000",
    "mapred.skip.attempts.to.start.skipping" : "2",
    "mapreduce.tasktracker.outofband.heartbeat.damper" : "1000000",
    "hadoop.security.use-weak-http-crypto" : "false",
    "fs.checkpoint.dir" : "${hadoop.tmp.dir}/dfs/namesecondary",
    "dfs.namenode.avoid.read.stale.datanode" : "false",
    "mapred.reduce.tasks" : "2",
    "mapred.merge.recordsBeforeProgress" : "10000",
    "mapred.userlog.limit.kb" : "0",
    "mapred.job.reduce.memory.mb" : "-1",
    "webinterface.private.actions" : "false",
    "dfs.max.objects" : "0",
    "hadoop.security.token.service.use_ip" : "true",
    "io.sort.spill.percent" : "0.6",
    "mapred.job.shuffle.input.buffer.percent" : "0.5",
    "mapred.map.tasks.speculative.execution" : "true",
    "hadoop.http.authentication.type" : "simple",
    "mapred.job.name" : "word count",
    "hadoop.util.hash.type" : "murmur",
    "dfs.datanode.dns.nameserver" : "default",
    "hadoop.security.instrumentation.requires.admin" : "false",
    "dfs.blockreport.intervalMsec" : "3600000",
    "dfs.datanode.readahead.bytes" : "4193404",
    "mapred.map.max.attempts" : "4",
    "mapreduce.job.acl-view-job" : " ",
    "mapreduce.ifile.readahead" : "true",
    "mapred.jobtracker.nodegroup.aware" : "false",
    "mapred.job.tracker.handler.count" : "10",
    "dfs.client.block.write.retries" : "3",
    "mapreduce.reduce.shuffle.read.timeout" : "180000",
    "mapred.tasktracker.expiry.interval" : "600000",
    "dfs.secondary.namenode.kerberos.internal.spnego.principal" : "${dfs.web.authentication.kerberos.principal}",
    "dfs.https.enable" : "false",
    "mapred.jobtracker.job.history.block.size" : "3145728",
    "mapred.jobtracker.maxtasks.per.job" : "-1",
    "keep.failed.task.files" : "false",
    "dfs.datanode.use.datanode.hostname" : "false",
    "dfs.datanode.failed.volumes.tolerated" : "0",
    "ipc.client.tcpnodelay" : "false",
    "mapred.task.profile.reduces" : "0-2",
    "io.map.index.skip" : "0",
    "mapred.output.compression.codec" : "org.apache.hadoop.io.compress.DefaultCodec",
    "hadoop.http.authentication.token.validity" : "36000",
    "ipc.server.tcpnodelay" : "false",
    "hadoop.jetty.logs.serve.aliases" : "true",
    "mapred.working.dir" : "hdfs://Master2:9000/user/itri-hadoop",
    "mapred.jobtracker.blacklist.fault-bucket-width" : "15",
    "dfs.namenode.delegation.key.update-interval" : "86400000",
    "mapred.used.genericoptionsparser" : "true",
    "mapred.job.map.memory.mb" : "-1",
    "mapred.mapper.new-api" : "true",
    "dfs.default.chunk.view.size" : "32768",
    "hadoop.logfile.size" : "10000000",
    "mapred.reduce.tasks.speculative.execution" : "true",
    "mapreduce.tasktracker.outofband.heartbeat" : "false",
    "mapreduce.job.dir" : "hdfs://Master2:9000/tmp/hadoop-itri-hadoop/mapred/staging/itri-hadoop/.staging/job_201407031554_2030",
    "mapreduce.reduce.input.limit" : "-1",
    "dfs.datanode.du.reserved" : "0",
    "dfs.datanode.sync.behind.writes" : "false",
    "hadoop.security.authentication" : "simple",
    "fs.checkpoint.period" : "3600",
    "mapred.job.reuse.jvm.num.tasks" : "12",
    "dfs.web.ugi" : "webuser,webgroup",
    "mapred.jobtracker.completeuserjobs.maximum" : "100",
    "dfs.df.interval" : "60000",
    "mapred.task.tracker.task-controller" : "org.apache.hadoop.mapred.DefaultTaskController",
    "dfs.data.dir" : "${hadoop.tmp.dir}/dfs/data",
    "fs.s3.maxRetries" : "4",
    "dfs.datanode.dns.interface" : "default",
    "mapred.cluster.max.map.memory.mb" : "-1",
    "mapreduce.reduce.shuffle.maxfetchfailures" : "10",
    "mapred.map.child.java.opts" : "-Xmx200M",
    "mapreduce.job.acl-modify-job" : " ",
    "fs.hftp.impl" : "org.apache.hadoop.hdfs.HftpFileSystem",
    "mapred.local.dir" : "${hadoop.tmp.dir}/mapred/local",
    "dfs.permissions.supergroup" : "supergroup",
    "fs.s3.sleepTimeSeconds" : "10",
    "fs.trash.interval" : "0",
    "mapred.submit.replication" : "10",
    "dfs.replication.min" : "1",
    "fs.har.impl" : "org.apache.hadoop.fs.HarFileSystem",
    "hadoop.relaxed.worker.version.check" : "false",
    "mapred.map.output.compression.codec" : "org.apache.hadoop.io.compress.DefaultCodec",
    "mapred.tasktracker.dns.interface" : "default",
    "dfs.http.address" : "0.0.0.0:50070",
    "dfs.namenode.decommission.interval" : "30",
    "mapred.job.tracker" : "Master2:9001",
    "dfs.heartbeat.interval" : "3",
    "hadoop.http.authentication.signature.secret.file" : "${user.home}/hadoop-http-auth-signature-secret",
    "io.seqfile.sorter.recordlimit" : "1000000",
    "mapreduce.job.submithost" : "Master2",
    "dfs.name.dir" : "${hadoop.tmp.dir}/dfs/name",
    "mapred.jobtracker.taskScheduler" : "org.apache.hadoop.mapred.JobQueueTaskScheduler",
    "mapred.line.input.format.linespermap" : "1",
    "dfs.datanode.http.address" : "0.0.0.0:50075",
    "fs.webhdfs.impl" : "org.apache.hadoop.hdfs.web.WebHdfsFileSystem",
    "mapred.local.dir.minspacekill" : "0",
    "dfs.image.transfer.bandwidthPerSec" : "0",
    "dfs.replication.interval" : "3",
    "io.sort.record.percent" : "0.03",
    "hadoop.http.authentication.kerberos.principal" : "HTTP/localhost@LOCALHOST",
    "mapreduce.reduce.class" : "org.apache.hadoop.examples.WordCount$IntSumReducer",
    "fs.kfs.impl" : "org.apache.hadoop.fs.kfs.KosmosFileSystem",
    "mapred.tasktracker.reduce.tasks.maximum" : "3",
    "mapred.temp.dir" : "${hadoop.tmp.dir}/mapred/temp",
    "dfs.replication" : "3",
    "fs.checkpoint.edits.dir" : "${fs.checkpoint.dir}",
    "mapreduce.jobhistory.max-age-ms" : "2592000000",
    "mapred.tasktracker.tasks.sleeptime-before-sigkill" : "5000",
    "mapred.job.reduce.input.buffer.percent" : "0.9",
    "mapred.tasktracker.indexcache.mb" : "10",
    "dfs.webhdfs.enabled" : "false",
    "mapreduce.job.split.metainfo.maxsize" : "10000000",
    "hadoop.logfile.count" : "10",
    "mapred.skip.reduce.auto.incr.proc.count" : "true",
    "mapreduce.job.submithostaddress" : "192.168.1.104",
    "io.seqfile.compress.blocksize" : "1000000",
    "fs.s3.block.size" : "67108864",
    "mapred.tasktracker.taskmemorymanager.monitoring-interval" : "5000",
    "hadoop.http.authentication.simple.anonymous.allowed" : "true",
    "mapreduce.jobtracker.staging.root.dir" : "${hadoop.tmp.dir}/mapred/staging",
    "mapred.acls.enabled" : "false",
    "mapred.queue.default.state" : "RUNNING",
    "mapred.queue.names" : "default",
    "fs.hsftp.impl" : "org.apache.hadoop.hdfs.HsftpFileSystem",
    "dfs.access.time.precision" : "3600000",
    "mapred.task.tracker.http.address" : "0.0.0.0:50060",
    "mapreduce.combine.class" : "org.apache.hadoop.examples.WordCount$IntSumReducer",
    "io.seqfile.lazydecompress" : "true",
    "mapred.reduce.parallel.copies" : "5",
    "mapred.disk.healthChecker.interval" : "60000",
    "mapred.output.dir" : "/word-out",
    "ipc.client.connection.maxidletime" : "10000",
    "io.sort.mb" : "100",
    "mapred.reduce.child.java.opts" : "-Xmx200M",
    "mapred.task.tracker.report.address" : "127.0.0.1:0",
    "hadoop.security.uid.cache.secs" : "14400",
    "mapred.compress.map.output" : "false",
    "ipc.client.kill.max" : "10",
    "mapred.healthChecker.interval" : "60000",
    "ipc.client.connect.max.retries" : "10",
    "mapreduce.map.class" : "org.apache.hadoop.examples.WordCount$TokenizerMapper",
    "fs.s3.impl" : "org.apache.hadoop.fs.s3.S3FileSystem",
    "mapred.user.jobconf.limit" : "5242880",
    "mapreduce.job.counters.group.name.max" : "128",
    "mapred.job.tracker.http.address" : "0.0.0.0:50030",
    "mapred.input.dir" : "hdfs://Master2:9000/word-in5G",
    "io.file.buffer.size" : "4096",
    "mapred.jobtracker.restart.recover" : "false",
    "io.serializations" : "org.apache.hadoop.io.serializer.WritableSerialization",
    "mapred.task.profile" : "false",
    "dfs.datanode.handler.count" : "3",
    "mapreduce.input.num.files" : "20",
    "mapreduce.jobhistory.cleaner.interval-ms" : "86400000",
    "dfs.replication.considerLoad" : "true",
    "jobclient.output.filter" : "FAILED",
    "dfs.namenode.edits.toleration.length" : "0",
    "hadoop.http.authentication.kerberos.keytab" : "${user.home}/hadoop.keytab",
    "dfs.namenode.delegation.token.max-lifetime" : "604800000",
    "mapred.tasktracker.map.tasks.maximum" : "4",
    "fs.checkpoint.size" : "67108864",
    "io.compression.codecs" : "org.apache.hadoop.io.compress.DefaultCodec,org.apache.hadoop.io.compress.GzipCodec,org.apache.hadoop.io.compress.BZip2Codec,org.apache.hadoop.io.compress.SnappyCodec",
    "mapreduce.job.counters.counter.name.max" : "64"
  },
  "computonsPerMapInputByte" : -1,
  "computonsPerMapOutputByte" : -1,
  "computonsPerReduceInputByte" : -1,
  "computonsPerReduceOutputByte" : -1,
  "heapMegabytes" : 200,
  "outcome" : "SUCCESS",
  "jobtype" : "JAVA",
  "directDependantJobs" : [ ],
  "successfulMapAttemptCDFs" : [ {
    "minimum" : 10429,
    "maximum" : 15574,
    "rankings" : [ {
      "relativeRanking" : 0.05,
      "datum" : 10687
    }, {
      "relativeRanking" : 0.1,
      "datum" : 11094
    }, {
      "relativeRanking" : 0.15,
      "datum" : 11139
    }, {
      "relativeRanking" : 0.2,
      "datum" : 11200
    }, {
      "relativeRanking" : 0.25,
      "datum" : 11352
    }, {
      "relativeRanking" : 0.3,
      "datum" : 11407
    }, {
      "relativeRanking" : 0.35,
      "datum" : 11429
    }, {
      "relativeRanking" : 0.4,
      "datum" : 11575
    }, {
      "relativeRanking" : 0.45,
      "datum" : 11754
    }, {
      "relativeRanking" : 0.5,
      "datum" : 11798
    }, {
      "relativeRanking" : 0.55,
      "datum" : 11980
    }, {
      "relativeRanking" : 0.6,
      "datum" : 12365
    }, {
      "relativeRanking" : 0.65,
      "datum" : 12456
    }, {
      "relativeRanking" : 0.7,
      "datum" : 12598
    }, {
      "relativeRanking" : 0.75,
      "datum" : 12917
    }, {
      "relativeRanking" : 0.8,
      "datum" : 12967
    }, {
      "relativeRanking" : 0.85,
      "datum" : 14374
    }, {
      "relativeRanking" : 0.9,
      "datum" : 14682
    }, {
      "relativeRanking" : 0.95,
      "datum" : 14953
    } ],
    "numberValues" : 40
  }, {
    "minimum" : -9223372036854775808,
    "maximum" : 9223372036854775807,
    "rankings" : [ ],
    "numberValues" : 0
  }, {
    "minimum" : -9223372036854775808,
    "maximum" : 9223372036854775807,
    "rankings" : [ ],
    "numberValues" : 0
  }, {
    "minimum" : -9223372036854775808,
    "maximum" : 9223372036854775807,
    "rankings" : [ ],
    "numberValues" : 0
  } ],
  "failedMapAttemptCDFs" : [ {
    "minimum" : -9223372036854775808,
    "maximum" : 9223372036854775807,
    "rankings" : [ ],
    "numberValues" : 0
  }, {
    "minimum" : -9223372036854775808,
    "maximum" : 9223372036854775807,
    "rankings" : [ ],
    "numberValues" : 0
  }, {
    "minimum" : -9223372036854775808,
    "maximum" : 9223372036854775807,
    "rankings" : [ ],
    "numberValues" : 0
  }, {
    "minimum" : -9223372036854775808,
    "maximum" : 9223372036854775807,
    "rankings" : [ ],
    "numberValues" : 0
  } ],
  "successfulReduceAttemptCDF" : {
    "minimum" : 62456,
    "maximum" : 63182,
    "rankings" : [ {
      "relativeRanking" : 0.05,
      "datum" : 62456
    }, {
      "relativeRanking" : 0.1,
      "datum" : 62456
    }, {
      "relativeRanking" : 0.15,
      "datum" : 62456
    }, {
      "relativeRanking" : 0.2,
      "datum" : 62456
    }, {
      "relativeRanking" : 0.25,
      "datum" : 62456
    }, {
      "relativeRanking" : 0.3,
      "datum" : 62456
    }, {
      "relativeRanking" : 0.35,
      "datum" : 62456
    }, {
      "relativeRanking" : 0.4,
      "datum" : 62456
    }, {
      "relativeRanking" : 0.45,
      "datum" : 62456
    }, {
      "relativeRanking" : 0.5,
      "datum" : 62456
    }, {
      "relativeRanking" : 0.55,
      "datum" : 62456
    }, {
      "relativeRanking" : 0.6,
      "datum" : 62456
    }, {
      "relativeRanking" : 0.65,
      "datum" : 62456
    }, {
      "relativeRanking" : 0.7,
      "datum" : 62456
    }, {
      "relativeRanking" : 0.75,
      "datum" : 62456
    }, {
      "relativeRanking" : 0.8,
      "datum" : 62456
    }, {
      "relativeRanking" : 0.85,
      "datum" : 62456
    }, {
      "relativeRanking" : 0.9,
      "datum" : 62456
    }, {
      "relativeRanking" : 0.95,
      "datum" : 62456
    } ],
    "numberValues" : 2
  },
  "failedReduceAttemptCDF" : {
    "minimum" : -9223372036854775808,
    "maximum" : 9223372036854775807,
    "rankings" : [ ],
    "numberValues" : 0
  },
  "mapperTriesToSucceed" : [ 1.0 ],
  "priority" : "NORMAL"
}