{
  "priority" : "NORMAL",
  "jobID" : "job_201407031554_2076",
  "user" : "itri-hadoop",
  "jobName" : "word count",
  "mapTasks" : [ {
    "startTime" : 1405075275424,
    "attempts" : [ {
      "result" : "SUCCESS",
      "location" : {
        "layers" : [ "default-rack", "Slave22" ]
      },
      "hostName" : "/default-rack/Slave22",
      "startTime" : 1405075259787,
      "finishTime" : 1405075290093,
      "attemptID" : "attempt_201407031554_2076_m_000000_0",
      "shuffleFinished" : -1,
      "sortFinished" : -1,
      "hdfsBytesRead" : 256639622,
      "hdfsBytesWritten" : -1,
      "fileBytesRead" : 41812609,
      "fileBytesWritten" : 57612526,
      "mapInputRecords" : 6182,
      "mapOutputBytes" : 353773529,
      "mapOutputRecords" : 23476900,
      "combineInputRecords" : 24220628,
      "reduceInputGroups" : -1,
      "reduceInputRecords" : -1,
      "reduceShuffleBytes" : -1,
      "reduceOutputRecords" : -1,
      "spilledRecords" : 1927043,
      "mapInputBytes" : -1,
      "resourceUsageMetrics" : {
        "cumulativeCpuUsage" : 39340,
        "virtualMemoryUsage" : 942051328,
        "physicalMemoryUsage" : 517312512,
        "heapUsage" : 619446272
      }
    } ],
    "finishTime" : 1405075305869,
    "preferredLocations" : [ {
      "layers" : [ "default-rack", "Slave21" ]
    }, {
      "layers" : [ "default-rack", "Slave22" ]
    }, {
      "layers" : [ "default-rack", "Slave23" ]
    } ],
    "taskType" : "MAP",
    "taskStatus" : "SUCCESS",
    "taskID" : "task_201407031554_2076_m_000000",
    "inputBytes" : 256639622,
    "inputRecords" : 6182,
    "outputBytes" : 57612526,
    "outputRecords" : 23476900
  }, {
    "startTime" : 1405075275425,
    "attempts" : [ {
      "result" : "SUCCESS",
      "location" : {
        "layers" : [ "default-rack", "Slave22" ]
      },
      "hostName" : "/default-rack/Slave22",
      "startTime" : 1405075259787,
      "finishTime" : 1405075290931,
      "attemptID" : "attempt_201407031554_2076_m_000001_0",
      "shuffleFinished" : -1,
      "sortFinished" : -1,
      "hdfsBytesRead" : 256638682,
      "hdfsBytesWritten" : -1,
      "fileBytesRead" : 39676781,
      "fileBytesWritten" : 54400373,
      "mapInputRecords" : 6253,
      "mapOutputBytes" : 354730889,
      "mapOutputRecords" : 23583859,
      "combineInputRecords" : 24329267,
      "reduceInputGroups" : -1,
      "reduceInputRecords" : -1,
      "reduceShuffleBytes" : -1,
      "reduceOutputRecords" : -1,
      "spilledRecords" : 1930994,
      "mapInputBytes" : -1,
      "resourceUsageMetrics" : {
        "cumulativeCpuUsage" : 40610,
        "virtualMemoryUsage" : 941002752,
        "physicalMemoryUsage" : 491372544,
        "heapUsage" : 606863360
      }
    } ],
    "finishTime" : 1405075306772,
    "preferredLocations" : [ {
      "layers" : [ "default-rack", "Master2" ]
    }, {
      "layers" : [ "default-rack", "Slave23" ]
    }, {
      "layers" : [ "default-rack", "Slave22" ]
    } ],
    "taskType" : "MAP",
    "taskStatus" : "SUCCESS",
    "taskID" : "task_201407031554_2076_m_000001",
    "inputBytes" : 256638682,
    "inputRecords" : 6253,
    "outputBytes" : 54400373,
    "outputRecords" : 23583859
  }, {
    "startTime" : 1405075275440,
    "attempts" : [ {
      "result" : "SUCCESS",
      "location" : {
        "layers" : [ "default-rack", "Slave21" ]
      },
      "hostName" : "/default-rack/Slave21",
      "startTime" : 1405075265928,
      "finishTime" : 1405075296846,
      "attemptID" : "attempt_201407031554_2076_m_000002_0",
      "shuffleFinished" : -1,
      "sortFinished" : -1,
      "hdfsBytesRead" : 256637343,
      "hdfsBytesWritten" : -1,
      "fileBytesRead" : 36449114,
      "fileBytesWritten" : 49550183,
      "mapInputRecords" : 112705,
      "mapOutputBytes" : 354630886,
      "mapOutputRecords" : 23585648,
      "combineInputRecords" : 24330693,
      "reduceInputGroups" : -1,
      "reduceInputRecords" : -1,
      "reduceShuffleBytes" : -1,
      "reduceOutputRecords" : -1,
      "spilledRecords" : 1929511,
      "mapInputBytes" : -1,
      "resourceUsageMetrics" : {
        "cumulativeCpuUsage" : 40020,
        "virtualMemoryUsage" : 941273088,
        "physicalMemoryUsage" : 512294912,
        "heapUsage" : 630980608
      }
    } ],
    "finishTime" : 1405075306642,
    "preferredLocations" : [ {
      "layers" : [ "default-rack", "Slave22" ]
    }, {
      "layers" : [ "default-rack", "Slave21" ]
    }, {
      "layers" : [ "default-rack", "Slave23" ]
    } ],
    "taskType" : "MAP",
    "taskStatus" : "SUCCESS",
    "taskID" : "task_201407031554_2076_m_000002",
    "inputBytes" : 256637343,
    "inputRecords" : 112705,
    "outputBytes" : 49550183,
    "outputRecords" : 23585648
  }, {
    "startTime" : 1405075275440,
    "attempts" : [ {
      "result" : "SUCCESS",
      "location" : {
        "layers" : [ "default-rack", "Slave21" ]
      },
      "hostName" : "/default-rack/Slave21",
      "startTime" : 1405075265928,
      "finishTime" : 1405075296583,
      "attemptID" : "attempt_201407031554_2076_m_000003_0",
      "shuffleFinished" : -1,
      "sortFinished" : -1,
      "hdfsBytesRead" : 256637172,
      "hdfsBytesWritten" : -1,
      "fileBytesRead" : 43000582,
      "fileBytesWritten" : 59392873,
      "mapInputRecords" : 6226,
      "mapOutputBytes" : 354420571,
      "mapOutputRecords" : 23479791,
      "combineInputRecords" : 24223102,
      "reduceInputGroups" : -1,
      "reduceInputRecords" : -1,
      "reduceShuffleBytes" : -1,
      "reduceOutputRecords" : -1,
      "spilledRecords" : 1925733,
      "mapInputBytes" : -1,
      "resourceUsageMetrics" : {
        "cumulativeCpuUsage" : 39890,
        "virtualMemoryUsage" : 942288896,
        "physicalMemoryUsage" : 544989184,
        "heapUsage" : 663748608
      }
    } ],
    "finishTime" : 1405075306341,
    "preferredLocations" : [ {
      "layers" : [ "default-rack", "Slave21" ]
    }, {
      "layers" : [ "default-rack", "Slave23" ]
    }, {
      "layers" : [ "default-rack", "Slave22" ]
    } ],
    "taskType" : "MAP",
    "taskStatus" : "SUCCESS",
    "taskID" : "task_201407031554_2076_m_000003",
    "inputBytes" : 256637172,
    "inputRecords" : 6226,
    "outputBytes" : 59392873,
    "outputRecords" : 23479791
  }, {
    "startTime" : 1405075275534,
    "attempts" : [ {
      "result" : "SUCCESS",
      "location" : {
        "layers" : [ "default-rack", "Master2" ]
      },
      "hostName" : "/default-rack/Master2",
      "startTime" : 1405075275606,
      "finishTime" : 1405075307116,
      "attemptID" : "attempt_201407031554_2076_m_000004_0",
      "shuffleFinished" : -1,
      "sortFinished" : -1,
      "hdfsBytesRead" : 256636878,
      "hdfsBytesWritten" : -1,
      "fileBytesRead" : 42633494,
      "fileBytesWritten" : 58807965,
      "mapInputRecords" : 6290,
      "mapOutputBytes" : 354192159,
      "mapOutputRecords" : 23476253,
      "combineInputRecords" : 24220183,
      "reduceInputGroups" : -1,
      "reduceInputRecords" : -1,
      "reduceShuffleBytes" : -1,
      "reduceOutputRecords" : -1,
      "spilledRecords" : 1927117,
      "mapInputBytes" : -1,
      "resourceUsageMetrics" : {
        "cumulativeCpuUsage" : 41400,
        "virtualMemoryUsage" : 941641728,
        "physicalMemoryUsage" : 540016640,
        "heapUsage" : 656146432
      }
    } ],
    "finishTime" : 1405075307130,
    "preferredLocations" : [ {
      "layers" : [ "default-rack", "Master2" ]
    }, {
      "layers" : [ "default-rack", "Slave22" ]
    }, {
      "layers" : [ "default-rack", "Slave21" ]
    } ],
    "taskType" : "MAP",
    "taskStatus" : "SUCCESS",
    "taskID" : "task_201407031554_2076_m_000004",
    "inputBytes" : 256636878,
    "inputRecords" : 6290,
    "outputBytes" : 58807965,
    "outputRecords" : 23476253
  }, {
    "startTime" : 1405075275534,
    "attempts" : [ {
      "result" : "SUCCESS",
      "location" : {
        "layers" : [ "default-rack", "Master2" ]
      },
      "hostName" : "/default-rack/Master2",
      "startTime" : 1405075275606,
      "finishTime" : 1405075307067,
      "attemptID" : "attempt_201407031554_2076_m_000005_0",
      "shuffleFinished" : -1,
      "sortFinished" : -1,
      "hdfsBytesRead" : 256636045,
      "hdfsBytesWritten" : -1,
      "fileBytesRead" : 36242431,
      "fileBytesWritten" : 49250687,
      "mapInputRecords" : 6102,
      "mapOutputBytes" : 355054010,
      "mapOutputRecords" : 23585548,
      "combineInputRecords" : 24330276,
      "reduceInputGroups" : -1,
      "reduceInputRecords" : -1,
      "reduceShuffleBytes" : -1,
      "reduceOutputRecords" : -1,
      "spilledRecords" : 1929148,
      "mapInputBytes" : -1,
      "resourceUsageMetrics" : {
        "cumulativeCpuUsage" : 41390,
        "virtualMemoryUsage" : 942305280,
        "physicalMemoryUsage" : 496046080,
        "heapUsage" : 610271232
      }
    } ],
    "finishTime" : 1405075307130,
    "preferredLocations" : [ {
      "layers" : [ "default-rack", "Master2" ]
    }, {
      "layers" : [ "default-rack", "Slave21" ]
    }, {
      "layers" : [ "default-rack", "Slave22" ]
    } ],
    "taskType" : "MAP",
    "taskStatus" : "SUCCESS",
    "taskID" : "task_201407031554_2076_m_000005",
    "inputBytes" : 256636045,
    "inputRecords" : 6102,
    "outputBytes" : 49250687,
    "outputRecords" : 23585548
  }, {
    "startTime" : 1405075275560,
    "attempts" : [ {
      "result" : "SUCCESS",
      "location" : {
        "layers" : [ "default-rack", "Slave23" ]
      },
      "hostName" : "/default-rack/Slave23",
      "startTime" : 1405075278946,
      "finishTime" : 1405075310717,
      "attemptID" : "attempt_201407031554_2076_m_000006_0",
      "shuffleFinished" : -1,
      "sortFinished" : -1,
      "hdfsBytesRead" : 256635312,
      "hdfsBytesWritten" : -1,
      "fileBytesRead" : 38810229,
      "fileBytesWritten" : 53109588,
      "mapInputRecords" : 6141,
      "mapOutputBytes" : 355269135,
      "mapOutputRecords" : 23586242,
      "combineInputRecords" : 24330658,
      "reduceInputGroups" : -1,
      "reduceInputRecords" : -1,
      "reduceShuffleBytes" : -1,
      "reduceOutputRecords" : -1,
      "spilledRecords" : 1927990,
      "mapInputBytes" : -1,
      "resourceUsageMetrics" : {
        "cumulativeCpuUsage" : 41220,
        "virtualMemoryUsage" : 943267840,
        "physicalMemoryUsage" : 503844864,
        "heapUsage" : 616300544
      }
    } ],
    "finishTime" : 1405075307664,
    "preferredLocations" : [ {
      "layers" : [ "default-rack", "Master2" ]
    }, {
      "layers" : [ "default-rack", "Slave21" ]
    }, {
      "layers" : [ "default-rack", "Slave23" ]
    } ],
    "taskType" : "MAP",
    "taskStatus" : "SUCCESS",
    "taskID" : "task_201407031554_2076_m_000006",
    "inputBytes" : 256635312,
    "inputRecords" : 6141,
    "outputBytes" : 53109588,
    "outputRecords" : 23586242
  }, {
    "startTime" : 1405075275560,
    "attempts" : [ {
      "result" : "SUCCESS",
      "location" : {
        "layers" : [ "default-rack", "Slave23" ]
      },
      "hostName" : "/default-rack/Slave23",
      "startTime" : 1405075278946,
      "finishTime" : 1405075310843,
      "attemptID" : "attempt_201407031554_2076_m_000008_0",
      "shuffleFinished" : -1,
      "sortFinished" : -1,
      "hdfsBytesRead" : 256634543,
      "hdfsBytesWritten" : -1,
      "fileBytesRead" : 36661786,
      "fileBytesWritten" : 49867653,
      "mapInputRecords" : 112606,
      "mapOutputBytes" : 355468766,
      "mapOutputRecords" : 23689644,
      "combineInputRecords" : 24434861,
      "reduceInputGroups" : -1,
      "reduceInputRecords" : -1,
      "reduceShuffleBytes" : -1,
      "reduceOutputRecords" : -1,
      "spilledRecords" : 1929927,
      "mapInputBytes" : -1,
      "resourceUsageMetrics" : {
        "cumulativeCpuUsage" : 41990,
        "virtualMemoryUsage" : 939581440,
        "physicalMemoryUsage" : 498708480,
        "heapUsage" : 616300544
      }
    } ],
    "finishTime" : 1405075307664,
    "preferredLocations" : [ {
      "layers" : [ "default-rack", "Master2" ]
    }, {
      "layers" : [ "default-rack", "Slave23" ]
    }, {
      "layers" : [ "default-rack", "Slave21" ]
    } ],
    "taskType" : "MAP",
    "taskStatus" : "SUCCESS",
    "taskID" : "task_201407031554_2076_m_000008",
    "inputBytes" : 256634543,
    "inputRecords" : 112606,
    "outputBytes" : 49867653,
    "outputRecords" : 23689644
  }, {
    "startTime" : 1405075305869,
    "attempts" : [ {
      "result" : "SUCCESS",
      "location" : {
        "layers" : [ "default-rack", "Slave22" ]
      },
      "hostName" : "/default-rack/Slave22",
      "startTime" : 1405075290231,
      "finishTime" : 1405075317263,
      "attemptID" : "attempt_201407031554_2076_m_000007_0",
      "shuffleFinished" : -1,
      "sortFinished" : -1,
      "hdfsBytesRead" : 256634726,
      "hdfsBytesWritten" : -1,
      "fileBytesRead" : 42186827,
      "fileBytesWritten" : 58176765,
      "mapInputRecords" : 6182,
      "mapOutputBytes" : 353986489,
      "mapOutputRecords" : 23478739,
      "combineInputRecords" : 24221732,
      "reduceInputGroups" : -1,
      "reduceInputRecords" : -1,
      "reduceShuffleBytes" : -1,
      "reduceOutputRecords" : -1,
      "spilledRecords" : 1925535,
      "mapInputBytes" : -1,
      "resourceUsageMetrics" : {
        "cumulativeCpuUsage" : 31300,
        "virtualMemoryUsage" : 943046656,
        "physicalMemoryUsage" : 619692032,
        "heapUsage" : 695992320
      }
    } ],
    "finishTime" : 1405075332966,
    "preferredLocations" : [ {
      "layers" : [ "default-rack", "Master2" ]
    }, {
      "layers" : [ "default-rack", "Slave22" ]
    }, {
      "layers" : [ "default-rack", "Slave21" ]
    } ],
    "taskType" : "MAP",
    "taskStatus" : "SUCCESS",
    "taskID" : "task_201407031554_2076_m_000007",
    "inputBytes" : 256634726,
    "inputRecords" : 6182,
    "outputBytes" : 58176765,
    "outputRecords" : 23478739
  }, {
    "startTime" : 1405075306341,
    "attempts" : [ {
      "result" : "SUCCESS",
      "location" : {
        "layers" : [ "default-rack", "Slave21" ]
      },
      "hostName" : "/default-rack/Slave21",
      "startTime" : 1405075296783,
      "finishTime" : 1405075323427,
      "attemptID" : "attempt_201407031554_2076_m_000011_0",
      "shuffleFinished" : -1,
      "sortFinished" : -1,
      "hdfsBytesRead" : 256633784,
      "hdfsBytesWritten" : -1,
      "fileBytesRead" : 42172079,
      "fileBytesWritten" : 58165990,
      "mapInputRecords" : 6188,
      "mapOutputBytes" : 353988963,
      "mapOutputRecords" : 23479827,
      "combineInputRecords" : 24222982,
      "reduceInputGroups" : -1,
      "reduceInputRecords" : -1,
      "reduceShuffleBytes" : -1,
      "reduceOutputRecords" : -1,
      "spilledRecords" : 1925201,
      "mapInputBytes" : -1,
      "resourceUsageMetrics" : {
        "cumulativeCpuUsage" : 31050,
        "virtualMemoryUsage" : 943284224,
        "physicalMemoryUsage" : 618160128,
        "heapUsage" : 691798016
      }
    } ],
    "finishTime" : 1405075333143,
    "preferredLocations" : [ {
      "layers" : [ "default-rack", "Slave22" ]
    }, {
      "layers" : [ "default-rack", "Slave23" ]
    }, {
      "layers" : [ "default-rack", "Slave21" ]
    } ],
    "taskType" : "MAP",
    "taskStatus" : "SUCCESS",
    "taskID" : "task_201407031554_2076_m_000011",
    "inputBytes" : 256633784,
    "inputRecords" : 6188,
    "outputBytes" : 58165990,
    "outputRecords" : 23479827
  }, {
    "startTime" : 1405075306642,
    "attempts" : [ {
      "result" : "SUCCESS",
      "location" : {
        "layers" : [ "default-rack", "Slave21" ]
      },
      "hostName" : "/default-rack/Slave21",
      "startTime" : 1405075297085,
      "finishTime" : 1405075324272,
      "attemptID" : "attempt_201407031554_2076_m_000012_0",
      "shuffleFinished" : -1,
      "sortFinished" : -1,
      "hdfsBytesRead" : 256633764,
      "hdfsBytesWritten" : -1,
      "fileBytesRead" : 43019503,
      "fileBytesWritten" : 59387511,
      "mapInputRecords" : 6241,
      "mapOutputBytes" : 354409593,
      "mapOutputRecords" : 23478457,
      "combineInputRecords" : 24221724,
      "reduceInputGroups" : -1,
      "reduceInputRecords" : -1,
      "reduceShuffleBytes" : -1,
      "reduceOutputRecords" : -1,
      "spilledRecords" : 1925810,
      "mapInputBytes" : -1,
      "resourceUsageMetrics" : {
        "cumulativeCpuUsage" : 32580,
        "virtualMemoryUsage" : 942268416,
        "physicalMemoryUsage" : 617345024,
        "heapUsage" : 693370880
      }
    } ],
    "finishTime" : 1405075334045,
    "preferredLocations" : [ {
      "layers" : [ "default-rack", "Slave23" ]
    }, {
      "layers" : [ "default-rack", "Slave21" ]
    }, {
      "layers" : [ "default-rack", "Slave22" ]
    } ],
    "taskType" : "MAP",
    "taskStatus" : "SUCCESS",
    "taskID" : "task_201407031554_2076_m_000012",
    "inputBytes" : 256633764,
    "inputRecords" : 6241,
    "outputBytes" : 59387511,
    "outputRecords" : 23478457
  }, {
    "startTime" : 1405075306772,
    "attempts" : [ {
      "result" : "SUCCESS",
      "location" : {
        "layers" : [ "default-rack", "Slave22" ]
      },
      "hostName" : "/default-rack/Slave22",
      "startTime" : 1405075291134,
      "finishTime" : 1405075318329,
      "attemptID" : "attempt_201407031554_2076_m_000009_0",
      "shuffleFinished" : -1,
      "sortFinished" : -1,
      "hdfsBytesRead" : 256634154,
      "hdfsBytesWritten" : -1,
      "fileBytesRead" : 42607722,
      "fileBytesWritten" : 58800347,
      "mapInputRecords" : 6191,
      "mapOutputBytes" : 354193051,
      "mapOutputRecords" : 23477544,
      "combineInputRecords" : 24221071,
      "reduceInputGroups" : -1,
      "reduceInputRecords" : -1,
      "reduceShuffleBytes" : -1,
      "reduceOutputRecords" : -1,
      "spilledRecords" : 1926990,
      "mapInputBytes" : -1,
      "resourceUsageMetrics" : {
        "cumulativeCpuUsage" : 32540,
        "virtualMemoryUsage" : 942137344,
        "physicalMemoryUsage" : 586842112,
        "heapUsage" : 670040064
      }
    } ],
    "finishTime" : 1405075334170,
    "preferredLocations" : [ {
      "layers" : [ "default-rack", "Master2" ]
    }, {
      "layers" : [ "default-rack", "Slave23" ]
    }, {
      "layers" : [ "default-rack", "Slave22" ]
    } ],
    "taskType" : "MAP",
    "taskStatus" : "SUCCESS",
    "taskID" : "task_201407031554_2076_m_000009",
    "inputBytes" : 256634154,
    "inputRecords" : 6191,
    "outputBytes" : 58800347,
    "outputRecords" : 23477544
  }, {
    "startTime" : 1405075307130,
    "attempts" : [ {
      "result" : "SUCCESS",
      "location" : {
        "layers" : [ "default-rack", "Master2" ]
      },
      "hostName" : "/default-rack/Master2",
      "startTime" : 1405075307131,
      "finishTime" : 1405075333664,
      "attemptID" : "attempt_201407031554_2076_m_000010_0",
      "shuffleFinished" : -1,
      "sortFinished" : -1,
      "hdfsBytesRead" : 256634003,
      "hdfsBytesWritten" : -1,
      "fileBytesRead" : 44211376,
      "fileBytesWritten" : 61199024,
      "mapInputRecords" : 6226,
      "mapOutputBytes" : 355051836,
      "mapOutputRecords" : 23479830,
      "combineInputRecords" : 24222965,
      "reduceInputGroups" : -1,
      "reduceInputRecords" : -1,
      "reduceShuffleBytes" : -1,
      "reduceOutputRecords" : -1,
      "spilledRecords" : 1925592,
      "mapInputBytes" : -1,
      "resourceUsageMetrics" : {
        "cumulativeCpuUsage" : 30860,
        "virtualMemoryUsage" : 942637056,
        "physicalMemoryUsage" : 620371968,
        "heapUsage" : 692584448
      }
    } ],
    "finishTime" : 1405075333909,
    "preferredLocations" : [ {
      "layers" : [ "default-rack", "Master2" ]
    }, {
      "layers" : [ "default-rack", "Slave22" ]
    }, {
      "layers" : [ "default-rack", "Slave23" ]
    } ],
    "taskType" : "MAP",
    "taskStatus" : "SUCCESS",
    "taskID" : "task_201407031554_2076_m_000010",
    "inputBytes" : 256634003,
    "inputRecords" : 6226,
    "outputBytes" : 61199024,
    "outputRecords" : 23479830
  }, {
    "startTime" : 1405075307130,
    "attempts" : [ {
      "result" : "SUCCESS",
      "location" : {
        "layers" : [ "default-rack", "Master2" ]
      },
      "hostName" : "/default-rack/Master2",
      "startTime" : 1405075307131,
      "finishTime" : 1405075334008,
      "attemptID" : "attempt_201407031554_2076_m_000013_0",
      "shuffleFinished" : -1,
      "sortFinished" : -1,
      "hdfsBytesRead" : 256633614,
      "hdfsBytesWritten" : -1,
      "fileBytesRead" : 34575965,
      "fileBytesWritten" : 46266691,
      "mapInputRecords" : 6167,
      "mapOutputBytes" : 353975597,
      "mapOutputRecords" : 23583073,
      "combineInputRecords" : 24326671,
      "reduceInputGroups" : -1,
      "reduceInputRecords" : -1,
      "reduceShuffleBytes" : -1,
      "reduceOutputRecords" : -1,
      "spilledRecords" : 1907669,
      "mapInputBytes" : -1,
      "resourceUsageMetrics" : {
        "cumulativeCpuUsage" : 31840,
        "virtualMemoryUsage" : 943300608,
        "physicalMemoryUsage" : 598282240,
        "heapUsage" : 604241920
      }
    } ],
    "finishTime" : 1405075334210,
    "preferredLocations" : [ {
      "layers" : [ "default-rack", "Master2" ]
    }, {
      "layers" : [ "default-rack", "Slave22" ]
    }, {
      "layers" : [ "default-rack", "Slave23" ]
    } ],
    "taskType" : "MAP",
    "taskStatus" : "SUCCESS",
    "taskID" : "task_201407031554_2076_m_000013",
    "inputBytes" : 256633614,
    "inputRecords" : 6167,
    "outputBytes" : 46266691,
    "outputRecords" : 23583073
  }, {
    "startTime" : 1405075307664,
    "attempts" : [ {
      "result" : "SUCCESS",
      "location" : {
        "layers" : [ "default-rack", "Slave23" ]
      },
      "hostName" : "/default-rack/Slave23",
      "startTime" : 1405075310990,
      "finishTime" : 1405075338821,
      "attemptID" : "attempt_201407031554_2076_m_000015_0",
      "shuffleFinished" : -1,
      "sortFinished" : -1,
      "hdfsBytesRead" : 256631528,
      "hdfsBytesWritten" : -1,
      "fileBytesRead" : 43601791,
      "fileBytesWritten" : 60271259,
      "mapInputRecords" : 6104,
      "mapOutputBytes" : 354725052,
      "mapOutputRecords" : 23478630,
      "combineInputRecords" : 24221846,
      "reduceInputGroups" : -1,
      "reduceInputRecords" : -1,
      "reduceShuffleBytes" : -1,
      "reduceOutputRecords" : -1,
      "spilledRecords" : 1925463,
      "mapInputBytes" : -1,
      "resourceUsageMetrics" : {
        "cumulativeCpuUsage" : 32800,
        "virtualMemoryUsage" : 940576768,
        "physicalMemoryUsage" : 617021440,
        "heapUsage" : 696516608
      }
    } ],
    "finishTime" : 1405075335716,
    "preferredLocations" : [ {
      "layers" : [ "default-rack", "Master2" ]
    }, {
      "layers" : [ "default-rack", "Slave23" ]
    }, {
      "layers" : [ "default-rack", "Slave21" ]
    } ],
    "taskType" : "MAP",
    "taskStatus" : "SUCCESS",
    "taskID" : "task_201407031554_2076_m_000015",
    "inputBytes" : 256631528,
    "inputRecords" : 6104,
    "outputBytes" : 60271259,
    "outputRecords" : 23478630
  }, {
    "startTime" : 1405075307665,
    "attempts" : [ {
      "result" : "SUCCESS",
      "location" : {
        "layers" : [ "default-rack", "Slave23" ]
      },
      "hostName" : "/default-rack/Slave23",
      "startTime" : 1405075310990,
      "finishTime" : 1405075336940,
      "attemptID" : "attempt_201407031554_2076_m_000016_0",
      "shuffleFinished" : -1,
      "sortFinished" : -1,
      "hdfsBytesRead" : 256631525,
      "hdfsBytesWritten" : -1,
      "fileBytesRead" : 37019461,
      "fileBytesWritten" : 50412246,
      "mapInputRecords" : 218982,
      "mapOutputBytes" : 354415816,
      "mapOutputRecords" : 23693606,
      "combineInputRecords" : 24438147,
      "reduceInputGroups" : -1,
      "reduceInputRecords" : -1,
      "reduceShuffleBytes" : -1,
      "reduceOutputRecords" : -1,
      "spilledRecords" : 1928073,
      "mapInputBytes" : -1,
      "resourceUsageMetrics" : {
        "cumulativeCpuUsage" : 30660,
        "virtualMemoryUsage" : 944263168,
        "physicalMemoryUsage" : 613867520,
        "heapUsage" : 682885120
      }
    } ],
    "finishTime" : 1405075333909,
    "preferredLocations" : [ {
      "layers" : [ "default-rack", "Master2" ]
    }, {
      "layers" : [ "default-rack", "Slave21" ]
    }, {
      "layers" : [ "default-rack", "Slave23" ]
    } ],
    "taskType" : "MAP",
    "taskStatus" : "SUCCESS",
    "taskID" : "task_201407031554_2076_m_000016",
    "inputBytes" : 256631525,
    "inputRecords" : 218982,
    "outputBytes" : 50412246,
    "outputRecords" : 23693606
  }, {
    "startTime" : 1405075332966,
    "attempts" : [ {
      "result" : "SUCCESS",
      "location" : {
        "layers" : [ "default-rack", "Slave22" ]
      },
      "hostName" : "/default-rack/Slave22",
      "startTime" : 1405075317327,
      "finishTime" : 1405075345359,
      "attemptID" : "attempt_201407031554_2076_m_000014_0",
      "shuffleFinished" : -1,
      "sortFinished" : -1,
      "hdfsBytesRead" : 256633202,
      "hdfsBytesWritten" : -1,
      "fileBytesRead" : 42978358,
      "fileBytesWritten" : 59352967,
      "mapInputRecords" : 6178,
      "mapOutputBytes" : 354416921,
      "mapOutputRecords" : 23480302,
      "combineInputRecords" : 24223221,
      "reduceInputGroups" : -1,
      "reduceInputRecords" : -1,
      "reduceShuffleBytes" : -1,
      "reduceOutputRecords" : -1,
      "spilledRecords" : 1924980,
      "mapInputBytes" : -1,
      "resourceUsageMetrics" : {
        "cumulativeCpuUsage" : 32470,
        "virtualMemoryUsage" : 943046656,
        "physicalMemoryUsage" : 619732992,
        "heapUsage" : 702021632
      }
    }, {
      "result" : "KILLED",
      "location" : null,
      "hostName" : null,
      "startTime" : 1405075325089,
      "finishTime" : 1405075352630,
      "attemptID" : "attempt_201407031554_2076_m_000014_1",
      "shuffleFinished" : -1,
      "sortFinished" : -1,
      "hdfsBytesRead" : -1,
      "hdfsBytesWritten" : -1,
      "fileBytesRead" : -1,
      "fileBytesWritten" : -1,
      "mapInputRecords" : -1,
      "mapOutputBytes" : -1,
      "mapOutputRecords" : -1,
      "combineInputRecords" : -1,
      "reduceInputGroups" : -1,
      "reduceInputRecords" : -1,
      "reduceShuffleBytes" : -1,
      "reduceOutputRecords" : -1,
      "spilledRecords" : -1,
      "mapInputBytes" : -1,
      "resourceUsageMetrics" : {
        "cumulativeCpuUsage" : 0,
        "virtualMemoryUsage" : 0,
        "physicalMemoryUsage" : 0,
        "heapUsage" : 0
      }
    } ],
    "finishTime" : 1405075361293,
    "preferredLocations" : [ {
      "layers" : [ "default-rack", "Master2" ]
    }, {
      "layers" : [ "default-rack", "Slave22" ]
    }, {
      "layers" : [ "default-rack", "Slave21" ]
    } ],
    "taskType" : "MAP",
    "taskStatus" : "SUCCESS",
    "taskID" : "task_201407031554_2076_m_000014",
    "inputBytes" : 256633202,
    "inputRecords" : 6178,
    "outputBytes" : 59352967,
    "outputRecords" : 23480302
  }, {
    "startTime" : 1405075333143,
    "attempts" : [ {
      "result" : "SUCCESS",
      "location" : {
        "layers" : [ "default-rack", "Master2" ]
      },
      "hostName" : "/default-rack/Master2",
      "startTime" : 1405075334813,
      "finishTime" : 1405075360917,
      "attemptID" : "attempt_201407031554_2076_m_000017_1",
      "shuffleFinished" : -1,
      "sortFinished" : -1,
      "hdfsBytesRead" : 256630450,
      "hdfsBytesWritten" : -1,
      "fileBytesRead" : 37194669,
      "fileBytesWritten" : 50724321,
      "mapInputRecords" : 6098,
      "mapOutputBytes" : 354720700,
      "mapOutputRecords" : 23584488,
      "combineInputRecords" : 24328967,
      "reduceInputGroups" : -1,
      "reduceInputRecords" : -1,
      "reduceShuffleBytes" : -1,
      "reduceOutputRecords" : -1,
      "spilledRecords" : 1928530,
      "mapInputBytes" : -1,
      "resourceUsageMetrics" : {
        "cumulativeCpuUsage" : 30330,
        "virtualMemoryUsage" : 943300608,
        "physicalMemoryUsage" : 618954752,
        "heapUsage" : 662700032
      }
    }, {
      "result" : "KILLED",
      "location" : null,
      "hostName" : null,
      "startTime" : 1405075323585,
      "finishTime" : 1405075351536,
      "attemptID" : "attempt_201407031554_2076_m_000017_0",
      "shuffleFinished" : -1,
      "sortFinished" : -1,
      "hdfsBytesRead" : -1,
      "hdfsBytesWritten" : -1,
      "fileBytesRead" : -1,
      "fileBytesWritten" : -1,
      "mapInputRecords" : -1,
      "mapOutputBytes" : -1,
      "mapOutputRecords" : -1,
      "combineInputRecords" : -1,
      "reduceInputGroups" : -1,
      "reduceInputRecords" : -1,
      "reduceShuffleBytes" : -1,
      "reduceOutputRecords" : -1,
      "spilledRecords" : -1,
      "mapInputBytes" : -1,
      "resourceUsageMetrics" : {
        "cumulativeCpuUsage" : 0,
        "virtualMemoryUsage" : 0,
        "physicalMemoryUsage" : 0,
        "heapUsage" : 0
      }
    } ],
    "finishTime" : 1405075361006,
    "preferredLocations" : [ {
      "layers" : [ "default-rack", "Master2" ]
    }, {
      "layers" : [ "default-rack", "Slave23" ]
    }, {
      "layers" : [ "default-rack", "Slave21" ]
    } ],
    "taskType" : "MAP",
    "taskStatus" : "SUCCESS",
    "taskID" : "task_201407031554_2076_m_000017",
    "inputBytes" : 256630450,
    "inputRecords" : 6098,
    "outputBytes" : 50724321,
    "outputRecords" : 23584488
  }, {
    "startTime" : 1405075333909,
    "attempts" : [ {
      "result" : "SUCCESS",
      "location" : {
        "layers" : [ "default-rack", "Slave23" ]
      },
      "hostName" : "/default-rack/Slave23",
      "startTime" : 1405075337233,
      "finishTime" : 1405075359855,
      "attemptID" : "attempt_201407031554_2076_m_000018_0",
      "shuffleFinished" : -1,
      "sortFinished" : -1,
      "hdfsBytesRead" : 256630412,
      "hdfsBytesWritten" : -1,
      "fileBytesRead" : 36192674,
      "fileBytesWritten" : 49197555,
      "mapInputRecords" : 6203,
      "mapOutputBytes" : 354723409,
      "mapOutputRecords" : 23584253,
      "combineInputRecords" : 24328203,
      "reduceInputGroups" : -1,
      "reduceInputRecords" : -1,
      "reduceShuffleBytes" : -1,
      "reduceOutputRecords" : -1,
      "spilledRecords" : 1926902,
      "mapInputBytes" : -1,
      "resourceUsageMetrics" : {
        "cumulativeCpuUsage" : 26400,
        "virtualMemoryUsage" : 944263168,
        "physicalMemoryUsage" : 620961792,
        "heapUsage" : 688128000
      }
    } ],
    "finishTime" : 1405075356580,
    "preferredLocations" : [ {
      "layers" : [ "default-rack", "Master2" ]
    }, {
      "layers" : [ "default-rack", "Slave23" ]
    }, {
      "layers" : [ "default-rack", "Slave21" ]
    } ],
    "taskType" : "MAP",
    "taskStatus" : "SUCCESS",
    "taskID" : "task_201407031554_2076_m_000018",
    "inputBytes" : 256630412,
    "inputRecords" : 6203,
    "outputBytes" : 49197555,
    "outputRecords" : 23584253
  }, {
    "startTime" : 1405075333909,
    "attempts" : [ {
      "result" : "SUCCESS",
      "location" : {
        "layers" : [ "default-rack", "Master2" ]
      },
      "hostName" : "/default-rack/Master2",
      "startTime" : 1405075333910,
      "finishTime" : 1405075361022,
      "attemptID" : "attempt_201407031554_2076_m_000019_0",
      "shuffleFinished" : -1,
      "sortFinished" : -1,
      "hdfsBytesRead" : 256630142,
      "hdfsBytesWritten" : -1,
      "fileBytesRead" : 42164817,
      "fileBytesWritten" : 58128963,
      "mapInputRecords" : 6216,
      "mapOutputBytes" : 353987119,
      "mapOutputRecords" : 23480401,
      "combineInputRecords" : 24223057,
      "reduceInputGroups" : -1,
      "reduceInputRecords" : -1,
      "reduceShuffleBytes" : -1,
      "reduceOutputRecords" : -1,
      "spilledRecords" : 1923805,
      "mapInputBytes" : -1,
      "resourceUsageMetrics" : {
        "cumulativeCpuUsage" : 32190,
        "virtualMemoryUsage" : 942637056,
        "physicalMemoryUsage" : 619175936,
        "heapUsage" : 697565184
      }
    }, {
      "result" : "KILLED",
      "location" : null,
      "hostName" : null,
      "startTime" : 1405075319134,
      "finishTime" : 1405075347476,
      "attemptID" : "attempt_201407031554_2076_m_000019_1",
      "shuffleFinished" : -1,
      "sortFinished" : -1,
      "hdfsBytesRead" : -1,
      "hdfsBytesWritten" : -1,
      "fileBytesRead" : -1,
      "fileBytesWritten" : -1,
      "mapInputRecords" : -1,
      "mapOutputBytes" : -1,
      "mapOutputRecords" : -1,
      "combineInputRecords" : -1,
      "reduceInputGroups" : -1,
      "reduceInputRecords" : -1,
      "reduceShuffleBytes" : -1,
      "reduceOutputRecords" : -1,
      "spilledRecords" : -1,
      "mapInputBytes" : -1,
      "resourceUsageMetrics" : {
        "cumulativeCpuUsage" : 0,
        "virtualMemoryUsage" : 0,
        "physicalMemoryUsage" : 0,
        "heapUsage" : 0
      }
    } ],
    "finishTime" : 1405075361307,
    "preferredLocations" : [ {
      "layers" : [ "default-rack", "Master2" ]
    }, {
      "layers" : [ "default-rack", "Slave22" ]
    }, {
      "layers" : [ "default-rack", "Slave21" ]
    } ],
    "taskType" : "MAP",
    "taskStatus" : "SUCCESS",
    "taskID" : "task_201407031554_2076_m_000019",
    "inputBytes" : 256630142,
    "inputRecords" : 6216,
    "outputBytes" : 58128963,
    "outputRecords" : 23480401
  } ],
  "finishTime" : 1405075370719,
  "reduceTasks" : [ {
    "startTime" : 1405075305869,
    "attempts" : [ {
      "result" : "SUCCESS",
      "location" : {
        "layers" : [ "default-rack", "Slave22" ]
      },
      "hostName" : "/default-rack/Slave22",
      "startTime" : 1405075290231,
      "finishTime" : 1405075353995,
      "attemptID" : "attempt_201407031554_2076_r_000000_0",
      "shuffleFinished" : 1405075348969,
      "sortFinished" : 1405075348972,
      "hdfsBytesRead" : -1,
      "hdfsBytesWritten" : 85879212,
      "fileBytesRead" : 105826613,
      "fileBytesWritten" : 105885539,
      "mapInputRecords" : -1,
      "mapOutputBytes" : -1,
      "mapOutputRecords" : -1,
      "combineInputRecords" : 4915806,
      "reduceInputGroups" : 2688108,
      "reduceInputRecords" : 3080094,
      "reduceShuffleBytes" : 150060454,
      "reduceOutputRecords" : 2688108,
      "spilledRecords" : 3080094,
      "mapInputBytes" : -1,
      "resourceUsageMetrics" : {
        "cumulativeCpuUsage" : 9600,
        "virtualMemoryUsage" : 401141760,
        "physicalMemoryUsage" : 249184256,
        "heapUsage" : 164102144
      }
    } ],
    "finishTime" : 1405075369812,
    "preferredLocations" : [ ],
    "taskType" : "REDUCE",
    "taskStatus" : "SUCCESS",
    "taskID" : "task_201407031554_2076_r_000000",
    "inputBytes" : 150060454,
    "inputRecords" : 3080094,
    "outputBytes" : 85879212,
    "outputRecords" : 2688108
  }, {
    "startTime" : 1405075305927,
    "attempts" : [ {
      "result" : "SUCCESS",
      "location" : {
        "layers" : [ "default-rack", "Master2" ]
      },
      "hostName" : "/default-rack/Master2",
      "startTime" : 1405075305928,
      "finishTime" : 1405075369628,
      "attemptID" : "attempt_201407031554_2076_r_000001_0",
      "shuffleFinished" : 1405075364666,
      "sortFinished" : 1405075364669,
      "hdfsBytesRead" : -1,
      "hdfsBytesWritten" : 85935917,
      "fileBytesRead" : 105868928,
      "fileBytesWritten" : 105927854,
      "mapInputRecords" : -1,
      "mapOutputBytes" : -1,
      "mapOutputRecords" : -1,
      "combineInputRecords" : 4911472,
      "reduceInputGroups" : 2689272,
      "reduceInputRecords" : 3080625,
      "reduceShuffleBytes" : 149935365,
      "reduceOutputRecords" : 2689272,
      "spilledRecords" : 3080625,
      "mapInputBytes" : -1,
      "resourceUsageMetrics" : {
        "cumulativeCpuUsage" : 9150,
        "virtualMemoryUsage" : 401997824,
        "physicalMemoryUsage" : 243859456,
        "heapUsage" : 184287232
      }
    } ],
    "finishTime" : 1405075369645,
    "preferredLocations" : [ ],
    "taskType" : "REDUCE",
    "taskStatus" : "SUCCESS",
    "taskID" : "task_201407031554_2076_r_000001",
    "inputBytes" : 149935365,
    "inputRecords" : 3080625,
    "outputBytes" : 85935917,
    "outputRecords" : 2689272
  } ],
  "submitTime" : 1405075274461,
  "queue" : "default",
  "jobProperties" : {
    "fs.s3n.impl" : "org.apache.hadoop.fs.s3native.NativeS3FileSystem",
    "mapred.task.cache.levels" : "2",
    "mapreduce.job.restart.recover" : "true",
    "mapreduce.job.counters.max" : "120",
    "dfs.client.use.datanode.hostname" : "false",
    "hadoop.tmp.dir" : "/tmp/hadoop-${user.name}",
    "hadoop.native.lib" : "true",
    "map.sort.class" : "org.apache.hadoop.util.QuickSort",
    "dfs.namenode.decommission.nodes.per.interval" : "5",
    "dfs.https.need.client.auth" : "false",
    "dfs.datanode.drop.cache.behind.writes" : "false",
    "ipc.client.idlethreshold" : "4000",
    "mapred.system.dir" : "${hadoop.tmp.dir}/mapred/system",
    "dfs.datanode.data.dir.perm" : "755",
    "mapred.job.tracker.persist.jobstatus.hours" : "0",
    "dfs.namenode.logging.level" : "info",
    "dfs.datanode.address" : "0.0.0.0:50010",
    "io.skip.checksum.errors" : "false",
    "dfs.block.access.token.enable" : "false",
    "fs.default.name" : "hdfs://Master2:9000",
    "mapred.cluster.reduce.memory.mb" : "-1",
    "mapred.reducer.new-api" : "true",
    "mapred.child.tmp" : "./tmp",
    "fs.har.impl.disable.cache" : "true",
    "dfs.safemode.threshold.pct" : "0.999f",
    "mapred.skip.reduce.max.skip.groups" : "0",
    "mapred.heartbeats.in.second" : "100",
    "dfs.namenode.handler.count" : "10",
    "dfs.blockreport.initialDelay" : "0",
    "mapred.tasktracker.dns.nameserver" : "default",
    "io.sort.factor" : "10",
    "dfs.datanode.drop.cache.behind.reads" : "false",
    "mapred.task.timeout" : "600000",
    "mapred.max.tracker.failures" : "4",
    "hadoop.rpc.socket.factory.class.default" : "org.apache.hadoop.net.StandardSocketFactory",
    "mapred.job.tracker.jobhistory.lru.cache.size" : "5",
    "fs.hdfs.impl" : "org.apache.hadoop.hdfs.DistributedFileSystem",
    "mapred.queue.default.acl-administer-jobs" : "*",
    "dfs.namenode.stale.datanode.interval" : "30000",
    "mapred.output.key.class" : "org.apache.hadoop.io.Text",
    "dfs.block.access.key.update.interval" : "600",
    "mapred.skip.map.auto.incr.proc.count" : "true",
    "mapreduce.job.complete.cancel.delegation.tokens" : "true",
    "io.mapfile.bloom.size" : "1048576",
    "mapreduce.reduce.shuffle.connect.timeout" : "180000",
    "dfs.safemode.extension" : "30000",
    "mapred.jobtracker.blacklist.fault-timeout-window" : "180",
    "dfs.namenode.write.stale.datanode.ratio" : "0.5f",
    "hadoop.skip.worker.version.check" : "false",
    "tasktracker.http.threads" : "40",
    "net.topology.impl" : "org.apache.hadoop.net.NetworkTopology",
    "mapred.job.shuffle.merge.percent" : "0.5",
    "fs.ftp.impl" : "org.apache.hadoop.fs.ftp.FTPFileSystem",
    "user.name" : "itri-hadoop",
    "dfs.namenode.kerberos.internal.spnego.principal" : "${dfs.web.authentication.kerberos.principal}",
    "mapred.output.compress" : "false",
    "io.bytes.per.checksum" : "512",
    "mapred.combine.recordsBeforeProgress" : "10000",
    "mapred.healthChecker.script.timeout" : "600000",
    "topology.node.switch.mapping.impl" : "org.apache.hadoop.net.ScriptBasedMapping",
    "dfs.https.server.keystore.resource" : "ssl-server.xml",
    "mapred.reduce.slowstart.completed.maps" : "0.03",
    "mapred.reduce.max.attempts" : "4",
    "dfs.namenode.safemode.min.datanodes" : "0",
    "mapreduce.ifile.readahead.bytes" : "4194304",
    "fs.ramfs.impl" : "org.apache.hadoop.fs.InMemoryFileSystem",
    "dfs.block.access.token.lifetime" : "600",
    "mapred.skip.map.max.skip.records" : "0",
    "dfs.name.edits.dir" : "${dfs.name.dir}",
    "mapred.cluster.map.memory.mb" : "-1",
    "hadoop.security.group.mapping" : "org.apache.hadoop.security.ShellBasedUnixGroupsMapping",
    "mapred.job.tracker.persist.jobstatus.dir" : "/jobtracker/jobsInfo",
    "mapred.jar" : "hdfs://Master2:9000/tmp/hadoop-itri-hadoop/mapred/staging/itri-hadoop/.staging/job_201407031554_2076/job.jar",
    "fs.s3.buffer.dir" : "${hadoop.tmp.dir}/s3",
    "dfs.block.size" : "67108864",
    "job.end.retry.attempts" : "0",
    "fs.file.impl" : "org.apache.hadoop.fs.LocalFileSystem",
    "dfs.namenode.avoid.write.stale.datanode" : "false",
    "dfs.datanode.max.xcievers" : "4096",
    "mapred.local.dir.minspacestart" : "0",
    "mapred.output.compression.type" : "RECORD",
    "dfs.datanode.ipc.address" : "0.0.0.0:50020",
    "dfs.permissions" : "true",
    "topology.script.number.args" : "100",
    "mapreduce.job.counters.groups.max" : "50",
    "io.mapfile.bloom.error.rate" : "0.005",
    "mapred.cluster.max.reduce.memory.mb" : "-1",
    "mapred.max.tracker.blacklists" : "4",
    "mapred.task.profile.maps" : "0-2",
    "mapred.jobtracker.jobSchedulable" : "org.apache.hadoop.mapred.JobSchedulable",
    "dfs.datanode.https.address" : "0.0.0.0:50475",
    "mapred.userlog.retain.hours" : "24",
    "dfs.secondary.http.address" : "0.0.0.0:50090",
    "dfs.namenode.replication.work.multiplier.per.iteration" : "2",
    "dfs.replication.max" : "512",
    "mapred.job.tracker.persist.jobstatus.active" : "false",
    "hadoop.security.authorization" : "false",
    "local.cache.size" : "10737418240",
    "mapred.min.split.size" : "268435456",
    "dfs.namenode.delegation.token.renew-interval" : "86400000",
    "mapred.map.tasks" : "20",
    "mapred.child.java.opts" : "-Xmx200m",
    "mapred.output.value.class" : "org.apache.hadoop.io.IntWritable",
    "dfs.https.client.keystore.resource" : "ssl-client.xml",
    "ipc.client.fallback-to-simple-auth-allowed" : "false",
    "mapred.job.queue.name" : "default",
    "mapred.job.tracker.retiredjobs.cache.size" : "1000",
    "dfs.https.address" : "0.0.0.0:50470",
    "dfs.balance.bandwidthPerSec" : "1048576",
    "ipc.server.listen.queue.size" : "128",
    "dfs.namenode.invalidate.work.pct.per.iteration" : "0.32f",
    "mapred.inmem.merge.threshold" : "900",
    "job.end.retry.interval" : "30000",
    "mapred.skip.attempts.to.start.skipping" : "2",
    "mapreduce.tasktracker.outofband.heartbeat.damper" : "1000000",
    "hadoop.security.use-weak-http-crypto" : "false",
    "fs.checkpoint.dir" : "${hadoop.tmp.dir}/dfs/namesecondary",
    "dfs.namenode.avoid.read.stale.datanode" : "false",
    "mapred.reduce.tasks" : "2",
    "mapred.merge.recordsBeforeProgress" : "10000",
    "mapred.userlog.limit.kb" : "0",
    "mapred.job.reduce.memory.mb" : "-1",
    "webinterface.private.actions" : "false",
    "dfs.max.objects" : "0",
    "hadoop.security.token.service.use_ip" : "true",
    "io.sort.spill.percent" : "0.7",
    "mapred.job.shuffle.input.buffer.percent" : "0.8",
    "mapred.map.tasks.speculative.execution" : "true",
    "hadoop.http.authentication.type" : "simple",
    "mapred.job.name" : "word count",
    "hadoop.util.hash.type" : "murmur",
    "dfs.datanode.dns.nameserver" : "default",
    "hadoop.security.instrumentation.requires.admin" : "false",
    "dfs.blockreport.intervalMsec" : "3600000",
    "dfs.datanode.readahead.bytes" : "4193404",
    "mapred.map.max.attempts" : "4",
    "mapreduce.job.acl-view-job" : " ",
    "mapreduce.ifile.readahead" : "true",
    "mapred.jobtracker.nodegroup.aware" : "false",
    "mapred.job.tracker.handler.count" : "10",
    "dfs.client.block.write.retries" : "3",
    "mapreduce.reduce.shuffle.read.timeout" : "180000",
    "mapred.tasktracker.expiry.interval" : "600000",
    "dfs.secondary.namenode.kerberos.internal.spnego.principal" : "${dfs.web.authentication.kerberos.principal}",
    "dfs.https.enable" : "false",
    "mapred.jobtracker.job.history.block.size" : "3145728",
    "mapred.jobtracker.maxtasks.per.job" : "-1",
    "keep.failed.task.files" : "false",
    "dfs.datanode.use.datanode.hostname" : "false",
    "dfs.datanode.failed.volumes.tolerated" : "0",
    "ipc.client.tcpnodelay" : "false",
    "mapred.task.profile.reduces" : "0-2",
    "io.map.index.skip" : "0",
    "mapred.output.compression.codec" : "org.apache.hadoop.io.compress.DefaultCodec",
    "hadoop.http.authentication.token.validity" : "36000",
    "ipc.server.tcpnodelay" : "false",
    "hadoop.jetty.logs.serve.aliases" : "true",
    "mapred.working.dir" : "hdfs://Master2:9000/user/itri-hadoop",
    "mapred.jobtracker.blacklist.fault-bucket-width" : "15",
    "dfs.namenode.delegation.key.update-interval" : "86400000",
    "mapred.used.genericoptionsparser" : "true",
    "mapred.job.map.memory.mb" : "-1",
    "mapred.mapper.new-api" : "true",
    "dfs.default.chunk.view.size" : "32768",
    "hadoop.logfile.size" : "10000000",
    "mapred.reduce.tasks.speculative.execution" : "true",
    "mapreduce.tasktracker.outofband.heartbeat" : "false",
    "mapreduce.job.dir" : "hdfs://Master2:9000/tmp/hadoop-itri-hadoop/mapred/staging/itri-hadoop/.staging/job_201407031554_2076",
    "mapreduce.reduce.input.limit" : "-1",
    "dfs.datanode.du.reserved" : "0",
    "dfs.datanode.sync.behind.writes" : "false",
    "hadoop.security.authentication" : "simple",
    "fs.checkpoint.period" : "3600",
    "mapred.job.reuse.jvm.num.tasks" : "4",
    "dfs.web.ugi" : "webuser,webgroup",
    "mapred.jobtracker.completeuserjobs.maximum" : "100",
    "dfs.df.interval" : "60000",
    "mapred.task.tracker.task-controller" : "org.apache.hadoop.mapred.DefaultTaskController",
    "dfs.data.dir" : "${hadoop.tmp.dir}/dfs/data",
    "fs.s3.maxRetries" : "4",
    "dfs.datanode.dns.interface" : "default",
    "mapred.cluster.max.map.memory.mb" : "-1",
    "mapreduce.reduce.shuffle.maxfetchfailures" : "10",
    "mapred.map.child.java.opts" : "-Xmx700M",
    "mapreduce.job.acl-modify-job" : " ",
    "fs.hftp.impl" : "org.apache.hadoop.hdfs.HftpFileSystem",
    "mapred.local.dir" : "${hadoop.tmp.dir}/mapred/local",
    "dfs.permissions.supergroup" : "supergroup",
    "fs.s3.sleepTimeSeconds" : "10",
    "fs.trash.interval" : "0",
    "mapred.submit.replication" : "10",
    "dfs.replication.min" : "1",
    "fs.har.impl" : "org.apache.hadoop.fs.HarFileSystem",
    "hadoop.relaxed.worker.version.check" : "false",
    "mapred.map.output.compression.codec" : "org.apache.hadoop.io.compress.DefaultCodec",
    "mapred.tasktracker.dns.interface" : "default",
    "dfs.http.address" : "0.0.0.0:50070",
    "dfs.namenode.decommission.interval" : "30",
    "mapred.job.tracker" : "Master2:9001",
    "dfs.heartbeat.interval" : "3",
    "hadoop.http.authentication.signature.secret.file" : "${user.home}/hadoop-http-auth-signature-secret",
    "io.seqfile.sorter.recordlimit" : "1000000",
    "mapreduce.job.submithost" : "Master2",
    "dfs.name.dir" : "${hadoop.tmp.dir}/dfs/name",
    "mapred.jobtracker.taskScheduler" : "org.apache.hadoop.mapred.JobQueueTaskScheduler",
    "mapred.line.input.format.linespermap" : "1",
    "dfs.datanode.http.address" : "0.0.0.0:50075",
    "fs.webhdfs.impl" : "org.apache.hadoop.hdfs.web.WebHdfsFileSystem",
    "mapred.local.dir.minspacekill" : "0",
    "dfs.image.transfer.bandwidthPerSec" : "0",
    "dfs.replication.interval" : "3",
    "io.sort.record.percent" : "0.03",
    "hadoop.http.authentication.kerberos.principal" : "HTTP/localhost@LOCALHOST",
    "mapreduce.reduce.class" : "org.apache.hadoop.examples.WordCount$IntSumReducer",
    "fs.kfs.impl" : "org.apache.hadoop.fs.kfs.KosmosFileSystem",
    "mapred.tasktracker.reduce.tasks.maximum" : "4",
    "mapred.temp.dir" : "${hadoop.tmp.dir}/mapred/temp",
    "dfs.replication" : "3",
    "fs.checkpoint.edits.dir" : "${fs.checkpoint.dir}",
    "mapreduce.jobhistory.max-age-ms" : "2592000000",
    "mapred.tasktracker.tasks.sleeptime-before-sigkill" : "5000",
    "mapred.job.reduce.input.buffer.percent" : "0.8",
    "mapred.tasktracker.indexcache.mb" : "10",
    "dfs.webhdfs.enabled" : "false",
    "mapreduce.job.split.metainfo.maxsize" : "10000000",
    "hadoop.logfile.count" : "10",
    "mapred.skip.reduce.auto.incr.proc.count" : "true",
    "mapreduce.job.submithostaddress" : "192.168.1.104",
    "io.seqfile.compress.blocksize" : "1000000",
    "fs.s3.block.size" : "67108864",
    "mapred.tasktracker.taskmemorymanager.monitoring-interval" : "5000",
    "hadoop.http.authentication.simple.anonymous.allowed" : "true",
    "mapreduce.jobtracker.staging.root.dir" : "${hadoop.tmp.dir}/mapred/staging",
    "mapred.acls.enabled" : "false",
    "mapred.queue.default.state" : "RUNNING",
    "mapred.queue.names" : "default",
    "fs.hsftp.impl" : "org.apache.hadoop.hdfs.HsftpFileSystem",
    "dfs.access.time.precision" : "3600000",
    "mapred.task.tracker.http.address" : "0.0.0.0:50060",
    "mapreduce.combine.class" : "org.apache.hadoop.examples.WordCount$IntSumReducer",
    "io.seqfile.lazydecompress" : "true",
    "mapred.reduce.parallel.copies" : "5",
    "mapred.disk.healthChecker.interval" : "60000",
    "mapred.output.dir" : "/word-out",
    "ipc.client.connection.maxidletime" : "10000",
    "io.sort.mb" : "300",
    "mapred.reduce.child.java.opts" : "-Xmx200M",
    "mapred.task.tracker.report.address" : "127.0.0.1:0",
    "hadoop.security.uid.cache.secs" : "14400",
    "mapred.compress.map.output" : "false",
    "ipc.client.kill.max" : "10",
    "mapred.healthChecker.interval" : "60000",
    "ipc.client.connect.max.retries" : "10",
    "mapreduce.map.class" : "org.apache.hadoop.examples.WordCount$TokenizerMapper",
    "fs.s3.impl" : "org.apache.hadoop.fs.s3.S3FileSystem",
    "mapred.user.jobconf.limit" : "5242880",
    "mapreduce.job.counters.group.name.max" : "128",
    "mapred.job.tracker.http.address" : "0.0.0.0:50030",
    "mapred.input.dir" : "hdfs://Master2:9000/word-in5G",
    "io.file.buffer.size" : "4096",
    "mapred.jobtracker.restart.recover" : "false",
    "io.serializations" : "org.apache.hadoop.io.serializer.WritableSerialization",
    "mapred.task.profile" : "false",
    "dfs.datanode.handler.count" : "3",
    "mapreduce.input.num.files" : "20",
    "mapreduce.jobhistory.cleaner.interval-ms" : "86400000",
    "dfs.replication.considerLoad" : "true",
    "jobclient.output.filter" : "FAILED",
    "dfs.namenode.edits.toleration.length" : "0",
    "hadoop.http.authentication.kerberos.keytab" : "${user.home}/hadoop.keytab",
    "dfs.namenode.delegation.token.max-lifetime" : "604800000",
    "mapred.tasktracker.map.tasks.maximum" : "2",
    "fs.checkpoint.size" : "67108864",
    "io.compression.codecs" : "org.apache.hadoop.io.compress.DefaultCodec,org.apache.hadoop.io.compress.GzipCodec,org.apache.hadoop.io.compress.BZip2Codec,org.apache.hadoop.io.compress.SnappyCodec",
    "mapreduce.job.counters.counter.name.max" : "64"
  },
  "computonsPerMapInputByte" : -1,
  "computonsPerMapOutputByte" : -1,
  "computonsPerReduceInputByte" : -1,
  "computonsPerReduceOutputByte" : -1,
  "heapMegabytes" : 200,
  "outcome" : "SUCCESS",
  "jobtype" : "JAVA",
  "directDependantJobs" : [ ],
  "successfulMapAttemptCDFs" : [ {
    "maximum" : 31897,
    "minimum" : 22622,
    "rankings" : [ {
      "relativeRanking" : 0.05,
      "datum" : 22622
    }, {
      "relativeRanking" : 0.1,
      "datum" : 25950
    }, {
      "relativeRanking" : 0.15,
      "datum" : 26104
    }, {
      "relativeRanking" : 0.2,
      "datum" : 26533
    }, {
      "relativeRanking" : 0.25,
      "datum" : 26644
    }, {
      "relativeRanking" : 0.3,
      "datum" : 26877
    }, {
      "relativeRanking" : 0.35,
      "datum" : 27032
    }, {
      "relativeRanking" : 0.4,
      "datum" : 27112
    }, {
      "relativeRanking" : 0.45,
      "datum" : 27187
    }, {
      "relativeRanking" : 0.5,
      "datum" : 27195
    }, {
      "relativeRanking" : 0.55,
      "datum" : 27831
    }, {
      "relativeRanking" : 0.6,
      "datum" : 28032
    }, {
      "relativeRanking" : 0.65,
      "datum" : 30306
    }, {
      "relativeRanking" : 0.7,
      "datum" : 30655
    }, {
      "relativeRanking" : 0.75,
      "datum" : 30918
    }, {
      "relativeRanking" : 0.8,
      "datum" : 31144
    }, {
      "relativeRanking" : 0.85,
      "datum" : 31461
    }, {
      "relativeRanking" : 0.9,
      "datum" : 31510
    }, {
      "relativeRanking" : 0.95,
      "datum" : 31771
    } ],
    "numberValues" : 20
  }, {
    "maximum" : 9223372036854775807,
    "minimum" : -9223372036854775808,
    "rankings" : [ ],
    "numberValues" : 0
  }, {
    "maximum" : 9223372036854775807,
    "minimum" : -9223372036854775808,
    "rankings" : [ ],
    "numberValues" : 0
  }, {
    "maximum" : 9223372036854775807,
    "minimum" : -9223372036854775808,
    "rankings" : [ ],
    "numberValues" : 0
  } ],
  "failedMapAttemptCDFs" : [ {
    "maximum" : 9223372036854775807,
    "minimum" : -9223372036854775808,
    "rankings" : [ ],
    "numberValues" : 0
  }, {
    "maximum" : 9223372036854775807,
    "minimum" : -9223372036854775808,
    "rankings" : [ ],
    "numberValues" : 0
  }, {
    "maximum" : 9223372036854775807,
    "minimum" : -9223372036854775808,
    "rankings" : [ ],
    "numberValues" : 0
  }, {
    "maximum" : 9223372036854775807,
    "minimum" : -9223372036854775808,
    "rankings" : [ ],
    "numberValues" : 0
  } ],
  "successfulReduceAttemptCDF" : {
    "maximum" : 63764,
    "minimum" : 63700,
    "rankings" : [ {
      "relativeRanking" : 0.05,
      "datum" : 63700
    }, {
      "relativeRanking" : 0.1,
      "datum" : 63700
    }, {
      "relativeRanking" : 0.15,
      "datum" : 63700
    }, {
      "relativeRanking" : 0.2,
      "datum" : 63700
    }, {
      "relativeRanking" : 0.25,
      "datum" : 63700
    }, {
      "relativeRanking" : 0.3,
      "datum" : 63700
    }, {
      "relativeRanking" : 0.35,
      "datum" : 63700
    }, {
      "relativeRanking" : 0.4,
      "datum" : 63700
    }, {
      "relativeRanking" : 0.45,
      "datum" : 63700
    }, {
      "relativeRanking" : 0.5,
      "datum" : 63700
    }, {
      "relativeRanking" : 0.55,
      "datum" : 63700
    }, {
      "relativeRanking" : 0.6,
      "datum" : 63700
    }, {
      "relativeRanking" : 0.65,
      "datum" : 63700
    }, {
      "relativeRanking" : 0.7,
      "datum" : 63700
    }, {
      "relativeRanking" : 0.75,
      "datum" : 63700
    }, {
      "relativeRanking" : 0.8,
      "datum" : 63700
    }, {
      "relativeRanking" : 0.85,
      "datum" : 63700
    }, {
      "relativeRanking" : 0.9,
      "datum" : 63700
    }, {
      "relativeRanking" : 0.95,
      "datum" : 63700
    } ],
    "numberValues" : 2
  },
  "failedReduceAttemptCDF" : {
    "maximum" : 9223372036854775807,
    "minimum" : -9223372036854775808,
    "rankings" : [ ],
    "numberValues" : 0
  },
  "mapperTriesToSucceed" : [ 0.95, 0.05 ],
  "failedMapperFraction" : 0.0,
  "relativeTime" : 0,
  "clusterMapMB" : -1,
  "clusterReduceMB" : -1,
  "jobMapMB" : 200,
  "jobReduceMB" : 200,
  "launchTime" : 1405075274513,
  "totalMaps" : 20,
  "totalReduces" : 2,
  "otherTasks" : [ {
    "startTime" : 1405075274516,
    "attempts" : [ {
      "result" : "SUCCESS",
      "location" : {
        "layers" : [ "default-rack", "Slave22" ]
      },
      "hostName" : "/default-rack/Slave22",
      "startTime" : 1405075258987,
      "finishTime" : 1405075259739,
      "attemptID" : "attempt_201407031554_2076_m_000021_0",
      "shuffleFinished" : -1,
      "sortFinished" : -1,
      "hdfsBytesRead" : -1,
      "hdfsBytesWritten" : -1,
      "fileBytesRead" : -1,
      "fileBytesWritten" : 59018,
      "mapInputRecords" : -1,
      "mapOutputBytes" : -1,
      "mapOutputRecords" : -1,
      "combineInputRecords" : -1,
      "reduceInputGroups" : -1,
      "reduceInputRecords" : -1,
      "reduceShuffleBytes" : -1,
      "reduceOutputRecords" : -1,
      "spilledRecords" : 0,
      "mapInputBytes" : -1,
      "resourceUsageMetrics" : {
        "cumulativeCpuUsage" : 60,
        "virtualMemoryUsage" : 938242048,
        "physicalMemoryUsage" : 62398464,
        "heapUsage" : 64487424
      }
    } ],
    "finishTime" : 1405075275422,
    "preferredLocations" : [ ],
    "taskType" : "SETUP",
    "taskStatus" : "SUCCESS",
    "taskID" : "task_201407031554_2076_m_000021",
    "inputBytes" : -1,
    "inputRecords" : -1,
    "outputBytes" : -1,
    "outputRecords" : -1
  }, {
    "startTime" : 1405075369813,
    "attempts" : [ {
      "result" : "SUCCESS",
      "location" : {
        "layers" : [ "default-rack", "Slave22" ]
      },
      "hostName" : "/default-rack/Slave22",
      "startTime" : 1405075354175,
      "finishTime" : 1405075354836,
      "attemptID" : "attempt_201407031554_2076_m_000020_0",
      "shuffleFinished" : -1,
      "sortFinished" : -1,
      "hdfsBytesRead" : -1,
      "hdfsBytesWritten" : -1,
      "fileBytesRead" : -1,
      "fileBytesWritten" : 59018,
      "mapInputRecords" : -1,
      "mapOutputBytes" : -1,
      "mapOutputRecords" : -1,
      "combineInputRecords" : -1,
      "reduceInputGroups" : -1,
      "reduceInputRecords" : -1,
      "reduceShuffleBytes" : -1,
      "reduceOutputRecords" : -1,
      "spilledRecords" : 0,
      "mapInputBytes" : -1,
      "resourceUsageMetrics" : {
        "cumulativeCpuUsage" : 60,
        "virtualMemoryUsage" : 938573824,
        "physicalMemoryUsage" : 62963712,
        "heapUsage" : 64487424
      }
    } ],
    "finishTime" : 1405075370719,
    "preferredLocations" : [ ],
    "taskType" : "CLEANUP",
    "taskStatus" : "SUCCESS",
    "taskID" : "task_201407031554_2076_m_000020",
    "inputBytes" : -1,
    "inputRecords" : -1,
    "outputBytes" : -1,
    "outputRecords" : -1
  } ]
}