{
  "priority" : "NORMAL",
  "jobID" : "job_201407031554_1595",
  "user" : "itri-hadoop",
  "jobName" : "word count",
  "mapTasks" : [ {
    "startTime" : 1404925300020,
    "attempts" : [ {
      "location" : {
        "layers" : [ "default-rack", "Master2" ]
      },
      "hostName" : "/default-rack/Master2",
      "result" : "SUCCESS",
      "startTime" : 1404925300021,
      "finishTime" : 1404925320829,
      "attemptID" : "attempt_201407031554_1595_m_000000_0",
      "shuffleFinished" : -1,
      "sortFinished" : -1,
      "hdfsBytesRead" : 201338985,
      "hdfsBytesWritten" : -1,
      "fileBytesRead" : 32807031,
      "fileBytesWritten" : 44215091,
      "mapInputRecords" : 4921,
      "mapOutputBytes" : 278292915,
      "mapOutputRecords" : 18501694,
      "combineInputRecords" : 19117082,
      "reduceInputGroups" : -1,
      "reduceInputRecords" : -1,
      "reduceShuffleBytes" : -1,
      "reduceOutputRecords" : -1,
      "spilledRecords" : 1587787,
      "mapInputBytes" : -1,
      "resourceUsageMetrics" : {
        "cumulativeCpuUsage" : 40910,
        "virtualMemoryUsage" : 396746752,
        "physicalMemoryUsage" : 196034560,
        "heapUsage" : 176947200
      }
    } ],
    "finishTime" : 1404925321101,
    "preferredLocations" : [ {
      "layers" : [ "default-rack", "Master2" ]
    }, {
      "layers" : [ "default-rack", "Slave21" ]
    }, {
      "layers" : [ "default-rack", "Slave22" ]
    } ],
    "taskType" : "MAP",
    "taskStatus" : "SUCCESS",
    "taskID" : "task_201407031554_1595_m_000000",
    "inputBytes" : 201338985,
    "inputRecords" : 4921,
    "outputBytes" : 44215091,
    "outputRecords" : 18501694
  }, {
    "startTime" : 1404925300020,
    "attempts" : [ {
      "location" : {
        "layers" : [ "default-rack", "Master2" ]
      },
      "hostName" : "/default-rack/Master2",
      "result" : "SUCCESS",
      "startTime" : 1404925300021,
      "finishTime" : 1404925322374,
      "attemptID" : "attempt_201407031554_1595_m_000001_0",
      "shuffleFinished" : -1,
      "sortFinished" : -1,
      "hdfsBytesRead" : 201457769,
      "hdfsBytesWritten" : -1,
      "fileBytesRead" : 30932282,
      "fileBytesWritten" : 41316642,
      "mapInputRecords" : 4789,
      "mapOutputBytes" : 278460626,
      "mapOutputRecords" : 18514399,
      "combineInputRecords" : 19128988,
      "reduceInputGroups" : -1,
      "reduceInputRecords" : -1,
      "reduceShuffleBytes" : -1,
      "reduceOutputRecords" : -1,
      "spilledRecords" : 1585786,
      "mapInputBytes" : -1,
      "resourceUsageMetrics" : {
        "cumulativeCpuUsage" : 43420,
        "virtualMemoryUsage" : 396529664,
        "physicalMemoryUsage" : 196911104,
        "heapUsage" : 176947200
      }
    } ],
    "finishTime" : 1404925322610,
    "preferredLocations" : [ {
      "layers" : [ "default-rack", "Master2" ]
    }, {
      "layers" : [ "default-rack", "Slave23" ]
    }, {
      "layers" : [ "default-rack", "Slave21" ]
    } ],
    "taskType" : "MAP",
    "taskStatus" : "SUCCESS",
    "taskID" : "task_201407031554_1595_m_000001",
    "inputBytes" : 201457769,
    "inputRecords" : 4789,
    "outputBytes" : 41316642,
    "outputRecords" : 18514399
  }, {
    "startTime" : 1404925300087,
    "attempts" : [ {
      "location" : {
        "layers" : [ "default-rack", "Slave23" ]
      },
      "hostName" : "/default-rack/Slave23",
      "result" : "SUCCESS",
      "startTime" : 1404925302752,
      "finishTime" : 1404925324213,
      "attemptID" : "attempt_201407031554_1595_m_000002_0",
      "shuffleFinished" : -1,
      "sortFinished" : -1,
      "hdfsBytesRead" : 201330793,
      "hdfsBytesWritten" : -1,
      "fileBytesRead" : 30720505,
      "fileBytesWritten" : 41069607,
      "mapInputRecords" : 171754,
      "mapOutputBytes" : 278036826,
      "mapOutputRecords" : 18587185,
      "combineInputRecords" : 19202199,
      "reduceInputGroups" : -1,
      "reduceInputRecords" : -1,
      "reduceShuffleBytes" : -1,
      "reduceOutputRecords" : -1,
      "spilledRecords" : 1586066,
      "mapInputBytes" : -1,
      "resourceUsageMetrics" : {
        "cumulativeCpuUsage" : 42000,
        "virtualMemoryUsage" : 397758464,
        "physicalMemoryUsage" : 196452352,
        "heapUsage" : 176947200
      }
    } ],
    "finishTime" : 1404925321779,
    "preferredLocations" : [ {
      "layers" : [ "default-rack", "Master2" ]
    }, {
      "layers" : [ "default-rack", "Slave22" ]
    }, {
      "layers" : [ "default-rack", "Slave23" ]
    } ],
    "taskType" : "MAP",
    "taskStatus" : "SUCCESS",
    "taskID" : "task_201407031554_1595_m_000002",
    "inputBytes" : 201330793,
    "inputRecords" : 171754,
    "outputBytes" : 41069607,
    "outputRecords" : 18587185
  }, {
    "startTime" : 1404925300087,
    "attempts" : [ {
      "location" : {
        "layers" : [ "default-rack", "Slave23" ]
      },
      "hostName" : "/default-rack/Slave23",
      "result" : "SUCCESS",
      "startTime" : 1404925302752,
      "finishTime" : 1404925324240,
      "attemptID" : "attempt_201407031554_1595_m_000003_0",
      "shuffleFinished" : -1,
      "sortFinished" : -1,
      "hdfsBytesRead" : 201334889,
      "hdfsBytesWritten" : -1,
      "fileBytesRead" : 32053823,
      "fileBytesWritten" : 43206086,
      "mapInputRecords" : 4809,
      "mapOutputBytes" : 278712050,
      "mapOutputRecords" : 18503748,
      "combineInputRecords" : 19118304,
      "reduceInputGroups" : -1,
      "reduceInputRecords" : -1,
      "reduceShuffleBytes" : -1,
      "reduceOutputRecords" : -1,
      "spilledRecords" : 1585646,
      "mapInputBytes" : -1,
      "resourceUsageMetrics" : {
        "cumulativeCpuUsage" : 40820,
        "virtualMemoryUsage" : 395481088,
        "physicalMemoryUsage" : 161611776,
        "heapUsage" : 176947200
      }
    } ],
    "finishTime" : 1404925321779,
    "preferredLocations" : [ {
      "layers" : [ "default-rack", "Slave23" ]
    }, {
      "layers" : [ "default-rack", "Slave22" ]
    }, {
      "layers" : [ "default-rack", "Slave21" ]
    } ],
    "taskType" : "MAP",
    "taskStatus" : "SUCCESS",
    "taskID" : "task_201407031554_1595_m_000003",
    "inputBytes" : 201334889,
    "inputRecords" : 4809,
    "outputBytes" : 43206086,
    "outputRecords" : 18503748
  }, {
    "startTime" : 1404925300130,
    "attempts" : [ {
      "location" : {
        "layers" : [ "default-rack", "Slave21" ]
      },
      "hostName" : "/default-rack/Slave21",
      "result" : "SUCCESS",
      "startTime" : 1404925292430,
      "finishTime" : 1404925315056,
      "attemptID" : "attempt_201407031554_1595_m_000004_0",
      "shuffleFinished" : -1,
      "sortFinished" : -1,
      "hdfsBytesRead" : 201330793,
      "hdfsBytesWritten" : -1,
      "fileBytesRead" : 30000643,
      "fileBytesWritten" : 40158166,
      "mapInputRecords" : 4782,
      "mapOutputBytes" : 278537661,
      "mapOutputRecords" : 18502662,
      "combineInputRecords" : 19117565,
      "reduceInputGroups" : -1,
      "reduceInputRecords" : -1,
      "reduceShuffleBytes" : -1,
      "reduceOutputRecords" : -1,
      "spilledRecords" : 1586532,
      "mapInputBytes" : -1,
      "resourceUsageMetrics" : {
        "cumulativeCpuUsage" : 42490,
        "virtualMemoryUsage" : 397807616,
        "physicalMemoryUsage" : 191246336,
        "heapUsage" : 184287232
      }
    } ],
    "finishTime" : 1404925323026,
    "preferredLocations" : [ {
      "layers" : [ "default-rack", "Slave21" ]
    }, {
      "layers" : [ "default-rack", "Slave23" ]
    }, {
      "layers" : [ "default-rack", "Slave22" ]
    } ],
    "taskType" : "MAP",
    "taskStatus" : "SUCCESS",
    "taskID" : "task_201407031554_1595_m_000004",
    "inputBytes" : 201330793,
    "inputRecords" : 4782,
    "outputBytes" : 40158166,
    "outputRecords" : 18502662
  }, {
    "startTime" : 1404925300130,
    "attempts" : [ {
      "location" : {
        "layers" : [ "default-rack", "Slave21" ]
      },
      "hostName" : "/default-rack/Slave21",
      "result" : "SUCCESS",
      "startTime" : 1404925292430,
      "finishTime" : 1404925315750,
      "attemptID" : "attempt_201407031554_1595_m_000005_0",
      "shuffleFinished" : -1,
      "sortFinished" : -1,
      "hdfsBytesRead" : 201351273,
      "hdfsBytesWritten" : -1,
      "fileBytesRead" : 35095268,
      "fileBytesWritten" : 47693936,
      "mapInputRecords" : 4914,
      "mapOutputBytes" : 277886866,
      "mapOutputRecords" : 18418611,
      "combineInputRecords" : 19033264,
      "reduceInputGroups" : -1,
      "reduceInputRecords" : -1,
      "reduceShuffleBytes" : -1,
      "reduceOutputRecords" : -1,
      "spilledRecords" : 1585693,
      "mapInputBytes" : -1,
      "resourceUsageMetrics" : {
        "cumulativeCpuUsage" : 44850,
        "virtualMemoryUsage" : 400723968,
        "physicalMemoryUsage" : 197259264,
        "heapUsage" : 183238656
      }
    } ],
    "finishTime" : 1404925323628,
    "preferredLocations" : [ {
      "layers" : [ "default-rack", "Master2" ]
    }, {
      "layers" : [ "default-rack", "Slave22" ]
    }, {
      "layers" : [ "default-rack", "Slave21" ]
    } ],
    "taskType" : "MAP",
    "taskStatus" : "SUCCESS",
    "taskID" : "task_201407031554_1595_m_000005",
    "inputBytes" : 201351273,
    "inputRecords" : 4914,
    "outputBytes" : 47693936,
    "outputRecords" : 18418611
  }, {
    "startTime" : 1404925300132,
    "attempts" : [ {
      "location" : {
        "layers" : [ "default-rack", "Slave22" ]
      },
      "hostName" : "/default-rack/Slave22",
      "result" : "SUCCESS",
      "startTime" : 1404925287513,
      "finishTime" : 1404925309190,
      "attemptID" : "attempt_201407031554_1595_m_000006_0",
      "shuffleFinished" : -1,
      "sortFinished" : -1,
      "hdfsBytesRead" : 201330793,
      "hdfsBytesWritten" : -1,
      "fileBytesRead" : 30411356,
      "fileBytesWritten" : 40647066,
      "mapInputRecords" : 88346,
      "mapOutputBytes" : 278864488,
      "mapOutputRecords" : 18584652,
      "combineInputRecords" : 19200327,
      "reduceInputGroups" : -1,
      "reduceInputRecords" : -1,
      "reduceShuffleBytes" : -1,
      "reduceOutputRecords" : -1,
      "spilledRecords" : 1588039,
      "mapInputBytes" : -1,
      "resourceUsageMetrics" : {
        "cumulativeCpuUsage" : 41360,
        "virtualMemoryUsage" : 399433728,
        "physicalMemoryUsage" : 173445120,
        "heapUsage" : 120848384
      }
    } ],
    "finishTime" : 1404925322156,
    "preferredLocations" : [ {
      "layers" : [ "default-rack", "Master2" ]
    }, {
      "layers" : [ "default-rack", "Slave22" ]
    }, {
      "layers" : [ "default-rack", "Slave23" ]
    } ],
    "taskType" : "MAP",
    "taskStatus" : "SUCCESS",
    "taskID" : "task_201407031554_1595_m_000006",
    "inputBytes" : 201330793,
    "inputRecords" : 88346,
    "outputBytes" : 40647066,
    "outputRecords" : 18584652
  }, {
    "startTime" : 1404925300132,
    "attempts" : [ {
      "location" : {
        "layers" : [ "default-rack", "Slave22" ]
      },
      "hostName" : "/default-rack/Slave22",
      "result" : "SUCCESS",
      "startTime" : 1404925287513,
      "finishTime" : 1404925309409,
      "attemptID" : "attempt_201407031554_1595_m_000007_0",
      "shuffleFinished" : -1,
      "sortFinished" : -1,
      "hdfsBytesRead" : 201330793,
      "hdfsBytesWritten" : -1,
      "fileBytesRead" : 28855163,
      "fileBytesWritten" : 37865973,
      "mapInputRecords" : 4837,
      "mapOutputBytes" : 277692800,
      "mapOutputRecords" : 18500332,
      "combineInputRecords" : 19114250,
      "reduceInputGroups" : -1,
      "reduceInputRecords" : -1,
      "reduceShuffleBytes" : -1,
      "reduceOutputRecords" : -1,
      "spilledRecords" : 1571979,
      "mapInputBytes" : -1,
      "resourceUsageMetrics" : {
        "cumulativeCpuUsage" : 42520,
        "virtualMemoryUsage" : 396283904,
        "physicalMemoryUsage" : 171290624,
        "heapUsage" : 120324096
      }
    } ],
    "finishTime" : 1404925322157,
    "preferredLocations" : [ {
      "layers" : [ "default-rack", "Master2" ]
    }, {
      "layers" : [ "default-rack", "Slave22" ]
    }, {
      "layers" : [ "default-rack", "Slave23" ]
    } ],
    "taskType" : "MAP",
    "taskStatus" : "SUCCESS",
    "taskID" : "task_201407031554_1595_m_000007",
    "inputBytes" : 201330793,
    "inputRecords" : 4837,
    "outputBytes" : 37865973,
    "outputRecords" : 18500332
  }, {
    "startTime" : 1404925321102,
    "attempts" : [ {
      "location" : {
        "layers" : [ "default-rack", "Master2" ]
      },
      "hostName" : "/default-rack/Master2",
      "result" : "SUCCESS",
      "startTime" : 1404925321103,
      "finishTime" : 1404925340677,
      "attemptID" : "attempt_201407031554_1595_m_000009_0",
      "shuffleFinished" : -1,
      "sortFinished" : -1,
      "hdfsBytesRead" : 201379945,
      "hdfsBytesWritten" : -1,
      "fileBytesRead" : 35446252,
      "fileBytesWritten" : 48194866,
      "mapInputRecords" : 4872,
      "mapOutputBytes" : 278104602,
      "mapOutputRecords" : 18423430,
      "combineInputRecords" : 19038100,
      "reduceInputGroups" : -1,
      "reduceInputRecords" : -1,
      "reduceShuffleBytes" : -1,
      "reduceOutputRecords" : -1,
      "spilledRecords" : 1585755,
      "mapInputBytes" : -1,
      "resourceUsageMetrics" : {
        "cumulativeCpuUsage" : 34100,
        "virtualMemoryUsage" : 400560128,
        "physicalMemoryUsage" : 201895936,
        "heapUsage" : 180879360
      }
    } ],
    "finishTime" : 1404925340779,
    "preferredLocations" : [ {
      "layers" : [ "default-rack", "Master2" ]
    }, {
      "layers" : [ "default-rack", "Slave23" ]
    }, {
      "layers" : [ "default-rack", "Slave22" ]
    } ],
    "taskType" : "MAP",
    "taskStatus" : "SUCCESS",
    "taskID" : "task_201407031554_1595_m_000009",
    "inputBytes" : 201379945,
    "inputRecords" : 4872,
    "outputBytes" : 48194866,
    "outputRecords" : 18423430
  }, {
    "startTime" : 1404925321779,
    "attempts" : [ {
      "location" : {
        "layers" : [ "default-rack", "Slave23" ]
      },
      "hostName" : "/default-rack/Slave23",
      "result" : "SUCCESS",
      "startTime" : 1404925324386,
      "finishTime" : 1404925344476,
      "attemptID" : "attempt_201407031554_1595_m_000008_0",
      "shuffleFinished" : -1,
      "sortFinished" : -1,
      "hdfsBytesRead" : 201330793,
      "hdfsBytesWritten" : -1,
      "fileBytesRead" : 35508518,
      "fileBytesWritten" : 48208464,
      "mapInputRecords" : 4938,
      "mapOutputBytes" : 278036657,
      "mapOutputRecords" : 18418899,
      "combineInputRecords" : 19033708,
      "reduceInputGroups" : -1,
      "reduceInputRecords" : -1,
      "reduceShuffleBytes" : -1,
      "reduceOutputRecords" : -1,
      "spilledRecords" : 1586473,
      "mapInputBytes" : -1,
      "resourceUsageMetrics" : {
        "cumulativeCpuUsage" : 34100,
        "virtualMemoryUsage" : 395427840,
        "physicalMemoryUsage" : 178319360,
        "heapUsage" : 181403648
      }
    } ],
    "finishTime" : 1404925341931,
    "preferredLocations" : [ {
      "layers" : [ "default-rack", "Slave21" ]
    }, {
      "layers" : [ "default-rack", "Slave23" ]
    }, {
      "layers" : [ "default-rack", "Slave22" ]
    } ],
    "taskType" : "MAP",
    "taskStatus" : "SUCCESS",
    "taskID" : "task_201407031554_1595_m_000008",
    "inputBytes" : 201330793,
    "inputRecords" : 4938,
    "outputBytes" : 48208464,
    "outputRecords" : 18418899
  }, {
    "startTime" : 1404925321780,
    "attempts" : [ {
      "location" : {
        "layers" : [ "default-rack", "Slave23" ]
      },
      "hostName" : "/default-rack/Slave23",
      "result" : "SUCCESS",
      "startTime" : 1404925324386,
      "finishTime" : 1404925343525,
      "attemptID" : "attempt_201407031554_1595_m_000010_0",
      "shuffleFinished" : -1,
      "sortFinished" : -1,
      "hdfsBytesRead" : 201359465,
      "hdfsBytesWritten" : -1,
      "fileBytesRead" : 35940519,
      "fileBytesWritten" : 48868064,
      "mapInputRecords" : 4739,
      "mapOutputBytes" : 278325860,
      "mapOutputRecords" : 18422360,
      "combineInputRecords" : 19036678,
      "reduceInputGroups" : -1,
      "reduceInputRecords" : -1,
      "reduceShuffleBytes" : -1,
      "reduceOutputRecords" : -1,
      "spilledRecords" : 1585323,
      "mapInputBytes" : -1,
      "resourceUsageMetrics" : {
        "cumulativeCpuUsage" : 33160,
        "virtualMemoryUsage" : 399708160,
        "physicalMemoryUsage" : 186957824,
        "heapUsage" : 184025088
      }
    } ],
    "finishTime" : 1404925341028,
    "preferredLocations" : [ {
      "layers" : [ "default-rack", "Master2" ]
    }, {
      "layers" : [ "default-rack", "Slave23" ]
    }, {
      "layers" : [ "default-rack", "Slave21" ]
    } ],
    "taskType" : "MAP",
    "taskStatus" : "SUCCESS",
    "taskID" : "task_201407031554_1595_m_000010",
    "inputBytes" : 201359465,
    "inputRecords" : 4739,
    "outputBytes" : 48868064,
    "outputRecords" : 18422360
  }, {
    "startTime" : 1404925322157,
    "attempts" : [ {
      "location" : {
        "layers" : [ "default-rack", "Slave22" ]
      },
      "hostName" : "/default-rack/Slave22",
      "result" : "SUCCESS",
      "startTime" : 1404925309468,
      "finishTime" : 1404925329505,
      "attemptID" : "attempt_201407031554_1595_m_000011_0",
      "shuffleFinished" : -1,
      "sortFinished" : -1,
      "hdfsBytesRead" : 201367657,
      "hdfsBytesWritten" : -1,
      "fileBytesRead" : 36393021,
      "fileBytesWritten" : 49610397,
      "mapInputRecords" : 4885,
      "mapOutputBytes" : 278585686,
      "mapOutputRecords" : 18422584,
      "combineInputRecords" : 19037099,
      "reduceInputGroups" : -1,
      "reduceInputRecords" : -1,
      "reduceShuffleBytes" : -1,
      "reduceOutputRecords" : -1,
      "spilledRecords" : 1585746,
      "mapInputBytes" : -1,
      "resourceUsageMetrics" : {
        "cumulativeCpuUsage" : 35660,
        "virtualMemoryUsage" : 400429056,
        "physicalMemoryUsage" : 198504448,
        "heapUsage" : 176947200
      }
    } ],
    "finishTime" : 1404925342341,
    "preferredLocations" : [ {
      "layers" : [ "default-rack", "Master2" ]
    }, {
      "layers" : [ "default-rack", "Slave22" ]
    }, {
      "layers" : [ "default-rack", "Slave23" ]
    } ],
    "taskType" : "MAP",
    "taskStatus" : "SUCCESS",
    "taskID" : "task_201407031554_1595_m_000011",
    "inputBytes" : 201367657,
    "inputRecords" : 4885,
    "outputBytes" : 49610397,
    "outputRecords" : 18422584
  }, {
    "startTime" : 1404925322157,
    "attempts" : [ {
      "location" : {
        "layers" : [ "default-rack", "Slave22" ]
      },
      "hostName" : "/default-rack/Slave22",
      "result" : "SUCCESS",
      "startTime" : 1404925309468,
      "finishTime" : 1404925329028,
      "attemptID" : "attempt_201407031554_1595_m_000012_0",
      "shuffleFinished" : -1,
      "sortFinished" : -1,
      "hdfsBytesRead" : 201351273,
      "hdfsBytesWritten" : -1,
      "fileBytesRead" : 35457616,
      "fileBytesWritten" : 48141126,
      "mapInputRecords" : 4838,
      "mapOutputBytes" : 278069578,
      "mapOutputRecords" : 18422766,
      "combineInputRecords" : 19036787,
      "reduceInputGroups" : -1,
      "reduceInputRecords" : -1,
      "reduceShuffleBytes" : -1,
      "reduceOutputRecords" : -1,
      "spilledRecords" : 1584351,
      "mapInputBytes" : -1,
      "resourceUsageMetrics" : {
        "cumulativeCpuUsage" : 33720,
        "virtualMemoryUsage" : 398327808,
        "physicalMemoryUsage" : 201723904,
        "heapUsage" : 182714368
      }
    } ],
    "finishTime" : 1404925341739,
    "preferredLocations" : [ {
      "layers" : [ "default-rack", "Master2" ]
    }, {
      "layers" : [ "default-rack", "Slave22" ]
    }, {
      "layers" : [ "default-rack", "Slave23" ]
    } ],
    "taskType" : "MAP",
    "taskStatus" : "SUCCESS",
    "taskID" : "task_201407031554_1595_m_000012",
    "inputBytes" : 201351273,
    "inputRecords" : 4838,
    "outputBytes" : 48141126,
    "outputRecords" : 18422766
  }, {
    "startTime" : 1404925322610,
    "attempts" : [ {
      "location" : {
        "layers" : [ "default-rack", "Master2" ]
      },
      "hostName" : "/default-rack/Master2",
      "result" : "SUCCESS",
      "startTime" : 1404925322611,
      "finishTime" : 1404925341668,
      "attemptID" : "attempt_201407031554_1595_m_000014_0",
      "shuffleFinished" : -1,
      "sortFinished" : -1,
      "hdfsBytesRead" : 201367657,
      "hdfsBytesWritten" : -1,
      "fileBytesRead" : 29957815,
      "fileBytesWritten" : 40106477,
      "mapInputRecords" : 4875,
      "mapOutputBytes" : 278331944,
      "mapOutputRecords" : 18505002,
      "combineInputRecords" : 19119122,
      "reduceInputGroups" : -1,
      "reduceInputRecords" : -1,
      "reduceShuffleBytes" : -1,
      "reduceOutputRecords" : -1,
      "spilledRecords" : 1584623,
      "mapInputBytes" : -1,
      "resourceUsageMetrics" : {
        "cumulativeCpuUsage" : 33660,
        "virtualMemoryUsage" : 397524992,
        "physicalMemoryUsage" : 201093120,
        "heapUsage" : 183500800
      }
    } ],
    "finishTime" : 1404925341683,
    "preferredLocations" : [ {
      "layers" : [ "default-rack", "Master2" ]
    }, {
      "layers" : [ "default-rack", "Slave23" ]
    }, {
      "layers" : [ "default-rack", "Slave22" ]
    } ],
    "taskType" : "MAP",
    "taskStatus" : "SUCCESS",
    "taskID" : "task_201407031554_1595_m_000014",
    "inputBytes" : 201367657,
    "inputRecords" : 4875,
    "outputBytes" : 40106477,
    "outputRecords" : 18505002
  }, {
    "startTime" : 1404925323026,
    "attempts" : [ {
      "location" : {
        "layers" : [ "default-rack", "Slave21" ]
      },
      "hostName" : "/default-rack/Slave21",
      "result" : "SUCCESS",
      "startTime" : 1404925315245,
      "finishTime" : 1404925334244,
      "attemptID" : "attempt_201407031554_1595_m_000013_0",
      "shuffleFinished" : -1,
      "sortFinished" : -1,
      "hdfsBytesRead" : 201330793,
      "hdfsBytesWritten" : -1,
      "fileBytesRead" : 30217556,
      "fileBytesWritten" : 40406520,
      "mapInputRecords" : 88442,
      "mapOutputBytes" : 278202432,
      "mapOutputRecords" : 18502326,
      "combineInputRecords" : 19117599,
      "reduceInputGroups" : -1,
      "reduceInputRecords" : -1,
      "reduceShuffleBytes" : -1,
      "reduceOutputRecords" : -1,
      "spilledRecords" : 1587328,
      "mapInputBytes" : -1,
      "resourceUsageMetrics" : {
        "cumulativeCpuUsage" : 32860,
        "virtualMemoryUsage" : 398802944,
        "physicalMemoryUsage" : 197451776,
        "heapUsage" : 140247040
      }
    } ],
    "finishTime" : 1404925342310,
    "preferredLocations" : [ {
      "layers" : [ "default-rack", "Slave21" ]
    }, {
      "layers" : [ "default-rack", "Slave22" ]
    }, {
      "layers" : [ "default-rack", "Slave23" ]
    } ],
    "taskType" : "MAP",
    "taskStatus" : "SUCCESS",
    "taskID" : "task_201407031554_1595_m_000013",
    "inputBytes" : 201330793,
    "inputRecords" : 88442,
    "outputBytes" : 40406520,
    "outputRecords" : 18502326
  }, {
    "startTime" : 1404925323629,
    "attempts" : [ {
      "location" : {
        "layers" : [ "default-rack", "Slave21" ]
      },
      "hostName" : "/default-rack/Slave21",
      "result" : "SUCCESS",
      "startTime" : 1404925315848,
      "finishTime" : 1404925336096,
      "attemptID" : "attempt_201407031554_1595_m_000015_0",
      "shuffleFinished" : -1,
      "sortFinished" : -1,
      "hdfsBytesRead" : 201445481,
      "hdfsBytesWritten" : -1,
      "fileBytesRead" : 34764030,
      "fileBytesWritten" : 47230562,
      "mapInputRecords" : 4885,
      "mapOutputBytes" : 277863605,
      "mapOutputRecords" : 18430546,
      "combineInputRecords" : 19044872,
      "reduceInputGroups" : -1,
      "reduceInputRecords" : -1,
      "reduceShuffleBytes" : -1,
      "reduceOutputRecords" : -1,
      "spilledRecords" : 1585332,
      "mapInputBytes" : -1,
      "resourceUsageMetrics" : {
        "cumulativeCpuUsage" : 35530,
        "virtualMemoryUsage" : 401858560,
        "physicalMemoryUsage" : 185507840,
        "heapUsage" : 137363456
      }
    } ],
    "finishTime" : 1404925344117,
    "preferredLocations" : [ {
      "layers" : [ "default-rack", "Master2" ]
    }, {
      "layers" : [ "default-rack", "Slave22" ]
    }, {
      "layers" : [ "default-rack", "Slave21" ]
    } ],
    "taskType" : "MAP",
    "taskStatus" : "SUCCESS",
    "taskID" : "task_201407031554_1595_m_000015",
    "inputBytes" : 201445481,
    "inputRecords" : 4885,
    "outputBytes" : 47230562,
    "outputRecords" : 18430546
  }, {
    "startTime" : 1404925340779,
    "attempts" : [ {
      "location" : {
        "layers" : [ "default-rack", "Master2" ]
      },
      "hostName" : "/default-rack/Master2",
      "result" : "SUCCESS",
      "startTime" : 1404925340780,
      "finishTime" : 1404925360623,
      "attemptID" : "attempt_201407031554_1595_m_000016_0",
      "shuffleFinished" : -1,
      "sortFinished" : -1,
      "hdfsBytesRead" : 201367657,
      "hdfsBytesWritten" : -1,
      "fileBytesRead" : 34487671,
      "fileBytesWritten" : 46804699,
      "mapInputRecords" : 4825,
      "mapOutputBytes" : 277574841,
      "mapOutputRecords" : 18419833,
      "combineInputRecords" : 19035313,
      "reduceInputGroups" : -1,
      "reduceInputRecords" : -1,
      "reduceShuffleBytes" : -1,
      "reduceOutputRecords" : -1,
      "spilledRecords" : 1587987,
      "mapInputBytes" : -1,
      "resourceUsageMetrics" : {
        "cumulativeCpuUsage" : 34490,
        "virtualMemoryUsage" : 400560128,
        "physicalMemoryUsage" : 204472320,
        "heapUsage" : 182190080
      }
    } ],
    "finishTime" : 1404925360648,
    "preferredLocations" : [ {
      "layers" : [ "default-rack", "Master2" ]
    }, {
      "layers" : [ "default-rack", "Slave23" ]
    }, {
      "layers" : [ "default-rack", "Slave21" ]
    } ],
    "taskType" : "MAP",
    "taskStatus" : "SUCCESS",
    "taskID" : "task_201407031554_1595_m_000016",
    "inputBytes" : 201367657,
    "inputRecords" : 4825,
    "outputBytes" : 46804699,
    "outputRecords" : 18419833
  }, {
    "startTime" : 1404925341029,
    "attempts" : [ {
      "location" : {
        "layers" : [ "default-rack", "Slave23" ]
      },
      "hostName" : "/default-rack/Slave23",
      "result" : "SUCCESS",
      "startTime" : 1404925343634,
      "finishTime" : 1404925361883,
      "attemptID" : "attempt_201407031554_1595_m_000018_0",
      "shuffleFinished" : -1,
      "sortFinished" : -1,
      "hdfsBytesRead" : 201330793,
      "hdfsBytesWritten" : -1,
      "fileBytesRead" : 34751065,
      "fileBytesWritten" : 47166024,
      "mapInputRecords" : 4852,
      "mapOutputBytes" : 277704557,
      "mapOutputRecords" : 18420146,
      "combineInputRecords" : 19033866,
      "reduceInputGroups" : -1,
      "reduceInputRecords" : -1,
      "reduceShuffleBytes" : -1,
      "reduceOutputRecords" : -1,
      "spilledRecords" : 1583435,
      "mapInputBytes" : -1,
      "resourceUsageMetrics" : {
        "cumulativeCpuUsage" : 32130,
        "virtualMemoryUsage" : 399708160,
        "physicalMemoryUsage" : 195846144,
        "heapUsage" : 144965632
      }
    } ],
    "finishTime" : 1404925359398,
    "preferredLocations" : [ {
      "layers" : [ "default-rack", "Master2" ]
    }, {
      "layers" : [ "default-rack", "Slave23" ]
    }, {
      "layers" : [ "default-rack", "Slave21" ]
    } ],
    "taskType" : "MAP",
    "taskStatus" : "SUCCESS",
    "taskID" : "task_201407031554_1595_m_000018",
    "inputBytes" : 201330793,
    "inputRecords" : 4852,
    "outputBytes" : 47166024,
    "outputRecords" : 18420146
  }, {
    "startTime" : 1404925341683,
    "attempts" : [ {
      "location" : {
        "layers" : [ "default-rack", "Master2" ]
      },
      "hostName" : "/default-rack/Master2",
      "result" : "SUCCESS",
      "startTime" : 1404925341684,
      "finishTime" : 1404925361002,
      "attemptID" : "attempt_201407031554_1595_m_000017_0",
      "shuffleFinished" : -1,
      "sortFinished" : -1,
      "hdfsBytesRead" : 201343081,
      "hdfsBytesWritten" : -1,
      "fileBytesRead" : 34779172,
      "fileBytesWritten" : 47229581,
      "mapInputRecords" : 4845,
      "mapOutputBytes" : 277720771,
      "mapOutputRecords" : 18420672,
      "combineInputRecords" : 19035190,
      "reduceInputGroups" : -1,
      "reduceInputRecords" : -1,
      "reduceShuffleBytes" : -1,
      "reduceOutputRecords" : -1,
      "spilledRecords" : 1585472,
      "mapInputBytes" : -1,
      "resourceUsageMetrics" : {
        "cumulativeCpuUsage" : 33290,
        "virtualMemoryUsage" : 397688832,
        "physicalMemoryUsage" : 209895424,
        "heapUsage" : 194248704
      }
    } ],
    "finishTime" : 1404925361250,
    "preferredLocations" : [ {
      "layers" : [ "default-rack", "Master2" ]
    }, {
      "layers" : [ "default-rack", "Slave21" ]
    }, {
      "layers" : [ "default-rack", "Slave22" ]
    } ],
    "taskType" : "MAP",
    "taskStatus" : "SUCCESS",
    "taskID" : "task_201407031554_1595_m_000017",
    "inputBytes" : 201343081,
    "inputRecords" : 4845,
    "outputBytes" : 47229581,
    "outputRecords" : 18420672
  }, {
    "startTime" : 1404925341739,
    "attempts" : [ {
      "location" : {
        "layers" : [ "default-rack", "Slave22" ]
      },
      "hostName" : "/default-rack/Slave22",
      "result" : "SUCCESS",
      "startTime" : 1404925329050,
      "finishTime" : 1404925346380,
      "attemptID" : "attempt_201407031554_1595_m_000019_0",
      "shuffleFinished" : -1,
      "sortFinished" : -1,
      "hdfsBytesRead" : 201330793,
      "hdfsBytesWritten" : -1,
      "fileBytesRead" : 35094143,
      "fileBytesWritten" : 47699252,
      "mapInputRecords" : 4838,
      "mapOutputBytes" : 277859538,
      "mapOutputRecords" : 18417465,
      "combineInputRecords" : 19031871,
      "reduceInputGroups" : -1,
      "reduceInputRecords" : -1,
      "reduceShuffleBytes" : -1,
      "reduceOutputRecords" : -1,
      "spilledRecords" : 1585652,
      "mapInputBytes" : -1,
      "resourceUsageMetrics" : {
        "cumulativeCpuUsage" : 30000,
        "virtualMemoryUsage" : 398327808,
        "physicalMemoryUsage" : 212434944,
        "heapUsage" : 193200128
      }
    } ],
    "finishTime" : 1404925359229,
    "preferredLocations" : [ {
      "layers" : [ "default-rack", "Slave23" ]
    }, {
      "layers" : [ "default-rack", "Slave21" ]
    }, {
      "layers" : [ "default-rack", "Slave22" ]
    } ],
    "taskType" : "MAP",
    "taskStatus" : "SUCCESS",
    "taskID" : "task_201407031554_1595_m_000019",
    "inputBytes" : 201330793,
    "inputRecords" : 4838,
    "outputBytes" : 47699252,
    "outputRecords" : 18417465
  }, {
    "startTime" : 1404925341931,
    "attempts" : [ {
      "location" : {
        "layers" : [ "default-rack", "Slave23" ]
      },
      "hostName" : "/default-rack/Slave23",
      "result" : "SUCCESS",
      "startTime" : 1404925344537,
      "finishTime" : 1404925350290,
      "attemptID" : "attempt_201407031554_1595_m_000020_0",
      "shuffleFinished" : -1,
      "sortFinished" : -1,
      "hdfsBytesRead" : 55313030,
      "hdfsBytesWritten" : -1,
      "fileBytesRead" : 7492070,
      "fileBytesWritten" : 11214451,
      "mapInputRecords" : 1357,
      "mapOutputBytes" : 76198688,
      "mapOutputRecords" : 5057067,
      "combineInputRecords" : 5226271,
      "reduceInputGroups" : -1,
      "reduceInputRecords" : -1,
      "reduceShuffleBytes" : -1,
      "reduceOutputRecords" : -1,
      "spilledRecords" : 377956,
      "mapInputBytes" : -1,
      "resourceUsageMetrics" : {
        "cumulativeCpuUsage" : 8950,
        "virtualMemoryUsage" : 395587584,
        "physicalMemoryUsage" : 203194368,
        "heapUsage" : 185335808
      }
    } ],
    "finishTime" : 1404925347966,
    "preferredLocations" : [ {
      "layers" : [ "default-rack", "Slave23" ]
    }, {
      "layers" : [ "default-rack", "Slave22" ]
    }, {
      "layers" : [ "default-rack", "Slave21" ]
    } ],
    "taskType" : "MAP",
    "taskStatus" : "SUCCESS",
    "taskID" : "task_201407031554_1595_m_000020",
    "inputBytes" : 55313030,
    "inputRecords" : 1357,
    "outputBytes" : 11214451,
    "outputRecords" : 5057067
  }, {
    "startTime" : 1404925342310,
    "attempts" : [ {
      "location" : {
        "layers" : [ "default-rack", "Slave21" ]
      },
      "hostName" : "/default-rack/Slave21",
      "result" : "SUCCESS",
      "startTime" : 1404925334529,
      "finishTime" : 1404925340005,
      "attemptID" : "attempt_201407031554_1595_m_000022_0",
      "shuffleFinished" : -1,
      "sortFinished" : -1,
      "hdfsBytesRead" : 55310751,
      "hdfsBytesWritten" : -1,
      "fileBytesRead" : 6567355,
      "fileBytesWritten" : 9670966,
      "mapInputRecords" : 24263,
      "mapOutputBytes" : 76428454,
      "mapOutputRecords" : 5083322,
      "combineInputRecords" : 5252640,
      "reduceInputGroups" : -1,
      "reduceInputRecords" : -1,
      "reduceShuffleBytes" : -1,
      "reduceOutputRecords" : -1,
      "spilledRecords" : 377711,
      "mapInputBytes" : -1,
      "resourceUsageMetrics" : {
        "cumulativeCpuUsage" : 9320,
        "virtualMemoryUsage" : 398802944,
        "physicalMemoryUsage" : 197582848,
        "heapUsage" : 140247040
      }
    } ],
    "finishTime" : 1404925348036,
    "preferredLocations" : [ {
      "layers" : [ "default-rack", "Slave21" ]
    }, {
      "layers" : [ "default-rack", "Slave22" ]
    }, {
      "layers" : [ "default-rack", "Slave23" ]
    } ],
    "taskType" : "MAP",
    "taskStatus" : "SUCCESS",
    "taskID" : "task_201407031554_1595_m_000022",
    "inputBytes" : 55310751,
    "inputRecords" : 24263,
    "outputBytes" : 9670966,
    "outputRecords" : 5083322
  }, {
    "startTime" : 1404925342342,
    "attempts" : [ {
      "location" : {
        "layers" : [ "default-rack", "Slave22" ]
      },
      "hostName" : "/default-rack/Slave22",
      "result" : "SUCCESS",
      "startTime" : 1404925329652,
      "finishTime" : 1404925335778,
      "attemptID" : "attempt_201407031554_1595_m_000021_0",
      "shuffleFinished" : -1,
      "sortFinished" : -1,
      "hdfsBytesRead" : 55312090,
      "hdfsBytesWritten" : -1,
      "fileBytesRead" : 7118357,
      "fileBytesWritten" : 10603101,
      "mapInputRecords" : 1332,
      "mapOutputBytes" : 76437974,
      "mapOutputRecords" : 5082165,
      "combineInputRecords" : 5251828,
      "reduceInputGroups" : -1,
      "reduceInputRecords" : -1,
      "reduceShuffleBytes" : -1,
      "reduceOutputRecords" : -1,
      "spilledRecords" : 378794,
      "mapInputBytes" : -1,
      "resourceUsageMetrics" : {
        "cumulativeCpuUsage" : 10010,
        "virtualMemoryUsage" : 400429056,
        "physicalMemoryUsage" : 183148544,
        "heapUsage" : 183238656
      }
    } ],
    "finishTime" : 1404925348673,
    "preferredLocations" : [ {
      "layers" : [ "default-rack", "Master2" ]
    }, {
      "layers" : [ "default-rack", "Slave23" ]
    }, {
      "layers" : [ "default-rack", "Slave22" ]
    } ],
    "taskType" : "MAP",
    "taskStatus" : "SUCCESS",
    "taskID" : "task_201407031554_1595_m_000021",
    "inputBytes" : 55312090,
    "inputRecords" : 1332,
    "outputBytes" : 10603101,
    "outputRecords" : 5082165
  }, {
    "startTime" : 1404925344118,
    "attempts" : [ {
      "location" : {
        "layers" : [ "default-rack", "Slave21" ]
      },
      "hostName" : "/default-rack/Slave21",
      "result" : "SUCCESS",
      "startTime" : 1404925336337,
      "finishTime" : 1404925341925,
      "attemptID" : "attempt_201407031554_1595_m_000023_0",
      "shuffleFinished" : -1,
      "sortFinished" : -1,
      "hdfsBytesRead" : 55310580,
      "hdfsBytesWritten" : -1,
      "fileBytesRead" : 7713112,
      "fileBytesWritten" : 11560245,
      "mapInputRecords" : 1354,
      "mapOutputBytes" : 76315969,
      "mapOutputRecords" : 5056361,
      "combineInputRecords" : 5225931,
      "reduceInputGroups" : -1,
      "reduceInputRecords" : -1,
      "reduceShuffleBytes" : -1,
      "reduceOutputRecords" : -1,
      "spilledRecords" : 378665,
      "mapInputBytes" : -1,
      "resourceUsageMetrics" : {
        "cumulativeCpuUsage" : 9520,
        "virtualMemoryUsage" : 401858560,
        "physicalMemoryUsage" : 200671232,
        "heapUsage" : 183500800
      }
    } ],
    "finishTime" : 1404925349843,
    "preferredLocations" : [ {
      "layers" : [ "default-rack", "Slave23" ]
    }, {
      "layers" : [ "default-rack", "Slave21" ]
    }, {
      "layers" : [ "default-rack", "Slave22" ]
    } ],
    "taskType" : "MAP",
    "taskStatus" : "SUCCESS",
    "taskID" : "task_201407031554_1595_m_000023",
    "inputBytes" : 55310580,
    "inputRecords" : 1354,
    "outputBytes" : 11560245,
    "outputRecords" : 5056361
  }, {
    "startTime" : 1404925347967,
    "attempts" : [ {
      "location" : {
        "layers" : [ "default-rack", "Slave23" ]
      },
      "hostName" : "/default-rack/Slave23",
      "result" : "SUCCESS",
      "startTime" : 1404925350572,
      "finishTime" : 1404925356452,
      "attemptID" : "attempt_201407031554_1595_m_000026_0",
      "shuffleFinished" : -1,
      "sortFinished" : -1,
      "hdfsBytesRead" : 55308720,
      "hdfsBytesWritten" : -1,
      "fileBytesRead" : 6948525,
      "fileBytesWritten" : 10351852,
      "mapInputRecords" : 1332,
      "mapOutputBytes" : 76557085,
      "mapOutputRecords" : 5082494,
      "combineInputRecords" : 5251900,
      "reduceInputGroups" : -1,
      "reduceInputRecords" : -1,
      "reduceShuffleBytes" : -1,
      "reduceOutputRecords" : -1,
      "spilledRecords" : 377881,
      "mapInputBytes" : -1,
      "resourceUsageMetrics" : {
        "cumulativeCpuUsage" : 9930,
        "virtualMemoryUsage" : 395919360,
        "physicalMemoryUsage" : 209690624,
        "heapUsage" : 188481536
      }
    } ],
    "finishTime" : 1404925353982,
    "preferredLocations" : [ {
      "layers" : [ "default-rack", "Master2" ]
    }, {
      "layers" : [ "default-rack", "Slave21" ]
    }, {
      "layers" : [ "default-rack", "Slave23" ]
    } ],
    "taskType" : "MAP",
    "taskStatus" : "SUCCESS",
    "taskID" : "task_201407031554_1595_m_000026",
    "inputBytes" : 55308720,
    "inputRecords" : 1332,
    "outputBytes" : 10351852,
    "outputRecords" : 5082494
  }, {
    "startTime" : 1404925348036,
    "attempts" : [ {
      "location" : {
        "layers" : [ "default-rack", "Slave21" ]
      },
      "hostName" : "/default-rack/Slave21",
      "result" : "SUCCESS",
      "startTime" : 1404925340255,
      "finishTime" : 1404925345708,
      "attemptID" : "attempt_201407031554_1595_m_000024_0",
      "shuffleFinished" : -1,
      "sortFinished" : -1,
      "hdfsBytesRead" : 55310286,
      "hdfsBytesWritten" : -1,
      "fileBytesRead" : 7674077,
      "fileBytesWritten" : 11476287,
      "mapInputRecords" : 1376,
      "mapOutputBytes" : 76305293,
      "mapOutputRecords" : 5057642,
      "combineInputRecords" : 5227473,
      "reduceInputGroups" : -1,
      "reduceInputRecords" : -1,
      "reduceShuffleBytes" : -1,
      "reduceOutputRecords" : -1,
      "spilledRecords" : 379538,
      "mapInputBytes" : -1,
      "resourceUsageMetrics" : {
        "cumulativeCpuUsage" : 9420,
        "virtualMemoryUsage" : 399134720,
        "physicalMemoryUsage" : 188981248,
        "heapUsage" : 191627264
      }
    } ],
    "finishTime" : 1404925353758,
    "preferredLocations" : [ {
      "layers" : [ "default-rack", "Master2" ]
    }, {
      "layers" : [ "default-rack", "Slave22" ]
    }, {
      "layers" : [ "default-rack", "Slave21" ]
    } ],
    "taskType" : "MAP",
    "taskStatus" : "SUCCESS",
    "taskID" : "task_201407031554_1595_m_000024",
    "inputBytes" : 55310286,
    "inputRecords" : 1376,
    "outputBytes" : 11476287,
    "outputRecords" : 5057642
  }, {
    "startTime" : 1404925348673,
    "attempts" : [ {
      "location" : {
        "layers" : [ "default-rack", "Slave22" ]
      },
      "hostName" : "/default-rack/Slave22",
      "result" : "SUCCESS",
      "startTime" : 1404925335984,
      "finishTime" : 1404925341522,
      "attemptID" : "attempt_201407031554_1595_m_000025_0",
      "shuffleFinished" : -1,
      "sortFinished" : -1,
      "hdfsBytesRead" : 55309453,
      "hdfsBytesWritten" : -1,
      "fileBytesRead" : 6508268,
      "fileBytesWritten" : 9620277,
      "mapInputRecords" : 1320,
      "mapOutputBytes" : 76516349,
      "mapOutputRecords" : 5082886,
      "combineInputRecords" : 5252352,
      "reduceInputGroups" : -1,
      "reduceInputRecords" : -1,
      "reduceShuffleBytes" : -1,
      "reduceOutputRecords" : -1,
      "spilledRecords" : 377805,
      "mapInputBytes" : -1,
      "resourceUsageMetrics" : {
        "cumulativeCpuUsage" : 9200,
        "virtualMemoryUsage" : 400760832,
        "physicalMemoryUsage" : 211722240,
        "heapUsage" : 189530112
      }
    } ],
    "finishTime" : 1404925354398,
    "preferredLocations" : [ {
      "layers" : [ "default-rack", "Master2" ]
    }, {
      "layers" : [ "default-rack", "Slave21" ]
    }, {
      "layers" : [ "default-rack", "Slave22" ]
    } ],
    "taskType" : "MAP",
    "taskStatus" : "SUCCESS",
    "taskID" : "task_201407031554_1595_m_000025",
    "inputBytes" : 55309453,
    "inputRecords" : 1320,
    "outputBytes" : 9620277,
    "outputRecords" : 5082886
  }, {
    "startTime" : 1404925349843,
    "attempts" : [ {
      "location" : {
        "layers" : [ "default-rack", "Slave21" ]
      },
      "hostName" : "/default-rack/Slave21",
      "result" : "SUCCESS",
      "startTime" : 1404925342062,
      "finishTime" : 1404925346891,
      "attemptID" : "attempt_201407031554_1595_m_000027_0",
      "shuffleFinished" : -1,
      "sortFinished" : -1,
      "hdfsBytesRead" : 55308134,
      "hdfsBytesWritten" : -1,
      "fileBytesRead" : 7573520,
      "fileBytesWritten" : 11332997,
      "mapInputRecords" : 1297,
      "mapOutputBytes" : 76122884,
      "mapOutputRecords" : 5048193,
      "combineInputRecords" : 5217633,
      "reduceInputGroups" : -1,
      "reduceInputRecords" : -1,
      "reduceShuffleBytes" : -1,
      "reduceOutputRecords" : -1,
      "spilledRecords" : 378693,
      "mapInputBytes" : -1,
      "resourceUsageMetrics" : {
        "cumulativeCpuUsage" : 7090,
        "virtualMemoryUsage" : 402190336,
        "physicalMemoryUsage" : 224653312,
        "heapUsage" : 196345856
      }
    } ],
    "finishTime" : 1404925354970,
    "preferredLocations" : [ {
      "layers" : [ "default-rack", "Master2" ]
    }, {
      "layers" : [ "default-rack", "Slave22" ]
    }, {
      "layers" : [ "default-rack", "Slave21" ]
    } ],
    "taskType" : "MAP",
    "taskStatus" : "SUCCESS",
    "taskID" : "task_201407031554_1595_m_000027",
    "inputBytes" : 55308134,
    "inputRecords" : 1297,
    "outputBytes" : 11332997,
    "outputRecords" : 5048193
  }, {
    "startTime" : 1404925353765,
    "attempts" : [ {
      "location" : {
        "layers" : [ "default-rack", "Slave21" ]
      },
      "hostName" : "/default-rack/Slave21",
      "result" : "SUCCESS",
      "startTime" : 1404925345984,
      "finishTime" : 1404925351167,
      "attemptID" : "attempt_201407031554_1595_m_000028_0",
      "shuffleFinished" : -1,
      "sortFinished" : -1,
      "hdfsBytesRead" : 55307951,
      "hdfsBytesWritten" : -1,
      "fileBytesRead" : 6609267,
      "fileBytesWritten" : 9739341,
      "mapInputRecords" : 24260,
      "mapOutputBytes" : 76604278,
      "mapOutputRecords" : 5104992,
      "combineInputRecords" : 5274795,
      "reduceInputGroups" : -1,
      "reduceInputRecords" : -1,
      "reduceShuffleBytes" : -1,
      "reduceOutputRecords" : -1,
      "spilledRecords" : 378056,
      "mapInputBytes" : -1,
      "resourceUsageMetrics" : {
        "cumulativeCpuUsage" : 7820,
        "virtualMemoryUsage" : 399134720,
        "physicalMemoryUsage" : 222806016,
        "heapUsage" : 196608000
      }
    } ],
    "finishTime" : 1404925359186,
    "preferredLocations" : [ {
      "layers" : [ "default-rack", "Master2" ]
    }, {
      "layers" : [ "default-rack", "Slave23" ]
    }, {
      "layers" : [ "default-rack", "Slave21" ]
    } ],
    "taskType" : "MAP",
    "taskStatus" : "SUCCESS",
    "taskID" : "task_201407031554_1595_m_000028",
    "inputBytes" : 55307951,
    "inputRecords" : 24260,
    "outputBytes" : 9739341,
    "outputRecords" : 5104992
  }, {
    "startTime" : 1404925353982,
    "attempts" : [ {
      "location" : {
        "layers" : [ "default-rack", "Slave23" ]
      },
      "hostName" : "/default-rack/Slave23",
      "result" : "SUCCESS",
      "startTime" : 1404925356588,
      "finishTime" : 1404925362336,
      "attemptID" : "attempt_201407031554_1595_m_000029_0",
      "shuffleFinished" : -1,
      "sortFinished" : -1,
      "hdfsBytesRead" : 55307562,
      "hdfsBytesWritten" : -1,
      "fileBytesRead" : 7631273,
      "fileBytesWritten" : 11441784,
      "mapInputRecords" : 1353,
      "mapOutputBytes" : 76333513,
      "mapOutputRecords" : 5060079,
      "combineInputRecords" : 5229691,
      "reduceInputGroups" : -1,
      "reduceInputRecords" : -1,
      "reduceShuffleBytes" : -1,
      "reduceOutputRecords" : -1,
      "spilledRecords" : 378551,
      "mapInputBytes" : -1,
      "resourceUsageMetrics" : {
        "cumulativeCpuUsage" : 9420,
        "virtualMemoryUsage" : 395919360,
        "physicalMemoryUsage" : 219602944,
        "heapUsage" : 193200128
      }
    } ],
    "finishTime" : 1404925360000,
    "preferredLocations" : [ {
      "layers" : [ "default-rack", "Master2" ]
    }, {
      "layers" : [ "default-rack", "Slave23" ]
    }, {
      "layers" : [ "default-rack", "Slave22" ]
    } ],
    "taskType" : "MAP",
    "taskStatus" : "SUCCESS",
    "taskID" : "task_201407031554_1595_m_000029",
    "inputBytes" : 55307562,
    "inputRecords" : 1353,
    "outputBytes" : 11441784,
    "outputRecords" : 5060079
  }, {
    "startTime" : 1404925354398,
    "attempts" : [ {
      "location" : {
        "layers" : [ "default-rack", "Slave22" ]
      },
      "hostName" : "/default-rack/Slave22",
      "result" : "SUCCESS",
      "startTime" : 1404925341708,
      "finishTime" : 1404925347428,
      "attemptID" : "attempt_201407031554_1595_m_000030_0",
      "shuffleFinished" : -1,
      "sortFinished" : -1,
      "hdfsBytesRead" : 55307411,
      "hdfsBytesWritten" : -1,
      "fileBytesRead" : 7935399,
      "fileBytesWritten" : 11895079,
      "mapInputRecords" : 1341,
      "mapOutputBytes" : 76466150,
      "mapOutputRecords" : 5057246,
      "combineInputRecords" : 5226560,
      "reduceInputGroups" : -1,
      "reduceInputRecords" : -1,
      "reduceShuffleBytes" : -1,
      "reduceOutputRecords" : -1,
      "spilledRecords" : 378209,
      "mapInputBytes" : -1,
      "resourceUsageMetrics" : {
        "cumulativeCpuUsage" : 9490,
        "virtualMemoryUsage" : 400760832,
        "physicalMemoryUsage" : 197287936,
        "heapUsage" : 189530112
      }
    } ],
    "finishTime" : 1404925360133,
    "preferredLocations" : [ {
      "layers" : [ "default-rack", "Master2" ]
    }, {
      "layers" : [ "default-rack", "Slave22" ]
    }, {
      "layers" : [ "default-rack", "Slave23" ]
    } ],
    "taskType" : "MAP",
    "taskStatus" : "SUCCESS",
    "taskID" : "task_201407031554_1595_m_000030",
    "inputBytes" : 55307411,
    "inputRecords" : 1341,
    "outputBytes" : 11895079,
    "outputRecords" : 5057246
  }, {
    "startTime" : 1404925354970,
    "attempts" : [ {
      "location" : {
        "layers" : [ "default-rack", "Slave21" ]
      },
      "hostName" : "/default-rack/Slave21",
      "result" : "SUCCESS",
      "startTime" : 1404925347189,
      "finishTime" : 1404925351869,
      "attemptID" : "attempt_201407031554_1595_m_000031_0",
      "shuffleFinished" : -1,
      "sortFinished" : -1,
      "hdfsBytesRead" : 55307192,
      "hdfsBytesWritten" : -1,
      "fileBytesRead" : 7568446,
      "fileBytesWritten" : 11317116,
      "mapInputRecords" : 1343,
      "mapOutputBytes" : 76268192,
      "mapOutputRecords" : 5059155,
      "combineInputRecords" : 5228433,
      "reduceInputGroups" : -1,
      "reduceInputRecords" : -1,
      "reduceShuffleBytes" : -1,
      "reduceOutputRecords" : -1,
      "spilledRecords" : 378020,
      "mapInputBytes" : -1,
      "resourceUsageMetrics" : {
        "cumulativeCpuUsage" : 7140,
        "virtualMemoryUsage" : 402190336,
        "physicalMemoryUsage" : 227487744,
        "heapUsage" : 204210176
      }
    } ],
    "finishTime" : 1404925359789,
    "preferredLocations" : [ {
      "layers" : [ "default-rack", "Slave21" ]
    }, {
      "layers" : [ "default-rack", "Slave23" ]
    }, {
      "layers" : [ "default-rack", "Slave22" ]
    } ],
    "taskType" : "MAP",
    "taskStatus" : "SUCCESS",
    "taskID" : "task_201407031554_1595_m_000031",
    "inputBytes" : 55307192,
    "inputRecords" : 1343,
    "outputBytes" : 11317116,
    "outputRecords" : 5059155
  }, {
    "startTime" : 1404925359187,
    "attempts" : [ {
      "location" : {
        "layers" : [ "default-rack", "Slave21" ]
      },
      "hostName" : "/default-rack/Slave21",
      "result" : "SUCCESS",
      "startTime" : 1404925351406,
      "finishTime" : 1404925356345,
      "attemptID" : "attempt_201407031554_1595_m_000032_0",
      "shuffleFinished" : -1,
      "sortFinished" : -1,
      "hdfsBytesRead" : 55307172,
      "hdfsBytesWritten" : -1,
      "fileBytesRead" : 7720728,
      "fileBytesWritten" : 11539901,
      "mapInputRecords" : 1303,
      "mapOutputBytes" : 76372936,
      "mapOutputRecords" : 5059558,
      "combineInputRecords" : 5228695,
      "reduceInputGroups" : -1,
      "reduceInputRecords" : -1,
      "reduceShuffleBytes" : -1,
      "reduceOutputRecords" : -1,
      "spilledRecords" : 377904,
      "mapInputBytes" : -1,
      "resourceUsageMetrics" : {
        "cumulativeCpuUsage" : 7450,
        "virtualMemoryUsage" : 399134720,
        "physicalMemoryUsage" : 225808384,
        "heapUsage" : 198180864
      }
    } ],
    "finishTime" : 1404925364318,
    "preferredLocations" : [ {
      "layers" : [ "default-rack", "Slave23" ]
    }, {
      "layers" : [ "default-rack", "Slave21" ]
    }, {
      "layers" : [ "default-rack", "Slave22" ]
    } ],
    "taskType" : "MAP",
    "taskStatus" : "SUCCESS",
    "taskID" : "task_201407031554_1595_m_000032",
    "inputBytes" : 55307172,
    "inputRecords" : 1303,
    "outputBytes" : 11539901,
    "outputRecords" : 5059558
  }, {
    "startTime" : 1404925359229,
    "attempts" : [ {
      "location" : {
        "layers" : [ "default-rack", "Slave22" ]
      },
      "hostName" : "/default-rack/Slave22",
      "result" : "SUCCESS",
      "startTime" : 1404925346540,
      "finishTime" : 1404925352092,
      "attemptID" : "attempt_201407031554_1595_m_000033_0",
      "shuffleFinished" : -1,
      "sortFinished" : -1,
      "hdfsBytesRead" : 55307022,
      "hdfsBytesWritten" : -1,
      "fileBytesRead" : 6288608,
      "fileBytesWritten" : 9137731,
      "mapInputRecords" : 1330,
      "mapOutputBytes" : 76282797,
      "mapOutputRecords" : 5082741,
      "combineInputRecords" : 5252036,
      "reduceInputGroups" : -1,
      "reduceInputRecords" : -1,
      "reduceShuffleBytes" : -1,
      "reduceOutputRecords" : -1,
      "spilledRecords" : 376491,
      "mapInputBytes" : -1,
      "resourceUsageMetrics" : {
        "cumulativeCpuUsage" : 8870,
        "virtualMemoryUsage" : 398327808,
        "physicalMemoryUsage" : 212303872,
        "heapUsage" : 193200128
      }
    } ],
    "finishTime" : 1404925364950,
    "preferredLocations" : [ {
      "layers" : [ "default-rack", "Master2" ]
    }, {
      "layers" : [ "default-rack", "Slave22" ]
    }, {
      "layers" : [ "default-rack", "Slave23" ]
    } ],
    "taskType" : "MAP",
    "taskStatus" : "SUCCESS",
    "taskID" : "task_201407031554_1595_m_000033",
    "inputBytes" : 55307022,
    "inputRecords" : 1330,
    "outputBytes" : 9137731,
    "outputRecords" : 5082741
  }, {
    "startTime" : 1404925359398,
    "attempts" : [ {
      "location" : {
        "layers" : [ "default-rack", "Slave23" ]
      },
      "hostName" : "/default-rack/Slave23",
      "result" : "SUCCESS",
      "startTime" : 1404925362004,
      "finishTime" : 1404925367716,
      "attemptID" : "attempt_201407031554_1595_m_000035_0",
      "shuffleFinished" : -1,
      "sortFinished" : -1,
      "hdfsBytesRead" : 55304936,
      "hdfsBytesWritten" : -1,
      "fileBytesRead" : 7825587,
      "fileBytesWritten" : 11727212,
      "mapInputRecords" : 1365,
      "mapOutputBytes" : 76399192,
      "mapOutputRecords" : 5056270,
      "combineInputRecords" : 5225527,
      "reduceInputGroups" : -1,
      "reduceInputRecords" : -1,
      "reduceShuffleBytes" : -1,
      "reduceOutputRecords" : -1,
      "spilledRecords" : 378373,
      "mapInputBytes" : -1,
      "resourceUsageMetrics" : {
        "cumulativeCpuUsage" : 9400,
        "virtualMemoryUsage" : 399708160,
        "physicalMemoryUsage" : 203763712,
        "heapUsage" : 184025088
      }
    }, {
      "location" : null,
      "hostName" : null,
      "result" : "KILLED",
      "startTime" : 1404925356537,
      "finishTime" : 1404925359604,
      "attemptID" : "attempt_201407031554_1595_m_000035_1",
      "shuffleFinished" : -1,
      "sortFinished" : -1,
      "hdfsBytesRead" : -1,
      "hdfsBytesWritten" : -1,
      "fileBytesRead" : -1,
      "fileBytesWritten" : -1,
      "mapInputRecords" : -1,
      "mapOutputBytes" : -1,
      "mapOutputRecords" : -1,
      "combineInputRecords" : -1,
      "reduceInputGroups" : -1,
      "reduceInputRecords" : -1,
      "reduceShuffleBytes" : -1,
      "reduceOutputRecords" : -1,
      "spilledRecords" : -1,
      "mapInputBytes" : -1,
      "resourceUsageMetrics" : {
        "cumulativeCpuUsage" : 0,
        "virtualMemoryUsage" : 0,
        "physicalMemoryUsage" : 0,
        "heapUsage" : 0
      }
    } ],
    "finishTime" : 1404925365113,
    "preferredLocations" : [ {
      "layers" : [ "default-rack", "Master2" ]
    }, {
      "layers" : [ "default-rack", "Slave23" ]
    }, {
      "layers" : [ "default-rack", "Slave21" ]
    } ],
    "taskType" : "MAP",
    "taskStatus" : "SUCCESS",
    "taskID" : "task_201407031554_1595_m_000035",
    "inputBytes" : 55304936,
    "inputRecords" : 1365,
    "outputBytes" : 11727212,
    "outputRecords" : 5056270
  }, {
    "startTime" : 1404925359790,
    "attempts" : [ {
      "location" : {
        "layers" : [ "default-rack", "Slave21" ]
      },
      "hostName" : "/default-rack/Slave21",
      "result" : "SUCCESS",
      "startTime" : 1404925352008,
      "finishTime" : 1404925356880,
      "attemptID" : "attempt_201407031554_1595_m_000034_0",
      "shuffleFinished" : -1,
      "sortFinished" : -1,
      "hdfsBytesRead" : 55306610,
      "hdfsBytesWritten" : -1,
      "fileBytesRead" : 7711398,
      "fileBytesWritten" : 11561032,
      "mapInputRecords" : 1340,
      "mapOutputBytes" : 76347343,
      "mapOutputRecords" : 5057536,
      "combineInputRecords" : 5227067,
      "reduceInputGroups" : -1,
      "reduceInputRecords" : -1,
      "reduceShuffleBytes" : -1,
      "reduceOutputRecords" : -1,
      "spilledRecords" : 378518,
      "mapInputBytes" : -1,
      "resourceUsageMetrics" : {
        "cumulativeCpuUsage" : 7230,
        "virtualMemoryUsage" : 402190336,
        "physicalMemoryUsage" : 228646912,
        "heapUsage" : 204472320
      }
    } ],
    "finishTime" : 1404925364920,
    "preferredLocations" : [ {
      "layers" : [ "default-rack", "Master2" ]
    }, {
      "layers" : [ "default-rack", "Slave22" ]
    }, {
      "layers" : [ "default-rack", "Slave21" ]
    } ],
    "taskType" : "MAP",
    "taskStatus" : "SUCCESS",
    "taskID" : "task_201407031554_1595_m_000034",
    "inputBytes" : 55306610,
    "inputRecords" : 1340,
    "outputBytes" : 11561032,
    "outputRecords" : 5057536
  }, {
    "startTime" : 1404925360001,
    "attempts" : [ {
      "location" : {
        "layers" : [ "default-rack", "Slave23" ]
      },
      "hostName" : "/default-rack/Slave23",
      "result" : "SUCCESS",
      "startTime" : 1404925362606,
      "finishTime" : 1404925368320,
      "attemptID" : "attempt_201407031554_1595_m_000036_0",
      "shuffleFinished" : -1,
      "sortFinished" : -1,
      "hdfsBytesRead" : 55304933,
      "hdfsBytesWritten" : -1,
      "fileBytesRead" : 6680636,
      "fileBytesWritten" : 9847210,
      "mapInputRecords" : 47228,
      "mapOutputBytes" : 76378990,
      "mapOutputRecords" : 5106421,
      "combineInputRecords" : 5276198,
      "reduceInputGroups" : -1,
      "reduceInputRecords" : -1,
      "reduceShuffleBytes" : -1,
      "reduceOutputRecords" : -1,
      "spilledRecords" : 378021,
      "mapInputBytes" : -1,
      "resourceUsageMetrics" : {
        "cumulativeCpuUsage" : 9890,
        "virtualMemoryUsage" : 395919360,
        "physicalMemoryUsage" : 218976256,
        "heapUsage" : 193462272
      }
    }, {
      "location" : null,
      "hostName" : null,
      "result" : "KILLED",
      "startTime" : 1404925357141,
      "finishTime" : 1404925354237,
      "attemptID" : "attempt_201407031554_1595_m_000036_1",
      "shuffleFinished" : -1,
      "sortFinished" : -1,
      "hdfsBytesRead" : -1,
      "hdfsBytesWritten" : -1,
      "fileBytesRead" : -1,
      "fileBytesWritten" : -1,
      "mapInputRecords" : -1,
      "mapOutputBytes" : -1,
      "mapOutputRecords" : -1,
      "combineInputRecords" : -1,
      "reduceInputGroups" : -1,
      "reduceInputRecords" : -1,
      "reduceShuffleBytes" : -1,
      "reduceOutputRecords" : -1,
      "spilledRecords" : -1,
      "mapInputBytes" : -1,
      "resourceUsageMetrics" : {
        "cumulativeCpuUsage" : 0,
        "virtualMemoryUsage" : 0,
        "physicalMemoryUsage" : 0,
        "heapUsage" : 0
      }
    } ],
    "finishTime" : 1404925366017,
    "preferredLocations" : [ {
      "layers" : [ "default-rack", "Master2" ]
    }, {
      "layers" : [ "default-rack", "Slave21" ]
    }, {
      "layers" : [ "default-rack", "Slave23" ]
    } ],
    "taskType" : "MAP",
    "taskStatus" : "SUCCESS",
    "taskID" : "task_201407031554_1595_m_000036",
    "inputBytes" : 55304933,
    "inputRecords" : 47228,
    "outputBytes" : 9847210,
    "outputRecords" : 5106421
  }, {
    "startTime" : 1404925360133,
    "attempts" : [ {
      "location" : {
        "layers" : [ "default-rack", "Slave22" ]
      },
      "hostName" : "/default-rack/Slave22",
      "result" : "SUCCESS",
      "startTime" : 1404925347443,
      "finishTime" : 1404925352691,
      "attemptID" : "attempt_201407031554_1595_m_000039_0",
      "shuffleFinished" : -1,
      "sortFinished" : -1,
      "hdfsBytesRead" : 55303550,
      "hdfsBytesWritten" : -1,
      "fileBytesRead" : 7576777,
      "fileBytesWritten" : 11341445,
      "mapInputRecords" : 1364,
      "mapOutputBytes" : 76282562,
      "mapOutputRecords" : 5060255,
      "combineInputRecords" : 5229878,
      "reduceInputGroups" : -1,
      "reduceInputRecords" : -1,
      "reduceShuffleBytes" : -1,
      "reduceOutputRecords" : -1,
      "spilledRecords" : 378751,
      "mapInputBytes" : -1,
      "resourceUsageMetrics" : {
        "cumulativeCpuUsage" : 7890,
        "virtualMemoryUsage" : 400760832,
        "physicalMemoryUsage" : 211976192,
        "heapUsage" : 189530112
      }
    } ],
    "finishTime" : 1404925365552,
    "preferredLocations" : [ {
      "layers" : [ "default-rack", "Master2" ]
    }, {
      "layers" : [ "default-rack", "Slave22" ]
    }, {
      "layers" : [ "default-rack", "Slave21" ]
    } ],
    "taskType" : "MAP",
    "taskStatus" : "SUCCESS",
    "taskID" : "task_201407031554_1595_m_000039",
    "inputBytes" : 55303550,
    "inputRecords" : 1364,
    "outputBytes" : 11341445,
    "outputRecords" : 5060255
  }, {
    "startTime" : 1404925360648,
    "attempts" : [ {
      "location" : {
        "layers" : [ "default-rack", "Master2" ]
      },
      "hostName" : "/default-rack/Master2",
      "result" : "SUCCESS",
      "startTime" : 1404925360649,
      "finishTime" : 1404925366496,
      "attemptID" : "attempt_201407031554_1595_m_000037_0",
      "shuffleFinished" : -1,
      "sortFinished" : -1,
      "hdfsBytesRead" : 55303858,
      "hdfsBytesWritten" : -1,
      "fileBytesRead" : 6741396,
      "fileBytesWritten" : 9909210,
      "mapInputRecords" : 1309,
      "mapOutputBytes" : 76260074,
      "mapOutputRecords" : 5070089,
      "combineInputRecords" : 5239551,
      "reduceInputGroups" : -1,
      "reduceInputRecords" : -1,
      "reduceShuffleBytes" : -1,
      "reduceOutputRecords" : -1,
      "spilledRecords" : 378276,
      "mapInputBytes" : -1,
      "resourceUsageMetrics" : {
        "cumulativeCpuUsage" : 9100,
        "virtualMemoryUsage" : 400560128,
        "physicalMemoryUsage" : 191397888,
        "heapUsage" : 182190080
      }
    }, {
      "location" : null,
      "hostName" : null,
      "result" : "KILLED",
      "startTime" : 1404925352260,
      "finishTime" : 1404925355312,
      "attemptID" : "attempt_201407031554_1595_m_000037_1",
      "shuffleFinished" : -1,
      "sortFinished" : -1,
      "hdfsBytesRead" : -1,
      "hdfsBytesWritten" : -1,
      "fileBytesRead" : -1,
      "fileBytesWritten" : -1,
      "mapInputRecords" : -1,
      "mapOutputBytes" : -1,
      "mapOutputRecords" : -1,
      "combineInputRecords" : -1,
      "reduceInputGroups" : -1,
      "reduceInputRecords" : -1,
      "reduceShuffleBytes" : -1,
      "reduceOutputRecords" : -1,
      "spilledRecords" : -1,
      "mapInputBytes" : -1,
      "resourceUsageMetrics" : {
        "cumulativeCpuUsage" : 0,
        "virtualMemoryUsage" : 0,
        "physicalMemoryUsage" : 0,
        "heapUsage" : 0
      }
    } ],
    "finishTime" : 1404925366668,
    "preferredLocations" : [ {
      "layers" : [ "default-rack", "Master2" ]
    }, {
      "layers" : [ "default-rack", "Slave23" ]
    }, {
      "layers" : [ "default-rack", "Slave21" ]
    } ],
    "taskType" : "MAP",
    "taskStatus" : "SUCCESS",
    "taskID" : "task_201407031554_1595_m_000037",
    "inputBytes" : 55303858,
    "inputRecords" : 1309,
    "outputBytes" : 9909210,
    "outputRecords" : 5070089
  }, {
    "startTime" : 1404925361250,
    "attempts" : [ {
      "location" : {
        "layers" : [ "default-rack", "Master2" ]
      },
      "hostName" : "/default-rack/Master2",
      "result" : "SUCCESS",
      "startTime" : 1404925361254,
      "finishTime" : 1404925366376,
      "attemptID" : "attempt_201407031554_1595_m_000038_0",
      "shuffleFinished" : -1,
      "sortFinished" : -1,
      "hdfsBytesRead" : 55303820,
      "hdfsBytesWritten" : -1,
      "fileBytesRead" : 6540444,
      "fileBytesWritten" : 9629874,
      "mapInputRecords" : 1328,
      "mapOutputBytes" : 76391465,
      "mapOutputRecords" : 5079251,
      "combineInputRecords" : 5248682,
      "reduceInputGroups" : -1,
      "reduceInputRecords" : -1,
      "reduceShuffleBytes" : -1,
      "reduceOutputRecords" : -1,
      "spilledRecords" : 378008,
      "mapInputBytes" : -1,
      "resourceUsageMetrics" : {
        "cumulativeCpuUsage" : 8420,
        "virtualMemoryUsage" : 397688832,
        "physicalMemoryUsage" : 210055168,
        "heapUsage" : 194772992
      }
    }, {
      "location" : null,
      "hostName" : null,
      "result" : "KILLED",
      "startTime" : 1404925368624,
      "finishTime" : 1404925370434,
      "attemptID" : "attempt_201407031554_1595_m_000038_1",
      "shuffleFinished" : -1,
      "sortFinished" : -1,
      "hdfsBytesRead" : -1,
      "hdfsBytesWritten" : -1,
      "fileBytesRead" : -1,
      "fileBytesWritten" : -1,
      "mapInputRecords" : -1,
      "mapOutputBytes" : -1,
      "mapOutputRecords" : -1,
      "combineInputRecords" : -1,
      "reduceInputGroups" : -1,
      "reduceInputRecords" : -1,
      "reduceShuffleBytes" : -1,
      "reduceOutputRecords" : -1,
      "spilledRecords" : -1,
      "mapInputBytes" : -1,
      "resourceUsageMetrics" : {
        "cumulativeCpuUsage" : 0,
        "virtualMemoryUsage" : 0,
        "physicalMemoryUsage" : 0,
        "heapUsage" : 0
      }
    } ],
    "finishTime" : 1404925366669,
    "preferredLocations" : [ {
      "layers" : [ "default-rack", "Master2" ]
    }, {
      "layers" : [ "default-rack", "Slave23" ]
    }, {
      "layers" : [ "default-rack", "Slave21" ]
    } ],
    "taskType" : "MAP",
    "taskStatus" : "SUCCESS",
    "taskID" : "task_201407031554_1595_m_000038",
    "inputBytes" : 55303820,
    "inputRecords" : 1328,
    "outputBytes" : 9629874,
    "outputRecords" : 5079251
  } ],
  "finishTime" : 1404925376268,
  "reduceTasks" : [ {
    "startTime" : 1404925321780,
    "attempts" : [ {
      "location" : {
        "layers" : [ "default-rack", "Slave23" ]
      },
      "hostName" : "/default-rack/Slave23",
      "result" : "SUCCESS",
      "startTime" : 1404925324386,
      "finishTime" : 1404925377532,
      "attemptID" : "attempt_201407031554_1595_r_000000_0",
      "shuffleFinished" : 1404925372336,
      "sortFinished" : 1404925372578,
      "hdfsBytesRead" : -1,
      "hdfsBytesWritten" : 6171963,
      "fileBytesRead" : -1,
      "fileBytesWritten" : 58926,
      "mapInputRecords" : -1,
      "mapOutputBytes" : -1,
      "mapOutputRecords" : -1,
      "combineInputRecords" : 0,
      "reduceInputGroups" : 1074270,
      "reduceInputRecords" : 2066074,
      "reduceShuffleBytes" : 62596639,
      "reduceOutputRecords" : 1074270,
      "spilledRecords" : 0,
      "mapInputBytes" : -1,
      "resourceUsageMetrics" : {
        "cumulativeCpuUsage" : 6900,
        "virtualMemoryUsage" : 946126848,
        "physicalMemoryUsage" : 219545600,
        "heapUsage" : 270008320
      }
    } ],
    "finishTime" : 1404925375059,
    "preferredLocations" : [ ],
    "taskType" : "REDUCE",
    "taskStatus" : "SUCCESS",
    "taskID" : "task_201407031554_1595_r_000000",
    "inputBytes" : 62596639,
    "inputRecords" : 2066074,
    "outputBytes" : 6171963,
    "outputRecords" : 1074270
  }, {
    "startTime" : 1404925321821,
    "attempts" : [ {
      "location" : {
        "layers" : [ "default-rack", "Slave21" ]
      },
      "hostName" : "/default-rack/Slave21",
      "result" : "SUCCESS",
      "startTime" : 1404925314040,
      "finishTime" : 1404925367126,
      "attemptID" : "attempt_201407031554_1595_r_000001_0",
      "shuffleFinished" : 1404925361930,
      "sortFinished" : 1404925362179,
      "hdfsBytesRead" : -1,
      "hdfsBytesWritten" : 6183202,
      "fileBytesRead" : -1,
      "fileBytesWritten" : 58926,
      "mapInputRecords" : -1,
      "mapOutputBytes" : -1,
      "mapOutputRecords" : -1,
      "combineInputRecords" : 0,
      "reduceInputGroups" : 1076094,
      "reduceInputRecords" : 2070461,
      "reduceShuffleBytes" : 62726221,
      "reduceOutputRecords" : 1076094,
      "spilledRecords" : 0,
      "mapInputBytes" : -1,
      "resourceUsageMetrics" : {
        "cumulativeCpuUsage" : 7180,
        "virtualMemoryUsage" : 944996352,
        "physicalMemoryUsage" : 225226752,
        "heapUsage" : 189267968
      }
    } ],
    "finishTime" : 1404925375163,
    "preferredLocations" : [ ],
    "taskType" : "REDUCE",
    "taskStatus" : "SUCCESS",
    "taskID" : "task_201407031554_1595_r_000001",
    "inputBytes" : 62726221,
    "inputRecords" : 2070461,
    "outputBytes" : 6183202,
    "outputRecords" : 1076094
  }, {
    "startTime" : 1404925321856,
    "attempts" : [ {
      "location" : {
        "layers" : [ "default-rack", "Slave22" ]
      },
      "hostName" : "/default-rack/Slave22",
      "result" : "SUCCESS",
      "startTime" : 1404925309167,
      "finishTime" : 1404925362228,
      "attemptID" : "attempt_201407031554_1595_r_000002_0",
      "shuffleFinished" : 1404925356999,
      "sortFinished" : 1404925357255,
      "hdfsBytesRead" : -1,
      "hdfsBytesWritten" : 6182273,
      "fileBytesRead" : -1,
      "fileBytesWritten" : 58926,
      "mapInputRecords" : -1,
      "mapOutputBytes" : -1,
      "mapOutputRecords" : -1,
      "combineInputRecords" : 0,
      "reduceInputGroups" : 1075854,
      "reduceInputRecords" : 2066290,
      "reduceShuffleBytes" : 62656416,
      "reduceOutputRecords" : 1075854,
      "spilledRecords" : 0,
      "mapInputBytes" : -1,
      "resourceUsageMetrics" : {
        "cumulativeCpuUsage" : 6850,
        "virtualMemoryUsage" : 945889280,
        "physicalMemoryUsage" : 162795520,
        "heapUsage" : 157286400
      }
    } ],
    "finishTime" : 1404925375196,
    "preferredLocations" : [ ],
    "taskType" : "REDUCE",
    "taskStatus" : "SUCCESS",
    "taskID" : "task_201407031554_1595_r_000002",
    "inputBytes" : 62656416,
    "inputRecords" : 2066290,
    "outputBytes" : 6182273,
    "outputRecords" : 1075854
  }, {
    "startTime" : 1404925322005,
    "attempts" : [ {
      "location" : {
        "layers" : [ "default-rack", "Master2" ]
      },
      "hostName" : "/default-rack/Master2",
      "result" : "SUCCESS",
      "startTime" : 1404925322006,
      "finishTime" : 1404925373884,
      "attemptID" : "attempt_201407031554_1595_r_000003_0",
      "shuffleFinished" : 1404925368806,
      "sortFinished" : 1404925369070,
      "hdfsBytesRead" : -1,
      "hdfsBytesWritten" : 6185538,
      "fileBytesRead" : -1,
      "fileBytesWritten" : 58926,
      "mapInputRecords" : -1,
      "mapOutputBytes" : -1,
      "mapOutputRecords" : -1,
      "combineInputRecords" : 0,
      "reduceInputGroups" : 1076153,
      "reduceInputRecords" : 2067969,
      "reduceShuffleBytes" : 62674974,
      "reduceOutputRecords" : 1076153,
      "spilledRecords" : 0,
      "mapInputBytes" : -1,
      "resourceUsageMetrics" : {
        "cumulativeCpuUsage" : 7070,
        "virtualMemoryUsage" : 945897472,
        "physicalMemoryUsage" : 240508928,
        "heapUsage" : 206569472
      }
    } ],
    "finishTime" : 1404925373902,
    "preferredLocations" : [ ],
    "taskType" : "REDUCE",
    "taskStatus" : "SUCCESS",
    "taskID" : "task_201407031554_1595_r_000003",
    "inputBytes" : 62674974,
    "inputRecords" : 2067969,
    "outputBytes" : 6185538,
    "outputRecords" : 1076153
  }, {
    "startTime" : 1404925322081,
    "attempts" : [ {
      "location" : {
        "layers" : [ "default-rack", "Slave23" ]
      },
      "hostName" : "/default-rack/Slave23",
      "result" : "SUCCESS",
      "startTime" : 1404925324687,
      "finishTime" : 1404925377808,
      "attemptID" : "attempt_201407031554_1595_r_000004_0",
      "shuffleFinished" : 1404925372731,
      "sortFinished" : 1404925373023,
      "hdfsBytesRead" : -1,
      "hdfsBytesWritten" : 6178213,
      "fileBytesRead" : -1,
      "fileBytesWritten" : 58926,
      "mapInputRecords" : -1,
      "mapOutputBytes" : -1,
      "mapOutputRecords" : -1,
      "combineInputRecords" : 0,
      "reduceInputGroups" : 1075009,
      "reduceInputRecords" : 2069187,
      "reduceShuffleBytes" : 62734086,
      "reduceOutputRecords" : 1075009,
      "spilledRecords" : 0,
      "mapInputBytes" : -1,
      "resourceUsageMetrics" : {
        "cumulativeCpuUsage" : 7150,
        "virtualMemoryUsage" : 943648768,
        "physicalMemoryUsage" : 198782976,
        "heapUsage" : 190578688
      }
    } ],
    "finishTime" : 1404925375360,
    "preferredLocations" : [ ],
    "taskType" : "REDUCE",
    "taskStatus" : "SUCCESS",
    "taskID" : "task_201407031554_1595_r_000004",
    "inputBytes" : 62734086,
    "inputRecords" : 2069187,
    "outputBytes" : 6178213,
    "outputRecords" : 1075009
  } ],
  "queue" : "default",
  "jobProperties" : {
    "fs.s3n.impl" : "org.apache.hadoop.fs.s3native.NativeS3FileSystem",
    "mapred.task.cache.levels" : "2",
    "mapreduce.job.restart.recover" : "true",
    "mapreduce.job.counters.max" : "120",
    "dfs.client.use.datanode.hostname" : "false",
    "hadoop.tmp.dir" : "/tmp/hadoop-${user.name}",
    "hadoop.native.lib" : "true",
    "map.sort.class" : "org.apache.hadoop.util.QuickSort",
    "dfs.namenode.decommission.nodes.per.interval" : "5",
    "dfs.https.need.client.auth" : "false",
    "dfs.datanode.drop.cache.behind.writes" : "false",
    "ipc.client.idlethreshold" : "4000",
    "mapred.system.dir" : "${hadoop.tmp.dir}/mapred/system",
    "dfs.datanode.data.dir.perm" : "755",
    "mapred.job.tracker.persist.jobstatus.hours" : "0",
    "dfs.namenode.logging.level" : "info",
    "dfs.datanode.address" : "0.0.0.0:50010",
    "io.skip.checksum.errors" : "false",
    "dfs.block.access.token.enable" : "false",
    "fs.default.name" : "hdfs://Master2:9000",
    "mapred.cluster.reduce.memory.mb" : "-1",
    "mapred.reducer.new-api" : "true",
    "mapred.child.tmp" : "./tmp",
    "fs.har.impl.disable.cache" : "true",
    "dfs.safemode.threshold.pct" : "0.999f",
    "mapred.skip.reduce.max.skip.groups" : "0",
    "mapred.heartbeats.in.second" : "100",
    "dfs.namenode.handler.count" : "10",
    "dfs.blockreport.initialDelay" : "0",
    "mapred.tasktracker.dns.nameserver" : "default",
    "io.sort.factor" : "10",
    "dfs.datanode.drop.cache.behind.reads" : "false",
    "mapred.task.timeout" : "600000",
    "mapred.max.tracker.failures" : "4",
    "hadoop.rpc.socket.factory.class.default" : "org.apache.hadoop.net.StandardSocketFactory",
    "mapred.job.tracker.jobhistory.lru.cache.size" : "5",
    "fs.hdfs.impl" : "org.apache.hadoop.hdfs.DistributedFileSystem",
    "mapred.queue.default.acl-administer-jobs" : "*",
    "dfs.namenode.stale.datanode.interval" : "30000",
    "mapred.output.key.class" : "org.apache.hadoop.io.Text",
    "dfs.block.access.key.update.interval" : "600",
    "mapred.skip.map.auto.incr.proc.count" : "true",
    "mapreduce.job.complete.cancel.delegation.tokens" : "true",
    "io.mapfile.bloom.size" : "1048576",
    "mapreduce.reduce.shuffle.connect.timeout" : "180000",
    "dfs.safemode.extension" : "30000",
    "mapred.jobtracker.blacklist.fault-timeout-window" : "180",
    "dfs.namenode.write.stale.datanode.ratio" : "0.5f",
    "hadoop.skip.worker.version.check" : "false",
    "tasktracker.http.threads" : "40",
    "net.topology.impl" : "org.apache.hadoop.net.NetworkTopology",
    "mapred.job.shuffle.merge.percent" : "0.6",
    "fs.ftp.impl" : "org.apache.hadoop.fs.ftp.FTPFileSystem",
    "user.name" : "itri-hadoop",
    "dfs.namenode.kerberos.internal.spnego.principal" : "${dfs.web.authentication.kerberos.principal}",
    "mapred.output.compress" : "true",
    "io.bytes.per.checksum" : "512",
    "mapred.combine.recordsBeforeProgress" : "10000",
    "mapred.healthChecker.script.timeout" : "600000",
    "topology.node.switch.mapping.impl" : "org.apache.hadoop.net.ScriptBasedMapping",
    "dfs.https.server.keystore.resource" : "ssl-server.xml",
    "mapred.reduce.slowstart.completed.maps" : "0.03",
    "mapred.reduce.max.attempts" : "4",
    "dfs.namenode.safemode.min.datanodes" : "0",
    "mapreduce.ifile.readahead.bytes" : "4194304",
    "fs.ramfs.impl" : "org.apache.hadoop.fs.InMemoryFileSystem",
    "dfs.block.access.token.lifetime" : "600",
    "mapred.skip.map.max.skip.records" : "0",
    "dfs.name.edits.dir" : "${dfs.name.dir}",
    "mapred.cluster.map.memory.mb" : "-1",
    "hadoop.security.group.mapping" : "org.apache.hadoop.security.ShellBasedUnixGroupsMapping",
    "mapred.job.tracker.persist.jobstatus.dir" : "/jobtracker/jobsInfo",
    "mapred.jar" : "hdfs://Master2:9000/tmp/hadoop-itri-hadoop/mapred/staging/itri-hadoop/.staging/job_201407031554_1595/job.jar",
    "fs.s3.buffer.dir" : "${hadoop.tmp.dir}/s3",
    "dfs.block.size" : "67108864",
    "job.end.retry.attempts" : "0",
    "fs.file.impl" : "org.apache.hadoop.fs.LocalFileSystem",
    "dfs.namenode.avoid.write.stale.datanode" : "false",
    "dfs.datanode.max.xcievers" : "4096",
    "mapred.local.dir.minspacestart" : "0",
    "mapred.output.compression.type" : "RECORD",
    "dfs.datanode.ipc.address" : "0.0.0.0:50020",
    "dfs.permissions" : "true",
    "topology.script.number.args" : "100",
    "mapreduce.job.counters.groups.max" : "50",
    "io.mapfile.bloom.error.rate" : "0.005",
    "mapred.cluster.max.reduce.memory.mb" : "-1",
    "mapred.max.tracker.blacklists" : "4",
    "mapred.task.profile.maps" : "0-2",
    "mapred.jobtracker.jobSchedulable" : "org.apache.hadoop.mapred.JobSchedulable",
    "dfs.datanode.https.address" : "0.0.0.0:50475",
    "mapred.userlog.retain.hours" : "24",
    "dfs.secondary.http.address" : "0.0.0.0:50090",
    "dfs.namenode.replication.work.multiplier.per.iteration" : "2",
    "dfs.replication.max" : "512",
    "mapred.job.tracker.persist.jobstatus.active" : "false",
    "hadoop.security.authorization" : "false",
    "local.cache.size" : "10737418240",
    "mapred.min.split.size" : "201326592",
    "dfs.namenode.delegation.token.renew-interval" : "86400000",
    "mapred.map.tasks" : "40",
    "mapred.child.java.opts" : "-Xmx200m",
    "mapred.output.value.class" : "org.apache.hadoop.io.IntWritable",
    "dfs.https.client.keystore.resource" : "ssl-client.xml",
    "ipc.client.fallback-to-simple-auth-allowed" : "false",
    "mapred.job.queue.name" : "default",
    "mapred.job.tracker.retiredjobs.cache.size" : "1000",
    "dfs.https.address" : "0.0.0.0:50470",
    "dfs.balance.bandwidthPerSec" : "1048576",
    "ipc.server.listen.queue.size" : "128",
    "dfs.namenode.invalidate.work.pct.per.iteration" : "0.32f",
    "mapred.inmem.merge.threshold" : "1100",
    "job.end.retry.interval" : "30000",
    "mapred.skip.attempts.to.start.skipping" : "2",
    "mapreduce.tasktracker.outofband.heartbeat.damper" : "1000000",
    "hadoop.security.use-weak-http-crypto" : "false",
    "fs.checkpoint.dir" : "${hadoop.tmp.dir}/dfs/namesecondary",
    "dfs.namenode.avoid.read.stale.datanode" : "false",
    "mapred.reduce.tasks" : "5",
    "mapred.merge.recordsBeforeProgress" : "10000",
    "mapred.userlog.limit.kb" : "0",
    "mapred.job.reduce.memory.mb" : "-1",
    "webinterface.private.actions" : "false",
    "dfs.max.objects" : "0",
    "hadoop.security.token.service.use_ip" : "true",
    "io.sort.spill.percent" : "0.5",
    "mapred.job.shuffle.input.buffer.percent" : "0.5",
    "mapred.map.tasks.speculative.execution" : "true",
    "hadoop.http.authentication.type" : "simple",
    "mapred.job.name" : "word count",
    "hadoop.util.hash.type" : "murmur",
    "dfs.datanode.dns.nameserver" : "default",
    "hadoop.security.instrumentation.requires.admin" : "false",
    "dfs.blockreport.intervalMsec" : "3600000",
    "dfs.datanode.readahead.bytes" : "4193404",
    "mapred.map.max.attempts" : "4",
    "mapreduce.job.acl-view-job" : " ",
    "mapreduce.ifile.readahead" : "true",
    "mapred.jobtracker.nodegroup.aware" : "false",
    "mapred.job.tracker.handler.count" : "10",
    "dfs.client.block.write.retries" : "3",
    "mapreduce.reduce.shuffle.read.timeout" : "180000",
    "mapred.tasktracker.expiry.interval" : "600000",
    "dfs.secondary.namenode.kerberos.internal.spnego.principal" : "${dfs.web.authentication.kerberos.principal}",
    "dfs.https.enable" : "false",
    "mapred.jobtracker.job.history.block.size" : "3145728",
    "mapred.jobtracker.maxtasks.per.job" : "-1",
    "keep.failed.task.files" : "false",
    "dfs.datanode.use.datanode.hostname" : "false",
    "dfs.datanode.failed.volumes.tolerated" : "0",
    "ipc.client.tcpnodelay" : "false",
    "mapred.task.profile.reduces" : "0-2",
    "io.map.index.skip" : "0",
    "mapred.output.compression.codec" : "org.apache.hadoop.io.compress.DefaultCodec",
    "hadoop.http.authentication.token.validity" : "36000",
    "ipc.server.tcpnodelay" : "false",
    "hadoop.jetty.logs.serve.aliases" : "true",
    "mapred.working.dir" : "hdfs://Master2:9000/user/itri-hadoop",
    "mapred.jobtracker.blacklist.fault-bucket-width" : "15",
    "dfs.namenode.delegation.key.update-interval" : "86400000",
    "mapred.used.genericoptionsparser" : "true",
    "mapred.job.map.memory.mb" : "-1",
    "mapred.mapper.new-api" : "true",
    "dfs.default.chunk.view.size" : "32768",
    "hadoop.logfile.size" : "10000000",
    "mapred.reduce.tasks.speculative.execution" : "true",
    "mapreduce.tasktracker.outofband.heartbeat" : "false",
    "mapreduce.job.dir" : "hdfs://Master2:9000/tmp/hadoop-itri-hadoop/mapred/staging/itri-hadoop/.staging/job_201407031554_1595",
    "mapreduce.reduce.input.limit" : "-1",
    "dfs.datanode.du.reserved" : "0",
    "dfs.datanode.sync.behind.writes" : "false",
    "hadoop.security.authentication" : "simple",
    "fs.checkpoint.period" : "3600",
    "mapred.job.reuse.jvm.num.tasks" : "8",
    "dfs.web.ugi" : "webuser,webgroup",
    "mapred.jobtracker.completeuserjobs.maximum" : "100",
    "dfs.df.interval" : "60000",
    "mapred.task.tracker.task-controller" : "org.apache.hadoop.mapred.DefaultTaskController",
    "dfs.data.dir" : "${hadoop.tmp.dir}/dfs/data",
    "fs.s3.maxRetries" : "4",
    "dfs.datanode.dns.interface" : "default",
    "mapred.cluster.max.map.memory.mb" : "-1",
    "mapreduce.reduce.shuffle.maxfetchfailures" : "10",
    "mapred.map.child.java.opts" : "-Xmx200M",
    "mapreduce.job.acl-modify-job" : " ",
    "fs.hftp.impl" : "org.apache.hadoop.hdfs.HftpFileSystem",
    "mapred.local.dir" : "${hadoop.tmp.dir}/mapred/local",
    "dfs.permissions.supergroup" : "supergroup",
    "fs.s3.sleepTimeSeconds" : "10",
    "fs.trash.interval" : "0",
    "mapred.submit.replication" : "10",
    "dfs.replication.min" : "1",
    "fs.har.impl" : "org.apache.hadoop.fs.HarFileSystem",
    "hadoop.relaxed.worker.version.check" : "false",
    "mapred.map.output.compression.codec" : "org.apache.hadoop.io.compress.DefaultCodec",
    "mapred.tasktracker.dns.interface" : "default",
    "dfs.http.address" : "0.0.0.0:50070",
    "dfs.namenode.decommission.interval" : "30",
    "mapred.job.tracker" : "Master2:9001",
    "dfs.heartbeat.interval" : "3",
    "hadoop.http.authentication.signature.secret.file" : "${user.home}/hadoop-http-auth-signature-secret",
    "io.seqfile.sorter.recordlimit" : "1000000",
    "mapreduce.job.submithost" : "Master2",
    "dfs.name.dir" : "${hadoop.tmp.dir}/dfs/name",
    "mapred.jobtracker.taskScheduler" : "org.apache.hadoop.mapred.JobQueueTaskScheduler",
    "mapred.line.input.format.linespermap" : "1",
    "dfs.datanode.http.address" : "0.0.0.0:50075",
    "fs.webhdfs.impl" : "org.apache.hadoop.hdfs.web.WebHdfsFileSystem",
    "mapred.local.dir.minspacekill" : "0",
    "dfs.image.transfer.bandwidthPerSec" : "0",
    "dfs.replication.interval" : "3",
    "io.sort.record.percent" : "0.09",
    "hadoop.http.authentication.kerberos.principal" : "HTTP/localhost@LOCALHOST",
    "mapreduce.reduce.class" : "org.apache.hadoop.examples.WordCount$IntSumReducer",
    "fs.kfs.impl" : "org.apache.hadoop.fs.kfs.KosmosFileSystem",
    "mapred.tasktracker.reduce.tasks.maximum" : "3",
    "mapred.temp.dir" : "${hadoop.tmp.dir}/mapred/temp",
    "dfs.replication" : "3",
    "fs.checkpoint.edits.dir" : "${fs.checkpoint.dir}",
    "mapreduce.jobhistory.max-age-ms" : "2592000000",
    "mapred.tasktracker.tasks.sleeptime-before-sigkill" : "5000",
    "mapred.job.reduce.input.buffer.percent" : "0.6",
    "mapred.tasktracker.indexcache.mb" : "10",
    "dfs.webhdfs.enabled" : "false",
    "mapreduce.job.split.metainfo.maxsize" : "10000000",
    "hadoop.logfile.count" : "10",
    "mapred.skip.reduce.auto.incr.proc.count" : "true",
    "mapreduce.job.submithostaddress" : "192.168.1.104",
    "io.seqfile.compress.blocksize" : "1000000",
    "fs.s3.block.size" : "67108864",
    "mapred.tasktracker.taskmemorymanager.monitoring-interval" : "5000",
    "hadoop.http.authentication.simple.anonymous.allowed" : "true",
    "mapreduce.jobtracker.staging.root.dir" : "${hadoop.tmp.dir}/mapred/staging",
    "mapred.acls.enabled" : "false",
    "mapred.queue.default.state" : "RUNNING",
    "mapred.queue.names" : "default",
    "fs.hsftp.impl" : "org.apache.hadoop.hdfs.HsftpFileSystem",
    "dfs.access.time.precision" : "3600000",
    "mapred.task.tracker.http.address" : "0.0.0.0:50060",
    "mapreduce.combine.class" : "org.apache.hadoop.examples.WordCount$IntSumReducer",
    "io.seqfile.lazydecompress" : "true",
    "mapred.reduce.parallel.copies" : "5",
    "mapred.disk.healthChecker.interval" : "60000",
    "mapred.output.dir" : "/word-out",
    "ipc.client.connection.maxidletime" : "10000",
    "io.sort.mb" : "100",
    "mapred.reduce.child.java.opts" : "-Xmx700M",
    "mapred.task.tracker.report.address" : "127.0.0.1:0",
    "hadoop.security.uid.cache.secs" : "14400",
    "mapred.compress.map.output" : "false",
    "ipc.client.kill.max" : "10",
    "mapred.healthChecker.interval" : "60000",
    "ipc.client.connect.max.retries" : "10",
    "mapreduce.map.class" : "org.apache.hadoop.examples.WordCount$TokenizerMapper",
    "fs.s3.impl" : "org.apache.hadoop.fs.s3.S3FileSystem",
    "mapred.user.jobconf.limit" : "5242880",
    "mapreduce.job.counters.group.name.max" : "128",
    "mapred.job.tracker.http.address" : "0.0.0.0:50030",
    "mapred.input.dir" : "hdfs://Master2:9000/word-in5G",
    "io.file.buffer.size" : "4096",
    "mapred.jobtracker.restart.recover" : "false",
    "io.serializations" : "org.apache.hadoop.io.serializer.WritableSerialization",
    "mapred.task.profile" : "false",
    "dfs.datanode.handler.count" : "3",
    "mapreduce.input.num.files" : "20",
    "mapreduce.jobhistory.cleaner.interval-ms" : "86400000",
    "dfs.replication.considerLoad" : "true",
    "jobclient.output.filter" : "FAILED",
    "dfs.namenode.edits.toleration.length" : "0",
    "hadoop.http.authentication.kerberos.keytab" : "${user.home}/hadoop.keytab",
    "dfs.namenode.delegation.token.max-lifetime" : "604800000",
    "mapred.tasktracker.map.tasks.maximum" : "3",
    "fs.checkpoint.size" : "67108864",
    "io.compression.codecs" : "org.apache.hadoop.io.compress.DefaultCodec,org.apache.hadoop.io.compress.GzipCodec,org.apache.hadoop.io.compress.BZip2Codec,org.apache.hadoop.io.compress.SnappyCodec",
    "mapreduce.job.counters.counter.name.max" : "64"
  },
  "computonsPerMapInputByte" : -1,
  "computonsPerMapOutputByte" : -1,
  "computonsPerReduceInputByte" : -1,
  "computonsPerReduceOutputByte" : -1,
  "heapMegabytes" : 200,
  "outcome" : "SUCCESS",
  "jobtype" : "JAVA",
  "directDependantJobs" : [ ],
  "successfulMapAttemptCDFs" : [ {
    "minimum" : 4680,
    "maximum" : 23320,
    "rankings" : [ {
      "datum" : 4829,
      "relativeRanking" : 0.05
    }, {
      "datum" : 4939,
      "relativeRanking" : 0.1
    }, {
      "datum" : 5183,
      "relativeRanking" : 0.15
    }, {
      "datum" : 5453,
      "relativeRanking" : 0.2
    }, {
      "datum" : 5538,
      "relativeRanking" : 0.25
    }, {
      "datum" : 5588,
      "relativeRanking" : 0.3
    }, {
      "datum" : 5714,
      "relativeRanking" : 0.35
    }, {
      "datum" : 5748,
      "relativeRanking" : 0.4
    }, {
      "datum" : 5847,
      "relativeRanking" : 0.45
    }, {
      "datum" : 6126,
      "relativeRanking" : 0.5
    }, {
      "datum" : 18249,
      "relativeRanking" : 0.55
    }, {
      "datum" : 19057,
      "relativeRanking" : 0.6
    }, {
      "datum" : 19318,
      "relativeRanking" : 0.65
    }, {
      "datum" : 19574,
      "relativeRanking" : 0.7
    }, {
      "datum" : 20037,
      "relativeRanking" : 0.75
    }, {
      "datum" : 20248,
      "relativeRanking" : 0.8
    }, {
      "datum" : 21461,
      "relativeRanking" : 0.85
    }, {
      "datum" : 21677,
      "relativeRanking" : 0.9
    }, {
      "datum" : 22353,
      "relativeRanking" : 0.95
    } ],
    "numberValues" : 40
  }, {
    "minimum" : -9223372036854775808,
    "maximum" : 9223372036854775807,
    "rankings" : [ ],
    "numberValues" : 0
  }, {
    "minimum" : -9223372036854775808,
    "maximum" : 9223372036854775807,
    "rankings" : [ ],
    "numberValues" : 0
  }, {
    "minimum" : -9223372036854775808,
    "maximum" : 9223372036854775807,
    "rankings" : [ ],
    "numberValues" : 0
  } ],
  "failedMapAttemptCDFs" : [ {
    "minimum" : -9223372036854775808,
    "maximum" : 9223372036854775807,
    "rankings" : [ ],
    "numberValues" : 0
  }, {
    "minimum" : -9223372036854775808,
    "maximum" : 9223372036854775807,
    "rankings" : [ ],
    "numberValues" : 0
  }, {
    "minimum" : -9223372036854775808,
    "maximum" : 9223372036854775807,
    "rankings" : [ ],
    "numberValues" : 0
  }, {
    "minimum" : -9223372036854775808,
    "maximum" : 9223372036854775807,
    "rankings" : [ ],
    "numberValues" : 0
  } ],
  "successfulReduceAttemptCDF" : {
    "minimum" : 51878,
    "maximum" : 53146,
    "rankings" : [ {
      "datum" : 51878,
      "relativeRanking" : 0.05
    }, {
      "datum" : 51878,
      "relativeRanking" : 0.1
    }, {
      "datum" : 51878,
      "relativeRanking" : 0.15
    }, {
      "datum" : 51878,
      "relativeRanking" : 0.2
    }, {
      "datum" : 51878,
      "relativeRanking" : 0.25
    }, {
      "datum" : 51878,
      "relativeRanking" : 0.3
    }, {
      "datum" : 51878,
      "relativeRanking" : 0.35
    }, {
      "datum" : 53061,
      "relativeRanking" : 0.4
    }, {
      "datum" : 53061,
      "relativeRanking" : 0.45
    }, {
      "datum" : 53061,
      "relativeRanking" : 0.5
    }, {
      "datum" : 53061,
      "relativeRanking" : 0.55
    }, {
      "datum" : 53086,
      "relativeRanking" : 0.6
    }, {
      "datum" : 53086,
      "relativeRanking" : 0.65
    }, {
      "datum" : 53086,
      "relativeRanking" : 0.7
    }, {
      "datum" : 53086,
      "relativeRanking" : 0.75
    }, {
      "datum" : 53121,
      "relativeRanking" : 0.8
    }, {
      "datum" : 53121,
      "relativeRanking" : 0.85
    }, {
      "datum" : 53121,
      "relativeRanking" : 0.9
    }, {
      "datum" : 53121,
      "relativeRanking" : 0.95
    } ],
    "numberValues" : 5
  },
  "failedReduceAttemptCDF" : {
    "minimum" : -9223372036854775808,
    "maximum" : 9223372036854775807,
    "rankings" : [ ],
    "numberValues" : 0
  },
  "mapperTriesToSucceed" : [ 1.0 ],
  "failedMapperFraction" : 0.0,
  "relativeTime" : 0,
  "clusterMapMB" : -1,
  "clusterReduceMB" : -1,
  "jobMapMB" : 200,
  "jobReduceMB" : 200,
  "submitTime" : 1404925298907,
  "launchTime" : 1404925298968,
  "totalMaps" : 40,
  "totalReduces" : 5,
  "otherTasks" : [ {
    "startTime" : 1404925299111,
    "attempts" : [ {
      "location" : {
        "layers" : [ "default-rack", "Master2" ]
      },
      "hostName" : "/default-rack/Master2",
      "result" : "SUCCESS",
      "startTime" : 1404925299191,
      "finishTime" : 1404925299819,
      "attemptID" : "attempt_201407031554_1595_m_000041_0",
      "shuffleFinished" : -1,
      "sortFinished" : -1,
      "hdfsBytesRead" : -1,
      "hdfsBytesWritten" : -1,
      "fileBytesRead" : -1,
      "fileBytesWritten" : 59018,
      "mapInputRecords" : -1,
      "mapOutputBytes" : -1,
      "mapOutputRecords" : -1,
      "combineInputRecords" : -1,
      "reduceInputGroups" : -1,
      "reduceInputRecords" : -1,
      "reduceShuffleBytes" : -1,
      "reduceOutputRecords" : -1,
      "spilledRecords" : 0,
      "mapInputBytes" : -1,
      "resourceUsageMetrics" : {
        "cumulativeCpuUsage" : 60,
        "virtualMemoryUsage" : 393768960,
        "physicalMemoryUsage" : 62492672,
        "heapUsage" : 64487424
      }
    } ],
    "finishTime" : 1404925300019,
    "preferredLocations" : [ ],
    "taskType" : "SETUP",
    "taskStatus" : "SUCCESS",
    "taskID" : "task_201407031554_1595_m_000041",
    "inputBytes" : -1,
    "inputRecords" : -1,
    "outputBytes" : -1,
    "outputRecords" : -1
  }, {
    "startTime" : 1404925375362,
    "attempts" : [ {
      "location" : {
        "layers" : [ "default-rack", "Slave23" ]
      },
      "hostName" : "/default-rack/Slave23",
      "result" : "SUCCESS",
      "startTime" : 1404925377970,
      "finishTime" : 1404925378815,
      "attemptID" : "attempt_201407031554_1595_m_000040_0",
      "shuffleFinished" : -1,
      "sortFinished" : -1,
      "hdfsBytesRead" : -1,
      "hdfsBytesWritten" : -1,
      "fileBytesRead" : -1,
      "fileBytesWritten" : 59018,
      "mapInputRecords" : -1,
      "mapOutputBytes" : -1,
      "mapOutputRecords" : -1,
      "combineInputRecords" : -1,
      "reduceInputGroups" : -1,
      "reduceInputRecords" : -1,
      "reduceShuffleBytes" : -1,
      "reduceOutputRecords" : -1,
      "spilledRecords" : 0,
      "mapInputBytes" : -1,
      "resourceUsageMetrics" : {
        "cumulativeCpuUsage" : 20,
        "virtualMemoryUsage" : 399708160,
        "physicalMemoryUsage" : 186720256,
        "heapUsage" : 136052736
      }
    } ],
    "finishTime" : 1404925376268,
    "preferredLocations" : [ ],
    "taskType" : "CLEANUP",
    "taskStatus" : "SUCCESS",
    "taskID" : "task_201407031554_1595_m_000040",
    "inputBytes" : -1,
    "inputRecords" : -1,
    "outputBytes" : -1,
    "outputRecords" : -1
  } ]
}