{
  "jobID" : "job_201407031554_1692",
  "user" : "itri-hadoop",
  "jobName" : "word count",
  "mapTasks" : [ {
    "startTime" : 1404957336194,
    "attempts" : [ {
      "result" : "SUCCESS",
      "startTime" : 1404957328040,
      "finishTime" : 1404957367798,
      "attemptID" : "attempt_201407031554_1692_m_000000_0",
      "shuffleFinished" : -1,
      "sortFinished" : -1,
      "hdfsBytesRead" : 256639622,
      "hdfsBytesWritten" : -1,
      "fileBytesRead" : 33498478,
      "fileBytesWritten" : 49307932,
      "mapInputRecords" : 6182,
      "mapOutputBytes" : 353773529,
      "mapOutputRecords" : 23476900,
      "combineInputRecords" : 24139134,
      "reduceInputGroups" : -1,
      "reduceInputRecords" : -1,
      "reduceShuffleBytes" : -1,
      "reduceOutputRecords" : -1,
      "spilledRecords" : 1602810,
      "mapInputBytes" : -1,
      "resourceUsageMetrics" : {
        "cumulativeCpuUsage" : 50500,
        "virtualMemoryUsage" : 507293696,
        "physicalMemoryUsage" : 302370816,
        "heapUsage" : 246939648
      },
      "location" : {
        "layers" : [ "default-rack", "Slave21" ]
      },
      "hostName" : "/default-rack/Slave21"
    } ],
    "finishTime" : 1404957376240,
    "preferredLocations" : [ {
      "layers" : [ "default-rack", "Slave23" ]
    }, {
      "layers" : [ "default-rack", "Slave22" ]
    }, {
      "layers" : [ "default-rack", "Slave21" ]
    } ],
    "taskType" : "MAP",
    "taskStatus" : "SUCCESS",
    "taskID" : "task_201407031554_1692_m_000000",
    "inputBytes" : 256639622,
    "inputRecords" : 6182,
    "outputBytes" : 49307932,
    "outputRecords" : 23476900
  }, {
    "startTime" : 1404957336195,
    "attempts" : [ {
      "result" : "SUCCESS",
      "startTime" : 1404957328040,
      "finishTime" : 1404957374019,
      "attemptID" : "attempt_201407031554_1692_m_000002_0",
      "shuffleFinished" : -1,
      "sortFinished" : -1,
      "hdfsBytesRead" : 256637343,
      "hdfsBytesWritten" : -1,
      "fileBytesRead" : 28805067,
      "fileBytesWritten" : 41929455,
      "mapInputRecords" : 112705,
      "mapOutputBytes" : 354630886,
      "mapOutputRecords" : 23585648,
      "combineInputRecords" : 24247720,
      "reduceInputGroups" : -1,
      "reduceInputRecords" : -1,
      "reduceShuffleBytes" : -1,
      "reduceOutputRecords" : -1,
      "spilledRecords" : 1603029,
      "mapInputBytes" : -1,
      "resourceUsageMetrics" : {
        "cumulativeCpuUsage" : 70380,
        "virtualMemoryUsage" : 506109952,
        "physicalMemoryUsage" : 118616064,
        "heapUsage" : 61341696
      },
      "location" : {
        "layers" : [ "default-rack", "Slave21" ]
      },
      "hostName" : "/default-rack/Slave21"
    } ],
    "finishTime" : 1404957382281,
    "preferredLocations" : [ {
      "layers" : [ "default-rack", "Slave23" ]
    }, {
      "layers" : [ "default-rack", "Slave22" ]
    }, {
      "layers" : [ "default-rack", "Slave21" ]
    } ],
    "taskType" : "MAP",
    "taskStatus" : "SUCCESS",
    "taskID" : "task_201407031554_1692_m_000002",
    "inputBytes" : 256637343,
    "inputRecords" : 112705,
    "outputBytes" : 41929455,
    "outputRecords" : 23585648
  }, {
    "startTime" : 1404957336260,
    "attempts" : [ {
      "result" : "SUCCESS",
      "startTime" : 1404957323018,
      "finishTime" : 1404957366563,
      "attemptID" : "attempt_201407031554_1692_m_000001_0",
      "shuffleFinished" : -1,
      "sortFinished" : -1,
      "hdfsBytesRead" : 256638682,
      "hdfsBytesWritten" : -1,
      "fileBytesRead" : 31606136,
      "fileBytesWritten" : 46348244,
      "mapInputRecords" : 6253,
      "mapOutputBytes" : 354730889,
      "mapOutputRecords" : 23583859,
      "combineInputRecords" : 24246251,
      "reduceInputGroups" : -1,
      "reduceInputRecords" : -1,
      "reduceShuffleBytes" : -1,
      "reduceOutputRecords" : -1,
      "spilledRecords" : 1604388,
      "mapInputBytes" : -1,
      "resourceUsageMetrics" : {
        "cumulativeCpuUsage" : 60090,
        "virtualMemoryUsage" : 504537088,
        "physicalMemoryUsage" : 290775040,
        "heapUsage" : 246939648
      },
      "location" : {
        "layers" : [ "default-rack", "Slave22" ]
      },
      "hostName" : "/default-rack/Slave22"
    } ],
    "finishTime" : 1404957379916,
    "preferredLocations" : [ {
      "layers" : [ "default-rack", "Master2" ]
    }, {
      "layers" : [ "default-rack", "Slave23" ]
    }, {
      "layers" : [ "default-rack", "Slave22" ]
    } ],
    "taskType" : "MAP",
    "taskStatus" : "SUCCESS",
    "taskID" : "task_201407031554_1692_m_000001",
    "inputBytes" : 256638682,
    "inputRecords" : 6253,
    "outputBytes" : 46348244,
    "outputRecords" : 23583859
  }, {
    "startTime" : 1404957336260,
    "attempts" : [ {
      "result" : "SUCCESS",
      "startTime" : 1404957323018,
      "finishTime" : 1404957370034,
      "attemptID" : "attempt_201407031554_1692_m_000003_0",
      "shuffleFinished" : -1,
      "sortFinished" : -1,
      "hdfsBytesRead" : 256637172,
      "hdfsBytesWritten" : -1,
      "fileBytesRead" : 34504423,
      "fileBytesWritten" : 50902862,
      "mapInputRecords" : 6226,
      "mapOutputBytes" : 354420571,
      "mapOutputRecords" : 23479791,
      "combineInputRecords" : 24141207,
      "reduceInputGroups" : -1,
      "reduceInputRecords" : -1,
      "reduceShuffleBytes" : -1,
      "reduceOutputRecords" : -1,
      "spilledRecords" : 1600823,
      "mapInputBytes" : -1,
      "resourceUsageMetrics" : {
        "cumulativeCpuUsage" : 72050,
        "virtualMemoryUsage" : 507518976,
        "physicalMemoryUsage" : 98160640,
        "heapUsage" : 229638144
      },
      "location" : {
        "layers" : [ "default-rack", "Slave22" ]
      },
      "hostName" : "/default-rack/Slave22"
    } ],
    "finishTime" : 1404957383531,
    "preferredLocations" : [ {
      "layers" : [ "default-rack", "Slave21" ]
    }, {
      "layers" : [ "default-rack", "Slave23" ]
    }, {
      "layers" : [ "default-rack", "Slave22" ]
    } ],
    "taskType" : "MAP",
    "taskStatus" : "SUCCESS",
    "taskID" : "task_201407031554_1692_m_000003",
    "inputBytes" : 256637172,
    "inputRecords" : 6226,
    "outputBytes" : 50902862,
    "outputRecords" : 23479791
  }, {
    "startTime" : 1404957336383,
    "attempts" : [ {
      "result" : "SUCCESS",
      "startTime" : 1404957339214,
      "finishTime" : 1404957382988,
      "attemptID" : "attempt_201407031554_1692_m_000006_0",
      "shuffleFinished" : -1,
      "sortFinished" : -1,
      "hdfsBytesRead" : 256635312,
      "hdfsBytesWritten" : -1,
      "fileBytesRead" : 30875983,
      "fileBytesWritten" : 45192912,
      "mapInputRecords" : 6141,
      "mapOutputBytes" : 355269135,
      "mapOutputRecords" : 23586242,
      "combineInputRecords" : 24247871,
      "reduceInputGroups" : -1,
      "reduceInputRecords" : -1,
      "reduceShuffleBytes" : -1,
      "reduceOutputRecords" : -1,
      "spilledRecords" : 1602192,
      "mapInputBytes" : -1,
      "resourceUsageMetrics" : {
        "cumulativeCpuUsage" : 60070,
        "virtualMemoryUsage" : 503459840,
        "physicalMemoryUsage" : 113545216,
        "heapUsage" : 246939648
      },
      "location" : {
        "layers" : [ "default-rack", "Slave23" ]
      },
      "hostName" : "/default-rack/Slave23"
    } ],
    "finishTime" : 1404957380340,
    "preferredLocations" : [ {
      "layers" : [ "default-rack", "Master2" ]
    }, {
      "layers" : [ "default-rack", "Slave21" ]
    }, {
      "layers" : [ "default-rack", "Slave23" ]
    } ],
    "taskType" : "MAP",
    "taskStatus" : "SUCCESS",
    "taskID" : "task_201407031554_1692_m_000006",
    "inputBytes" : 256635312,
    "inputRecords" : 6141,
    "outputBytes" : 45192912,
    "outputRecords" : 23586242
  }, {
    "startTime" : 1404957336383,
    "attempts" : [ {
      "result" : "SUCCESS",
      "startTime" : 1404957339214,
      "finishTime" : 1404957385982,
      "attemptID" : "attempt_201407031554_1692_m_000008_0",
      "shuffleFinished" : -1,
      "sortFinished" : -1,
      "hdfsBytesRead" : 256634543,
      "hdfsBytesWritten" : -1,
      "fileBytesRead" : 29049664,
      "fileBytesWritten" : 42279878,
      "mapInputRecords" : 112606,
      "mapOutputBytes" : 355468766,
      "mapOutputRecords" : 23689644,
      "combineInputRecords" : 24353157,
      "reduceInputGroups" : -1,
      "reduceInputRecords" : -1,
      "reduceShuffleBytes" : -1,
      "reduceOutputRecords" : -1,
      "spilledRecords" : 1606373,
      "mapInputBytes" : -1,
      "resourceUsageMetrics" : {
        "cumulativeCpuUsage" : 71310,
        "virtualMemoryUsage" : 506744832,
        "physicalMemoryUsage" : 114950144,
        "heapUsage" : 60817408
      },
      "location" : {
        "layers" : [ "default-rack", "Slave23" ]
      },
      "hostName" : "/default-rack/Slave23"
    } ],
    "finishTime" : 1404957383351,
    "preferredLocations" : [ {
      "layers" : [ "default-rack", "Master2" ]
    }, {
      "layers" : [ "default-rack", "Slave23" ]
    }, {
      "layers" : [ "default-rack", "Slave21" ]
    } ],
    "taskType" : "MAP",
    "taskStatus" : "SUCCESS",
    "taskID" : "task_201407031554_1692_m_000008",
    "inputBytes" : 256634543,
    "inputRecords" : 112606,
    "outputBytes" : 42279878,
    "outputRecords" : 23689644
  }, {
    "startTime" : 1404957336428,
    "attempts" : [ {
      "result" : "SUCCESS",
      "startTime" : 1404957336497,
      "finishTime" : 1404957379796,
      "attemptID" : "attempt_201407031554_1692_m_000004_0",
      "shuffleFinished" : -1,
      "sortFinished" : -1,
      "hdfsBytesRead" : 256636878,
      "hdfsBytesWritten" : -1,
      "fileBytesRead" : 34178276,
      "fileBytesWritten" : 50383751,
      "mapInputRecords" : 6290,
      "mapOutputBytes" : 354192159,
      "mapOutputRecords" : 23476253,
      "combineInputRecords" : 24138462,
      "reduceInputGroups" : -1,
      "reduceInputRecords" : -1,
      "reduceShuffleBytes" : -1,
      "reduceOutputRecords" : -1,
      "spilledRecords" : 1602736,
      "mapInputBytes" : -1,
      "resourceUsageMetrics" : {
        "cumulativeCpuUsage" : 59660,
        "virtualMemoryUsage" : 505421824,
        "physicalMemoryUsage" : 132190208,
        "heapUsage" : 78381056
      },
      "location" : {
        "layers" : [ "default-rack", "Master2" ]
      },
      "hostName" : "/default-rack/Master2"
    } ],
    "finishTime" : 1404957380098,
    "preferredLocations" : [ {
      "layers" : [ "default-rack", "Master2" ]
    }, {
      "layers" : [ "default-rack", "Slave22" ]
    }, {
      "layers" : [ "default-rack", "Slave21" ]
    } ],
    "taskType" : "MAP",
    "taskStatus" : "SUCCESS",
    "taskID" : "task_201407031554_1692_m_000004",
    "inputBytes" : 256636878,
    "inputRecords" : 6290,
    "outputBytes" : 50383751,
    "outputRecords" : 23476253
  }, {
    "startTime" : 1404957336428,
    "attempts" : [ {
      "result" : "SUCCESS",
      "startTime" : 1404957336497,
      "finishTime" : 1404957379800,
      "attemptID" : "attempt_201407031554_1692_m_000005_0",
      "shuffleFinished" : -1,
      "sortFinished" : -1,
      "hdfsBytesRead" : 256636045,
      "hdfsBytesWritten" : -1,
      "fileBytesRead" : 28617374,
      "fileBytesWritten" : 41659137,
      "mapInputRecords" : 6102,
      "mapOutputBytes" : 355054010,
      "mapOutputRecords" : 23585548,
      "combineInputRecords" : 24247311,
      "reduceInputGroups" : -1,
      "reduceInputRecords" : -1,
      "reduceShuffleBytes" : -1,
      "reduceOutputRecords" : -1,
      "spilledRecords" : 1602692,
      "mapInputBytes" : -1,
      "resourceUsageMetrics" : {
        "cumulativeCpuUsage" : 59220,
        "virtualMemoryUsage" : 504590336,
        "physicalMemoryUsage" : 290668544,
        "heapUsage" : 246939648
      },
      "location" : {
        "layers" : [ "default-rack", "Master2" ]
      },
      "hostName" : "/default-rack/Master2"
    } ],
    "finishTime" : 1404957380099,
    "preferredLocations" : [ {
      "layers" : [ "default-rack", "Master2" ]
    }, {
      "layers" : [ "default-rack", "Slave21" ]
    }, {
      "layers" : [ "default-rack", "Slave22" ]
    } ],
    "taskType" : "MAP",
    "taskStatus" : "SUCCESS",
    "taskID" : "task_201407031554_1692_m_000005",
    "inputBytes" : 256636045,
    "inputRecords" : 6102,
    "outputBytes" : 41659137,
    "outputRecords" : 23585548
  }, {
    "startTime" : 1404957376240,
    "attempts" : [ {
      "result" : "SUCCESS",
      "startTime" : 1404957368085,
      "finishTime" : 1404957407661,
      "attemptID" : "attempt_201407031554_1692_m_000007_0",
      "shuffleFinished" : -1,
      "sortFinished" : -1,
      "hdfsBytesRead" : 256634726,
      "hdfsBytesWritten" : -1,
      "fileBytesRead" : 33807900,
      "fileBytesWritten" : 49813771,
      "mapInputRecords" : 6182,
      "mapOutputBytes" : 353986489,
      "mapOutputRecords" : 23478739,
      "combineInputRecords" : 24140205,
      "reduceInputGroups" : -1,
      "reduceInputRecords" : -1,
      "reduceShuffleBytes" : -1,
      "reduceOutputRecords" : -1,
      "spilledRecords" : 1601367,
      "mapInputBytes" : -1,
      "resourceUsageMetrics" : {
        "cumulativeCpuUsage" : 54220,
        "virtualMemoryUsage" : 508289024,
        "physicalMemoryUsage" : 121368576,
        "heapUsage" : 246939648
      },
      "location" : {
        "layers" : [ "default-rack", "Slave21" ]
      },
      "hostName" : "/default-rack/Slave21"
    } ],
    "finishTime" : 1404957416001,
    "preferredLocations" : [ {
      "layers" : [ "default-rack", "Master2" ]
    }, {
      "layers" : [ "default-rack", "Slave22" ]
    }, {
      "layers" : [ "default-rack", "Slave21" ]
    } ],
    "taskType" : "MAP",
    "taskStatus" : "SUCCESS",
    "taskID" : "task_201407031554_1692_m_000007",
    "inputBytes" : 256634726,
    "inputRecords" : 6182,
    "outputBytes" : 49813771,
    "outputRecords" : 23478739
  }, {
    "startTime" : 1404957379917,
    "attempts" : [ {
      "result" : "SUCCESS",
      "startTime" : 1404957366603,
      "finishTime" : 1404957405927,
      "attemptID" : "attempt_201407031554_1692_m_000009_0",
      "shuffleFinished" : -1,
      "sortFinished" : -1,
      "hdfsBytesRead" : 256634154,
      "hdfsBytesWritten" : -1,
      "fileBytesRead" : 34199673,
      "fileBytesWritten" : 50392506,
      "mapInputRecords" : 6191,
      "mapOutputBytes" : 354193051,
      "mapOutputRecords" : 23477544,
      "combineInputRecords" : 24139470,
      "reduceInputGroups" : -1,
      "reduceInputRecords" : -1,
      "reduceShuffleBytes" : -1,
      "reduceOutputRecords" : -1,
      "spilledRecords" : 1602676,
      "mapInputBytes" : -1,
      "resourceUsageMetrics" : {
        "cumulativeCpuUsage" : 53900,
        "virtualMemoryUsage" : 505532416,
        "physicalMemoryUsage" : 138674176,
        "heapUsage" : 85721088
      },
      "location" : {
        "layers" : [ "default-rack", "Slave22" ]
      },
      "hostName" : "/default-rack/Slave22"
    } ],
    "finishTime" : 1404957419366,
    "preferredLocations" : [ {
      "layers" : [ "default-rack", "Master2" ]
    }, {
      "layers" : [ "default-rack", "Slave23" ]
    }, {
      "layers" : [ "default-rack", "Slave22" ]
    } ],
    "taskType" : "MAP",
    "taskStatus" : "SUCCESS",
    "taskID" : "task_201407031554_1692_m_000009",
    "inputBytes" : 256634154,
    "inputRecords" : 6191,
    "outputBytes" : 50392506,
    "outputRecords" : 23477544
  }, {
    "startTime" : 1404957380099,
    "attempts" : [ {
      "result" : "SUCCESS",
      "startTime" : 1404957380103,
      "finishTime" : 1404957418681,
      "attemptID" : "attempt_201407031554_1692_m_000010_0",
      "shuffleFinished" : -1,
      "sortFinished" : -1,
      "hdfsBytesRead" : 256634003,
      "hdfsBytesWritten" : -1,
      "fileBytesRead" : 35560335,
      "fileBytesWritten" : 52548468,
      "mapInputRecords" : 6226,
      "mapOutputBytes" : 355051836,
      "mapOutputRecords" : 23479830,
      "combineInputRecords" : 24141444,
      "reduceInputGroups" : -1,
      "reduceInputRecords" : -1,
      "reduceShuffleBytes" : -1,
      "reduceOutputRecords" : -1,
      "spilledRecords" : 1601431,
      "mapInputBytes" : -1,
      "resourceUsageMetrics" : {
        "cumulativeCpuUsage" : 53270,
        "virtualMemoryUsage" : 505585664,
        "physicalMemoryUsage" : 291106816,
        "heapUsage" : 246939648
      },
      "location" : {
        "layers" : [ "default-rack", "Master2" ]
      },
      "hostName" : "/default-rack/Master2"
    } ],
    "finishTime" : 1404957418918,
    "preferredLocations" : [ {
      "layers" : [ "default-rack", "Master2" ]
    }, {
      "layers" : [ "default-rack", "Slave22" ]
    }, {
      "layers" : [ "default-rack", "Slave23" ]
    } ],
    "taskType" : "MAP",
    "taskStatus" : "SUCCESS",
    "taskID" : "task_201407031554_1692_m_000010",
    "inputBytes" : 256634003,
    "inputRecords" : 6226,
    "outputBytes" : 52548468,
    "outputRecords" : 23479830
  }, {
    "startTime" : 1404957380100,
    "attempts" : [ {
      "result" : "SUCCESS",
      "startTime" : 1404957380103,
      "finishTime" : 1404957415818,
      "attemptID" : "attempt_201407031554_1692_m_000013_0",
      "shuffleFinished" : -1,
      "sortFinished" : -1,
      "hdfsBytesRead" : 256633614,
      "hdfsBytesWritten" : -1,
      "fileBytesRead" : 27172890,
      "fileBytesWritten" : 38880311,
      "mapInputRecords" : 6167,
      "mapOutputBytes" : 353975597,
      "mapOutputRecords" : 23583073,
      "combineInputRecords" : 24243324,
      "reduceInputGroups" : -1,
      "reduceInputRecords" : -1,
      "reduceShuffleBytes" : -1,
      "reduceOutputRecords" : -1,
      "spilledRecords" : 1581162,
      "mapInputBytes" : -1,
      "resourceUsageMetrics" : {
        "cumulativeCpuUsage" : 46000,
        "virtualMemoryUsage" : 506568704,
        "physicalMemoryUsage" : 295104512,
        "heapUsage" : 256638976
      },
      "location" : {
        "layers" : [ "default-rack", "Master2" ]
      },
      "hostName" : "/default-rack/Master2"
    } ],
    "finishTime" : 1404957415907,
    "preferredLocations" : [ {
      "layers" : [ "default-rack", "Master2" ]
    }, {
      "layers" : [ "default-rack", "Slave22" ]
    }, {
      "layers" : [ "default-rack", "Slave23" ]
    } ],
    "taskType" : "MAP",
    "taskStatus" : "SUCCESS",
    "taskID" : "task_201407031554_1692_m_000013",
    "inputBytes" : 256633614,
    "inputRecords" : 6167,
    "outputBytes" : 38880311,
    "outputRecords" : 23583073
  }, {
    "startTime" : 1404957380341,
    "attempts" : [ {
      "result" : "SUCCESS",
      "startTime" : 1404957383107,
      "finishTime" : 1404957424330,
      "attemptID" : "attempt_201407031554_1692_m_000011_0",
      "shuffleFinished" : -1,
      "sortFinished" : -1,
      "hdfsBytesRead" : 256633784,
      "hdfsBytesWritten" : -1,
      "fileBytesRead" : 33815090,
      "fileBytesWritten" : 49800800,
      "mapInputRecords" : 6188,
      "mapOutputBytes" : 353988963,
      "mapOutputRecords" : 23479827,
      "combineInputRecords" : 24141160,
      "reduceInputGroups" : -1,
      "reduceInputRecords" : -1,
      "reduceShuffleBytes" : -1,
      "reduceOutputRecords" : -1,
      "spilledRecords" : 1600769,
      "mapInputBytes" : -1,
      "resourceUsageMetrics" : {
        "cumulativeCpuUsage" : 55310,
        "virtualMemoryUsage" : 504455168,
        "physicalMemoryUsage" : 290471936,
        "heapUsage" : 246939648
      },
      "location" : {
        "layers" : [ "default-rack", "Slave23" ]
      },
      "hostName" : "/default-rack/Slave23"
    } ],
    "finishTime" : 1404957421627,
    "preferredLocations" : [ {
      "layers" : [ "default-rack", "Slave22" ]
    }, {
      "layers" : [ "default-rack", "Slave23" ]
    }, {
      "layers" : [ "default-rack", "Slave21" ]
    } ],
    "taskType" : "MAP",
    "taskStatus" : "SUCCESS",
    "taskID" : "task_201407031554_1692_m_000011",
    "inputBytes" : 256633784,
    "inputRecords" : 6188,
    "outputBytes" : 49800800,
    "outputRecords" : 23479827
  }, {
    "startTime" : 1404957382281,
    "attempts" : [ {
      "result" : "SUCCESS",
      "startTime" : 1404957374126,
      "finishTime" : 1404957421094,
      "attemptID" : "attempt_201407031554_1692_m_000012_0",
      "shuffleFinished" : -1,
      "sortFinished" : -1,
      "hdfsBytesRead" : 256633764,
      "hdfsBytesWritten" : -1,
      "fileBytesRead" : 34522456,
      "fileBytesWritten" : 50923338,
      "mapInputRecords" : 6241,
      "mapOutputBytes" : 354409593,
      "mapOutputRecords" : 23478457,
      "combineInputRecords" : 24139884,
      "reduceInputGroups" : -1,
      "reduceInputRecords" : -1,
      "reduceShuffleBytes" : -1,
      "reduceOutputRecords" : -1,
      "spilledRecords" : 1601504,
      "mapInputBytes" : -1,
      "resourceUsageMetrics" : {
        "cumulativeCpuUsage" : 78430,
        "virtualMemoryUsage" : 507105280,
        "physicalMemoryUsage" : 160927744,
        "heapUsage" : 230948864
      },
      "location" : {
        "layers" : [ "default-rack", "Slave21" ]
      },
      "hostName" : "/default-rack/Slave21"
    } ],
    "finishTime" : 1404957429254,
    "preferredLocations" : [ {
      "layers" : [ "default-rack", "Slave21" ]
    }, {
      "layers" : [ "default-rack", "Slave23" ]
    }, {
      "layers" : [ "default-rack", "Slave22" ]
    } ],
    "taskType" : "MAP",
    "taskStatus" : "SUCCESS",
    "taskID" : "task_201407031554_1692_m_000012",
    "inputBytes" : 256633764,
    "inputRecords" : 6241,
    "outputBytes" : 50923338,
    "outputRecords" : 23478457
  }, {
    "startTime" : 1404957383352,
    "attempts" : [ {
      "result" : "SUCCESS",
      "startTime" : 1404957386118,
      "finishTime" : 1404957428157,
      "attemptID" : "attempt_201407031554_1692_m_000015_0",
      "shuffleFinished" : -1,
      "sortFinished" : -1,
      "hdfsBytesRead" : 256631528,
      "hdfsBytesWritten" : -1,
      "fileBytesRead" : 35056275,
      "fileBytesWritten" : 51751322,
      "mapInputRecords" : 6104,
      "mapOutputBytes" : 354725052,
      "mapOutputRecords" : 23478630,
      "combineInputRecords" : 24140584,
      "reduceInputGroups" : -1,
      "reduceInputRecords" : -1,
      "reduceShuffleBytes" : -1,
      "reduceOutputRecords" : -1,
      "spilledRecords" : 1602426,
      "mapInputBytes" : -1,
      "resourceUsageMetrics" : {
        "cumulativeCpuUsage" : 61870,
        "virtualMemoryUsage" : 507740160,
        "physicalMemoryUsage" : 169168896,
        "heapUsage" : 229638144
      },
      "location" : {
        "layers" : [ "default-rack", "Slave23" ]
      },
      "hostName" : "/default-rack/Slave23"
    } ],
    "finishTime" : 1404957425542,
    "preferredLocations" : [ {
      "layers" : [ "default-rack", "Master2" ]
    }, {
      "layers" : [ "default-rack", "Slave23" ]
    }, {
      "layers" : [ "default-rack", "Slave21" ]
    } ],
    "taskType" : "MAP",
    "taskStatus" : "SUCCESS",
    "taskID" : "task_201407031554_1692_m_000015",
    "inputBytes" : 256631528,
    "inputRecords" : 6104,
    "outputBytes" : 51751322,
    "outputRecords" : 23478630
  }, {
    "startTime" : 1404957383531,
    "attempts" : [ {
      "result" : "SUCCESS",
      "startTime" : 1404957370217,
      "finishTime" : 1404957426991,
      "attemptID" : "attempt_201407031554_1692_m_000014_0",
      "shuffleFinished" : -1,
      "sortFinished" : -1,
      "hdfsBytesRead" : 256633202,
      "hdfsBytesWritten" : -1,
      "fileBytesRead" : 34508551,
      "fileBytesWritten" : 50899090,
      "mapInputRecords" : 6178,
      "mapOutputBytes" : 354416921,
      "mapOutputRecords" : 23480302,
      "combineInputRecords" : 24141588,
      "reduceInputGroups" : -1,
      "reduceInputRecords" : -1,
      "reduceShuffleBytes" : -1,
      "reduceOutputRecords" : -1,
      "spilledRecords" : 1601012,
      "mapInputBytes" : -1,
      "resourceUsageMetrics" : {
        "cumulativeCpuUsage" : 102150,
        "virtualMemoryUsage" : 508674048,
        "physicalMemoryUsage" : 189558784,
        "heapUsage" : 135004160
      },
      "location" : {
        "layers" : [ "default-rack", "Slave22" ]
      },
      "hostName" : "/default-rack/Slave22"
    } ],
    "finishTime" : 1404957440447,
    "preferredLocations" : [ {
      "layers" : [ "default-rack", "Master2" ]
    }, {
      "layers" : [ "default-rack", "Slave22" ]
    }, {
      "layers" : [ "default-rack", "Slave21" ]
    } ],
    "taskType" : "MAP",
    "taskStatus" : "SUCCESS",
    "taskID" : "task_201407031554_1692_m_000014",
    "inputBytes" : 256633202,
    "inputRecords" : 6178,
    "outputBytes" : 50899090,
    "outputRecords" : 23480302
  }, {
    "startTime" : 1404957415908,
    "attempts" : [ {
      "result" : "SUCCESS",
      "startTime" : 1404957415908,
      "finishTime" : 1404957452125,
      "attemptID" : "attempt_201407031554_1692_m_000016_0",
      "shuffleFinished" : -1,
      "sortFinished" : -1,
      "hdfsBytesRead" : 256631525,
      "hdfsBytesWritten" : -1,
      "fileBytesRead" : 29379556,
      "fileBytesWritten" : 42783996,
      "mapInputRecords" : 218982,
      "mapOutputBytes" : 354415816,
      "mapOutputRecords" : 23693606,
      "combineInputRecords" : 24356324,
      "reduceInputGroups" : -1,
      "reduceInputRecords" : -1,
      "reduceShuffleBytes" : -1,
      "reduceOutputRecords" : -1,
      "spilledRecords" : 1604976,
      "mapInputBytes" : -1,
      "resourceUsageMetrics" : {
        "cumulativeCpuUsage" : 47640,
        "virtualMemoryUsage" : 506568704,
        "physicalMemoryUsage" : 211894272,
        "heapUsage" : 163840000
      },
      "location" : {
        "layers" : [ "default-rack", "Master2" ]
      },
      "hostName" : "/default-rack/Master2"
    }, {
      "result" : "KILLED",
      "startTime" : 1404957424394,
      "finishTime" : 1404957457388,
      "attemptID" : "attempt_201407031554_1692_m_000016_1",
      "shuffleFinished" : -1,
      "sortFinished" : -1,
      "hdfsBytesRead" : -1,
      "hdfsBytesWritten" : -1,
      "fileBytesRead" : -1,
      "fileBytesWritten" : -1,
      "mapInputRecords" : -1,
      "mapOutputBytes" : -1,
      "mapOutputRecords" : -1,
      "combineInputRecords" : -1,
      "reduceInputGroups" : -1,
      "reduceInputRecords" : -1,
      "reduceShuffleBytes" : -1,
      "reduceOutputRecords" : -1,
      "spilledRecords" : -1,
      "mapInputBytes" : -1,
      "resourceUsageMetrics" : {
        "cumulativeCpuUsage" : 0,
        "virtualMemoryUsage" : 0,
        "physicalMemoryUsage" : 0,
        "heapUsage" : 0
      },
      "location" : null,
      "hostName" : null
    } ],
    "finishTime" : 1404957452319,
    "preferredLocations" : [ {
      "layers" : [ "default-rack", "Master2" ]
    }, {
      "layers" : [ "default-rack", "Slave21" ]
    }, {
      "layers" : [ "default-rack", "Slave23" ]
    } ],
    "taskType" : "MAP",
    "taskStatus" : "SUCCESS",
    "taskID" : "task_201407031554_1692_m_000016",
    "inputBytes" : 256631525,
    "inputRecords" : 218982,
    "outputBytes" : 42783996,
    "outputRecords" : 23693606
  }, {
    "startTime" : 1404957416001,
    "attempts" : [ {
      "result" : "SUCCESS",
      "startTime" : 1404957407845,
      "finishTime" : 1404957447080,
      "attemptID" : "attempt_201407031554_1692_m_000017_0",
      "shuffleFinished" : -1,
      "sortFinished" : -1,
      "hdfsBytesRead" : 256630450,
      "hdfsBytesWritten" : -1,
      "fileBytesRead" : 29506244,
      "fileBytesWritten" : 43012107,
      "mapInputRecords" : 6098,
      "mapOutputBytes" : 354720700,
      "mapOutputRecords" : 23584488,
      "combineInputRecords" : 24246236,
      "reduceInputGroups" : -1,
      "reduceInputRecords" : -1,
      "reduceShuffleBytes" : -1,
      "reduceOutputRecords" : -1,
      "spilledRecords" : 1602538,
      "mapInputBytes" : -1,
      "resourceUsageMetrics" : {
        "cumulativeCpuUsage" : 55570,
        "virtualMemoryUsage" : 508289024,
        "physicalMemoryUsage" : 294277120,
        "heapUsage" : 246939648
      },
      "location" : {
        "layers" : [ "default-rack", "Slave21" ]
      },
      "hostName" : "/default-rack/Slave21"
    }, {
      "result" : "KILLED",
      "startTime" : 1404957428309,
      "finishTime" : 1404957459360,
      "attemptID" : "attempt_201407031554_1692_m_000017_1",
      "shuffleFinished" : -1,
      "sortFinished" : -1,
      "hdfsBytesRead" : -1,
      "hdfsBytesWritten" : -1,
      "fileBytesRead" : -1,
      "fileBytesWritten" : -1,
      "mapInputRecords" : -1,
      "mapOutputBytes" : -1,
      "mapOutputRecords" : -1,
      "combineInputRecords" : -1,
      "reduceInputGroups" : -1,
      "reduceInputRecords" : -1,
      "reduceShuffleBytes" : -1,
      "reduceOutputRecords" : -1,
      "spilledRecords" : -1,
      "mapInputBytes" : -1,
      "resourceUsageMetrics" : {
        "cumulativeCpuUsage" : 0,
        "virtualMemoryUsage" : 0,
        "physicalMemoryUsage" : 0,
        "heapUsage" : 0
      },
      "location" : null,
      "hostName" : null
    } ],
    "finishTime" : 1404957455457,
    "preferredLocations" : [ {
      "layers" : [ "default-rack", "Master2" ]
    }, {
      "layers" : [ "default-rack", "Slave23" ]
    }, {
      "layers" : [ "default-rack", "Slave21" ]
    } ],
    "taskType" : "MAP",
    "taskStatus" : "SUCCESS",
    "taskID" : "task_201407031554_1692_m_000017",
    "inputBytes" : 256630450,
    "inputRecords" : 6098,
    "outputBytes" : 43012107,
    "outputRecords" : 23584488
  }, {
    "startTime" : 1404957418919,
    "attempts" : [ {
      "result" : "SUCCESS",
      "startTime" : 1404957418920,
      "finishTime" : 1404957456788,
      "attemptID" : "attempt_201407031554_1692_m_000018_0",
      "shuffleFinished" : -1,
      "sortFinished" : -1,
      "hdfsBytesRead" : 256630412,
      "hdfsBytesWritten" : -1,
      "fileBytesRead" : 28585024,
      "fileBytesWritten" : 41612271,
      "mapInputRecords" : 6203,
      "mapOutputBytes" : 354723409,
      "mapOutputRecords" : 23584253,
      "combineInputRecords" : 24245189,
      "reduceInputGroups" : -1,
      "reduceInputRecords" : -1,
      "reduceShuffleBytes" : -1,
      "reduceOutputRecords" : -1,
      "spilledRecords" : 1600611,
      "mapInputBytes" : -1,
      "resourceUsageMetrics" : {
        "cumulativeCpuUsage" : 55340,
        "virtualMemoryUsage" : 505585664,
        "physicalMemoryUsage" : 140402688,
        "heapUsage" : 87293952
      },
      "location" : {
        "layers" : [ "default-rack", "Master2" ]
      },
      "hostName" : "/default-rack/Master2"
    }, {
      "result" : "KILLED",
      "startTime" : 1404957421098,
      "finishTime" : 1404957450011,
      "attemptID" : "attempt_201407031554_1692_m_000018_1",
      "shuffleFinished" : -1,
      "sortFinished" : -1,
      "hdfsBytesRead" : -1,
      "hdfsBytesWritten" : -1,
      "fileBytesRead" : -1,
      "fileBytesWritten" : -1,
      "mapInputRecords" : -1,
      "mapOutputBytes" : -1,
      "mapOutputRecords" : -1,
      "combineInputRecords" : -1,
      "reduceInputGroups" : -1,
      "reduceInputRecords" : -1,
      "reduceShuffleBytes" : -1,
      "reduceOutputRecords" : -1,
      "spilledRecords" : -1,
      "mapInputBytes" : -1,
      "resourceUsageMetrics" : {
        "cumulativeCpuUsage" : 0,
        "virtualMemoryUsage" : 0,
        "physicalMemoryUsage" : 0,
        "heapUsage" : 0
      },
      "location" : null,
      "hostName" : null
    } ],
    "finishTime" : 1404957456831,
    "preferredLocations" : [ {
      "layers" : [ "default-rack", "Master2" ]
    }, {
      "layers" : [ "default-rack", "Slave23" ]
    }, {
      "layers" : [ "default-rack", "Slave21" ]
    } ],
    "taskType" : "MAP",
    "taskStatus" : "SUCCESS",
    "taskID" : "task_201407031554_1692_m_000018",
    "inputBytes" : 256630412,
    "inputRecords" : 6203,
    "outputBytes" : 41612271,
    "outputRecords" : 23584253
  }, {
    "startTime" : 1404957419367,
    "attempts" : [ {
      "result" : "SUCCESS",
      "startTime" : 1404957406053,
      "finishTime" : 1404957441181,
      "attemptID" : "attempt_201407031554_1692_m_000019_0",
      "shuffleFinished" : -1,
      "sortFinished" : -1,
      "hdfsBytesRead" : 256630142,
      "hdfsBytesWritten" : -1,
      "fileBytesRead" : 33808703,
      "fileBytesWritten" : 49778002,
      "mapInputRecords" : 6216,
      "mapOutputBytes" : 353987119,
      "mapOutputRecords" : 23480401,
      "combineInputRecords" : 24141547,
      "reduceInputGroups" : -1,
      "reduceInputRecords" : -1,
      "reduceShuffleBytes" : -1,
      "reduceOutputRecords" : -1,
      "spilledRecords" : 1600104,
      "mapInputBytes" : -1,
      "resourceUsageMetrics" : {
        "cumulativeCpuUsage" : 46630,
        "virtualMemoryUsage" : 505532416,
        "physicalMemoryUsage" : 293441536,
        "heapUsage" : 255328256
      },
      "location" : {
        "layers" : [ "default-rack", "Slave22" ]
      },
      "hostName" : "/default-rack/Slave22"
    } ],
    "finishTime" : 1404957454593,
    "preferredLocations" : [ {
      "layers" : [ "default-rack", "Master2" ]
    }, {
      "layers" : [ "default-rack", "Slave22" ]
    }, {
      "layers" : [ "default-rack", "Slave21" ]
    } ],
    "taskType" : "MAP",
    "taskStatus" : "SUCCESS",
    "taskID" : "task_201407031554_1692_m_000019",
    "inputBytes" : 256630142,
    "inputRecords" : 6216,
    "outputBytes" : 49778002,
    "outputRecords" : 23480401
  } ],
  "finishTime" : 1404957467763,
  "reduceTasks" : [ {
    "startTime" : 1404957376240,
    "attempts" : [ {
      "result" : "SUCCESS",
      "startTime" : 1404957368085,
      "finishTime" : 1404957458076,
      "attemptID" : "attempt_201407031554_1692_r_000000_0",
      "shuffleFinished" : 1404957450990,
      "sortFinished" : 1404957451150,
      "hdfsBytesRead" : -1,
      "hdfsBytesWritten" : 10073785,
      "fileBytesRead" : -1,
      "fileBytesWritten" : 58927,
      "mapInputRecords" : -1,
      "mapOutputBytes" : -1,
      "mapOutputRecords" : -1,
      "combineInputRecords" : 0,
      "reduceInputGroups" : 1790426,
      "reduceInputRecords" : 3272946,
      "reduceShuffleBytes" : 99911431,
      "reduceOutputRecords" : 1790426,
      "spilledRecords" : 0,
      "mapInputBytes" : -1,
      "resourceUsageMetrics" : {
        "cumulativeCpuUsage" : 9110,
        "virtualMemoryUsage" : 945037312,
        "physicalMemoryUsage" : 371339264,
        "heapUsage" : 309854208
      },
      "location" : {
        "layers" : [ "default-rack", "Slave21" ]
      },
      "hostName" : "/default-rack/Slave21"
    }, {
      "result" : "KILLED",
      "startTime" : 1404957461964,
      "finishTime" : 1404957467388,
      "attemptID" : "attempt_201407031554_1692_r_000000_1",
      "shuffleFinished" : -1,
      "sortFinished" : -1,
      "hdfsBytesRead" : -1,
      "hdfsBytesWritten" : -1,
      "fileBytesRead" : -1,
      "fileBytesWritten" : -1,
      "mapInputRecords" : -1,
      "mapOutputBytes" : -1,
      "mapOutputRecords" : -1,
      "combineInputRecords" : -1,
      "reduceInputGroups" : -1,
      "reduceInputRecords" : -1,
      "reduceShuffleBytes" : -1,
      "reduceOutputRecords" : -1,
      "spilledRecords" : -1,
      "mapInputBytes" : -1,
      "resourceUsageMetrics" : {
        "cumulativeCpuUsage" : 0,
        "virtualMemoryUsage" : 0,
        "physicalMemoryUsage" : 0,
        "heapUsage" : 0
      },
      "location" : null,
      "hostName" : null
    } ],
    "finishTime" : 1404957466307,
    "preferredLocations" : [ ],
    "taskType" : "REDUCE",
    "taskStatus" : "SUCCESS",
    "taskID" : "task_201407031554_1692_r_000000",
    "inputBytes" : 99911431,
    "inputRecords" : 3272946,
    "outputBytes" : 10073785,
    "outputRecords" : 1790426
  }, {
    "startTime" : 1404957376304,
    "attempts" : [ {
      "result" : "SUCCESS",
      "startTime" : 1404957362991,
      "finishTime" : 1404957452908,
      "attemptID" : "attempt_201407031554_1692_r_000001_0",
      "shuffleFinished" : 1404957445817,
      "sortFinished" : 1404957445947,
      "hdfsBytesRead" : -1,
      "hdfsBytesWritten" : 10091068,
      "fileBytesRead" : -1,
      "fileBytesWritten" : 58927,
      "mapInputRecords" : -1,
      "mapOutputBytes" : -1,
      "mapOutputRecords" : -1,
      "combineInputRecords" : 0,
      "reduceInputGroups" : 1792618,
      "reduceInputRecords" : 3275680,
      "reduceShuffleBytes" : 100001721,
      "reduceOutputRecords" : 1792618,
      "spilledRecords" : 0,
      "mapInputBytes" : -1,
      "resourceUsageMetrics" : {
        "cumulativeCpuUsage" : 9190,
        "virtualMemoryUsage" : 945750016,
        "physicalMemoryUsage" : 312840192,
        "heapUsage" : 294912000
      },
      "location" : {
        "layers" : [ "default-rack", "Slave22" ]
      },
      "hostName" : "/default-rack/Slave22"
    } ],
    "finishTime" : 1404957466354,
    "preferredLocations" : [ ],
    "taskType" : "REDUCE",
    "taskStatus" : "SUCCESS",
    "taskID" : "task_201407031554_1692_r_000001",
    "inputBytes" : 100001721,
    "inputRecords" : 3275680,
    "outputBytes" : 10091068,
    "outputRecords" : 1792618
  }, {
    "startTime" : 1404957376428,
    "attempts" : [ {
      "result" : "SUCCESS",
      "startTime" : 1404957379197,
      "finishTime" : 1404957469055,
      "attemptID" : "attempt_201407031554_1692_r_000002_0",
      "shuffleFinished" : 1404957462016,
      "sortFinished" : 1404957462160,
      "hdfsBytesRead" : -1,
      "hdfsBytesWritten" : 10099115,
      "fileBytesRead" : -1,
      "fileBytesWritten" : 58927,
      "mapInputRecords" : -1,
      "mapOutputBytes" : -1,
      "mapOutputRecords" : -1,
      "combineInputRecords" : 0,
      "reduceInputGroups" : 1794336,
      "reduceInputRecords" : 3278652,
      "reduceShuffleBytes" : 100082787,
      "reduceOutputRecords" : 1794336,
      "spilledRecords" : 0,
      "mapInputBytes" : -1,
      "resourceUsageMetrics" : {
        "cumulativeCpuUsage" : 9010,
        "virtualMemoryUsage" : 944697344,
        "physicalMemoryUsage" : 346279936,
        "heapUsage" : 299106304
      },
      "location" : {
        "layers" : [ "default-rack", "Slave23" ]
      },
      "hostName" : "/default-rack/Slave23"
    } ],
    "finishTime" : 1404957466553,
    "preferredLocations" : [ ],
    "taskType" : "REDUCE",
    "taskStatus" : "SUCCESS",
    "taskID" : "task_201407031554_1692_r_000002",
    "inputBytes" : 100082787,
    "inputRecords" : 3278652,
    "outputBytes" : 10099115,
    "outputRecords" : 1794336
  } ],
  "submitTime" : 1404957335167,
  "launchTime" : 1404957335231,
  "totalMaps" : 20,
  "totalReduces" : 3,
  "otherTasks" : [ {
    "startTime" : 1404957335285,
    "attempts" : [ {
      "result" : "SUCCESS",
      "startTime" : 1404957327180,
      "finishTime" : 1404957327794,
      "attemptID" : "attempt_201407031554_1692_m_000021_0",
      "shuffleFinished" : -1,
      "sortFinished" : -1,
      "hdfsBytesRead" : -1,
      "hdfsBytesWritten" : -1,
      "fileBytesRead" : -1,
      "fileBytesWritten" : 59019,
      "mapInputRecords" : -1,
      "mapOutputBytes" : -1,
      "mapOutputRecords" : -1,
      "combineInputRecords" : -1,
      "reduceInputGroups" : -1,
      "reduceInputRecords" : -1,
      "reduceShuffleBytes" : -1,
      "reduceOutputRecords" : -1,
      "spilledRecords" : 0,
      "mapInputBytes" : -1,
      "resourceUsageMetrics" : {
        "cumulativeCpuUsage" : 50,
        "virtualMemoryUsage" : 502140928,
        "physicalMemoryUsage" : 61964288,
        "heapUsage" : 64487424
      },
      "location" : {
        "layers" : [ "default-rack", "Slave21" ]
      },
      "hostName" : "/default-rack/Slave21"
    } ],
    "finishTime" : 1404957336191,
    "preferredLocations" : [ ],
    "taskType" : "SETUP",
    "taskStatus" : "SUCCESS",
    "taskID" : "task_201407031554_1692_m_000021",
    "inputBytes" : -1,
    "inputRecords" : -1,
    "outputBytes" : -1,
    "outputRecords" : -1
  }, {
    "startTime" : 1404957466554,
    "attempts" : [ {
      "result" : "SUCCESS",
      "startTime" : 1404957469323,
      "finishTime" : 1404957470493,
      "attemptID" : "attempt_201407031554_1692_m_000020_0",
      "shuffleFinished" : -1,
      "sortFinished" : -1,
      "hdfsBytesRead" : -1,
      "hdfsBytesWritten" : -1,
      "fileBytesRead" : -1,
      "fileBytesWritten" : 59019,
      "mapInputRecords" : -1,
      "mapOutputBytes" : -1,
      "mapOutputRecords" : -1,
      "combineInputRecords" : -1,
      "reduceInputGroups" : -1,
      "reduceInputRecords" : -1,
      "reduceShuffleBytes" : -1,
      "reduceOutputRecords" : -1,
      "spilledRecords" : 0,
      "mapInputBytes" : -1,
      "resourceUsageMetrics" : {
        "cumulativeCpuUsage" : 30,
        "virtualMemoryUsage" : 501944320,
        "physicalMemoryUsage" : 62779392,
        "heapUsage" : 64487424
      },
      "location" : {
        "layers" : [ "default-rack", "Slave23" ]
      },
      "hostName" : "/default-rack/Slave23"
    } ],
    "finishTime" : 1404957467762,
    "preferredLocations" : [ ],
    "taskType" : "CLEANUP",
    "taskStatus" : "SUCCESS",
    "taskID" : "task_201407031554_1692_m_000020",
    "inputBytes" : -1,
    "inputRecords" : -1,
    "outputBytes" : -1,
    "outputRecords" : -1
  } ],
  "mapperTriesToSucceed" : [ 1.0 ],
  "failedMapperFraction" : 0.0,
  "relativeTime" : 0,
  "clusterMapMB" : -1,
  "clusterReduceMB" : -1,
  "jobMapMB" : 200,
  "jobReduceMB" : 200,
  "queue" : "default",
  "jobProperties" : {
    "fs.s3n.impl" : "org.apache.hadoop.fs.s3native.NativeS3FileSystem",
    "mapred.task.cache.levels" : "2",
    "mapreduce.job.restart.recover" : "true",
    "mapreduce.job.counters.max" : "120",
    "dfs.client.use.datanode.hostname" : "false",
    "hadoop.tmp.dir" : "/tmp/hadoop-${user.name}",
    "hadoop.native.lib" : "true",
    "map.sort.class" : "org.apache.hadoop.util.QuickSort",
    "dfs.namenode.decommission.nodes.per.interval" : "5",
    "dfs.https.need.client.auth" : "false",
    "dfs.datanode.drop.cache.behind.writes" : "false",
    "ipc.client.idlethreshold" : "4000",
    "mapred.system.dir" : "${hadoop.tmp.dir}/mapred/system",
    "dfs.datanode.data.dir.perm" : "755",
    "mapred.job.tracker.persist.jobstatus.hours" : "0",
    "dfs.namenode.logging.level" : "info",
    "dfs.datanode.address" : "0.0.0.0:50010",
    "io.skip.checksum.errors" : "false",
    "dfs.block.access.token.enable" : "false",
    "fs.default.name" : "hdfs://Master2:9000",
    "mapred.cluster.reduce.memory.mb" : "-1",
    "mapred.reducer.new-api" : "true",
    "mapred.child.tmp" : "./tmp",
    "fs.har.impl.disable.cache" : "true",
    "dfs.safemode.threshold.pct" : "0.999f",
    "mapred.skip.reduce.max.skip.groups" : "0",
    "mapred.heartbeats.in.second" : "100",
    "dfs.namenode.handler.count" : "10",
    "dfs.blockreport.initialDelay" : "0",
    "mapred.tasktracker.dns.nameserver" : "default",
    "io.sort.factor" : "10",
    "dfs.datanode.drop.cache.behind.reads" : "false",
    "mapred.task.timeout" : "600000",
    "mapred.max.tracker.failures" : "4",
    "hadoop.rpc.socket.factory.class.default" : "org.apache.hadoop.net.StandardSocketFactory",
    "mapred.job.tracker.jobhistory.lru.cache.size" : "5",
    "fs.hdfs.impl" : "org.apache.hadoop.hdfs.DistributedFileSystem",
    "mapred.queue.default.acl-administer-jobs" : "*",
    "dfs.namenode.stale.datanode.interval" : "30000",
    "mapred.output.key.class" : "org.apache.hadoop.io.Text",
    "dfs.block.access.key.update.interval" : "600",
    "mapred.skip.map.auto.incr.proc.count" : "true",
    "mapreduce.job.complete.cancel.delegation.tokens" : "true",
    "io.mapfile.bloom.size" : "1048576",
    "mapreduce.reduce.shuffle.connect.timeout" : "180000",
    "dfs.safemode.extension" : "30000",
    "mapred.jobtracker.blacklist.fault-timeout-window" : "180",
    "dfs.namenode.write.stale.datanode.ratio" : "0.5f",
    "hadoop.skip.worker.version.check" : "false",
    "tasktracker.http.threads" : "40",
    "net.topology.impl" : "org.apache.hadoop.net.NetworkTopology",
    "mapred.job.shuffle.merge.percent" : "0.8",
    "fs.ftp.impl" : "org.apache.hadoop.fs.ftp.FTPFileSystem",
    "user.name" : "itri-hadoop",
    "dfs.namenode.kerberos.internal.spnego.principal" : "${dfs.web.authentication.kerberos.principal}",
    "mapred.output.compress" : "true",
    "io.bytes.per.checksum" : "512",
    "mapred.combine.recordsBeforeProgress" : "10000",
    "mapred.healthChecker.script.timeout" : "600000",
    "topology.node.switch.mapping.impl" : "org.apache.hadoop.net.ScriptBasedMapping",
    "dfs.https.server.keystore.resource" : "ssl-server.xml",
    "mapred.reduce.slowstart.completed.maps" : "0.03",
    "mapred.reduce.max.attempts" : "4",
    "dfs.namenode.safemode.min.datanodes" : "0",
    "mapreduce.ifile.readahead.bytes" : "4194304",
    "fs.ramfs.impl" : "org.apache.hadoop.fs.InMemoryFileSystem",
    "dfs.block.access.token.lifetime" : "600",
    "mapred.skip.map.max.skip.records" : "0",
    "dfs.name.edits.dir" : "${dfs.name.dir}",
    "mapred.cluster.map.memory.mb" : "-1",
    "hadoop.security.group.mapping" : "org.apache.hadoop.security.ShellBasedUnixGroupsMapping",
    "mapred.job.tracker.persist.jobstatus.dir" : "/jobtracker/jobsInfo",
    "mapred.jar" : "hdfs://Master2:9000/tmp/hadoop-itri-hadoop/mapred/staging/itri-hadoop/.staging/job_201407031554_1692/job.jar",
    "fs.s3.buffer.dir" : "${hadoop.tmp.dir}/s3",
    "dfs.block.size" : "67108864",
    "job.end.retry.attempts" : "0",
    "fs.file.impl" : "org.apache.hadoop.fs.LocalFileSystem",
    "dfs.namenode.avoid.write.stale.datanode" : "false",
    "dfs.datanode.max.xcievers" : "4096",
    "mapred.local.dir.minspacestart" : "0",
    "mapred.output.compression.type" : "RECORD",
    "dfs.datanode.ipc.address" : "0.0.0.0:50020",
    "dfs.permissions" : "true",
    "topology.script.number.args" : "100",
    "mapreduce.job.counters.groups.max" : "50",
    "io.mapfile.bloom.error.rate" : "0.005",
    "mapred.cluster.max.reduce.memory.mb" : "-1",
    "mapred.max.tracker.blacklists" : "4",
    "mapred.task.profile.maps" : "0-2",
    "mapred.jobtracker.jobSchedulable" : "org.apache.hadoop.mapred.JobSchedulable",
    "dfs.datanode.https.address" : "0.0.0.0:50475",
    "mapred.userlog.retain.hours" : "24",
    "dfs.secondary.http.address" : "0.0.0.0:50090",
    "dfs.namenode.replication.work.multiplier.per.iteration" : "2",
    "dfs.replication.max" : "512",
    "mapred.job.tracker.persist.jobstatus.active" : "false",
    "hadoop.security.authorization" : "false",
    "local.cache.size" : "10737418240",
    "mapred.min.split.size" : "268435456",
    "dfs.namenode.delegation.token.renew-interval" : "86400000",
    "mapred.map.tasks" : "20",
    "mapred.child.java.opts" : "-Xmx200m",
    "mapred.output.value.class" : "org.apache.hadoop.io.IntWritable",
    "dfs.https.client.keystore.resource" : "ssl-client.xml",
    "ipc.client.fallback-to-simple-auth-allowed" : "false",
    "mapred.job.queue.name" : "default",
    "mapred.job.tracker.retiredjobs.cache.size" : "1000",
    "dfs.https.address" : "0.0.0.0:50470",
    "dfs.balance.bandwidthPerSec" : "1048576",
    "ipc.server.listen.queue.size" : "128",
    "dfs.namenode.invalidate.work.pct.per.iteration" : "0.32f",
    "mapred.inmem.merge.threshold" : "1100",
    "job.end.retry.interval" : "30000",
    "mapred.skip.attempts.to.start.skipping" : "2",
    "mapreduce.tasktracker.outofband.heartbeat.damper" : "1000000",
    "hadoop.security.use-weak-http-crypto" : "false",
    "fs.checkpoint.dir" : "${hadoop.tmp.dir}/dfs/namesecondary",
    "dfs.namenode.avoid.read.stale.datanode" : "false",
    "mapred.reduce.tasks" : "3",
    "mapred.merge.recordsBeforeProgress" : "10000",
    "mapred.userlog.limit.kb" : "0",
    "mapred.job.reduce.memory.mb" : "-1",
    "webinterface.private.actions" : "false",
    "dfs.max.objects" : "0",
    "hadoop.security.token.service.use_ip" : "true",
    "io.sort.spill.percent" : "0.9",
    "mapred.job.shuffle.input.buffer.percent" : "0.7",
    "mapred.map.tasks.speculative.execution" : "true",
    "hadoop.http.authentication.type" : "simple",
    "mapred.job.name" : "word count",
    "hadoop.util.hash.type" : "murmur",
    "dfs.datanode.dns.nameserver" : "default",
    "hadoop.security.instrumentation.requires.admin" : "false",
    "dfs.blockreport.intervalMsec" : "3600000",
    "dfs.datanode.readahead.bytes" : "4193404",
    "mapred.map.max.attempts" : "4",
    "mapreduce.job.acl-view-job" : " ",
    "mapreduce.ifile.readahead" : "true",
    "mapred.jobtracker.nodegroup.aware" : "false",
    "mapred.job.tracker.handler.count" : "10",
    "dfs.client.block.write.retries" : "3",
    "mapreduce.reduce.shuffle.read.timeout" : "180000",
    "mapred.tasktracker.expiry.interval" : "600000",
    "dfs.secondary.namenode.kerberos.internal.spnego.principal" : "${dfs.web.authentication.kerberos.principal}",
    "dfs.https.enable" : "false",
    "mapred.jobtracker.job.history.block.size" : "3145728",
    "mapred.jobtracker.maxtasks.per.job" : "-1",
    "keep.failed.task.files" : "false",
    "dfs.datanode.use.datanode.hostname" : "false",
    "dfs.datanode.failed.volumes.tolerated" : "0",
    "ipc.client.tcpnodelay" : "false",
    "mapred.task.profile.reduces" : "0-2",
    "io.map.index.skip" : "0",
    "mapred.output.compression.codec" : "org.apache.hadoop.io.compress.DefaultCodec",
    "hadoop.http.authentication.token.validity" : "36000",
    "ipc.server.tcpnodelay" : "false",
    "hadoop.jetty.logs.serve.aliases" : "true",
    "mapred.working.dir" : "hdfs://Master2:9000/user/itri-hadoop",
    "mapred.jobtracker.blacklist.fault-bucket-width" : "15",
    "dfs.namenode.delegation.key.update-interval" : "86400000",
    "mapred.used.genericoptionsparser" : "true",
    "mapred.job.map.memory.mb" : "-1",
    "mapred.mapper.new-api" : "true",
    "dfs.default.chunk.view.size" : "32768",
    "hadoop.logfile.size" : "10000000",
    "mapred.reduce.tasks.speculative.execution" : "true",
    "mapreduce.tasktracker.outofband.heartbeat" : "false",
    "mapreduce.job.dir" : "hdfs://Master2:9000/tmp/hadoop-itri-hadoop/mapred/staging/itri-hadoop/.staging/job_201407031554_1692",
    "mapreduce.reduce.input.limit" : "-1",
    "dfs.datanode.du.reserved" : "0",
    "dfs.datanode.sync.behind.writes" : "false",
    "hadoop.security.authentication" : "simple",
    "fs.checkpoint.period" : "3600",
    "mapred.job.reuse.jvm.num.tasks" : "16",
    "dfs.web.ugi" : "webuser,webgroup",
    "mapred.jobtracker.completeuserjobs.maximum" : "100",
    "dfs.df.interval" : "60000",
    "mapred.task.tracker.task-controller" : "org.apache.hadoop.mapred.DefaultTaskController",
    "dfs.data.dir" : "${hadoop.tmp.dir}/dfs/data",
    "fs.s3.maxRetries" : "4",
    "dfs.datanode.dns.interface" : "default",
    "mapred.cluster.max.map.memory.mb" : "-1",
    "mapreduce.reduce.shuffle.maxfetchfailures" : "10",
    "mapred.map.child.java.opts" : "-Xmx300M",
    "mapreduce.job.acl-modify-job" : " ",
    "fs.hftp.impl" : "org.apache.hadoop.hdfs.HftpFileSystem",
    "mapred.local.dir" : "${hadoop.tmp.dir}/mapred/local",
    "dfs.permissions.supergroup" : "supergroup",
    "fs.s3.sleepTimeSeconds" : "10",
    "fs.trash.interval" : "0",
    "mapred.submit.replication" : "10",
    "dfs.replication.min" : "1",
    "fs.har.impl" : "org.apache.hadoop.fs.HarFileSystem",
    "hadoop.relaxed.worker.version.check" : "false",
    "mapred.map.output.compression.codec" : "org.apache.hadoop.io.compress.DefaultCodec",
    "mapred.tasktracker.dns.interface" : "default",
    "dfs.http.address" : "0.0.0.0:50070",
    "dfs.namenode.decommission.interval" : "30",
    "mapred.job.tracker" : "Master2:9001",
    "dfs.heartbeat.interval" : "3",
    "hadoop.http.authentication.signature.secret.file" : "${user.home}/hadoop-http-auth-signature-secret",
    "io.seqfile.sorter.recordlimit" : "1000000",
    "mapreduce.job.submithost" : "Master2",
    "dfs.name.dir" : "${hadoop.tmp.dir}/dfs/name",
    "mapred.jobtracker.taskScheduler" : "org.apache.hadoop.mapred.JobQueueTaskScheduler",
    "mapred.line.input.format.linespermap" : "1",
    "dfs.datanode.http.address" : "0.0.0.0:50075",
    "fs.webhdfs.impl" : "org.apache.hadoop.hdfs.web.WebHdfsFileSystem",
    "mapred.local.dir.minspacekill" : "0",
    "dfs.image.transfer.bandwidthPerSec" : "0",
    "dfs.replication.interval" : "3",
    "io.sort.record.percent" : "0.08",
    "hadoop.http.authentication.kerberos.principal" : "HTTP/localhost@LOCALHOST",
    "mapreduce.reduce.class" : "org.apache.hadoop.examples.WordCount$IntSumReducer",
    "fs.kfs.impl" : "org.apache.hadoop.fs.kfs.KosmosFileSystem",
    "mapred.tasktracker.reduce.tasks.maximum" : "4",
    "mapred.temp.dir" : "${hadoop.tmp.dir}/mapred/temp",
    "dfs.replication" : "3",
    "fs.checkpoint.edits.dir" : "${fs.checkpoint.dir}",
    "mapreduce.jobhistory.max-age-ms" : "2592000000",
    "mapred.tasktracker.tasks.sleeptime-before-sigkill" : "5000",
    "mapred.job.reduce.input.buffer.percent" : "0.5",
    "mapred.tasktracker.indexcache.mb" : "10",
    "dfs.webhdfs.enabled" : "false",
    "mapreduce.job.split.metainfo.maxsize" : "10000000",
    "hadoop.logfile.count" : "10",
    "mapred.skip.reduce.auto.incr.proc.count" : "true",
    "mapreduce.job.submithostaddress" : "192.168.1.104",
    "io.seqfile.compress.blocksize" : "1000000",
    "fs.s3.block.size" : "67108864",
    "mapred.tasktracker.taskmemorymanager.monitoring-interval" : "5000",
    "hadoop.http.authentication.simple.anonymous.allowed" : "true",
    "mapreduce.jobtracker.staging.root.dir" : "${hadoop.tmp.dir}/mapred/staging",
    "mapred.acls.enabled" : "false",
    "mapred.queue.default.state" : "RUNNING",
    "mapred.queue.names" : "default",
    "fs.hsftp.impl" : "org.apache.hadoop.hdfs.HsftpFileSystem",
    "dfs.access.time.precision" : "3600000",
    "mapred.task.tracker.http.address" : "0.0.0.0:50060",
    "mapreduce.combine.class" : "org.apache.hadoop.examples.WordCount$IntSumReducer",
    "io.seqfile.lazydecompress" : "true",
    "mapred.reduce.parallel.copies" : "5",
    "mapred.disk.healthChecker.interval" : "60000",
    "mapred.output.dir" : "/word-out",
    "ipc.client.connection.maxidletime" : "10000",
    "io.sort.mb" : "200",
    "mapred.reduce.child.java.opts" : "-Xmx700M",
    "mapred.task.tracker.report.address" : "127.0.0.1:0",
    "hadoop.security.uid.cache.secs" : "14400",
    "mapred.compress.map.output" : "false",
    "ipc.client.kill.max" : "10",
    "mapred.healthChecker.interval" : "60000",
    "ipc.client.connect.max.retries" : "10",
    "mapreduce.map.class" : "org.apache.hadoop.examples.WordCount$TokenizerMapper",
    "fs.s3.impl" : "org.apache.hadoop.fs.s3.S3FileSystem",
    "mapred.user.jobconf.limit" : "5242880",
    "mapreduce.job.counters.group.name.max" : "128",
    "mapred.job.tracker.http.address" : "0.0.0.0:50030",
    "mapred.input.dir" : "hdfs://Master2:9000/word-in5G",
    "io.file.buffer.size" : "4096",
    "mapred.jobtracker.restart.recover" : "false",
    "io.serializations" : "org.apache.hadoop.io.serializer.WritableSerialization",
    "mapred.task.profile" : "false",
    "dfs.datanode.handler.count" : "3",
    "mapreduce.input.num.files" : "20",
    "mapreduce.jobhistory.cleaner.interval-ms" : "86400000",
    "dfs.replication.considerLoad" : "true",
    "jobclient.output.filter" : "FAILED",
    "dfs.namenode.edits.toleration.length" : "0",
    "hadoop.http.authentication.kerberos.keytab" : "${user.home}/hadoop.keytab",
    "dfs.namenode.delegation.token.max-lifetime" : "604800000",
    "mapred.tasktracker.map.tasks.maximum" : "4",
    "fs.checkpoint.size" : "67108864",
    "io.compression.codecs" : "org.apache.hadoop.io.compress.DefaultCodec,org.apache.hadoop.io.compress.GzipCodec,org.apache.hadoop.io.compress.BZip2Codec,org.apache.hadoop.io.compress.SnappyCodec",
    "mapreduce.job.counters.counter.name.max" : "64"
  },
  "computonsPerMapInputByte" : -1,
  "computonsPerMapOutputByte" : -1,
  "computonsPerReduceInputByte" : -1,
  "computonsPerReduceOutputByte" : -1,
  "heapMegabytes" : 200,
  "outcome" : "SUCCESS",
  "jobtype" : "JAVA",
  "directDependantJobs" : [ ],
  "successfulMapAttemptCDFs" : [ {
    "maximum" : 56774,
    "minimum" : 35128,
    "rankings" : [ {
      "relativeRanking" : 0.05,
      "datum" : 35128
    }, {
      "relativeRanking" : 0.1,
      "datum" : 35715
    }, {
      "relativeRanking" : 0.15,
      "datum" : 36217
    }, {
      "relativeRanking" : 0.2,
      "datum" : 37868
    }, {
      "relativeRanking" : 0.25,
      "datum" : 38578
    }, {
      "relativeRanking" : 0.3,
      "datum" : 39235
    }, {
      "relativeRanking" : 0.35,
      "datum" : 39324
    }, {
      "relativeRanking" : 0.4,
      "datum" : 39576
    }, {
      "relativeRanking" : 0.45,
      "datum" : 39758
    }, {
      "relativeRanking" : 0.5,
      "datum" : 41223
    }, {
      "relativeRanking" : 0.55,
      "datum" : 42039
    }, {
      "relativeRanking" : 0.6,
      "datum" : 43299
    }, {
      "relativeRanking" : 0.65,
      "datum" : 43303
    }, {
      "relativeRanking" : 0.7,
      "datum" : 43545
    }, {
      "relativeRanking" : 0.75,
      "datum" : 43774
    }, {
      "relativeRanking" : 0.8,
      "datum" : 45979
    }, {
      "relativeRanking" : 0.85,
      "datum" : 46768
    }, {
      "relativeRanking" : 0.9,
      "datum" : 46968
    }, {
      "relativeRanking" : 0.95,
      "datum" : 47016
    } ],
    "numberValues" : 20
  }, {
    "maximum" : 9223372036854775807,
    "minimum" : -9223372036854775808,
    "rankings" : [ ],
    "numberValues" : 0
  }, {
    "maximum" : 9223372036854775807,
    "minimum" : -9223372036854775808,
    "rankings" : [ ],
    "numberValues" : 0
  }, {
    "maximum" : 9223372036854775807,
    "minimum" : -9223372036854775808,
    "rankings" : [ ],
    "numberValues" : 0
  } ],
  "failedMapAttemptCDFs" : [ {
    "maximum" : 9223372036854775807,
    "minimum" : -9223372036854775808,
    "rankings" : [ ],
    "numberValues" : 0
  }, {
    "maximum" : 9223372036854775807,
    "minimum" : -9223372036854775808,
    "rankings" : [ ],
    "numberValues" : 0
  }, {
    "maximum" : 9223372036854775807,
    "minimum" : -9223372036854775808,
    "rankings" : [ ],
    "numberValues" : 0
  }, {
    "maximum" : 9223372036854775807,
    "minimum" : -9223372036854775808,
    "rankings" : [ ],
    "numberValues" : 0
  } ],
  "successfulReduceAttemptCDF" : {
    "maximum" : 89991,
    "minimum" : 89858,
    "rankings" : [ {
      "relativeRanking" : 0.05,
      "datum" : 89858
    }, {
      "relativeRanking" : 0.1,
      "datum" : 89858
    }, {
      "relativeRanking" : 0.15,
      "datum" : 89858
    }, {
      "relativeRanking" : 0.2,
      "datum" : 89858
    }, {
      "relativeRanking" : 0.25,
      "datum" : 89858
    }, {
      "relativeRanking" : 0.3,
      "datum" : 89858
    }, {
      "relativeRanking" : 0.35,
      "datum" : 89858
    }, {
      "relativeRanking" : 0.4,
      "datum" : 89858
    }, {
      "relativeRanking" : 0.45,
      "datum" : 89858
    }, {
      "relativeRanking" : 0.5,
      "datum" : 89858
    }, {
      "relativeRanking" : 0.55,
      "datum" : 89858
    }, {
      "relativeRanking" : 0.6,
      "datum" : 89858
    }, {
      "relativeRanking" : 0.65,
      "datum" : 89858
    }, {
      "relativeRanking" : 0.7,
      "datum" : 89917
    }, {
      "relativeRanking" : 0.75,
      "datum" : 89917
    }, {
      "relativeRanking" : 0.8,
      "datum" : 89917
    }, {
      "relativeRanking" : 0.85,
      "datum" : 89917
    }, {
      "relativeRanking" : 0.9,
      "datum" : 89917
    }, {
      "relativeRanking" : 0.95,
      "datum" : 89917
    } ],
    "numberValues" : 3
  },
  "failedReduceAttemptCDF" : {
    "maximum" : 9223372036854775807,
    "minimum" : -9223372036854775808,
    "rankings" : [ ],
    "numberValues" : 0
  },
  "priority" : "NORMAL"
}