{
  "priority" : "NORMAL",
  "jobID" : "job_201407031554_1925",
  "user" : "itri-hadoop",
  "jobName" : "word count",
  "mapTasks" : [ {
    "startTime" : 1405028932139,
    "attempts" : [ {
      "result" : "SUCCESS",
      "location" : {
        "layers" : [ "default-rack", "Master2" ]
      },
      "hostName" : "/default-rack/Master2",
      "startTime" : 1405028932143,
      "finishTime" : 1405028967502,
      "attemptID" : "attempt_201407031554_1925_m_000000_0",
      "shuffleFinished" : -1,
      "sortFinished" : -1,
      "hdfsBytesRead" : 256639996,
      "hdfsBytesWritten" : -1,
      "fileBytesRead" : 34687831,
      "fileBytesWritten" : 50954606,
      "mapInputRecords" : 6287,
      "mapOutputBytes" : 354421684,
      "mapOutputRecords" : 23479252,
      "combineInputRecords" : 24141721,
      "reduceInputGroups" : -1,
      "reduceInputRecords" : -1,
      "reduceShuffleBytes" : -1,
      "reduceOutputRecords" : -1,
      "spilledRecords" : 1603607,
      "mapInputBytes" : -1,
      "resourceUsageMetrics" : {
        "cumulativeCpuUsage" : 39150,
        "virtualMemoryUsage" : 835407872,
        "physicalMemoryUsage" : 467161088,
        "heapUsage" : 511705088
      }
    } ],
    "finishTime" : 1405028967659,
    "preferredLocations" : [ {
      "layers" : [ "default-rack", "Master2" ]
    }, {
      "layers" : [ "default-rack", "Slave23" ]
    }, {
      "layers" : [ "default-rack", "Slave22" ]
    } ],
    "taskType" : "MAP",
    "taskStatus" : "SUCCESS",
    "taskID" : "task_201407031554_1925_m_000000",
    "inputBytes" : 256639996,
    "inputRecords" : 6287,
    "outputBytes" : 50954606,
    "outputRecords" : 23479252
  }, {
    "startTime" : 1405028932140,
    "attempts" : [ {
      "result" : "SUCCESS",
      "location" : {
        "layers" : [ "default-rack", "Master2" ]
      },
      "hostName" : "/default-rack/Master2",
      "startTime" : 1405028932144,
      "finishTime" : 1405028967488,
      "attemptID" : "attempt_201407031554_1925_m_000001_0",
      "shuffleFinished" : -1,
      "sortFinished" : -1,
      "hdfsBytesRead" : 256639160,
      "hdfsBytesWritten" : -1,
      "fileBytesRead" : 29226438,
      "fileBytesWritten" : 42290677,
      "mapInputRecords" : 219088,
      "mapOutputBytes" : 354630398,
      "mapOutputRecords" : 23691420,
      "combineInputRecords" : 24355462,
      "reduceInputGroups" : -1,
      "reduceInputRecords" : -1,
      "reduceShuffleBytes" : -1,
      "reduceOutputRecords" : -1,
      "spilledRecords" : 1607385,
      "mapInputBytes" : -1,
      "resourceUsageMetrics" : {
        "cumulativeCpuUsage" : 39160,
        "virtualMemoryUsage" : 833155072,
        "physicalMemoryUsage" : 416350208,
        "heapUsage" : 508559360
      }
    } ],
    "finishTime" : 1405028967660,
    "preferredLocations" : [ {
      "layers" : [ "default-rack", "Master2" ]
    }, {
      "layers" : [ "default-rack", "Slave22" ]
    }, {
      "layers" : [ "default-rack", "Slave23" ]
    } ],
    "taskType" : "MAP",
    "taskStatus" : "SUCCESS",
    "taskID" : "task_201407031554_1925_m_000001",
    "inputBytes" : 256639160,
    "inputRecords" : 219088,
    "outputBytes" : 42290677,
    "outputRecords" : 23691420
  }, {
    "startTime" : 1405028932249,
    "attempts" : [ {
      "result" : "SUCCESS",
      "location" : {
        "layers" : [ "default-rack", "Slave22" ]
      },
      "hostName" : "/default-rack/Slave22",
      "startTime" : 1405028917596,
      "finishTime" : 1405028953455,
      "attemptID" : "attempt_201407031554_1925_m_000002_0",
      "shuffleFinished" : -1,
      "sortFinished" : -1,
      "hdfsBytesRead" : 256638247,
      "hdfsBytesWritten" : -1,
      "fileBytesRead" : 29486926,
      "fileBytesWritten" : 42778758,
      "mapInputRecords" : 112590,
      "mapOutputBytes" : 354832939,
      "mapOutputRecords" : 23584115,
      "combineInputRecords" : 24246722,
      "reduceInputGroups" : -1,
      "reduceInputRecords" : -1,
      "reduceShuffleBytes" : -1,
      "reduceOutputRecords" : -1,
      "spilledRecords" : 1603828,
      "mapInputBytes" : -1,
      "resourceUsageMetrics" : {
        "cumulativeCpuUsage" : 39820,
        "virtualMemoryUsage" : 834203648,
        "physicalMemoryUsage" : 413859840,
        "heapUsage" : 499646464
      }
    } ],
    "finishTime" : 1405028968189,
    "preferredLocations" : [ {
      "layers" : [ "default-rack", "Master2" ]
    }, {
      "layers" : [ "default-rack", "Slave21" ]
    }, {
      "layers" : [ "default-rack", "Slave22" ]
    } ],
    "taskType" : "MAP",
    "taskStatus" : "SUCCESS",
    "taskID" : "task_201407031554_1925_m_000002",
    "inputBytes" : 256638247,
    "inputRecords" : 112590,
    "outputBytes" : 42778758,
    "outputRecords" : 23584115
  }, {
    "startTime" : 1405028932249,
    "attempts" : [ {
      "result" : "SUCCESS",
      "location" : {
        "layers" : [ "default-rack", "Slave22" ]
      },
      "hostName" : "/default-rack/Slave22",
      "startTime" : 1405028917596,
      "finishTime" : 1405028953072,
      "attemptID" : "attempt_201407031554_1925_m_000003_0",
      "shuffleFinished" : -1,
      "sortFinished" : -1,
      "hdfsBytesRead" : 256637462,
      "hdfsBytesWritten" : -1,
      "fileBytesRead" : 35161454,
      "fileBytesWritten" : 51714313,
      "mapInputRecords" : 6190,
      "mapOutputBytes" : 354734072,
      "mapOutputRecords" : 23478568,
      "combineInputRecords" : 24140619,
      "reduceInputGroups" : -1,
      "reduceInputRecords" : -1,
      "reduceShuffleBytes" : -1,
      "reduceOutputRecords" : -1,
      "spilledRecords" : 1601596,
      "mapInputBytes" : -1,
      "resourceUsageMetrics" : {
        "cumulativeCpuUsage" : 39580,
        "virtualMemoryUsage" : 831057920,
        "physicalMemoryUsage" : 416358400,
        "heapUsage" : 513802240
      }
    } ],
    "finishTime" : 1405028967886,
    "preferredLocations" : [ {
      "layers" : [ "default-rack", "Master2" ]
    }, {
      "layers" : [ "default-rack", "Slave22" ]
    }, {
      "layers" : [ "default-rack", "Slave23" ]
    } ],
    "taskType" : "MAP",
    "taskStatus" : "SUCCESS",
    "taskID" : "task_201407031554_1925_m_000003",
    "inputBytes" : 256637462,
    "inputRecords" : 6190,
    "outputBytes" : 51714313,
    "outputRecords" : 23478568
  }, {
    "startTime" : 1405028932351,
    "attempts" : [ {
      "result" : "SUCCESS",
      "location" : {
        "layers" : [ "default-rack", "Slave21" ]
      },
      "hostName" : "/default-rack/Slave21",
      "startTime" : 1405028923384,
      "finishTime" : 1405028959003,
      "attemptID" : "attempt_201407031554_1925_m_000005_0",
      "shuffleFinished" : -1,
      "sortFinished" : -1,
      "hdfsBytesRead" : 256637015,
      "hdfsBytesWritten" : -1,
      "fileBytesRead" : 33940215,
      "fileBytesWritten" : 49805376,
      "mapInputRecords" : 6257,
      "mapOutputBytes" : 353981081,
      "mapOutputRecords" : 23476364,
      "combineInputRecords" : 24138307,
      "reduceInputGroups" : -1,
      "reduceInputRecords" : -1,
      "reduceShuffleBytes" : -1,
      "reduceOutputRecords" : -1,
      "spilledRecords" : 1601709,
      "mapInputBytes" : -1,
      "resourceUsageMetrics" : {
        "cumulativeCpuUsage" : 39360,
        "virtualMemoryUsage" : 833204224,
        "physicalMemoryUsage" : 399966208,
        "heapUsage" : 500695040
      }
    } ],
    "finishTime" : 1405028968172,
    "preferredLocations" : [ {
      "layers" : [ "default-rack", "Master2" ]
    }, {
      "layers" : [ "default-rack", "Slave21" ]
    }, {
      "layers" : [ "default-rack", "Slave23" ]
    } ],
    "taskType" : "MAP",
    "taskStatus" : "SUCCESS",
    "taskID" : "task_201407031554_1925_m_000005",
    "inputBytes" : 256637015,
    "inputRecords" : 6257,
    "outputBytes" : 49805376,
    "outputRecords" : 23476364
  }, {
    "startTime" : 1405028932351,
    "attempts" : [ {
      "result" : "SUCCESS",
      "location" : {
        "layers" : [ "default-rack", "Slave21" ]
      },
      "hostName" : "/default-rack/Slave21",
      "startTime" : 1405028923384,
      "finishTime" : 1405028958952,
      "attemptID" : "attempt_201407031554_1925_m_000006_0",
      "shuffleFinished" : -1,
      "sortFinished" : -1,
      "hdfsBytesRead" : 256636365,
      "hdfsBytesWritten" : -1,
      "fileBytesRead" : 35341518,
      "fileBytesWritten" : 51984711,
      "mapInputRecords" : 6087,
      "mapOutputBytes" : 354842515,
      "mapOutputRecords" : 23479607,
      "combineInputRecords" : 24141342,
      "reduceInputGroups" : -1,
      "reduceInputRecords" : -1,
      "reduceShuffleBytes" : -1,
      "reduceOutputRecords" : -1,
      "spilledRecords" : 1601482,
      "mapInputBytes" : -1,
      "resourceUsageMetrics" : {
        "cumulativeCpuUsage" : 39200,
        "virtualMemoryUsage" : 832266240,
        "physicalMemoryUsage" : 438026240,
        "heapUsage" : 482344960
      }
    } ],
    "finishTime" : 1405028968172,
    "preferredLocations" : [ {
      "layers" : [ "default-rack", "Master2" ]
    }, {
      "layers" : [ "default-rack", "Slave23" ]
    }, {
      "layers" : [ "default-rack", "Slave21" ]
    } ],
    "taskType" : "MAP",
    "taskStatus" : "SUCCESS",
    "taskID" : "task_201407031554_1925_m_000006",
    "inputBytes" : 256636365,
    "inputRecords" : 6087,
    "outputBytes" : 51984711,
    "outputRecords" : 23479607
  }, {
    "startTime" : 1405028932437,
    "attempts" : [ {
      "result" : "SUCCESS",
      "location" : {
        "layers" : [ "default-rack", "Slave23" ]
      },
      "hostName" : "/default-rack/Slave23",
      "startTime" : 1405028935621,
      "finishTime" : 1405028971168,
      "attemptID" : "attempt_201407031554_1925_m_000004_0",
      "shuffleFinished" : -1,
      "sortFinished" : -1,
      "hdfsBytesRead" : 256637190,
      "hdfsBytesWritten" : -1,
      "fileBytesRead" : 34301816,
      "fileBytesWritten" : 50362874,
      "mapInputRecords" : 6253,
      "mapOutputBytes" : 354195759,
      "mapOutputRecords" : 23477445,
      "combineInputRecords" : 24139291,
      "reduceInputGroups" : -1,
      "reduceInputRecords" : -1,
      "reduceShuffleBytes" : -1,
      "reduceOutputRecords" : -1,
      "spilledRecords" : 1601237,
      "mapInputBytes" : -1,
      "resourceUsageMetrics" : {
        "cumulativeCpuUsage" : 39110,
        "virtualMemoryUsage" : 835411968,
        "physicalMemoryUsage" : 453799936,
        "heapUsage" : 494141440
      }
    } ],
    "finishTime" : 1405028968268,
    "preferredLocations" : [ {
      "layers" : [ "default-rack", "Master2" ]
    }, {
      "layers" : [ "default-rack", "Slave22" ]
    }, {
      "layers" : [ "default-rack", "Slave23" ]
    } ],
    "taskType" : "MAP",
    "taskStatus" : "SUCCESS",
    "taskID" : "task_201407031554_1925_m_000004",
    "inputBytes" : 256637190,
    "inputRecords" : 6253,
    "outputBytes" : 50362874,
    "outputRecords" : 23477445
  }, {
    "startTime" : 1405028932437,
    "attempts" : [ {
      "result" : "SUCCESS",
      "location" : {
        "layers" : [ "default-rack", "Slave23" ]
      },
      "hostName" : "/default-rack/Slave23",
      "startTime" : 1405028935621,
      "finishTime" : 1405028971507,
      "attemptID" : "attempt_201407031554_1925_m_000007_0",
      "shuffleFinished" : -1,
      "sortFinished" : -1,
      "hdfsBytesRead" : 256635555,
      "hdfsBytesWritten" : -1,
      "fileBytesRead" : 30511517,
      "fileBytesWritten" : 44382697,
      "mapInputRecords" : 112592,
      "mapOutputBytes" : 354622719,
      "mapOutputRecords" : 23584181,
      "combineInputRecords" : 24245999,
      "reduceInputGroups" : -1,
      "reduceInputRecords" : -1,
      "reduceShuffleBytes" : -1,
      "reduceOutputRecords" : -1,
      "spilledRecords" : 1602246,
      "mapInputBytes" : -1,
      "resourceUsageMetrics" : {
        "cumulativeCpuUsage" : 39630,
        "virtualMemoryUsage" : 831557632,
        "physicalMemoryUsage" : 398602240,
        "heapUsage" : 446693376
      }
    } ],
    "finishTime" : 1405028968569,
    "preferredLocations" : [ {
      "layers" : [ "default-rack", "Master2" ]
    }, {
      "layers" : [ "default-rack", "Slave23" ]
    }, {
      "layers" : [ "default-rack", "Slave22" ]
    } ],
    "taskType" : "MAP",
    "taskStatus" : "SUCCESS",
    "taskID" : "task_201407031554_1925_m_000007",
    "inputBytes" : 256635555,
    "inputRecords" : 112592,
    "outputBytes" : 44382697,
    "outputRecords" : 23584181
  }, {
    "startTime" : 1405028967660,
    "attempts" : [ {
      "result" : "SUCCESS",
      "location" : {
        "layers" : [ "default-rack", "Master2" ]
      },
      "hostName" : "/default-rack/Master2",
      "startTime" : 1405028967663,
      "finishTime" : 1405028999450,
      "attemptID" : "attempt_201407031554_1925_m_000009_0",
      "shuffleFinished" : -1,
      "sortFinished" : -1,
      "hdfsBytesRead" : 256634993,
      "hdfsBytesWritten" : -1,
      "fileBytesRead" : 34336201,
      "fileBytesWritten" : 50361285,
      "mapInputRecords" : 6278,
      "mapOutputBytes" : 354199981,
      "mapOutputRecords" : 23479018,
      "combineInputRecords" : 24141207,
      "reduceInputGroups" : -1,
      "reduceInputRecords" : -1,
      "reduceShuffleBytes" : -1,
      "reduceOutputRecords" : -1,
      "spilledRecords" : 1601908,
      "mapInputBytes" : -1,
      "resourceUsageMetrics" : {
        "cumulativeCpuUsage" : 33580,
        "virtualMemoryUsage" : 834150400,
        "physicalMemoryUsage" : 637562880,
        "heapUsage" : 573046784
      }
    } ],
    "finishTime" : 1405028999510,
    "preferredLocations" : [ {
      "layers" : [ "default-rack", "Master2" ]
    }, {
      "layers" : [ "default-rack", "Slave22" ]
    }, {
      "layers" : [ "default-rack", "Slave21" ]
    } ],
    "taskType" : "MAP",
    "taskStatus" : "SUCCESS",
    "taskID" : "task_201407031554_1925_m_000009",
    "inputBytes" : 256634993,
    "inputRecords" : 6278,
    "outputBytes" : 50361285,
    "outputRecords" : 23479018
  }, {
    "startTime" : 1405028967660,
    "attempts" : [ {
      "result" : "SUCCESS",
      "location" : {
        "layers" : [ "default-rack", "Master2" ]
      },
      "hostName" : "/default-rack/Master2",
      "startTime" : 1405028967663,
      "finishTime" : 1405028999460,
      "attemptID" : "attempt_201407031554_1925_m_000010_0",
      "shuffleFinished" : -1,
      "sortFinished" : -1,
      "hdfsBytesRead" : 256634886,
      "hdfsBytesWritten" : -1,
      "fileBytesRead" : 35007287,
      "fileBytesWritten" : 51430520,
      "mapInputRecords" : 6123,
      "mapOutputBytes" : 354618958,
      "mapOutputRecords" : 23477321,
      "combineInputRecords" : 24138886,
      "reduceInputGroups" : -1,
      "reduceInputRecords" : -1,
      "reduceShuffleBytes" : -1,
      "reduceOutputRecords" : -1,
      "spilledRecords" : 1600879,
      "mapInputBytes" : -1,
      "resourceUsageMetrics" : {
        "cumulativeCpuUsage" : 33410,
        "virtualMemoryUsage" : 836403200,
        "physicalMemoryUsage" : 597962752,
        "heapUsage" : 530055168
      }
    } ],
    "finishTime" : 1405028999510,
    "preferredLocations" : [ {
      "layers" : [ "default-rack", "Master2" ]
    }, {
      "layers" : [ "default-rack", "Slave23" ]
    }, {
      "layers" : [ "default-rack", "Slave21" ]
    } ],
    "taskType" : "MAP",
    "taskStatus" : "SUCCESS",
    "taskID" : "task_201407031554_1925_m_000010",
    "inputBytes" : 256634886,
    "inputRecords" : 6123,
    "outputBytes" : 51430520,
    "outputRecords" : 23477321
  }, {
    "startTime" : 1405028967887,
    "attempts" : [ {
      "result" : "SUCCESS",
      "location" : {
        "layers" : [ "default-rack", "Slave22" ]
      },
      "hostName" : "/default-rack/Slave22",
      "startTime" : 1405028953165,
      "finishTime" : 1405028985175,
      "attemptID" : "attempt_201407031554_1925_m_000008_0",
      "shuffleFinished" : -1,
      "sortFinished" : -1,
      "hdfsBytesRead" : 256635338,
      "hdfsBytesWritten" : -1,
      "fileBytesRead" : 34662234,
      "fileBytesWritten" : 50900247,
      "mapInputRecords" : 6091,
      "mapOutputBytes" : 354419394,
      "mapOutputRecords" : 23480282,
      "combineInputRecords" : 24142175,
      "reduceInputGroups" : -1,
      "reduceInputRecords" : -1,
      "reduceShuffleBytes" : -1,
      "reduceOutputRecords" : -1,
      "spilledRecords" : 1601921,
      "mapInputBytes" : -1,
      "resourceUsageMetrics" : {
        "cumulativeCpuUsage" : 33320,
        "virtualMemoryUsage" : 832552960,
        "physicalMemoryUsage" : 607096832,
        "heapUsage" : 546832384
      }
    } ],
    "finishTime" : 1405029000055,
    "preferredLocations" : [ {
      "layers" : [ "default-rack", "Slave21" ]
    }, {
      "layers" : [ "default-rack", "Slave23" ]
    }, {
      "layers" : [ "default-rack", "Slave22" ]
    } ],
    "taskType" : "MAP",
    "taskStatus" : "SUCCESS",
    "taskID" : "task_201407031554_1925_m_000008",
    "inputBytes" : 256635338,
    "inputRecords" : 6091,
    "outputBytes" : 50900247,
    "outputRecords" : 23480282
  }, {
    "startTime" : 1405028968172,
    "attempts" : [ {
      "result" : "SUCCESS",
      "location" : {
        "layers" : [ "default-rack", "Slave21" ]
      },
      "hostName" : "/default-rack/Slave21",
      "startTime" : 1405028959163,
      "finishTime" : 1405028990315,
      "attemptID" : "attempt_201407031554_1925_m_000011_0",
      "shuffleFinished" : -1,
      "sortFinished" : -1,
      "hdfsBytesRead" : 256634837,
      "hdfsBytesWritten" : -1,
      "fileBytesRead" : 34313555,
      "fileBytesWritten" : 50369099,
      "mapInputRecords" : 6197,
      "mapOutputBytes" : 354198447,
      "mapOutputRecords" : 23478639,
      "combineInputRecords" : 24140824,
      "reduceInputGroups" : -1,
      "reduceInputRecords" : -1,
      "reduceShuffleBytes" : -1,
      "reduceOutputRecords" : -1,
      "spilledRecords" : 1602215,
      "mapInputBytes" : -1,
      "resourceUsageMetrics" : {
        "cumulativeCpuUsage" : 33000,
        "virtualMemoryUsage" : 839442432,
        "physicalMemoryUsage" : 620642304,
        "heapUsage" : 557580288
      }
    } ],
    "finishTime" : 1405028999488,
    "preferredLocations" : [ {
      "layers" : [ "default-rack", "Master2" ]
    }, {
      "layers" : [ "default-rack", "Slave23" ]
    }, {
      "layers" : [ "default-rack", "Slave21" ]
    } ],
    "taskType" : "MAP",
    "taskStatus" : "SUCCESS",
    "taskID" : "task_201407031554_1925_m_000011",
    "inputBytes" : 256634837,
    "inputRecords" : 6197,
    "outputBytes" : 50369099,
    "outputRecords" : 23478639
  }, {
    "startTime" : 1405028968172,
    "attempts" : [ {
      "result" : "SUCCESS",
      "location" : {
        "layers" : [ "default-rack", "Slave21" ]
      },
      "hostName" : "/default-rack/Slave21",
      "startTime" : 1405028959164,
      "finishTime" : 1405028990365,
      "attemptID" : "attempt_201407031554_1925_m_000012_0",
      "shuffleFinished" : -1,
      "sortFinished" : -1,
      "hdfsBytesRead" : 256634810,
      "hdfsBytesWritten" : -1,
      "fileBytesRead" : 33759383,
      "fileBytesWritten" : 49491760,
      "mapInputRecords" : 6227,
      "mapOutputBytes" : 353884521,
      "mapOutputRecords" : 23479238,
      "combineInputRecords" : 24140525,
      "reduceInputGroups" : -1,
      "reduceInputRecords" : -1,
      "reduceShuffleBytes" : -1,
      "reduceOutputRecords" : -1,
      "spilledRecords" : 1599820,
      "mapInputBytes" : -1,
      "resourceUsageMetrics" : {
        "cumulativeCpuUsage" : 32780,
        "virtualMemoryUsage" : 833261568,
        "physicalMemoryUsage" : 578846720,
        "heapUsage" : 514850816
      }
    } ],
    "finishTime" : 1405028999489,
    "preferredLocations" : [ {
      "layers" : [ "default-rack", "Master2" ]
    }, {
      "layers" : [ "default-rack", "Slave22" ]
    }, {
      "layers" : [ "default-rack", "Slave21" ]
    } ],
    "taskType" : "MAP",
    "taskStatus" : "SUCCESS",
    "taskID" : "task_201407031554_1925_m_000012",
    "inputBytes" : 256634810,
    "inputRecords" : 6227,
    "outputBytes" : 49491760,
    "outputRecords" : 23479238
  }, {
    "startTime" : 1405028968189,
    "attempts" : [ {
      "result" : "SUCCESS",
      "location" : {
        "layers" : [ "default-rack", "Slave22" ]
      },
      "hostName" : "/default-rack/Slave22",
      "startTime" : 1405028953467,
      "finishTime" : 1405028985444,
      "attemptID" : "attempt_201407031554_1925_m_000013_0",
      "shuffleFinished" : -1,
      "sortFinished" : -1,
      "hdfsBytesRead" : 256634749,
      "hdfsBytesWritten" : -1,
      "fileBytesRead" : 30314609,
      "fileBytesWritten" : 44067944,
      "mapInputRecords" : 6105,
      "mapOutputBytes" : 355045811,
      "mapOutputRecords" : 23583894,
      "combineInputRecords" : 24245477,
      "reduceInputGroups" : -1,
      "reduceInputRecords" : -1,
      "reduceShuffleBytes" : -1,
      "reduceOutputRecords" : -1,
      "spilledRecords" : 1601184,
      "mapInputBytes" : -1,
      "resourceUsageMetrics" : {
        "cumulativeCpuUsage" : 33540,
        "virtualMemoryUsage" : 835198976,
        "physicalMemoryUsage" : 594784256,
        "heapUsage" : 534773760
      }
    } ],
    "finishTime" : 1405029000358,
    "preferredLocations" : [ {
      "layers" : [ "default-rack", "Slave23" ]
    }, {
      "layers" : [ "default-rack", "Slave21" ]
    }, {
      "layers" : [ "default-rack", "Slave22" ]
    } ],
    "taskType" : "MAP",
    "taskStatus" : "SUCCESS",
    "taskID" : "task_201407031554_1925_m_000013",
    "inputBytes" : 256634749,
    "inputRecords" : 6105,
    "outputBytes" : 44067944,
    "outputRecords" : 23583894
  }, {
    "startTime" : 1405028968268,
    "attempts" : [ {
      "result" : "SUCCESS",
      "location" : {
        "layers" : [ "default-rack", "Slave23" ]
      },
      "hostName" : "/default-rack/Slave23",
      "startTime" : 1405028971371,
      "finishTime" : 1405029003461,
      "attemptID" : "attempt_201407031554_1925_m_000014_0",
      "shuffleFinished" : -1,
      "sortFinished" : -1,
      "hdfsBytesRead" : 256634712,
      "hdfsBytesWritten" : -1,
      "fileBytesRead" : 33261218,
      "fileBytesWritten" : 48734179,
      "mapInputRecords" : 6212,
      "mapOutputBytes" : 353554088,
      "mapOutputRecords" : 23477343,
      "combineInputRecords" : 24139508,
      "reduceInputGroups" : -1,
      "reduceInputRecords" : -1,
      "reduceShuffleBytes" : -1,
      "reduceOutputRecords" : -1,
      "spilledRecords" : 1601998,
      "mapInputBytes" : -1,
      "resourceUsageMetrics" : {
        "cumulativeCpuUsage" : 33520,
        "virtualMemoryUsage" : 836407296,
        "physicalMemoryUsage" : 589914112,
        "heapUsage" : 522977280
      }
    } ],
    "finishTime" : 1405029000579,
    "preferredLocations" : [ {
      "layers" : [ "default-rack", "Master2" ]
    }, {
      "layers" : [ "default-rack", "Slave21" ]
    }, {
      "layers" : [ "default-rack", "Slave23" ]
    } ],
    "taskType" : "MAP",
    "taskStatus" : "SUCCESS",
    "taskID" : "task_201407031554_1925_m_000014",
    "inputBytes" : 256634712,
    "inputRecords" : 6212,
    "outputBytes" : 48734179,
    "outputRecords" : 23477343
  }, {
    "startTime" : 1405028968569,
    "attempts" : [ {
      "result" : "SUCCESS",
      "location" : {
        "layers" : [ "default-rack", "Slave23" ]
      },
      "hostName" : "/default-rack/Slave23",
      "startTime" : 1405028971672,
      "finishTime" : 1405029003092,
      "attemptID" : "attempt_201407031554_1925_m_000018_0",
      "shuffleFinished" : -1,
      "sortFinished" : -1,
      "hdfsBytesRead" : 256634486,
      "hdfsBytesWritten" : -1,
      "fileBytesRead" : 34992506,
      "fileBytesWritten" : 51427313,
      "mapInputRecords" : 6198,
      "mapOutputBytes" : 354638828,
      "mapOutputRecords" : 23482323,
      "combineInputRecords" : 24144134,
      "reduceInputGroups" : -1,
      "reduceInputRecords" : -1,
      "reduceShuffleBytes" : -1,
      "reduceOutputRecords" : -1,
      "spilledRecords" : 1600980,
      "mapInputBytes" : -1,
      "resourceUsageMetrics" : {
        "cumulativeCpuUsage" : 32820,
        "virtualMemoryUsage" : 832552960,
        "physicalMemoryUsage" : 588754944,
        "heapUsage" : 526385152
      }
    } ],
    "finishTime" : 1405029000272,
    "preferredLocations" : [ {
      "layers" : [ "default-rack", "Master2" ]
    }, {
      "layers" : [ "default-rack", "Slave22" ]
    }, {
      "layers" : [ "default-rack", "Slave23" ]
    } ],
    "taskType" : "MAP",
    "taskStatus" : "SUCCESS",
    "taskID" : "task_201407031554_1925_m_000018",
    "inputBytes" : 256634486,
    "inputRecords" : 6198,
    "outputBytes" : 51427313,
    "outputRecords" : 23482323
  }, {
    "startTime" : 1405028999489,
    "attempts" : [ {
      "result" : "SUCCESS",
      "location" : {
        "layers" : [ "default-rack", "Slave21" ]
      },
      "hostName" : "/default-rack/Slave21",
      "startTime" : 1405028990479,
      "finishTime" : 1405029021765,
      "attemptID" : "attempt_201407031554_1925_m_000015_0",
      "shuffleFinished" : -1,
      "sortFinished" : -1,
      "hdfsBytesRead" : 256634603,
      "hdfsBytesWritten" : -1,
      "fileBytesRead" : 34093033,
      "fileBytesWritten" : 50041078,
      "mapInputRecords" : 6177,
      "mapOutputBytes" : 354096679,
      "mapOutputRecords" : 23479525,
      "combineInputRecords" : 24140674,
      "reduceInputGroups" : -1,
      "reduceInputRecords" : -1,
      "reduceShuffleBytes" : -1,
      "reduceOutputRecords" : -1,
      "spilledRecords" : 1599786,
      "mapInputBytes" : -1,
      "resourceUsageMetrics" : {
        "cumulativeCpuUsage" : 32840,
        "virtualMemoryUsage" : 833261568,
        "physicalMemoryUsage" : 622157824,
        "heapUsage" : 556007424
      }
    } ],
    "finishTime" : 1405029030803,
    "preferredLocations" : [ {
      "layers" : [ "default-rack", "Master2" ]
    }, {
      "layers" : [ "default-rack", "Slave22" ]
    }, {
      "layers" : [ "default-rack", "Slave21" ]
    } ],
    "taskType" : "MAP",
    "taskStatus" : "SUCCESS",
    "taskID" : "task_201407031554_1925_m_000015",
    "inputBytes" : 256634603,
    "inputRecords" : 6177,
    "outputBytes" : 50041078,
    "outputRecords" : 23479525
  }, {
    "startTime" : 1405028999489,
    "attempts" : [ {
      "result" : "SUCCESS",
      "location" : {
        "layers" : [ "default-rack", "Slave21" ]
      },
      "hostName" : "/default-rack/Slave21",
      "startTime" : 1405028990480,
      "finishTime" : 1405029021577,
      "attemptID" : "attempt_201407031554_1925_m_000016_0",
      "shuffleFinished" : -1,
      "sortFinished" : -1,
      "hdfsBytesRead" : 256634574,
      "hdfsBytesWritten" : -1,
      "fileBytesRead" : 33623196,
      "fileBytesWritten" : 49300970,
      "mapInputRecords" : 6223,
      "mapOutputBytes" : 353765494,
      "mapOutputRecords" : 23477094,
      "combineInputRecords" : 24139345,
      "reduceInputGroups" : -1,
      "reduceInputRecords" : -1,
      "reduceShuffleBytes" : -1,
      "reduceOutputRecords" : -1,
      "spilledRecords" : 1602912,
      "mapInputBytes" : -1,
      "resourceUsageMetrics" : {
        "cumulativeCpuUsage" : 32450,
        "virtualMemoryUsage" : 839442432,
        "physicalMemoryUsage" : 686514176,
        "heapUsage" : 627834880
      }
    } ],
    "finishTime" : 1405029030804,
    "preferredLocations" : [ {
      "layers" : [ "default-rack", "Master2" ]
    }, {
      "layers" : [ "default-rack", "Slave22" ]
    }, {
      "layers" : [ "default-rack", "Slave21" ]
    } ],
    "taskType" : "MAP",
    "taskStatus" : "SUCCESS",
    "taskID" : "task_201407031554_1925_m_000016",
    "inputBytes" : 256634574,
    "inputRecords" : 6223,
    "outputBytes" : 49300970,
    "outputRecords" : 23477094
  }, {
    "startTime" : 1405028999511,
    "attempts" : [ {
      "result" : "SUCCESS",
      "location" : {
        "layers" : [ "default-rack", "Master2" ]
      },
      "hostName" : "/default-rack/Master2",
      "startTime" : 1405028999512,
      "finishTime" : 1405029030623,
      "attemptID" : "attempt_201407031554_1925_m_000017_0",
      "shuffleFinished" : -1,
      "sortFinished" : -1,
      "hdfsBytesRead" : 256634558,
      "hdfsBytesWritten" : -1,
      "fileBytesRead" : 33957672,
      "fileBytesWritten" : 49804226,
      "mapInputRecords" : 6163,
      "mapOutputBytes" : 353986406,
      "mapOutputRecords" : 23478826,
      "combineInputRecords" : 24140435,
      "reduceInputGroups" : -1,
      "reduceInputRecords" : -1,
      "reduceShuffleBytes" : -1,
      "reduceOutputRecords" : -1,
      "spilledRecords" : 1600902,
      "mapInputBytes" : -1,
      "resourceUsageMetrics" : {
        "cumulativeCpuUsage" : 32330,
        "virtualMemoryUsage" : 836403200,
        "physicalMemoryUsage" : 625823744,
        "heapUsage" : 557318144
      }
    } ],
    "finishTime" : 1405029030756,
    "preferredLocations" : [ {
      "layers" : [ "default-rack", "Master2" ]
    }, {
      "layers" : [ "default-rack", "Slave22" ]
    }, {
      "layers" : [ "default-rack", "Slave21" ]
    } ],
    "taskType" : "MAP",
    "taskStatus" : "SUCCESS",
    "taskID" : "task_201407031554_1925_m_000017",
    "inputBytes" : 256634558,
    "inputRecords" : 6163,
    "outputBytes" : 49804226,
    "outputRecords" : 23478826
  }, {
    "startTime" : 1405028999511,
    "attempts" : [ {
      "result" : "SUCCESS",
      "location" : {
        "layers" : [ "default-rack", "Master2" ]
      },
      "hostName" : "/default-rack/Master2",
      "startTime" : 1405028999512,
      "finishTime" : 1405029030626,
      "attemptID" : "attempt_201407031554_1925_m_000020_0",
      "shuffleFinished" : -1,
      "sortFinished" : -1,
      "hdfsBytesRead" : 256633961,
      "hdfsBytesWritten" : -1,
      "fileBytesRead" : 34675962,
      "fileBytesWritten" : 50926662,
      "mapInputRecords" : 6080,
      "mapOutputBytes" : 354408397,
      "mapOutputRecords" : 23478666,
      "combineInputRecords" : 24140938,
      "reduceInputGroups" : -1,
      "reduceInputRecords" : -1,
      "reduceShuffleBytes" : -1,
      "reduceOutputRecords" : -1,
      "spilledRecords" : 1602760,
      "mapInputBytes" : -1,
      "resourceUsageMetrics" : {
        "cumulativeCpuUsage" : 32410,
        "virtualMemoryUsage" : 834150400,
        "physicalMemoryUsage" : 682835968,
        "heapUsage" : 628097024
      }
    } ],
    "finishTime" : 1405029030756,
    "preferredLocations" : [ {
      "layers" : [ "default-rack", "Master2" ]
    }, {
      "layers" : [ "default-rack", "Slave21" ]
    }, {
      "layers" : [ "default-rack", "Slave22" ]
    } ],
    "taskType" : "MAP",
    "taskStatus" : "SUCCESS",
    "taskID" : "task_201407031554_1925_m_000020",
    "inputBytes" : 256633961,
    "inputRecords" : 6080,
    "outputBytes" : 50926662,
    "outputRecords" : 23478666
  }, {
    "startTime" : 1405029000056,
    "attempts" : [ {
      "result" : "SUCCESS",
      "location" : {
        "layers" : [ "default-rack", "Slave22" ]
      },
      "hostName" : "/default-rack/Slave22",
      "startTime" : 1405028985332,
      "finishTime" : 1405029016634,
      "attemptID" : "attempt_201407031554_1925_m_000019_0",
      "shuffleFinished" : -1,
      "sortFinished" : -1,
      "hdfsBytesRead" : 256634040,
      "hdfsBytesWritten" : -1,
      "fileBytesRead" : 34329519,
      "fileBytesWritten" : 50360566,
      "mapInputRecords" : 6278,
      "mapOutputBytes" : 354195442,
      "mapOutputRecords" : 23478486,
      "combineInputRecords" : 24140021,
      "reduceInputGroups" : -1,
      "reduceInputRecords" : -1,
      "reduceShuffleBytes" : -1,
      "reduceOutputRecords" : -1,
      "spilledRecords" : 1601498,
      "mapInputBytes" : -1,
      "resourceUsageMetrics" : {
        "cumulativeCpuUsage" : 32210,
        "virtualMemoryUsage" : 832552960,
        "physicalMemoryUsage" : 680640512,
        "heapUsage" : 614989824
      }
    } ],
    "finishTime" : 1405029031628,
    "preferredLocations" : [ {
      "layers" : [ "default-rack", "Slave22" ]
    }, {
      "layers" : [ "default-rack", "Slave21" ]
    }, {
      "layers" : [ "default-rack", "Slave23" ]
    } ],
    "taskType" : "MAP",
    "taskStatus" : "SUCCESS",
    "taskID" : "task_201407031554_1925_m_000019",
    "inputBytes" : 256634040,
    "inputRecords" : 6278,
    "outputBytes" : 50360566,
    "outputRecords" : 23478486
  }, {
    "startTime" : 1405029000275,
    "attempts" : [ {
      "result" : "SUCCESS",
      "location" : {
        "layers" : [ "default-rack", "Slave23" ]
      },
      "hostName" : "/default-rack/Slave23",
      "startTime" : 1405029003380,
      "finishTime" : 1405029034064,
      "attemptID" : "attempt_201407031554_1925_m_000021_0",
      "shuffleFinished" : -1,
      "sortFinished" : -1,
      "hdfsBytesRead" : 256633956,
      "hdfsBytesWritten" : -1,
      "fileBytesRead" : 34627295,
      "fileBytesWritten" : 50885524,
      "mapInputRecords" : 6236,
      "mapOutputBytes" : 354405518,
      "mapOutputRecords" : 23477326,
      "combineInputRecords" : 24139294,
      "reduceInputGroups" : -1,
      "reduceInputRecords" : -1,
      "reduceShuffleBytes" : -1,
      "reduceOutputRecords" : -1,
      "spilledRecords" : 1601344,
      "mapInputBytes" : -1,
      "resourceUsageMetrics" : {
        "cumulativeCpuUsage" : 32730,
        "virtualMemoryUsage" : 832552960,
        "physicalMemoryUsage" : 621514752,
        "heapUsage" : 556269568
      }
    } ],
    "finishTime" : 1405029031168,
    "preferredLocations" : [ {
      "layers" : [ "default-rack", "Slave23" ]
    }, {
      "layers" : [ "default-rack", "Slave22" ]
    }, {
      "layers" : [ "default-rack", "Slave21" ]
    } ],
    "taskType" : "MAP",
    "taskStatus" : "SUCCESS",
    "taskID" : "task_201407031554_1925_m_000021",
    "inputBytes" : 256633956,
    "inputRecords" : 6236,
    "outputBytes" : 50885524,
    "outputRecords" : 23477326
  }, {
    "startTime" : 1405029000358,
    "attempts" : [ {
      "result" : "SUCCESS",
      "location" : {
        "layers" : [ "default-rack", "Slave22" ]
      },
      "hostName" : "/default-rack/Slave22",
      "startTime" : 1405028985636,
      "finishTime" : 1405029017037,
      "attemptID" : "attempt_201407031554_1925_m_000023_0",
      "shuffleFinished" : -1,
      "sortFinished" : -1,
      "hdfsBytesRead" : 256633638,
      "hdfsBytesWritten" : -1,
      "fileBytesRead" : 30500194,
      "fileBytesWritten" : 44350889,
      "mapInputRecords" : 6228,
      "mapOutputBytes" : 354831800,
      "mapOutputRecords" : 23584291,
      "combineInputRecords" : 24245936,
      "reduceInputGroups" : -1,
      "reduceInputRecords" : -1,
      "reduceShuffleBytes" : -1,
      "reduceOutputRecords" : -1,
      "spilledRecords" : 1601783,
      "mapInputBytes" : -1,
      "resourceUsageMetrics" : {
        "cumulativeCpuUsage" : 33010,
        "virtualMemoryUsage" : 835198976,
        "physicalMemoryUsage" : 650784768,
        "heapUsage" : 584056832
      }
    } ],
    "finishTime" : 1405029031930,
    "preferredLocations" : [ {
      "layers" : [ "default-rack", "Slave21" ]
    }, {
      "layers" : [ "default-rack", "Slave23" ]
    }, {
      "layers" : [ "default-rack", "Slave22" ]
    } ],
    "taskType" : "MAP",
    "taskStatus" : "SUCCESS",
    "taskID" : "task_201407031554_1925_m_000023",
    "inputBytes" : 256633638,
    "inputRecords" : 6228,
    "outputBytes" : 44350889,
    "outputRecords" : 23584291
  }, {
    "startTime" : 1405029000579,
    "attempts" : [ {
      "result" : "SUCCESS",
      "location" : {
        "layers" : [ "default-rack", "Slave23" ]
      },
      "hostName" : "/default-rack/Slave23",
      "startTime" : 1405029003682,
      "finishTime" : 1405029034062,
      "attemptID" : "attempt_201407031554_1925_m_000022_0",
      "shuffleFinished" : -1,
      "sortFinished" : -1,
      "hdfsBytesRead" : 256633760,
      "hdfsBytesWritten" : -1,
      "fileBytesRead" : 27545964,
      "fileBytesWritten" : 39708635,
      "mapInputRecords" : 6169,
      "mapOutputBytes" : 354623914,
      "mapOutputRecords" : 23585376,
      "combineInputRecords" : 24247016,
      "reduceInputGroups" : -1,
      "reduceInputRecords" : -1,
      "reduceShuffleBytes" : -1,
      "reduceOutputRecords" : -1,
      "spilledRecords" : 1601484,
      "mapInputBytes" : -1,
      "resourceUsageMetrics" : {
        "cumulativeCpuUsage" : 31890,
        "virtualMemoryUsage" : 836407296,
        "physicalMemoryUsage" : 613167104,
        "heapUsage" : 545259520
      }
    } ],
    "finishTime" : 1405029031175,
    "preferredLocations" : [ {
      "layers" : [ "default-rack", "Master2" ]
    }, {
      "layers" : [ "default-rack", "Slave23" ]
    }, {
      "layers" : [ "default-rack", "Slave21" ]
    } ],
    "taskType" : "MAP",
    "taskStatus" : "SUCCESS",
    "taskID" : "task_201407031554_1925_m_000022",
    "inputBytes" : 256633760,
    "inputRecords" : 6169,
    "outputBytes" : 39708635,
    "outputRecords" : 23585376
  }, {
    "startTime" : 1405029030756,
    "attempts" : [ {
      "result" : "SUCCESS",
      "location" : {
        "layers" : [ "default-rack", "Master2" ]
      },
      "hostName" : "/default-rack/Master2",
      "startTime" : 1405029030757,
      "finishTime" : 1405029062592,
      "attemptID" : "attempt_201407031554_1925_m_000024_0",
      "shuffleFinished" : -1,
      "sortFinished" : -1,
      "hdfsBytesRead" : 256633575,
      "hdfsBytesWritten" : -1,
      "fileBytesRead" : 33963300,
      "fileBytesWritten" : 49805123,
      "mapInputRecords" : 6180,
      "mapOutputBytes" : 353982443,
      "mapOutputRecords" : 23478229,
      "combineInputRecords" : 24140366,
      "reduceInputGroups" : -1,
      "reduceInputRecords" : -1,
      "reduceShuffleBytes" : -1,
      "reduceOutputRecords" : -1,
      "spilledRecords" : 1601932,
      "mapInputBytes" : -1,
      "resourceUsageMetrics" : {
        "cumulativeCpuUsage" : 33330,
        "virtualMemoryUsage" : 834150400,
        "physicalMemoryUsage" : 683278336,
        "heapUsage" : 628097024
      }
    } ],
    "finishTime" : 1405029062600,
    "preferredLocations" : [ {
      "layers" : [ "default-rack", "Master2" ]
    }, {
      "layers" : [ "default-rack", "Slave22" ]
    }, {
      "layers" : [ "default-rack", "Slave23" ]
    } ],
    "taskType" : "MAP",
    "taskStatus" : "SUCCESS",
    "taskID" : "task_201407031554_1925_m_000024",
    "inputBytes" : 256633575,
    "inputRecords" : 6180,
    "outputBytes" : 49805123,
    "outputRecords" : 23478229
  }, {
    "startTime" : 1405029030756,
    "attempts" : [ {
      "result" : "SUCCESS",
      "location" : {
        "layers" : [ "default-rack", "Master2" ]
      },
      "hostName" : "/default-rack/Master2",
      "startTime" : 1405029030757,
      "finishTime" : 1405029062627,
      "attemptID" : "attempt_201407031554_1925_m_000025_0",
      "shuffleFinished" : -1,
      "sortFinished" : -1,
      "hdfsBytesRead" : 256633033,
      "hdfsBytesWritten" : -1,
      "fileBytesRead" : 34640401,
      "fileBytesWritten" : 50874886,
      "mapInputRecords" : 6107,
      "mapOutputBytes" : 354406467,
      "mapOutputRecords" : 23477851,
      "combineInputRecords" : 24139142,
      "reduceInputGroups" : -1,
      "reduceInputRecords" : -1,
      "reduceShuffleBytes" : -1,
      "reduceOutputRecords" : -1,
      "spilledRecords" : 1600297,
      "mapInputBytes" : -1,
      "resourceUsageMetrics" : {
        "cumulativeCpuUsage" : 33160,
        "virtualMemoryUsage" : 836403200,
        "physicalMemoryUsage" : 654159872,
        "heapUsage" : 586153984
      }
    } ],
    "finishTime" : 1405029062903,
    "preferredLocations" : [ {
      "layers" : [ "default-rack", "Master2" ]
    }, {
      "layers" : [ "default-rack", "Slave21" ]
    }, {
      "layers" : [ "default-rack", "Slave23" ]
    } ],
    "taskType" : "MAP",
    "taskStatus" : "SUCCESS",
    "taskID" : "task_201407031554_1925_m_000025",
    "inputBytes" : 256633033,
    "inputRecords" : 6107,
    "outputBytes" : 50874886,
    "outputRecords" : 23477851
  }, {
    "startTime" : 1405029030805,
    "attempts" : [ {
      "result" : "SUCCESS",
      "location" : {
        "layers" : [ "default-rack", "Slave21" ]
      },
      "hostName" : "/default-rack/Slave21",
      "startTime" : 1405029021795,
      "finishTime" : 1405029053103,
      "attemptID" : "attempt_201407031554_1925_m_000026_0",
      "shuffleFinished" : -1,
      "sortFinished" : -1,
      "hdfsBytesRead" : 256632990,
      "hdfsBytesWritten" : -1,
      "fileBytesRead" : 35009941,
      "fileBytesWritten" : 51433279,
      "mapInputRecords" : 6181,
      "mapOutputBytes" : 354623426,
      "mapOutputRecords" : 23478731,
      "combineInputRecords" : 24140088,
      "reduceInputGroups" : -1,
      "reduceInputRecords" : -1,
      "reduceShuffleBytes" : -1,
      "reduceOutputRecords" : -1,
      "spilledRecords" : 1600423,
      "mapInputBytes" : -1,
      "resourceUsageMetrics" : {
        "cumulativeCpuUsage" : 32610,
        "virtualMemoryUsage" : 839442432,
        "physicalMemoryUsage" : 687181824,
        "heapUsage" : 628621312
      }
    } ],
    "finishTime" : 1405029062120,
    "preferredLocations" : [ {
      "layers" : [ "default-rack", "Master2" ]
    }, {
      "layers" : [ "default-rack", "Slave23" ]
    }, {
      "layers" : [ "default-rack", "Slave21" ]
    } ],
    "taskType" : "MAP",
    "taskStatus" : "SUCCESS",
    "taskID" : "task_201407031554_1925_m_000026",
    "inputBytes" : 256632990,
    "inputRecords" : 6181,
    "outputBytes" : 51433279,
    "outputRecords" : 23478731
  }, {
    "startTime" : 1405029030805,
    "attempts" : [ {
      "result" : "SUCCESS",
      "location" : {
        "layers" : [ "default-rack", "Slave21" ]
      },
      "hostName" : "/default-rack/Slave21",
      "startTime" : 1405029021795,
      "finishTime" : 1405029053056,
      "attemptID" : "attempt_201407031554_1925_m_000027_0",
      "shuffleFinished" : -1,
      "sortFinished" : -1,
      "hdfsBytesRead" : 256632932,
      "hdfsBytesWritten" : -1,
      "fileBytesRead" : 34993539,
      "fileBytesWritten" : 51417942,
      "mapInputRecords" : 6152,
      "mapOutputBytes" : 354623496,
      "mapOutputRecords" : 23479094,
      "combineInputRecords" : 24140296,
      "reduceInputGroups" : -1,
      "reduceInputRecords" : -1,
      "reduceShuffleBytes" : -1,
      "reduceOutputRecords" : -1,
      "spilledRecords" : 1599904,
      "mapInputBytes" : -1,
      "resourceUsageMetrics" : {
        "cumulativeCpuUsage" : 32680,
        "virtualMemoryUsage" : 833261568,
        "physicalMemoryUsage" : 662577152,
        "heapUsage" : 595853312
      }
    } ],
    "finishTime" : 1405029062120,
    "preferredLocations" : [ {
      "layers" : [ "default-rack", "Master2" ]
    }, {
      "layers" : [ "default-rack", "Slave21" ]
    }, {
      "layers" : [ "default-rack", "Slave22" ]
    } ],
    "taskType" : "MAP",
    "taskStatus" : "SUCCESS",
    "taskID" : "task_201407031554_1925_m_000027",
    "inputBytes" : 256632932,
    "inputRecords" : 6152,
    "outputBytes" : 51417942,
    "outputRecords" : 23479094
  }, {
    "startTime" : 1405029031176,
    "attempts" : [ {
      "result" : "SUCCESS",
      "location" : {
        "layers" : [ "default-rack", "Slave23" ]
      },
      "hostName" : "/default-rack/Slave23",
      "startTime" : 1405029034282,
      "finishTime" : 1405029065136,
      "attemptID" : "attempt_201407031554_1925_m_000028_0",
      "shuffleFinished" : -1,
      "sortFinished" : -1,
      "hdfsBytesRead" : 256632898,
      "hdfsBytesWritten" : -1,
      "fileBytesRead" : 34285172,
      "fileBytesWritten" : 50314856,
      "mapInputRecords" : 6238,
      "mapOutputBytes" : 354191172,
      "mapOutputRecords" : 23477455,
      "combineInputRecords" : 24138602,
      "reduceInputGroups" : -1,
      "reduceInputRecords" : -1,
      "reduceShuffleBytes" : -1,
      "reduceOutputRecords" : -1,
      "spilledRecords" : 1599973,
      "mapInputBytes" : -1,
      "resourceUsageMetrics" : {
        "cumulativeCpuUsage" : 32350,
        "virtualMemoryUsage" : 832552960,
        "physicalMemoryUsage" : 667115520,
        "heapUsage" : 601096192
      }
    } ],
    "finishTime" : 1405029062295,
    "preferredLocations" : [ {
      "layers" : [ "default-rack", "Master2" ]
    }, {
      "layers" : [ "default-rack", "Slave23" ]
    }, {
      "layers" : [ "default-rack", "Slave21" ]
    } ],
    "taskType" : "MAP",
    "taskStatus" : "SUCCESS",
    "taskID" : "task_201407031554_1925_m_000028",
    "inputBytes" : 256632898,
    "inputRecords" : 6238,
    "outputBytes" : 50314856,
    "outputRecords" : 23477455
  }, {
    "startTime" : 1405029031176,
    "attempts" : [ {
      "result" : "SUCCESS",
      "location" : {
        "layers" : [ "default-rack", "Slave23" ]
      },
      "hostName" : "/default-rack/Slave23",
      "startTime" : 1405029034282,
      "finishTime" : 1405029065055,
      "attemptID" : "attempt_201407031554_1925_m_000029_0",
      "shuffleFinished" : -1,
      "sortFinished" : -1,
      "hdfsBytesRead" : 256632830,
      "hdfsBytesWritten" : -1,
      "fileBytesRead" : 35012804,
      "fileBytesWritten" : 51439317,
      "mapInputRecords" : 6175,
      "mapOutputBytes" : 354616756,
      "mapOutputRecords" : 23477741,
      "combineInputRecords" : 24139642,
      "reduceInputGroups" : -1,
      "reduceInputRecords" : -1,
      "reduceShuffleBytes" : -1,
      "reduceOutputRecords" : -1,
      "spilledRecords" : 1601682,
      "mapInputBytes" : -1,
      "resourceUsageMetrics" : {
        "cumulativeCpuUsage" : 31880,
        "virtualMemoryUsage" : 836407296,
        "physicalMemoryUsage" : 648769536,
        "heapUsage" : 580648960
      }
    } ],
    "finishTime" : 1405029061993,
    "preferredLocations" : [ {
      "layers" : [ "default-rack", "Slave23" ]
    }, {
      "layers" : [ "default-rack", "Slave21" ]
    }, {
      "layers" : [ "default-rack", "Slave22" ]
    } ],
    "taskType" : "MAP",
    "taskStatus" : "SUCCESS",
    "taskID" : "task_201407031554_1925_m_000029",
    "inputBytes" : 256632830,
    "inputRecords" : 6175,
    "outputBytes" : 51439317,
    "outputRecords" : 23477741
  }, {
    "startTime" : 1405029031628,
    "attempts" : [ {
      "result" : "SUCCESS",
      "location" : {
        "layers" : [ "default-rack", "Slave22" ]
      },
      "hostName" : "/default-rack/Slave22",
      "startTime" : 1405029016904,
      "finishTime" : 1405029048351,
      "attemptID" : "attempt_201407031554_1925_m_000031_0",
      "shuffleFinished" : -1,
      "sortFinished" : -1,
      "hdfsBytesRead" : 256632157,
      "hdfsBytesWritten" : -1,
      "fileBytesRead" : 29093948,
      "fileBytesWritten" : 42149516,
      "mapInputRecords" : 112634,
      "mapOutputBytes" : 354419735,
      "mapOutputRecords" : 23588240,
      "combineInputRecords" : 24249554,
      "reduceInputGroups" : -1,
      "reduceInputRecords" : -1,
      "reduceShuffleBytes" : -1,
      "reduceOutputRecords" : -1,
      "spilledRecords" : 1600877,
      "mapInputBytes" : -1,
      "resourceUsageMetrics" : {
        "cumulativeCpuUsage" : 32950,
        "virtualMemoryUsage" : 832552960,
        "physicalMemoryUsage" : 681005056,
        "heapUsage" : 628621312
      }
    } ],
    "finishTime" : 1405029063207,
    "preferredLocations" : [ {
      "layers" : [ "default-rack", "Master2" ]
    }, {
      "layers" : [ "default-rack", "Slave22" ]
    }, {
      "layers" : [ "default-rack", "Slave23" ]
    } ],
    "taskType" : "MAP",
    "taskStatus" : "SUCCESS",
    "taskID" : "task_201407031554_1925_m_000031",
    "inputBytes" : 256632157,
    "inputRecords" : 112634,
    "outputBytes" : 42149516,
    "outputRecords" : 23588240
  }, {
    "startTime" : 1405029031930,
    "attempts" : [ {
      "result" : "SUCCESS",
      "location" : {
        "layers" : [ "default-rack", "Slave22" ]
      },
      "hostName" : "/default-rack/Slave22",
      "startTime" : 1405029017207,
      "finishTime" : 1405029048423,
      "attemptID" : "attempt_201407031554_1925_m_000032_0",
      "shuffleFinished" : -1,
      "sortFinished" : -1,
      "hdfsBytesRead" : 256631747,
      "hdfsBytesWritten" : -1,
      "fileBytesRead" : 34636851,
      "fileBytesWritten" : 50859612,
      "mapInputRecords" : 6217,
      "mapOutputBytes" : 354400199,
      "mapOutputRecords" : 23476987,
      "combineInputRecords" : 24138521,
      "reduceInputGroups" : -1,
      "reduceInputRecords" : -1,
      "reduceShuffleBytes" : -1,
      "reduceOutputRecords" : -1,
      "spilledRecords" : 1600656,
      "mapInputBytes" : -1,
      "resourceUsageMetrics" : {
        "cumulativeCpuUsage" : 32930,
        "virtualMemoryUsage" : 835198976,
        "physicalMemoryUsage" : 682774528,
        "heapUsage" : 628621312
      }
    } ],
    "finishTime" : 1405029063207,
    "preferredLocations" : [ {
      "layers" : [ "default-rack", "Slave23" ]
    }, {
      "layers" : [ "default-rack", "Slave21" ]
    }, {
      "layers" : [ "default-rack", "Slave22" ]
    } ],
    "taskType" : "MAP",
    "taskStatus" : "SUCCESS",
    "taskID" : "task_201407031554_1925_m_000032",
    "inputBytes" : 256631747,
    "inputRecords" : 6217,
    "outputBytes" : 50859612,
    "outputRecords" : 23476987
  }, {
    "startTime" : 1405029061993,
    "attempts" : [ {
      "result" : "SUCCESS",
      "location" : {
        "layers" : [ "default-rack", "Slave23" ]
      },
      "hostName" : "/default-rack/Slave23",
      "startTime" : 1405029065096,
      "finishTime" : 1405029097173,
      "attemptID" : "attempt_201407031554_1925_m_000030_0",
      "shuffleFinished" : -1,
      "sortFinished" : -1,
      "hdfsBytesRead" : 256632446,
      "hdfsBytesWritten" : -1,
      "fileBytesRead" : 33269989,
      "fileBytesWritten" : 48693038,
      "mapInputRecords" : 6182,
      "mapOutputBytes" : 353562474,
      "mapOutputRecords" : 23479833,
      "combineInputRecords" : 24140976,
      "reduceInputGroups" : -1,
      "reduceInputRecords" : -1,
      "reduceShuffleBytes" : -1,
      "reduceOutputRecords" : -1,
      "spilledRecords" : 1600090,
      "mapInputBytes" : -1,
      "resourceUsageMetrics" : {
        "cumulativeCpuUsage" : 32350,
        "virtualMemoryUsage" : 836407296,
        "physicalMemoryUsage" : 682717184,
        "heapUsage" : 614465536
      }
    } ],
    "finishTime" : 1405029094205,
    "preferredLocations" : [ {
      "layers" : [ "default-rack", "Master2" ]
    }, {
      "layers" : [ "default-rack", "Slave21" ]
    }, {
      "layers" : [ "default-rack", "Slave23" ]
    } ],
    "taskType" : "MAP",
    "taskStatus" : "SUCCESS",
    "taskID" : "task_201407031554_1925_m_000030",
    "inputBytes" : 256632446,
    "inputRecords" : 6182,
    "outputBytes" : 48693038,
    "outputRecords" : 23479833
  }, {
    "startTime" : 1405029062121,
    "attempts" : [ {
      "result" : "SUCCESS",
      "location" : {
        "layers" : [ "default-rack", "Slave21" ]
      },
      "hostName" : "/default-rack/Slave21",
      "startTime" : 1405029053110,
      "finishTime" : 1405029084191,
      "attemptID" : "attempt_201407031554_1925_m_000035_0",
      "shuffleFinished" : -1,
      "sortFinished" : -1,
      "hdfsBytesRead" : 256630704,
      "hdfsBytesWritten" : -1,
      "fileBytesRead" : 34485566,
      "fileBytesWritten" : 50611628,
      "mapInputRecords" : 6081,
      "mapOutputBytes" : 354296773,
      "mapOutputRecords" : 23477934,
      "combineInputRecords" : 24139154,
      "reduceInputGroups" : -1,
      "reduceInputRecords" : -1,
      "reduceShuffleBytes" : -1,
      "reduceOutputRecords" : -1,
      "spilledRecords" : 1599885,
      "mapInputBytes" : -1,
      "resourceUsageMetrics" : {
        "cumulativeCpuUsage" : 32650,
        "virtualMemoryUsage" : 833261568,
        "physicalMemoryUsage" : 682766336,
        "heapUsage" : 627572736
      }
    } ],
    "finishTime" : 1405029093440,
    "preferredLocations" : [ {
      "layers" : [ "default-rack", "Slave21" ]
    }, {
      "layers" : [ "default-rack", "Slave23" ]
    }, {
      "layers" : [ "default-rack", "Slave22" ]
    } ],
    "taskType" : "MAP",
    "taskStatus" : "SUCCESS",
    "taskID" : "task_201407031554_1925_m_000035",
    "inputBytes" : 256630704,
    "inputRecords" : 6081,
    "outputBytes" : 50611628,
    "outputRecords" : 23477934
  }, {
    "startTime" : 1405029062121,
    "attempts" : [ {
      "result" : "SUCCESS",
      "location" : {
        "layers" : [ "default-rack", "Slave21" ]
      },
      "hostName" : "/default-rack/Slave21",
      "startTime" : 1405029053110,
      "finishTime" : 1405029083998,
      "attemptID" : "attempt_201407031554_1925_m_000036_0",
      "shuffleFinished" : -1,
      "sortFinished" : -1,
      "hdfsBytesRead" : 256630522,
      "hdfsBytesWritten" : -1,
      "fileBytesRead" : 33390782,
      "fileBytesWritten" : 48937336,
      "mapInputRecords" : 6264,
      "mapOutputBytes" : 353660835,
      "mapOutputRecords" : 23478707,
      "combineInputRecords" : 24139775,
      "reduceInputGroups" : -1,
      "reduceInputRecords" : -1,
      "reduceShuffleBytes" : -1,
      "reduceOutputRecords" : -1,
      "spilledRecords" : 1599296,
      "mapInputBytes" : -1,
      "resourceUsageMetrics" : {
        "cumulativeCpuUsage" : 32150,
        "virtualMemoryUsage" : 839442432,
        "physicalMemoryUsage" : 687374336,
        "heapUsage" : 628097024
      }
    } ],
    "finishTime" : 1405029093138,
    "preferredLocations" : [ {
      "layers" : [ "default-rack", "Master2" ]
    }, {
      "layers" : [ "default-rack", "Slave23" ]
    }, {
      "layers" : [ "default-rack", "Slave21" ]
    } ],
    "taskType" : "MAP",
    "taskStatus" : "SUCCESS",
    "taskID" : "task_201407031554_1925_m_000036",
    "inputBytes" : 256630522,
    "inputRecords" : 6264,
    "outputBytes" : 48937336,
    "outputRecords" : 23478707
  }, {
    "startTime" : 1405029062295,
    "attempts" : [ {
      "result" : "SUCCESS",
      "location" : {
        "layers" : [ "default-rack", "Slave23" ]
      },
      "hostName" : "/default-rack/Slave23",
      "startTime" : 1405029065400,
      "finishTime" : 1405029097113,
      "attemptID" : "attempt_201407031554_1925_m_000033_0",
      "shuffleFinished" : -1,
      "sortFinished" : -1,
      "hdfsBytesRead" : 256631423,
      "hdfsBytesWritten" : -1,
      "fileBytesRead" : 34125307,
      "fileBytesWritten" : 50030138,
      "mapInputRecords" : 6378,
      "mapOutputBytes" : 354093502,
      "mapOutputRecords" : 23480295,
      "combineInputRecords" : 24141640,
      "reduceInputGroups" : -1,
      "reduceInputRecords" : -1,
      "reduceShuffleBytes" : -1,
      "reduceOutputRecords" : -1,
      "spilledRecords" : 1600227,
      "mapInputBytes" : -1,
      "resourceUsageMetrics" : {
        "cumulativeCpuUsage" : 32150,
        "virtualMemoryUsage" : 832552960,
        "physicalMemoryUsage" : 681222144,
        "heapUsage" : 628359168
      }
    } ],
    "finishTime" : 1405029094206,
    "preferredLocations" : [ {
      "layers" : [ "default-rack", "Master2" ]
    }, {
      "layers" : [ "default-rack", "Slave23" ]
    }, {
      "layers" : [ "default-rack", "Slave22" ]
    } ],
    "taskType" : "MAP",
    "taskStatus" : "SUCCESS",
    "taskID" : "task_201407031554_1925_m_000033",
    "inputBytes" : 256631423,
    "inputRecords" : 6378,
    "outputBytes" : 50030138,
    "outputRecords" : 23480295
  }, {
    "startTime" : 1405029062600,
    "attempts" : [ {
      "result" : "SUCCESS",
      "location" : {
        "layers" : [ "default-rack", "Master2" ]
      },
      "hostName" : "/default-rack/Master2",
      "startTime" : 1405029062601,
      "finishTime" : 1405029094076,
      "attemptID" : "attempt_201407031554_1925_m_000034_0",
      "shuffleFinished" : -1,
      "sortFinished" : -1,
      "hdfsBytesRead" : 256630778,
      "hdfsBytesWritten" : -1,
      "fileBytesRead" : 33758903,
      "fileBytesWritten" : 49516289,
      "mapInputRecords" : 6233,
      "mapOutputBytes" : 353872324,
      "mapOutputRecords" : 23478303,
      "combineInputRecords" : 24139669,
      "reduceInputGroups" : -1,
      "reduceInputRecords" : -1,
      "reduceShuffleBytes" : -1,
      "reduceOutputRecords" : -1,
      "spilledRecords" : 1600588,
      "mapInputBytes" : -1,
      "resourceUsageMetrics" : {
        "cumulativeCpuUsage" : 32490,
        "virtualMemoryUsage" : 834306048,
        "physicalMemoryUsage" : 683773952,
        "heapUsage" : 628097024
      }
    } ],
    "finishTime" : 1405029094176,
    "preferredLocations" : [ {
      "layers" : [ "default-rack", "Master2" ]
    }, {
      "layers" : [ "default-rack", "Slave22" ]
    }, {
      "layers" : [ "default-rack", "Slave23" ]
    } ],
    "taskType" : "MAP",
    "taskStatus" : "SUCCESS",
    "taskID" : "task_201407031554_1925_m_000034",
    "inputBytes" : 256630778,
    "inputRecords" : 6233,
    "outputBytes" : 49516289,
    "outputRecords" : 23478303
  }, {
    "startTime" : 1405029062903,
    "attempts" : [ {
      "result" : "SUCCESS",
      "location" : {
        "layers" : [ "default-rack", "Master2" ]
      },
      "hostName" : "/default-rack/Master2",
      "startTime" : 1405029062906,
      "finishTime" : 1405029094101,
      "attemptID" : "attempt_201407031554_1925_m_000037_0",
      "shuffleFinished" : -1,
      "sortFinished" : -1,
      "hdfsBytesRead" : 256629662,
      "hdfsBytesWritten" : -1,
      "fileBytesRead" : 34472722,
      "fileBytesWritten" : 50585047,
      "mapInputRecords" : 6303,
      "mapOutputBytes" : 354296418,
      "mapOutputRecords" : 23478354,
      "combineInputRecords" : 24139614,
      "reduceInputGroups" : -1,
      "reduceInputRecords" : -1,
      "reduceShuffleBytes" : -1,
      "reduceOutputRecords" : -1,
      "spilledRecords" : 1600435,
      "mapInputBytes" : -1,
      "resourceUsageMetrics" : {
        "cumulativeCpuUsage" : 32450,
        "virtualMemoryUsage" : 836403200,
        "physicalMemoryUsage" : 683372544,
        "heapUsage" : 628359168
      }
    } ],
    "finishTime" : 1405029094177,
    "preferredLocations" : [ {
      "layers" : [ "default-rack", "Master2" ]
    }, {
      "layers" : [ "default-rack", "Slave21" ]
    }, {
      "layers" : [ "default-rack", "Slave22" ]
    } ],
    "taskType" : "MAP",
    "taskStatus" : "SUCCESS",
    "taskID" : "task_201407031554_1925_m_000037",
    "inputBytes" : 256629662,
    "inputRecords" : 6303,
    "outputBytes" : 50585047,
    "outputRecords" : 23478354
  }, {
    "startTime" : 1405029063207,
    "attempts" : [ {
      "result" : "SUCCESS",
      "location" : {
        "layers" : [ "default-rack", "Slave22" ]
      },
      "hostName" : "/default-rack/Slave22",
      "startTime" : 1405029048484,
      "finishTime" : 1405029080028,
      "attemptID" : "attempt_201407031554_1925_m_000038_0",
      "shuffleFinished" : -1,
      "sortFinished" : -1,
      "hdfsBytesRead" : 256629203,
      "hdfsBytesWritten" : -1,
      "fileBytesRead" : 35653132,
      "fileBytesWritten" : 52431485,
      "mapInputRecords" : 6345,
      "mapOutputBytes" : 355051139,
      "mapOutputRecords" : 23480517,
      "combineInputRecords" : 24140665,
      "reduceInputGroups" : -1,
      "reduceInputRecords" : -1,
      "reduceShuffleBytes" : -1,
      "reduceOutputRecords" : -1,
      "spilledRecords" : 1597476,
      "mapInputBytes" : -1,
      "resourceUsageMetrics" : {
        "cumulativeCpuUsage" : 33030,
        "virtualMemoryUsage" : 835198976,
        "physicalMemoryUsage" : 683212800,
        "heapUsage" : 627834880
      }
    } ],
    "finishTime" : 1405029094787,
    "preferredLocations" : [ {
      "layers" : [ "default-rack", "Master2" ]
    }, {
      "layers" : [ "default-rack", "Slave21" ]
    }, {
      "layers" : [ "default-rack", "Slave22" ]
    } ],
    "taskType" : "MAP",
    "taskStatus" : "SUCCESS",
    "taskID" : "task_201407031554_1925_m_000038",
    "inputBytes" : 256629203,
    "inputRecords" : 6345,
    "outputBytes" : 52431485,
    "outputRecords" : 23480517
  }, {
    "startTime" : 1405029063207,
    "attempts" : [ {
      "result" : "SUCCESS",
      "location" : {
        "layers" : [ "default-rack", "Slave22" ]
      },
      "hostName" : "/default-rack/Slave22",
      "startTime" : 1405029048484,
      "finishTime" : 1405029079871,
      "attemptID" : "attempt_201407031554_1925_m_000039_0",
      "shuffleFinished" : -1,
      "sortFinished" : -1,
      "hdfsBytesRead" : 256628322,
      "hdfsBytesWritten" : -1,
      "fileBytesRead" : 34294702,
      "fileBytesWritten" : 50316147,
      "mapInputRecords" : 6174,
      "mapOutputBytes" : 354177774,
      "mapOutputRecords" : 23475908,
      "combineInputRecords" : 24136994,
      "reduceInputGroups" : -1,
      "reduceInputRecords" : -1,
      "reduceShuffleBytes" : -1,
      "reduceOutputRecords" : -1,
      "spilledRecords" : 1600037,
      "mapInputBytes" : -1,
      "resourceUsageMetrics" : {
        "cumulativeCpuUsage" : 32300,
        "virtualMemoryUsage" : 832552960,
        "physicalMemoryUsage" : 681439232,
        "heapUsage" : 628359168
      }
    } ],
    "finishTime" : 1405029094787,
    "preferredLocations" : [ {
      "layers" : [ "default-rack", "Master2" ]
    }, {
      "layers" : [ "default-rack", "Slave23" ]
    }, {
      "layers" : [ "default-rack", "Slave22" ]
    } ],
    "taskType" : "MAP",
    "taskStatus" : "SUCCESS",
    "taskID" : "task_201407031554_1925_m_000039",
    "inputBytes" : 256628322,
    "inputRecords" : 6174,
    "outputBytes" : 50316147,
    "outputRecords" : 23475908
  } ],
  "finishTime" : 1405029105901,
  "reduceTasks" : [ {
    "startTime" : 1405028967887,
    "attempts" : [ {
      "result" : "SUCCESS",
      "location" : {
        "layers" : [ "default-rack", "Slave22" ]
      },
      "hostName" : "/default-rack/Slave22",
      "startTime" : 1405028953165,
      "finishTime" : 1405029090818,
      "attemptID" : "attempt_201407031554_1925_r_000000_0",
      "shuffleFinished" : 1405029086158,
      "sortFinished" : 1405029086460,
      "hdfsBytesRead" : -1,
      "hdfsBytesWritten" : 59380948,
      "fileBytesRead" : -1,
      "fileBytesWritten" : 58929,
      "mapInputRecords" : -1,
      "mapOutputBytes" : -1,
      "mapOutputRecords" : -1,
      "combineInputRecords" : 0,
      "reduceInputGroups" : 1637040,
      "reduceInputRecords" : 3286441,
      "reduceShuffleBytes" : 105459809,
      "reduceOutputRecords" : 1637040,
      "spilledRecords" : 0,
      "mapInputBytes" : -1,
      "resourceUsageMetrics" : {
        "cumulativeCpuUsage" : 6380,
        "virtualMemoryUsage" : 1273753600,
        "physicalMemoryUsage" : 297168896,
        "heapUsage" : 225705984
      }
    } ],
    "finishTime" : 1405029105596,
    "preferredLocations" : [ ],
    "taskType" : "REDUCE",
    "taskStatus" : "SUCCESS",
    "taskID" : "task_201407031554_1925_r_000000",
    "inputBytes" : 105459809,
    "inputRecords" : 3286441,
    "outputBytes" : 59380948,
    "outputRecords" : 1637040
  }, {
    "startTime" : 1405028967963,
    "attempts" : [ {
      "result" : "SUCCESS",
      "location" : {
        "layers" : [ "default-rack", "Master2" ]
      },
      "hostName" : "/default-rack/Master2",
      "startTime" : 1405028967970,
      "finishTime" : 1405029100917,
      "attemptID" : "attempt_201407031554_1925_r_000001_0",
      "shuffleFinished" : 1405029096141,
      "sortFinished" : 1405029096461,
      "hdfsBytesRead" : -1,
      "hdfsBytesWritten" : 59405863,
      "fileBytesRead" : -1,
      "fileBytesWritten" : 58929,
      "mapInputRecords" : -1,
      "mapOutputBytes" : -1,
      "mapOutputRecords" : -1,
      "combineInputRecords" : 0,
      "reduceInputGroups" : 1635781,
      "reduceInputRecords" : 3280891,
      "reduceShuffleBytes" : 105332559,
      "reduceOutputRecords" : 1635781,
      "spilledRecords" : 0,
      "mapInputBytes" : -1,
      "resourceUsageMetrics" : {
        "cumulativeCpuUsage" : 6690,
        "virtualMemoryUsage" : 1271848960,
        "physicalMemoryUsage" : 320946176,
        "heapUsage" : 301465600
      }
    } ],
    "finishTime" : 1405029101125,
    "preferredLocations" : [ ],
    "taskType" : "REDUCE",
    "taskStatus" : "SUCCESS",
    "taskID" : "task_201407031554_1925_r_000001",
    "inputBytes" : 105332559,
    "inputRecords" : 3280891,
    "outputBytes" : 59405863,
    "outputRecords" : 1635781
  }, {
    "startTime" : 1405028967967,
    "attempts" : [ {
      "result" : "SUCCESS",
      "location" : {
        "layers" : [ "default-rack", "Slave23" ]
      },
      "hostName" : "/default-rack/Slave23",
      "startTime" : 1405028971070,
      "finishTime" : 1405029108038,
      "attemptID" : "attempt_201407031554_1925_r_000002_0",
      "shuffleFinished" : 1405029103818,
      "sortFinished" : 1405029104107,
      "hdfsBytesRead" : -1,
      "hdfsBytesWritten" : 59436672,
      "fileBytesRead" : -1,
      "fileBytesWritten" : 58929,
      "mapInputRecords" : -1,
      "mapOutputBytes" : -1,
      "mapOutputRecords" : -1,
      "combineInputRecords" : 0,
      "reduceInputGroups" : 1637034,
      "reduceInputRecords" : 3287706,
      "reduceShuffleBytes" : 105537963,
      "reduceOutputRecords" : 1637034,
      "spilledRecords" : 0,
      "mapInputBytes" : -1,
      "resourceUsageMetrics" : {
        "cumulativeCpuUsage" : 6150,
        "virtualMemoryUsage" : 1271660544,
        "physicalMemoryUsage" : 264499200,
        "heapUsage" : 232259584
      }
    } ],
    "finishTime" : 1405029104952,
    "preferredLocations" : [ ],
    "taskType" : "REDUCE",
    "taskStatus" : "SUCCESS",
    "taskID" : "task_201407031554_1925_r_000002",
    "inputBytes" : 105537963,
    "inputRecords" : 3287706,
    "outputBytes" : 59436672,
    "outputRecords" : 1637034
  }, {
    "startTime" : 1405028968172,
    "attempts" : [ {
      "result" : "SUCCESS",
      "location" : {
        "layers" : [ "default-rack", "Slave21" ]
      },
      "hostName" : "/default-rack/Slave21",
      "startTime" : 1405028959164,
      "finishTime" : 1405029091404,
      "attemptID" : "attempt_201407031554_1925_r_000003_0",
      "shuffleFinished" : 1405029087103,
      "sortFinished" : 1405029087392,
      "hdfsBytesRead" : -1,
      "hdfsBytesWritten" : 59319562,
      "fileBytesRead" : -1,
      "fileBytesWritten" : 58929,
      "mapInputRecords" : -1,
      "mapOutputBytes" : -1,
      "mapOutputRecords" : -1,
      "combineInputRecords" : 0,
      "reduceInputGroups" : 1634049,
      "reduceInputRecords" : 3274961,
      "reduceShuffleBytes" : 105145034,
      "reduceOutputRecords" : 1634049,
      "spilledRecords" : 0,
      "mapInputBytes" : -1,
      "resourceUsageMetrics" : {
        "cumulativeCpuUsage" : 6260,
        "virtualMemoryUsage" : 1273237504,
        "physicalMemoryUsage" : 244236288,
        "heapUsage" : 237764608
      }
    } ],
    "finishTime" : 1405029100686,
    "preferredLocations" : [ ],
    "taskType" : "REDUCE",
    "taskStatus" : "SUCCESS",
    "taskID" : "task_201407031554_1925_r_000003",
    "inputBytes" : 105145034,
    "inputRecords" : 3274961,
    "outputBytes" : 59319562,
    "outputRecords" : 1634049
  }, {
    "startTime" : 1405028968189,
    "attempts" : [ {
      "result" : "SUCCESS",
      "location" : {
        "layers" : [ "default-rack", "Slave22" ]
      },
      "hostName" : "/default-rack/Slave22",
      "startTime" : 1405028953467,
      "finishTime" : 1405029087521,
      "attemptID" : "attempt_201407031554_1925_r_000004_0",
      "shuffleFinished" : 1405029082499,
      "sortFinished" : 1405029082819,
      "hdfsBytesRead" : -1,
      "hdfsBytesWritten" : 59346879,
      "fileBytesRead" : -1,
      "fileBytesWritten" : 58929,
      "mapInputRecords" : -1,
      "mapOutputBytes" : -1,
      "mapOutputRecords" : -1,
      "combineInputRecords" : 0,
      "reduceInputGroups" : 1635917,
      "reduceInputRecords" : 3282307,
      "reduceShuffleBytes" : 105349328,
      "reduceOutputRecords" : 1635917,
      "spilledRecords" : 0,
      "mapInputBytes" : -1,
      "resourceUsageMetrics" : {
        "cumulativeCpuUsage" : 6860,
        "virtualMemoryUsage" : 1274744832,
        "physicalMemoryUsage" : 248995840,
        "heapUsage" : 244318208
      }
    } ],
    "finishTime" : 1405029102550,
    "preferredLocations" : [ ],
    "taskType" : "REDUCE",
    "taskStatus" : "SUCCESS",
    "taskID" : "task_201407031554_1925_r_000004",
    "inputBytes" : 105349328,
    "inputRecords" : 3282307,
    "outputBytes" : 59346879,
    "outputRecords" : 1635917
  }, {
    "startTime" : 1405028968265,
    "attempts" : [ {
      "result" : "SUCCESS",
      "location" : {
        "layers" : [ "default-rack", "Master2" ]
      },
      "hostName" : "/default-rack/Master2",
      "startTime" : 1405028968268,
      "finishTime" : 1405029102094,
      "attemptID" : "attempt_201407031554_1925_r_000005_0",
      "shuffleFinished" : 1405029097332,
      "sortFinished" : 1405029097604,
      "hdfsBytesRead" : -1,
      "hdfsBytesWritten" : 59402843,
      "fileBytesRead" : -1,
      "fileBytesWritten" : 58929,
      "mapInputRecords" : -1,
      "mapOutputBytes" : -1,
      "mapOutputRecords" : -1,
      "combineInputRecords" : 0,
      "reduceInputGroups" : 1636678,
      "reduceInputRecords" : 3281223,
      "reduceShuffleBytes" : 105320334,
      "reduceOutputRecords" : 1636678,
      "spilledRecords" : 0,
      "mapInputBytes" : -1,
      "resourceUsageMetrics" : {
        "cumulativeCpuUsage" : 6500,
        "virtualMemoryUsage" : 1272369152,
        "physicalMemoryUsage" : 248987648,
        "heapUsage" : 234618880
      }
    } ],
    "finishTime" : 1405029102338,
    "preferredLocations" : [ ],
    "taskType" : "REDUCE",
    "taskStatus" : "SUCCESS",
    "taskID" : "task_201407031554_1925_r_000005",
    "inputBytes" : 105320334,
    "inputRecords" : 3281223,
    "outputBytes" : 59402843,
    "outputRecords" : 1636678
  } ],
  "submitTime" : 1405028931127,
  "queue" : "default",
  "jobProperties" : {
    "fs.s3n.impl" : "org.apache.hadoop.fs.s3native.NativeS3FileSystem",
    "mapred.task.cache.levels" : "2",
    "mapreduce.job.restart.recover" : "true",
    "mapreduce.job.counters.max" : "120",
    "dfs.client.use.datanode.hostname" : "false",
    "hadoop.tmp.dir" : "/tmp/hadoop-${user.name}",
    "hadoop.native.lib" : "true",
    "map.sort.class" : "org.apache.hadoop.util.QuickSort",
    "dfs.namenode.decommission.nodes.per.interval" : "5",
    "dfs.https.need.client.auth" : "false",
    "dfs.datanode.drop.cache.behind.writes" : "false",
    "ipc.client.idlethreshold" : "4000",
    "mapred.system.dir" : "${hadoop.tmp.dir}/mapred/system",
    "dfs.datanode.data.dir.perm" : "755",
    "mapred.job.tracker.persist.jobstatus.hours" : "0",
    "dfs.namenode.logging.level" : "info",
    "dfs.datanode.address" : "0.0.0.0:50010",
    "io.skip.checksum.errors" : "false",
    "dfs.block.access.token.enable" : "false",
    "fs.default.name" : "hdfs://Master2:9000",
    "mapred.cluster.reduce.memory.mb" : "-1",
    "mapred.reducer.new-api" : "true",
    "mapred.child.tmp" : "./tmp",
    "fs.har.impl.disable.cache" : "true",
    "dfs.safemode.threshold.pct" : "0.999f",
    "mapred.skip.reduce.max.skip.groups" : "0",
    "mapred.heartbeats.in.second" : "100",
    "dfs.namenode.handler.count" : "10",
    "dfs.blockreport.initialDelay" : "0",
    "mapred.tasktracker.dns.nameserver" : "default",
    "io.sort.factor" : "10",
    "dfs.datanode.drop.cache.behind.reads" : "false",
    "mapred.task.timeout" : "600000",
    "mapred.max.tracker.failures" : "4",
    "hadoop.rpc.socket.factory.class.default" : "org.apache.hadoop.net.StandardSocketFactory",
    "mapred.job.tracker.jobhistory.lru.cache.size" : "5",
    "fs.hdfs.impl" : "org.apache.hadoop.hdfs.DistributedFileSystem",
    "mapred.queue.default.acl-administer-jobs" : "*",
    "dfs.namenode.stale.datanode.interval" : "30000",
    "mapred.output.key.class" : "org.apache.hadoop.io.Text",
    "dfs.block.access.key.update.interval" : "600",
    "mapred.skip.map.auto.incr.proc.count" : "true",
    "mapreduce.job.complete.cancel.delegation.tokens" : "true",
    "io.mapfile.bloom.size" : "1048576",
    "mapreduce.reduce.shuffle.connect.timeout" : "180000",
    "dfs.safemode.extension" : "30000",
    "mapred.jobtracker.blacklist.fault-timeout-window" : "180",
    "dfs.namenode.write.stale.datanode.ratio" : "0.5f",
    "hadoop.skip.worker.version.check" : "false",
    "tasktracker.http.threads" : "40",
    "net.topology.impl" : "org.apache.hadoop.net.NetworkTopology",
    "mapred.job.shuffle.merge.percent" : "0.7",
    "fs.ftp.impl" : "org.apache.hadoop.fs.ftp.FTPFileSystem",
    "user.name" : "itri-hadoop",
    "dfs.namenode.kerberos.internal.spnego.principal" : "${dfs.web.authentication.kerberos.principal}",
    "mapred.output.compress" : "false",
    "io.bytes.per.checksum" : "512",
    "mapred.combine.recordsBeforeProgress" : "10000",
    "mapred.healthChecker.script.timeout" : "600000",
    "topology.node.switch.mapping.impl" : "org.apache.hadoop.net.ScriptBasedMapping",
    "dfs.https.server.keystore.resource" : "ssl-server.xml",
    "mapred.reduce.slowstart.completed.maps" : "0.06",
    "mapred.reduce.max.attempts" : "4",
    "dfs.namenode.safemode.min.datanodes" : "0",
    "mapreduce.ifile.readahead.bytes" : "4194304",
    "fs.ramfs.impl" : "org.apache.hadoop.fs.InMemoryFileSystem",
    "dfs.block.access.token.lifetime" : "600",
    "mapred.skip.map.max.skip.records" : "0",
    "dfs.name.edits.dir" : "${dfs.name.dir}",
    "mapred.cluster.map.memory.mb" : "-1",
    "hadoop.security.group.mapping" : "org.apache.hadoop.security.ShellBasedUnixGroupsMapping",
    "mapred.job.tracker.persist.jobstatus.dir" : "/jobtracker/jobsInfo",
    "mapred.jar" : "hdfs://Master2:9000/tmp/hadoop-itri-hadoop/mapred/staging/itri-hadoop/.staging/job_201407031554_1925/job.jar",
    "fs.s3.buffer.dir" : "${hadoop.tmp.dir}/s3",
    "dfs.block.size" : "67108864",
    "job.end.retry.attempts" : "0",
    "fs.file.impl" : "org.apache.hadoop.fs.LocalFileSystem",
    "dfs.namenode.avoid.write.stale.datanode" : "false",
    "dfs.datanode.max.xcievers" : "4096",
    "mapred.local.dir.minspacestart" : "0",
    "mapred.output.compression.type" : "RECORD",
    "dfs.datanode.ipc.address" : "0.0.0.0:50020",
    "dfs.permissions" : "true",
    "topology.script.number.args" : "100",
    "mapreduce.job.counters.groups.max" : "50",
    "io.mapfile.bloom.error.rate" : "0.005",
    "mapred.cluster.max.reduce.memory.mb" : "-1",
    "mapred.max.tracker.blacklists" : "4",
    "mapred.task.profile.maps" : "0-2",
    "mapred.jobtracker.jobSchedulable" : "org.apache.hadoop.mapred.JobSchedulable",
    "dfs.datanode.https.address" : "0.0.0.0:50475",
    "mapred.userlog.retain.hours" : "24",
    "dfs.secondary.http.address" : "0.0.0.0:50090",
    "dfs.namenode.replication.work.multiplier.per.iteration" : "2",
    "dfs.replication.max" : "512",
    "mapred.job.tracker.persist.jobstatus.active" : "false",
    "hadoop.security.authorization" : "false",
    "local.cache.size" : "10737418240",
    "mapred.min.split.size" : "268435456",
    "dfs.namenode.delegation.token.renew-interval" : "86400000",
    "mapred.map.tasks" : "40",
    "mapred.child.java.opts" : "-Xmx200m",
    "mapred.output.value.class" : "org.apache.hadoop.io.IntWritable",
    "dfs.https.client.keystore.resource" : "ssl-client.xml",
    "ipc.client.fallback-to-simple-auth-allowed" : "false",
    "mapred.job.queue.name" : "default",
    "mapred.job.tracker.retiredjobs.cache.size" : "1000",
    "dfs.https.address" : "0.0.0.0:50470",
    "dfs.balance.bandwidthPerSec" : "1048576",
    "ipc.server.listen.queue.size" : "128",
    "dfs.namenode.invalidate.work.pct.per.iteration" : "0.32f",
    "mapred.inmem.merge.threshold" : "800",
    "job.end.retry.interval" : "30000",
    "mapred.skip.attempts.to.start.skipping" : "2",
    "mapreduce.tasktracker.outofband.heartbeat.damper" : "1000000",
    "hadoop.security.use-weak-http-crypto" : "false",
    "fs.checkpoint.dir" : "${hadoop.tmp.dir}/dfs/namesecondary",
    "dfs.namenode.avoid.read.stale.datanode" : "false",
    "mapred.reduce.tasks" : "6",
    "mapred.merge.recordsBeforeProgress" : "10000",
    "mapred.userlog.limit.kb" : "0",
    "mapred.job.reduce.memory.mb" : "-1",
    "webinterface.private.actions" : "false",
    "dfs.max.objects" : "0",
    "hadoop.security.token.service.use_ip" : "true",
    "io.sort.spill.percent" : "0.9",
    "mapred.job.shuffle.input.buffer.percent" : "0.9",
    "mapred.map.tasks.speculative.execution" : "true",
    "hadoop.http.authentication.type" : "simple",
    "mapred.job.name" : "word count",
    "hadoop.util.hash.type" : "murmur",
    "dfs.datanode.dns.nameserver" : "default",
    "hadoop.security.instrumentation.requires.admin" : "false",
    "dfs.blockreport.intervalMsec" : "3600000",
    "dfs.datanode.readahead.bytes" : "4193404",
    "mapred.map.max.attempts" : "4",
    "mapreduce.job.acl-view-job" : " ",
    "mapreduce.ifile.readahead" : "true",
    "mapred.jobtracker.nodegroup.aware" : "false",
    "mapred.job.tracker.handler.count" : "10",
    "dfs.client.block.write.retries" : "3",
    "mapreduce.reduce.shuffle.read.timeout" : "180000",
    "mapred.tasktracker.expiry.interval" : "600000",
    "dfs.secondary.namenode.kerberos.internal.spnego.principal" : "${dfs.web.authentication.kerberos.principal}",
    "dfs.https.enable" : "false",
    "mapred.jobtracker.job.history.block.size" : "3145728",
    "mapred.jobtracker.maxtasks.per.job" : "-1",
    "keep.failed.task.files" : "false",
    "dfs.datanode.use.datanode.hostname" : "false",
    "dfs.datanode.failed.volumes.tolerated" : "0",
    "ipc.client.tcpnodelay" : "false",
    "mapred.task.profile.reduces" : "0-2",
    "io.map.index.skip" : "0",
    "mapred.output.compression.codec" : "org.apache.hadoop.io.compress.DefaultCodec",
    "hadoop.http.authentication.token.validity" : "36000",
    "ipc.server.tcpnodelay" : "false",
    "hadoop.jetty.logs.serve.aliases" : "true",
    "mapred.working.dir" : "hdfs://Master2:9000/user/itri-hadoop",
    "mapred.jobtracker.blacklist.fault-bucket-width" : "15",
    "dfs.namenode.delegation.key.update-interval" : "86400000",
    "mapred.used.genericoptionsparser" : "true",
    "mapred.job.map.memory.mb" : "-1",
    "mapred.mapper.new-api" : "true",
    "dfs.default.chunk.view.size" : "32768",
    "hadoop.logfile.size" : "10000000",
    "mapred.reduce.tasks.speculative.execution" : "true",
    "mapreduce.tasktracker.outofband.heartbeat" : "false",
    "mapreduce.job.dir" : "hdfs://Master2:9000/tmp/hadoop-itri-hadoop/mapred/staging/itri-hadoop/.staging/job_201407031554_1925",
    "mapreduce.reduce.input.limit" : "-1",
    "dfs.datanode.du.reserved" : "0",
    "dfs.datanode.sync.behind.writes" : "false",
    "hadoop.security.authentication" : "simple",
    "fs.checkpoint.period" : "3600",
    "mapred.job.reuse.jvm.num.tasks" : "12",
    "dfs.web.ugi" : "webuser,webgroup",
    "mapred.jobtracker.completeuserjobs.maximum" : "100",
    "dfs.df.interval" : "60000",
    "mapred.task.tracker.task-controller" : "org.apache.hadoop.mapred.DefaultTaskController",
    "dfs.data.dir" : "${hadoop.tmp.dir}/dfs/data",
    "fs.s3.maxRetries" : "4",
    "dfs.datanode.dns.interface" : "default",
    "mapred.cluster.max.map.memory.mb" : "-1",
    "mapreduce.reduce.shuffle.maxfetchfailures" : "10",
    "mapred.map.child.java.opts" : "-Xmx600M",
    "mapreduce.job.acl-modify-job" : " ",
    "fs.hftp.impl" : "org.apache.hadoop.hdfs.HftpFileSystem",
    "mapred.local.dir" : "${hadoop.tmp.dir}/mapred/local",
    "dfs.permissions.supergroup" : "supergroup",
    "fs.s3.sleepTimeSeconds" : "10",
    "fs.trash.interval" : "0",
    "mapred.submit.replication" : "10",
    "dfs.replication.min" : "1",
    "fs.har.impl" : "org.apache.hadoop.fs.HarFileSystem",
    "hadoop.relaxed.worker.version.check" : "false",
    "mapred.map.output.compression.codec" : "org.apache.hadoop.io.compress.DefaultCodec",
    "mapred.tasktracker.dns.interface" : "default",
    "dfs.http.address" : "0.0.0.0:50070",
    "dfs.namenode.decommission.interval" : "30",
    "mapred.job.tracker" : "Master2:9001",
    "dfs.heartbeat.interval" : "3",
    "hadoop.http.authentication.signature.secret.file" : "${user.home}/hadoop-http-auth-signature-secret",
    "io.seqfile.sorter.recordlimit" : "1000000",
    "mapreduce.job.submithost" : "Master2",
    "dfs.name.dir" : "${hadoop.tmp.dir}/dfs/name",
    "mapred.jobtracker.taskScheduler" : "org.apache.hadoop.mapred.JobQueueTaskScheduler",
    "mapred.line.input.format.linespermap" : "1",
    "dfs.datanode.http.address" : "0.0.0.0:50075",
    "fs.webhdfs.impl" : "org.apache.hadoop.hdfs.web.WebHdfsFileSystem",
    "mapred.local.dir.minspacekill" : "0",
    "dfs.image.transfer.bandwidthPerSec" : "0",
    "dfs.replication.interval" : "3",
    "io.sort.record.percent" : "0.08",
    "hadoop.http.authentication.kerberos.principal" : "HTTP/localhost@LOCALHOST",
    "mapreduce.reduce.class" : "org.apache.hadoop.examples.WordCount$IntSumReducer",
    "fs.kfs.impl" : "org.apache.hadoop.fs.kfs.KosmosFileSystem",
    "mapred.tasktracker.reduce.tasks.maximum" : "2",
    "mapred.temp.dir" : "${hadoop.tmp.dir}/mapred/temp",
    "dfs.replication" : "3",
    "fs.checkpoint.edits.dir" : "${fs.checkpoint.dir}",
    "mapreduce.jobhistory.max-age-ms" : "2592000000",
    "mapred.tasktracker.tasks.sleeptime-before-sigkill" : "5000",
    "mapred.job.reduce.input.buffer.percent" : "0.6",
    "mapred.tasktracker.indexcache.mb" : "10",
    "dfs.webhdfs.enabled" : "false",
    "mapreduce.job.split.metainfo.maxsize" : "10000000",
    "hadoop.logfile.count" : "10",
    "mapred.skip.reduce.auto.incr.proc.count" : "true",
    "mapreduce.job.submithostaddress" : "192.168.1.104",
    "io.seqfile.compress.blocksize" : "1000000",
    "fs.s3.block.size" : "67108864",
    "mapred.tasktracker.taskmemorymanager.monitoring-interval" : "5000",
    "hadoop.http.authentication.simple.anonymous.allowed" : "true",
    "mapreduce.jobtracker.staging.root.dir" : "${hadoop.tmp.dir}/mapred/staging",
    "mapred.acls.enabled" : "false",
    "mapred.queue.default.state" : "RUNNING",
    "mapred.queue.names" : "default",
    "fs.hsftp.impl" : "org.apache.hadoop.hdfs.HsftpFileSystem",
    "dfs.access.time.precision" : "3600000",
    "mapred.task.tracker.http.address" : "0.0.0.0:50060",
    "mapreduce.combine.class" : "org.apache.hadoop.examples.WordCount$IntSumReducer",
    "io.seqfile.lazydecompress" : "true",
    "mapred.reduce.parallel.copies" : "5",
    "mapred.disk.healthChecker.interval" : "60000",
    "mapred.output.dir" : "/word-out",
    "ipc.client.connection.maxidletime" : "10000",
    "io.sort.mb" : "200",
    "mapred.reduce.child.java.opts" : "-Xmx1000M",
    "mapred.task.tracker.report.address" : "127.0.0.1:0",
    "hadoop.security.uid.cache.secs" : "14400",
    "mapred.compress.map.output" : "false",
    "ipc.client.kill.max" : "10",
    "mapred.healthChecker.interval" : "60000",
    "ipc.client.connect.max.retries" : "10",
    "mapreduce.map.class" : "org.apache.hadoop.examples.WordCount$TokenizerMapper",
    "fs.s3.impl" : "org.apache.hadoop.fs.s3.S3FileSystem",
    "mapred.user.jobconf.limit" : "5242880",
    "mapreduce.job.counters.group.name.max" : "128",
    "mapred.job.tracker.http.address" : "0.0.0.0:50030",
    "mapred.input.dir" : "hdfs://Master2:9000/word-in10G",
    "io.file.buffer.size" : "4096",
    "mapred.jobtracker.restart.recover" : "false",
    "io.serializations" : "org.apache.hadoop.io.serializer.WritableSerialization",
    "mapred.task.profile" : "false",
    "dfs.datanode.handler.count" : "3",
    "mapreduce.input.num.files" : "40",
    "mapreduce.jobhistory.cleaner.interval-ms" : "86400000",
    "dfs.replication.considerLoad" : "true",
    "jobclient.output.filter" : "FAILED",
    "dfs.namenode.edits.toleration.length" : "0",
    "hadoop.http.authentication.kerberos.keytab" : "${user.home}/hadoop.keytab",
    "dfs.namenode.delegation.token.max-lifetime" : "604800000",
    "mapred.tasktracker.map.tasks.maximum" : "2",
    "fs.checkpoint.size" : "67108864",
    "io.compression.codecs" : "org.apache.hadoop.io.compress.DefaultCodec,org.apache.hadoop.io.compress.GzipCodec,org.apache.hadoop.io.compress.BZip2Codec,org.apache.hadoop.io.compress.SnappyCodec",
    "mapreduce.job.counters.counter.name.max" : "64"
  },
  "computonsPerMapInputByte" : -1,
  "computonsPerMapOutputByte" : -1,
  "computonsPerReduceInputByte" : -1,
  "computonsPerReduceOutputByte" : -1,
  "heapMegabytes" : 200,
  "outcome" : "SUCCESS",
  "jobtype" : "JAVA",
  "directDependantJobs" : [ ],
  "successfulMapAttemptCDFs" : [ {
    "maximum" : 35886,
    "minimum" : 30380,
    "rankings" : [ {
      "datum" : 30684,
      "relativeRanking" : 0.05
    }, {
      "datum" : 30854,
      "relativeRanking" : 0.1
    }, {
      "datum" : 31081,
      "relativeRanking" : 0.15
    }, {
      "datum" : 31111,
      "relativeRanking" : 0.2
    }, {
      "datum" : 31152,
      "relativeRanking" : 0.25
    }, {
      "datum" : 31201,
      "relativeRanking" : 0.3
    }, {
      "datum" : 31261,
      "relativeRanking" : 0.35
    }, {
      "datum" : 31302,
      "relativeRanking" : 0.4
    }, {
      "datum" : 31387,
      "relativeRanking" : 0.45
    }, {
      "datum" : 31420,
      "relativeRanking" : 0.5
    }, {
      "datum" : 31475,
      "relativeRanking" : 0.55
    }, {
      "datum" : 31713,
      "relativeRanking" : 0.6
    }, {
      "datum" : 31797,
      "relativeRanking" : 0.65
    }, {
      "datum" : 31870,
      "relativeRanking" : 0.7
    }, {
      "datum" : 32010,
      "relativeRanking" : 0.75
    }, {
      "datum" : 32090,
      "relativeRanking" : 0.8
    }, {
      "datum" : 35359,
      "relativeRanking" : 0.85
    }, {
      "datum" : 35547,
      "relativeRanking" : 0.9
    }, {
      "datum" : 35619,
      "relativeRanking" : 0.95
    } ],
    "numberValues" : 40
  }, {
    "maximum" : 9223372036854775807,
    "minimum" : -9223372036854775808,
    "rankings" : [ ],
    "numberValues" : 0
  }, {
    "maximum" : 9223372036854775807,
    "minimum" : -9223372036854775808,
    "rankings" : [ ],
    "numberValues" : 0
  }, {
    "maximum" : 9223372036854775807,
    "minimum" : -9223372036854775808,
    "rankings" : [ ],
    "numberValues" : 0
  } ],
  "failedMapAttemptCDFs" : [ {
    "maximum" : 9223372036854775807,
    "minimum" : -9223372036854775808,
    "rankings" : [ ],
    "numberValues" : 0
  }, {
    "maximum" : 9223372036854775807,
    "minimum" : -9223372036854775808,
    "rankings" : [ ],
    "numberValues" : 0
  }, {
    "maximum" : 9223372036854775807,
    "minimum" : -9223372036854775808,
    "rankings" : [ ],
    "numberValues" : 0
  }, {
    "maximum" : 9223372036854775807,
    "minimum" : -9223372036854775808,
    "rankings" : [ ],
    "numberValues" : 0
  } ],
  "successfulReduceAttemptCDF" : {
    "maximum" : 137653,
    "minimum" : 132240,
    "rankings" : [ {
      "datum" : 132240,
      "relativeRanking" : 0.05
    }, {
      "datum" : 132240,
      "relativeRanking" : 0.1
    }, {
      "datum" : 132240,
      "relativeRanking" : 0.15
    }, {
      "datum" : 132240,
      "relativeRanking" : 0.2
    }, {
      "datum" : 132240,
      "relativeRanking" : 0.25
    }, {
      "datum" : 132240,
      "relativeRanking" : 0.3
    }, {
      "datum" : 132947,
      "relativeRanking" : 0.35
    }, {
      "datum" : 132947,
      "relativeRanking" : 0.4
    }, {
      "datum" : 132947,
      "relativeRanking" : 0.45
    }, {
      "datum" : 133826,
      "relativeRanking" : 0.5
    }, {
      "datum" : 133826,
      "relativeRanking" : 0.55
    }, {
      "datum" : 133826,
      "relativeRanking" : 0.6
    }, {
      "datum" : 133826,
      "relativeRanking" : 0.65
    }, {
      "datum" : 134054,
      "relativeRanking" : 0.7
    }, {
      "datum" : 134054,
      "relativeRanking" : 0.75
    }, {
      "datum" : 134054,
      "relativeRanking" : 0.8
    }, {
      "datum" : 136968,
      "relativeRanking" : 0.85
    }, {
      "datum" : 136968,
      "relativeRanking" : 0.9
    }, {
      "datum" : 136968,
      "relativeRanking" : 0.95
    } ],
    "numberValues" : 6
  },
  "failedReduceAttemptCDF" : {
    "maximum" : 9223372036854775807,
    "minimum" : -9223372036854775808,
    "rankings" : [ ],
    "numberValues" : 0
  },
  "mapperTriesToSucceed" : [ 1.0 ],
  "failedMapperFraction" : 0.0,
  "relativeTime" : 0,
  "clusterMapMB" : -1,
  "clusterReduceMB" : -1,
  "jobMapMB" : 200,
  "jobReduceMB" : 200,
  "launchTime" : 1405028931173,
  "totalMaps" : 40,
  "totalReduces" : 6,
  "otherTasks" : [ {
    "startTime" : 1405028931232,
    "attempts" : [ {
      "result" : "SUCCESS",
      "location" : {
        "layers" : [ "default-rack", "Master2" ]
      },
      "hostName" : "/default-rack/Master2",
      "startTime" : 1405028931274,
      "finishTime" : 1405028931881,
      "attemptID" : "attempt_201407031554_1925_m_000041_0",
      "shuffleFinished" : -1,
      "sortFinished" : -1,
      "hdfsBytesRead" : -1,
      "hdfsBytesWritten" : -1,
      "fileBytesRead" : -1,
      "fileBytesWritten" : 59021,
      "mapInputRecords" : -1,
      "mapOutputBytes" : -1,
      "mapOutputRecords" : -1,
      "combineInputRecords" : -1,
      "reduceInputGroups" : -1,
      "reduceInputRecords" : -1,
      "reduceShuffleBytes" : -1,
      "reduceOutputRecords" : -1,
      "spilledRecords" : 0,
      "mapInputBytes" : -1,
      "resourceUsageMetrics" : {
        "cumulativeCpuUsage" : 40,
        "virtualMemoryUsage" : 830394368,
        "physicalMemoryUsage" : 62394368,
        "heapUsage" : 64487424
      }
    } ],
    "finishTime" : 1405028932137,
    "preferredLocations" : [ ],
    "taskType" : "SETUP",
    "taskStatus" : "SUCCESS",
    "taskID" : "task_201407031554_1925_m_000041",
    "inputBytes" : -1,
    "inputRecords" : -1,
    "outputBytes" : -1,
    "outputRecords" : -1
  }, {
    "startTime" : 1405029105598,
    "attempts" : [ {
      "result" : "SUCCESS",
      "location" : {
        "layers" : [ "default-rack", "Slave22" ]
      },
      "hostName" : "/default-rack/Slave22",
      "startTime" : 1405029090872,
      "finishTime" : 1405029091121,
      "attemptID" : "attempt_201407031554_1925_m_000040_0",
      "shuffleFinished" : -1,
      "sortFinished" : -1,
      "hdfsBytesRead" : -1,
      "hdfsBytesWritten" : -1,
      "fileBytesRead" : -1,
      "fileBytesWritten" : 59021,
      "mapInputRecords" : -1,
      "mapOutputBytes" : -1,
      "mapOutputRecords" : -1,
      "combineInputRecords" : -1,
      "reduceInputGroups" : -1,
      "reduceInputRecords" : -1,
      "reduceShuffleBytes" : -1,
      "reduceOutputRecords" : -1,
      "spilledRecords" : 0,
      "mapInputBytes" : -1,
      "resourceUsageMetrics" : {
        "cumulativeCpuUsage" : 20,
        "virtualMemoryUsage" : 835198976,
        "physicalMemoryUsage" : 683180032,
        "heapUsage" : 627834880
      }
    } ],
    "finishTime" : 1405029105901,
    "preferredLocations" : [ ],
    "taskType" : "CLEANUP",
    "taskStatus" : "SUCCESS",
    "taskID" : "task_201407031554_1925_m_000040",
    "inputBytes" : -1,
    "inputRecords" : -1,
    "outputBytes" : -1,
    "outputRecords" : -1
  } ]
}