{
  "jobID" : "job_201407031554_1975",
  "user" : "itri-hadoop",
  "jobName" : "word count",
  "failedMapperFraction" : 0.0,
  "relativeTime" : 0,
  "clusterMapMB" : -1,
  "clusterReduceMB" : -1,
  "jobMapMB" : 200,
  "jobReduceMB" : 200,
  "mapTasks" : [ {
    "startTime" : 1405045777595,
    "attempts" : [ {
      "result" : "SUCCESS",
      "startTime" : 1405045780777,
      "finishTime" : 1405045800679,
      "attemptID" : "attempt_201407031554_1975_m_000001_0",
      "shuffleFinished" : -1,
      "sortFinished" : -1,
      "hdfsBytesRead" : 201457769,
      "hdfsBytesWritten" : -1,
      "fileBytesRead" : 26530572,
      "fileBytesWritten" : 37434983,
      "mapInputRecords" : 4789,
      "mapOutputBytes" : 278460626,
      "mapOutputRecords" : 18514399,
      "combineInputRecords" : 19078861,
      "reduceInputGroups" : -1,
      "reduceInputRecords" : -1,
      "reduceShuffleBytes" : -1,
      "reduceOutputRecords" : -1,
      "spilledRecords" : 1413377,
      "mapInputBytes" : -1,
      "resourceUsageMetrics" : {
        "cumulativeCpuUsage" : 34110,
        "virtualMemoryUsage" : 1160888320,
        "physicalMemoryUsage" : 457023488,
        "heapUsage" : 540016640
      },
      "location" : {
        "layers" : [ "default-rack", "Slave23" ]
      },
      "hostName" : "/default-rack/Slave23"
    } ],
    "finishTime" : 1405045797779,
    "preferredLocations" : [ {
      "layers" : [ "default-rack", "Master2" ]
    }, {
      "layers" : [ "default-rack", "Slave23" ]
    }, {
      "layers" : [ "default-rack", "Slave21" ]
    } ],
    "taskType" : "MAP",
    "taskStatus" : "SUCCESS",
    "taskID" : "task_201407031554_1975_m_000001",
    "inputBytes" : 201457769,
    "inputRecords" : 4789,
    "outputBytes" : 37434983,
    "outputRecords" : 18514399
  }, {
    "startTime" : 1405045777596,
    "attempts" : [ {
      "result" : "SUCCESS",
      "startTime" : 1405045780777,
      "finishTime" : 1405045802622,
      "attemptID" : "attempt_201407031554_1975_m_000002_0",
      "shuffleFinished" : -1,
      "sortFinished" : -1,
      "hdfsBytesRead" : 201330793,
      "hdfsBytesWritten" : -1,
      "fileBytesRead" : 26370212,
      "fileBytesWritten" : 37179260,
      "mapInputRecords" : 171754,
      "mapOutputBytes" : 278036826,
      "mapOutputRecords" : 18587185,
      "combineInputRecords" : 19151296,
      "reduceInputGroups" : -1,
      "reduceInputRecords" : -1,
      "reduceShuffleBytes" : -1,
      "reduceOutputRecords" : -1,
      "spilledRecords" : 1412196,
      "mapInputBytes" : -1,
      "resourceUsageMetrics" : {
        "cumulativeCpuUsage" : 37110,
        "virtualMemoryUsage" : 1160613888,
        "physicalMemoryUsage" : 407453696,
        "heapUsage" : 453509120
      },
      "location" : {
        "layers" : [ "default-rack", "Slave23" ]
      },
      "hostName" : "/default-rack/Slave23"
    } ],
    "finishTime" : 1405045799587,
    "preferredLocations" : [ {
      "layers" : [ "default-rack", "Master2" ]
    }, {
      "layers" : [ "default-rack", "Slave22" ]
    }, {
      "layers" : [ "default-rack", "Slave23" ]
    } ],
    "taskType" : "MAP",
    "taskStatus" : "SUCCESS",
    "taskID" : "task_201407031554_1975_m_000002",
    "inputBytes" : 201330793,
    "inputRecords" : 171754,
    "outputBytes" : 37179260,
    "outputRecords" : 18587185
  }, {
    "startTime" : 1405045777656,
    "attempts" : [ {
      "result" : "SUCCESS",
      "startTime" : 1405045777747,
      "finishTime" : 1405045800745,
      "attemptID" : "attempt_201407031554_1975_m_000000_0",
      "shuffleFinished" : -1,
      "sortFinished" : -1,
      "hdfsBytesRead" : 201338985,
      "hdfsBytesWritten" : -1,
      "fileBytesRead" : 28321695,
      "fileBytesWritten" : 40177931,
      "mapInputRecords" : 4921,
      "mapOutputBytes" : 278292915,
      "mapOutputRecords" : 18501694,
      "combineInputRecords" : 19066712,
      "reduceInputGroups" : -1,
      "reduceInputRecords" : -1,
      "reduceShuffleBytes" : -1,
      "reduceOutputRecords" : -1,
      "spilledRecords" : 1414488,
      "mapInputBytes" : -1,
      "resourceUsageMetrics" : {
        "cumulativeCpuUsage" : 37260,
        "virtualMemoryUsage" : 1160888320,
        "physicalMemoryUsage" : 400855040,
        "heapUsage" : 445906944
      },
      "location" : {
        "layers" : [ "default-rack", "Master2" ]
      },
      "hostName" : "/default-rack/Master2"
    } ],
    "finishTime" : 1405045800826,
    "preferredLocations" : [ {
      "layers" : [ "default-rack", "Master2" ]
    }, {
      "layers" : [ "default-rack", "Slave21" ]
    }, {
      "layers" : [ "default-rack", "Slave22" ]
    } ],
    "taskType" : "MAP",
    "taskStatus" : "SUCCESS",
    "taskID" : "task_201407031554_1975_m_000000",
    "inputBytes" : 201338985,
    "inputRecords" : 4921,
    "outputBytes" : 40177931,
    "outputRecords" : 18501694
  }, {
    "startTime" : 1405045777656,
    "attempts" : [ {
      "result" : "SUCCESS",
      "startTime" : 1405045777747,
      "finishTime" : 1405045799184,
      "attemptID" : "attempt_201407031554_1975_m_000005_0",
      "shuffleFinished" : -1,
      "sortFinished" : -1,
      "hdfsBytesRead" : 201351273,
      "hdfsBytesWritten" : -1,
      "fileBytesRead" : 30478618,
      "fileBytesWritten" : 43484483,
      "mapInputRecords" : 4914,
      "mapOutputBytes" : 277886866,
      "mapOutputRecords" : 18418611,
      "combineInputRecords" : 18982999,
      "reduceInputGroups" : -1,
      "reduceInputRecords" : -1,
      "reduceShuffleBytes" : -1,
      "reduceOutputRecords" : -1,
      "spilledRecords" : 1412548,
      "mapInputBytes" : -1,
      "resourceUsageMetrics" : {
        "cumulativeCpuUsage" : 35490,
        "virtualMemoryUsage" : 1156075520,
        "physicalMemoryUsage" : 391421952,
        "heapUsage" : 487325696
      },
      "location" : {
        "layers" : [ "default-rack", "Master2" ]
      },
      "hostName" : "/default-rack/Master2"
    } ],
    "finishTime" : 1405045799321,
    "preferredLocations" : [ {
      "layers" : [ "default-rack", "Master2" ]
    }, {
      "layers" : [ "default-rack", "Slave22" ]
    }, {
      "layers" : [ "default-rack", "Slave21" ]
    } ],
    "taskType" : "MAP",
    "taskStatus" : "SUCCESS",
    "taskID" : "task_201407031554_1975_m_000005",
    "inputBytes" : 201351273,
    "inputRecords" : 4914,
    "outputBytes" : 43484483,
    "outputRecords" : 18418611
  }, {
    "startTime" : 1405045777657,
    "attempts" : [ {
      "result" : "SUCCESS",
      "startTime" : 1405045762698,
      "finishTime" : 1405045784785,
      "attemptID" : "attempt_201407031554_1975_m_000003_0",
      "shuffleFinished" : -1,
      "sortFinished" : -1,
      "hdfsBytesRead" : 201334889,
      "hdfsBytesWritten" : -1,
      "fileBytesRead" : 27686409,
      "fileBytesWritten" : 39226553,
      "mapInputRecords" : 4809,
      "mapOutputBytes" : 278712050,
      "mapOutputRecords" : 18503748,
      "combineInputRecords" : 19068096,
      "reduceInputGroups" : -1,
      "reduceInputRecords" : -1,
      "reduceShuffleBytes" : -1,
      "reduceOutputRecords" : -1,
      "spilledRecords" : 1412812,
      "mapInputBytes" : -1,
      "resourceUsageMetrics" : {
        "cumulativeCpuUsage" : 37170,
        "virtualMemoryUsage" : 1158639616,
        "physicalMemoryUsage" : 377069568,
        "heapUsage" : 475791360
      },
      "location" : {
        "layers" : [ "default-rack", "Slave22" ]
      },
      "hostName" : "/default-rack/Slave22"
    } ],
    "finishTime" : 1405045799977,
    "preferredLocations" : [ {
      "layers" : [ "default-rack", "Slave22" ]
    }, {
      "layers" : [ "default-rack", "Slave21" ]
    }, {
      "layers" : [ "default-rack", "Slave23" ]
    } ],
    "taskType" : "MAP",
    "taskStatus" : "SUCCESS",
    "taskID" : "task_201407031554_1975_m_000003",
    "inputBytes" : 201334889,
    "inputRecords" : 4809,
    "outputBytes" : 39226553,
    "outputRecords" : 18503748
  }, {
    "startTime" : 1405045777658,
    "attempts" : [ {
      "result" : "SUCCESS",
      "startTime" : 1405045762698,
      "finishTime" : 1405045783954,
      "attemptID" : "attempt_201407031554_1975_m_000004_0",
      "shuffleFinished" : -1,
      "sortFinished" : -1,
      "hdfsBytesRead" : 201330793,
      "hdfsBytesWritten" : -1,
      "fileBytesRead" : 25812971,
      "fileBytesWritten" : 36327214,
      "mapInputRecords" : 4782,
      "mapOutputBytes" : 278537661,
      "mapOutputRecords" : 18502662,
      "combineInputRecords" : 19067445,
      "reduceInputGroups" : -1,
      "reduceInputRecords" : -1,
      "reduceShuffleBytes" : -1,
      "reduceOutputRecords" : -1,
      "spilledRecords" : 1414034,
      "mapInputBytes" : -1,
      "resourceUsageMetrics" : {
        "cumulativeCpuUsage" : 36770,
        "virtualMemoryUsage" : 1158111232,
        "physicalMemoryUsage" : 385392640,
        "heapUsage" : 489160704
      },
      "location" : {
        "layers" : [ "default-rack", "Slave22" ]
      },
      "hostName" : "/default-rack/Slave22"
    } ],
    "finishTime" : 1405045799070,
    "preferredLocations" : [ {
      "layers" : [ "default-rack", "Slave23" ]
    }, {
      "layers" : [ "default-rack", "Slave21" ]
    }, {
      "layers" : [ "default-rack", "Slave22" ]
    } ],
    "taskType" : "MAP",
    "taskStatus" : "SUCCESS",
    "taskID" : "task_201407031554_1975_m_000004",
    "inputBytes" : 201330793,
    "inputRecords" : 4782,
    "outputBytes" : 36327214,
    "outputRecords" : 18502662
  }, {
    "startTime" : 1405045777753,
    "attempts" : [ {
      "result" : "SUCCESS",
      "startTime" : 1405045768623,
      "finishTime" : 1405045788763,
      "attemptID" : "attempt_201407031554_1975_m_000008_0",
      "shuffleFinished" : -1,
      "sortFinished" : -1,
      "hdfsBytesRead" : 201330793,
      "hdfsBytesWritten" : -1,
      "fileBytesRead" : 30779663,
      "fileBytesWritten" : 43969819,
      "mapInputRecords" : 4938,
      "mapOutputBytes" : 278036657,
      "mapOutputRecords" : 18418899,
      "combineInputRecords" : 18983283,
      "reduceInputGroups" : -1,
      "reduceInputRecords" : -1,
      "reduceShuffleBytes" : -1,
      "reduceOutputRecords" : -1,
      "spilledRecords" : 1412827,
      "mapInputBytes" : -1,
      "resourceUsageMetrics" : {
        "cumulativeCpuUsage" : 33880,
        "virtualMemoryUsage" : 1158270976,
        "physicalMemoryUsage" : 393850880,
        "heapUsage" : 439091200
      },
      "location" : {
        "layers" : [ "default-rack", "Slave21" ]
      },
      "hostName" : "/default-rack/Slave21"
    } ],
    "finishTime" : 1405045798226,
    "preferredLocations" : [ {
      "layers" : [ "default-rack", "Slave22" ]
    }, {
      "layers" : [ "default-rack", "Slave21" ]
    }, {
      "layers" : [ "default-rack", "Slave23" ]
    } ],
    "taskType" : "MAP",
    "taskStatus" : "SUCCESS",
    "taskID" : "task_201407031554_1975_m_000008",
    "inputBytes" : 201330793,
    "inputRecords" : 4938,
    "outputBytes" : 43969819,
    "outputRecords" : 18418899
  }, {
    "startTime" : 1405045777753,
    "attempts" : [ {
      "result" : "SUCCESS",
      "startTime" : 1405045768623,
      "finishTime" : 1405045790935,
      "attemptID" : "attempt_201407031554_1975_m_000010_0",
      "shuffleFinished" : -1,
      "sortFinished" : -1,
      "hdfsBytesRead" : 201359465,
      "hdfsBytesWritten" : -1,
      "fileBytesRead" : 31211001,
      "fileBytesWritten" : 44620766,
      "mapInputRecords" : 4739,
      "mapOutputBytes" : 278325860,
      "mapOutputRecords" : 18422360,
      "combineInputRecords" : 18986480,
      "reduceInputGroups" : -1,
      "reduceInputRecords" : -1,
      "reduceShuffleBytes" : -1,
      "reduceOutputRecords" : -1,
      "spilledRecords" : 1412622,
      "mapInputBytes" : -1,
      "resourceUsageMetrics" : {
        "cumulativeCpuUsage" : 36910,
        "virtualMemoryUsage" : 1158791168,
        "physicalMemoryUsage" : 397627392,
        "heapUsage" : 446431232
      },
      "location" : {
        "layers" : [ "default-rack", "Slave21" ]
      },
      "hostName" : "/default-rack/Slave21"
    } ],
    "finishTime" : 1405045800344,
    "preferredLocations" : [ {
      "layers" : [ "default-rack", "Master2" ]
    }, {
      "layers" : [ "default-rack", "Slave23" ]
    }, {
      "layers" : [ "default-rack", "Slave21" ]
    } ],
    "taskType" : "MAP",
    "taskStatus" : "SUCCESS",
    "taskID" : "task_201407031554_1975_m_000010",
    "inputBytes" : 201359465,
    "inputRecords" : 4739,
    "outputBytes" : 44620766,
    "outputRecords" : 18422360
  }, {
    "startTime" : 1405045797780,
    "attempts" : [ {
      "result" : "SUCCESS",
      "startTime" : 1405045800961,
      "finishTime" : 1405045820882,
      "attemptID" : "attempt_201407031554_1975_m_000006_0",
      "shuffleFinished" : -1,
      "sortFinished" : -1,
      "hdfsBytesRead" : 201330793,
      "hdfsBytesWritten" : -1,
      "fileBytesRead" : 26108462,
      "fileBytesWritten" : 36778094,
      "mapInputRecords" : 88346,
      "mapOutputBytes" : 278864488,
      "mapOutputRecords" : 18584652,
      "combineInputRecords" : 19149468,
      "reduceInputGroups" : -1,
      "reduceInputRecords" : -1,
      "reduceShuffleBytes" : -1,
      "reduceOutputRecords" : -1,
      "spilledRecords" : 1414103,
      "mapInputBytes" : -1,
      "resourceUsageMetrics" : {
        "cumulativeCpuUsage" : 29690,
        "virtualMemoryUsage" : 1161883648,
        "physicalMemoryUsage" : 698097664,
        "heapUsage" : 766246912
      },
      "location" : {
        "layers" : [ "default-rack", "Slave23" ]
      },
      "hostName" : "/default-rack/Slave23"
    } ],
    "finishTime" : 1405045817955,
    "preferredLocations" : [ {
      "layers" : [ "default-rack", "Master2" ]
    }, {
      "layers" : [ "default-rack", "Slave22" ]
    }, {
      "layers" : [ "default-rack", "Slave23" ]
    } ],
    "taskType" : "MAP",
    "taskStatus" : "SUCCESS",
    "taskID" : "task_201407031554_1975_m_000006",
    "inputBytes" : 201330793,
    "inputRecords" : 88346,
    "outputBytes" : 36778094,
    "outputRecords" : 18584652
  }, {
    "startTime" : 1405045798227,
    "attempts" : [ {
      "result" : "SUCCESS",
      "startTime" : 1405045789017,
      "finishTime" : 1405045808145,
      "attemptID" : "attempt_201407031554_1975_m_000013_0",
      "shuffleFinished" : -1,
      "sortFinished" : -1,
      "hdfsBytesRead" : 201330793,
      "hdfsBytesWritten" : -1,
      "fileBytesRead" : 25970073,
      "fileBytesWritten" : 36572110,
      "mapInputRecords" : 88442,
      "mapOutputBytes" : 278202432,
      "mapOutputRecords" : 18502326,
      "combineInputRecords" : 19067578,
      "reduceInputGroups" : -1,
      "reduceInputRecords" : -1,
      "reduceShuffleBytes" : -1,
      "reduceOutputRecords" : -1,
      "spilledRecords" : 1415001,
      "mapInputBytes" : -1,
      "resourceUsageMetrics" : {
        "cumulativeCpuUsage" : 28190,
        "virtualMemoryUsage" : 1159266304,
        "physicalMemoryUsage" : 636768256,
        "heapUsage" : 664010752
      },
      "location" : {
        "layers" : [ "default-rack", "Slave21" ]
      },
      "hostName" : "/default-rack/Slave21"
    } ],
    "finishTime" : 1405045817556,
    "preferredLocations" : [ {
      "layers" : [ "default-rack", "Slave21" ]
    }, {
      "layers" : [ "default-rack", "Slave22" ]
    }, {
      "layers" : [ "default-rack", "Slave23" ]
    } ],
    "taskType" : "MAP",
    "taskStatus" : "SUCCESS",
    "taskID" : "task_201407031554_1975_m_000013",
    "inputBytes" : 201330793,
    "inputRecords" : 88442,
    "outputBytes" : 36572110,
    "outputRecords" : 18502326
  }, {
    "startTime" : 1405045799070,
    "attempts" : [ {
      "result" : "SUCCESS",
      "startTime" : 1405045784015,
      "finishTime" : 1405045804170,
      "attemptID" : "attempt_201407031554_1975_m_000007_0",
      "shuffleFinished" : -1,
      "sortFinished" : -1,
      "hdfsBytesRead" : 201330793,
      "hdfsBytesWritten" : -1,
      "fileBytesRead" : 24579370,
      "fileBytesWritten" : 34114524,
      "mapInputRecords" : 4837,
      "mapOutputBytes" : 277692800,
      "mapOutputRecords" : 18500332,
      "combineInputRecords" : 19063933,
      "reduceInputGroups" : -1,
      "reduceInputRecords" : -1,
      "reduceShuffleBytes" : -1,
      "reduceOutputRecords" : -1,
      "spilledRecords" : 1399067,
      "mapInputBytes" : -1,
      "resourceUsageMetrics" : {
        "cumulativeCpuUsage" : 29550,
        "virtualMemoryUsage" : 1159106560,
        "physicalMemoryUsage" : 648101888,
        "heapUsage" : 731381760
      },
      "location" : {
        "layers" : [ "default-rack", "Slave22" ]
      },
      "hostName" : "/default-rack/Slave22"
    } ],
    "finishTime" : 1405045819264,
    "preferredLocations" : [ {
      "layers" : [ "default-rack", "Master2" ]
    }, {
      "layers" : [ "default-rack", "Slave22" ]
    }, {
      "layers" : [ "default-rack", "Slave23" ]
    } ],
    "taskType" : "MAP",
    "taskStatus" : "SUCCESS",
    "taskID" : "task_201407031554_1975_m_000007",
    "inputBytes" : 201330793,
    "inputRecords" : 4837,
    "outputBytes" : 34114524,
    "outputRecords" : 18500332
  }, {
    "startTime" : 1405045799321,
    "attempts" : [ {
      "result" : "SUCCESS",
      "startTime" : 1405045799322,
      "finishTime" : 1405045818516,
      "attemptID" : "attempt_201407031554_1975_m_000009_0",
      "shuffleFinished" : -1,
      "sortFinished" : -1,
      "hdfsBytesRead" : 201379945,
      "hdfsBytesWritten" : -1,
      "fileBytesRead" : 30760193,
      "fileBytesWritten" : 43955728,
      "mapInputRecords" : 4872,
      "mapOutputBytes" : 278104602,
      "mapOutputRecords" : 18423430,
      "combineInputRecords" : 18987441,
      "reduceInputGroups" : -1,
      "reduceInputRecords" : -1,
      "reduceShuffleBytes" : -1,
      "reduceOutputRecords" : -1,
      "spilledRecords" : 1411876,
      "mapInputBytes" : -1,
      "resourceUsageMetrics" : {
        "cumulativeCpuUsage" : 28750,
        "virtualMemoryUsage" : 1162313728,
        "physicalMemoryUsage" : 653070336,
        "heapUsage" : 726663168
      },
      "location" : {
        "layers" : [ "default-rack", "Master2" ]
      },
      "hostName" : "/default-rack/Master2"
    } ],
    "finishTime" : 1405045818586,
    "preferredLocations" : [ {
      "layers" : [ "default-rack", "Master2" ]
    }, {
      "layers" : [ "default-rack", "Slave23" ]
    }, {
      "layers" : [ "default-rack", "Slave22" ]
    } ],
    "taskType" : "MAP",
    "taskStatus" : "SUCCESS",
    "taskID" : "task_201407031554_1975_m_000009",
    "inputBytes" : 201379945,
    "inputRecords" : 4872,
    "outputBytes" : 43955728,
    "outputRecords" : 18423430
  }, {
    "startTime" : 1405045799587,
    "attempts" : [ {
      "result" : "SUCCESS",
      "startTime" : 1405045802768,
      "finishTime" : 1405045822080,
      "attemptID" : "attempt_201407031554_1975_m_000011_0",
      "shuffleFinished" : -1,
      "sortFinished" : -1,
      "hdfsBytesRead" : 201367657,
      "hdfsBytesWritten" : -1,
      "fileBytesRead" : 31654972,
      "fileBytesWritten" : 45305725,
      "mapInputRecords" : 4885,
      "mapOutputBytes" : 278585686,
      "mapOutputRecords" : 18422584,
      "combineInputRecords" : 18986635,
      "reduceInputGroups" : -1,
      "reduceInputRecords" : -1,
      "reduceShuffleBytes" : -1,
      "reduceOutputRecords" : -1,
      "spilledRecords" : 1412160,
      "mapInputBytes" : -1,
      "resourceUsageMetrics" : {
        "cumulativeCpuUsage" : 29040,
        "virtualMemoryUsage" : 1161609216,
        "physicalMemoryUsage" : 679985152,
        "heapUsage" : 705691648
      },
      "location" : {
        "layers" : [ "default-rack", "Slave23" ]
      },
      "hostName" : "/default-rack/Slave23"
    } ],
    "finishTime" : 1405045819158,
    "preferredLocations" : [ {
      "layers" : [ "default-rack", "Master2" ]
    }, {
      "layers" : [ "default-rack", "Slave22" ]
    }, {
      "layers" : [ "default-rack", "Slave23" ]
    } ],
    "taskType" : "MAP",
    "taskStatus" : "SUCCESS",
    "taskID" : "task_201407031554_1975_m_000011",
    "inputBytes" : 201367657,
    "inputRecords" : 4885,
    "outputBytes" : 45305725,
    "outputRecords" : 18422584
  }, {
    "startTime" : 1405045799977,
    "attempts" : [ {
      "result" : "SUCCESS",
      "startTime" : 1405045784921,
      "finishTime" : 1405045803971,
      "attemptID" : "attempt_201407031554_1975_m_000012_0",
      "shuffleFinished" : -1,
      "sortFinished" : -1,
      "hdfsBytesRead" : 201351273,
      "hdfsBytesWritten" : -1,
      "fileBytesRead" : 30732603,
      "fileBytesWritten" : 43917380,
      "mapInputRecords" : 4838,
      "mapOutputBytes" : 278069578,
      "mapOutputRecords" : 18422766,
      "combineInputRecords" : 18986582,
      "reduceInputGroups" : -1,
      "reduceInputRecords" : -1,
      "reduceShuffleBytes" : -1,
      "reduceOutputRecords" : -1,
      "spilledRecords" : 1411437,
      "mapInputBytes" : -1,
      "resourceUsageMetrics" : {
        "cumulativeCpuUsage" : 28500,
        "virtualMemoryUsage" : 1159634944,
        "physicalMemoryUsage" : 632147968,
        "heapUsage" : 712769536
      },
      "location" : {
        "layers" : [ "default-rack", "Slave22" ]
      },
      "hostName" : "/default-rack/Slave22"
    } ],
    "finishTime" : 1405045819265,
    "preferredLocations" : [ {
      "layers" : [ "default-rack", "Master2" ]
    }, {
      "layers" : [ "default-rack", "Slave22" ]
    }, {
      "layers" : [ "default-rack", "Slave23" ]
    } ],
    "taskType" : "MAP",
    "taskStatus" : "SUCCESS",
    "taskID" : "task_201407031554_1975_m_000012",
    "inputBytes" : 201351273,
    "inputRecords" : 4838,
    "outputBytes" : 43917380,
    "outputRecords" : 18422766
  }, {
    "startTime" : 1405045800344,
    "attempts" : [ {
      "result" : "SUCCESS",
      "startTime" : 1405045791134,
      "finishTime" : 1405045810148,
      "attemptID" : "attempt_201407031554_1975_m_000015_0",
      "shuffleFinished" : -1,
      "sortFinished" : -1,
      "hdfsBytesRead" : 201445481,
      "hdfsBytesWritten" : -1,
      "fileBytesRead" : 30173466,
      "fileBytesWritten" : 43045621,
      "mapInputRecords" : 4885,
      "mapOutputBytes" : 277863605,
      "mapOutputRecords" : 18430546,
      "combineInputRecords" : 18994497,
      "reduceInputGroups" : -1,
      "reduceInputRecords" : -1,
      "reduceShuffleBytes" : -1,
      "reduceOutputRecords" : -1,
      "spilledRecords" : 1412124,
      "mapInputBytes" : -1,
      "resourceUsageMetrics" : {
        "cumulativeCpuUsage" : 28470,
        "virtualMemoryUsage" : 1159786496,
        "physicalMemoryUsage" : 647966720,
        "heapUsage" : 675545088
      },
      "location" : {
        "layers" : [ "default-rack", "Slave21" ]
      },
      "hostName" : "/default-rack/Slave21"
    } ],
    "finishTime" : 1405045819365,
    "preferredLocations" : [ {
      "layers" : [ "default-rack", "Master2" ]
    }, {
      "layers" : [ "default-rack", "Slave22" ]
    }, {
      "layers" : [ "default-rack", "Slave21" ]
    } ],
    "taskType" : "MAP",
    "taskStatus" : "SUCCESS",
    "taskID" : "task_201407031554_1975_m_000015",
    "inputBytes" : 201445481,
    "inputRecords" : 4885,
    "outputBytes" : 43045621,
    "outputRecords" : 18430546
  }, {
    "startTime" : 1405045800826,
    "attempts" : [ {
      "result" : "SUCCESS",
      "startTime" : 1405045800827,
      "finishTime" : 1405045820297,
      "attemptID" : "attempt_201407031554_1975_m_000014_0",
      "shuffleFinished" : -1,
      "sortFinished" : -1,
      "hdfsBytesRead" : 201367657,
      "hdfsBytesWritten" : -1,
      "fileBytesRead" : 25774519,
      "fileBytesWritten" : 36275386,
      "mapInputRecords" : 4875,
      "mapOutputBytes" : 278331944,
      "mapOutputRecords" : 18505002,
      "combineInputRecords" : 19068939,
      "reduceInputGroups" : -1,
      "reduceInputRecords" : -1,
      "reduceShuffleBytes" : -1,
      "reduceOutputRecords" : -1,
      "spilledRecords" : 1411910,
      "mapInputBytes" : -1,
      "resourceUsageMetrics" : {
        "cumulativeCpuUsage" : 28920,
        "virtualMemoryUsage" : 1163980800,
        "physicalMemoryUsage" : 660590592,
        "heapUsage" : 681836544
      },
      "location" : {
        "layers" : [ "default-rack", "Master2" ]
      },
      "hostName" : "/default-rack/Master2"
    } ],
    "finishTime" : 1405045820391,
    "preferredLocations" : [ {
      "layers" : [ "default-rack", "Master2" ]
    }, {
      "layers" : [ "default-rack", "Slave23" ]
    }, {
      "layers" : [ "default-rack", "Slave22" ]
    } ],
    "taskType" : "MAP",
    "taskStatus" : "SUCCESS",
    "taskID" : "task_201407031554_1975_m_000014",
    "inputBytes" : 201367657,
    "inputRecords" : 4875,
    "outputBytes" : 36275386,
    "outputRecords" : 18505002
  }, {
    "startTime" : 1405045817556,
    "attempts" : [ {
      "result" : "SUCCESS",
      "startTime" : 1405045808346,
      "finishTime" : 1405045827202,
      "attemptID" : "attempt_201407031554_1975_m_000016_0",
      "shuffleFinished" : -1,
      "sortFinished" : -1,
      "hdfsBytesRead" : 201367657,
      "hdfsBytesWritten" : -1,
      "fileBytesRead" : 29897831,
      "fileBytesWritten" : 42625265,
      "mapInputRecords" : 4825,
      "mapOutputBytes" : 277574841,
      "mapOutputRecords" : 18419833,
      "combineInputRecords" : 18984642,
      "reduceInputGroups" : -1,
      "reduceInputRecords" : -1,
      "reduceShuffleBytes" : -1,
      "reduceOutputRecords" : -1,
      "spilledRecords" : 1413885,
      "mapInputBytes" : -1,
      "resourceUsageMetrics" : {
        "cumulativeCpuUsage" : 28110,
        "virtualMemoryUsage" : 1159266304,
        "physicalMemoryUsage" : 609378304,
        "heapUsage" : 539492352
      },
      "location" : {
        "layers" : [ "default-rack", "Slave21" ]
      },
      "hostName" : "/default-rack/Slave21"
    } ],
    "finishTime" : 1405045836734,
    "preferredLocations" : [ {
      "layers" : [ "default-rack", "Master2" ]
    }, {
      "layers" : [ "default-rack", "Slave23" ]
    }, {
      "layers" : [ "default-rack", "Slave21" ]
    } ],
    "taskType" : "MAP",
    "taskStatus" : "SUCCESS",
    "taskID" : "task_201407031554_1975_m_000016",
    "inputBytes" : 201367657,
    "inputRecords" : 4825,
    "outputBytes" : 42625265,
    "outputRecords" : 18419833
  }, {
    "startTime" : 1405045817955,
    "attempts" : [ {
      "result" : "SUCCESS",
      "startTime" : 1405045821136,
      "finishTime" : 1405045840657,
      "attemptID" : "attempt_201407031554_1975_m_000018_0",
      "shuffleFinished" : -1,
      "sortFinished" : -1,
      "hdfsBytesRead" : 201330793,
      "hdfsBytesWritten" : -1,
      "fileBytesRead" : 30145458,
      "fileBytesWritten" : 42990764,
      "mapInputRecords" : 4852,
      "mapOutputBytes" : 277704557,
      "mapOutputRecords" : 18420146,
      "combineInputRecords" : 18983544,
      "reduceInputGroups" : -1,
      "reduceInputRecords" : -1,
      "reduceShuffleBytes" : -1,
      "reduceOutputRecords" : -1,
      "spilledRecords" : 1410285,
      "mapInputBytes" : -1,
      "resourceUsageMetrics" : {
        "cumulativeCpuUsage" : 29240,
        "virtualMemoryUsage" : 1161883648,
        "physicalMemoryUsage" : 709365760,
        "heapUsage" : 644349952
      },
      "location" : {
        "layers" : [ "default-rack", "Slave23" ]
      },
      "hostName" : "/default-rack/Slave23"
    } ],
    "finishTime" : 1405045837637,
    "preferredLocations" : [ {
      "layers" : [ "default-rack", "Master2" ]
    }, {
      "layers" : [ "default-rack", "Slave23" ]
    }, {
      "layers" : [ "default-rack", "Slave21" ]
    } ],
    "taskType" : "MAP",
    "taskStatus" : "SUCCESS",
    "taskID" : "task_201407031554_1975_m_000018",
    "inputBytes" : 201330793,
    "inputRecords" : 4852,
    "outputBytes" : 42990764,
    "outputRecords" : 18420146
  }, {
    "startTime" : 1405045818586,
    "attempts" : [ {
      "result" : "SUCCESS",
      "startTime" : 1405045818587,
      "finishTime" : 1405045837694,
      "attemptID" : "attempt_201407031554_1975_m_000017_0",
      "shuffleFinished" : -1,
      "sortFinished" : -1,
      "hdfsBytesRead" : 201343081,
      "hdfsBytesWritten" : -1,
      "fileBytesRead" : 30168221,
      "fileBytesWritten" : 43033144,
      "mapInputRecords" : 4845,
      "mapOutputBytes" : 277720771,
      "mapOutputRecords" : 18420672,
      "combineInputRecords" : 18984627,
      "reduceInputGroups" : -1,
      "reduceInputRecords" : -1,
      "reduceShuffleBytes" : -1,
      "reduceOutputRecords" : -1,
      "spilledRecords" : 1411646,
      "mapInputBytes" : -1,
      "resourceUsageMetrics" : {
        "cumulativeCpuUsage" : 28350,
        "virtualMemoryUsage" : 1161265152,
        "physicalMemoryUsage" : 660160512,
        "heapUsage" : 588251136
      },
      "location" : {
        "layers" : [ "default-rack", "Master2" ]
      },
      "hostName" : "/default-rack/Master2"
    } ],
    "finishTime" : 1405045837937,
    "preferredLocations" : [ {
      "layers" : [ "default-rack", "Master2" ]
    }, {
      "layers" : [ "default-rack", "Slave21" ]
    }, {
      "layers" : [ "default-rack", "Slave22" ]
    } ],
    "taskType" : "MAP",
    "taskStatus" : "SUCCESS",
    "taskID" : "task_201407031554_1975_m_000017",
    "inputBytes" : 201343081,
    "inputRecords" : 4845,
    "outputBytes" : 43033144,
    "outputRecords" : 18420672
  }, {
    "startTime" : 1405045819158,
    "attempts" : [ {
      "result" : "SUCCESS",
      "startTime" : 1405045822339,
      "finishTime" : 1405045842106,
      "attemptID" : "attempt_201407031554_1975_m_000019_0",
      "shuffleFinished" : -1,
      "sortFinished" : -1,
      "hdfsBytesRead" : 201330793,
      "hdfsBytesWritten" : -1,
      "fileBytesRead" : 30466341,
      "fileBytesWritten" : 43503773,
      "mapInputRecords" : 4838,
      "mapOutputBytes" : 277859538,
      "mapOutputRecords" : 18417465,
      "combineInputRecords" : 18981617,
      "reduceInputGroups" : -1,
      "reduceInputRecords" : -1,
      "reduceShuffleBytes" : -1,
      "reduceOutputRecords" : -1,
      "spilledRecords" : 1412515,
      "mapInputBytes" : -1,
      "resourceUsageMetrics" : {
        "cumulativeCpuUsage" : 29890,
        "virtualMemoryUsage" : 1161609216,
        "physicalMemoryUsage" : 652410880,
        "heapUsage" : 578813952
      },
      "location" : {
        "layers" : [ "default-rack", "Slave23" ]
      },
      "hostName" : "/default-rack/Slave23"
    } ],
    "finishTime" : 1405045839145,
    "preferredLocations" : [ {
      "layers" : [ "default-rack", "Slave21" ]
    }, {
      "layers" : [ "default-rack", "Slave23" ]
    }, {
      "layers" : [ "default-rack", "Slave22" ]
    } ],
    "taskType" : "MAP",
    "taskStatus" : "SUCCESS",
    "taskID" : "task_201407031554_1975_m_000019",
    "inputBytes" : 201330793,
    "inputRecords" : 4838,
    "outputBytes" : 43503773,
    "outputRecords" : 18417465
  }, {
    "startTime" : 1405045819265,
    "attempts" : [ {
      "result" : "SUCCESS",
      "startTime" : 1405045804209,
      "finishTime" : 1405045809984,
      "attemptID" : "attempt_201407031554_1975_m_000020_0",
      "shuffleFinished" : -1,
      "sortFinished" : -1,
      "hdfsBytesRead" : 55313030,
      "hdfsBytesWritten" : -1,
      "fileBytesRead" : 4580510,
      "fileBytesWritten" : 8408976,
      "mapInputRecords" : 1357,
      "mapOutputBytes" : 76198688,
      "mapOutputRecords" : 5057067,
      "combineInputRecords" : 5212124,
      "reduceInputGroups" : -1,
      "reduceInputRecords" : -1,
      "reduceShuffleBytes" : -1,
      "reduceOutputRecords" : -1,
      "spilledRecords" : 275524,
      "mapInputBytes" : -1,
      "resourceUsageMetrics" : {
        "cumulativeCpuUsage" : 7620,
        "virtualMemoryUsage" : 1159106560,
        "physicalMemoryUsage" : 627851264,
        "heapUsage" : 559415296
      },
      "location" : {
        "layers" : [ "default-rack", "Slave22" ]
      },
      "hostName" : "/default-rack/Slave22"
    } ],
    "finishTime" : 1405045825286,
    "preferredLocations" : [ {
      "layers" : [ "default-rack", "Slave22" ]
    }, {
      "layers" : [ "default-rack", "Slave23" ]
    }, {
      "layers" : [ "default-rack", "Slave21" ]
    } ],
    "taskType" : "MAP",
    "taskStatus" : "SUCCESS",
    "taskID" : "task_201407031554_1975_m_000020",
    "inputBytes" : 55313030,
    "inputRecords" : 1357,
    "outputBytes" : 8408976,
    "outputRecords" : 5057067
  }, {
    "startTime" : 1405045819265,
    "attempts" : [ {
      "result" : "SUCCESS",
      "startTime" : 1405045804209,
      "finishTime" : 1405045810033,
      "attemptID" : "attempt_201407031554_1975_m_000021_0",
      "shuffleFinished" : -1,
      "sortFinished" : -1,
      "hdfsBytesRead" : 55312090,
      "hdfsBytesWritten" : -1,
      "fileBytesRead" : 4335062,
      "fileBytesWritten" : 7932915,
      "mapInputRecords" : 1332,
      "mapOutputBytes" : 76437974,
      "mapOutputRecords" : 5082165,
      "combineInputRecords" : 5237662,
      "reduceInputGroups" : -1,
      "reduceInputRecords" : -1,
      "reduceShuffleBytes" : -1,
      "reduceOutputRecords" : -1,
      "spilledRecords" : 276424,
      "mapInputBytes" : -1,
      "resourceUsageMetrics" : {
        "cumulativeCpuUsage" : 8000,
        "virtualMemoryUsage" : 1159634944,
        "physicalMemoryUsage" : 604770304,
        "heapUsage" : 536608768
      },
      "location" : {
        "layers" : [ "default-rack", "Slave22" ]
      },
      "hostName" : "/default-rack/Slave22"
    } ],
    "finishTime" : 1405045825286,
    "preferredLocations" : [ {
      "layers" : [ "default-rack", "Master2" ]
    }, {
      "layers" : [ "default-rack", "Slave23" ]
    }, {
      "layers" : [ "default-rack", "Slave22" ]
    } ],
    "taskType" : "MAP",
    "taskStatus" : "SUCCESS",
    "taskID" : "task_201407031554_1975_m_000021",
    "inputBytes" : 55312090,
    "inputRecords" : 1332,
    "outputBytes" : 7932915,
    "outputRecords" : 5082165
  }, {
    "startTime" : 1405045819366,
    "attempts" : [ {
      "result" : "SUCCESS",
      "startTime" : 1405045810155,
      "finishTime" : 1405045815760,
      "attemptID" : "attempt_201407031554_1975_m_000022_0",
      "shuffleFinished" : -1,
      "sortFinished" : -1,
      "hdfsBytesRead" : 55310751,
      "hdfsBytesWritten" : -1,
      "fileBytesRead" : 3973520,
      "fileBytesWritten" : 7194374,
      "mapInputRecords" : 24263,
      "mapOutputBytes" : 76428454,
      "mapOutputRecords" : 5083322,
      "combineInputRecords" : 5238467,
      "reduceInputGroups" : -1,
      "reduceInputRecords" : -1,
      "reduceShuffleBytes" : -1,
      "reduceOutputRecords" : -1,
      "spilledRecords" : 275519,
      "mapInputBytes" : -1,
      "resourceUsageMetrics" : {
        "cumulativeCpuUsage" : 7300,
        "virtualMemoryUsage" : 1159786496,
        "physicalMemoryUsage" : 575479808,
        "heapUsage" : 505413632
      },
      "location" : {
        "layers" : [ "default-rack", "Slave21" ]
      },
      "hostName" : "/default-rack/Slave21"
    } ],
    "finishTime" : 1405045825087,
    "preferredLocations" : [ {
      "layers" : [ "default-rack", "Slave23" ]
    }, {
      "layers" : [ "default-rack", "Slave22" ]
    }, {
      "layers" : [ "default-rack", "Slave21" ]
    } ],
    "taskType" : "MAP",
    "taskStatus" : "SUCCESS",
    "taskID" : "task_201407031554_1975_m_000022",
    "inputBytes" : 55310751,
    "inputRecords" : 24263,
    "outputBytes" : 7194374,
    "outputRecords" : 5083322
  }, {
    "startTime" : 1405045820392,
    "attempts" : [ {
      "result" : "SUCCESS",
      "startTime" : 1405045820393,
      "finishTime" : 1405045826027,
      "attemptID" : "attempt_201407031554_1975_m_000024_0",
      "shuffleFinished" : -1,
      "sortFinished" : -1,
      "hdfsBytesRead" : 55310286,
      "hdfsBytesWritten" : -1,
      "fileBytesRead" : 4677588,
      "fileBytesWritten" : 8610742,
      "mapInputRecords" : 1376,
      "mapOutputBytes" : 76305293,
      "mapOutputRecords" : 5057642,
      "combineInputRecords" : 5213279,
      "reduceInputGroups" : -1,
      "reduceInputRecords" : -1,
      "reduceShuffleBytes" : -1,
      "reduceOutputRecords" : -1,
      "spilledRecords" : 276626,
      "mapInputBytes" : -1,
      "resourceUsageMetrics" : {
        "cumulativeCpuUsage" : 7770,
        "virtualMemoryUsage" : 1163980800,
        "physicalMemoryUsage" : 590225408,
        "heapUsage" : 514850816
      },
      "location" : {
        "layers" : [ "default-rack", "Master2" ]
      },
      "hostName" : "/default-rack/Master2"
    } ],
    "finishTime" : 1405045826109,
    "preferredLocations" : [ {
      "layers" : [ "default-rack", "Master2" ]
    }, {
      "layers" : [ "default-rack", "Slave22" ]
    }, {
      "layers" : [ "default-rack", "Slave21" ]
    } ],
    "taskType" : "MAP",
    "taskStatus" : "SUCCESS",
    "taskID" : "task_201407031554_1975_m_000024",
    "inputBytes" : 55310286,
    "inputRecords" : 1376,
    "outputBytes" : 8610742,
    "outputRecords" : 5057642
  }, {
    "startTime" : 1405045825087,
    "attempts" : [ {
      "result" : "SUCCESS",
      "startTime" : 1405045815877,
      "finishTime" : 1405045821632,
      "attemptID" : "attempt_201407031554_1975_m_000023_0",
      "shuffleFinished" : -1,
      "sortFinished" : -1,
      "hdfsBytesRead" : 55310580,
      "hdfsBytesWritten" : -1,
      "fileBytesRead" : 4711944,
      "fileBytesWritten" : 8678878,
      "mapInputRecords" : 1354,
      "mapOutputBytes" : 76315969,
      "mapOutputRecords" : 5056361,
      "combineInputRecords" : 5211741,
      "reduceInputGroups" : -1,
      "reduceInputRecords" : -1,
      "reduceShuffleBytes" : -1,
      "reduceOutputRecords" : -1,
      "spilledRecords" : 275974,
      "mapInputBytes" : -1,
      "resourceUsageMetrics" : {
        "cumulativeCpuUsage" : 7630,
        "virtualMemoryUsage" : 1160118272,
        "physicalMemoryUsage" : 699035648,
        "heapUsage" : 718536704
      },
      "location" : {
        "layers" : [ "default-rack", "Slave21" ]
      },
      "hostName" : "/default-rack/Slave21"
    } ],
    "finishTime" : 1405045831107,
    "preferredLocations" : [ {
      "layers" : [ "default-rack", "Slave23" ]
    }, {
      "layers" : [ "default-rack", "Slave21" ]
    }, {
      "layers" : [ "default-rack", "Slave22" ]
    } ],
    "taskType" : "MAP",
    "taskStatus" : "SUCCESS",
    "taskID" : "task_201407031554_1975_m_000023",
    "inputBytes" : 55310580,
    "inputRecords" : 1354,
    "outputBytes" : 8678878,
    "outputRecords" : 5056361
  }, {
    "startTime" : 1405045825287,
    "attempts" : [ {
      "result" : "SUCCESS",
      "startTime" : 1405045810232,
      "finishTime" : 1405045816329,
      "attemptID" : "attempt_201407031554_1975_m_000025_0",
      "shuffleFinished" : -1,
      "sortFinished" : -1,
      "hdfsBytesRead" : 55309453,
      "hdfsBytesWritten" : -1,
      "fileBytesRead" : 3947993,
      "fileBytesWritten" : 7149939,
      "mapInputRecords" : 1320,
      "mapOutputBytes" : 76516349,
      "mapOutputRecords" : 5082886,
      "combineInputRecords" : 5237966,
      "reduceInputGroups" : -1,
      "reduceInputRecords" : -1,
      "reduceShuffleBytes" : -1,
      "reduceOutputRecords" : -1,
      "spilledRecords" : 275418,
      "mapInputBytes" : -1,
      "resourceUsageMetrics" : {
        "cumulativeCpuUsage" : 7900,
        "virtualMemoryUsage" : 1159438336,
        "physicalMemoryUsage" : 693379072,
        "heapUsage" : 762839040
      },
      "location" : {
        "layers" : [ "default-rack", "Slave22" ]
      },
      "hostName" : "/default-rack/Slave22"
    } ],
    "finishTime" : 1405045831616,
    "preferredLocations" : [ {
      "layers" : [ "default-rack", "Master2" ]
    }, {
      "layers" : [ "default-rack", "Slave21" ]
    }, {
      "layers" : [ "default-rack", "Slave22" ]
    } ],
    "taskType" : "MAP",
    "taskStatus" : "SUCCESS",
    "taskID" : "task_201407031554_1975_m_000025",
    "inputBytes" : 55309453,
    "inputRecords" : 1320,
    "outputBytes" : 7149939,
    "outputRecords" : 5082886
  }, {
    "startTime" : 1405045825287,
    "attempts" : [ {
      "result" : "SUCCESS",
      "startTime" : 1405045810233,
      "finishTime" : 1405045816329,
      "attemptID" : "attempt_201407031554_1975_m_000027_0",
      "shuffleFinished" : -1,
      "sortFinished" : -1,
      "hdfsBytesRead" : 55308134,
      "hdfsBytesWritten" : -1,
      "fileBytesRead" : 4623778,
      "fileBytesWritten" : 8499295,
      "mapInputRecords" : 1297,
      "mapOutputBytes" : 76122884,
      "mapOutputRecords" : 5048193,
      "combineInputRecords" : 5203495,
      "reduceInputGroups" : -1,
      "reduceInputRecords" : -1,
      "reduceShuffleBytes" : -1,
      "reduceOutputRecords" : -1,
      "spilledRecords" : 275986,
      "mapInputBytes" : -1,
      "resourceUsageMetrics" : {
        "cumulativeCpuUsage" : 7820,
        "virtualMemoryUsage" : 1159966720,
        "physicalMemoryUsage" : 674942976,
        "heapUsage" : 744751104
      },
      "location" : {
        "layers" : [ "default-rack", "Slave22" ]
      },
      "hostName" : "/default-rack/Slave22"
    } ],
    "finishTime" : 1405045831616,
    "preferredLocations" : [ {
      "layers" : [ "default-rack", "Master2" ]
    }, {
      "layers" : [ "default-rack", "Slave22" ]
    }, {
      "layers" : [ "default-rack", "Slave21" ]
    } ],
    "taskType" : "MAP",
    "taskStatus" : "SUCCESS",
    "taskID" : "task_201407031554_1975_m_000027",
    "inputBytes" : 55308134,
    "inputRecords" : 1297,
    "outputBytes" : 8499295,
    "outputRecords" : 5048193
  }, {
    "startTime" : 1405045826109,
    "attempts" : [ {
      "result" : "SUCCESS",
      "startTime" : 1405045826110,
      "finishTime" : 1405045832110,
      "attemptID" : "attempt_201407031554_1975_m_000026_0",
      "shuffleFinished" : -1,
      "sortFinished" : -1,
      "hdfsBytesRead" : 55308720,
      "hdfsBytesWritten" : -1,
      "fileBytesRead" : 4235184,
      "fileBytesWritten" : 7735367,
      "mapInputRecords" : 1332,
      "mapOutputBytes" : 76557085,
      "mapOutputRecords" : 5082494,
      "combineInputRecords" : 5237693,
      "reduceInputGroups" : -1,
      "reduceInputRecords" : -1,
      "reduceShuffleBytes" : -1,
      "reduceOutputRecords" : -1,
      "spilledRecords" : 275765,
      "mapInputBytes" : -1,
      "resourceUsageMetrics" : {
        "cumulativeCpuUsage" : 8080,
        "virtualMemoryUsage" : 1164312576,
        "physicalMemoryUsage" : 709791744,
        "heapUsage" : 726138880
      },
      "location" : {
        "layers" : [ "default-rack", "Master2" ]
      },
      "hostName" : "/default-rack/Master2"
    } ],
    "finishTime" : 1405045832128,
    "preferredLocations" : [ {
      "layers" : [ "default-rack", "Master2" ]
    }, {
      "layers" : [ "default-rack", "Slave21" ]
    }, {
      "layers" : [ "default-rack", "Slave23" ]
    } ],
    "taskType" : "MAP",
    "taskStatus" : "SUCCESS",
    "taskID" : "task_201407031554_1975_m_000026",
    "inputBytes" : 55308720,
    "inputRecords" : 1332,
    "outputBytes" : 7735367,
    "outputRecords" : 5082494
  }, {
    "startTime" : 1405045831108,
    "attempts" : [ {
      "result" : "SUCCESS",
      "startTime" : 1405045821901,
      "finishTime" : 1405045828755,
      "attemptID" : "attempt_201407031554_1975_m_000028_0",
      "shuffleFinished" : -1,
      "sortFinished" : -1,
      "hdfsBytesRead" : 55307951,
      "hdfsBytesWritten" : -1,
      "fileBytesRead" : 4006658,
      "fileBytesWritten" : 7258216,
      "mapInputRecords" : 24260,
      "mapOutputBytes" : 76604278,
      "mapOutputRecords" : 5104992,
      "combineInputRecords" : 5260530,
      "reduceInputGroups" : -1,
      "reduceInputRecords" : -1,
      "reduceShuffleBytes" : -1,
      "reduceOutputRecords" : -1,
      "spilledRecords" : 276194,
      "mapInputBytes" : -1,
      "resourceUsageMetrics" : {
        "cumulativeCpuUsage" : 11950,
        "virtualMemoryUsage" : 1158987776,
        "physicalMemoryUsage" : 337330176,
        "heapUsage" : 438042624
      },
      "location" : {
        "layers" : [ "default-rack", "Slave21" ]
      },
      "hostName" : "/default-rack/Slave21"
    } ],
    "finishTime" : 1405045838240,
    "preferredLocations" : [ {
      "layers" : [ "default-rack", "Master2" ]
    }, {
      "layers" : [ "default-rack", "Slave23" ]
    }, {
      "layers" : [ "default-rack", "Slave21" ]
    } ],
    "taskType" : "MAP",
    "taskStatus" : "SUCCESS",
    "taskID" : "task_201407031554_1975_m_000028",
    "inputBytes" : 55307951,
    "inputRecords" : 24260,
    "outputBytes" : 7258216,
    "outputRecords" : 5104992
  }, {
    "startTime" : 1405045831616,
    "attempts" : [ {
      "result" : "SUCCESS",
      "startTime" : 1405045816562,
      "finishTime" : 1405045823737,
      "attemptID" : "attempt_201407031554_1975_m_000029_0",
      "shuffleFinished" : -1,
      "sortFinished" : -1,
      "hdfsBytesRead" : 55307562,
      "hdfsBytesWritten" : -1,
      "fileBytesRead" : 4663889,
      "fileBytesWritten" : 8590775,
      "mapInputRecords" : 1353,
      "mapOutputBytes" : 76333513,
      "mapOutputRecords" : 5060079,
      "combineInputRecords" : 5215501,
      "reduceInputGroups" : -1,
      "reduceInputRecords" : -1,
      "reduceShuffleBytes" : -1,
      "reduceOutputRecords" : -1,
      "spilledRecords" : 276081,
      "mapInputBytes" : -1,
      "resourceUsageMetrics" : {
        "cumulativeCpuUsage" : 12160,
        "virtualMemoryUsage" : 1160171520,
        "physicalMemoryUsage" : 363855872,
        "heapUsage" : 413663232
      },
      "location" : {
        "layers" : [ "default-rack", "Slave22" ]
      },
      "hostName" : "/default-rack/Slave22"
    } ],
    "finishTime" : 1405045838851,
    "preferredLocations" : [ {
      "layers" : [ "default-rack", "Master2" ]
    }, {
      "layers" : [ "default-rack", "Slave23" ]
    }, {
      "layers" : [ "default-rack", "Slave22" ]
    } ],
    "taskType" : "MAP",
    "taskStatus" : "SUCCESS",
    "taskID" : "task_201407031554_1975_m_000029",
    "inputBytes" : 55307562,
    "inputRecords" : 1353,
    "outputBytes" : 8590775,
    "outputRecords" : 5060079
  }, {
    "startTime" : 1405045831616,
    "attempts" : [ {
      "result" : "SUCCESS",
      "startTime" : 1405045816562,
      "finishTime" : 1405045823787,
      "attemptID" : "attempt_201407031554_1975_m_000030_0",
      "shuffleFinished" : -1,
      "sortFinished" : -1,
      "hdfsBytesRead" : 55307411,
      "hdfsBytesWritten" : -1,
      "fileBytesRead" : 4844353,
      "fileBytesWritten" : 8947998,
      "mapInputRecords" : 1341,
      "mapOutputBytes" : 76466150,
      "mapOutputRecords" : 5057246,
      "combineInputRecords" : 5212403,
      "reduceInputGroups" : -1,
      "reduceInputRecords" : -1,
      "reduceShuffleBytes" : -1,
      "reduceOutputRecords" : -1,
      "spilledRecords" : 275763,
      "mapInputBytes" : -1,
      "resourceUsageMetrics" : {
        "cumulativeCpuUsage" : 12400,
        "virtualMemoryUsage" : 1163079680,
        "physicalMemoryUsage" : 375791616,
        "heapUsage" : 424935424
      },
      "location" : {
        "layers" : [ "default-rack", "Slave22" ]
      },
      "hostName" : "/default-rack/Slave22"
    } ],
    "finishTime" : 1405045838851,
    "preferredLocations" : [ {
      "layers" : [ "default-rack", "Master2" ]
    }, {
      "layers" : [ "default-rack", "Slave22" ]
    }, {
      "layers" : [ "default-rack", "Slave23" ]
    } ],
    "taskType" : "MAP",
    "taskStatus" : "SUCCESS",
    "taskID" : "task_201407031554_1975_m_000030",
    "inputBytes" : 55307411,
    "inputRecords" : 1341,
    "outputBytes" : 8947998,
    "outputRecords" : 5057246
  }, {
    "startTime" : 1405045832128,
    "attempts" : [ {
      "result" : "SUCCESS",
      "startTime" : 1405045832129,
      "finishTime" : 1405045839029,
      "attemptID" : "attempt_201407031554_1975_m_000033_0",
      "shuffleFinished" : -1,
      "sortFinished" : -1,
      "hdfsBytesRead" : 55307022,
      "hdfsBytesWritten" : -1,
      "fileBytesRead" : 3766655,
      "fileBytesWritten" : 6767208,
      "mapInputRecords" : 1330,
      "mapOutputBytes" : 76282797,
      "mapOutputRecords" : 5082741,
      "combineInputRecords" : 5237820,
      "reduceInputGroups" : -1,
      "reduceInputRecords" : -1,
      "reduceShuffleBytes" : -1,
      "reduceOutputRecords" : -1,
      "spilledRecords" : 274437,
      "mapInputBytes" : -1,
      "resourceUsageMetrics" : {
        "cumulativeCpuUsage" : 11510,
        "virtualMemoryUsage" : 1160118272,
        "physicalMemoryUsage" : 374935552,
        "heapUsage" : 429129728
      },
      "location" : {
        "layers" : [ "default-rack", "Master2" ]
      },
      "hostName" : "/default-rack/Master2"
    } ],
    "finishTime" : 1405045839144,
    "preferredLocations" : [ {
      "layers" : [ "default-rack", "Master2" ]
    }, {
      "layers" : [ "default-rack", "Slave22" ]
    }, {
      "layers" : [ "default-rack", "Slave23" ]
    } ],
    "taskType" : "MAP",
    "taskStatus" : "SUCCESS",
    "taskID" : "task_201407031554_1975_m_000033",
    "inputBytes" : 55307022,
    "inputRecords" : 1330,
    "outputBytes" : 6767208,
    "outputRecords" : 5082741
  }, {
    "startTime" : 1405045836734,
    "attempts" : [ {
      "result" : "SUCCESS",
      "startTime" : 1405045827524,
      "finishTime" : 1405045833081,
      "attemptID" : "attempt_201407031554_1975_m_000031_0",
      "shuffleFinished" : -1,
      "sortFinished" : -1,
      "hdfsBytesRead" : 55307192,
      "hdfsBytesWritten" : -1,
      "fileBytesRead" : 4612315,
      "fileBytesWritten" : 8489501,
      "mapInputRecords" : 1343,
      "mapOutputBytes" : 76268192,
      "mapOutputRecords" : 5059155,
      "combineInputRecords" : 5214258,
      "reduceInputGroups" : -1,
      "reduceInputRecords" : -1,
      "reduceShuffleBytes" : -1,
      "reduceOutputRecords" : -1,
      "spilledRecords" : 275521,
      "mapInputBytes" : -1,
      "resourceUsageMetrics" : {
        "cumulativeCpuUsage" : 7670,
        "virtualMemoryUsage" : 1159266304,
        "physicalMemoryUsage" : 726798336,
        "heapUsage" : 747634688
      },
      "location" : {
        "layers" : [ "default-rack", "Slave21" ]
      },
      "hostName" : "/default-rack/Slave21"
    } ],
    "finishTime" : 1405045842458,
    "preferredLocations" : [ {
      "layers" : [ "default-rack", "Slave22" ]
    }, {
      "layers" : [ "default-rack", "Slave23" ]
    }, {
      "layers" : [ "default-rack", "Slave21" ]
    } ],
    "taskType" : "MAP",
    "taskStatus" : "SUCCESS",
    "taskID" : "task_201407031554_1975_m_000031",
    "inputBytes" : 55307192,
    "inputRecords" : 1343,
    "outputBytes" : 8489501,
    "outputRecords" : 5059155
  }, {
    "startTime" : 1405045837637,
    "attempts" : [ {
      "result" : "SUCCESS",
      "startTime" : 1405045840819,
      "finishTime" : 1405045847982,
      "attemptID" : "attempt_201407031554_1975_m_000032_0",
      "shuffleFinished" : -1,
      "sortFinished" : -1,
      "hdfsBytesRead" : 55307172,
      "hdfsBytesWritten" : -1,
      "fileBytesRead" : 4699303,
      "fileBytesWritten" : 8662618,
      "mapInputRecords" : 1303,
      "mapOutputBytes" : 76372936,
      "mapOutputRecords" : 5059558,
      "combineInputRecords" : 5214533,
      "reduceInputGroups" : -1,
      "reduceInputRecords" : -1,
      "reduceShuffleBytes" : -1,
      "reduceOutputRecords" : -1,
      "spilledRecords" : 275360,
      "mapInputBytes" : -1,
      "resourceUsageMetrics" : {
        "cumulativeCpuUsage" : 12280,
        "virtualMemoryUsage" : 1161220096,
        "physicalMemoryUsage" : 351387648,
        "heapUsage" : 449052672
      },
      "location" : {
        "layers" : [ "default-rack", "Slave23" ]
      },
      "hostName" : "/default-rack/Slave23"
    }, {
      "result" : "KILLED",
      "startTime" : 1405045833247,
      "finishTime" : 1405045837468,
      "attemptID" : "attempt_201407031554_1975_m_000032_1",
      "shuffleFinished" : -1,
      "sortFinished" : -1,
      "hdfsBytesRead" : -1,
      "hdfsBytesWritten" : -1,
      "fileBytesRead" : -1,
      "fileBytesWritten" : -1,
      "mapInputRecords" : -1,
      "mapOutputBytes" : -1,
      "mapOutputRecords" : -1,
      "combineInputRecords" : -1,
      "reduceInputGroups" : -1,
      "reduceInputRecords" : -1,
      "reduceShuffleBytes" : -1,
      "reduceOutputRecords" : -1,
      "spilledRecords" : -1,
      "mapInputBytes" : -1,
      "resourceUsageMetrics" : {
        "cumulativeCpuUsage" : 0,
        "virtualMemoryUsage" : 0,
        "physicalMemoryUsage" : 0,
        "heapUsage" : 0
      },
      "location" : null,
      "hostName" : null
    } ],
    "finishTime" : 1405045844876,
    "preferredLocations" : [ {
      "layers" : [ "default-rack", "Slave22" ]
    }, {
      "layers" : [ "default-rack", "Slave21" ]
    }, {
      "layers" : [ "default-rack", "Slave23" ]
    } ],
    "taskType" : "MAP",
    "taskStatus" : "SUCCESS",
    "taskID" : "task_201407031554_1975_m_000032",
    "inputBytes" : 55307172,
    "inputRecords" : 1303,
    "outputBytes" : 8662618,
    "outputRecords" : 5059558
  }, {
    "startTime" : 1405045837938,
    "attempts" : [ {
      "result" : "SUCCESS",
      "startTime" : 1405045837939,
      "finishTime" : 1405045843451,
      "attemptID" : "attempt_201407031554_1975_m_000034_0",
      "shuffleFinished" : -1,
      "sortFinished" : -1,
      "hdfsBytesRead" : 55306610,
      "hdfsBytesWritten" : -1,
      "fileBytesRead" : 4710206,
      "fileBytesWritten" : 8680293,
      "mapInputRecords" : 1340,
      "mapOutputBytes" : 76347343,
      "mapOutputRecords" : 5057536,
      "combineInputRecords" : 5212825,
      "reduceInputGroups" : -1,
      "reduceInputRecords" : -1,
      "reduceShuffleBytes" : -1,
      "reduceOutputRecords" : -1,
      "spilledRecords" : 275864,
      "mapInputBytes" : -1,
      "resourceUsageMetrics" : {
        "cumulativeCpuUsage" : 7550,
        "virtualMemoryUsage" : 1161265152,
        "physicalMemoryUsage" : 735223808,
        "heapUsage" : 794034176
      },
      "location" : {
        "layers" : [ "default-rack", "Master2" ]
      },
      "hostName" : "/default-rack/Master2"
    } ],
    "finishTime" : 1405045843665,
    "preferredLocations" : [ {
      "layers" : [ "default-rack", "Master2" ]
    }, {
      "layers" : [ "default-rack", "Slave22" ]
    }, {
      "layers" : [ "default-rack", "Slave21" ]
    } ],
    "taskType" : "MAP",
    "taskStatus" : "SUCCESS",
    "taskID" : "task_201407031554_1975_m_000034",
    "inputBytes" : 55306610,
    "inputRecords" : 1340,
    "outputBytes" : 8680293,
    "outputRecords" : 5057536
  }, {
    "startTime" : 1405045838241,
    "attempts" : [ {
      "result" : "SUCCESS",
      "startTime" : 1405045829031,
      "finishTime" : 1405045834779,
      "attemptID" : "attempt_201407031554_1975_m_000035_0",
      "shuffleFinished" : -1,
      "sortFinished" : -1,
      "hdfsBytesRead" : 55304936,
      "hdfsBytesWritten" : -1,
      "fileBytesRead" : 4781897,
      "fileBytesWritten" : 8811576,
      "mapInputRecords" : 1365,
      "mapOutputBytes" : 76399192,
      "mapOutputRecords" : 5056270,
      "combineInputRecords" : 5211413,
      "reduceInputGroups" : -1,
      "reduceInputRecords" : -1,
      "reduceShuffleBytes" : -1,
      "reduceOutputRecords" : -1,
      "spilledRecords" : 275804,
      "mapInputBytes" : -1,
      "resourceUsageMetrics" : {
        "cumulativeCpuUsage" : 7920,
        "virtualMemoryUsage" : 1159651328,
        "physicalMemoryUsage" : 571412480,
        "heapUsage" : 655360000
      },
      "location" : {
        "layers" : [ "default-rack", "Slave21" ]
      },
      "hostName" : "/default-rack/Slave21"
    }, {
      "result" : "KILLED",
      "startTime" : 1405045843666,
      "finishTime" : 1405045846671,
      "attemptID" : "attempt_201407031554_1975_m_000035_1",
      "shuffleFinished" : -1,
      "sortFinished" : -1,
      "hdfsBytesRead" : -1,
      "hdfsBytesWritten" : -1,
      "fileBytesRead" : -1,
      "fileBytesWritten" : -1,
      "mapInputRecords" : -1,
      "mapOutputBytes" : -1,
      "mapOutputRecords" : -1,
      "combineInputRecords" : -1,
      "reduceInputGroups" : -1,
      "reduceInputRecords" : -1,
      "reduceShuffleBytes" : -1,
      "reduceOutputRecords" : -1,
      "spilledRecords" : -1,
      "mapInputBytes" : -1,
      "resourceUsageMetrics" : {
        "cumulativeCpuUsage" : 0,
        "virtualMemoryUsage" : 0,
        "physicalMemoryUsage" : 0,
        "heapUsage" : 0
      },
      "location" : null,
      "hostName" : null
    } ],
    "finishTime" : 1405045844265,
    "preferredLocations" : [ {
      "layers" : [ "default-rack", "Master2" ]
    }, {
      "layers" : [ "default-rack", "Slave23" ]
    }, {
      "layers" : [ "default-rack", "Slave21" ]
    } ],
    "taskType" : "MAP",
    "taskStatus" : "SUCCESS",
    "taskID" : "task_201407031554_1975_m_000035",
    "inputBytes" : 55304936,
    "inputRecords" : 1365,
    "outputBytes" : 8811576,
    "outputRecords" : 5056270
  }, {
    "startTime" : 1405045838851,
    "attempts" : [ {
      "result" : "SUCCESS",
      "startTime" : 1405045823795,
      "finishTime" : 1405045829610,
      "attemptID" : "attempt_201407031554_1975_m_000039_0",
      "shuffleFinished" : -1,
      "sortFinished" : -1,
      "hdfsBytesRead" : 55303550,
      "hdfsBytesWritten" : -1,
      "fileBytesRead" : 4630696,
      "fileBytesWritten" : 8510822,
      "mapInputRecords" : 1364,
      "mapOutputBytes" : 76282562,
      "mapOutputRecords" : 5060255,
      "combineInputRecords" : 5215779,
      "reduceInputGroups" : -1,
      "reduceInputRecords" : -1,
      "reduceShuffleBytes" : -1,
      "reduceOutputRecords" : -1,
      "spilledRecords" : 276207,
      "mapInputBytes" : -1,
      "resourceUsageMetrics" : {
        "cumulativeCpuUsage" : 7730,
        "virtualMemoryUsage" : 1160835072,
        "physicalMemoryUsage" : 600997888,
        "heapUsage" : 627048448
      },
      "location" : {
        "layers" : [ "default-rack", "Slave22" ]
      },
      "hostName" : "/default-rack/Slave22"
    }, {
      "result" : "KILLED",
      "startTime" : 1405045835055,
      "finishTime" : 1405045831092,
      "attemptID" : "attempt_201407031554_1975_m_000039_1",
      "shuffleFinished" : -1,
      "sortFinished" : -1,
      "hdfsBytesRead" : -1,
      "hdfsBytesWritten" : -1,
      "fileBytesRead" : -1,
      "fileBytesWritten" : -1,
      "mapInputRecords" : -1,
      "mapOutputBytes" : -1,
      "mapOutputRecords" : -1,
      "combineInputRecords" : -1,
      "reduceInputGroups" : -1,
      "reduceInputRecords" : -1,
      "reduceShuffleBytes" : -1,
      "reduceOutputRecords" : -1,
      "spilledRecords" : -1,
      "mapInputBytes" : -1,
      "resourceUsageMetrics" : {
        "cumulativeCpuUsage" : 0,
        "virtualMemoryUsage" : 0,
        "physicalMemoryUsage" : 0,
        "heapUsage" : 0
      },
      "location" : null,
      "hostName" : null
    } ],
    "finishTime" : 1405045844873,
    "preferredLocations" : [ {
      "layers" : [ "default-rack", "Master2" ]
    }, {
      "layers" : [ "default-rack", "Slave22" ]
    }, {
      "layers" : [ "default-rack", "Slave21" ]
    } ],
    "taskType" : "MAP",
    "taskStatus" : "SUCCESS",
    "taskID" : "task_201407031554_1975_m_000039",
    "inputBytes" : 55303550,
    "inputRecords" : 1364,
    "outputBytes" : 8510822,
    "outputRecords" : 5060255
  }, {
    "startTime" : 1405045838851,
    "attempts" : [ {
      "result" : "SUCCESS",
      "startTime" : 1405045823795,
      "finishTime" : 1405045829513,
      "attemptID" : "attempt_201407031554_1975_m_000036_0",
      "shuffleFinished" : -1,
      "sortFinished" : -1,
      "hdfsBytesRead" : 55304933,
      "hdfsBytesWritten" : -1,
      "fileBytesRead" : 4041674,
      "fileBytesWritten" : 7340284,
      "mapInputRecords" : 47228,
      "mapOutputBytes" : 76378990,
      "mapOutputRecords" : 5106421,
      "combineInputRecords" : 5261861,
      "reduceInputGroups" : -1,
      "reduceInputRecords" : -1,
      "reduceShuffleBytes" : -1,
      "reduceOutputRecords" : -1,
      "spilledRecords" : 276024,
      "mapInputBytes" : -1,
      "resourceUsageMetrics" : {
        "cumulativeCpuUsage" : 8020,
        "virtualMemoryUsage" : 1161646080,
        "physicalMemoryUsage" : 619335680,
        "heapUsage" : 643563520
      },
      "location" : {
        "layers" : [ "default-rack", "Slave22" ]
      },
      "hostName" : "/default-rack/Slave22"
    } ],
    "finishTime" : 1405045844572,
    "preferredLocations" : [ {
      "layers" : [ "default-rack", "Master2" ]
    }, {
      "layers" : [ "default-rack", "Slave21" ]
    }, {
      "layers" : [ "default-rack", "Slave23" ]
    } ],
    "taskType" : "MAP",
    "taskStatus" : "SUCCESS",
    "taskID" : "task_201407031554_1975_m_000036",
    "inputBytes" : 55304933,
    "inputRecords" : 47228,
    "outputBytes" : 7340284,
    "outputRecords" : 5106421
  }, {
    "startTime" : 1405045839145,
    "attempts" : [ {
      "result" : "SUCCESS",
      "startTime" : 1405045839145,
      "finishTime" : 1405045844688,
      "attemptID" : "attempt_201407031554_1975_m_000037_0",
      "shuffleFinished" : -1,
      "sortFinished" : -1,
      "hdfsBytesRead" : 55303858,
      "hdfsBytesWritten" : -1,
      "fileBytesRead" : 4062252,
      "fileBytesWritten" : 7375601,
      "mapInputRecords" : 1309,
      "mapOutputBytes" : 76260074,
      "mapOutputRecords" : 5070089,
      "combineInputRecords" : 5225265,
      "reduceInputGroups" : -1,
      "reduceInputRecords" : -1,
      "reduceShuffleBytes" : -1,
      "reduceOutputRecords" : -1,
      "spilledRecords" : 275757,
      "mapInputBytes" : -1,
      "resourceUsageMetrics" : {
        "cumulativeCpuUsage" : 7590,
        "virtualMemoryUsage" : 1159856128,
        "physicalMemoryUsage" : 629170176,
        "heapUsage" : 656146432
      },
      "location" : {
        "layers" : [ "default-rack", "Master2" ]
      },
      "hostName" : "/default-rack/Master2"
    } ],
    "finishTime" : 1405045844868,
    "preferredLocations" : [ {
      "layers" : [ "default-rack", "Master2" ]
    }, {
      "layers" : [ "default-rack", "Slave23" ]
    }, {
      "layers" : [ "default-rack", "Slave21" ]
    } ],
    "taskType" : "MAP",
    "taskStatus" : "SUCCESS",
    "taskID" : "task_201407031554_1975_m_000037",
    "inputBytes" : 55303858,
    "inputRecords" : 1309,
    "outputBytes" : 7375601,
    "outputRecords" : 5070089
  }, {
    "startTime" : 1405045839145,
    "attempts" : [ {
      "result" : "SUCCESS",
      "startTime" : 1405045842326,
      "finishTime" : 1405045847998,
      "attemptID" : "attempt_201407031554_1975_m_000038_0",
      "shuffleFinished" : -1,
      "sortFinished" : -1,
      "hdfsBytesRead" : 55303820,
      "hdfsBytesWritten" : -1,
      "fileBytesRead" : 3960568,
      "fileBytesWritten" : 7160440,
      "mapInputRecords" : 1328,
      "mapOutputBytes" : 76391465,
      "mapOutputRecords" : 5079251,
      "combineInputRecords" : 5234430,
      "reduceInputGroups" : -1,
      "reduceInputRecords" : -1,
      "reduceShuffleBytes" : -1,
      "reduceOutputRecords" : -1,
      "spilledRecords" : 275706,
      "mapInputBytes" : -1,
      "resourceUsageMetrics" : {
        "cumulativeCpuUsage" : 7760,
        "virtualMemoryUsage" : 1161609216,
        "physicalMemoryUsage" : 770912256,
        "heapUsage" : 786694144
      },
      "location" : {
        "layers" : [ "default-rack", "Slave23" ]
      },
      "hostName" : "/default-rack/Slave23"
    }, {
      "result" : "KILLED",
      "startTime" : 1405045829818,
      "finishTime" : 1405045831551,
      "attemptID" : "attempt_201407031554_1975_m_000038_1",
      "shuffleFinished" : -1,
      "sortFinished" : -1,
      "hdfsBytesRead" : -1,
      "hdfsBytesWritten" : -1,
      "fileBytesRead" : -1,
      "fileBytesWritten" : -1,
      "mapInputRecords" : -1,
      "mapOutputBytes" : -1,
      "mapOutputRecords" : -1,
      "combineInputRecords" : -1,
      "reduceInputGroups" : -1,
      "reduceInputRecords" : -1,
      "reduceShuffleBytes" : -1,
      "reduceOutputRecords" : -1,
      "spilledRecords" : -1,
      "mapInputBytes" : -1,
      "resourceUsageMetrics" : {
        "cumulativeCpuUsage" : 0,
        "virtualMemoryUsage" : 0,
        "physicalMemoryUsage" : 0,
        "heapUsage" : 0
      },
      "location" : null,
      "hostName" : null
    } ],
    "finishTime" : 1405045844876,
    "preferredLocations" : [ {
      "layers" : [ "default-rack", "Master2" ]
    }, {
      "layers" : [ "default-rack", "Slave23" ]
    }, {
      "layers" : [ "default-rack", "Slave21" ]
    } ],
    "taskType" : "MAP",
    "taskStatus" : "SUCCESS",
    "taskID" : "task_201407031554_1975_m_000038",
    "inputBytes" : 55303820,
    "inputRecords" : 1328,
    "outputBytes" : 7160440,
    "outputRecords" : 5079251
  } ],
  "finishTime" : 1405045857064,
  "reduceTasks" : [ {
    "startTime" : 1405045798227,
    "attempts" : [ {
      "result" : "SUCCESS",
      "startTime" : 1405045789017,
      "finishTime" : 1405045846848,
      "attemptID" : "attempt_201407031554_1975_r_000000_0",
      "shuffleFinished" : 1405045841826,
      "sortFinished" : 1405045842062,
      "hdfsBytesRead" : -1,
      "hdfsBytesWritten" : 85879212,
      "fileBytesRead" : -1,
      "fileBytesWritten" : 58926,
      "mapInputRecords" : -1,
      "mapOutputBytes" : -1,
      "mapOutputRecords" : -1,
      "combineInputRecords" : 0,
      "reduceInputGroups" : 2688108,
      "reduceInputRecords" : 5172180,
      "reduceShuffleBytes" : 156761210,
      "reduceOutputRecords" : 2688108,
      "spilledRecords" : 0,
      "mapInputBytes" : -1,
      "resourceUsageMetrics" : {
        "cumulativeCpuUsage" : 7730,
        "virtualMemoryUsage" : 1161691136,
        "physicalMemoryUsage" : 438308864,
        "heapUsage" : 413401088
      },
      "location" : {
        "layers" : [ "default-rack", "Slave21" ]
      },
      "hostName" : "/default-rack/Slave21"
    } ],
    "finishTime" : 1405045856158,
    "preferredLocations" : [ ],
    "taskType" : "REDUCE",
    "taskStatus" : "SUCCESS",
    "taskID" : "task_201407031554_1975_r_000000",
    "inputBytes" : 156761210,
    "inputRecords" : 5172180,
    "outputBytes" : 85879212,
    "outputRecords" : 2688108
  }, {
    "startTime" : 1405045798382,
    "attempts" : [ {
      "result" : "SUCCESS",
      "startTime" : 1405045801563,
      "finishTime" : 1405045855892,
      "attemptID" : "attempt_201407031554_1975_r_000001_0",
      "shuffleFinished" : 1405045850409,
      "sortFinished" : 1405045850744,
      "hdfsBytesRead" : -1,
      "hdfsBytesWritten" : 85935917,
      "fileBytesRead" : -1,
      "fileBytesWritten" : 58926,
      "mapInputRecords" : -1,
      "mapOutputBytes" : -1,
      "mapOutputRecords" : -1,
      "combineInputRecords" : 0,
      "reduceInputGroups" : 2689272,
      "reduceInputRecords" : 5167801,
      "reduceShuffleBytes" : 156626406,
      "reduceOutputRecords" : 2689272,
      "spilledRecords" : 0,
      "mapInputBytes" : -1,
      "resourceUsageMetrics" : {
        "cumulativeCpuUsage" : 7690,
        "virtualMemoryUsage" : 1163841536,
        "physicalMemoryUsage" : 385937408,
        "heapUsage" : 410517504
      },
      "location" : {
        "layers" : [ "default-rack", "Slave23" ]
      },
      "hostName" : "/default-rack/Slave23"
    } ],
    "finishTime" : 1405045852718,
    "preferredLocations" : [ ],
    "taskType" : "REDUCE",
    "taskStatus" : "SUCCESS",
    "taskID" : "task_201407031554_1975_r_000001",
    "inputBytes" : 156626406,
    "inputRecords" : 5167801,
    "outputBytes" : 85935917,
    "outputRecords" : 2689272
  } ],
  "submitTime" : 1405045776557,
  "launchTime" : 1405045776620,
  "totalMaps" : 40,
  "totalReduces" : 2,
  "otherTasks" : [ {
    "startTime" : 1405045776685,
    "attempts" : [ {
      "result" : "SUCCESS",
      "startTime" : 1405045779949,
      "finishTime" : 1405045780557,
      "attemptID" : "attempt_201407031554_1975_m_000041_0",
      "shuffleFinished" : -1,
      "sortFinished" : -1,
      "hdfsBytesRead" : -1,
      "hdfsBytesWritten" : -1,
      "fileBytesRead" : -1,
      "fileBytesWritten" : 59018,
      "mapInputRecords" : -1,
      "mapOutputBytes" : -1,
      "mapOutputRecords" : -1,
      "combineInputRecords" : -1,
      "reduceInputGroups" : -1,
      "reduceInputRecords" : -1,
      "reduceShuffleBytes" : -1,
      "reduceOutputRecords" : -1,
      "spilledRecords" : 0,
      "mapInputBytes" : -1,
      "resourceUsageMetrics" : {
        "cumulativeCpuUsage" : 40,
        "virtualMemoryUsage" : 1156030464,
        "physicalMemoryUsage" : 62476288,
        "heapUsage" : 64487424
      },
      "location" : {
        "layers" : [ "default-rack", "Slave23" ]
      },
      "hostName" : "/default-rack/Slave23"
    } ],
    "finishTime" : 1405045777593,
    "preferredLocations" : [ ],
    "taskType" : "SETUP",
    "taskStatus" : "SUCCESS",
    "taskID" : "task_201407031554_1975_m_000041",
    "inputBytes" : -1,
    "inputRecords" : -1,
    "outputBytes" : -1,
    "outputRecords" : -1
  }, {
    "startTime" : 1405045856160,
    "attempts" : [ {
      "result" : "SUCCESS",
      "startTime" : 1405045846950,
      "finishTime" : 1405045847602,
      "attemptID" : "attempt_201407031554_1975_m_000040_0",
      "shuffleFinished" : -1,
      "sortFinished" : -1,
      "hdfsBytesRead" : -1,
      "hdfsBytesWritten" : -1,
      "fileBytesRead" : -1,
      "fileBytesWritten" : 59018,
      "mapInputRecords" : -1,
      "mapOutputBytes" : -1,
      "mapOutputRecords" : -1,
      "combineInputRecords" : -1,
      "reduceInputGroups" : -1,
      "reduceInputRecords" : -1,
      "reduceShuffleBytes" : -1,
      "reduceOutputRecords" : -1,
      "spilledRecords" : 0,
      "mapInputBytes" : -1,
      "resourceUsageMetrics" : {
        "cumulativeCpuUsage" : 60,
        "virtualMemoryUsage" : 1155313664,
        "physicalMemoryUsage" : 62066688,
        "heapUsage" : 64487424
      },
      "location" : {
        "layers" : [ "default-rack", "Slave21" ]
      },
      "hostName" : "/default-rack/Slave21"
    } ],
    "finishTime" : 1405045857064,
    "preferredLocations" : [ ],
    "taskType" : "CLEANUP",
    "taskStatus" : "SUCCESS",
    "taskID" : "task_201407031554_1975_m_000040",
    "inputBytes" : -1,
    "inputRecords" : -1,
    "outputBytes" : -1,
    "outputRecords" : -1
  } ],
  "queue" : "default",
  "jobProperties" : {
    "fs.s3n.impl" : "org.apache.hadoop.fs.s3native.NativeS3FileSystem",
    "mapred.task.cache.levels" : "2",
    "mapreduce.job.restart.recover" : "true",
    "mapreduce.job.counters.max" : "120",
    "dfs.client.use.datanode.hostname" : "false",
    "hadoop.tmp.dir" : "/tmp/hadoop-${user.name}",
    "hadoop.native.lib" : "true",
    "map.sort.class" : "org.apache.hadoop.util.QuickSort",
    "dfs.namenode.decommission.nodes.per.interval" : "5",
    "dfs.https.need.client.auth" : "false",
    "dfs.datanode.drop.cache.behind.writes" : "false",
    "ipc.client.idlethreshold" : "4000",
    "mapred.system.dir" : "${hadoop.tmp.dir}/mapred/system",
    "dfs.datanode.data.dir.perm" : "755",
    "mapred.job.tracker.persist.jobstatus.hours" : "0",
    "dfs.namenode.logging.level" : "info",
    "dfs.datanode.address" : "0.0.0.0:50010",
    "io.skip.checksum.errors" : "false",
    "dfs.block.access.token.enable" : "false",
    "fs.default.name" : "hdfs://Master2:9000",
    "mapred.cluster.reduce.memory.mb" : "-1",
    "mapred.reducer.new-api" : "true",
    "mapred.child.tmp" : "./tmp",
    "fs.har.impl.disable.cache" : "true",
    "dfs.safemode.threshold.pct" : "0.999f",
    "mapred.skip.reduce.max.skip.groups" : "0",
    "mapred.heartbeats.in.second" : "100",
    "dfs.namenode.handler.count" : "10",
    "dfs.blockreport.initialDelay" : "0",
    "mapred.tasktracker.dns.nameserver" : "default",
    "io.sort.factor" : "10",
    "dfs.datanode.drop.cache.behind.reads" : "false",
    "mapred.task.timeout" : "600000",
    "mapred.max.tracker.failures" : "4",
    "hadoop.rpc.socket.factory.class.default" : "org.apache.hadoop.net.StandardSocketFactory",
    "mapred.job.tracker.jobhistory.lru.cache.size" : "5",
    "fs.hdfs.impl" : "org.apache.hadoop.hdfs.DistributedFileSystem",
    "mapred.queue.default.acl-administer-jobs" : "*",
    "dfs.namenode.stale.datanode.interval" : "30000",
    "mapred.output.key.class" : "org.apache.hadoop.io.Text",
    "dfs.block.access.key.update.interval" : "600",
    "mapred.skip.map.auto.incr.proc.count" : "true",
    "mapreduce.job.complete.cancel.delegation.tokens" : "true",
    "io.mapfile.bloom.size" : "1048576",
    "mapreduce.reduce.shuffle.connect.timeout" : "180000",
    "dfs.safemode.extension" : "30000",
    "mapred.jobtracker.blacklist.fault-timeout-window" : "180",
    "dfs.namenode.write.stale.datanode.ratio" : "0.5f",
    "hadoop.skip.worker.version.check" : "false",
    "tasktracker.http.threads" : "40",
    "net.topology.impl" : "org.apache.hadoop.net.NetworkTopology",
    "mapred.job.shuffle.merge.percent" : "0.6",
    "fs.ftp.impl" : "org.apache.hadoop.fs.ftp.FTPFileSystem",
    "user.name" : "itri-hadoop",
    "dfs.namenode.kerberos.internal.spnego.principal" : "${dfs.web.authentication.kerberos.principal}",
    "mapred.output.compress" : "false",
    "io.bytes.per.checksum" : "512",
    "mapred.combine.recordsBeforeProgress" : "10000",
    "mapred.healthChecker.script.timeout" : "600000",
    "topology.node.switch.mapping.impl" : "org.apache.hadoop.net.ScriptBasedMapping",
    "dfs.https.server.keystore.resource" : "ssl-server.xml",
    "mapred.reduce.slowstart.completed.maps" : "0.05",
    "mapred.reduce.max.attempts" : "4",
    "dfs.namenode.safemode.min.datanodes" : "0",
    "mapreduce.ifile.readahead.bytes" : "4194304",
    "fs.ramfs.impl" : "org.apache.hadoop.fs.InMemoryFileSystem",
    "dfs.block.access.token.lifetime" : "600",
    "mapred.skip.map.max.skip.records" : "0",
    "dfs.name.edits.dir" : "${dfs.name.dir}",
    "mapred.cluster.map.memory.mb" : "-1",
    "hadoop.security.group.mapping" : "org.apache.hadoop.security.ShellBasedUnixGroupsMapping",
    "mapred.job.tracker.persist.jobstatus.dir" : "/jobtracker/jobsInfo",
    "mapred.jar" : "hdfs://Master2:9000/tmp/hadoop-itri-hadoop/mapred/staging/itri-hadoop/.staging/job_201407031554_1975/job.jar",
    "fs.s3.buffer.dir" : "${hadoop.tmp.dir}/s3",
    "dfs.block.size" : "67108864",
    "job.end.retry.attempts" : "0",
    "fs.file.impl" : "org.apache.hadoop.fs.LocalFileSystem",
    "dfs.namenode.avoid.write.stale.datanode" : "false",
    "dfs.datanode.max.xcievers" : "4096",
    "mapred.local.dir.minspacestart" : "0",
    "mapred.output.compression.type" : "RECORD",
    "dfs.datanode.ipc.address" : "0.0.0.0:50020",
    "dfs.permissions" : "true",
    "topology.script.number.args" : "100",
    "mapreduce.job.counters.groups.max" : "50",
    "io.mapfile.bloom.error.rate" : "0.005",
    "mapred.cluster.max.reduce.memory.mb" : "-1",
    "mapred.max.tracker.blacklists" : "4",
    "mapred.task.profile.maps" : "0-2",
    "mapred.jobtracker.jobSchedulable" : "org.apache.hadoop.mapred.JobSchedulable",
    "dfs.datanode.https.address" : "0.0.0.0:50475",
    "mapred.userlog.retain.hours" : "24",
    "dfs.secondary.http.address" : "0.0.0.0:50090",
    "dfs.namenode.replication.work.multiplier.per.iteration" : "2",
    "dfs.replication.max" : "512",
    "mapred.job.tracker.persist.jobstatus.active" : "false",
    "hadoop.security.authorization" : "false",
    "local.cache.size" : "10737418240",
    "mapred.min.split.size" : "201326592",
    "dfs.namenode.delegation.token.renew-interval" : "86400000",
    "mapred.map.tasks" : "40",
    "mapred.child.java.opts" : "-Xmx200m",
    "mapred.output.value.class" : "org.apache.hadoop.io.IntWritable",
    "dfs.https.client.keystore.resource" : "ssl-client.xml",
    "ipc.client.fallback-to-simple-auth-allowed" : "false",
    "mapred.job.queue.name" : "default",
    "mapred.job.tracker.retiredjobs.cache.size" : "1000",
    "dfs.https.address" : "0.0.0.0:50470",
    "dfs.balance.bandwidthPerSec" : "1048576",
    "ipc.server.listen.queue.size" : "128",
    "dfs.namenode.invalidate.work.pct.per.iteration" : "0.32f",
    "mapred.inmem.merge.threshold" : "900",
    "job.end.retry.interval" : "30000",
    "mapred.skip.attempts.to.start.skipping" : "2",
    "mapreduce.tasktracker.outofband.heartbeat.damper" : "1000000",
    "hadoop.security.use-weak-http-crypto" : "false",
    "fs.checkpoint.dir" : "${hadoop.tmp.dir}/dfs/namesecondary",
    "dfs.namenode.avoid.read.stale.datanode" : "false",
    "mapred.reduce.tasks" : "2",
    "mapred.merge.recordsBeforeProgress" : "10000",
    "mapred.userlog.limit.kb" : "0",
    "mapred.job.reduce.memory.mb" : "-1",
    "webinterface.private.actions" : "false",
    "dfs.max.objects" : "0",
    "hadoop.security.token.service.use_ip" : "true",
    "io.sort.spill.percent" : "0.5",
    "mapred.job.shuffle.input.buffer.percent" : "0.8",
    "mapred.map.tasks.speculative.execution" : "true",
    "hadoop.http.authentication.type" : "simple",
    "mapred.job.name" : "word count",
    "hadoop.util.hash.type" : "murmur",
    "dfs.datanode.dns.nameserver" : "default",
    "hadoop.security.instrumentation.requires.admin" : "false",
    "dfs.blockreport.intervalMsec" : "3600000",
    "dfs.datanode.readahead.bytes" : "4193404",
    "mapred.map.max.attempts" : "4",
    "mapreduce.job.acl-view-job" : " ",
    "mapreduce.ifile.readahead" : "true",
    "mapred.jobtracker.nodegroup.aware" : "false",
    "mapred.job.tracker.handler.count" : "10",
    "dfs.client.block.write.retries" : "3",
    "mapreduce.reduce.shuffle.read.timeout" : "180000",
    "mapred.tasktracker.expiry.interval" : "600000",
    "dfs.secondary.namenode.kerberos.internal.spnego.principal" : "${dfs.web.authentication.kerberos.principal}",
    "dfs.https.enable" : "false",
    "mapred.jobtracker.job.history.block.size" : "3145728",
    "mapred.jobtracker.maxtasks.per.job" : "-1",
    "keep.failed.task.files" : "false",
    "dfs.datanode.use.datanode.hostname" : "false",
    "dfs.datanode.failed.volumes.tolerated" : "0",
    "ipc.client.tcpnodelay" : "false",
    "mapred.task.profile.reduces" : "0-2",
    "io.map.index.skip" : "0",
    "mapred.output.compression.codec" : "org.apache.hadoop.io.compress.DefaultCodec",
    "hadoop.http.authentication.token.validity" : "36000",
    "ipc.server.tcpnodelay" : "false",
    "hadoop.jetty.logs.serve.aliases" : "true",
    "mapred.working.dir" : "hdfs://Master2:9000/user/itri-hadoop",
    "mapred.jobtracker.blacklist.fault-bucket-width" : "15",
    "dfs.namenode.delegation.key.update-interval" : "86400000",
    "mapred.used.genericoptionsparser" : "true",
    "mapred.job.map.memory.mb" : "-1",
    "mapred.mapper.new-api" : "true",
    "dfs.default.chunk.view.size" : "32768",
    "hadoop.logfile.size" : "10000000",
    "mapred.reduce.tasks.speculative.execution" : "true",
    "mapreduce.tasktracker.outofband.heartbeat" : "false",
    "mapreduce.job.dir" : "hdfs://Master2:9000/tmp/hadoop-itri-hadoop/mapred/staging/itri-hadoop/.staging/job_201407031554_1975",
    "mapreduce.reduce.input.limit" : "-1",
    "dfs.datanode.du.reserved" : "0",
    "dfs.datanode.sync.behind.writes" : "false",
    "hadoop.security.authentication" : "simple",
    "fs.checkpoint.period" : "3600",
    "mapred.job.reuse.jvm.num.tasks" : "4",
    "dfs.web.ugi" : "webuser,webgroup",
    "mapred.jobtracker.completeuserjobs.maximum" : "100",
    "dfs.df.interval" : "60000",
    "mapred.task.tracker.task-controller" : "org.apache.hadoop.mapred.DefaultTaskController",
    "dfs.data.dir" : "${hadoop.tmp.dir}/dfs/data",
    "fs.s3.maxRetries" : "4",
    "dfs.datanode.dns.interface" : "default",
    "mapred.cluster.max.map.memory.mb" : "-1",
    "mapreduce.reduce.shuffle.maxfetchfailures" : "10",
    "mapred.map.child.java.opts" : "-Xmx900M",
    "mapreduce.job.acl-modify-job" : " ",
    "fs.hftp.impl" : "org.apache.hadoop.hdfs.HftpFileSystem",
    "mapred.local.dir" : "${hadoop.tmp.dir}/mapred/local",
    "dfs.permissions.supergroup" : "supergroup",
    "fs.s3.sleepTimeSeconds" : "10",
    "fs.trash.interval" : "0",
    "mapred.submit.replication" : "10",
    "dfs.replication.min" : "1",
    "fs.har.impl" : "org.apache.hadoop.fs.HarFileSystem",
    "hadoop.relaxed.worker.version.check" : "false",
    "mapred.map.output.compression.codec" : "org.apache.hadoop.io.compress.DefaultCodec",
    "mapred.tasktracker.dns.interface" : "default",
    "dfs.http.address" : "0.0.0.0:50070",
    "dfs.namenode.decommission.interval" : "30",
    "mapred.job.tracker" : "Master2:9001",
    "dfs.heartbeat.interval" : "3",
    "hadoop.http.authentication.signature.secret.file" : "${user.home}/hadoop-http-auth-signature-secret",
    "io.seqfile.sorter.recordlimit" : "1000000",
    "mapreduce.job.submithost" : "Master2",
    "dfs.name.dir" : "${hadoop.tmp.dir}/dfs/name",
    "mapred.jobtracker.taskScheduler" : "org.apache.hadoop.mapred.JobQueueTaskScheduler",
    "mapred.line.input.format.linespermap" : "1",
    "dfs.datanode.http.address" : "0.0.0.0:50075",
    "fs.webhdfs.impl" : "org.apache.hadoop.hdfs.web.WebHdfsFileSystem",
    "mapred.local.dir.minspacekill" : "0",
    "dfs.image.transfer.bandwidthPerSec" : "0",
    "dfs.replication.interval" : "3",
    "io.sort.record.percent" : "0.08",
    "hadoop.http.authentication.kerberos.principal" : "HTTP/localhost@LOCALHOST",
    "mapreduce.reduce.class" : "org.apache.hadoop.examples.WordCount$IntSumReducer",
    "fs.kfs.impl" : "org.apache.hadoop.fs.kfs.KosmosFileSystem",
    "mapred.tasktracker.reduce.tasks.maximum" : "4",
    "mapred.temp.dir" : "${hadoop.tmp.dir}/mapred/temp",
    "dfs.replication" : "3",
    "fs.checkpoint.edits.dir" : "${fs.checkpoint.dir}",
    "mapreduce.jobhistory.max-age-ms" : "2592000000",
    "mapred.tasktracker.tasks.sleeptime-before-sigkill" : "5000",
    "mapred.job.reduce.input.buffer.percent" : "0.8",
    "mapred.tasktracker.indexcache.mb" : "10",
    "dfs.webhdfs.enabled" : "false",
    "mapreduce.job.split.metainfo.maxsize" : "10000000",
    "hadoop.logfile.count" : "10",
    "mapred.skip.reduce.auto.incr.proc.count" : "true",
    "mapreduce.job.submithostaddress" : "192.168.1.104",
    "io.seqfile.compress.blocksize" : "1000000",
    "fs.s3.block.size" : "67108864",
    "mapred.tasktracker.taskmemorymanager.monitoring-interval" : "5000",
    "hadoop.http.authentication.simple.anonymous.allowed" : "true",
    "mapreduce.jobtracker.staging.root.dir" : "${hadoop.tmp.dir}/mapred/staging",
    "mapred.acls.enabled" : "false",
    "mapred.queue.default.state" : "RUNNING",
    "mapred.queue.names" : "default",
    "fs.hsftp.impl" : "org.apache.hadoop.hdfs.HsftpFileSystem",
    "dfs.access.time.precision" : "3600000",
    "mapred.task.tracker.http.address" : "0.0.0.0:50060",
    "mapreduce.combine.class" : "org.apache.hadoop.examples.WordCount$IntSumReducer",
    "io.seqfile.lazydecompress" : "true",
    "mapred.reduce.parallel.copies" : "5",
    "mapred.disk.healthChecker.interval" : "60000",
    "mapred.output.dir" : "/word-out",
    "ipc.client.connection.maxidletime" : "10000",
    "io.sort.mb" : "200",
    "mapred.reduce.child.java.opts" : "-Xmx900M",
    "mapred.task.tracker.report.address" : "127.0.0.1:0",
    "hadoop.security.uid.cache.secs" : "14400",
    "mapred.compress.map.output" : "false",
    "ipc.client.kill.max" : "10",
    "mapred.healthChecker.interval" : "60000",
    "ipc.client.connect.max.retries" : "10",
    "mapreduce.map.class" : "org.apache.hadoop.examples.WordCount$TokenizerMapper",
    "fs.s3.impl" : "org.apache.hadoop.fs.s3.S3FileSystem",
    "mapred.user.jobconf.limit" : "5242880",
    "mapreduce.job.counters.group.name.max" : "128",
    "mapred.job.tracker.http.address" : "0.0.0.0:50030",
    "mapred.input.dir" : "hdfs://Master2:9000/word-in5G",
    "io.file.buffer.size" : "4096",
    "mapred.jobtracker.restart.recover" : "false",
    "io.serializations" : "org.apache.hadoop.io.serializer.WritableSerialization",
    "mapred.task.profile" : "false",
    "dfs.datanode.handler.count" : "3",
    "mapreduce.input.num.files" : "20",
    "mapreduce.jobhistory.cleaner.interval-ms" : "86400000",
    "dfs.replication.considerLoad" : "true",
    "jobclient.output.filter" : "FAILED",
    "dfs.namenode.edits.toleration.length" : "0",
    "hadoop.http.authentication.kerberos.keytab" : "${user.home}/hadoop.keytab",
    "dfs.namenode.delegation.token.max-lifetime" : "604800000",
    "mapred.tasktracker.map.tasks.maximum" : "2",
    "fs.checkpoint.size" : "67108864",
    "io.compression.codecs" : "org.apache.hadoop.io.compress.DefaultCodec,org.apache.hadoop.io.compress.GzipCodec,org.apache.hadoop.io.compress.BZip2Codec,org.apache.hadoop.io.compress.SnappyCodec",
    "mapreduce.job.counters.counter.name.max" : "64"
  },
  "computonsPerMapInputByte" : -1,
  "computonsPerMapOutputByte" : -1,
  "computonsPerReduceInputByte" : -1,
  "computonsPerReduceOutputByte" : -1,
  "heapMegabytes" : 200,
  "outcome" : "SUCCESS",
  "jobtype" : "JAVA",
  "directDependantJobs" : [ ],
  "successfulMapAttemptCDFs" : [ {
    "maximum" : 22998,
    "minimum" : 5512,
    "rankings" : [ {
      "relativeRanking" : 0.05,
      "datum" : 5512
    }, {
      "relativeRanking" : 0.1,
      "datum" : 5557
    }, {
      "relativeRanking" : 0.15,
      "datum" : 5634
    }, {
      "relativeRanking" : 0.2,
      "datum" : 5748
    }, {
      "relativeRanking" : 0.25,
      "datum" : 5775
    }, {
      "relativeRanking" : 0.3,
      "datum" : 5824
    }, {
      "relativeRanking" : 0.35,
      "datum" : 6096
    }, {
      "relativeRanking" : 0.4,
      "datum" : 6854
    }, {
      "relativeRanking" : 0.45,
      "datum" : 7163
    }, {
      "relativeRanking" : 0.5,
      "datum" : 7225
    }, {
      "relativeRanking" : 0.55,
      "datum" : 19014
    }, {
      "relativeRanking" : 0.6,
      "datum" : 19107
    }, {
      "relativeRanking" : 0.65,
      "datum" : 19194
    }, {
      "relativeRanking" : 0.7,
      "datum" : 19470
    }, {
      "relativeRanking" : 0.75,
      "datum" : 19767
    }, {
      "relativeRanking" : 0.8,
      "datum" : 19921
    }, {
      "relativeRanking" : 0.85,
      "datum" : 20155
    }, {
      "relativeRanking" : 0.9,
      "datum" : 21437
    }, {
      "relativeRanking" : 0.95,
      "datum" : 22087
    } ],
    "numberValues" : 39
  }, {
    "maximum" : 5718,
    "minimum" : 5718,
    "rankings" : [ {
      "relativeRanking" : 0.05,
      "datum" : 5718
    }, {
      "relativeRanking" : 0.1,
      "datum" : 5718
    }, {
      "relativeRanking" : 0.15,
      "datum" : 5718
    }, {
      "relativeRanking" : 0.2,
      "datum" : 5718
    }, {
      "relativeRanking" : 0.25,
      "datum" : 5718
    }, {
      "relativeRanking" : 0.3,
      "datum" : 5718
    }, {
      "relativeRanking" : 0.35,
      "datum" : 5718
    }, {
      "relativeRanking" : 0.4,
      "datum" : 5718
    }, {
      "relativeRanking" : 0.45,
      "datum" : 5718
    }, {
      "relativeRanking" : 0.5,
      "datum" : 5718
    }, {
      "relativeRanking" : 0.55,
      "datum" : 5718
    }, {
      "relativeRanking" : 0.6,
      "datum" : 5718
    }, {
      "relativeRanking" : 0.65,
      "datum" : 5718
    }, {
      "relativeRanking" : 0.7,
      "datum" : 5718
    }, {
      "relativeRanking" : 0.75,
      "datum" : 5718
    }, {
      "relativeRanking" : 0.8,
      "datum" : 5718
    }, {
      "relativeRanking" : 0.85,
      "datum" : 5718
    }, {
      "relativeRanking" : 0.9,
      "datum" : 5718
    }, {
      "relativeRanking" : 0.95,
      "datum" : 5718
    } ],
    "numberValues" : 1
  }, {
    "maximum" : 9223372036854775807,
    "minimum" : -9223372036854775808,
    "rankings" : [ ],
    "numberValues" : 0
  }, {
    "maximum" : 9223372036854775807,
    "minimum" : -9223372036854775808,
    "rankings" : [ ],
    "numberValues" : 0
  } ],
  "failedMapAttemptCDFs" : [ {
    "maximum" : 9223372036854775807,
    "minimum" : -9223372036854775808,
    "rankings" : [ ],
    "numberValues" : 0
  }, {
    "maximum" : 9223372036854775807,
    "minimum" : -9223372036854775808,
    "rankings" : [ ],
    "numberValues" : 0
  }, {
    "maximum" : 9223372036854775807,
    "minimum" : -9223372036854775808,
    "rankings" : [ ],
    "numberValues" : 0
  }, {
    "maximum" : 9223372036854775807,
    "minimum" : -9223372036854775808,
    "rankings" : [ ],
    "numberValues" : 0
  } ],
  "successfulReduceAttemptCDF" : {
    "maximum" : 57831,
    "minimum" : 54329,
    "rankings" : [ {
      "relativeRanking" : 0.05,
      "datum" : 54329
    }, {
      "relativeRanking" : 0.1,
      "datum" : 54329
    }, {
      "relativeRanking" : 0.15,
      "datum" : 54329
    }, {
      "relativeRanking" : 0.2,
      "datum" : 54329
    }, {
      "relativeRanking" : 0.25,
      "datum" : 54329
    }, {
      "relativeRanking" : 0.3,
      "datum" : 54329
    }, {
      "relativeRanking" : 0.35,
      "datum" : 54329
    }, {
      "relativeRanking" : 0.4,
      "datum" : 54329
    }, {
      "relativeRanking" : 0.45,
      "datum" : 54329
    }, {
      "relativeRanking" : 0.5,
      "datum" : 54329
    }, {
      "relativeRanking" : 0.55,
      "datum" : 54329
    }, {
      "relativeRanking" : 0.6,
      "datum" : 54329
    }, {
      "relativeRanking" : 0.65,
      "datum" : 54329
    }, {
      "relativeRanking" : 0.7,
      "datum" : 54329
    }, {
      "relativeRanking" : 0.75,
      "datum" : 54329
    }, {
      "relativeRanking" : 0.8,
      "datum" : 54329
    }, {
      "relativeRanking" : 0.85,
      "datum" : 54329
    }, {
      "relativeRanking" : 0.9,
      "datum" : 54329
    }, {
      "relativeRanking" : 0.95,
      "datum" : 54329
    } ],
    "numberValues" : 2
  },
  "failedReduceAttemptCDF" : {
    "maximum" : 9223372036854775807,
    "minimum" : -9223372036854775808,
    "rankings" : [ ],
    "numberValues" : 0
  },
  "mapperTriesToSucceed" : [ 1.0 ],
  "priority" : "NORMAL"
}