{
  "priority" : "NORMAL",
  "jobID" : "job_201407031554_1851",
  "user" : "itri-hadoop",
  "jobName" : "word count",
  "mapTasks" : [ {
    "startTime" : 1405006979285,
    "attempts" : [ {
      "result" : "SUCCESS",
      "location" : {
        "layers" : [ "default-rack", "Master2" ]
      },
      "hostName" : "/default-rack/Master2",
      "startTime" : 1405006979286,
      "finishTime" : 1405007016464,
      "attemptID" : "attempt_201407031554_1851_m_000000_0",
      "shuffleFinished" : -1,
      "sortFinished" : -1,
      "hdfsBytesRead" : 256639996,
      "hdfsBytesWritten" : -1,
      "fileBytesRead" : 25818083,
      "fileBytesWritten" : 42174550,
      "mapInputRecords" : 6287,
      "mapOutputBytes" : 354421684,
      "mapOutputRecords" : 23479252,
      "combineInputRecords" : 24090365,
      "reduceInputGroups" : -1,
      "reduceInputRecords" : -1,
      "reduceShuffleBytes" : -1,
      "reduceOutputRecords" : -1,
      "spilledRecords" : 1300109,
      "mapInputBytes" : -1,
      "resourceUsageMetrics" : {
        "cumulativeCpuUsage" : 41730,
        "virtualMemoryUsage" : 1159839744,
        "physicalMemoryUsage" : 602349568,
        "heapUsage" : 739246080
      }
    } ],
    "finishTime" : 1405007016590,
    "preferredLocations" : [ {
      "layers" : [ "default-rack", "Master2" ]
    }, {
      "layers" : [ "default-rack", "Slave23" ]
    }, {
      "layers" : [ "default-rack", "Slave22" ]
    } ],
    "taskType" : "MAP",
    "taskStatus" : "SUCCESS",
    "taskID" : "task_201407031554_1851_m_000000",
    "inputBytes" : 256639996,
    "inputRecords" : 6287,
    "outputBytes" : 42174550,
    "outputRecords" : 23479252
  }, {
    "startTime" : 1405006979286,
    "attempts" : [ {
      "result" : "SUCCESS",
      "location" : {
        "layers" : [ "default-rack", "Master2" ]
      },
      "hostName" : "/default-rack/Master2",
      "startTime" : 1405006979287,
      "finishTime" : 1405007016713,
      "attemptID" : "attempt_201407031554_1851_m_000001_0",
      "shuffleFinished" : -1,
      "sortFinished" : -1,
      "hdfsBytesRead" : 256639160,
      "hdfsBytesWritten" : -1,
      "fileBytesRead" : 21364023,
      "fileBytesWritten" : 34551509,
      "mapInputRecords" : 219088,
      "mapOutputBytes" : 354630398,
      "mapOutputRecords" : 23691420,
      "combineInputRecords" : 24302685,
      "reduceInputGroups" : -1,
      "reduceInputRecords" : -1,
      "reduceShuffleBytes" : -1,
      "reduceOutputRecords" : -1,
      "spilledRecords" : 1298017,
      "mapInputBytes" : -1,
      "resourceUsageMetrics" : {
        "cumulativeCpuUsage" : 41380,
        "virtualMemoryUsage" : 1162985472,
        "physicalMemoryUsage" : 642187264,
        "heapUsage" : 789053440
      }
    } ],
    "finishTime" : 1405007016893,
    "preferredLocations" : [ {
      "layers" : [ "default-rack", "Master2" ]
    }, {
      "layers" : [ "default-rack", "Slave22" ]
    }, {
      "layers" : [ "default-rack", "Slave23" ]
    } ],
    "taskType" : "MAP",
    "taskStatus" : "SUCCESS",
    "taskID" : "task_201407031554_1851_m_000001",
    "inputBytes" : 256639160,
    "inputRecords" : 219088,
    "outputBytes" : 34551509,
    "outputRecords" : 23691420
  }, {
    "startTime" : 1405006979457,
    "attempts" : [ {
      "result" : "SUCCESS",
      "location" : {
        "layers" : [ "default-rack", "Slave23" ]
      },
      "hostName" : "/default-rack/Slave23",
      "startTime" : 1405006982506,
      "finishTime" : 1405007019931,
      "attemptID" : "attempt_201407031554_1851_m_000003_0",
      "shuffleFinished" : -1,
      "sortFinished" : -1,
      "hdfsBytesRead" : 256637462,
      "hdfsBytesWritten" : -1,
      "fileBytesRead" : 26199387,
      "fileBytesWritten" : 42839776,
      "mapInputRecords" : 6190,
      "mapOutputBytes" : 354734072,
      "mapOutputRecords" : 23478568,
      "combineInputRecords" : 24089160,
      "reduceInputGroups" : -1,
      "reduceInputRecords" : -1,
      "reduceShuffleBytes" : -1,
      "reduceOutputRecords" : -1,
      "spilledRecords" : 1298488,
      "mapInputBytes" : -1,
      "resourceUsageMetrics" : {
        "cumulativeCpuUsage" : 42180,
        "virtualMemoryUsage" : 1160937472,
        "physicalMemoryUsage" : 629981184,
        "heapUsage" : 776994816
      }
    } ],
    "finishTime" : 1405007017085,
    "preferredLocations" : [ {
      "layers" : [ "default-rack", "Master2" ]
    }, {
      "layers" : [ "default-rack", "Slave22" ]
    }, {
      "layers" : [ "default-rack", "Slave23" ]
    } ],
    "taskType" : "MAP",
    "taskStatus" : "SUCCESS",
    "taskID" : "task_201407031554_1851_m_000003",
    "inputBytes" : 256637462,
    "inputRecords" : 6190,
    "outputBytes" : 42839776,
    "outputRecords" : 23478568
  }, {
    "startTime" : 1405006979457,
    "attempts" : [ {
      "result" : "SUCCESS",
      "location" : {
        "layers" : [ "default-rack", "Slave23" ]
      },
      "hostName" : "/default-rack/Slave23",
      "startTime" : 1405006982506,
      "finishTime" : 1405007020000,
      "attemptID" : "attempt_201407031554_1851_m_000004_0",
      "shuffleFinished" : -1,
      "sortFinished" : -1,
      "hdfsBytesRead" : 256637190,
      "hdfsBytesWritten" : -1,
      "fileBytesRead" : 25509210,
      "fileBytesWritten" : 41661084,
      "mapInputRecords" : 6253,
      "mapOutputBytes" : 354195759,
      "mapOutputRecords" : 23477445,
      "combineInputRecords" : 24087973,
      "reduceInputGroups" : -1,
      "reduceInputRecords" : -1,
      "reduceShuffleBytes" : -1,
      "reduceOutputRecords" : -1,
      "spilledRecords" : 1298227,
      "mapInputBytes" : -1,
      "resourceUsageMetrics" : {
        "cumulativeCpuUsage" : 42140,
        "virtualMemoryUsage" : 1159303168,
        "physicalMemoryUsage" : 624279552,
        "heapUsage" : 770965504
      }
    } ],
    "finishTime" : 1405007017085,
    "preferredLocations" : [ {
      "layers" : [ "default-rack", "Master2" ]
    }, {
      "layers" : [ "default-rack", "Slave22" ]
    }, {
      "layers" : [ "default-rack", "Slave23" ]
    } ],
    "taskType" : "MAP",
    "taskStatus" : "SUCCESS",
    "taskID" : "task_201407031554_1851_m_000004",
    "inputBytes" : 256637190,
    "inputRecords" : 6253,
    "outputBytes" : 41661084,
    "outputRecords" : 23477445
  }, {
    "startTime" : 1405006979465,
    "attempts" : [ {
      "result" : "SUCCESS",
      "location" : {
        "layers" : [ "default-rack", "Slave21" ]
      },
      "hostName" : "/default-rack/Slave21",
      "startTime" : 1405006970792,
      "finishTime" : 1405007008436,
      "attemptID" : "attempt_201407031554_1851_m_000002_0",
      "shuffleFinished" : -1,
      "sortFinished" : -1,
      "hdfsBytesRead" : 256638247,
      "hdfsBytesWritten" : -1,
      "fileBytesRead" : 21676513,
      "fileBytesWritten" : 35064233,
      "mapInputRecords" : 112590,
      "mapOutputBytes" : 354832939,
      "mapOutputRecords" : 23584115,
      "combineInputRecords" : 24195345,
      "reduceInputGroups" : -1,
      "reduceInputRecords" : -1,
      "reduceShuffleBytes" : -1,
      "reduceOutputRecords" : -1,
      "spilledRecords" : 1299261,
      "mapInputBytes" : -1,
      "resourceUsageMetrics" : {
        "cumulativeCpuUsage" : 42440,
        "virtualMemoryUsage" : 1156898816,
        "physicalMemoryUsage" : 593657856,
        "heapUsage" : 742391808
      }
    } ],
    "finishTime" : 1405007017391,
    "preferredLocations" : [ {
      "layers" : [ "default-rack", "Master2" ]
    }, {
      "layers" : [ "default-rack", "Slave21" ]
    }, {
      "layers" : [ "default-rack", "Slave22" ]
    } ],
    "taskType" : "MAP",
    "taskStatus" : "SUCCESS",
    "taskID" : "task_201407031554_1851_m_000002",
    "inputBytes" : 256638247,
    "inputRecords" : 112590,
    "outputBytes" : 35064233,
    "outputRecords" : 23584115
  }, {
    "startTime" : 1405006979465,
    "attempts" : [ {
      "result" : "SUCCESS",
      "location" : {
        "layers" : [ "default-rack", "Slave21" ]
      },
      "hostName" : "/default-rack/Slave21",
      "startTime" : 1405006970793,
      "finishTime" : 1405007008816,
      "attemptID" : "attempt_201407031554_1851_m_000005_0",
      "shuffleFinished" : -1,
      "sortFinished" : -1,
      "hdfsBytesRead" : 256637015,
      "hdfsBytesWritten" : -1,
      "fileBytesRead" : 25238442,
      "fileBytesWritten" : 41197224,
      "mapInputRecords" : 6257,
      "mapOutputBytes" : 353981081,
      "mapOutputRecords" : 23476364,
      "combineInputRecords" : 24087094,
      "reduceInputGroups" : -1,
      "reduceInputRecords" : -1,
      "reduceShuffleBytes" : -1,
      "reduceOutputRecords" : -1,
      "spilledRecords" : 1299190,
      "mapInputBytes" : -1,
      "resourceUsageMetrics" : {
        "cumulativeCpuUsage" : 43020,
        "virtualMemoryUsage" : 1160888320,
        "physicalMemoryUsage" : 594952192,
        "heapUsage" : 742129664
      }
    } ],
    "finishTime" : 1405007017692,
    "preferredLocations" : [ {
      "layers" : [ "default-rack", "Master2" ]
    }, {
      "layers" : [ "default-rack", "Slave21" ]
    }, {
      "layers" : [ "default-rack", "Slave23" ]
    } ],
    "taskType" : "MAP",
    "taskStatus" : "SUCCESS",
    "taskID" : "task_201407031554_1851_m_000005",
    "inputBytes" : 256637015,
    "inputRecords" : 6257,
    "outputBytes" : 41197224,
    "outputRecords" : 23476364
  }, {
    "startTime" : 1405006979529,
    "attempts" : [ {
      "result" : "SUCCESS",
      "location" : {
        "layers" : [ "default-rack", "Slave22" ]
      },
      "hostName" : "/default-rack/Slave22",
      "startTime" : 1405006965286,
      "finishTime" : 1405007003597,
      "attemptID" : "attempt_201407031554_1851_m_000007_0",
      "shuffleFinished" : -1,
      "sortFinished" : -1,
      "hdfsBytesRead" : 256635555,
      "hdfsBytesWritten" : -1,
      "fileBytesRead" : 22462150,
      "fileBytesWritten" : 36440831,
      "mapInputRecords" : 112592,
      "mapOutputBytes" : 354622719,
      "mapOutputRecords" : 23584181,
      "combineInputRecords" : 24194670,
      "reduceInputGroups" : -1,
      "reduceInputRecords" : -1,
      "reduceShuffleBytes" : -1,
      "reduceOutputRecords" : -1,
      "spilledRecords" : 1297442,
      "mapInputBytes" : -1,
      "resourceUsageMetrics" : {
        "cumulativeCpuUsage" : 42970,
        "virtualMemoryUsage" : 1159278592,
        "physicalMemoryUsage" : 578179072,
        "heapUsage" : 726401024
      }
    } ],
    "finishTime" : 1405007018091,
    "preferredLocations" : [ {
      "layers" : [ "default-rack", "Master2" ]
    }, {
      "layers" : [ "default-rack", "Slave23" ]
    }, {
      "layers" : [ "default-rack", "Slave22" ]
    } ],
    "taskType" : "MAP",
    "taskStatus" : "SUCCESS",
    "taskID" : "task_201407031554_1851_m_000007",
    "inputBytes" : 256635555,
    "inputRecords" : 112592,
    "outputBytes" : 36440831,
    "outputRecords" : 23584181
  }, {
    "startTime" : 1405006979529,
    "attempts" : [ {
      "result" : "SUCCESS",
      "location" : {
        "layers" : [ "default-rack", "Slave22" ]
      },
      "hostName" : "/default-rack/Slave22",
      "startTime" : 1405006965286,
      "finishTime" : 1405007002965,
      "attemptID" : "attempt_201407031554_1851_m_000008_0",
      "shuffleFinished" : -1,
      "sortFinished" : -1,
      "hdfsBytesRead" : 256635338,
      "hdfsBytesWritten" : -1,
      "fileBytesRead" : 25794327,
      "fileBytesWritten" : 42121970,
      "mapInputRecords" : 6091,
      "mapOutputBytes" : 354419394,
      "mapOutputRecords" : 23480282,
      "combineInputRecords" : 24090774,
      "reduceInputGroups" : -1,
      "reduceInputRecords" : -1,
      "reduceShuffleBytes" : -1,
      "reduceOutputRecords" : -1,
      "spilledRecords" : 1298381,
      "mapInputBytes" : -1,
      "resourceUsageMetrics" : {
        "cumulativeCpuUsage" : 42060,
        "virtualMemoryUsage" : 1159839744,
        "physicalMemoryUsage" : 631058432,
        "heapUsage" : 777781248
      }
    } ],
    "finishTime" : 1405007017489,
    "preferredLocations" : [ {
      "layers" : [ "default-rack", "Slave23" ]
    }, {
      "layers" : [ "default-rack", "Slave21" ]
    }, {
      "layers" : [ "default-rack", "Slave22" ]
    } ],
    "taskType" : "MAP",
    "taskStatus" : "SUCCESS",
    "taskID" : "task_201407031554_1851_m_000008",
    "inputBytes" : 256635338,
    "inputRecords" : 6091,
    "outputBytes" : 42121970,
    "outputRecords" : 23480282
  }, {
    "startTime" : 1405007016591,
    "attempts" : [ {
      "result" : "SUCCESS",
      "location" : {
        "layers" : [ "default-rack", "Master2" ]
      },
      "hostName" : "/default-rack/Master2",
      "startTime" : 1405007016591,
      "finishTime" : 1405007050867,
      "attemptID" : "attempt_201407031554_1851_m_000006_0",
      "shuffleFinished" : -1,
      "sortFinished" : -1,
      "hdfsBytesRead" : 256636365,
      "hdfsBytesWritten" : -1,
      "fileBytesRead" : 26331708,
      "fileBytesWritten" : 43085146,
      "mapInputRecords" : 6087,
      "mapOutputBytes" : 354842515,
      "mapOutputRecords" : 23479607,
      "combineInputRecords" : 24090206,
      "reduceInputGroups" : -1,
      "reduceInputRecords" : -1,
      "reduceShuffleBytes" : -1,
      "reduceOutputRecords" : -1,
      "spilledRecords" : 1298978,
      "mapInputBytes" : -1,
      "resourceUsageMetrics" : {
        "cumulativeCpuUsage" : 35740,
        "virtualMemoryUsage" : 1160835072,
        "physicalMemoryUsage" : 686718976,
        "heapUsage" : 764411904
      }
    } ],
    "finishTime" : 1405007050894,
    "preferredLocations" : [ {
      "layers" : [ "default-rack", "Master2" ]
    }, {
      "layers" : [ "default-rack", "Slave23" ]
    }, {
      "layers" : [ "default-rack", "Slave21" ]
    } ],
    "taskType" : "MAP",
    "taskStatus" : "SUCCESS",
    "taskID" : "task_201407031554_1851_m_000006",
    "inputBytes" : 256636365,
    "inputRecords" : 6087,
    "outputBytes" : 43085146,
    "outputRecords" : 23479607
  }, {
    "startTime" : 1405007016894,
    "attempts" : [ {
      "result" : "SUCCESS",
      "location" : {
        "layers" : [ "default-rack", "Master2" ]
      },
      "hostName" : "/default-rack/Master2",
      "startTime" : 1405007016896,
      "finishTime" : 1405007050672,
      "attemptID" : "attempt_201407031554_1851_m_000009_0",
      "shuffleFinished" : -1,
      "sortFinished" : -1,
      "hdfsBytesRead" : 256634993,
      "hdfsBytesWritten" : -1,
      "fileBytesRead" : 25518804,
      "fileBytesWritten" : 41661702,
      "mapInputRecords" : 6278,
      "mapOutputBytes" : 354199981,
      "mapOutputRecords" : 23479018,
      "combineInputRecords" : 24089828,
      "reduceInputGroups" : -1,
      "reduceInputRecords" : -1,
      "reduceShuffleBytes" : -1,
      "reduceOutputRecords" : -1,
      "spilledRecords" : 1298821,
      "mapInputBytes" : -1,
      "resourceUsageMetrics" : {
        "cumulativeCpuUsage" : 35400,
        "virtualMemoryUsage" : 1163980800,
        "physicalMemoryUsage" : 783130624,
        "heapUsage" : 926941184
      }
    } ],
    "finishTime" : 1405007050894,
    "preferredLocations" : [ {
      "layers" : [ "default-rack", "Master2" ]
    }, {
      "layers" : [ "default-rack", "Slave22" ]
    }, {
      "layers" : [ "default-rack", "Slave21" ]
    } ],
    "taskType" : "MAP",
    "taskStatus" : "SUCCESS",
    "taskID" : "task_201407031554_1851_m_000009",
    "inputBytes" : 256634993,
    "inputRecords" : 6278,
    "outputBytes" : 41661702,
    "outputRecords" : 23479018
  }, {
    "startTime" : 1405007017086,
    "attempts" : [ {
      "result" : "SUCCESS",
      "location" : {
        "layers" : [ "default-rack", "Slave23" ]
      },
      "hostName" : "/default-rack/Slave23",
      "startTime" : 1405007020086,
      "finishTime" : 1405007054287,
      "attemptID" : "attempt_201407031554_1851_m_000010_0",
      "shuffleFinished" : -1,
      "sortFinished" : -1,
      "hdfsBytesRead" : 256634886,
      "hdfsBytesWritten" : -1,
      "fileBytesRead" : 26068789,
      "fileBytesWritten" : 42596879,
      "mapInputRecords" : 6123,
      "mapOutputBytes" : 354618958,
      "mapOutputRecords" : 23477321,
      "combineInputRecords" : 24087662,
      "reduceInputGroups" : -1,
      "reduceInputRecords" : -1,
      "reduceShuffleBytes" : -1,
      "reduceOutputRecords" : -1,
      "spilledRecords" : 1298178,
      "mapInputBytes" : -1,
      "resourceUsageMetrics" : {
        "cumulativeCpuUsage" : 35660,
        "virtualMemoryUsage" : 1162395648,
        "physicalMemoryUsage" : 738455552,
        "heapUsage" : 838336512
      }
    } ],
    "finishTime" : 1405007051363,
    "preferredLocations" : [ {
      "layers" : [ "default-rack", "Master2" ]
    }, {
      "layers" : [ "default-rack", "Slave23" ]
    }, {
      "layers" : [ "default-rack", "Slave21" ]
    } ],
    "taskType" : "MAP",
    "taskStatus" : "SUCCESS",
    "taskID" : "task_201407031554_1851_m_000010",
    "inputBytes" : 256634886,
    "inputRecords" : 6123,
    "outputBytes" : 42596879,
    "outputRecords" : 23477321
  }, {
    "startTime" : 1405007017086,
    "attempts" : [ {
      "result" : "SUCCESS",
      "location" : {
        "layers" : [ "default-rack", "Slave23" ]
      },
      "hostName" : "/default-rack/Slave23",
      "startTime" : 1405007020086,
      "finishTime" : 1405007054108,
      "attemptID" : "attempt_201407031554_1851_m_000011_0",
      "shuffleFinished" : -1,
      "sortFinished" : -1,
      "hdfsBytesRead" : 256634837,
      "hdfsBytesWritten" : -1,
      "fileBytesRead" : 25523533,
      "fileBytesWritten" : 41668539,
      "mapInputRecords" : 6197,
      "mapOutputBytes" : 354198447,
      "mapOutputRecords" : 23478639,
      "combineInputRecords" : 24089387,
      "reduceInputGroups" : -1,
      "reduceInputRecords" : -1,
      "reduceShuffleBytes" : -1,
      "reduceOutputRecords" : -1,
      "spilledRecords" : 1299134,
      "mapInputBytes" : -1,
      "resourceUsageMetrics" : {
        "cumulativeCpuUsage" : 35640,
        "virtualMemoryUsage" : 1161932800,
        "physicalMemoryUsage" : 741986304,
        "heapUsage" : 888930304
      }
    } ],
    "finishTime" : 1405007051364,
    "preferredLocations" : [ {
      "layers" : [ "default-rack", "Master2" ]
    }, {
      "layers" : [ "default-rack", "Slave23" ]
    }, {
      "layers" : [ "default-rack", "Slave21" ]
    } ],
    "taskType" : "MAP",
    "taskStatus" : "SUCCESS",
    "taskID" : "task_201407031554_1851_m_000011",
    "inputBytes" : 256634837,
    "inputRecords" : 6197,
    "outputBytes" : 41668539,
    "outputRecords" : 23478639
  }, {
    "startTime" : 1405007017391,
    "attempts" : [ {
      "result" : "SUCCESS",
      "location" : {
        "layers" : [ "default-rack", "Slave21" ]
      },
      "hostName" : "/default-rack/Slave21",
      "startTime" : 1405007008644,
      "finishTime" : 1405007042625,
      "attemptID" : "attempt_201407031554_1851_m_000012_0",
      "shuffleFinished" : -1,
      "sortFinished" : -1,
      "hdfsBytesRead" : 256634810,
      "hdfsBytesWritten" : -1,
      "fileBytesRead" : 25097403,
      "fileBytesWritten" : 40921749,
      "mapInputRecords" : 6227,
      "mapOutputBytes" : 353884521,
      "mapOutputRecords" : 23479238,
      "combineInputRecords" : 24089339,
      "reduceInputGroups" : -1,
      "reduceInputRecords" : -1,
      "reduceShuffleBytes" : -1,
      "reduceOutputRecords" : -1,
      "spilledRecords" : 1297469,
      "mapInputBytes" : -1,
      "resourceUsageMetrics" : {
        "cumulativeCpuUsage" : 35380,
        "virtualMemoryUsage" : 1157894144,
        "physicalMemoryUsage" : 685686784,
        "heapUsage" : 794296320
      }
    } ],
    "finishTime" : 1405007051665,
    "preferredLocations" : [ {
      "layers" : [ "default-rack", "Master2" ]
    }, {
      "layers" : [ "default-rack", "Slave22" ]
    }, {
      "layers" : [ "default-rack", "Slave21" ]
    } ],
    "taskType" : "MAP",
    "taskStatus" : "SUCCESS",
    "taskID" : "task_201407031554_1851_m_000012",
    "inputBytes" : 256634810,
    "inputRecords" : 6227,
    "outputBytes" : 40921749,
    "outputRecords" : 23479238
  }, {
    "startTime" : 1405007017489,
    "attempts" : [ {
      "result" : "SUCCESS",
      "location" : {
        "layers" : [ "default-rack", "Slave22" ]
      },
      "hostName" : "/default-rack/Slave22",
      "startTime" : 1405007003312,
      "finishTime" : 1405007037729,
      "attemptID" : "attempt_201407031554_1851_m_000013_0",
      "shuffleFinished" : -1,
      "sortFinished" : -1,
      "hdfsBytesRead" : 256634749,
      "hdfsBytesWritten" : -1,
      "fileBytesRead" : 22329777,
      "fileBytesWritten" : 36183641,
      "mapInputRecords" : 6105,
      "mapOutputBytes" : 355045811,
      "mapOutputRecords" : 23583894,
      "combineInputRecords" : 24194242,
      "reduceInputGroups" : -1,
      "reduceInputRecords" : -1,
      "reduceShuffleBytes" : -1,
      "reduceOutputRecords" : -1,
      "spilledRecords" : 1297006,
      "mapInputBytes" : -1,
      "resourceUsageMetrics" : {
        "cumulativeCpuUsage" : 35720,
        "virtualMemoryUsage" : 1160835072,
        "physicalMemoryUsage" : 753471488,
        "heapUsage" : 902037504
      }
    } ],
    "finishTime" : 1405007052113,
    "preferredLocations" : [ {
      "layers" : [ "default-rack", "Slave21" ]
    }, {
      "layers" : [ "default-rack", "Slave23" ]
    }, {
      "layers" : [ "default-rack", "Slave22" ]
    } ],
    "taskType" : "MAP",
    "taskStatus" : "SUCCESS",
    "taskID" : "task_201407031554_1851_m_000013",
    "inputBytes" : 256634749,
    "inputRecords" : 6105,
    "outputBytes" : 36183641,
    "outputRecords" : 23583894
  }, {
    "startTime" : 1405007017692,
    "attempts" : [ {
      "result" : "SUCCESS",
      "location" : {
        "layers" : [ "default-rack", "Slave21" ]
      },
      "hostName" : "/default-rack/Slave21",
      "startTime" : 1405007008945,
      "finishTime" : 1405007042585,
      "attemptID" : "attempt_201407031554_1851_m_000014_0",
      "shuffleFinished" : -1,
      "sortFinished" : -1,
      "hdfsBytesRead" : 256634712,
      "hdfsBytesWritten" : -1,
      "fileBytesRead" : 24688424,
      "fileBytesWritten" : 40247908,
      "mapInputRecords" : 6212,
      "mapOutputBytes" : 353554088,
      "mapOutputRecords" : 23477343,
      "combineInputRecords" : 24088081,
      "reduceInputGroups" : -1,
      "reduceInputRecords" : -1,
      "reduceShuffleBytes" : -1,
      "reduceOutputRecords" : -1,
      "spilledRecords" : 1298678,
      "mapInputBytes" : -1,
      "resourceUsageMetrics" : {
        "cumulativeCpuUsage" : 34770,
        "virtualMemoryUsage" : 1161883648,
        "physicalMemoryUsage" : 673914880,
        "heapUsage" : 778305536
      }
    } ],
    "finishTime" : 1405007051363,
    "preferredLocations" : [ {
      "layers" : [ "default-rack", "Master2" ]
    }, {
      "layers" : [ "default-rack", "Slave21" ]
    }, {
      "layers" : [ "default-rack", "Slave23" ]
    } ],
    "taskType" : "MAP",
    "taskStatus" : "SUCCESS",
    "taskID" : "task_201407031554_1851_m_000014",
    "inputBytes" : 256634712,
    "inputRecords" : 6212,
    "outputBytes" : 40247908,
    "outputRecords" : 23477343
  }, {
    "startTime" : 1405007018091,
    "attempts" : [ {
      "result" : "SUCCESS",
      "location" : {
        "layers" : [ "default-rack", "Slave22" ]
      },
      "hostName" : "/default-rack/Slave22",
      "startTime" : 1405007003801,
      "finishTime" : 1405007037711,
      "attemptID" : "attempt_201407031554_1851_m_000015_0",
      "shuffleFinished" : -1,
      "sortFinished" : -1,
      "hdfsBytesRead" : 256634603,
      "hdfsBytesWritten" : -1,
      "fileBytesRead" : 25363392,
      "fileBytesWritten" : 41384767,
      "mapInputRecords" : 6177,
      "mapOutputBytes" : 354096679,
      "mapOutputRecords" : 23479525,
      "combineInputRecords" : 24089406,
      "reduceInputGroups" : -1,
      "reduceInputRecords" : -1,
      "reduceShuffleBytes" : -1,
      "reduceOutputRecords" : -1,
      "spilledRecords" : 1297149,
      "mapInputBytes" : -1,
      "resourceUsageMetrics" : {
        "cumulativeCpuUsage" : 35470,
        "virtualMemoryUsage" : 1160273920,
        "physicalMemoryUsage" : 653647872,
        "heapUsage" : 761790464
      }
    } ],
    "finishTime" : 1405007052114,
    "preferredLocations" : [ {
      "layers" : [ "default-rack", "Master2" ]
    }, {
      "layers" : [ "default-rack", "Slave22" ]
    }, {
      "layers" : [ "default-rack", "Slave21" ]
    } ],
    "taskType" : "MAP",
    "taskStatus" : "SUCCESS",
    "taskID" : "task_201407031554_1851_m_000015",
    "inputBytes" : 256634603,
    "inputRecords" : 6177,
    "outputBytes" : 41384767,
    "outputRecords" : 23479525
  }, {
    "startTime" : 1405007050894,
    "attempts" : [ {
      "result" : "SUCCESS",
      "location" : {
        "layers" : [ "default-rack", "Master2" ]
      },
      "hostName" : "/default-rack/Master2",
      "startTime" : 1405007050895,
      "finishTime" : 1405007084142,
      "attemptID" : "attempt_201407031554_1851_m_000016_0",
      "shuffleFinished" : -1,
      "sortFinished" : -1,
      "hdfsBytesRead" : 256634574,
      "hdfsBytesWritten" : -1,
      "fileBytesRead" : 24963855,
      "fileBytesWritten" : 40740732,
      "mapInputRecords" : 6223,
      "mapOutputBytes" : 353765494,
      "mapOutputRecords" : 23477094,
      "combineInputRecords" : 24087978,
      "reduceInputGroups" : -1,
      "reduceInputRecords" : -1,
      "reduceShuffleBytes" : -1,
      "reduceOutputRecords" : -1,
      "spilledRecords" : 1299384,
      "mapInputBytes" : -1,
      "resourceUsageMetrics" : {
        "cumulativeCpuUsage" : 34300,
        "virtualMemoryUsage" : 1163980800,
        "physicalMemoryUsage" : 800960512,
        "heapUsage" : 942669824
      }
    } ],
    "finishTime" : 1405007084287,
    "preferredLocations" : [ {
      "layers" : [ "default-rack", "Master2" ]
    }, {
      "layers" : [ "default-rack", "Slave22" ]
    }, {
      "layers" : [ "default-rack", "Slave21" ]
    } ],
    "taskType" : "MAP",
    "taskStatus" : "SUCCESS",
    "taskID" : "task_201407031554_1851_m_000016",
    "inputBytes" : 256634574,
    "inputRecords" : 6223,
    "outputBytes" : 40740732,
    "outputRecords" : 23477094
  }, {
    "startTime" : 1405007050894,
    "attempts" : [ {
      "result" : "SUCCESS",
      "location" : {
        "layers" : [ "default-rack", "Master2" ]
      },
      "hostName" : "/default-rack/Master2",
      "startTime" : 1405007050895,
      "finishTime" : 1405007084278,
      "attemptID" : "attempt_201407031554_1851_m_000017_0",
      "shuffleFinished" : -1,
      "sortFinished" : -1,
      "hdfsBytesRead" : 256634558,
      "hdfsBytesWritten" : -1,
      "fileBytesRead" : 25234257,
      "fileBytesWritten" : 41172581,
      "mapInputRecords" : 6163,
      "mapOutputBytes" : 353986406,
      "mapOutputRecords" : 23478826,
      "combineInputRecords" : 24089058,
      "reduceInputGroups" : -1,
      "reduceInputRecords" : -1,
      "reduceShuffleBytes" : -1,
      "reduceOutputRecords" : -1,
      "spilledRecords" : 1297721,
      "mapInputBytes" : -1,
      "resourceUsageMetrics" : {
        "cumulativeCpuUsage" : 34580,
        "virtualMemoryUsage" : 1160835072,
        "physicalMemoryUsage" : 798146560,
        "heapUsage" : 884736000
      }
    } ],
    "finishTime" : 1405007084289,
    "preferredLocations" : [ {
      "layers" : [ "default-rack", "Master2" ]
    }, {
      "layers" : [ "default-rack", "Slave22" ]
    }, {
      "layers" : [ "default-rack", "Slave21" ]
    } ],
    "taskType" : "MAP",
    "taskStatus" : "SUCCESS",
    "taskID" : "task_201407031554_1851_m_000017",
    "inputBytes" : 256634558,
    "inputRecords" : 6163,
    "outputBytes" : 41172581,
    "outputRecords" : 23478826
  }, {
    "startTime" : 1405007051363,
    "attempts" : [ {
      "result" : "SUCCESS",
      "location" : {
        "layers" : [ "default-rack", "Slave21" ]
      },
      "hostName" : "/default-rack/Slave21",
      "startTime" : 1405007042615,
      "finishTime" : 1405007076431,
      "attemptID" : "attempt_201407031554_1851_m_000019_0",
      "shuffleFinished" : -1,
      "sortFinished" : -1,
      "hdfsBytesRead" : 256634040,
      "hdfsBytesWritten" : -1,
      "fileBytesRead" : 25509274,
      "fileBytesWritten" : 41666032,
      "mapInputRecords" : 6278,
      "mapOutputBytes" : 354195442,
      "mapOutputRecords" : 23478486,
      "combineInputRecords" : 24088635,
      "reduceInputGroups" : -1,
      "reduceInputRecords" : -1,
      "reduceShuffleBytes" : -1,
      "reduceOutputRecords" : -1,
      "spilledRecords" : 1298425,
      "mapInputBytes" : -1,
      "resourceUsageMetrics" : {
        "cumulativeCpuUsage" : 34590,
        "virtualMemoryUsage" : 1161883648,
        "physicalMemoryUsage" : 793812992,
        "heapUsage" : 936640512
      }
    } ],
    "finishTime" : 1405007085481,
    "preferredLocations" : [ {
      "layers" : [ "default-rack", "Slave22" ]
    }, {
      "layers" : [ "default-rack", "Slave21" ]
    }, {
      "layers" : [ "default-rack", "Slave23" ]
    } ],
    "taskType" : "MAP",
    "taskStatus" : "SUCCESS",
    "taskID" : "task_201407031554_1851_m_000019",
    "inputBytes" : 256634040,
    "inputRecords" : 6278,
    "outputBytes" : 41666032,
    "outputRecords" : 23478486
  }, {
    "startTime" : 1405007051364,
    "attempts" : [ {
      "result" : "SUCCESS",
      "location" : {
        "layers" : [ "default-rack", "Slave23" ]
      },
      "hostName" : "/default-rack/Slave23",
      "startTime" : 1405007054363,
      "finishTime" : 1405007087900,
      "attemptID" : "attempt_201407031554_1851_m_000018_0",
      "shuffleFinished" : -1,
      "sortFinished" : -1,
      "hdfsBytesRead" : 256634486,
      "hdfsBytesWritten" : -1,
      "fileBytesRead" : 26069217,
      "fileBytesWritten" : 42578637,
      "mapInputRecords" : 6198,
      "mapOutputBytes" : 354638828,
      "mapOutputRecords" : 23482323,
      "combineInputRecords" : 24092690,
      "reduceInputGroups" : -1,
      "reduceInputRecords" : -1,
      "reduceShuffleBytes" : -1,
      "reduceOutputRecords" : -1,
      "spilledRecords" : 1297603,
      "mapInputBytes" : -1,
      "resourceUsageMetrics" : {
        "cumulativeCpuUsage" : 34340,
        "virtualMemoryUsage" : 1162395648,
        "physicalMemoryUsage" : 799014912,
        "heapUsage" : 936116224
      }
    } ],
    "finishTime" : 1405007085204,
    "preferredLocations" : [ {
      "layers" : [ "default-rack", "Master2" ]
    }, {
      "layers" : [ "default-rack", "Slave22" ]
    }, {
      "layers" : [ "default-rack", "Slave23" ]
    } ],
    "taskType" : "MAP",
    "taskStatus" : "SUCCESS",
    "taskID" : "task_201407031554_1851_m_000018",
    "inputBytes" : 256634486,
    "inputRecords" : 6198,
    "outputBytes" : 42578637,
    "outputRecords" : 23482323
  }, {
    "startTime" : 1405007051364,
    "attempts" : [ {
      "result" : "SUCCESS",
      "location" : {
        "layers" : [ "default-rack", "Slave23" ]
      },
      "hostName" : "/default-rack/Slave23",
      "startTime" : 1405007054363,
      "finishTime" : 1405007087901,
      "attemptID" : "attempt_201407031554_1851_m_000021_0",
      "shuffleFinished" : -1,
      "sortFinished" : -1,
      "hdfsBytesRead" : 256633956,
      "hdfsBytesWritten" : -1,
      "fileBytesRead" : 25799058,
      "fileBytesWritten" : 42121671,
      "mapInputRecords" : 6236,
      "mapOutputBytes" : 354405518,
      "mapOutputRecords" : 23477326,
      "combineInputRecords" : 24087890,
      "reduceInputGroups" : -1,
      "reduceInputRecords" : -1,
      "reduceShuffleBytes" : -1,
      "reduceOutputRecords" : -1,
      "spilledRecords" : 1298388,
      "mapInputBytes" : -1,
      "resourceUsageMetrics" : {
        "cumulativeCpuUsage" : 34350,
        "virtualMemoryUsage" : 1161932800,
        "physicalMemoryUsage" : 798838784,
        "heapUsage" : 942669824
      }
    } ],
    "finishTime" : 1405007085204,
    "preferredLocations" : [ {
      "layers" : [ "default-rack", "Slave21" ]
    }, {
      "layers" : [ "default-rack", "Slave23" ]
    }, {
      "layers" : [ "default-rack", "Slave22" ]
    } ],
    "taskType" : "MAP",
    "taskStatus" : "SUCCESS",
    "taskID" : "task_201407031554_1851_m_000021",
    "inputBytes" : 256633956,
    "inputRecords" : 6236,
    "outputBytes" : 42121671,
    "outputRecords" : 23477326
  }, {
    "startTime" : 1405007051666,
    "attempts" : [ {
      "result" : "SUCCESS",
      "location" : {
        "layers" : [ "default-rack", "Slave21" ]
      },
      "hostName" : "/default-rack/Slave21",
      "startTime" : 1405007042919,
      "finishTime" : 1405007076431,
      "attemptID" : "attempt_201407031554_1851_m_000020_0",
      "shuffleFinished" : -1,
      "sortFinished" : -1,
      "hdfsBytesRead" : 256633961,
      "hdfsBytesWritten" : -1,
      "fileBytesRead" : 25807072,
      "fileBytesWritten" : 42150816,
      "mapInputRecords" : 6080,
      "mapOutputBytes" : 354408397,
      "mapOutputRecords" : 23478666,
      "combineInputRecords" : 24089529,
      "reduceInputGroups" : -1,
      "reduceInputRecords" : -1,
      "reduceShuffleBytes" : -1,
      "reduceOutputRecords" : -1,
      "spilledRecords" : 1299453,
      "mapInputBytes" : -1,
      "resourceUsageMetrics" : {
        "cumulativeCpuUsage" : 34750,
        "virtualMemoryUsage" : 1157894144,
        "physicalMemoryUsage" : 796614656,
        "heapUsage" : 941359104
      }
    } ],
    "finishTime" : 1405007085482,
    "preferredLocations" : [ {
      "layers" : [ "default-rack", "Master2" ]
    }, {
      "layers" : [ "default-rack", "Slave21" ]
    }, {
      "layers" : [ "default-rack", "Slave22" ]
    } ],
    "taskType" : "MAP",
    "taskStatus" : "SUCCESS",
    "taskID" : "task_201407031554_1851_m_000020",
    "inputBytes" : 256633961,
    "inputRecords" : 6080,
    "outputBytes" : 42150816,
    "outputRecords" : 23478666
  }, {
    "startTime" : 1405007052114,
    "attempts" : [ {
      "result" : "SUCCESS",
      "location" : {
        "layers" : [ "default-rack", "Slave22" ]
      },
      "hostName" : "/default-rack/Slave22",
      "startTime" : 1405007037822,
      "finishTime" : 1405007071314,
      "attemptID" : "attempt_201407031554_1851_m_000023_0",
      "shuffleFinished" : -1,
      "sortFinished" : -1,
      "hdfsBytesRead" : 256633638,
      "hdfsBytesWritten" : -1,
      "fileBytesRead" : 22461325,
      "fileBytesWritten" : 36434843,
      "mapInputRecords" : 6228,
      "mapOutputBytes" : 354831800,
      "mapOutputRecords" : 23584291,
      "combineInputRecords" : 24194665,
      "reduceInputGroups" : -1,
      "reduceInputRecords" : -1,
      "reduceShuffleBytes" : -1,
      "reduceOutputRecords" : -1,
      "spilledRecords" : 1297843,
      "mapInputBytes" : -1,
      "resourceUsageMetrics" : {
        "cumulativeCpuUsage" : 34760,
        "virtualMemoryUsage" : 1160273920,
        "physicalMemoryUsage" : 742907904,
        "heapUsage" : 889716736
      }
    } ],
    "finishTime" : 1405007085910,
    "preferredLocations" : [ {
      "layers" : [ "default-rack", "Slave22" ]
    }, {
      "layers" : [ "default-rack", "Slave23" ]
    }, {
      "layers" : [ "default-rack", "Slave21" ]
    } ],
    "taskType" : "MAP",
    "taskStatus" : "SUCCESS",
    "taskID" : "task_201407031554_1851_m_000023",
    "inputBytes" : 256633638,
    "inputRecords" : 6228,
    "outputBytes" : 36434843,
    "outputRecords" : 23584291
  }, {
    "startTime" : 1405007052114,
    "attempts" : [ {
      "result" : "SUCCESS",
      "location" : {
        "layers" : [ "default-rack", "Slave22" ]
      },
      "hostName" : "/default-rack/Slave22",
      "startTime" : 1405007037822,
      "finishTime" : 1405007070738,
      "attemptID" : "attempt_201407031554_1851_m_000024_0",
      "shuffleFinished" : -1,
      "sortFinished" : -1,
      "hdfsBytesRead" : 256633575,
      "hdfsBytesWritten" : -1,
      "fileBytesRead" : 25232610,
      "fileBytesWritten" : 41170092,
      "mapInputRecords" : 6180,
      "mapOutputBytes" : 353982443,
      "mapOutputRecords" : 23478229,
      "combineInputRecords" : 24088814,
      "reduceInputGroups" : -1,
      "reduceInputRecords" : -1,
      "reduceShuffleBytes" : -1,
      "reduceOutputRecords" : -1,
      "spilledRecords" : 1298352,
      "mapInputBytes" : -1,
      "resourceUsageMetrics" : {
        "cumulativeCpuUsage" : 34020,
        "virtualMemoryUsage" : 1160835072,
        "physicalMemoryUsage" : 798130176,
        "heapUsage" : 942145536
      }
    } ],
    "finishTime" : 1405007085195,
    "preferredLocations" : [ {
      "layers" : [ "default-rack", "Master2" ]
    }, {
      "layers" : [ "default-rack", "Slave22" ]
    }, {
      "layers" : [ "default-rack", "Slave23" ]
    } ],
    "taskType" : "MAP",
    "taskStatus" : "SUCCESS",
    "taskID" : "task_201407031554_1851_m_000024",
    "inputBytes" : 256633575,
    "inputRecords" : 6180,
    "outputBytes" : 41170092,
    "outputRecords" : 23478229
  }, {
    "startTime" : 1405007084289,
    "attempts" : [ {
      "result" : "SUCCESS",
      "location" : {
        "layers" : [ "default-rack", "Master2" ]
      },
      "hostName" : "/default-rack/Master2",
      "startTime" : 1405007084291,
      "finishTime" : 1405007117607,
      "attemptID" : "attempt_201407031554_1851_m_000022_0",
      "shuffleFinished" : -1,
      "sortFinished" : -1,
      "hdfsBytesRead" : 256633760,
      "hdfsBytesWritten" : -1,
      "fileBytesRead" : 20130213,
      "fileBytesWritten" : 32412401,
      "mapInputRecords" : 6169,
      "mapOutputBytes" : 354623914,
      "mapOutputRecords" : 23585376,
      "combineInputRecords" : 24195712,
      "reduceInputGroups" : -1,
      "reduceInputRecords" : -1,
      "reduceShuffleBytes" : -1,
      "reduceOutputRecords" : -1,
      "spilledRecords" : 1297141,
      "mapInputBytes" : -1,
      "resourceUsageMetrics" : {
        "cumulativeCpuUsage" : 34550,
        "virtualMemoryUsage" : 1163980800,
        "physicalMemoryUsage" : 801251328,
        "heapUsage" : 942407680
      }
    } ],
    "finishTime" : 1405007117725,
    "preferredLocations" : [ {
      "layers" : [ "default-rack", "Master2" ]
    }, {
      "layers" : [ "default-rack", "Slave23" ]
    }, {
      "layers" : [ "default-rack", "Slave21" ]
    } ],
    "taskType" : "MAP",
    "taskStatus" : "SUCCESS",
    "taskID" : "task_201407031554_1851_m_000022",
    "inputBytes" : 256633760,
    "inputRecords" : 6169,
    "outputBytes" : 32412401,
    "outputRecords" : 23585376
  }, {
    "startTime" : 1405007084290,
    "attempts" : [ {
      "result" : "SUCCESS",
      "location" : {
        "layers" : [ "default-rack", "Master2" ]
      },
      "hostName" : "/default-rack/Master2",
      "startTime" : 1405007084291,
      "finishTime" : 1405007117815,
      "attemptID" : "attempt_201407031554_1851_m_000025_0",
      "shuffleFinished" : -1,
      "sortFinished" : -1,
      "hdfsBytesRead" : 256633033,
      "hdfsBytesWritten" : -1,
      "fileBytesRead" : 25781829,
      "fileBytesWritten" : 42103996,
      "mapInputRecords" : 6107,
      "mapOutputBytes" : 354406467,
      "mapOutputRecords" : 23477851,
      "combineInputRecords" : 24087768,
      "reduceInputGroups" : -1,
      "reduceInputRecords" : -1,
      "reduceShuffleBytes" : -1,
      "reduceOutputRecords" : -1,
      "spilledRecords" : 1297340,
      "mapInputBytes" : -1,
      "resourceUsageMetrics" : {
        "cumulativeCpuUsage" : 34100,
        "virtualMemoryUsage" : 1160835072,
        "physicalMemoryUsage" : 798892032,
        "heapUsage" : 895746048
      }
    } ],
    "finishTime" : 1405007118027,
    "preferredLocations" : [ {
      "layers" : [ "default-rack", "Master2" ]
    }, {
      "layers" : [ "default-rack", "Slave21" ]
    }, {
      "layers" : [ "default-rack", "Slave23" ]
    } ],
    "taskType" : "MAP",
    "taskStatus" : "SUCCESS",
    "taskID" : "task_201407031554_1851_m_000025",
    "inputBytes" : 256633033,
    "inputRecords" : 6107,
    "outputBytes" : 42103996,
    "outputRecords" : 23477851
  }, {
    "startTime" : 1405007085195,
    "attempts" : [ {
      "result" : "SUCCESS",
      "location" : {
        "layers" : [ "default-rack", "Slave22" ]
      },
      "hostName" : "/default-rack/Slave22",
      "startTime" : 1405007070903,
      "finishTime" : 1405007103794,
      "attemptID" : "attempt_201407031554_1851_m_000027_0",
      "shuffleFinished" : -1,
      "sortFinished" : -1,
      "hdfsBytesRead" : 256632932,
      "hdfsBytesWritten" : -1,
      "fileBytesRead" : 26026038,
      "fileBytesWritten" : 42582837,
      "mapInputRecords" : 6152,
      "mapOutputBytes" : 354623496,
      "mapOutputRecords" : 23479094,
      "combineInputRecords" : 24088981,
      "reduceInputGroups" : -1,
      "reduceInputRecords" : -1,
      "reduceShuffleBytes" : -1,
      "reduceOutputRecords" : -1,
      "spilledRecords" : 1297406,
      "mapInputBytes" : -1,
      "resourceUsageMetrics" : {
        "cumulativeCpuUsage" : 34320,
        "virtualMemoryUsage" : 1160835072,
        "physicalMemoryUsage" : 799068160,
        "heapUsage" : 942669824
      }
    } ],
    "finishTime" : 1405007118148,
    "preferredLocations" : [ {
      "layers" : [ "default-rack", "Master2" ]
    }, {
      "layers" : [ "default-rack", "Slave21" ]
    }, {
      "layers" : [ "default-rack", "Slave22" ]
    } ],
    "taskType" : "MAP",
    "taskStatus" : "SUCCESS",
    "taskID" : "task_201407031554_1851_m_000027",
    "inputBytes" : 256632932,
    "inputRecords" : 6152,
    "outputBytes" : 42582837,
    "outputRecords" : 23479094
  }, {
    "startTime" : 1405007085209,
    "attempts" : [ {
      "result" : "SUCCESS",
      "location" : {
        "layers" : [ "default-rack", "Slave23" ]
      },
      "hostName" : "/default-rack/Slave23",
      "startTime" : 1405007088242,
      "finishTime" : 1405007122929,
      "attemptID" : "attempt_201407031554_1851_m_000026_0",
      "shuffleFinished" : -1,
      "sortFinished" : -1,
      "hdfsBytesRead" : 256632990,
      "hdfsBytesWritten" : -1,
      "fileBytesRead" : 26041131,
      "fileBytesWritten" : 42581754,
      "mapInputRecords" : 6181,
      "mapOutputBytes" : 354623426,
      "mapOutputRecords" : 23478731,
      "combineInputRecords" : 24088762,
      "reduceInputGroups" : -1,
      "reduceInputRecords" : -1,
      "reduceShuffleBytes" : -1,
      "reduceOutputRecords" : -1,
      "spilledRecords" : 1297086,
      "mapInputBytes" : -1,
      "resourceUsageMetrics" : {
        "cumulativeCpuUsage" : 34910,
        "virtualMemoryUsage" : 1162395648,
        "physicalMemoryUsage" : 799711232,
        "heapUsage" : 942407680
      }
    } ],
    "finishTime" : 1405007120089,
    "preferredLocations" : [ {
      "layers" : [ "default-rack", "Master2" ]
    }, {
      "layers" : [ "default-rack", "Slave23" ]
    }, {
      "layers" : [ "default-rack", "Slave21" ]
    } ],
    "taskType" : "MAP",
    "taskStatus" : "SUCCESS",
    "taskID" : "task_201407031554_1851_m_000026",
    "inputBytes" : 256632990,
    "inputRecords" : 6181,
    "outputBytes" : 42581754,
    "outputRecords" : 23478731
  }, {
    "startTime" : 1405007085209,
    "attempts" : [ {
      "result" : "SUCCESS",
      "location" : {
        "layers" : [ "default-rack", "Slave23" ]
      },
      "hostName" : "/default-rack/Slave23",
      "startTime" : 1405007088242,
      "finishTime" : 1405007123667,
      "attemptID" : "attempt_201407031554_1851_m_000028_0",
      "shuffleFinished" : -1,
      "sortFinished" : -1,
      "hdfsBytesRead" : 256632898,
      "hdfsBytesWritten" : -1,
      "fileBytesRead" : 25488022,
      "fileBytesWritten" : 41621743,
      "mapInputRecords" : 6238,
      "mapOutputBytes" : 354191172,
      "mapOutputRecords" : 23477455,
      "combineInputRecords" : 24087228,
      "reduceInputGroups" : -1,
      "reduceInputRecords" : -1,
      "reduceShuffleBytes" : -1,
      "reduceOutputRecords" : -1,
      "spilledRecords" : 1297155,
      "mapInputBytes" : -1,
      "resourceUsageMetrics" : {
        "cumulativeCpuUsage" : 33900,
        "virtualMemoryUsage" : 1161932800,
        "physicalMemoryUsage" : 799731712,
        "heapUsage" : 942669824
      }
    } ],
    "finishTime" : 1405007120691,
    "preferredLocations" : [ {
      "layers" : [ "default-rack", "Master2" ]
    }, {
      "layers" : [ "default-rack", "Slave23" ]
    }, {
      "layers" : [ "default-rack", "Slave21" ]
    } ],
    "taskType" : "MAP",
    "taskStatus" : "SUCCESS",
    "taskID" : "task_201407031554_1851_m_000028",
    "inputBytes" : 256632898,
    "inputRecords" : 6238,
    "outputBytes" : 41621743,
    "outputRecords" : 23477455
  }, {
    "startTime" : 1405007085482,
    "attempts" : [ {
      "result" : "SUCCESS",
      "location" : {
        "layers" : [ "default-rack", "Slave21" ]
      },
      "hostName" : "/default-rack/Slave21",
      "startTime" : 1405007076733,
      "finishTime" : 1405007111820,
      "attemptID" : "attempt_201407031554_1851_m_000029_0",
      "shuffleFinished" : -1,
      "sortFinished" : -1,
      "hdfsBytesRead" : 256632830,
      "hdfsBytesWritten" : -1,
      "fileBytesRead" : 26062783,
      "fileBytesWritten" : 42607782,
      "mapInputRecords" : 6175,
      "mapOutputBytes" : 354616756,
      "mapOutputRecords" : 23477741,
      "combineInputRecords" : 24088332,
      "reduceInputGroups" : -1,
      "reduceInputRecords" : -1,
      "reduceShuffleBytes" : -1,
      "reduceOutputRecords" : -1,
      "spilledRecords" : 1298978,
      "mapInputBytes" : -1,
      "resourceUsageMetrics" : {
        "cumulativeCpuUsage" : 34690,
        "virtualMemoryUsage" : 1157894144,
        "physicalMemoryUsage" : 797392896,
        "heapUsage" : 942407680
      }
    } ],
    "finishTime" : 1405007120667,
    "preferredLocations" : [ {
      "layers" : [ "default-rack", "Slave22" ]
    }, {
      "layers" : [ "default-rack", "Slave23" ]
    }, {
      "layers" : [ "default-rack", "Slave21" ]
    } ],
    "taskType" : "MAP",
    "taskStatus" : "SUCCESS",
    "taskID" : "task_201407031554_1851_m_000029",
    "inputBytes" : 256632830,
    "inputRecords" : 6175,
    "outputBytes" : 42607782,
    "outputRecords" : 23477741
  }, {
    "startTime" : 1405007085482,
    "attempts" : [ {
      "result" : "SUCCESS",
      "location" : {
        "layers" : [ "default-rack", "Slave21" ]
      },
      "hostName" : "/default-rack/Slave21",
      "startTime" : 1405007076733,
      "finishTime" : 1405007109813,
      "attemptID" : "attempt_201407031554_1851_m_000030_0",
      "shuffleFinished" : -1,
      "sortFinished" : -1,
      "hdfsBytesRead" : 256632446,
      "hdfsBytesWritten" : -1,
      "fileBytesRead" : 24684653,
      "fileBytesWritten" : 40216828,
      "mapInputRecords" : 6182,
      "mapOutputBytes" : 353562474,
      "mapOutputRecords" : 23479833,
      "combineInputRecords" : 24089635,
      "reduceInputGroups" : -1,
      "reduceInputRecords" : -1,
      "reduceShuffleBytes" : -1,
      "reduceOutputRecords" : -1,
      "spilledRecords" : 1297230,
      "mapInputBytes" : -1,
      "resourceUsageMetrics" : {
        "cumulativeCpuUsage" : 34210,
        "virtualMemoryUsage" : 1161883648,
        "physicalMemoryUsage" : 799248384,
        "heapUsage" : 942669824
      }
    } ],
    "finishTime" : 1405007118863,
    "preferredLocations" : [ {
      "layers" : [ "default-rack", "Master2" ]
    }, {
      "layers" : [ "default-rack", "Slave21" ]
    }, {
      "layers" : [ "default-rack", "Slave23" ]
    } ],
    "taskType" : "MAP",
    "taskStatus" : "SUCCESS",
    "taskID" : "task_201407031554_1851_m_000030",
    "inputBytes" : 256632446,
    "inputRecords" : 6182,
    "outputBytes" : 40216828,
    "outputRecords" : 23479833
  }, {
    "startTime" : 1405007085910,
    "attempts" : [ {
      "result" : "SUCCESS",
      "location" : {
        "layers" : [ "default-rack", "Slave22" ]
      },
      "hostName" : "/default-rack/Slave22",
      "startTime" : 1405007071617,
      "finishTime" : 1405007106875,
      "attemptID" : "attempt_201407031554_1851_m_000031_0",
      "shuffleFinished" : -1,
      "sortFinished" : -1,
      "hdfsBytesRead" : 256632157,
      "hdfsBytesWritten" : -1,
      "fileBytesRead" : 21369925,
      "fileBytesWritten" : 34523702,
      "mapInputRecords" : 112634,
      "mapOutputBytes" : 354419735,
      "mapOutputRecords" : 23588240,
      "combineInputRecords" : 24198420,
      "reduceInputGroups" : -1,
      "reduceInputRecords" : -1,
      "reduceShuffleBytes" : -1,
      "reduceOutputRecords" : -1,
      "spilledRecords" : 1296756,
      "mapInputBytes" : -1,
      "resourceUsageMetrics" : {
        "cumulativeCpuUsage" : 35030,
        "virtualMemoryUsage" : 1160273920,
        "physicalMemoryUsage" : 796786688,
        "heapUsage" : 942669824
      }
    } ],
    "finishTime" : 1405007121457,
    "preferredLocations" : [ {
      "layers" : [ "default-rack", "Master2" ]
    }, {
      "layers" : [ "default-rack", "Slave22" ]
    }, {
      "layers" : [ "default-rack", "Slave23" ]
    } ],
    "taskType" : "MAP",
    "taskStatus" : "SUCCESS",
    "taskID" : "task_201407031554_1851_m_000031",
    "inputBytes" : 256632157,
    "inputRecords" : 112634,
    "outputBytes" : 34523702,
    "outputRecords" : 23588240
  }, {
    "startTime" : 1405007117725,
    "attempts" : [ {
      "result" : "SUCCESS",
      "location" : {
        "layers" : [ "default-rack", "Master2" ]
      },
      "hostName" : "/default-rack/Master2",
      "startTime" : 1405007117726,
      "finishTime" : 1405007151415,
      "attemptID" : "attempt_201407031554_1851_m_000033_0",
      "shuffleFinished" : -1,
      "sortFinished" : -1,
      "hdfsBytesRead" : 256631423,
      "hdfsBytesWritten" : -1,
      "fileBytesRead" : 25348834,
      "fileBytesWritten" : 41371224,
      "mapInputRecords" : 6378,
      "mapOutputBytes" : 354093502,
      "mapOutputRecords" : 23480295,
      "combineInputRecords" : 24090181,
      "reduceInputGroups" : -1,
      "reduceInputRecords" : -1,
      "reduceShuffleBytes" : -1,
      "reduceOutputRecords" : -1,
      "spilledRecords" : 1297096,
      "mapInputBytes" : -1,
      "resourceUsageMetrics" : {
        "cumulativeCpuUsage" : 34180,
        "virtualMemoryUsage" : 1163980800,
        "physicalMemoryUsage" : 801906688,
        "heapUsage" : 942407680
      }
    } ],
    "finishTime" : 1405007151464,
    "preferredLocations" : [ {
      "layers" : [ "default-rack", "Master2" ]
    }, {
      "layers" : [ "default-rack", "Slave23" ]
    }, {
      "layers" : [ "default-rack", "Slave22" ]
    } ],
    "taskType" : "MAP",
    "taskStatus" : "SUCCESS",
    "taskID" : "task_201407031554_1851_m_000033",
    "inputBytes" : 256631423,
    "inputRecords" : 6378,
    "outputBytes" : 41371224,
    "outputRecords" : 23480295
  }, {
    "startTime" : 1405007118028,
    "attempts" : [ {
      "result" : "SUCCESS",
      "location" : {
        "layers" : [ "default-rack", "Master2" ]
      },
      "hostName" : "/default-rack/Master2",
      "startTime" : 1405007118030,
      "finishTime" : 1405007151757,
      "attemptID" : "attempt_201407031554_1851_m_000034_0",
      "shuffleFinished" : -1,
      "sortFinished" : -1,
      "hdfsBytesRead" : 256630778,
      "hdfsBytesWritten" : -1,
      "fileBytesRead" : 25099697,
      "fileBytesWritten" : 40922272,
      "mapInputRecords" : 6233,
      "mapOutputBytes" : 353872324,
      "mapOutputRecords" : 23478303,
      "combineInputRecords" : 24088278,
      "reduceInputGroups" : -1,
      "reduceInputRecords" : -1,
      "reduceShuffleBytes" : -1,
      "reduceOutputRecords" : -1,
      "spilledRecords" : 1297485,
      "mapInputBytes" : -1,
      "resourceUsageMetrics" : {
        "cumulativeCpuUsage" : 33930,
        "virtualMemoryUsage" : 1160970240,
        "physicalMemoryUsage" : 798679040,
        "heapUsage" : 904396800
      }
    } ],
    "finishTime" : 1405007151765,
    "preferredLocations" : [ {
      "layers" : [ "default-rack", "Master2" ]
    }, {
      "layers" : [ "default-rack", "Slave22" ]
    }, {
      "layers" : [ "default-rack", "Slave23" ]
    } ],
    "taskType" : "MAP",
    "taskStatus" : "SUCCESS",
    "taskID" : "task_201407031554_1851_m_000034",
    "inputBytes" : 256630778,
    "inputRecords" : 6233,
    "outputBytes" : 40922272,
    "outputRecords" : 23478303
  }, {
    "startTime" : 1405007118148,
    "attempts" : [ {
      "result" : "SUCCESS",
      "location" : {
        "layers" : [ "default-rack", "Slave22" ]
      },
      "hostName" : "/default-rack/Slave22",
      "startTime" : 1405007103855,
      "finishTime" : 1405007136976,
      "attemptID" : "attempt_201407031554_1851_m_000032_0",
      "shuffleFinished" : -1,
      "sortFinished" : -1,
      "hdfsBytesRead" : 256631747,
      "hdfsBytesWritten" : -1,
      "fileBytesRead" : 25780834,
      "fileBytesWritten" : 42100492,
      "mapInputRecords" : 6217,
      "mapOutputBytes" : 354400199,
      "mapOutputRecords" : 23476987,
      "combineInputRecords" : 24087245,
      "reduceInputGroups" : -1,
      "reduceInputRecords" : -1,
      "reduceShuffleBytes" : -1,
      "reduceOutputRecords" : -1,
      "spilledRecords" : 1297895,
      "mapInputBytes" : -1,
      "resourceUsageMetrics" : {
        "cumulativeCpuUsage" : 34210,
        "virtualMemoryUsage" : 1160835072,
        "physicalMemoryUsage" : 799404032,
        "heapUsage" : 942669824
      }
    } ],
    "finishTime" : 1405007151525,
    "preferredLocations" : [ {
      "layers" : [ "default-rack", "Slave23" ]
    }, {
      "layers" : [ "default-rack", "Slave21" ]
    }, {
      "layers" : [ "default-rack", "Slave22" ]
    } ],
    "taskType" : "MAP",
    "taskStatus" : "SUCCESS",
    "taskID" : "task_201407031554_1851_m_000032",
    "inputBytes" : 256631747,
    "inputRecords" : 6217,
    "outputBytes" : 42100492,
    "outputRecords" : 23476987
  }, {
    "startTime" : 1405007118863,
    "attempts" : [ {
      "result" : "SUCCESS",
      "location" : {
        "layers" : [ "default-rack", "Slave21" ]
      },
      "hostName" : "/default-rack/Slave21",
      "startTime" : 1405007110114,
      "finishTime" : 1405007143695,
      "attemptID" : "attempt_201407031554_1851_m_000035_0",
      "shuffleFinished" : -1,
      "sortFinished" : -1,
      "hdfsBytesRead" : 256630704,
      "hdfsBytesWritten" : -1,
      "fileBytesRead" : 25639985,
      "fileBytesWritten" : 41883242,
      "mapInputRecords" : 6081,
      "mapOutputBytes" : 354296773,
      "mapOutputRecords" : 23477934,
      "combineInputRecords" : 24087911,
      "reduceInputGroups" : -1,
      "reduceInputRecords" : -1,
      "reduceShuffleBytes" : -1,
      "reduceOutputRecords" : -1,
      "spilledRecords" : 1297451,
      "mapInputBytes" : -1,
      "resourceUsageMetrics" : {
        "cumulativeCpuUsage" : 34180,
        "virtualMemoryUsage" : 1161883648,
        "physicalMemoryUsage" : 799858688,
        "heapUsage" : 942669824
      }
    } ],
    "finishTime" : 1405007152540,
    "preferredLocations" : [ {
      "layers" : [ "default-rack", "Slave21" ]
    }, {
      "layers" : [ "default-rack", "Slave23" ]
    }, {
      "layers" : [ "default-rack", "Slave22" ]
    } ],
    "taskType" : "MAP",
    "taskStatus" : "SUCCESS",
    "taskID" : "task_201407031554_1851_m_000035",
    "inputBytes" : 256630704,
    "inputRecords" : 6081,
    "outputBytes" : 41883242,
    "outputRecords" : 23477934
  }, {
    "startTime" : 1405007120089,
    "attempts" : [ {
      "result" : "SUCCESS",
      "location" : {
        "layers" : [ "default-rack", "Slave23" ]
      },
      "hostName" : "/default-rack/Slave23",
      "startTime" : 1405007123089,
      "finishTime" : 1405007156518,
      "attemptID" : "attempt_201407031554_1851_m_000036_0",
      "shuffleFinished" : -1,
      "sortFinished" : -1,
      "hdfsBytesRead" : 256630522,
      "hdfsBytesWritten" : -1,
      "fileBytesRead" : 24781678,
      "fileBytesWritten" : 40437189,
      "mapInputRecords" : 6264,
      "mapOutputBytes" : 353660835,
      "mapOutputRecords" : 23478707,
      "combineInputRecords" : 24088393,
      "reduceInputGroups" : -1,
      "reduceInputRecords" : -1,
      "reduceShuffleBytes" : -1,
      "reduceOutputRecords" : -1,
      "spilledRecords" : 1297037,
      "mapInputBytes" : -1,
      "resourceUsageMetrics" : {
        "cumulativeCpuUsage" : 34220,
        "virtualMemoryUsage" : 1162395648,
        "physicalMemoryUsage" : 800837632,
        "heapUsage" : 942669824
      }
    } ],
    "finishTime" : 1405007153789,
    "preferredLocations" : [ {
      "layers" : [ "default-rack", "Master2" ]
    }, {
      "layers" : [ "default-rack", "Slave23" ]
    }, {
      "layers" : [ "default-rack", "Slave21" ]
    } ],
    "taskType" : "MAP",
    "taskStatus" : "SUCCESS",
    "taskID" : "task_201407031554_1851_m_000036",
    "inputBytes" : 256630522,
    "inputRecords" : 6264,
    "outputBytes" : 40437189,
    "outputRecords" : 23478707
  }, {
    "startTime" : 1405007120668,
    "attempts" : [ {
      "result" : "SUCCESS",
      "location" : {
        "layers" : [ "default-rack", "Slave21" ]
      },
      "hostName" : "/default-rack/Slave21",
      "startTime" : 1405007111919,
      "finishTime" : 1405007145835,
      "attemptID" : "attempt_201407031554_1851_m_000037_0",
      "shuffleFinished" : -1,
      "sortFinished" : -1,
      "hdfsBytesRead" : 256629662,
      "hdfsBytesWritten" : -1,
      "fileBytesRead" : 25637471,
      "fileBytesWritten" : 41882019,
      "mapInputRecords" : 6303,
      "mapOutputBytes" : 354296418,
      "mapOutputRecords" : 23478354,
      "combineInputRecords" : 24088271,
      "reduceInputGroups" : -1,
      "reduceInputRecords" : -1,
      "reduceShuffleBytes" : -1,
      "reduceOutputRecords" : -1,
      "spilledRecords" : 1298117,
      "mapInputBytes" : -1,
      "resourceUsageMetrics" : {
        "cumulativeCpuUsage" : 34210,
        "virtualMemoryUsage" : 1157894144,
        "physicalMemoryUsage" : 797528064,
        "heapUsage" : 942407680
      }
    } ],
    "finishTime" : 1405007154649,
    "preferredLocations" : [ {
      "layers" : [ "default-rack", "Master2" ]
    }, {
      "layers" : [ "default-rack", "Slave21" ]
    }, {
      "layers" : [ "default-rack", "Slave22" ]
    } ],
    "taskType" : "MAP",
    "taskStatus" : "SUCCESS",
    "taskID" : "task_201407031554_1851_m_000037",
    "inputBytes" : 256629662,
    "inputRecords" : 6303,
    "outputBytes" : 41882019,
    "outputRecords" : 23478354
  }, {
    "startTime" : 1405007120692,
    "attempts" : [ {
      "result" : "SUCCESS",
      "location" : {
        "layers" : [ "default-rack", "Slave23" ]
      },
      "hostName" : "/default-rack/Slave23",
      "startTime" : 1405007123692,
      "finishTime" : 1405007157174,
      "attemptID" : "attempt_201407031554_1851_m_000039_0",
      "shuffleFinished" : -1,
      "sortFinished" : -1,
      "hdfsBytesRead" : 256628322,
      "hdfsBytesWritten" : -1,
      "fileBytesRead" : 25499279,
      "fileBytesWritten" : 41630456,
      "mapInputRecords" : 6174,
      "mapOutputBytes" : 354177774,
      "mapOutputRecords" : 23475908,
      "combineInputRecords" : 24085732,
      "reduceInputGroups" : -1,
      "reduceInputRecords" : -1,
      "reduceShuffleBytes" : -1,
      "reduceOutputRecords" : -1,
      "spilledRecords" : 1297453,
      "mapInputBytes" : -1,
      "resourceUsageMetrics" : {
        "cumulativeCpuUsage" : 33410,
        "virtualMemoryUsage" : 1161932800,
        "physicalMemoryUsage" : 800321536,
        "heapUsage" : 942407680
      }
    } ],
    "finishTime" : 1405007154393,
    "preferredLocations" : [ {
      "layers" : [ "default-rack", "Master2" ]
    }, {
      "layers" : [ "default-rack", "Slave23" ]
    }, {
      "layers" : [ "default-rack", "Slave22" ]
    } ],
    "taskType" : "MAP",
    "taskStatus" : "SUCCESS",
    "taskID" : "task_201407031554_1851_m_000039",
    "inputBytes" : 256628322,
    "inputRecords" : 6174,
    "outputBytes" : 41630456,
    "outputRecords" : 23475908
  }, {
    "startTime" : 1405007121460,
    "attempts" : [ {
      "result" : "SUCCESS",
      "location" : {
        "layers" : [ "default-rack", "Slave22" ]
      },
      "hostName" : "/default-rack/Slave22",
      "startTime" : 1405007107167,
      "finishTime" : 1405007139579,
      "attemptID" : "attempt_201407031554_1851_m_000038_0",
      "shuffleFinished" : -1,
      "sortFinished" : -1,
      "hdfsBytesRead" : 256629203,
      "hdfsBytesWritten" : -1,
      "fileBytesRead" : 26540354,
      "fileBytesWritten" : 43457849,
      "mapInputRecords" : 6345,
      "mapOutputBytes" : 355051139,
      "mapOutputRecords" : 23480517,
      "combineInputRecords" : 24089205,
      "reduceInputGroups" : -1,
      "reduceInputRecords" : -1,
      "reduceShuffleBytes" : -1,
      "reduceOutputRecords" : -1,
      "spilledRecords" : 1295005,
      "mapInputBytes" : -1,
      "resourceUsageMetrics" : {
        "cumulativeCpuUsage" : 33370,
        "virtualMemoryUsage" : 1160273920,
        "physicalMemoryUsage" : 798416896,
        "heapUsage" : 942669824
      }
    } ],
    "finishTime" : 1405007153933,
    "preferredLocations" : [ {
      "layers" : [ "default-rack", "Master2" ]
    }, {
      "layers" : [ "default-rack", "Slave21" ]
    }, {
      "layers" : [ "default-rack", "Slave22" ]
    } ],
    "taskType" : "MAP",
    "taskStatus" : "SUCCESS",
    "taskID" : "task_201407031554_1851_m_000038",
    "inputBytes" : 256629203,
    "inputRecords" : 6345,
    "outputBytes" : 43457849,
    "outputRecords" : 23480517
  } ],
  "finishTime" : 1405007167997,
  "reduceTasks" : [ {
    "startTime" : 1405007017086,
    "attempts" : [ {
      "result" : "SUCCESS",
      "location" : {
        "layers" : [ "default-rack", "Slave23" ]
      },
      "hostName" : "/default-rack/Slave23",
      "startTime" : 1405007020086,
      "finishTime" : 1405007168159,
      "attemptID" : "attempt_201407031554_1851_r_000000_0",
      "shuffleFinished" : 1405007163783,
      "sortFinished" : 1405007163786,
      "hdfsBytesRead" : -1,
      "hdfsBytesWritten" : 50934269,
      "fileBytesRead" : 56456747,
      "fileBytesWritten" : 56515676,
      "mapInputRecords" : -1,
      "mapOutputBytes" : -1,
      "mapOutputRecords" : -1,
      "combineInputRecords" : 2813917,
      "reduceInputGroups" : 1403394,
      "reduceInputRecords" : 1403394,
      "reduceShuffleBytes" : 90333431,
      "reduceOutputRecords" : 1403394,
      "spilledRecords" : 1403394,
      "mapInputBytes" : -1,
      "resourceUsageMetrics" : {
        "cumulativeCpuUsage" : 6960,
        "virtualMemoryUsage" : 625307648,
        "physicalMemoryUsage" : 284393472,
        "heapUsage" : 217841664
      }
    } ],
    "finishTime" : 1405007165257,
    "preferredLocations" : [ ],
    "taskType" : "REDUCE",
    "taskStatus" : "SUCCESS",
    "taskID" : "task_201407031554_1851_r_000000",
    "inputBytes" : 90333431,
    "inputRecords" : 1403394,
    "outputBytes" : 50934269,
    "outputRecords" : 1403394
  }, {
    "startTime" : 1405007017090,
    "attempts" : [ {
      "result" : "SUCCESS",
      "location" : {
        "layers" : [ "default-rack", "Slave21" ]
      },
      "hostName" : "/default-rack/Slave21",
      "startTime" : 1405007008343,
      "finishTime" : 1405007158120,
      "attemptID" : "attempt_201407031554_1851_r_000001_0",
      "shuffleFinished" : 1405007153721,
      "sortFinished" : 1405007153724,
      "hdfsBytesRead" : -1,
      "hdfsBytesWritten" : 50973492,
      "fileBytesRead" : 56497552,
      "fileBytesWritten" : 56556481,
      "mapInputRecords" : -1,
      "mapOutputBytes" : -1,
      "mapOutputRecords" : -1,
      "combineInputRecords" : 2815822,
      "reduceInputGroups" : 1403843,
      "reduceInputRecords" : 1403843,
      "reduceShuffleBytes" : 90403601,
      "reduceOutputRecords" : 1403843,
      "spilledRecords" : 1403843,
      "mapInputBytes" : -1,
      "resourceUsageMetrics" : {
        "cumulativeCpuUsage" : 7520,
        "virtualMemoryUsage" : 619540480,
        "physicalMemoryUsage" : 212643840,
        "heapUsage" : 180355072
      }
    } ],
    "finishTime" : 1405007167139,
    "preferredLocations" : [ ],
    "taskType" : "REDUCE",
    "taskStatus" : "SUCCESS",
    "taskID" : "task_201407031554_1851_r_000001",
    "inputBytes" : 90403601,
    "inputRecords" : 1403843,
    "outputBytes" : 50973492,
    "outputRecords" : 1403843
  }, {
    "startTime" : 1405007017187,
    "attempts" : [ {
      "result" : "SUCCESS",
      "location" : {
        "layers" : [ "default-rack", "Slave22" ]
      },
      "hostName" : "/default-rack/Slave22",
      "startTime" : 1405007002897,
      "finishTime" : 1405007153035,
      "attemptID" : "attempt_201407031554_1851_r_000002_0",
      "shuffleFinished" : 1405007148435,
      "sortFinished" : 1405007148438,
      "hdfsBytesRead" : -1,
      "hdfsBytesWritten" : 50881806,
      "fileBytesRead" : 56396391,
      "fileBytesWritten" : 56455320,
      "mapInputRecords" : -1,
      "mapOutputBytes" : -1,
      "mapOutputRecords" : -1,
      "combineInputRecords" : 2811753,
      "reduceInputGroups" : 1401402,
      "reduceInputRecords" : 1401402,
      "reduceShuffleBytes" : 90275645,
      "reduceOutputRecords" : 1401402,
      "spilledRecords" : 1401402,
      "mapInputBytes" : -1,
      "resourceUsageMetrics" : {
        "cumulativeCpuUsage" : 7170,
        "virtualMemoryUsage" : 621211648,
        "physicalMemoryUsage" : 181231616,
        "heapUsage" : 137363456
      }
    } ],
    "finishTime" : 1405007167390,
    "preferredLocations" : [ ],
    "taskType" : "REDUCE",
    "taskStatus" : "SUCCESS",
    "taskID" : "task_201407031554_1851_r_000002",
    "inputBytes" : 90275645,
    "inputRecords" : 1401402,
    "outputBytes" : 50881806,
    "outputRecords" : 1401402
  }, {
    "startTime" : 1405007017196,
    "attempts" : [ {
      "result" : "SUCCESS",
      "location" : {
        "layers" : [ "default-rack", "Master2" ]
      },
      "hostName" : "/default-rack/Master2",
      "startTime" : 1405007017198,
      "finishTime" : 1405007164468,
      "attemptID" : "attempt_201407031554_1851_r_000003_0",
      "shuffleFinished" : 1405007160971,
      "sortFinished" : 1405007160974,
      "hdfsBytesRead" : -1,
      "hdfsBytesWritten" : 50851094,
      "fileBytesRead" : 56363435,
      "fileBytesWritten" : 56422364,
      "mapInputRecords" : -1,
      "mapOutputBytes" : -1,
      "mapOutputRecords" : -1,
      "combineInputRecords" : 2810354,
      "reduceInputGroups" : 1400829,
      "reduceInputRecords" : 1400829,
      "reduceShuffleBytes" : 90221756,
      "reduceOutputRecords" : 1400829,
      "spilledRecords" : 1400829,
      "mapInputBytes" : -1,
      "resourceUsageMetrics" : {
        "cumulativeCpuUsage" : 7560,
        "virtualMemoryUsage" : 624353280,
        "physicalMemoryUsage" : 196898816,
        "heapUsage" : 170131456
      }
    } ],
    "finishTime" : 1405007164475,
    "preferredLocations" : [ ],
    "taskType" : "REDUCE",
    "taskStatus" : "SUCCESS",
    "taskID" : "task_201407031554_1851_r_000003",
    "inputBytes" : 90221756,
    "inputRecords" : 1400829,
    "outputBytes" : 50851094,
    "outputRecords" : 1400829
  }, {
    "startTime" : 1405007017388,
    "attempts" : [ {
      "result" : "SUCCESS",
      "location" : {
        "layers" : [ "default-rack", "Slave23" ]
      },
      "hostName" : "/default-rack/Slave23",
      "startTime" : 1405007020387,
      "finishTime" : 1405007169517,
      "attemptID" : "attempt_201407031554_1851_r_000004_0",
      "shuffleFinished" : 1405007165227,
      "sortFinished" : 1405007165230,
      "hdfsBytesRead" : -1,
      "hdfsBytesWritten" : 50869374,
      "fileBytesRead" : 56385185,
      "fileBytesWritten" : 56444114,
      "mapInputRecords" : -1,
      "mapOutputBytes" : -1,
      "mapOutputRecords" : -1,
      "combineInputRecords" : 2812284,
      "reduceInputGroups" : 1401764,
      "reduceInputRecords" : 1401764,
      "reduceShuffleBytes" : 90278380,
      "reduceOutputRecords" : 1401764,
      "spilledRecords" : 1401764,
      "mapInputBytes" : -1,
      "resourceUsageMetrics" : {
        "cumulativeCpuUsage" : 7280,
        "virtualMemoryUsage" : 618143744,
        "physicalMemoryUsage" : 233852928,
        "heapUsage" : 233570304
      }
    } ],
    "finishTime" : 1405007166764,
    "preferredLocations" : [ ],
    "taskType" : "REDUCE",
    "taskStatus" : "SUCCESS",
    "taskID" : "task_201407031554_1851_r_000004",
    "inputBytes" : 90278380,
    "inputRecords" : 1401764,
    "outputBytes" : 50869374,
    "outputRecords" : 1401764
  }, {
    "startTime" : 1405007017391,
    "attempts" : [ {
      "result" : "SUCCESS",
      "location" : {
        "layers" : [ "default-rack", "Slave21" ]
      },
      "hostName" : "/default-rack/Slave21",
      "startTime" : 1405007008644,
      "finishTime" : 1405007157545,
      "attemptID" : "attempt_201407031554_1851_r_000005_0",
      "shuffleFinished" : 1405007153721,
      "sortFinished" : 1405007153724,
      "hdfsBytesRead" : -1,
      "hdfsBytesWritten" : 50910119,
      "fileBytesRead" : 56430764,
      "fileBytesWritten" : 56489693,
      "mapInputRecords" : -1,
      "mapOutputBytes" : -1,
      "mapOutputRecords" : -1,
      "combineInputRecords" : 2818263,
      "reduceInputGroups" : 1403039,
      "reduceInputRecords" : 1403039,
      "reduceShuffleBytes" : 90411648,
      "reduceOutputRecords" : 1403039,
      "spilledRecords" : 1403039,
      "mapInputBytes" : -1,
      "resourceUsageMetrics" : {
        "cumulativeCpuUsage" : 7290,
        "virtualMemoryUsage" : 626319360,
        "physicalMemoryUsage" : 220835840,
        "heapUsage" : 177995776
      }
    } ],
    "finishTime" : 1405007166534,
    "preferredLocations" : [ ],
    "taskType" : "REDUCE",
    "taskStatus" : "SUCCESS",
    "taskID" : "task_201407031554_1851_r_000005",
    "inputBytes" : 90411648,
    "inputRecords" : 1403039,
    "outputBytes" : 50910119,
    "outputRecords" : 1403039
  }, {
    "startTime" : 1405007017490,
    "attempts" : [ {
      "result" : "SUCCESS",
      "location" : {
        "layers" : [ "default-rack", "Slave22" ]
      },
      "hostName" : "/default-rack/Slave22",
      "startTime" : 1405007003313,
      "finishTime" : 1405007152007,
      "attemptID" : "attempt_201407031554_1851_r_000006_0",
      "shuffleFinished" : 1405007147294,
      "sortFinished" : 1405007147296,
      "hdfsBytesRead" : -1,
      "hdfsBytesWritten" : 50872613,
      "fileBytesRead" : 56390627,
      "fileBytesWritten" : 56449556,
      "mapInputRecords" : -1,
      "mapOutputBytes" : -1,
      "mapOutputRecords" : -1,
      "combineInputRecords" : 2811136,
      "reduceInputGroups" : 1402228,
      "reduceInputRecords" : 1402228,
      "reduceShuffleBytes" : 90220806,
      "reduceOutputRecords" : 1402228,
      "spilledRecords" : 1402228,
      "mapInputBytes" : -1,
      "resourceUsageMetrics" : {
        "cumulativeCpuUsage" : 7510,
        "virtualMemoryUsage" : 624218112,
        "physicalMemoryUsage" : 234176512,
        "heapUsage" : 201588736
      }
    } ],
    "finishTime" : 1405007166479,
    "preferredLocations" : [ ],
    "taskType" : "REDUCE",
    "taskStatus" : "SUCCESS",
    "taskID" : "task_201407031554_1851_r_000006",
    "inputBytes" : 90220806,
    "inputRecords" : 1402228,
    "outputBytes" : 50872613,
    "outputRecords" : 1402228
  } ],
  "submitTime" : 1405006978258,
  "launchTime" : 1405006978326,
  "totalMaps" : 40,
  "totalReduces" : 7,
  "otherTasks" : [ {
    "startTime" : 1405006978378,
    "attempts" : [ {
      "result" : "SUCCESS",
      "location" : {
        "layers" : [ "default-rack", "Master2" ]
      },
      "hostName" : "/default-rack/Master2",
      "startTime" : 1405006978427,
      "finishTime" : 1405006979038,
      "attemptID" : "attempt_201407031554_1851_m_000041_0",
      "shuffleFinished" : -1,
      "sortFinished" : -1,
      "hdfsBytesRead" : -1,
      "hdfsBytesWritten" : -1,
      "fileBytesRead" : -1,
      "fileBytesWritten" : 59021,
      "mapInputRecords" : -1,
      "mapOutputBytes" : -1,
      "mapOutputRecords" : -1,
      "combineInputRecords" : -1,
      "reduceInputGroups" : -1,
      "reduceInputRecords" : -1,
      "reduceShuffleBytes" : -1,
      "reduceOutputRecords" : -1,
      "spilledRecords" : 0,
      "mapInputBytes" : -1,
      "resourceUsageMetrics" : {
        "cumulativeCpuUsage" : 50,
        "virtualMemoryUsage" : 1156030464,
        "physicalMemoryUsage" : 62296064,
        "heapUsage" : 64487424
      }
    } ],
    "finishTime" : 1405006979284,
    "preferredLocations" : [ ],
    "taskType" : "SETUP",
    "taskStatus" : "SUCCESS",
    "taskID" : "task_201407031554_1851_m_000041",
    "inputBytes" : -1,
    "inputRecords" : -1,
    "outputBytes" : -1,
    "outputRecords" : -1
  }, {
    "startTime" : 1405007167392,
    "attempts" : [ {
      "result" : "SUCCESS",
      "location" : {
        "layers" : [ "default-rack", "Slave22" ]
      },
      "hostName" : "/default-rack/Slave22",
      "startTime" : 1405007153099,
      "finishTime" : 1405007153697,
      "attemptID" : "attempt_201407031554_1851_m_000040_0",
      "shuffleFinished" : -1,
      "sortFinished" : -1,
      "hdfsBytesRead" : -1,
      "hdfsBytesWritten" : -1,
      "fileBytesRead" : -1,
      "fileBytesWritten" : 59021,
      "mapInputRecords" : -1,
      "mapOutputBytes" : -1,
      "mapOutputRecords" : -1,
      "combineInputRecords" : -1,
      "reduceInputGroups" : -1,
      "reduceInputRecords" : -1,
      "reduceShuffleBytes" : -1,
      "reduceOutputRecords" : -1,
      "spilledRecords" : 0,
      "mapInputBytes" : -1,
      "resourceUsageMetrics" : {
        "cumulativeCpuUsage" : 20,
        "virtualMemoryUsage" : 1160273920,
        "physicalMemoryUsage" : 798420992,
        "heapUsage" : 942669824
      }
    } ],
    "finishTime" : 1405007167997,
    "preferredLocations" : [ ],
    "taskType" : "CLEANUP",
    "taskStatus" : "SUCCESS",
    "taskID" : "task_201407031554_1851_m_000040",
    "inputBytes" : -1,
    "inputRecords" : -1,
    "outputBytes" : -1,
    "outputRecords" : -1
  } ],
  "queue" : "default",
  "jobProperties" : {
    "fs.s3n.impl" : "org.apache.hadoop.fs.s3native.NativeS3FileSystem",
    "mapred.task.cache.levels" : "2",
    "mapreduce.job.restart.recover" : "true",
    "mapreduce.job.counters.max" : "120",
    "dfs.client.use.datanode.hostname" : "false",
    "hadoop.tmp.dir" : "/tmp/hadoop-${user.name}",
    "hadoop.native.lib" : "true",
    "map.sort.class" : "org.apache.hadoop.util.QuickSort",
    "dfs.namenode.decommission.nodes.per.interval" : "5",
    "dfs.https.need.client.auth" : "false",
    "dfs.datanode.drop.cache.behind.writes" : "false",
    "ipc.client.idlethreshold" : "4000",
    "mapred.system.dir" : "${hadoop.tmp.dir}/mapred/system",
    "dfs.datanode.data.dir.perm" : "755",
    "mapred.job.tracker.persist.jobstatus.hours" : "0",
    "dfs.namenode.logging.level" : "info",
    "dfs.datanode.address" : "0.0.0.0:50010",
    "io.skip.checksum.errors" : "false",
    "dfs.block.access.token.enable" : "false",
    "fs.default.name" : "hdfs://Master2:9000",
    "mapred.cluster.reduce.memory.mb" : "-1",
    "mapred.reducer.new-api" : "true",
    "mapred.child.tmp" : "./tmp",
    "fs.har.impl.disable.cache" : "true",
    "dfs.safemode.threshold.pct" : "0.999f",
    "mapred.skip.reduce.max.skip.groups" : "0",
    "mapred.heartbeats.in.second" : "100",
    "dfs.namenode.handler.count" : "10",
    "dfs.blockreport.initialDelay" : "0",
    "mapred.tasktracker.dns.nameserver" : "default",
    "io.sort.factor" : "10",
    "dfs.datanode.drop.cache.behind.reads" : "false",
    "mapred.task.timeout" : "600000",
    "mapred.max.tracker.failures" : "4",
    "hadoop.rpc.socket.factory.class.default" : "org.apache.hadoop.net.StandardSocketFactory",
    "mapred.job.tracker.jobhistory.lru.cache.size" : "5",
    "fs.hdfs.impl" : "org.apache.hadoop.hdfs.DistributedFileSystem",
    "mapred.queue.default.acl-administer-jobs" : "*",
    "dfs.namenode.stale.datanode.interval" : "30000",
    "mapred.output.key.class" : "org.apache.hadoop.io.Text",
    "dfs.block.access.key.update.interval" : "600",
    "mapred.skip.map.auto.incr.proc.count" : "true",
    "mapreduce.job.complete.cancel.delegation.tokens" : "true",
    "io.mapfile.bloom.size" : "1048576",
    "mapreduce.reduce.shuffle.connect.timeout" : "180000",
    "dfs.safemode.extension" : "30000",
    "mapred.jobtracker.blacklist.fault-timeout-window" : "180",
    "dfs.namenode.write.stale.datanode.ratio" : "0.5f",
    "hadoop.skip.worker.version.check" : "false",
    "tasktracker.http.threads" : "40",
    "net.topology.impl" : "org.apache.hadoop.net.NetworkTopology",
    "mapred.job.shuffle.merge.percent" : "0.4",
    "fs.ftp.impl" : "org.apache.hadoop.fs.ftp.FTPFileSystem",
    "user.name" : "itri-hadoop",
    "dfs.namenode.kerberos.internal.spnego.principal" : "${dfs.web.authentication.kerberos.principal}",
    "mapred.output.compress" : "false",
    "io.bytes.per.checksum" : "512",
    "mapred.combine.recordsBeforeProgress" : "10000",
    "mapred.healthChecker.script.timeout" : "600000",
    "topology.node.switch.mapping.impl" : "org.apache.hadoop.net.ScriptBasedMapping",
    "dfs.https.server.keystore.resource" : "ssl-server.xml",
    "mapred.reduce.slowstart.completed.maps" : "0.06",
    "mapred.reduce.max.attempts" : "4",
    "dfs.namenode.safemode.min.datanodes" : "0",
    "mapreduce.ifile.readahead.bytes" : "4194304",
    "fs.ramfs.impl" : "org.apache.hadoop.fs.InMemoryFileSystem",
    "dfs.block.access.token.lifetime" : "600",
    "mapred.skip.map.max.skip.records" : "0",
    "dfs.name.edits.dir" : "${dfs.name.dir}",
    "mapred.cluster.map.memory.mb" : "-1",
    "hadoop.security.group.mapping" : "org.apache.hadoop.security.ShellBasedUnixGroupsMapping",
    "mapred.job.tracker.persist.jobstatus.dir" : "/jobtracker/jobsInfo",
    "mapred.jar" : "hdfs://Master2:9000/tmp/hadoop-itri-hadoop/mapred/staging/itri-hadoop/.staging/job_201407031554_1851/job.jar",
    "fs.s3.buffer.dir" : "${hadoop.tmp.dir}/s3",
    "dfs.block.size" : "67108864",
    "job.end.retry.attempts" : "0",
    "fs.file.impl" : "org.apache.hadoop.fs.LocalFileSystem",
    "dfs.namenode.avoid.write.stale.datanode" : "false",
    "dfs.datanode.max.xcievers" : "4096",
    "mapred.local.dir.minspacestart" : "0",
    "mapred.output.compression.type" : "RECORD",
    "dfs.datanode.ipc.address" : "0.0.0.0:50020",
    "dfs.permissions" : "true",
    "topology.script.number.args" : "100",
    "mapreduce.job.counters.groups.max" : "50",
    "io.mapfile.bloom.error.rate" : "0.005",
    "mapred.cluster.max.reduce.memory.mb" : "-1",
    "mapred.max.tracker.blacklists" : "4",
    "mapred.task.profile.maps" : "0-2",
    "mapred.jobtracker.jobSchedulable" : "org.apache.hadoop.mapred.JobSchedulable",
    "dfs.datanode.https.address" : "0.0.0.0:50475",
    "mapred.userlog.retain.hours" : "24",
    "dfs.secondary.http.address" : "0.0.0.0:50090",
    "dfs.namenode.replication.work.multiplier.per.iteration" : "2",
    "dfs.replication.max" : "512",
    "mapred.job.tracker.persist.jobstatus.active" : "false",
    "hadoop.security.authorization" : "false",
    "local.cache.size" : "10737418240",
    "mapred.min.split.size" : "268435456",
    "dfs.namenode.delegation.token.renew-interval" : "86400000",
    "mapred.map.tasks" : "40",
    "mapred.child.java.opts" : "-Xmx200m",
    "mapred.output.value.class" : "org.apache.hadoop.io.IntWritable",
    "dfs.https.client.keystore.resource" : "ssl-client.xml",
    "ipc.client.fallback-to-simple-auth-allowed" : "false",
    "mapred.job.queue.name" : "default",
    "mapred.job.tracker.retiredjobs.cache.size" : "1000",
    "dfs.https.address" : "0.0.0.0:50470",
    "dfs.balance.bandwidthPerSec" : "1048576",
    "ipc.server.listen.queue.size" : "128",
    "dfs.namenode.invalidate.work.pct.per.iteration" : "0.32f",
    "mapred.inmem.merge.threshold" : "1100",
    "job.end.retry.interval" : "30000",
    "mapred.skip.attempts.to.start.skipping" : "2",
    "mapreduce.tasktracker.outofband.heartbeat.damper" : "1000000",
    "hadoop.security.use-weak-http-crypto" : "false",
    "fs.checkpoint.dir" : "${hadoop.tmp.dir}/dfs/namesecondary",
    "dfs.namenode.avoid.read.stale.datanode" : "false",
    "mapred.reduce.tasks" : "7",
    "mapred.merge.recordsBeforeProgress" : "10000",
    "mapred.userlog.limit.kb" : "0",
    "mapred.job.reduce.memory.mb" : "-1",
    "webinterface.private.actions" : "false",
    "dfs.max.objects" : "0",
    "hadoop.security.token.service.use_ip" : "true",
    "io.sort.spill.percent" : "0.9",
    "mapred.job.shuffle.input.buffer.percent" : "0.6",
    "mapred.map.tasks.speculative.execution" : "true",
    "hadoop.http.authentication.type" : "simple",
    "mapred.job.name" : "word count",
    "hadoop.util.hash.type" : "murmur",
    "dfs.datanode.dns.nameserver" : "default",
    "hadoop.security.instrumentation.requires.admin" : "false",
    "dfs.blockreport.intervalMsec" : "3600000",
    "dfs.datanode.readahead.bytes" : "4193404",
    "mapred.map.max.attempts" : "4",
    "mapreduce.job.acl-view-job" : " ",
    "mapreduce.ifile.readahead" : "true",
    "mapred.jobtracker.nodegroup.aware" : "false",
    "mapred.job.tracker.handler.count" : "10",
    "dfs.client.block.write.retries" : "3",
    "mapreduce.reduce.shuffle.read.timeout" : "180000",
    "mapred.tasktracker.expiry.interval" : "600000",
    "dfs.secondary.namenode.kerberos.internal.spnego.principal" : "${dfs.web.authentication.kerberos.principal}",
    "dfs.https.enable" : "false",
    "mapred.jobtracker.job.history.block.size" : "3145728",
    "mapred.jobtracker.maxtasks.per.job" : "-1",
    "keep.failed.task.files" : "false",
    "dfs.datanode.use.datanode.hostname" : "false",
    "dfs.datanode.failed.volumes.tolerated" : "0",
    "ipc.client.tcpnodelay" : "false",
    "mapred.task.profile.reduces" : "0-2",
    "io.map.index.skip" : "0",
    "mapred.output.compression.codec" : "org.apache.hadoop.io.compress.DefaultCodec",
    "hadoop.http.authentication.token.validity" : "36000",
    "ipc.server.tcpnodelay" : "false",
    "hadoop.jetty.logs.serve.aliases" : "true",
    "mapred.working.dir" : "hdfs://Master2:9000/user/itri-hadoop",
    "mapred.jobtracker.blacklist.fault-bucket-width" : "15",
    "dfs.namenode.delegation.key.update-interval" : "86400000",
    "mapred.used.genericoptionsparser" : "true",
    "mapred.job.map.memory.mb" : "-1",
    "mapred.mapper.new-api" : "true",
    "dfs.default.chunk.view.size" : "32768",
    "hadoop.logfile.size" : "10000000",
    "mapred.reduce.tasks.speculative.execution" : "true",
    "mapreduce.tasktracker.outofband.heartbeat" : "false",
    "mapreduce.job.dir" : "hdfs://Master2:9000/tmp/hadoop-itri-hadoop/mapred/staging/itri-hadoop/.staging/job_201407031554_1851",
    "mapreduce.reduce.input.limit" : "-1",
    "dfs.datanode.du.reserved" : "0",
    "dfs.datanode.sync.behind.writes" : "false",
    "hadoop.security.authentication" : "simple",
    "fs.checkpoint.period" : "3600",
    "mapred.job.reuse.jvm.num.tasks" : "12",
    "dfs.web.ugi" : "webuser,webgroup",
    "mapred.jobtracker.completeuserjobs.maximum" : "100",
    "dfs.df.interval" : "60000",
    "mapred.task.tracker.task-controller" : "org.apache.hadoop.mapred.DefaultTaskController",
    "dfs.data.dir" : "${hadoop.tmp.dir}/dfs/data",
    "fs.s3.maxRetries" : "4",
    "dfs.datanode.dns.interface" : "default",
    "mapred.cluster.max.map.memory.mb" : "-1",
    "mapreduce.reduce.shuffle.maxfetchfailures" : "10",
    "mapred.map.child.java.opts" : "-Xmx900M",
    "mapreduce.job.acl-modify-job" : " ",
    "fs.hftp.impl" : "org.apache.hadoop.hdfs.HftpFileSystem",
    "mapred.local.dir" : "${hadoop.tmp.dir}/mapred/local",
    "dfs.permissions.supergroup" : "supergroup",
    "fs.s3.sleepTimeSeconds" : "10",
    "fs.trash.interval" : "0",
    "mapred.submit.replication" : "10",
    "dfs.replication.min" : "1",
    "fs.har.impl" : "org.apache.hadoop.fs.HarFileSystem",
    "hadoop.relaxed.worker.version.check" : "false",
    "mapred.map.output.compression.codec" : "org.apache.hadoop.io.compress.DefaultCodec",
    "mapred.tasktracker.dns.interface" : "default",
    "dfs.http.address" : "0.0.0.0:50070",
    "dfs.namenode.decommission.interval" : "30",
    "mapred.job.tracker" : "Master2:9001",
    "dfs.heartbeat.interval" : "3",
    "hadoop.http.authentication.signature.secret.file" : "${user.home}/hadoop-http-auth-signature-secret",
    "io.seqfile.sorter.recordlimit" : "1000000",
    "mapreduce.job.submithost" : "Master2",
    "dfs.name.dir" : "${hadoop.tmp.dir}/dfs/name",
    "mapred.jobtracker.taskScheduler" : "org.apache.hadoop.mapred.JobQueueTaskScheduler",
    "mapred.line.input.format.linespermap" : "1",
    "dfs.datanode.http.address" : "0.0.0.0:50075",
    "fs.webhdfs.impl" : "org.apache.hadoop.hdfs.web.WebHdfsFileSystem",
    "mapred.local.dir.minspacekill" : "0",
    "dfs.image.transfer.bandwidthPerSec" : "0",
    "dfs.replication.interval" : "3",
    "io.sort.record.percent" : "0.08",
    "hadoop.http.authentication.kerberos.principal" : "HTTP/localhost@LOCALHOST",
    "mapreduce.reduce.class" : "org.apache.hadoop.examples.WordCount$IntSumReducer",
    "fs.kfs.impl" : "org.apache.hadoop.fs.kfs.KosmosFileSystem",
    "mapred.tasktracker.reduce.tasks.maximum" : "2",
    "mapred.temp.dir" : "${hadoop.tmp.dir}/mapred/temp",
    "dfs.replication" : "3",
    "fs.checkpoint.edits.dir" : "${fs.checkpoint.dir}",
    "mapreduce.jobhistory.max-age-ms" : "2592000000",
    "mapred.tasktracker.tasks.sleeptime-before-sigkill" : "5000",
    "mapred.job.reduce.input.buffer.percent" : "0.5",
    "mapred.tasktracker.indexcache.mb" : "10",
    "dfs.webhdfs.enabled" : "false",
    "mapreduce.job.split.metainfo.maxsize" : "10000000",
    "hadoop.logfile.count" : "10",
    "mapred.skip.reduce.auto.incr.proc.count" : "true",
    "mapreduce.job.submithostaddress" : "192.168.1.104",
    "io.seqfile.compress.blocksize" : "1000000",
    "fs.s3.block.size" : "67108864",
    "mapred.tasktracker.taskmemorymanager.monitoring-interval" : "5000",
    "hadoop.http.authentication.simple.anonymous.allowed" : "true",
    "mapreduce.jobtracker.staging.root.dir" : "${hadoop.tmp.dir}/mapred/staging",
    "mapred.acls.enabled" : "false",
    "mapred.queue.default.state" : "RUNNING",
    "mapred.queue.names" : "default",
    "fs.hsftp.impl" : "org.apache.hadoop.hdfs.HsftpFileSystem",
    "dfs.access.time.precision" : "3600000",
    "mapred.task.tracker.http.address" : "0.0.0.0:50060",
    "mapreduce.combine.class" : "org.apache.hadoop.examples.WordCount$IntSumReducer",
    "io.seqfile.lazydecompress" : "true",
    "mapred.reduce.parallel.copies" : "5",
    "mapred.disk.healthChecker.interval" : "60000",
    "mapred.output.dir" : "/word-out",
    "ipc.client.connection.maxidletime" : "10000",
    "io.sort.mb" : "400",
    "mapred.reduce.child.java.opts" : "-Xmx400M",
    "mapred.task.tracker.report.address" : "127.0.0.1:0",
    "hadoop.security.uid.cache.secs" : "14400",
    "mapred.compress.map.output" : "false",
    "ipc.client.kill.max" : "10",
    "mapred.healthChecker.interval" : "60000",
    "ipc.client.connect.max.retries" : "10",
    "mapreduce.map.class" : "org.apache.hadoop.examples.WordCount$TokenizerMapper",
    "fs.s3.impl" : "org.apache.hadoop.fs.s3.S3FileSystem",
    "mapred.user.jobconf.limit" : "5242880",
    "mapreduce.job.counters.group.name.max" : "128",
    "mapred.job.tracker.http.address" : "0.0.0.0:50030",
    "mapred.input.dir" : "hdfs://Master2:9000/word-in10G",
    "io.file.buffer.size" : "4096",
    "mapred.jobtracker.restart.recover" : "false",
    "io.serializations" : "org.apache.hadoop.io.serializer.WritableSerialization",
    "mapred.task.profile" : "false",
    "dfs.datanode.handler.count" : "3",
    "mapreduce.input.num.files" : "40",
    "mapreduce.jobhistory.cleaner.interval-ms" : "86400000",
    "dfs.replication.considerLoad" : "true",
    "jobclient.output.filter" : "FAILED",
    "dfs.namenode.edits.toleration.length" : "0",
    "hadoop.http.authentication.kerberos.keytab" : "${user.home}/hadoop.keytab",
    "dfs.namenode.delegation.token.max-lifetime" : "604800000",
    "mapred.tasktracker.map.tasks.maximum" : "4",
    "fs.checkpoint.size" : "67108864",
    "io.compression.codecs" : "org.apache.hadoop.io.compress.DefaultCodec,org.apache.hadoop.io.compress.GzipCodec,org.apache.hadoop.io.compress.BZip2Codec,org.apache.hadoop.io.compress.SnappyCodec",
    "mapreduce.job.counters.counter.name.max" : "64"
  },
  "computonsPerMapInputByte" : -1,
  "computonsPerMapOutputByte" : -1,
  "computonsPerReduceInputByte" : -1,
  "computonsPerReduceOutputByte" : -1,
  "heapMegabytes" : 200,
  "outcome" : "SUCCESS",
  "jobtype" : "JAVA",
  "directDependantJobs" : [ ],
  "successfulMapAttemptCDFs" : [ {
    "maximum" : 38311,
    "minimum" : 32412,
    "rankings" : [ {
      "datum" : 32891,
      "relativeRanking" : 0.05
    }, {
      "datum" : 33080,
      "relativeRanking" : 0.1
    }, {
      "datum" : 33247,
      "relativeRanking" : 0.15
    }, {
      "datum" : 33383,
      "relativeRanking" : 0.2
    }, {
      "datum" : 33482,
      "relativeRanking" : 0.25
    }, {
      "datum" : 33512,
      "relativeRanking" : 0.3
    }, {
      "datum" : 33537,
      "relativeRanking" : 0.35
    }, {
      "datum" : 33581,
      "relativeRanking" : 0.4
    }, {
      "datum" : 33689,
      "relativeRanking" : 0.45
    }, {
      "datum" : 33776,
      "relativeRanking" : 0.5
    }, {
      "datum" : 33910,
      "relativeRanking" : 0.55
    }, {
      "datum" : 33981,
      "relativeRanking" : 0.6
    }, {
      "datum" : 34201,
      "relativeRanking" : 0.65
    }, {
      "datum" : 34417,
      "relativeRanking" : 0.7
    }, {
      "datum" : 35087,
      "relativeRanking" : 0.75
    }, {
      "datum" : 35425,
      "relativeRanking" : 0.8
    }, {
      "datum" : 37425,
      "relativeRanking" : 0.85
    }, {
      "datum" : 37494,
      "relativeRanking" : 0.9
    }, {
      "datum" : 37679,
      "relativeRanking" : 0.95
    } ],
    "numberValues" : 40
  }, {
    "maximum" : 9223372036854775807,
    "minimum" : -9223372036854775808,
    "rankings" : [ ],
    "numberValues" : 0
  }, {
    "maximum" : 9223372036854775807,
    "minimum" : -9223372036854775808,
    "rankings" : [ ],
    "numberValues" : 0
  }, {
    "maximum" : 9223372036854775807,
    "minimum" : -9223372036854775808,
    "rankings" : [ ],
    "numberValues" : 0
  } ],
  "failedMapAttemptCDFs" : [ {
    "maximum" : 9223372036854775807,
    "minimum" : -9223372036854775808,
    "rankings" : [ ],
    "numberValues" : 0
  }, {
    "maximum" : 9223372036854775807,
    "minimum" : -9223372036854775808,
    "rankings" : [ ],
    "numberValues" : 0
  }, {
    "maximum" : 9223372036854775807,
    "minimum" : -9223372036854775808,
    "rankings" : [ ],
    "numberValues" : 0
  }, {
    "maximum" : 9223372036854775807,
    "minimum" : -9223372036854775808,
    "rankings" : [ ],
    "numberValues" : 0
  } ],
  "successfulReduceAttemptCDF" : {
    "maximum" : 150138,
    "minimum" : 147270,
    "rankings" : [ {
      "datum" : 147270,
      "relativeRanking" : 0.05
    }, {
      "datum" : 147270,
      "relativeRanking" : 0.1
    }, {
      "datum" : 147270,
      "relativeRanking" : 0.15
    }, {
      "datum" : 147270,
      "relativeRanking" : 0.2
    }, {
      "datum" : 147270,
      "relativeRanking" : 0.25
    }, {
      "datum" : 148073,
      "relativeRanking" : 0.3
    }, {
      "datum" : 148073,
      "relativeRanking" : 0.35
    }, {
      "datum" : 148073,
      "relativeRanking" : 0.4
    }, {
      "datum" : 148694,
      "relativeRanking" : 0.45
    }, {
      "datum" : 148694,
      "relativeRanking" : 0.5
    }, {
      "datum" : 148694,
      "relativeRanking" : 0.55
    }, {
      "datum" : 148901,
      "relativeRanking" : 0.6
    }, {
      "datum" : 148901,
      "relativeRanking" : 0.65
    }, {
      "datum" : 148901,
      "relativeRanking" : 0.7
    }, {
      "datum" : 149130,
      "relativeRanking" : 0.75
    }, {
      "datum" : 149130,
      "relativeRanking" : 0.8
    }, {
      "datum" : 149130,
      "relativeRanking" : 0.85
    }, {
      "datum" : 149777,
      "relativeRanking" : 0.9
    }, {
      "datum" : 149777,
      "relativeRanking" : 0.95
    } ],
    "numberValues" : 7
  },
  "failedReduceAttemptCDF" : {
    "maximum" : 9223372036854775807,
    "minimum" : -9223372036854775808,
    "rankings" : [ ],
    "numberValues" : 0
  },
  "mapperTriesToSucceed" : [ 1.0 ],
  "failedMapperFraction" : 0.0,
  "relativeTime" : 0,
  "clusterMapMB" : -1,
  "clusterReduceMB" : -1,
  "jobMapMB" : 200,
  "jobReduceMB" : 200
}